well_id,n_typewell_rows,n_horizontal_rows,n_known_rows,n_prediction_rows,prediction_fraction,prediction_md_start,prediction_md_end,prediction_md_horizon,known_tvt_min,known_tvt_max,known_tvt_range,last_known_tvt,prediction_tvt_min,prediction_tvt_max,prediction_tvt_range,prediction_tvt_std,prediction_tvt_change,prediction_gr_mean,prediction_gr_std,prediction_gr_range,prediction_gr_missing_fraction,typewell_tvt_min,typewell_tvt_max,typewell_tvt_range,typewell_gr_mean,typewell_gr_std,gr_mean_difference,formation_marker_count,formation_marker_coverage,Bias_Formation_Marker_Baseline,Bias_Last_Known_TVT,Bias_Linear_Extrapolation_10,Bias_Linear_Extrapolation_100,Bias_Linear_Extrapolation_50,Bias_Z_to_TVT_Linear_Model,MAE_Formation_Marker_Baseline,MAE_Last_Known_TVT,MAE_Linear_Extrapolation_10,MAE_Linear_Extrapolation_100,MAE_Linear_Extrapolation_50,MAE_Z_to_TVT_Linear_Model,RMSE_Formation_Marker_Baseline,RMSE_Last_Known_TVT,RMSE_Linear_Extrapolation_10,RMSE_Linear_Extrapolation_100,RMSE_Linear_Extrapolation_50,RMSE_Z_to_TVT_Linear_Model,best_baseline_rmse,best_baseline_model,difficulty_group
000d7d20_,1296,5278,1442,3836,0.726790450928382,12909.0,16744.0,3835.0,11236.02,11756.12,520.1000000000004,11747.37,11734.83,11750.03,15.200000000000728,5.091294404678386,-10.06000000000131,97.91243002801158,15.572113919283384,169.34254102513,0.47340980187695514,11223.95,11871.45,647.5,83.25763888888889,26.251320837149905,14.654791139122693,23016,1.0,675.6697880511517,5.445565693431345,27.072292966636965,29.377486125456624,37.475533520500946,-58.280021846090555,675.6697880511517,6.134966110532169,27.08822120627835,29.38431393495293,37.475533520500946,58.280021846090555,760.5518160060432,7.454442102844319,32.107815976447796,34.76235079281408,44.09440636770479,64.62759529912027,7.454442102844319,RMSE_Last_Known_TVT,Moderate
00bbac68_,1946,7559,1545,6014,0.7956078846408255,13123.0,19136.0,6013.0,11406.63,12225.05,818.4200000000001,12223.54,12189.820000000002,12240.01,50.18999999999869,15.054524327105778,-6.740000000001601,88.06952898382865,15.698113909489079,181.1815901171728,0.13834386431659462,11394.45,12366.95,972.5,92.3441726618705,27.661227042563564,4.274643678041855,36084,1.0,711.2268970021431,2.521854007316989,53.740490370620996,25.348535375452265,41.82370514789918,-103.27802280379811,711.2268970021431,12.104334885267482,53.83392986029821,25.95146604625117,41.994753017554665,103.27802280379811,806.0411655174834,15.263052288602681,68.07597275271704,36.47567818558895,54.643155698705144,115.59151370179744,15.263052288602681,RMSE_Last_Known_TVT,Difficult
00e12e8b_,2556,6384,2083,4301,0.6737155388471178,12539.0,16839.0,4300.0,10606.18,11604.820000000002,998.6400000000012,11604.820000000002,11587.05,11616.64,29.590000000000146,7.888945447809058,-8.450000000000728,38.159914210877226,10.020574987112493,72.78417579132103,0.09718670076726342,10593.95,11871.45,1277.5,95.76901408450705,23.50127945482738,57.60909987362982,25806,1.0,-1222.2882867651729,0.7603417809825593,90.05943269081347,79.73385825264747,91.39465054456204,-100.60126503228135,1222.2882867651729,6.519876772843751,90.05945326390075,79.74011497254858,91.39465727171698,100.60126503228135,1281.9894376060984,7.92458894231589,106.49474391910924,94.60386283103423,108.0328792073174,107.21385008563801,7.92458894231589,RMSE_Last_Known_TVT,Moderate
015fe0d2_,1265,5950,1654,4296,0.7220168067226891,13488.0,17783.0,4295.0,11747.26,12241.19,493.9300000000003,12233.78,12232.92,12271.53,38.61000000000058,12.088720643862397,23.979999999999563,94.68280935673957,15.39163033221542,168.68256751239824,0.3202979515828678,11734.95,12366.95,632.0,81.7350118577075,27.57992420521143,12.947797499032063,25776,1.0,677.4438727432542,-19.749576350092607,43.53351455886268,35.856285246115604,44.46400756344087,79.1513706458457,677.4438727432542,19.800242085660624,43.5335183679028,35.87855946163737,44.46400834811228,79.1513706458457,774.0036157023115,23.154889673287215,52.00311673009258,43.268443384774436,53.06469677249864,88.81159878646632,23.154889673287215,RMSE_Last_Known_TVT,Difficult
01869cd4_,1052,6850,1293,5557,0.8112408759124088,12549.0,18105.0,5556.0,11358.27,11745.94,387.6700000000001,11745.94,11728.75,11767.75,39.0,9.633812517883776,3.4499999999989086,87.52697932586509,19.292457923558846,114.26674197247587,0.5112470757603024,11345.95,11871.45,525.5,76.89226235741445,24.329897776188858,10.634716968450633,33342,1.0,311.48287731851354,-4.467759582508185,-1.7729717027054954,36.99912268574921,19.186768148714958,85.69060297520258,311.48287731851354,8.635673924779429,7.0036414891918595,36.99912268574921,19.186768148714958,85.69060297520258,347.5873244291661,10.618593023436276,8.80378454152798,41.398682801765034,21.548786688145295,95.05785863687204,8.80378454152798,RMSE_Linear_Extrapolation_10,Moderate
01982c1d_,2213,5587,1646,3941,0.70538750671201,11667.0,15607.0,3940.0,9927.92,10695.87,767.9500000000007,10694.08,10682.86,10700.87,18.01000000000022,5.60778706794162,-11.219999999999345,47.30778558626893,8.23692223257298,77.28287180002326,0.15808170515097691,9915.37,11021.27,1105.8999999999996,94.23446452779032,34.78919487251967,46.926678941521395,23646,1.0,753.4534138792095,2.9473560010147337,52.16262872916316,39.92610721614349,46.93496512466088,-92.54452368784287,753.4534138792095,5.776277594519081,52.22413033234768,40.135636020584386,47.050138992756786,92.54452368784287,842.1410713350042,6.33452473981023,60.48417150314965,46.427202495585924,54.474243892328474,102.79134278786907,6.33452473981023,RMSE_Last_Known_TVT,Easy
028d7b28_,1774,7761,1527,6234,0.8032470042520293,13424.0,19657.0,6233.0,11874.64,12427.92,553.2800000000007,12427.92,12410.84,12437.08,26.23999999999978,7.1700078887113365,0.8600000000005821,49.33857393117094,14.740356402327338,238.52289154715652,0.23307667629130574,11862.45,12748.95,886.5,83.02681510710259,25.105197003510742,33.68824117593165,37404,1.0,1285.8333972042508,1.806828681424373,73.60379838005144,115.01912646116342,93.54441211490224,157.34579001711688,1285.8333972042508,5.793652550529349,73.60379838005144,115.01912646116342,93.54441211490224,157.34579001711688,1430.747508953907,7.393605105422137,84.04520932678449,131.74884138144017,107.00049978565589,174.0364521490542,7.393605105422137,RMSE_Last_Known_TVT,Moderate
02e7fe5a_,1006,6888,1780,5108,0.7415795586527294,13255.0,18362.0,5107.0,11356.13,12178.98,822.8500000000004,12178.98,12175.21,12199.39,24.18000000000029,5.214137164585556,18.93000000000029,69.90244208045617,9.416102445387033,69.38951944069568,0.6366483946750195,11782.62,12285.1,502.47999999999956,63.92459244532803,19.94089088622225,5.977849635128138,30648,1.0,1030.5959770823154,-6.604598668755465,78.85503769360488,85.5129859396745,81.95221909822193,-70.93579086983968,1030.5959770823154,6.944919733751464,78.85966095836,85.51339691898701,81.95452368871916,70.93579086983968,1114.3932879859512,8.414429717261077,92.42063963133828,100.0958719334338,95.9908014616985,75.73112997788073,8.414429717261077,RMSE_Last_Known_TVT,Moderate
0390d174_,1709,6101,1690,4411,0.7229962301262088,12048.0,16458.0,4410.0,10114.85,10620.96,506.10999999999876,10620.96,10607.69,10639.09,31.399999999999636,8.351822654178013,-2.0899999999983265,30.90347461658936,7.212788090317892,66.72583207009956,0.4978462933575153,10102.6,10956.570000000002,853.9700000000012,69.85925687536572,29.05788732885667,38.95578225877635,26466,1.0,668.6202020510983,1.676087055088481,51.41135978268508,61.95290253667923,58.99183351354261,97.78990612650327,668.6202020510983,7.240213103604261,51.41135978268508,61.95290253667923,58.99183351354261,97.78990612650327,736.4268171076465,8.517417217402954,58.77705549102749,70.84297521662735,67.44987943016443,106.86185421804628,8.517417217402954,RMSE_Last_Known_TVT,Moderate
03a935ae_,1616,4430,1644,2786,0.6288939051918736,13952.0,16737.0,2785.0,12192.18,12837.98,645.7999999999993,12792.17,12738.58,12792.15,53.56999999999971,16.299210735016253,-49.599999999998545,87.26968609805482,16.536548409320705,106.74009929573711,0.04055994256999282,12179.95,12987.45,807.5,84.53152227722772,28.872973773467507,2.738163820827097,13930,0.8333333333333334,877.2153892800898,31.036238334529738,3.1662383345840177,2.8046725379551467,3.8253487787533538,-53.29998583559072,877.2153892800898,31.036238334529738,4.6670854271484945,4.593437918667033,4.860104107416201,53.29998583559072,954.6459801705008,35.05448621305352,5.875162602593484,5.71237106912778,6.2332218258374725,57.742210206542815,5.71237106912778,RMSE_Linear_Extrapolation_100,Easy
044af7d1_,1503,6067,1548,4519,0.7448491841107632,12988.0,17506.0,4518.0,11313.18,11850.28,537.1000000000004,11850.28,11846.820000000002,11870.04,23.219999999999345,5.908734627763532,6.869999999998981,112.1377512715124,16.50367510704914,101.5910640769806,0.6589953529541934,11300.9,12051.84,750.9400000000005,89.56046573519627,32.48636375685138,22.577285536316126,27114,1.0,499.4832005061656,-7.904093826067218,124.4086334464421,83.64712969629286,77.31499861081295,71.42821573378099,499.4832005061656,8.178508519583561,124.40863738939005,83.69283649998934,77.38304976513649,71.42821573378099,559.1692117742147,9.868136513863366,145.04391163934963,98.03834025756875,90.74172254530136,79.47800671801619,9.868136513863366,RMSE_Last_Known_TVT,Moderate
0498acab_,1914,6432,1634,4798,0.7459577114427861,12544.0,17341.0,4797.0,10650.9,11400.71,749.8099999999995,11400.71,11393.85,11416.25,22.399999999999636,5.2545596954798945,-6.599999999998545,83.96483884352847,9.945847990229593,74.58603754809006,0.47457273864110044,10638.42,11594.55,956.1299999999992,85.15380877742948,32.539295579149396,1.1889699339010065,28788,1.0,1157.951295408129,-2.889470612756329,125.37471120703269,122.91977721203762,131.44796276056348,81.1664557566405,1157.951295408129,4.847002917882889,125.37471120703269,122.91977732634666,131.44796276056348,81.1664557566405,1312.679849689551,5.996139045372776,146.7155455704257,143.8832436785031,153.72272471872188,90.8761985023943,5.996139045372776,RMSE_Last_Known_TVT,Easy
052d64df_,2170,4590,2145,2445,0.5326797385620915,12540.0,14984.0,2444.0,10522.89,11445.25,922.3600000000006,11440.240000000002,11431.5,11456.35,24.850000000000364,7.379621844988665,9.609999999998763,85.33445146448541,12.144131701993425,89.38514667073079,0.2752556237218814,10510.42,11594.55,1084.1299999999992,88.2105069124424,31.942426830650195,2.876055447956986,14670,1.0,631.6117163404471,-0.5179672801621039,-3.4828157641214665,-2.938575260956257,-4.070980485368055,-70.52445532916187,631.6117163404471,5.660822085889979,6.158202019961785,6.02167768389001,6.324605243301316,70.52445532916187,685.7412303372417,7.3962717049147795,9.150918444832854,8.755195553546718,9.606504124774194,75.22440438747803,7.3962717049147795,RMSE_Last_Known_TVT,Moderate
05948241_,1900,5428,1549,3879,0.7146278555637435,11771.0,15649.0,3878.0,10026.56,10838.61,812.0500000000011,10837.56,10826.41,10841.42,15.010000000000218,3.8756711052849275,3.860000000000582,81.31386692571425,16.359423306013735,82.81670993370858,0.5986078886310905,10014.47,10963.71,949.2399999999998,90.09732631578946,34.9810096680672,8.783459390075208,23274,1.0,1179.8610507086414,3.152897654033911,-62.33679931633833,-11.56362919865435,-41.340874254777475,-97.84812543101452,1179.8610507086414,4.229989688063631,62.33684937610063,12.11036857031725,41.4146386565006,97.84812543101452,1333.1331385122821,4.995769989509691,73.59110108095835,15.497850927949015,49.41636082022918,109.5879702287508,4.995769989509691,RMSE_Last_Known_TVT,Easy
059c8f24_,1634,7998,1740,6258,0.7824456114028507,11571.0,17828.0,6257.0,9556.52,10306.23,749.7099999999991,10300.070000000002,10294.81,10326.13,31.31999999999971,7.503875980709116,26.05999999999767,80.11283131412748,11.816064580827778,79.75095487871482,0.43528283796740175,9544.45,10362.45,818.0,85.45225214198285,24.289553868595565,5.339420827855378,37548,1.0,1339.6716153117545,-7.923155960369353,101.13517737425607,91.35138199342697,97.88925892555592,170.58489172714317,1339.6716153117545,9.025370725470564,101.13521950215052,91.3516454291665,97.88937066421113,170.58489172714317,1458.674704280006,10.912174729109239,116.83431752226268,105.55290199136986,113.0911987601275,184.18537061645947,10.912174729109239,RMSE_Last_Known_TVT,Moderate
05a0ee4d_,1843,6098,1750,4348,0.7130206625122991,12720.0,17067.0,4347.0,11142.98,11927.5,784.5200000000004,11927.5,11887.87,11929.08,41.20999999999913,13.403054804817423,-31.700000000000728,101.06595437880011,16.27292672764236,118.44033388813942,0.35970561177552896,11130.9,12051.84,920.9400000000005,95.28601736299512,32.12367171673098,5.77993701580499,26088,1.0,850.6100954250745,12.527079116835182,80.5296245714279,56.94938049699592,66.06415666775658,-123.41567675835907,850.6100954250745,12.701789328426742,80.5296245714279,56.95213845393237,66.06510048241218,123.41567675835907,934.0610820963717,18.344706956532814,95.24497103773994,68.16288840582988,78.619443834496,132.89692960555982,18.344706956532814,RMSE_Last_Known_TVT,Difficult
060ab2b8_,1082,7818,1560,6258,0.8004604758250192,11948.0,18205.0,6257.0,10009.16,10950.59,941.4300000000003,10950.59,10943.63,10970.71,27.079999999999927,6.047134789662014,15.170000000000073,83.54674841132764,12.29531229889994,92.27291279500392,0.5749440715883669,9997.22,11077.56,1080.3400000000001,91.88214417744916,28.788970650336356,8.335395766121522,37548,1.0,814.5845688681725,-6.731267178012116,34.805732821401016,44.964166815415204,28.64823750383765,-107.89807492701945,814.5845688681725,7.921228827101297,35.026227025196036,45.069875200731,29.009732974509692,107.89807492701945,913.7501538197963,9.048312196834127,41.5233233662926,53.15988601753286,34.50051288533995,120.34503948375055,9.048312196834127,RMSE_Last_Known_TVT,Moderate
06df5958_,1234,5039,1530,3509,0.6963683270490176,12302.0,15810.0,3508.0,10768.09,11338.8,570.7099999999991,11338.8,11332.240000000002,11343.09,10.849999999998545,2.9521241574905153,3.5200000000022555,77.2319163805603,12.41066373724616,66.63195731980089,0.18922770019948704,10755.95,11372.45,616.5,87.96239870340357,23.09848260956608,10.730482322843258,21054,1.0,669.4092990177236,0.9089512681666895,0.9089512685481999,49.5920088739078,5.415066514208143,73.2160408448981,669.4092990177236,2.412080364776067,2.4120803648216764,49.5920088739078,5.503533843326765,73.2160408448981,751.7311427348061,3.0884860085517194,3.0884860086439154,56.936915313156405,6.582909607277416,81.25767196079323,3.0884860085517194,RMSE_Last_Known_TVT,Easy
071d7b45_,1088,4720,1509,3211,0.6802966101694915,11892.0,15102.0,3210.0,10128.63,10530.11,401.4800000000014,10530.11,10530.15,10553.96,23.80999999999949,5.015618474886426,13.159999999999854,80.81025764031132,11.619536749456062,76.08081151301026,0.15384615384615385,10125.070000000002,10668.02,542.9499999999989,64.90039522058824,22.147474493282377,15.909862419723083,19266,1.0,516.1592102549579,-16.364649641855674,44.2740170256629,53.776641447242845,42.2456744878253,-106.24272074725837,516.1592102549579,16.364649641855674,45.07894372642886,53.9634889402641,43.20493240338398,106.24272074725837,577.5587787669194,17.11579247751261,57.434094011518106,68.251466774682,55.13302353484204,117.22642782807867,17.11579247751261,RMSE_Last_Known_TVT,Difficult
0849b4e2_,2288,7436,1899,5537,0.7446207638515331,12981.0,18517.0,5536.0,11050.65,11948.09,897.4400000000005,11944.08,11908.15,11951.15,43.0,11.874524096022432,-33.030000000000655,65.52342492537547,12.463946284300514,130.99542777616435,0.2499548491963157,11038.45,12181.95,1143.5,82.42093094405595,22.757766043954398,16.897506018680488,33222,1.0,866.3819033076278,8.440014448256925,-12.03380373411851,-21.9425535085703,-16.158544975366883,91.33941691089477,866.3819033076278,9.379115044247689,12.035185556678194,21.9425535085703,16.15854618516993,91.33941691089477,992.9183332919627,14.567522114617379,13.443168189299495,23.80850076702503,17.59673969237672,101.13886796171145,13.443168189299495,RMSE_Linear_Extrapolation_10,Moderate
084d66f9_,2060,5632,1747,3885,0.6898082386363636,11972.0,15856.0,3884.0,10128.06,11007.1,879.0400000000009,11007.070000000002,10983.47,11028.1,44.63000000000102,9.306867896825532,-23.600000000002183,71.03361393559356,14.90542296029186,106.63181198348965,0.6463320463320463,10115.96,11145.28,1029.3200000000015,80.67446116504856,25.48520091567712,9.640847229454991,23310,1.0,-669.1497602759483,-5.267410553409179,8.39246823479873,-7.360114243791599,-2.1222230383844796,76.65237134145968,669.1497602759483,8.28724066923996,8.92747145611107,9.45095307466607,7.11748579066585,76.65237134145968,709.2268407510726,10.693040191903986,14.87554863036152,11.912431307219583,9.740414730198934,84.76134418570258,9.740414730198934,RMSE_Linear_Extrapolation_50,Moderate
08fecf00_,4437,7405,1831,5574,0.7527346387575962,12985.0,18558.0,5573.0,11229.55,12149.94,920.3900000000012,12148.1,12139.070000000002,12155.05,15.979999999997744,4.366691403861274,-7.440000000000509,62.920241640998775,8.388410879666617,58.28197087999938,0.28238249013275923,11217.12,12325.65,1108.5299999999988,83.12580347081361,25.089404187692033,20.205561829814833,33444,1.0,-54.26315025369988,1.8950430570508021,-25.979956941769768,-27.414770924358006,-26.55418863583997,90.29587511268525,75.98505217512408,3.7481575170434698,25.979956941769775,27.414770924358006,26.55418863583997,90.29587511268525,94.02001801199006,4.759806836739511,31.55223154016789,33.191686387910316,32.20815134232622,98.8850851094371,4.759806836739511,RMSE_Last_Known_TVT,Easy
09053135_,1856,7715,1808,5907,0.765651328580687,12790.0,18696.0,5906.0,10676.97,11462.56,785.5900000000001,11461.63,11460.990000000002,11486.67,25.679999999998472,5.068392802443179,11.06000000000131,76.28690689308044,16.69758321540509,103.25256531065656,0.4218723548332487,10664.45,11591.95,927.5,83.95696659482759,30.459618979357188,7.6700597017471495,35442,1.0,1261.0313099560778,-12.254980531573667,-46.091707804106846,-41.94866297982867,-50.90734355672577,99.83010369143179,1261.0313099560778,12.283340104961095,46.09171777686644,41.948750631011244,50.90734744752536,99.83010369143179,1433.643590765715,13.261553626472297,50.150446864228975,45.43825271933696,55.64298232465908,111.48620003285218,13.261553626472297,RMSE_Last_Known_TVT,Moderate
09441b8d_,2055,7395,1907,5488,0.7421230561189993,12294.0,17781.0,5487.0,10351.68,11219.51,867.8299999999999,11212.2,11178.02,11212.75,34.72999999999956,9.694398673562372,-6.8700000000008,85.7718913230267,16.59844195815369,93.7136511307613,0.11716472303206997,10339.45,11366.45,1027.0,85.83227250608273,28.65695937273276,0.06038118305603746,32928,1.0,759.1149291034282,12.652649416910203,30.616649417761412,27.95844512651931,34.604695755369754,-110.57909726446728,759.2494896025106,12.67259110787227,30.61664955028195,27.95844743939637,34.604695755369754,110.57909726446728,885.3225195795219,15.9390645279074,33.839238610801715,30.967730591910424,38.205025680450795,122.90618881227034,15.9390645279074,RMSE_Last_Known_TVT,Difficult
0955cd6c_,3602,7125,1930,5195,0.7291228070175438,13374.0,18568.0,5194.0,11438.21,12185.47,747.2600000000002,12184.63,12169.98,12190.06,20.079999999999927,5.679301574839499,-10.839999999998327,90.19144404899022,12.69330207258094,73.61165858064727,0.6454282964388836,11425.84,12325.65,899.8099999999995,81.10171016102166,27.09670427624186,9.089733887968563,31170,1.0,368.7964838311275,5.667599615013482,7.084690522607276,-1.0382491698498044,7.636216181591215,75.65498374130807,368.7964838311275,6.652188642925418,7.8325853867859205,3.584236836692072,8.299045492911574,75.65498374130807,432.56371293729046,8.023088122545198,9.437648088225728,4.484561701013687,10.00647607959674,84.19860096937744,4.484561701013687,RMSE_Linear_Extrapolation_100,Easy
09ec2ca9_,1784,7824,1939,5885,0.7521728016359919,12409.0,18293.0,5884.0,10243.31,11056.25,812.9400000000005,11053.11,11039.46,11059.02,19.56000000000131,5.578646970366207,-10.480000000001382,111.79118364182503,11.672028769251524,77.27015198110958,0.5604078164825829,10230.95,11122.45,891.5,126.59091928251122,50.14957800336991,14.799735640686194,35310,1.0,1146.8668223523357,2.548613423959661,79.06661342447698,49.538248527498794,77.06551474457167,-96.40209196819339,1146.8668223523357,4.493126593033173,79.08578555701578,49.679316650317666,77.0907924819161,96.40209196819339,1317.2164680836238,6.13281698431714,92.7478053940489,58.712956278742205,90.43987754398879,109.35228036021259,6.13281698431714,RMSE_Last_Known_TVT,Easy
0a57a29c_,1395,7194,1373,5821,0.8091465109813734,12085.0,17905.0,5820.0,10681.71,11200.06,518.3500000000004,11195.4,11187.76,11210.09,22.329999999999927,4.06270830878985,14.69000000000051,83.96318880226555,13.438121771069312,92.30646149372336,0.5299776670675141,10669.45,11366.45,697.0,72.22206451612904,23.88872288851041,11.741124286136511,34926,1.0,590.5593358737707,-5.642482391342186,-22.40278542319522,-51.805370180136315,-47.69647278750407,-116.75346634892715,590.5593358737707,6.273264043979104,22.50120014936829,51.805370180136315,47.69647278750407,116.75346634892715,684.5621997487267,6.952723985070934,25.85593122522747,59.716955118453676,54.97843254379548,132.77183839539308,6.952723985070934,RMSE_Last_Known_TVT,Moderate
0bbf5e67_,1609,6031,1733,4298,0.7126513016083568,11953.0,16250.0,4297.0,10180.13,10972.06,791.9300000000003,10947.13,10915.93,10947.06,31.1299999999992,6.436060861524754,-20.899999999999636,80.92175531324544,10.862653859493978,106.94354826407346,0.5274546300604932,10167.95,10971.95,804.0,88.26904288377875,22.47005560095979,7.347287570533311,25788,1.0,1256.0844750913716,17.213520241972052,-130.12493430260068,-130.54825617567283,-130.36139572443827,78.45880939644975,1256.0844750913716,17.213520241972052,130.12494860100588,130.54826846497994,130.36140886324426,78.45880939644975,1399.8289014187033,18.377119492009776,153.36232106284686,153.8505719406407,153.6350504633082,86.27400491713877,18.377119492009776,RMSE_Last_Known_TVT,Difficult
0be01c24_,2003,6385,1647,4738,0.742051683633516,12441.0,17178.0,4737.0,10548.98,11311.85,762.8700000000008,11306.28,11301.68,11322.65,20.969999999999345,4.798412396794258,6.579999999999927,75.665604571568,8.113204466909979,49.37573538531689,0.03503588011819333,10536.92,11537.41,1000.4899999999998,93.4584323514728,33.809939466554205,17.792827779904798,28428,1.0,-912.2318773134016,-6.740084423807008,25.140461031076757,-5.143640019372328,19.5024836434154,102.60328888870526,912.2318773134016,7.232942169691444,25.22225020180004,5.81044020503829,19.698182906151324,102.60328888870526,983.600828217,8.273369324203173,30.5467373879679,6.876860669533305,24.144132175248618,113.2427261403226,6.876860669533305,RMSE_Linear_Extrapolation_100,Moderate
0c1b160c_,1464,6714,1660,5054,0.752755436401549,12102.0,17155.0,5053.0,10592.33,11169.47,577.1399999999994,11159.320000000002,11153.72,11180.9,27.18000000000029,7.670077486547629,-5.600000000002183,111.1465335398722,17.041831744906194,104.39105928076474,0.5209734863474476,10580.03,11311.5,731.4699999999993,101.41101092896174,41.35631124967907,9.73552261091045,30324,1.0,665.5445679290551,-3.5049742777983948,-12.23633791317506,-20.94222180257424,-17.10917475805641,85.63679533180617,665.5445679290551,5.408021369212404,12.255443859864695,20.94222302971714,17.111869645587895,85.63679533180617,742.9169705429871,8.432276859497074,14.754036731108668,23.79539898709972,19.694262433658725,94.691506017255,8.432276859497074,RMSE_Last_Known_TVT,Moderate
0d99f8e4_,1459,7522,1699,5823,0.7741292209518745,12133.0,17955.0,5822.0,10649.92,11200.01,550.0900000000001,11199.34,11180.96,11203.73,22.770000000000437,7.067206880355427,-10.680000000000291,86.24390074560213,13.911097799318703,74.02510338685484,0.5399278722308088,10637.45,11366.45,729.0,73.01137765592873,23.69581618959106,13.232523089673407,34938,1.0,1351.7697744511543,6.1123475871543675,45.291983950005736,4.145327845115915,29.199998007417506,101.67840997989249,1351.7697744511543,7.638134981968062,45.29344805004894,6.7914508434671435,29.28666654966061,101.67840997989249,1507.336332474522,9.343320012239094,51.56005544998802,8.131349331972922,33.27290321306633,112.75242454197688,8.131349331972922,RMSE_Linear_Extrapolation_100,Moderate
0dc5e64d_,1573,6191,1312,4879,0.7880794701986755,12104.0,16982.0,4878.0,10348.58,10865.14,516.5599999999995,10861.64,10849.09,10915.05,65.95999999999913,16.219570939312607,53.409999999999854,67.73658786923058,26.771670852129876,177.89431284386905,0.011477761836441894,10336.45,11122.45,786.0,118.75450095359186,48.245623897671834,51.01791308436128,29274,1.0,670.4377470417029,-7.829247796680386,13.021661294398367,-53.99934800668124,8.543650162594727,111.99501967211297,670.4377470417029,12.774826808772422,14.352255790232734,53.99934800668124,11.866018376169116,111.99501967211297,743.1044807114646,18.008822359134772,19.26527841549234,65.9243087623416,16.227924681510522,123.48584458257152,16.227924681510522,RMSE_Linear_Extrapolation_50,Difficult
0dc835f3_,1194,5279,851,4428,0.8387952263686305,11509.0,15936.0,4427.0,10437.3,10687.83,250.53000000000065,10687.83,10668.34,10694.58,26.23999999999978,6.5283151252580165,-19.48999999999978,45.9491168760105,21.452187676277557,104.44167715967033,0.03342366757000903,10424.81,11021.27,596.460000000001,68.81492462311557,24.268495444042927,22.865807747105073,26568,1.0,581.0850893768326,3.1081233062328404,50.61921421532802,51.762940677976154,49.5663660433803,-112.69765643003934,581.0850893768326,6.202129629629617,50.61921421532802,51.762940677976154,49.566366863003545,112.69765643003934,688.1931952930754,7.2297789729208715,57.260623469523125,58.57165616948011,56.0541593996093,133.17216902066076,7.2297789729208715,RMSE_Last_Known_TVT,Moderate
0dd99dc5_,1992,9182,1840,7342,0.7996079285558702,13715.0,21056.0,7341.0,11765.77,12581.48,815.7099999999991,12581.48,12572.14,12601.48,29.340000000000146,7.2441146065831985,-0.2600000000002183,76.89534291623492,16.19236071302368,88.97224532935886,0.476436938163988,11753.45,12748.95,995.5,85.1135843373494,24.842655401086105,8.21824142111447,44052,1.0,1957.1278752459234,-3.9165186597663064,118.24429952303895,97.70416822884172,107.13115024761764,-153.99505302570532,1957.1278752459234,5.960528466358144,118.25220145711633,97.72655570581341,107.14614131775875,153.99505302570532,2208.2420331894464,8.234632190411654,137.5165679046197,113.84051552802364,124.70481502205587,171.39868923845398,8.234632190411654,RMSE_Last_Known_TVT,Moderate
0e5e560d_,1833,4896,1643,3253,0.6644199346405228,12208.0,15460.0,3252.0,10218.990000000002,11012.59,793.5999999999985,11012.59,11004.41,11029.34,24.93000000000029,6.480245830093997,-6.729999999999563,126.97501110638056,17.989009006904947,136.223684901597,0.2846603135567169,10206.45,11122.45,916.0,128.45308237861428,50.753587521813344,1.47807127223372,19518,1.0,968.7227532082346,-7.99898247771289,68.91374479543443,39.15101866240533,57.78572532542238,-89.64377704920592,968.7227532082346,9.51943744236091,69.15987284505745,40.53170940610594,58.33249073727372,89.64377704920592,1056.748389017331,10.293900986020363,84.39326284052137,50.36231607387775,71.6321372142733,95.75339821813543,10.293900986020363,RMSE_Last_Known_TVT,Moderate
109d9d70_,2992,5851,1636,4215,0.7203896769782943,13642.0,17856.0,4214.0,11590.81,12229.89,639.0799999999999,12228.18,12216.48,12250.89,34.409999999999854,7.8053868912913345,22.709999999999127,84.78312744578436,11.982105393269764,73.46762987889582,0.4132858837485172,11578.33,12325.65,747.3199999999997,75.33989304812835,26.026410344652025,9.443234397656013,25290,1.0,860.7279701730884,-5.18734994068786,-31.377652971090523,-23.384329478623076,-28.67548055299164,-117.53503191174553,860.7279701730884,7.284341637010576,32.34223976428587,24.64903843179674,29.738497585111954,117.53503191174553,978.8048382708394,9.371137061320914,38.510891591871896,29.382542089854006,35.419162988091124,132.40730475343628,9.371137061320914,RMSE_Last_Known_TVT,Moderate
10a1281a_,1896,7353,1744,5609,0.7628178974568204,12341.0,17949.0,5608.0,10431.22,11264.570000000002,833.3500000000022,11257.52,11255.63,11265.570000000002,9.940000000002328,2.568775932525543,4.819999999999709,89.2268933676164,13.217684890460378,82.7709350125595,0.04278837582456766,10418.95,11366.45,947.5,83.39699894514769,28.485073493652514,5.829894422468712,33654,1.0,458.42638095641314,-2.509816366553439,36.080183632967994,38.5451836334095,42.00381628634894,-168.5902648389489,458.42638095641314,3.008108397218611,36.13209773206791,38.56980925132908,42.01210807105387,168.5902648389489,499.39263010333843,3.5911852573850855,42.305381756670435,45.146057926937324,49.13288030736869,180.32465155952207,3.5911852573850855,RMSE_Last_Known_TVT,Easy
10b89021_,1006,7166,1752,5414,0.7555121406642479,13176.0,18589.0,5413.0,11311.08,12161.18,850.1000000000004,12141.92,12123.06,12141.92,18.860000000000582,4.839569450221297,-4.329999999999927,76.25345962900172,11.436255807577798,108.72489294148352,0.5733284078315478,11782.62,12285.1,502.47999999999956,63.92459244532803,19.94089088622225,12.328867183673694,32484,1.0,992.6193036706318,13.903258219431017,-19.40719632627598,-31.8540604123991,-37.08745006388027,-110.98657675845405,992.6193036706318,13.903258219431017,19.914138238913697,31.896773393147043,37.10548879411192,110.98657675845405,1059.7723824962009,14.721334704881999,26.885267611772704,40.880779959076335,46.83341179504188,117.48296222188428,14.721334704881999,RMSE_Last_Known_TVT,Difficult
10be2420_,2012,5203,1932,3271,0.628675763982318,11918.0,15188.0,3270.0,9970.88,10824.63,853.75,10823.21,10802.02,10823.88,21.859999999998763,6.463338612333914,-19.669999999998254,95.62969936500153,14.41439198291209,77.4086485182747,0.5166615713848975,9958.47,10963.71,1005.2399999999998,92.69810139165011,35.65569855237365,2.9315979733514155,19626,1.0,995.5533224936889,11.578043411799644,-8.946320225511629,-11.369936666213846,-10.918233178871954,-108.60258717550404,995.5533224936889,11.62637114032317,8.946324672302989,11.3699378562075,10.918234706502266,108.60258717550404,1103.7213943440795,13.259451874685324,10.833566057699894,13.587099122305661,13.07246450520331,118.93719834847055,10.833566057699894,RMSE_Linear_Extrapolation_10,Moderate
113011eb_,1196,4561,1289,3272,0.7173865380399035,13383.0,16654.0,3271.0,12163.79,12534.990000000002,371.2000000000007,12534.83,12528.02,12548.58,20.55999999999949,5.078668962794594,-0.1000000000003638,89.93202498192242,12.665881905949774,103.70195804959671,0.5030562347188264,12151.45,12748.95,597.5,74.21729096989966,25.620383892791505,15.71473401202276,19632,1.0,542.8560522824995,-1.0127995110026504,13.269382307300411,6.125149003845502,9.99988284191156,70.30422091456943,542.8560522824995,4.0868154034229764,14.340671371517761,8.871323602602262,11.73589670643725,70.30422091456943,624.0729539121063,5.177910618587731,17.84193381191029,10.223764781562252,14.26877342494982,80.21838874881738,5.177910618587731,RMSE_Last_Known_TVT,Easy
1131525f_,1241,5548,1389,4159,0.7496395097332372,12105.0,16263.0,4158.0,10764.52,11290.35,525.8299999999999,11290.35,11290.39,11313.4,23.01000000000022,7.0601406792831005,23.039999999999054,98.79207905882801,13.611606170178803,79.81814084912685,0.35393123346958405,10752.45,11372.45,620.0,88.13779210314263,23.152441478418268,10.654286955685379,24954,1.0,451.44957376826267,-12.86002163981705,64.03694805688465,68.91911307366412,61.47563262203711,49.181232806803585,451.44957376826267,12.86002163981705,64.03697516130225,68.91911504464267,61.47570591511967,49.181232806803585,513.6554155758054,14.670165574890584,75.33811475178796,80.96175726107026,72.3886374485731,55.44272545235134,14.670165574890584,RMSE_Last_Known_TVT,Difficult
11d0f5ac_,695,6378,1495,4883,0.7656005017246785,11932.0,16814.0,4882.0,10396.33,10919.21,522.8799999999992,10917.26,10916.34,10945.1,28.76000000000022,11.031719244290084,22.610000000000582,85.30520194077792,10.455157022928235,79.99474018217191,0.4040548842924432,10384.02,11077.56,693.539999999999,77.92112230215827,25.133214161146103,7.384079638619653,29298,1.0,751.5548739697191,-19.230178169158233,-73.99017817012225,-31.34361183253202,-49.40309629649662,-106.51461118033315,751.5548739697191,19.27818963751785,73.99017817012225,31.3512504077514,49.40418689343987,106.51461118033315,840.1753055364592,22.169205194123972,84.54212624869538,35.708499839198815,56.301346591460266,117.78866711654273,22.169205194123972,RMSE_Last_Known_TVT,Difficult
12203f2a_,1940,4991,1730,3261,0.6533760769384893,12854.0,16114.0,3260.0,11224.52,12032.5,807.9799999999996,12031.41,12010.64,12031.56,20.920000000000073,6.476800749285251,-2.5899999999983265,82.02738168562335,17.54820509349439,95.10228864781018,0.291015026065624,11212.45,12181.95,969.5,80.40560824742268,23.957748023274405,1.6217734382006768,19566,1.0,403.1890355369634,12.143532658693355,-0.014830978377121563,-5.0542441789961,-5.990524484186499,-92.174877397822,403.3537871048212,12.147672493099986,4.540361350361076,6.060891159055166,6.668289321558265,92.174877397822,462.32994301830206,13.762320645487467,6.36571648482363,9.713528738526149,10.574148137991852,99.01668508145184,6.36571648482363,RMSE_Linear_Extrapolation_10,Easy
122bd617_,2363,6408,1838,4570,0.7131710362047441,11785.0,16354.0,4569.0,9795.14,10813.01,1017.8700000000008,10813.01,10795.66,10835.84,40.18000000000029,10.350482321407098,9.489999999999782,87.73700422909808,14.414101415625902,99.20323901034739,0.30459518599562363,9782.98,10963.71,1180.7299999999996,97.13354633939908,34.92361081095743,9.396542110300999,27420,1.0,984.9148920716223,-5.392921225382867,46.1347151370357,54.237714358114424,49.70381658969337,-110.49418034555227,984.9148920716223,9.133967177242846,46.20947845516296,54.237714358114424,49.70381658969337,110.49418034555227,1101.8506461550476,11.670160284769418,56.24583759715672,65.4511142768717,60.29473721089893,122.85917155448836,11.670160284769418,RMSE_Last_Known_TVT,Moderate
125be846_,1426,8033,1523,6510,0.8104070708328146,12227.0,18736.0,6509.0,10894.61,11470.87,576.2600000000002,11459.09,11432.04,11459.08,27.039999999999054,7.2044814996689635,-22.299999999999272,81.5744739425593,14.340577579985872,84.24282198938408,0.27588325652841783,10882.39,11594.55,712.1599999999999,73.78562412342215,30.07368966441014,7.788849819137141,39060,1.0,959.7008439788035,16.976098310291864,-7.292174416156827,-16.94693448301364,-5.902289444942145,-139.65234306382828,959.7008439788035,16.976098310291864,10.320031643060426,17.7124163214995,9.387703688013582,139.65234306382828,1071.1961288225261,18.441379950265283,13.509187866144064,23.58946737539245,12.211833550249175,153.86771920716566,12.211833550249175,RMSE_Linear_Extrapolation_50,Moderate
1285a37b_,2011,7403,1806,5597,0.7560448466837768,13812.0,19408.0,5596.0,11880.83,12760.31,879.4799999999996,12755.8,12745.38,12756.11,10.730000000001382,2.2125120590690903,-4.18999999999869,86.2338148623949,9.067552803913932,65.63417530167854,0.0418081114882973,11868.45,12873.45,1005.0,94.14689706613625,25.4284007400752,7.913082203741354,33582,1.0,663.6644175496078,5.089044130783481,26.802498675755565,30.55011865819702,31.571011477734682,-122.22566865278733,663.6644175496078,5.098252635339538,26.802502812170637,30.5501196267627,31.57101205530357,122.22566865278733,754.4715726216516,5.549117512133954,29.857263384803662,34.164529232393704,35.33871924598534,137.9517741698504,5.549117512133954,RMSE_Last_Known_TVT,Easy
1295a25b_,1336,7037,1486,5551,0.7888304675287765,12548.0,18098.0,5550.0,11216.43,11771.75,555.3199999999997,11752.77,11739.61,11771.84,32.22999999999956,8.138737885937985,-6.720000000001164,83.88209404141571,15.834986745437481,97.78034718661304,0.44550531435777335,11203.95,11871.45,667.5,84.23887724550899,26.495418761885826,0.3567832040932757,33306,1.0,336.91371634811964,-5.309340659340366,-100.87103762716251,23.323521026831866,-17.836998762490538,95.49960898988107,336.91371634811964,8.37123221041238,100.87103804204818,23.323521026831866,17.970153939229228,95.49960898988107,386.89100166061826,9.716800903498608,113.78981168521103,31.369837344039613,19.81500716382728,106.5146115517129,9.716800903498608,RMSE_Last_Known_TVT,Moderate
12f0cd90_,1392,7431,1484,5947,0.8002960570582694,12294.0,18240.0,5946.0,10854.83,11396.76,541.9300000000003,11394.42,11370.97,11406.14,35.17000000000007,7.890171861602849,-11.219999999999345,93.613982530718,16.33863656225549,116.49026964623089,0.2914074323188162,10842.320000000002,11537.41,695.0899999999983,79.54806034482759,31.02308556201128,14.065922185890415,35682,1.0,999.9453233101526,-0.2953405078191329,-95.4633405074864,-41.938300363802604,-87.46460149234584,176.8651375995449,999.9453233101526,6.239994955439722,95.52292483572035,42.37448895389419,87.55566928360504,176.8651375995449,1106.0457125747596,7.895034499573364,110.23260875169414,48.78971430883319,101.02273125950656,194.13156567317262,7.895034499573364,RMSE_Last_Known_TVT,Moderate
137d1e44_,1998,6313,1759,4554,0.7213686044669729,13650.0,18203.0,4553.0,11887.070000000002,12754.28,867.2099999999991,12750.83,12739.83,12792.81,52.97999999999956,18.819287374401398,28.280000000000655,84.9734676908721,11.909000920929762,103.96672600873762,0.4857268335529205,11874.95,12873.45,998.5,94.13341841841842,25.503711648265195,9.159950727546317,27324,1.0,1107.1144758360451,-16.474857268335754,55.16287000330686,56.2201001273809,52.5774116393016,-91.35688619509901,1107.1144758360451,21.009209486166085,55.16301700694011,56.220174051136915,52.577755095788284,91.35688619509901,1295.5652649466913,25.010172511867026,61.801451452485054,63.00014002300766,58.87387015355234,106.06564801702598,25.010172511867026,RMSE_Last_Known_TVT,Difficult
13ce113d_,2191,4875,1909,2966,0.6084102564102564,11905.0,14870.0,2965.0,10284.0,11190.53,906.5300000000007,11186.15,11181.41,11195.79,14.380000000001019,3.3408978438016055,9.640000000001237,88.63791132212323,13.009002159400845,72.19835087778314,0.19116655428186108,10271.45,11366.45,1095.0,87.39066636239161,28.490483982316377,1.247244959731617,17796,1.0,-556.378418778621,-0.5228995279843035,3.5230095635922245,9.38152153414078,6.397725922114611,-72.91850861862449,556.378418778621,2.6264463924476575,3.615722124005505,9.38152153414078,6.3977263738124845,72.91850861862449,584.3736816717308,3.381014512965784,4.198457838592285,10.195707916423608,6.967875073522182,77.82569215070353,3.381014512965784,RMSE_Last_Known_TVT,Easy
13f598d9_,1781,8934,1628,7306,0.817774792925901,13621.0,20926.0,7305.0,11871.070000000002,12518.61,647.539999999999,12518.61,12518.66,12544.53,25.8700000000008,5.831044865510598,18.079999999999927,87.55888823021147,12.162861418808724,78.51144665653119,0.556118258965234,11858.95,12748.95,890.0,83.1072318921954,25.08891800942871,4.451656338016065,43836,1.0,1532.5301560862167,-14.003202846974638,191.69991836310987,176.5838772610713,190.94542788535827,-142.8691220020042,1532.5301560862167,14.003202846974638,191.70533811773498,176.6186860869305,190.9518306081117,142.8691220020042,1730.2284476478444,15.16858992587756,226.26756936270587,208.83188149928785,225.39723095985062,159.1281594935404,15.16858992587756,RMSE_Last_Known_TVT,Difficult
14a53cb3_,1959,8780,1861,6919,0.7880410022779043,12288.0,19206.0,6918.0,10384.42,11197.08,812.6599999999999,11180.84,11180.6,11200.97,20.36999999999898,4.612199798613304,11.780000000000655,126.77845578204592,23.288683922855906,134.1583351613423,0.13079924844630728,10372.33,11350.94,978.6100000000006,124.49183767228178,33.269021021768495,2.2866181097641487,41514,1.0,2203.319518331093,-7.667499638676098,-63.44689357799319,-117.42725361405954,-91.0215164455354,-100.1882455341776,2203.319518331093,7.6706156959098015,63.44689357799319,117.42725361405954,91.0215164455354,100.1882455341776,2486.1657330362336,8.94761773897247,71.56546010169683,133.79022376628484,103.3358654581981,112.42907982299727,8.94761773897247,RMSE_Last_Known_TVT,Moderate
14ab73fb_,1449,5279,1630,3649,0.6912293995074825,12310.0,15958.0,3648.0,10652.3,11312.62,660.3200000000015,11311.54,11281.2,11311.53,30.329999999999927,7.072352220999107,-30.340000000000146,93.20390962429923,21.13835125550125,134.30912057815635,0.4097012880241162,10639.95,11372.45,732.5,92.58523119392684,24.105303684244138,0.618678430372384,21894,1.0,-175.5842985591228,13.023165250754353,0.7458925225104354,-7.315537119490001,-12.646894773222575,4.6852462962720836,306.4396214462706,13.023165250754353,7.688137422482519,11.54175689971197,15.396266108893863,11.881617909505042,357.25181395021247,14.81915286795364,9.763368623811978,15.241354083621678,20.44690034615507,13.498087793495959,9.763368623811978,RMSE_Linear_Extrapolation_10,Moderate
14ad5efb_,1401,7352,1510,5842,0.794613710554951,12364.0,18205.0,5841.0,10850.09,11404.28,554.1900000000005,11404.28,11388.37,11413.59,25.219999999999345,6.2129309355240165,3.399999999999636,92.56596213271732,11.885894132363775,92.8372850318159,0.20386853817185896,10837.820000000002,11537.41,699.5899999999983,79.9086438258387,31.2473427512904,12.657318306878622,35052,1.0,874.2789857007178,-1.0379082505986044,-1.03790825127606,18.193678488135262,2.058250453096922,154.06993052933808,874.2789857007178,5.136004792878963,5.136004793354186,18.193678488135262,3.8858500185268685,154.06993052933808,972.5991669913271,6.298504340917485,6.2985043412877975,20.008562098106665,5.579615922600759,170.30369498222896,5.579615922600759,RMSE_Linear_Extrapolation_50,Easy
14fee784_,1382,6406,1496,4910,0.7664689353730877,11813.0,16722.0,4909.0,10343.29,10893.45,550.1599999999999,10880.95,10845.71,10897.9,52.19000000000051,16.8781452528452,7.489999999999782,78.96071778806227,16.48379136931937,85.20984552148619,0.6004073319755601,10330.820000000002,11021.27,690.4499999999989,76.33709117221417,30.67165743734805,2.623626615848096,29460,1.0,771.2641888524469,13.19070672097817,-8.387929643033958,-31.521789678653096,-27.380166748384713,-114.62632420035577,771.2641888524469,17.724824847250833,15.982505338610967,31.52922305592178,27.704500943492082,114.62632420035577,883.2579511784697,21.419815878785553,24.117201689437337,45.74217018950276,41.43692596745209,130.12366058594125,21.419815878785553,RMSE_Last_Known_TVT,Difficult
153552f5_,2115,6498,1803,4695,0.7225300092336103,13052.0,17746.0,4694.0,11322.13,12087.59,765.460000000001,12085.88,12074.11,12091.11,17.0,4.552461361645514,-7.229999999999563,40.635254362440996,9.841315665336385,60.97643419000339,0.2078807241746539,11309.95,12366.95,1057.0,92.8943498817967,26.714273249719607,52.259095519355704,28170,1.0,728.0354233104971,2.433103301383496,-22.32762397098754,-38.13622259117494,-40.84789357742627,-99.96683062761595,728.312974016366,4.055646432374504,22.329825539387272,38.13622259117494,40.84789357742627,99.96683062761595,835.872335710369,5.161441840641978,24.628584628081803,42.800216695930295,45.92372511664222,110.16952767665666,5.161441840641978,RMSE_Last_Known_TVT,Easy
1550491d_,1197,5929,1366,4563,0.7696070163602631,12812.0,17374.0,4562.0,10952.23,11383.7,431.47000000000116,11383.7,11353.490000000002,11383.94,30.44999999999891,7.457933521765568,-16.200000000000728,97.91807115741905,12.902408263903439,98.64209382023033,0.037256191102344946,10939.79,11537.41,597.619999999999,72.92989974937343,27.40008409081843,24.988171408045616,27378,1.0,647.7405737765012,19.81009642778932,29.90621764061637,32.31583984217057,30.977377100060213,-128.95511117583513,647.7405737765012,19.816561472715875,29.90622149241509,32.31583984217057,30.97737765949503,128.95511117583513,719.0468062277803,21.167156242041475,32.18390487145681,34.87487039956692,33.378283298220744,142.54692305823897,21.167156242041475,RMSE_Last_Known_TVT,Difficult
155887bb_,2122,7062,1477,5585,0.7908524497309544,12962.0,18546.0,5584.0,11318.79,12304.29,985.5,12294.490000000002,12285.94,12321.1,35.159999999999854,8.106323208326074,26.609999999998763,95.1368563880045,17.76730916924314,147.2850724908998,0.2712623097582811,11306.45,12366.95,1060.5,92.90491988689915,26.670854444006842,2.231936501105352,33510,1.0,824.601662159519,-8.566302596238465,-138.5677571407411,-117.03710421637855,-147.09910259619267,-82.09470732026229,841.4252730818243,10.329951656220976,138.57149338229803,117.07026615822015,147.09910302591516,82.09470732026229,970.5882833378897,11.793313793912793,160.65015278663122,135.80682455215188,170.4954909844859,90.8449246278848,11.793313793912793,RMSE_Last_Known_TVT,Moderate
1590af81_,1219,5231,1432,3799,0.7262473714394954,12751.0,16549.0,3798.0,10995.25,11457.62,462.3700000000008,11446.95,11438.13,11457.37,19.2400000000016,5.160069780716976,4.679999999998472,84.60537322123145,17.983949096008512,96.06270142586345,0.2082126875493551,10982.95,11591.95,609.0,67.24182116488926,24.06122909265253,17.363552056342186,22794,1.0,657.1406594340727,-2.074645959462466,46.40414191891062,68.60056556167123,69.3735653250305,-102.24346506853668,657.1406594340727,4.827322979731312,46.4685224018166,68.60056556167123,69.3735653250305,102.24346506853668,723.5898492773189,5.560887269871239,55.57603353068104,81.11779311402361,82.00827126443288,111.34838546008672,5.560887269871239,RMSE_Last_Known_TVT,Easy
15e154a1_,3707,7699,1631,6068,0.788154305753994,11953.0,18020.0,6067.0,10222.41,10928.69,706.2800000000007,10928.69,10928.740000000002,10965.7,36.95999999999913,7.304418273027179,17.63000000000102,93.01331328640066,11.980921426655057,84.56429766310947,0.48599208965062624,10209.95,11136.45,926.5,93.57840841650932,38.070400802616966,0.5650951301086593,36408,1.0,872.2798112341951,-22.048216875411637,116.80314676218272,126.815631099391,122.60089741027103,85.56974097031282,872.2798112341951,22.048216875411637,117.06912416972548,126.93878223498565,122.78027559176157,85.56974097031282,998.9035591845641,23.22648490243106,141.47674322005992,152.99428375843567,148.1451758319108,96.4042476748869,23.22648490243106,RMSE_Last_Known_TVT,Difficult
1619e2ca_,1655,6002,1559,4443,0.7402532489170277,12678.0,17120.0,4442.0,10777.41,11457.43,680.0200000000004,11455.88,11444.44,11473.490000000002,29.05000000000109,7.278451126534445,4.920000000000073,83.5429716597321,17.682011818380126,94.67145826883316,0.3968039612874184,10764.95,11591.95,827.0,79.7680241691843,29.571568282535402,3.7749474905478024,26658,1.0,603.558553139679,-2.8404839072707917,-149.49248390781023,-17.273150573951373,-66.22910239472242,74.95462406619983,603.558553139679,6.565543551654492,149.49248660868804,17.906565617142853,66.25925408343291,74.95462406619983,676.0378071220676,7.812315673810556,172.56864037230486,21.017043407520475,76.61727067279273,82.38843754323192,7.812315673810556,RMSE_Last_Known_TVT,Moderate
16e4a047_,4060,5684,1553,4131,0.7267769176636172,12909.0,17039.0,4130.0,11154.66,12018.4,863.7399999999998,12014.59,11999.92,12014.54,14.6200000000008,2.6762463819427778,-8.5,90.4521680650434,11.062733718446342,91.81619080380923,0.5727426773178407,11142.2,12156.95,1014.75,85.07382019704433,29.577967101023102,5.378347867999068,24786,1.0,744.4580300795295,10.375904139433532,-114.46058070881787,-70.00928589957931,-118.7121409986649,-53.56236786153729,744.4580300795295,10.375904139433532,114.46058070881787,70.05990119465997,118.7121409986649,53.56236786153729,879.0558690976828,10.715407020528387,134.51166666081565,83.2341546007809,139.4179475416829,62.90274289246061,10.715407020528387,RMSE_Last_Known_TVT,Moderate
173ed841_,1827,6530,1647,4883,0.7477794793261868,13853.0,18735.0,4882.0,11972.59,12727.42,754.8299999999999,12724.83,12718.68,12763.96,45.279999999998836,10.802359496820952,9.610000000000582,86.35516774426073,15.864148492401444,93.45154932414101,0.38951464263772273,11960.45,12873.45,913.0,92.35642036124794,25.81145758805406,6.001252616987216,29298,1.0,1435.088985762093,-13.871103829613146,10.548896170306941,25.5961001307979,7.915171320524688,-111.70437138058129,1435.0911822742682,14.848126151955919,11.228318656501116,25.5961001307979,9.52355440677143,111.70437138058129,1617.4312191452511,17.58051747694951,15.749385738313402,31.657283557025803,13.346456028406234,124.95713228063255,13.346456028406234,RMSE_Linear_Extrapolation_50,Moderate
1770d7c6_,1955,9121,1881,7240,0.7937726126521215,13855.0,21094.0,7239.0,11784.08,12579.06,794.9799999999996,12579.06,12569.72,12599.15,29.43000000000029,8.632196185975376,-9.239999999997963,74.9811146614596,11.869411454324995,93.49664036362363,0.04599447513812155,11771.95,12748.95,977.0,84.89750895140665,24.896241353989296,9.91639428994705,43440,1.0,1215.4844455147204,-8.808783149171921,44.0724592739619,41.821079647125856,45.53957243288178,-164.6057919166539,1215.4844455147204,10.730482044199373,44.072465769860116,41.821109941486796,45.53957518284365,164.6057919166539,1367.8208670931353,12.332849608315879,55.96683985885386,53.41755934030522,57.63049876037987,183.24998164251951,12.332849608315879,RMSE_Last_Known_TVT,Moderate
177622d7_,1268,4699,1545,3154,0.6712066397105767,13327.0,16480.0,3153.0,11745.83,12296.02,550.1900000000005,12294.39,12275.0,12294.52,19.520000000000437,6.614551179025191,-7.180000000000291,94.82524640872151,12.102760841149841,70.45488718922161,0.5630944831959417,11733.45,12366.95,633.5,81.81294952681388,27.593744909748185,13.01229688190763,18924,1.0,215.30984721826155,7.232457197209152,-24.317542802916087,-13.525701068654206,-18.645360329809627,-61.851689635493535,215.71394204440844,7.238753963220623,24.317986683702216,13.594305798663772,18.668585679809986,61.851689635493535,257.25676647387684,9.800349606500166,27.82845755255491,15.61206578657586,21.372443337175415,67.05844237248992,9.800349606500166,RMSE_Last_Known_TVT,Moderate
18d24f7b_,1649,6260,1702,4558,0.728115015974441,12334.0,16891.0,4557.0,10554.77,11207.8,653.0299999999988,11207.68,11193.64,11213.23,19.590000000000146,5.848019843824542,-14.040000000000873,80.50978707898929,13.42338780868806,84.0289744151539,0.13097849934181657,10542.45,11366.45,824.0,78.13483929654336,26.758112017240542,2.374947782445929,27348,1.0,564.9629732173325,4.744493198771564,5.987856835653325,4.856519031346718,5.148399801537339,-108.8581655748565,564.9629732173325,6.261254936375679,7.202429494991252,6.345287314214663,6.564934955875475,108.8581655748565,638.1262697499593,7.530076271970659,8.815061716246495,7.643654564959237,7.941846412310866,118.24450636773204,7.530076271970659,RMSE_Last_Known_TVT,Moderate
19137a89_,1572,7958,1691,6267,0.7875094244785122,11748.0,18014.0,6266.0,10349.41,11044.66,695.25,11041.54,11041.570000000002,11082.56,40.98999999999796,9.96868210966052,39.73999999999978,128.88190374546022,35.79152379785709,209.47683421425785,0.057124621030796234,10336.95,11122.45,785.5,118.71714376590329,48.238213509299364,10.164759979556933,37602,1.0,884.2948193775596,-15.131846178394037,71.29057806438527,70.38300626686531,72.29960544212996,124.35055097162981,884.2948193775596,15.131846178394037,71.2905795149851,70.38300909085282,72.29960627624052,124.35055097162981,983.107476851241,18.119920942456794,82.84229556249113,81.79700679560614,84.00451232085335,136.66149917987659,18.119920942456794,RMSE_Last_Known_TVT,Difficult
1944513c_,2235,6599,1877,4722,0.7155629640854675,12737.0,17458.0,4721.0,10433.02,11333.2,900.1800000000003,11312.41,11310.26,11328.03,17.770000000000437,4.105251440528738,9.330000000001746,77.26405574159604,7.664252260357314,46.15951532793953,0.03748411689961881,10420.95,11537.41,1116.4599999999991,96.22736017897091,33.23996179020457,18.963304437374873,28332,1.0,-1017.8727504809465,-4.010434138077376,-34.63837353186959,-35.44892138680704,-33.83167159305712,-118.20188042432747,1017.8727504809465,4.301090639559704,34.63890127435167,35.44904913452463,33.832664921926145,118.20188042432747,1074.0141264172028,5.738736995920461,38.77593473684633,39.70472956280934,37.851893959013516,127.26832829686275,5.738736995920461,RMSE_Last_Known_TVT,Easy
197f8a5a_,2157,8248,1938,6310,0.7650339476236664,11997.0,18306.0,6309.0,10045.1,10949.52,904.4200000000001,10949.52,10944.28,10996.44,52.159999999999854,13.712372217243157,3.709999999999127,111.43469030291048,16.04308375361936,103.65498766490074,0.5215530903328051,10032.64,11110.62,1077.9800000000014,116.0491608715809,32.403718824901745,4.614470568670413,37860,1.0,2264.942192233353,-20.443242472265965,-15.66218186403864,-12.635439141963776,-12.645786049493664,-126.07704245598995,2264.942192233353,21.31314738510283,16.94010637084006,14.319002328705693,14.327749589933445,126.07704245598995,2473.483668202413,24.61555435098563,20.000258352901028,17.3539295942578,17.362464835090258,136.7282009505489,17.3539295942578,RMSE_Linear_Extrapolation_100,Difficult
19871e7f_,2077,7152,1859,5293,0.7400727069351231,13597.0,18889.0,5292.0,11723.09,12553.16,830.0699999999997,12553.16,12545.820000000002,12563.17,17.349999999998545,5.1943706855764855,-5.969999999999345,92.53310934376151,14.210373582745389,100.6751846030038,0.14358586812771584,11710.95,12748.95,1038.0,85.42102551757343,24.395144249730276,7.112083826188083,31758,1.0,658.8477252661039,1.299093141885221,23.918911324217746,19.03454906751093,20.637128195827675,-119.95747299521514,658.8477252661039,4.804829019459664,23.92004324802751,19.042278581365345,20.642120885395606,119.95747299521514,726.854162039272,5.353880109906093,29.442706928412512,23.882738087392692,25.703156918870224,131.67502843327003,5.353880109906093,RMSE_Last_Known_TVT,Easy
198a5607_,1987,8094,1843,6251,0.7723004694835681,12134.0,18384.0,6250.0,10330.96,11182.62,851.6600000000017,11166.35,11147.78,11171.68,23.899999999999636,7.210340811616249,5.329999999999927,111.87884286311159,18.224371855947293,115.62182782783438,0.26907694768836987,10318.55,11311.5,992.9500000000007,118.82162556618016,47.05276467081269,6.942782703068573,37506,1.0,-356.69590986309277,6.849771236602367,14.427953055608294,15.983356115076365,14.948100168101197,-128.6126701770808,356.69590986309277,7.484626459766532,14.465025330093026,16.001590201393444,14.978119283218955,128.6126701770808,364.0818016017084,9.944851115115334,17.6778543889724,19.37237969528008,18.24236610454206,143.05468051959994,9.944851115115334,RMSE_Last_Known_TVT,Moderate
19fb4f7b_,2445,7923,2303,5620,0.7093272750220876,13999.0,19618.0,5619.0,11663.9,12789.34,1125.4400000000005,12766.14,12741.46,12775.240000000002,33.780000000002474,10.247162007309074,-10.68999999999869,75.17118560627696,8.017475097418535,64.71514057567995,0.04306049822064057,11651.45,12873.45,1222.0,96.58616768916156,24.15251003677703,21.414982082884592,33720,1.0,636.9907961511373,4.242617437721659,-99.6607158969779,-99.12627398137167,-99.9719371840912,-131.64880726195776,641.0235497866972,9.225731316725843,99.89396964438647,99.37147831173445,100.19839258732074,131.64880726195776,768.0673579998728,11.089880426882702,118.50622661071195,117.89176979902936,118.86405551476383,147.5727825080586,11.089880426882702,RMSE_Last_Known_TVT,Moderate
1a518997_,1900,6544,1938,4606,0.7038508557457213,12316.0,16921.0,4605.0,10429.25,11200.63,771.3799999999992,11200.63,11200.65,11215.37,14.720000000001164,2.3791815004321952,14.7400000000016,73.22825818392612,13.096788600836744,83.61432154411281,0.4066435084672167,10416.95,11366.45,949.5,83.47477894736843,28.50572856894783,10.24652076344232,27636,1.0,667.5559935419375,-10.494446374295334,31.387371807147886,37.75423751411087,30.31925974819605,67.76724872983206,667.5559935419375,10.494446374295334,32.020142106771225,38.17172729369206,30.99210324112813,67.76724872983206,784.8659064003791,10.76070073803029,39.050045040726545,46.35369689982352,37.82658973930032,78.65885733363844,10.76070073803029,RMSE_Last_Known_TVT,Moderate
1a68190b_,2059,6502,2028,4474,0.6880959704706244,14132.0,18605.0,4473.0,11965.5,12796.820000000002,831.3200000000015,12793.43,12791.96,12823.96,32.0,9.194933670407071,7.619999999998981,77.16258323679891,14.780719260509102,122.24290662466393,0.275592311130979,11952.95,12981.95,1029.0,86.14311801845555,25.039251922197785,8.980534781656644,26844,1.0,769.9532972176064,-13.618994188645333,27.87646035774555,17.364305391304306,31.134229100607186,91.43446667856105,769.9532972176064,13.714631202503197,27.87646035774555,18.44805883169261,31.134229100607186,91.43446667856105,864.5074827011741,16.431826147748733,37.527355315243085,26.186153399446418,41.13443246946116,100.70324250339607,16.431826147748733,RMSE_Last_Known_TVT,Difficult
1a730ac2_,1277,6049,1444,4605,0.7612828566705241,12699.0,17303.0,4604.0,10969.14,11387.92,418.78000000000065,11387.92,11387.96,11417.12,29.160000000001673,7.096348177491008,13.909999999999854,91.73764163763651,15.007765043917024,104.15007126748117,0.2985884907709012,10956.86,11594.55,637.6899999999987,68.58623335943618,26.664443464735182,23.151408278200336,27630,1.0,634.0371290953269,-14.730525515743853,97.48838357454724,61.42338975579803,108.18940389595909,77.9389400066619,634.0371290953269,14.730525515743853,97.48838357454724,61.43436796767782,108.18940389595909,77.9389400066619,720.0897522660822,16.350400725581075,117.34385030583003,75.95148875866273,129.65634043483027,87.25768858801837,16.350400725581075,RMSE_Last_Known_TVT,Difficult
1aaf1da0_,1812,6321,1517,4804,0.7600063281126404,12887.0,17690.0,4803.0,11158.88,11907.18,748.3000000000011,11897.740000000002,11895.27,11913.53,18.26000000000022,5.626128537968692,14.799999999999272,98.86273351139863,17.53408310687624,131.94263018633654,0.2670691090757702,11146.4,12051.84,905.4400000000005,95.04061810154526,32.336027286742734,3.8221154098533674,28824,1.0,1053.9014225230378,-7.390799333886973,-4.333072060302247,4.920841830192184,-2.0055076171903283,-122.27364606142588,1053.920184749873,7.7373646960855575,5.109274164774534,5.341325359405062,3.3067390100016016,122.27364606142588,1230.0111450134204,9.288199403984146,6.182077232128217,6.684584662592261,4.283828825690786,138.41270812634724,4.283828825690786,RMSE_Linear_Extrapolation_50,Easy
1b08ed48_,1498,7175,1557,5618,0.7829965156794425,13135.0,18752.0,5617.0,11543.46,12123.65,580.1900000000005,12122.9,12104.05,12125.36,21.31000000000131,6.00827210046797,-12.8799999999992,86.64273577789773,12.767139700550437,79.96716056078742,0.5802776788892845,11530.95,12279.45,748.5,82.20941255006676,27.125132428688907,4.433323227830968,33708,1.0,1108.773858145101,10.200831256674466,22.63074034877406,9.896026216137475,17.20670568648585,-93.76317768933811,1108.773858145101,10.44722855108537,22.729488075225856,10.146706392891902,17.364349632009564,93.76317768933811,1243.0805874429013,11.838490879530399,25.858994989597548,11.504960971213443,19.68216210404697,104.20896016894501,11.504960971213443,RMSE_Linear_Extrapolation_100,Moderate
1b1c5372_,1284,5792,1531,4261,0.7356698895027625,11918.0,16178.0,4260.0,10327.61,10870.68,543.0699999999997,10870.68,10835.48,10881.58,46.100000000000364,14.298408748129287,-25.590000000000146,72.91894540214045,12.102156432364792,92.87100442629897,0.30274583431119456,10315.09,10956.570000000002,641.4800000000014,57.96904984423676,22.572409379408082,14.949895557903695,25566,1.0,1276.8494614669635,10.659866228584988,40.4938662285578,38.62129713166982,39.200428533534364,102.37335597216709,1276.8494614669635,13.441194555268806,41.058605961016404,39.288895979290125,39.83582992480511,102.37335597216709,1447.3730850243699,17.833374900392585,50.74457147586903,48.616297700800104,49.27419628748308,115.17569141052296,17.833374900392585,RMSE_Last_Known_TVT,Difficult
1b1eba53_,2414,6710,2055,4655,0.6937406855439643,13875.0,18529.0,4654.0,11793.02,12726.15,933.1299999999992,12726.15,12726.19,12825.070000000002,98.88000000000102,25.360118168905316,70.95000000000073,86.5313698272924,17.142167891269995,103.16772776877669,0.16305048335123523,11780.95,12987.45,1206.5,92.0510811930406,27.519640892348118,5.519711365748208,23275,0.8333333333333334,-281.5723436596913,-65.93120515574701,16.748067571280238,-25.64346438169584,-10.044672622805889,1.5107711971440572,281.5723436596913,65.93120515574701,22.84956242537987,25.831292689766258,14.258359899514605,14.308366037065245,283.6029476540569,70.63937461968057,31.124787561417598,27.451697546076872,16.60062696570033,16.84818672193451,16.60062696570033,RMSE_Linear_Extrapolation_50,Difficult
1b6ba517_,2086,8611,2014,6597,0.7661131111369179,13404.0,20000.0,6596.0,11172.71,12063.35,890.6400000000012,12061.48,12048.19,12066.7,18.51000000000022,3.7688345963964145,5.130000000001019,87.19777171953368,14.36934456503176,80.18815370593464,0.42382901318781263,11160.45,12202.95,1042.5,96.54558485139023,34.84517573988738,9.347813131856554,39582,1.0,96.90570927092298,6.850075792026098,-44.534348451716056,-42.85109630517762,-44.235711482806735,-131.70834268013166,147.63686991242525,7.082978626647934,44.53435756513308,42.85111609662471,44.23572221517608,131.70834268013166,182.27179571724486,7.818279827064867,52.657083557598654,50.718859416123934,52.31318131790315,145.7032616556198,7.818279827064867,RMSE_Last_Known_TVT,Moderate
1b82b665_,1685,5364,1558,3806,0.709545115585384,11761.0,15566.0,3805.0,10126.72,10847.28,720.5600000000013,10845.95,10834.91,10853.320000000002,18.410000000001673,5.825988535972458,-7.890000000001237,72.8249341693125,11.47622076402925,69.37310255361663,0.0651602732527588,10114.6,10956.570000000002,841.9700000000012,69.43486646884273,29.04179271202315,3.3900677004697712,22836,1.0,1081.0268904353638,1.8322858644251683,-41.1983504984913,-23.613048789043226,-33.76065050997823,100.07961615436956,1081.0268904353638,5.3279506043090645,41.239569466953455,24.23303973611479,33.926814746774376,100.07961615436956,1183.7799046021023,6.106594455886377,50.30137898334482,30.247332956180284,41.79002710972811,108.20024293680697,6.106594455886377,RMSE_Last_Known_TVT,Easy
1bcb2fcf_,1474,6202,1678,4524,0.7294421154466301,13415.0,17938.0,4523.0,11929.01,12562.490000000002,633.4800000000014,12555.66,12546.35,12568.8,22.44999999999891,4.3243810423801055,13.139999999999418,90.03467941834819,13.974440304796872,92.57165394396023,0.06631299734748011,11916.55,12652.570000000002,736.0200000000023,85.57428086838534,31.386755783615367,4.4603985499628465,27144,1.0,-346.63965121182196,4.452057913350728,-69.59339663178233,-57.89383467592925,-68.85294208654724,-88.96091658520986,346.63965121182196,5.4652984084878335,69.59578952624493,57.94765074018801,68.8571931917641,88.96091658520986,360.8605043095617,6.2062031463179,83.11850117293638,69.64704827262979,82.26554275099618,98.69631664847309,6.2062031463179,RMSE_Last_Known_TVT,Easy
1beca81d_,1529,6650,1614,5036,0.7572932330827068,12247.0,17282.0,5035.0,10759.05,11368.71,609.6599999999999,11368.71,11351.69,11377.0,25.30999999999949,7.262277746145134,-3.0199999999986176,86.09521294533045,16.418939142814317,88.59022546340898,0.47934868943606035,10746.76,11510.29,763.5300000000007,78.58765206017004,28.795972743607503,7.507560885160402,30216,1.0,474.8563272771008,3.710804209689206,78.50262239099868,144.15786964622095,104.35163638250985,66.1843677862117,475.3503719406127,6.135498411437505,78.50262311307247,144.15786964622095,104.35163638250985,66.1843677862117,562.4031502374472,8.154769966888065,91.83632596481688,167.54915722556248,121.63088755496686,76.82274407654036,8.154769966888065,RMSE_Last_Known_TVT,Moderate
1d3fbf02_,1191,4252,1558,2694,0.6335841956726247,12498.0,15191.0,2693.0,11288.85,11763.2,474.35000000000036,11761.8,11751.85,11767.08,15.229999999999563,4.745514910914853,5.280000000000655,82.84741620365422,9.291599248314188,58.22329375402862,0.3593170007423905,11276.45,11871.45,595.0,80.41809403862301,25.153522735953388,2.429322165031209,16164,1.0,299.9864594329655,3.5176243504074436,-0.4840423162765648,-12.808108322844374,-14.741728590812377,45.68142568906112,299.9864594329655,5.167654046027841,5.258422060247639,13.102304877913463,14.851997178600463,45.68142568906112,328.7842868000775,5.906372283901897,6.386526283719749,18.088170187211897,20.22049289193235,48.96835924696471,5.906372283901897,RMSE_Last_Known_TVT,Easy
1d78281a_,2153,6810,1861,4949,0.7267254038179148,13800.0,18748.0,4948.0,11918.4,12783.53,865.130000000001,12780.2,12779.09,12805.9,26.80999999999949,8.064108940875027,6.509999999998399,86.15519034947839,19.306179746409587,106.96227771351997,0.21479086684178622,11905.95,12981.95,1076.0,86.81995355318162,24.70322960422144,0.6647632037032309,29694,1.0,1134.6447394551358,-8.726241664982242,46.7737583353015,28.220243483546266,47.278284145451266,99.27076944819173,1134.6447394551358,8.793152151949363,46.7737631112893,28.238062739264436,47.278287565497806,99.27076944819173,1259.7575941351759,11.881246003992382,57.44613950722592,36.47132434025415,58.021078518177184,108.85580608401386,11.881246003992382,RMSE_Last_Known_TVT,Moderate
1e30dedf_,1342,5474,1403,4071,0.7436974789915967,11728.0,15798.0,4070.0,10298.16,10655.44,357.28000000000065,10651.68,10626.79,10651.84,25.049999999999272,7.925983180118306,0.15999999999985448,39.98821847254749,12.908843229119611,67.45693140887701,0.4750675509702776,10286.09,10956.570000000002,670.4800000000014,60.01754843517138,24.56015001087256,20.02932996262389,24426,1.0,517.7598381517827,9.192520265291236,-28.93620700680657,-24.93152389914754,-28.118340719088717,-204.61066606575378,517.7598381517827,9.193006632277234,28.941488264483574,24.942335333982964,28.1246380641432,204.61066606575378,576.5531870098854,12.137059232129838,33.867961397529804,29.323214348357997,32.938008286352854,225.89265813021822,12.137059232129838,RMSE_Last_Known_TVT,Moderate
1e5e3573_,3420,7126,1646,5480,0.7690148751052484,13088.0,18567.0,5479.0,11483.7,12215.14,731.4399999999987,12215.14,12208.21,12237.97,29.76000000000022,8.01106604214266,12.640000000001237,82.21524284658483,13.557305338083511,73.0671524876953,0.5923357664233576,11471.34,12325.65,854.3099999999995,79.4400029239766,26.711958619400743,2.775239922608222,32880,1.0,393.8673182437147,-8.829658759124822,52.62397760435053,46.92640163690945,46.18431603068074,68.45895108043327,393.8673182437147,9.876180656934864,53.54871671074737,48.0096721497859,47.28931169581155,68.45895108043327,470.1576101331941,11.921759172625736,66.85168522585218,60.369262779391576,59.52650899892448,77.2717117752315,11.921759172625736,RMSE_Last_Known_TVT,Moderate
1f9afacb_,3990,7054,1726,5328,0.755316132690672,13067.0,18394.0,5327.0,11172.070000000002,11952.77,780.6999999999989,11951.83,11950.54,11958.08,7.539999999999054,1.993995607230944,0.9900000000016007,69.20758325947655,7.927775039506197,56.18837268789375,0.44069069069069067,11159.7,12156.95,997.25,84.70725313283208,29.704031290037094,15.49966987335553,31968,1.0,631.1460270672736,-1.538534159159418,-1.5385341593592814,20.502548799166636,9.037579646370459,-99.03853038210278,631.1460270672736,1.7478885135136641,1.7478885136402613,20.502548799166636,9.03903661438289,99.03853038210278,715.8125348840117,2.518404175433652,2.518404175607006,23.61643187461981,10.4528993407023,111.36603535023568,2.518404175433652,RMSE_Last_Known_TVT,Easy
1fdbba44_,1315,6333,1422,4911,0.7754618664140218,13847.0,18757.0,4910.0,12337.28,12803.78,466.5,12803.78,12798.35,12816.12,17.770000000000437,4.631473739429587,11.269999999998618,80.06627825186004,18.780922529686045,102.56268831711407,0.19894115251476277,12324.95,12981.95,657.0,75.28486692015208,22.29573334990644,4.781411331707957,29466,1.0,1267.8011986377007,-3.5503237629805584,0.17088835921447149,4.831614430861868,-3.440644051128999,-157.06450902739337,1267.8011986377007,4.995275911219498,3.4236533938071867,5.237853096874953,4.932160183334548,157.06450902739337,1454.652652599234,5.835321753197851,4.21271044242268,7.029160529120149,5.748246335188422,179.0217731701434,4.21271044242268,RMSE_Linear_Extrapolation_10,Easy
1fee2b62_,2029,6323,1682,4641,0.7339870314724023,13253.0,17893.0,4640.0,11747.1,12510.64,763.539999999999,12510.64,12499.09,12524.86,25.770000000000437,7.88954701417267,3.650000000001455,78.880420380749,12.247275230359639,82.20269139834787,0.5850032320620556,11734.95,12748.95,1014.0,85.30304090685067,24.667678806107084,6.422620526101667,27846,1.0,815.8482059869276,-2.4861495367384987,0.4678504637362293,10.432203598601314,7.31164686188494,-94.62970771506455,815.8482059869276,7.3636069812541685,5.78929443096009,10.498661274490015,7.7868326620050405,94.62970771506455,904.1837014184266,8.271183690259376,6.956159053728623,12.347260397882662,9.559908789480211,104.57010735755034,6.956159053728623,RMSE_Linear_Extrapolation_10,Moderate
20096916_,1907,6880,1747,5133,0.7460755813953488,13000.0,18132.0,5132.0,11111.23,11917.42,806.1900000000005,11891.11,11890.12,11912.09,21.969999999999345,5.317305053209819,3.649999999999636,111.63929967457808,20.493437809205204,111.35802748122212,0.5176310150009741,11098.9,12051.84,952.9400000000005,95.778725747247,31.71527130413423,15.860573927331089,30798,1.0,725.562681753966,-9.00465225014566,76.40643865964594,48.724274182460334,71.17819672947093,-82.23079736521797,725.562681753966,9.041811805961006,76.46091752190534,49.094957143919046,71.26773229093082,82.23079736521797,865.2432514110245,10.457150039432173,89.59969920466712,57.71530729629643,83.57319295636329,96.17827926445898,10.457150039432173,RMSE_Last_Known_TVT,Moderate
200d233d_,3317,5896,1970,3926,0.6658751696065129,13344.0,17269.0,3925.0,11340.43,12056.38,715.9499999999989,12039.88,12039.89,12059.31,19.420000000000073,5.0387092705269465,10.0,84.99702789799036,11.188119865315485,77.7503764165337,0.0781966377992868,11327.95,12156.95,829.0,79.80231835996383,29.944433436105484,5.19470953802653,23556,1.0,483.5777407478467,-11.740955170658081,3.1340448305046613,-26.552684873656126,-5.95275517063919,74.919135385278,483.5777407478467,11.740955170658081,6.414417635975124,26.552684873656126,6.3135914741957855,74.919135385278,523.2905065704635,12.776233899276743,8.34221365356818,29.028972728240337,7.528312669848297,79.6049320715018,7.528312669848297,RMSE_Linear_Extrapolation_50,Moderate
201661b5_,5163,8136,2181,5955,0.7319321533923304,13846.0,19800.0,5954.0,11048.2,12192.490000000002,1144.2900000000009,12188.4,12167.570000000002,12213.54,45.969999999999345,10.472507659819026,3.2000000000007276,76.63507819677417,12.586301278142823,92.1135250025581,0.06616288832913518,11035.65,12325.65,1290.0,83.61858028278132,23.383254567481885,6.9835020860071495,35730,1.0,441.51023457164865,-6.596379513014775,-50.81516739116055,-4.0329585709248885,-8.34814421898168,-106.18472926443236,464.7947392052176,10.650921914358007,52.46484176718559,8.320761600798996,12.257655356427092,106.18472926443236,595.6937983222583,12.376074593108253,61.56117832113812,10.11095135624705,14.073142741261815,123.90607323015442,10.11095135624705,RMSE_Linear_Extrapolation_100,Moderate
203721ab_,1513,7235,1505,5730,0.7919834139599171,12080.0,17809.0,5729.0,10622.67,11203.14,580.4699999999993,11200.73,11180.62,11209.59,28.969999999999345,7.742831381499457,1.5500000000010914,80.06795828334096,12.617680546860402,93.74313863258672,0.2048865619546248,10610.45,11366.45,756.0,74.34436219431593,24.578883958522333,5.723596089025023,34380,1.0,-129.36891666553163,6.387657940662607,-39.807675391744816,-26.354182983430707,-27.537385276633874,47.72762697431206,129.36891666553163,7.912684118673349,39.807675391744816,26.354182983430707,27.537385276633874,47.74211169758148,129.64333641135153,10.037088673521446,48.35039110074473,33.15118406390689,34.475947386950004,57.588402473209435,10.037088673521446,RMSE_Last_Known_TVT,Moderate
20402d71_,1674,7930,1558,6372,0.803530895334174,11917.0,18288.0,6371.0,10286.45,10966.39,679.9399999999987,10966.39,10942.14,10967.51,25.3700000000008,5.128459371473183,-15.479999999999563,115.67628175230341,17.14039454322189,106.58727072756349,0.013339610797237916,10274.13,11110.62,836.4900000000016,106.48550776583033,29.9764528431205,9.190773986473076,38232,1.0,708.1100134370965,10.473885750156215,60.68540090265716,74.88306054765837,65.49131384132394,-84.311473051538,708.1100134370965,10.51249215316944,60.68540347071057,74.88306054765837,65.49131469952033,84.311473051538,790.6492799713553,11.661871660575386,67.42855103404084,83.74320475513656,72.9471141577753,92.32056578339952,11.661871660575386,RMSE_Last_Known_TVT,Moderate
2043abc5_,1420,8513,1555,6958,0.8173381886526488,12415.0,19372.0,6957.0,10897.61,11425.44,527.8299999999999,11420.990000000002,11419.61,11452.23,32.61999999999898,9.591574063877468,28.669999999998254,87.69252154035235,13.173891789787346,91.69546824202641,0.6724633515377982,10885.39,11594.55,709.1599999999999,73.56368309859154,29.941415901954414,14.128838441760806,41748,1.0,1437.410612179136,-15.283623167575428,47.13649804577503,4.543993874127404,33.451097600536045,-166.71819386742257,1437.410612179136,15.364537223338836,50.80195536100805,15.001649947328104,38.15712121126068,166.71819386742257,1615.324045566013,18.043675019417094,61.04548789064459,16.73193859126223,45.73500269945262,185.99947294279204,16.73193859126223,RMSE_Linear_Extrapolation_100,Difficult
204cc64b_,2198,6454,1649,4805,0.7444995351719864,13667.0,18471.0,4804.0,11787.23,12558.35,771.1200000000008,12558.35,12543.11,12569.320000000002,26.210000000000946,5.81828908966109,-14.859999999998763,48.440381022921834,9.87272683703033,82.66934295112307,0.3573361082206035,11774.95,12873.45,1098.5,94.98260236578709,24.809443361112354,46.542221342865254,28830,1.0,302.323412525427,-1.8171737773150813,45.51464440556955,40.08731065117566,43.104213977793,-100.58654072753579,311.66298937948153,4.99457232049944,45.75148519638773,40.46482219543578,43.39934209688643,100.58654072753579,369.00294502555164,6.09488008126444,55.79378958977633,49.56864399306422,53.02782267221407,110.08988363942613,6.09488008126444,RMSE_Last_Known_TVT,Easy
206b6193_,1776,8568,2033,6535,0.7627217553688141,12691.0,19225.0,6534.0,10719.490000000002,11472.14,752.6499999999978,11456.55,11386.48,11456.55,70.06999999999971,18.444890601968535,-70.06999999999971,89.74621218278604,15.09674764103573,100.1386612934663,0.04100994644223412,10707.42,11594.55,887.1299999999992,82.6431981981982,32.401336331633374,7.103013984587832,39210,1.0,1037.2375849755124,31.507857689364073,23.387372839866988,35.42357470106285,29.75341639280262,-134.84891675884313,1037.2375849755124,31.507857689364073,23.38737360034089,35.42357470106285,29.753416557103993,134.84891675884313,1151.5810370644333,36.50899923584182,27.179609704985968,41.0153104992442,34.49121486250212,148.22588648083538,27.179609704985968,RMSE_Linear_Extrapolation_10,Difficult
2075c696_,2593,5580,2392,3188,0.571326164874552,12125.0,15312.0,3187.0,10082.98,11199.27,1116.2900000000009,11192.35,11190.44,11222.56,32.11999999999898,12.083463745866002,24.479999999999563,82.31444738106075,8.978799710916686,68.88716467691776,0.0809284818067754,10070.45,11366.45,1296.0,92.54881604319321,29.529946023306106,10.234368662132468,19128,1.0,338.3967337893998,-18.26462986198222,-22.226720771114294,-23.840739402921304,-30.85907427971073,66.76636687066576,338.3967337893998,18.459673776662303,22.350534808602717,23.939333250725408,30.881707726565264,66.76636687066576,370.38022056647475,21.898881254260402,26.342465438107702,28.16466222266087,36.137323614293415,71.29468126688393,21.898881254260402,RMSE_Last_Known_TVT,Difficult
22c5f93f_,2039,6919,1747,5172,0.747506865153924,12905.0,18076.0,5171.0,11045.070000000002,11875.55,830.4799999999977,11871.94,11852.34,11878.490000000002,26.150000000001455,6.753474129934032,-10.0,114.62565959675234,19.835464145056616,123.92906734196434,0.5676720804331014,11032.9,12051.84,1018.9400000000005,97.35304070622854,31.38948730266944,17.272618890523802,31032,1.0,902.657647815393,2.164481825213034,10.629390915693396,-2.0453127142655037,6.0830448504466625,-82.9284677612887,902.657647815393,5.087034029388981,10.77310061127621,6.090855915214588,6.9090564690074805,82.9284677612887,1045.1744847813477,7.091232323797548,13.57598375746363,7.400706147086849,9.411455721268135,95.07826813184262,7.091232323797548,RMSE_Last_Known_TVT,Moderate
230eaaa3_,2184,6451,1761,4690,0.7270190668113471,12149.0,16838.0,4689.0,10515.75,11432.88,917.1299999999992,11430.25,11400.87,11484.240000000002,83.3700000000008,22.837957490274228,53.9900000000016,85.64259349432324,13.640300820102295,98.92242162852486,0.18891257995735608,10503.42,11594.55,1091.1299999999992,88.28269230769232,31.852936602617454,2.640098813369079,28140,1.0,-1043.0046204277965,-10.944695095948957,-36.67411933810061,-35.406859692401426,-36.4596804500857,93.80774801611119,1043.0046204277965,20.98941577825164,41.3882687469437,40.32275902863893,41.20768054325803,93.80774801611119,1116.3503123573673,25.322864048616943,51.905475136750646,50.51470941043724,51.66985587909216,101.4232414957403,25.322864048616943,RMSE_Last_Known_TVT,Difficult
2364716c_,3780,6093,1777,4316,0.7083538486788118,11966.0,16281.0,4315.0,10204.01,10967.56,763.5499999999993,10967.56,10961.98,10995.46,33.47999999999956,9.476278759734209,19.020000000000437,91.17362741183445,11.635845661222362,97.45795046647447,0.293790546802595,10191.7,11136.45,944.75,94.39764021164022,38.15668124827107,3.2240127998057773,25896,1.0,1044.9299158789154,-17.23518303985238,-17.235183039190545,-1.6116064422310996,-7.3180027277074196,85.32513869009298,1044.9299158789154,18.114566728452743,18.11456672781627,5.239456413945752,8.609594720427655,85.32513869009298,1203.2231464463944,19.668009235301668,19.66800923458076,6.544730537155772,9.645179762853585,97.62289998646159,6.544730537155772,RMSE_Linear_Extrapolation_100,Moderate
23b9beb0_,1422,8790,1450,7340,0.8350398179749715,12551.0,19890.0,7339.0,10893.58,11393.75,500.1700000000001,11391.0,11385.55,11403.740000000002,18.19000000000233,4.696760111920181,5.520000000000437,81.92158199185641,13.6001874302657,89.36852835939162,0.2271117166212534,10881.45,11591.95,710.5,74.15997187060478,28.147469960275025,7.7616101212516355,44040,1.0,897.0500162982268,-2.8611975476840663,-17.765652095177796,-20.445458483699465,-23.62221531464921,115.67911367944295,897.0500162982268,3.8982602179837222,17.765660632870794,20.445462120978725,23.622217324259594,115.67911367944295,1028.6992692094402,5.499363741994015,20.729834809592763,23.756647930247652,27.364313984299077,132.07659147806794,5.499363741994015,RMSE_Last_Known_TVT,Easy
24d8997e_,1782,5188,1746,3442,0.6634541249036238,12111.0,15552.0,3441.0,10473.35,11183.39,710.039999999999,11183.39,11171.34,11190.25,18.909999999999854,5.365151960979155,5.130000000001019,129.89480264659204,23.745432222641334,111.63331191075407,0.14875072632190586,10460.81,11350.94,890.130000000001,122.79572951739618,34.330418188937095,7.099073129195858,20652,1.0,-819.6112732707006,-1.7399709471244833,39.99336238620295,44.801166346588026,41.03341416686299,-60.15245164394979,819.6112732707006,4.981173736200259,39.99336238620295,44.801166346588026,41.03341416686299,60.15245164394979,892.1824902534642,5.6395027824068205,46.836178270258955,52.35437250993155,48.02926154205012,66.49037396006153,5.6395027824068205,RMSE_Last_Known_TVT,Easy
25050f63_,1743,7155,1031,6124,0.8559049615653389,11299.0,17422.0,6123.0,10252.06,10929.05,676.9899999999998,10929.05,10929.23,10977.59,48.36000000000058,8.056069601199148,39.100000000000364,117.37671731253431,17.646741320790287,129.97147006335632,0.04996734160679295,10239.63,11110.62,870.9900000000016,107.58573149741824,29.954304855202444,9.790985815116073,36744,1.0,1730.6883689066567,-37.13290333115698,562.1890663650589,745.5426779769733,623.1082731395131,-89.90127215399852,1730.6883689066567,37.13290333115698,562.1890663650589,745.5426779769733,623.1082731395131,89.90127215399852,2022.6171302815,37.996607342363916,657.1852523855134,868.8544498654159,727.5096820107732,103.6909462578801,37.996607342363916,RMSE_Last_Known_TVT,Difficult
25939962_,1863,6071,1752,4319,0.7114149234063581,13371.0,17689.0,4318.0,11448.27,12257.51,809.2399999999998,12257.09,12239.72,12274.45,34.73000000000138,10.286570058156888,1.9200000000000728,92.52527758092202,14.668694642544944,97.25677860144603,0.6225978235702709,11435.95,12366.95,931.0,92.21902844873858,28.259107539648674,0.30624913218343863,25914,1.0,-725.7044549311992,-4.172945126186627,-15.300217853316367,-14.079911822833644,-16.694203229386414,-67.99356346315771,725.7044549311992,9.734102801574442,18.259847677870166,17.293884937260326,19.37288891532912,67.99356346315771,783.9081187916817,11.099661933822553,21.43336989360443,20.159436689892257,22.907980093672176,77.39924479581104,11.099661933822553,RMSE_Last_Known_TVT,Moderate
25fd32b3_,1384,4546,1661,2885,0.6346238451385834,12212.0,15096.0,2884.0,10672.33,11196.52,524.1900000000005,11185.4,11185.0,11191.06,6.059999999999491,1.2707337051379857,2.819999999999709,137.18402040704518,26.829265417223336,143.2684148782556,0.2558058925476603,10659.79,11350.94,691.1499999999996,114.85973988439306,34.46681680710348,22.324280522652117,17310,1.0,178.40918755164094,-2.9131646447145587,6.794289900121594,2.639852637036865,1.0295340346806754,31.884937135029297,178.40918755164094,2.9289497400351503,7.058700046664543,3.0512491642789055,1.6249804722656769,31.884937135029297,188.7415491203143,3.1781649872704114,8.319234750077863,3.627530018034788,1.9514730401228486,33.52586939023085,1.9514730401228486,RMSE_Linear_Extrapolation_50,Easy
261785ee_,2537,5512,1866,3646,0.6614658925979681,12499.0,16144.0,3645.0,10336.13,11319.490000000002,983.3600000000024,11319.490000000002,11282.69,11320.17,37.47999999999956,10.587100846284594,-28.200000000000728,51.4397935690172,15.823845770182873,152.1018966276635,0.37602852441031265,10323.95,11591.95,1268.0,90.05156484036263,28.20643325286656,38.61177127134543,21876,1.0,703.5557160296354,21.069185408668485,35.54667025698854,33.8660740075455,34.6913652406276,-107.6719956491483,703.5557160296354,21.106064179924527,35.547257733509205,33.86870676361311,34.69290842940053,107.6719956491483,774.9346317120875,23.57894263400833,39.024672368883884,37.175340071098894,38.08235949519202,117.36901376523883,23.57894263400833,RMSE_Last_Known_TVT,Difficult
264feceb_,1887,7408,1743,5665,0.7647138228941684,12340.0,18004.0,5664.0,10435.77,11209.35,773.5799999999999,11199.93,11181.03,11199.91,18.8799999999992,3.0119291812571607,-9.300000000001091,81.92890387416047,11.616722222851909,70.97640347344165,0.04289496910856134,10423.45,11366.45,943.0,83.23713301536831,28.458074335842802,1.3082291412078462,33990,1.0,921.0535483781583,10.437586937334654,-35.577200941391254,-11.31012923431261,-20.524756399921653,-152.31275682700596,921.0535483781583,10.437586937334654,35.82112265098609,12.445150719371677,21.142819138948287,152.31275682700596,1015.3775174232004,10.863394363873287,43.57499265821195,16.00119364928267,26.3608634711977,166.35815415949648,10.863394363873287,RMSE_Last_Known_TVT,Moderate
26623a50_,1951,7479,1744,5735,0.7668137451530953,12612.0,18346.0,5734.0,10575.12,11387.02,811.8999999999996,11385.69,11352.33,11386.93,34.600000000000364,8.009228029119548,-16.340000000000146,98.17372849373601,16.250980945828193,121.51224560028115,0.28055797733217086,10562.92,11537.41,974.4899999999998,93.02170169144027,34.14341149606964,5.152026802295737,34410,1.0,1335.155574040232,20.141633827376136,38.2187247360898,23.12597154117845,32.55425519587876,-172.79739554319,1335.155574040232,20.204821272886132,38.235276964565266,23.179524691611068,32.582438779129056,172.79739554319,1476.4805116053292,21.675376849132046,40.61763338833531,24.58804671884676,34.44282095004679,189.651457658431,21.675376849132046,RMSE_Last_Known_TVT,Difficult
26d3a96a_,2029,6465,1744,4721,0.7302397525135345,13762.0,18482.0,4720.0,11871.68,12631.820000000002,760.1400000000012,12631.820000000002,12608.88,12647.26,38.38000000000102,6.535595223222297,-22.94000000000233,66.86907439851623,11.41154430422753,122.06846987346228,0.31709383605168395,11859.45,12873.45,1014.0,94.09224248398226,25.322260590409936,27.22316808546603,28326,1.0,2223.4453603984607,-6.280279601777882,56.82281130784324,68.12132615879962,61.14965365160322,-115.1355364290671,2223.4453603984607,7.881991103578549,56.82281269429834,68.12132615879962,61.14965426168415,115.1355364290671,2447.144066269524,9.063491001698889,69.69570685871332,82.66334205740317,74.65853600376214,125.8370555675851,9.063491001698889,RMSE_Last_Known_TVT,Moderate
272abef3_,1504,5682,1547,4135,0.7277367124252024,12672.0,16806.0,4134.0,10855.88,11455.98,600.1000000000004,11446.94,11427.58,11448.23,20.649999999999636,6.826768527558669,-1.6999999999989086,98.6381623005757,18.148338643889907,93.54895704377644,0.046674727932285366,10843.4,11594.55,751.1499999999996,76.27650265957446,31.167293592635648,22.36165964100124,24810,1.0,302.34926245378415,7.339438935913301,7.339438934353931,4.947681840234149,9.040511685056233,87.80995964266971,307.69455300898966,7.455864570737903,7.4558645692686065,6.020537415432938,9.088225730034926,87.80995964266971,376.9726148650528,10.023016592838678,10.02301659158524,8.339568239151005,11.477296306498905,99.92320064936465,8.339568239151005,RMSE_Linear_Extrapolation_100,Moderate
27300fd5_,2183,7386,1919,5467,0.74018413214189,13818.0,19284.0,5466.0,11794.58,12561.35,766.7700000000004,12560.42,12559.83,12587.45,27.6200000000008,6.028043106601328,6.299999999999272,42.73215937439891,11.946399957597034,262.437445611674,0.036948966526431315,11782.45,12873.45,1091.0,94.88427851580394,24.86527494320584,52.15211914140503,32802,1.0,1634.718212559991,-16.31156575818556,-34.70392939601502,-26.156754717093044,-30.31305915547489,-120.18489839018166,1634.718212559991,16.319493323577912,34.705649335486164,26.161032579340578,30.31603598447247,120.18489839018166,1842.0519633952206,17.389589831741016,36.89655520916411,27.514654481336056,32.04033501967204,134.17029586915075,17.389589831741016,RMSE_Last_Known_TVT,Difficult
276b012a_,1592,6291,1454,4837,0.7688761723096487,13529.0,18365.0,4836.0,11965.77,12419.46,453.6899999999987,12406.78,12406.8,12454.93,48.13000000000102,11.12741660996892,11.1299999999992,55.50036922253579,26.798473637669417,209.82147083239195,0.16001653917717593,11953.45,12748.95,795.5,80.84059045226131,25.472211077460805,25.340221229725522,29022,1.0,464.8134708581452,-24.696009923505805,23.683990076544543,13.033712968802433,17.590317087359942,105.72702197533299,464.8134708581452,24.696009923505805,29.314728137308656,22.722234059315493,25.459836803032587,105.72702197533299,490.2685783540603,27.08665184488836,38.53475133613089,27.99696175989802,32.35380177203846,110.72719658960212,27.08665184488836,RMSE_Last_Known_TVT,Difficult
27c3155b_,2505,6941,1983,4958,0.7143062959227777,13672.0,18629.0,4957.0,11737.42,12756.28,1018.8600000000006,12756.02,12732.61,12757.37,24.76000000000022,6.0320734002439025,-18.19999999999891,66.35515613751147,9.096257490687439,57.811143032883116,0.03448971359419121,11724.88,12976.83,1251.9500000000007,104.37033133732535,31.104220091781233,38.01517519981388,29748,1.0,-837.4900069732744,17.077014925373415,90.10956037889194,40.052078291726616,60.118515525800035,48.31632051092279,837.4900069732744,17.216587333602497,90.10956059892202,40.070718811898,60.12143984034224,49.055305672947114,958.1770771740473,18.11085336032788,101.24855206535959,43.777310258772474,66.74785519340848,57.81672266067417,18.11085336032788,RMSE_Last_Known_TVT,Difficult
27ebb9b9_,2190,7651,1885,5766,0.7536269768657692,13330.0,19095.0,5765.0,11120.89,11938.34,817.4500000000007,11934.83,11930.64,11955.02,24.38000000000102,7.114806355564973,1.5799999999999272,63.96988484856075,10.048181032560498,55.416779828530636,0.21574748525841136,11108.45,12202.95,1094.5,98.07298630136987,34.69689590984627,34.10310145280911,34596,1.0,565.1390552645169,-7.010927852931206,38.25128426700265,48.85353224307811,42.49527094646183,-91.00246410731759,565.1390552645169,7.817188692334504,38.25128733619615,48.85353246026943,42.49527192849877,91.00246410731759,716.2224293187605,9.988233062217338,46.50846358227707,58.61731286584734,51.347957178446734,109.50473998387133,9.988233062217338,RMSE_Last_Known_TVT,Moderate
283269ac_,2146,4567,1941,2626,0.5749945259470112,12357.0,14982.0,2625.0,10534.55,11452.21,917.6599999999999,11451.62,11449.13,11452.75,3.6200000000008004,1.0075922036155511,-0.23000000000138243,77.439664410599,11.1902983139935,127.07182859775322,0.6770753998476771,10522.42,11594.55,1072.1299999999992,88.07541006523765,32.09297496337166,10.635745654638654,15756,1.0,734.675806538726,0.48009139375545046,-8.356181332791369,-5.578717997181722,-7.684738138089196,-66.448640650057,734.675806538726,0.8202894135567507,8.43789745827007,5.790679235316497,7.792521091634979,66.448640650057,809.1370976584593,1.1159494538507433,9.987533877032941,6.808439581941162,9.217236407042183,72.17000084131935,1.1159494538507433,RMSE_Last_Known_TVT,Easy
28473855_,5139,6620,2330,4290,0.648036253776435,12491.0,16780.0,4289.0,9864.490000000002,10984.14,1119.6499999999978,10982.9,10976.88,10998.22,21.340000000000146,4.542996116712814,14.220000000001164,91.50500552932205,10.36771611076578,67.29991267734036,0.03076923076923077,9851.95,11136.45,1284.5,102.86312706752287,36.351223016044024,11.35812153820082,25740,1.0,1163.770300920486,0.19152447552396615,16.445312354176572,13.396037376791082,15.546401786470252,-105.91226288884114,1163.770300920486,3.5950116550115228,16.452463586783217,13.430884138110924,15.559827109158661,105.91226288884114,1256.2075388491014,4.546502439117813,18.700994292425598,15.307369213908798,17.69540669500056,113.59038519376712,4.546502439117813,RMSE_Last_Known_TVT,Easy
28f4eda9_,1157,6824,1558,5266,0.7716881594372802,12138.0,17403.0,5265.0,10544.87,10953.31,408.4399999999987,10928.38,10927.48,10950.35,22.8700000000008,7.517789043568728,17.070000000001528,107.23231919599263,17.33440468211505,136.30519305830097,0.23129510064565134,10532.63,11110.62,577.9900000000016,97.60873811581676,30.399461545348153,9.623581080175867,31596,1.0,709.0304785592193,-9.556959741740403,-18.17568701550507,-46.28468467427082,-18.605071386512478,-70.85184611506422,709.0304785592193,9.614935434865982,18.177808066500425,46.28468467427082,18.60690758593707,70.85184611506422,800.2515962859659,12.159025419229918,21.45166555752129,53.43392897873102,21.929751045227707,79.78245950021778,12.159025419229918,RMSE_Last_Known_TVT,Moderate
29b24409_,1830,7417,1830,5587,0.75326951597681,12360.0,17946.0,5586.0,10464.39,11202.39,738.0,11201.320000000002,11201.33,11221.92,20.590000000000146,5.273199787950521,16.429999999998472,85.60207180343743,10.807508239353153,88.08721805867982,0.5954895292643637,10451.95,11366.45,914.5,82.06567213114754,28.070120738112312,3.536399672289889,33522,1.0,1377.153209260449,-12.706237694646905,27.256428972458917,44.638747123848205,31.76431404598199,-123.84084672351062,1377.153209260449,12.706237694646905,27.256428972458917,44.638747123848205,31.76431404598199,123.84084672351062,1553.4122580650426,13.756821410921399,34.26263090787687,54.140187855341175,39.398843005410136,138.33682449301563,13.756821410921399,RMSE_Last_Known_TVT,Moderate
29de15c8_,1693,5164,1733,3431,0.6644074360960496,12820.0,16250.0,3430.0,11348.15,11992.54,644.3900000000012,11990.59,11982.35,11991.990000000002,9.640000000001237,2.6375139622035326,1.4000000000014552,83.18136208500802,12.867226256540015,71.77370655724374,0.03993004954823667,11335.95,12181.95,846.0,76.25655050206734,22.707601395646716,6.924811582940677,20586,1.0,-494.7047180765394,3.751632177207781,-33.064367823390796,-20.459361882167475,-33.791069383429374,-62.185856410970594,494.7047180765394,3.839000291460184,33.064367823390796,20.47769310721083,33.791069383429374,62.185856410970594,520.3953141169303,4.5857601721794286,38.3836705860363,23.858557696089292,39.221721570144055,67.02948474637824,4.5857601721794286,RMSE_Last_Known_TVT,Easy
2ab29395_,1052,3325,1473,1852,0.5569924812030075,13099.0,14950.0,1851.0,11853.56,12216.21,362.64999999999964,12213.59,12208.15,12215.17,7.020000000000437,1.6217278021895698,1.5799999999999272,98.10725555108625,9.95551848165466,61.54776024047898,0.35853131749460043,11841.45,12366.95,525.5,75.59138783269962,25.455487370562146,22.51586771838663,11112,1.0,204.0518739847173,1.8494168466522947,4.600841088488053,7.003569981957543,6.583131132380053,31.17868785171523,204.0518739847173,1.981587473002184,4.605887361152676,7.003569981957543,6.583131132380053,31.17868785171523,220.3114328036888,2.45945596628769,5.119335740548044,7.76653709962591,7.296519241715231,33.45082153703693,2.45945596628769,RMSE_Last_Known_TVT,Easy
2ac7cb6b_,1370,6451,1461,4990,0.7735234847310495,11885.0,16874.0,4989.0,10349.29,10881.41,532.119999999999,10880.73,10834.09,10899.91,65.81999999999971,17.183274937336968,-46.63999999999942,85.34893874261473,15.793020327267143,91.85321970190921,0.039679358717434866,10336.820000000002,11021.27,684.4499999999989,75.4027591240876,29.120702023111566,9.94617961852714,29940,1.0,1248.6742247361935,9.423849699398236,13.053667882542937,-0.659527648368844,4.825898438734648,-136.93105320414193,1248.6742247361935,14.654911823647128,16.46673561745581,11.120802900036004,12.866722018290956,136.93105320414193,1426.1129533292851,19.596293256603055,22.680605959204964,14.35739495178531,16.40966442381438,155.34285980389163,14.35739495178531,RMSE_Linear_Extrapolation_100,Difficult
2acc78d4_,1958,6109,1843,4266,0.6983139630054018,12989.0,17254.0,4265.0,11085.6,11866.41,780.8099999999995,11861.61,11857.81,11890.83,33.02000000000044,9.970365436901838,5.510000000000218,115.71693661128911,15.831594029180645,144.1522728981382,0.6819034224097515,11073.4,12051.84,978.4400000000005,96.37303881511745,31.618939060582612,19.34389779617166,25596,1.0,508.86499876355214,-9.289207688700932,-9.289207688439731,-17.53233988189407,-13.46297911707766,94.1296191552151,508.86499876355214,9.70119081106387,9.701190810842862,17.53233988189407,13.467466710601325,94.1296191552151,556.552180597738,13.626234402591441,13.626234402332042,22.34631822601662,17.940436575075093,100.26995261161169,13.626234402332042,RMSE_Linear_Extrapolation_10,Moderate
2b034622_,7824,6761,1558,5203,0.7695607158704334,11049.0,16251.0,5202.0,9467.05,10072.18,605.130000000001,10071.9,10059.48,10071.89,12.409999999999854,2.918808930567267,-6.309999999999491,87.29067496892861,13.139653821544721,80.7941094610876,0.3105900442052662,9454.55,10236.85,782.3000000000011,75.57741180981594,26.95350190462373,11.713263159112671,31218,1.0,-737.5673073504706,6.148062656159395,-18.45266461659337,2.144901660074829,-8.742999048497666,-106.73532269849807,737.5673073504706,6.148062656159395,19.07538738142994,3.922513827195641,10.111905716667547,106.73532269849807,795.0193942776033,6.805621396093291,23.741813775702102,4.5358201749176015,12.911756199292443,118.20191780441093,4.5358201749176015,RMSE_Linear_Extrapolation_100,Easy
2b06ad65_,1492,5706,1450,4256,0.745881528215913,12725.0,16980.0,4255.0,11448.94,11960.62,511.6800000000003,11952.52,11950.070000000002,11957.29,7.219999999999345,2.062164707836235,-0.6100000000005821,67.71131507665915,7.27630696177159,39.18479985040203,0.03923872180451128,11436.45,12181.95,745.5,73.56291554959785,22.752618546353474,5.851600472938699,25536,1.0,440.3789367533733,-1.8141282894733954,-4.910128288804647,-11.23227779439081,-7.611416164515356,-81.6007821026892,440.3789367533733,2.3762288533833287,5.010391703069754,11.239865766599804,7.633285612069315,81.6007821026892,502.2219036391474,2.7463768040476424,5.860324091597072,12.978942556979712,8.865951040162523,89.88710925222878,2.7463768040476424,RMSE_Last_Known_TVT,Easy
2b547943_,1802,5131,1651,3480,0.678230364451374,12912.0,16391.0,3479.0,11478.63,12209.740000000002,731.1100000000024,12209.62,12207.19,12226.18,18.98999999999978,7.203904897449782,14.219999999999345,91.40732006346846,13.124799819224695,83.26938343060368,0.3563218390804598,11466.45,12366.95,900.5,91.97364594894562,28.691232550891705,0.5663258854771556,20880,1.0,320.92408671444724,-9.89807758620625,-21.29044122272924,-0.1319561040617472,-9.406642292098395,58.49588279322623,320.92408671444724,10.497290229884728,21.30019211092104,4.141927975211596,10.07114203516704,58.49588279322623,354.4354480898328,12.241457142013665,24.91199417981627,4.666268122040461,11.718870921624276,62.44360544560726,4.666268122040461,RMSE_Linear_Extrapolation_100,Easy
2be5c96a_,1744,5753,1543,4210,0.7317921084651486,12796.0,17005.0,4209.0,11192.78,11797.61,604.8299999999999,11797.61,11793.76,11808.570000000002,14.81000000000131,3.5918783102379064,1.1199999999989814,76.86822024299798,9.40018279804363,43.30646074986257,0.7743467933491687,11180.4,12051.84,871.4400000000005,94.47820527522937,32.818046305790915,17.609985032231393,25260,1.0,685.9394892280908,-0.7146223277905184,38.71565039913431,29.198007075125094,35.75678295443954,90.20839811783075,685.9394892280908,2.624593824228142,38.7170056139908,29.202413624530625,35.75901588888643,90.20839811783075,771.658188116756,3.6618588662445717,45.933339503582715,34.98967798268222,42.528622858134824,99.88073093487708,3.6618588662445717,RMSE_Last_Known_TVT,Easy
2bff06cf_,1997,9174,1550,7624,0.8310442555046872,11636.0,19259.0,7623.0,10160.0,11004.13,844.1299999999992,11004.13,11004.18,11048.66,44.47999999999956,8.806441439271373,13.950000000000728,74.95437141746494,11.254359503401417,69.6433794157394,0.5001311647429171,10147.45,11145.28,997.8299999999999,79.97916374561844,25.573391107109003,5.024792328153495,45744,1.0,3332.451097172966,-27.02969832109225,181.15590774013768,167.16072697138412,176.44338091062306,-232.11882269782004,3332.451097172966,27.02969832109225,181.15760057615768,167.17008221344042,176.44713793204653,232.11882269782004,3773.1553380753985,28.427941006681795,215.01199097131476,198.88006510361618,209.57949060789412,262.098157845606,28.427941006681795,RMSE_Last_Known_TVT,Difficult
2c0c4a4e_,3752,6719,1929,4790,0.7129037059086174,12185.0,16974.0,4789.0,10211.19,10981.41,770.2199999999993,10963.62,10960.46,10980.46,20.0,5.473348650312697,12.659999999999854,108.00637162339464,20.693325631021285,111.44445933312026,0.04676409185803758,10198.7,11136.45,937.75,94.11277185501066,38.15287099798151,13.893599768383979,28740,1.0,1213.993116572357,-5.897954070980574,8.765409564946413,-46.101099435535396,-31.909690685549386,96.31090614824676,1213.993116572357,6.054446764091277,9.573116682071197,46.101099435535396,31.909690685549386,96.31090614824676,1351.8488675083313,8.04594018660484,11.021464726628027,53.3849329510092,37.076298326887496,106.02148508588228,8.04594018660484,RMSE_Last_Known_TVT,Moderate
2cee0cba_,795,7335,1835,5500,0.7498295841854125,12037.0,17536.0,5499.0,10463.67,11246.740000000002,783.0700000000015,11231.11,11207.09,11242.52,35.43000000000029,7.101662077634193,11.409999999999854,86.60264309692502,10.657053851205283,70.32852428485289,0.46963636363636363,10451.45,11245.45,794.0,94.51535849056603,20.768595357279118,7.912715393641008,33000,1.0,1832.1654665737383,7.957436363636794,-131.0678363625589,-122.23685808577795,-131.8696627960416,107.73130849192427,1832.1654665737383,9.05131636363669,131.09672026338626,122.27702217814362,131.8978902698384,107.73130849192427,2004.272100407981,10.665140786694133,154.9570479754525,144.7785280521299,155.8813446575475,117.22452605822006,10.665140786694133,RMSE_Last_Known_TVT,Moderate
2d0c268a_,2018,6289,1739,4550,0.7234854507870886,12409.0,16958.0,4549.0,10541.83,11335.92,794.0900000000001,11325.79,11300.36,11327.56,27.19999999999891,8.545092746146496,-15.650000000001455,70.32582902378228,8.744973099226161,51.53907759859892,0.28285714285714286,10529.43,11537.41,1007.9799999999996,93.55977205153617,33.70515974893328,23.233943027753895,27300,1.0,1489.4309047124868,12.17607692307766,-14.71619580382802,-26.423858360463672,-19.349841924493155,-96.57979903359035,1489.4309047124868,12.26170329670398,16.85732467504892,26.598558835433405,20.43065748102192,96.57979903359035,1663.4987987511786,14.874791132341558,21.50929113904086,34.20858056345215,26.438494109086466,106.62161103090723,14.874791132341558,RMSE_Last_Known_TVT,Difficult
2d179ded_,2278,9225,2217,7008,0.7596747967479675,11912.0,18919.0,7007.0,9719.41,10715.19,995.7800000000007,10698.47,10685.97,10710.820000000002,24.850000000002183,7.495174451751497,-1.8400000000001455,79.35450576813842,11.590886016279741,83.3261100219487,0.4634703196347032,9706.95,10845.45,1138.5,89.32477172958737,29.310352280827647,9.970265961448945,42048,1.0,-78.2574742658049,1.9720719178074275,-97.85307959799862,-97.85728541792069,-99.49940035126141,-98.12519487564418,88.3727444652212,7.019460616438131,97.8530889379737,97.85729471885078,99.49940346415039,98.12519487564418,112.85941439726543,7.749754286132607,113.55168485539727,113.55653054713005,115.4485442649287,110.39851962010262,7.749754286132607,RMSE_Last_Known_TVT,Moderate
2d196986_,1876,8316,1842,6474,0.7784992784992785,12289.0,18762.0,6473.0,10426.18,11205.81,779.6299999999992,11202.46,11178.41,11209.96,31.549999999999272,8.128804719897404,-18.48999999999978,127.83990647479239,20.49786271227074,171.28803301419043,0.01282051282051282,10413.820000000002,11350.94,937.119999999999,123.94142857142857,33.865121208082144,3.898477903363812,38844,1.0,1383.2993201173106,8.816146122952322,-35.72400539200852,-23.15729897158017,-32.63473623011678,-96.71544539409065,1383.2993201173106,9.54542014210614,35.734579211763254,23.19459493518934,32.64927575654808,96.71544539409065,1550.8584527190499,11.991317360702503,40.51475238862378,26.13807704448492,36.97086771206835,107.2871343643321,11.991317360702503,RMSE_Last_Known_TVT,Moderate
2d2d0c6b_,1920,6967,1922,5045,0.7241280321515717,12230.0,17274.0,5044.0,10404.27,11193.320000000002,789.0500000000011,11193.320000000002,11185.67,11199.26,13.590000000000146,2.9557514656978854,5.920000000000073,124.74162071852386,16.520271175048347,133.91788533799425,0.6251734390485629,10391.820000000002,11350.94,959.119999999999,124.28356770833334,33.5583912249325,0.45805301019052536,30270,1.0,312.7520640740977,-0.7369177403355813,16.235991351214395,35.42547667910794,18.41849786572474,48.237465099011935,312.7520640740977,2.2432130822593366,16.235991351214395,35.42547667910794,18.41849786572474,48.237465099011935,351.1153499734938,3.045945300727323,18.98737623253974,41.021851299836214,21.480754850596597,52.849396985951365,3.045945300727323,RMSE_Last_Known_TVT,Easy
2d35f86d_,1747,6628,1732,4896,0.7386843693421846,12891.0,17786.0,4895.0,11191.34,11885.35,694.0100000000002,11880.98,11863.1,11893.88,30.779999999998836,11.204548517920385,10.69000000000051,114.17888632758157,17.44336912897587,118.14816446555672,0.2534722222222222,11178.9,12051.84,872.9400000000005,94.50940469376073,32.79850047717851,19.669481633820837,29376,1.0,1785.3560066565303,0.5355412581693392,-76.62930722663037,-64.53446654262575,-73.28158983437379,-125.95222030427009,1785.3560066565303,10.559503676470582,76.62930722663037,64.5449766156918,73.28158983437379,125.95222030427009,2053.4239606298715,11.216196779664774,93.55224381071804,79.69130980466375,89.71245441823666,143.79521272524076,11.216196779664774,RMSE_Last_Known_TVT,Moderate
2d9f6cb9_,1123,8627,1289,7338,0.8505853715080561,13651.0,20988.0,7337.0,12200.01,12529.17,329.15999999999985,12523.69,12521.34,12540.86,19.520000000000437,5.8237860960281385,11.949999999998909,86.94018068682362,10.868490042562978,67.6910823940956,0.036249659307713275,12187.95,12748.95,561.0,72.95365983971504,25.90628937700761,13.98652084710858,44028,1.0,924.6611058757599,-8.016894249113834,65.3731057509248,62.40800002026412,77.09259890802961,-141.7752942995336,924.6611058757599,8.360944399018532,65.3808490052175,62.416659585909976,77.09746356408012,141.7752942995336,1041.2297039693085,9.908706063856238,75.76799936494565,72.3492421558677,89.2842385334412,159.11133213063184,9.908706063856238,RMSE_Last_Known_TVT,Moderate
2ddad940_,1551,6812,1481,5331,0.7825895478567234,12406.0,17736.0,5330.0,11108.76,11701.37,592.6100000000006,11701.37,11688.81,11713.52,24.710000000000946,7.063299436277895,-7.350000000000364,85.44796634772037,10.444040644739118,65.79661821150825,0.1637591446257738,11096.45,11871.45,775.0,88.99025789813025,27.60965921787145,3.5422915504098853,31986,1.0,928.9670848707812,2.9287657099987836,19.571068740955834,16.77228866229211,18.480539059405718,93.95157909684589,928.9670848707812,6.393792909398017,20.890632163543746,18.298083800049998,19.877621608165732,93.95157909684589,1106.7103260190177,7.645816438023014,24.935611426491214,21.803521187103023,23.712033782088593,109.84933039882648,7.645816438023014,RMSE_Last_Known_TVT,Moderate
2e29e833_,3980,7254,1826,5428,0.7482768127929418,13424.0,18851.0,5427.0,11343.75,12151.46,807.7099999999991,12150.02,12141.81,12159.46,17.649999999999636,4.298885239805038,2.1299999999991996,64.61388339663226,6.370097342217629,39.91224504580269,0.04476787030213707,11331.35,12325.65,994.2999999999993,82.22955778894473,26.05335743878417,17.61567439231247,32568,1.0,677.296951711222,-0.2808106116430322,-43.054750003465266,-36.79340107071778,-43.01675154826824,-135.0790223791166,677.3790830487933,3.497085482682377,43.06038040475693,36.818350750578844,43.02247853854789,135.0790223791166,778.3584726291394,4.3076518266215045,49.11579679908464,41.918428280112984,49.07208926754922,148.77673994342263,4.3076518266215045,RMSE_Last_Known_TVT,Easy
2e43c2ea_,1836,7349,1651,5698,0.7753435841611104,12089.0,17786.0,5697.0,10445.94,11203.31,757.369999999999,11181.61,11173.45,11195.34,21.889999999999418,6.0544877342049315,6.809999999999491,124.88900524092587,23.532463884857982,133.6275291507777,0.3508248508248508,10433.81,11350.94,917.130000000001,123.49985838779956,34.08337923118022,1.3891468531263058,34188,1.0,-436.6031102520696,-4.40575991575948,-96.79863870286964,-159.30519546935852,-161.42586675851396,-106.04851817940201,436.6031102520696,6.678757458757256,96.8279410630833,159.30519546935852,161.42586675851396,106.04851817940201,460.96170288748937,7.487396669090343,112.31730111770047,184.4459335734318,186.8936581516875,119.43618626667356,7.487396669090343,RMSE_Last_Known_TVT,Moderate
2e63d9de_,1845,6505,1806,4699,0.7223674096848578,13576.0,18274.0,4698.0,11743.54,12533.92,790.3799999999992,12533.92,12512.54,12554.21,41.669999999998254,13.219243593611889,-16.460000000000946,98.9407727148137,16.59109713529258,98.46911398482527,0.15556501383273036,11731.09,12652.570000000002,921.4800000000014,91.89467208672086,31.022842381347047,7.046100628092844,28194,1.0,803.5474867831146,3.8741881251329384,73.09236994365227,52.08197390370154,56.447609493686144,81.2142903367387,803.5474867831146,12.018065545860813,73.09238093245065,52.14629799586846,56.46252553594897,81.2142903367387,864.7179539574934,13.77390817425645,89.61630428259018,65.57882946479171,70.56094268947416,86.64793811728899,13.77390817425645,RMSE_Last_Known_TVT,Moderate
2ee0235b_,1849,7256,1700,5556,0.7657111356119074,12341.0,17896.0,5555.0,10454.83,11191.42,736.5900000000001,11187.39,11174.37,11193.43,19.05999999999949,4.72613694697333,4.0900000000001455,83.44557577830085,15.42028626317719,90.7917295572851,0.11753059755219583,10442.45,11366.45,924.0,82.42686857760951,28.1503362471466,1.0187072006913382,33336,1.0,1002.8978077222806,4.893651907846635,-22.891348092404925,-64.28291184853921,-77.40731928064126,-148.78995191623792,1002.8978077222806,5.516560475161393,24.266722462434885,64.30209204820052,77.40731928064126,148.78995191623792,1113.5924973621302,6.80295371229703,28.968355803177666,76.40522827482162,91.5238213442003,163.92380079692228,6.80295371229703,RMSE_Last_Known_TVT,Moderate
2f19d536_,1294,4744,1656,3088,0.6509274873524452,13620.0,16707.0,3087.0,11732.93,12282.29,549.3600000000006,12279.03,12269.53,12281.820000000002,12.290000000000873,2.8251255553230843,-7.890000000001237,88.73961897844356,10.985562200712705,78.45892359493197,0.37338082901554404,11720.45,12366.95,646.5,82.60207109737247,28.02923325148671,6.137547881071086,18528,1.0,314.87935439765954,5.89366580310935,-24.996334196842078,-25.778176501126676,-29.01982159181295,-94.90681909047422,314.87935439765954,6.047538860104128,24.996334196842078,25.778176501126676,29.01982159181295,94.90681909047422,337.8103655106187,6.535598394413745,29.500164865119142,30.400929564783695,34.13674865525123,100.5433947943389,6.535598394413745,RMSE_Last_Known_TVT,Moderate
2f8e53c3_,3039,4133,1539,2594,0.6276312605855311,13071.0,15664.0,2593.0,11409.78,11953.43,543.6499999999996,11952.89,11945.0,11956.2,11.200000000000728,2.8242298511480564,-7.889999999999418,67.80817428786082,7.246572492012913,37.7231081624626,0.42058596761757905,11397.45,12156.95,759.5,77.9757946692991,30.621636215183226,10.167620381438283,15564,1.0,313.41292696493605,1.694406322281439,-3.574230041302925,-0.919357404085125,-0.6301903163368546,43.24663110346289,313.41292696493605,2.388037779490768,3.596338823808229,1.7567551316800152,1.7148813642303558,43.24663110346289,349.67368718693274,3.293055138227308,4.448820126725601,2.4561558249551227,2.3809495787069808,47.25072813042284,2.3809495787069808,RMSE_Linear_Extrapolation_50,Easy
2fa01aa6_,1878,3860,1686,2174,0.5632124352331607,13745.0,15918.0,2173.0,11948.71,12736.570000000002,787.8600000000024,12716.09,12683.71,12717.95,34.2400000000016,11.13259933473252,-32.38000000000102,89.90633134425627,15.606570672383556,87.36108086920373,0.3969641214351426,11936.34,12874.68,938.3400000000001,89.34007987220448,29.299261557314935,0.566251472051789,13044,1.0,-541.8841082867706,15.123284268629243,6.818738814470119,-3.453095119317451,-1.9096028862341508,60.2877560766034,541.8841082867706,15.554075436982517,8.300280505459364,3.7849816899224806,3.1340355472460173,60.2877560766034,606.0808857574816,18.77741961251621,9.523994485805655,4.598067633413909,3.6927708644886024,68.14853509912352,3.6927708644886024,RMSE_Linear_Extrapolation_50,Easy
2fd68f7b_,1782,6381,1651,4730,0.7412631249020529,11725.0,16454.0,4729.0,10078.54,10813.26,734.7199999999993,10810.63,10809.77,10885.76,75.98999999999978,23.47915990579049,63.76000000000022,73.75466282318702,11.494822876864195,63.82503124848574,0.6139534883720931,10066.1,10956.570000000002,890.4700000000012,70.83100448933783,28.854280832280313,2.9236583338491897,28380,1.0,1157.8508293458542,-56.01974418604745,-96.87838054936336,-101.73287199885183,-102.45169784742171,104.12420809002951,1157.8508293458542,56.0656765327704,96.87838054936336,101.73287199885183,102.45169784742171,104.12420809002951,1314.1811968910051,60.74015262396321,106.04411421845651,111.5300379173531,112.34336353615295,116.70421769664287,60.74015262396321,RMSE_Last_Known_TVT,Difficult
2fe023be_,2077,6060,1839,4221,0.6965346534653465,12799.0,17019.0,4220.0,10566.3,11444.45,878.1500000000015,11444.45,11427.04,11461.96,34.919999999998254,7.630723343168934,-17.409999999999854,84.31564264097143,14.174107012113382,103.54727970446703,0.4482350153991945,10553.95,11591.95,1038.0,85.97523350987001,29.488798621323536,1.6595908688985759,25326,1.0,880.7682166162347,-10.413269367447887,14.918730632758102,23.859540833546173,19.473219468138492,-120.29606220917051,880.7682166162347,11.637827529021095,15.942944799979172,23.922315124053707,19.85572672126867,120.29606220917051,968.5538857269863,12.90931147808348,23.133854958521425,32.768352387854875,27.980382300077274,131.82019028458103,12.90931147808348,RMSE_Last_Known_TVT,Moderate
30d75030_,1448,5009,1605,3404,0.6795767618287083,12183.0,15586.0,3403.0,10310.21,10885.83,575.6200000000008,10885.83,10839.88,10893.27,53.39000000000124,13.90319497593977,-45.95000000000073,90.76192104277821,19.86572234448203,118.0963784628425,0.19829612220916568,10297.83,11021.27,723.4400000000005,79.72401243093924,33.82780635079818,11.037908611838972,20424,1.0,607.2001720147623,10.793237367802357,109.1255100948023,108.8232180158613,103.59236341822673,-102.098033997763,607.2001720147623,13.538660399529881,109.13775451313424,108.83610438959857,103.61804790015111,102.098033997763,659.5542699812681,17.599318669377997,129.84834000949238,129.49982683646917,123.46962705144382,110.208320702026,17.599318669377997,RMSE_Last_Known_TVT,Difficult
310c71a5_,1956,6988,1743,5245,0.7505724098454494,12258.0,17502.0,5244.0,10401.06,11182.06,781.0,11182.06,11167.84,11202.23,34.38999999999942,6.156150755541503,-14.219999999999345,82.12101952600071,10.568796107474755,67.11960165669078,0.16244041944709248,10388.95,11366.45,977.5,84.43346625766873,28.664042897720115,2.312446731668018,31470,1.0,1523.8037484461004,-6.349269780744214,0.009518097042057623,7.084456591860735,-3.0354099969409147,-129.65214897178888,1523.8037484461004,7.372991420400851,5.63593205634025,9.225777618541056,5.390888853752194,129.65214897178888,1686.5037916913654,8.843313479056066,7.693966964354629,12.835928238866066,7.40581242268672,142.91287252710802,7.40581242268672,RMSE_Linear_Extrapolation_50,Moderate
32fe84c9_,1723,8163,1755,6408,0.7850055126791621,13019.0,19426.0,6407.0,11430.93,12133.01,702.0799999999999,12127.51,12088.94,12127.490000000002,38.55000000000109,9.424992024277255,-31.350000000000364,90.54426305805694,15.830678971647353,94.72022710594686,0.1518414481897628,11418.45,12279.45,861.0,86.25139291932673,27.53657995418398,4.292870138730208,38448,1.0,743.8739385673482,20.156449750312177,-61.80106540256759,-75.78626102078151,-69.06021555587355,81.38987316401895,743.8739385673482,20.156449750312177,61.801066424018046,75.78626102078151,69.06021555587355,81.38987316401895,842.8618644109393,22.250821979444407,74.78299766695652,90.83618064078237,83.11096721684844,91.33734240130514,22.250821979444407,RMSE_Last_Known_TVT,Difficult
33c40295_,1977,5989,1820,4169,0.6961095341459342,12700.0,16868.0,4168.0,10616.48,11417.740000000002,801.260000000002,11405.81,11394.740000000002,11417.58,22.839999999998327,8.147403460633688,9.960000000000946,94.77560418628022,18.598068304622306,107.68819567888661,0.053250179899256414,10603.95,11591.95,988.0,85.17596358118361,29.978745721512603,9.59964060509661,25014,1.0,2197.5879762632308,-3.0560566083000156,-116.15151115413923,-112.04131493413819,-114.7199461639331,-90.13285866167777,2197.5879762632308,8.373173422883449,116.15186920817415,112.04515109383472,114.72137510451881,90.13285866167777,2582.1057189614553,8.700789781165115,136.84200332453676,132.10126786866766,135.19078400215807,105.00143528065398,8.700789781165115,RMSE_Last_Known_TVT,Moderate
3407f5bf_,1529,5309,1671,3638,0.6852514597852702,12084.0,15721.0,3637.0,10393.87,11025.52,631.6499999999996,11008.05,10939.11,11008.02,68.90999999999985,16.03291517031502,-68.93999999999869,78.21342537682472,13.988045753623487,83.86619282413929,0.4601429356789445,10381.37,11145.28,763.9099999999999,73.67321124918247,26.017014211665998,4.540214127642244,21828,1.0,711.8114800606775,14.015909840570874,-46.52381743206243,-44.50538979938252,-52.676956185834946,83.31752823580139,711.8114800606775,14.015909840570874,46.52381743206243,44.50538979938252,52.676956185834946,83.31752823580139,804.4138171628848,21.29388267466182,52.02038324360561,49.73470910670149,59.009870087466815,92.66200231238722,21.29388267466182,RMSE_Last_Known_TVT,Difficult
3417285d_,1006,7458,2009,5449,0.7306248323947439,13270.0,18718.0,5448.0,11137.85,12164.85,1027.0,12164.85,12164.88,12210.62,45.7400000000016,10.724248200065206,32.44000000000051,66.40635744360058,11.15248002340483,78.02853176778741,0.09818315287208662,11782.62,12285.1,502.47999999999956,63.92459244532803,19.94089088622225,2.4817649982725527,32694,1.0,1123.7358762214503,-32.709095246834046,-3.972731611068582,-15.076800017288642,-7.82490557089231,-118.65672342763197,1123.7358762214503,32.709095246834046,14.606615058454569,15.288683832507253,13.691497324032698,118.65672342763197,1217.0827587295926,34.42198868150785,16.804624452608817,19.23782204029468,16.600462177152316,126.87053771099599,16.600462177152316,RMSE_Linear_Extrapolation_50,Difficult
347242c8_,1884,5437,1842,3595,0.6612102262276991,12754.0,16348.0,3594.0,11252.85,12047.18,794.3299999999999,12035.04,12032.36,12042.7,10.340000000000146,2.232776967398845,2.4899999999997817,78.65523147589818,7.067900081461598,85.72527057801143,0.05702364394993046,11240.45,12181.95,941.5,79.56392250530786,23.770520458414026,0.908691029409681,21570,1.0,647.6990380705055,-0.20678720444988147,5.7865461299843535,-19.07591519725835,9.584866096917338,90.89383803228748,647.6990380705055,1.7613240611962886,5.835692166085992,19.07591519725835,9.584866096917338,90.89383803228748,711.7645094471711,2.242023016039388,6.840291399021166,22.33754482891203,11.083292129806578,99.30307281418263,2.242023016039388,RMSE_Last_Known_TVT,Easy
353e5502_,879,7901,1839,6062,0.7672446525756234,12271.0,18332.0,6061.0,10353.06,11189.8,836.7399999999998,11189.8,11181.5,11201.09,19.590000000000146,5.536234160192809,-0.9399999999986903,106.73946395586373,15.818611771073043,132.30856489343614,0.19844935664797098,10341.45,11219.45,878.0,124.00372013651878,31.50684692074753,17.264256180655053,36372,1.0,1185.6638307977596,-1.0758973936003573,32.178738968937274,116.05114851098584,71.43117751639474,-119.25085740825035,1189.897809845835,4.71153909600793,32.178738968937274,116.05114851098584,71.43117751639474,119.25085740825035,1412.772436618015,5.639360585146688,36.78505694725652,133.3527116154287,81.89782983840983,136.4196188438949,5.639360585146688,RMSE_Last_Known_TVT,Easy
357c12f9_,2172,5770,1691,4079,0.7069324090121317,11828.0,15906.0,4078.0,9808.64,10784.73,976.0900000000001,10784.23,10781.55,10797.95,16.400000000001455,4.351626065329613,3.4200000000000728,74.03312877103683,11.51642853744184,65.10185329749824,0.10983084089237559,9796.17,10881.6,1085.4300000000003,90.5627946593002,28.68731034002041,16.529665888263366,24474,1.0,435.9076086908143,-3.564000980633096,-20.254910070330123,-12.497646345159051,-23.306694858090527,-108.46501331422415,435.9076086908143,3.929369943613962,20.254917202202915,12.498934066576437,23.306695805996043,108.46501331422415,491.4139936501738,5.624420852755269,23.501720076698774,14.76287223733979,26.978875476207644,121.4986327436396,5.624420852755269,RMSE_Last_Known_TVT,Easy
3584a6eb_,1833,6150,1656,4494,0.7307317073170732,13205.0,17698.0,4493.0,11463.46,12224.01,760.5500000000011,12223.77,12210.4,12224.01,13.610000000000582,4.160640904409363,-9.31000000000131,96.47276560224134,17.366230907344537,97.56550394773856,0.20004450378282154,11450.95,12366.95,916.0,92.12238952536825,28.472880057399077,4.35037607687309,26964,1.0,-26.4807394924093,8.102739207832977,-8.787563822286815,11.306556189552948,-2.9086617525602505,-55.54736783276581,98.69648463728083,8.113460169114665,8.811314574131439,11.306556189552948,2.97440018165602,55.54736783276581,108.85290431255753,9.108318362664079,10.774792627293357,12.74770480860865,4.273114576992867,66.06359216233297,4.273114576992867,RMSE_Linear_Extrapolation_50,Easy
35b30c7f_,3179,11270,1691,9579,0.8499556344276841,11784.0,21362.0,9578.0,10354.33,11003.070000000002,648.7400000000016,11002.62,10970.94,11005.45,34.51000000000022,7.507293557633712,-16.579999999999927,88.6835798577089,13.876032768858696,107.21986416100819,0.44388767094686293,10341.95,11136.45,794.5,84.85177728845548,33.782035233043175,3.8318025692534263,57474,1.0,812.8385676755482,17.619016598810546,134.03053175196996,150.7465251496499,156.83378250530944,156.73668376990196,812.9522142936964,17.708671051258577,134.03053175196996,150.7465251496499,156.83378250530944,156.73668376990196,949.8238827421877,19.15158789297762,152.33227032366213,171.61456326556095,178.6373867437792,180.53025089484674,19.15158789297762,RMSE_Last_Known_TVT,Difficult
35b3ef6a_,1498,5736,1832,3904,0.6806136680613668,12013.0,15916.0,3903.0,10145.51,10799.36,653.8500000000004,10787.740000000002,10750.6,10787.72,37.11999999999898,10.350568595820937,-37.14000000000124,87.51381312189275,11.235612620362042,71.41025099055435,0.38473360655737704,10133.16,10881.6,748.4400000000005,78.42925901201602,24.964084933991042,9.084554109876734,23424,1.0,685.0506474193106,23.900945184427677,-10.77072148247222,-16.129229733079665,-11.492512198484494,-127.78252653995901,685.0506474193106,23.900945184427677,11.858793048520242,16.761899425314503,12.51126646043951,127.78252653995901,759.9511832086293,26.045383636758544,16.409529461810692,22.181387445051612,17.170152783624395,139.9850660465371,16.409529461810692,RMSE_Linear_Extrapolation_10,Difficult
367456ce_,1725,7312,1743,5569,0.7616247264770241,12044.0,17612.0,5568.0,10171.46,10893.35,721.8900000000012,10869.42,10869.43,10892.76,23.329999999999927,6.506703661973883,23.340000000000146,96.41643296528026,15.535090820218228,102.93958316284775,0.3462021906985096,10159.33,11021.27,861.9400000000005,87.99668405797101,36.424750690925286,8.419748907309256,33414,1.0,875.6413661507339,-10.8164140779315,8.425404104107866,-33.55531656818198,-12.859861856923793,125.51205276236335,875.6413661507339,10.8164140779315,11.455730554080938,33.55531656818198,12.859861856923793,125.51205276236335,1008.7583437785238,12.622377103894497,14.00696356430229,37.26167642243936,14.608126983242975,140.70567293979363,12.622377103894497,RMSE_Last_Known_TVT,Moderate
368131f9_,1354,6568,1577,4991,0.7598964677222899,12988.0,17978.0,4990.0,11387.7,11890.45,502.75,11875.51,11871.5,11914.56,43.05999999999949,12.139862047218784,24.469999999999345,111.02720702201789,17.143745351867203,123.1952004499606,0.6359447004608295,11375.4,12051.84,676.4400000000005,85.61670605612998,31.558373041455397,25.410500965887906,29946,1.0,851.4247132640874,-16.983862953315903,-0.6464084071290368,6.875290962060508,4.6309576949123565,-119.44432261890408,851.4247132640874,17.535351632939236,4.3170415838472005,7.1688152589919625,5.4089200222152,119.44432261890408,989.9124315234752,20.875783169531438,5.155705567137871,8.799845486250856,6.817050109847411,137.10408677476323,5.155705567137871,RMSE_Linear_Extrapolation_10,Easy
368fe682_,1263,6416,1480,4936,0.7693266832917706,12210.0,17145.0,4935.0,10753.59,11289.44,535.8500000000004,11280.87,11275.990000000002,11304.63,28.6399999999976,8.117942710896077,10.789999999999054,90.25125890304503,14.337999815938973,113.8401105056323,0.03606158833063209,10741.45,11372.45,631.0,88.69469517022961,23.333169401957466,1.5565637328154196,29616,1.0,852.8198463539695,-11.257228525120897,-5.721804281105765,-30.327557507993657,-20.672496472400976,-114.2250712795821,852.8198463539695,11.851085899513274,7.384450787465573,30.493694940213814,20.99640394689615,114.2250712795821,946.6394500212281,13.878502686940966,9.539921265709939,34.179504581672866,23.51802461710641,125.08371132657271,9.539921265709939,RMSE_Linear_Extrapolation_10,Moderate
3690a146_,1965,5761,1688,4073,0.7069953133136608,12014.0,16086.0,4072.0,10396.56,11208.570000000002,812.010000000002,11198.25,11186.23,11209.41,23.18000000000029,6.800062930500711,10.1299999999992,81.1568896980002,16.58778353361983,97.32039103702937,0.17677387674932482,10384.45,11366.45,982.0,84.57980661577608,28.67979063910881,3.422916917775879,24438,1.0,618.1288571604913,-2.147004664866335,-65.23227739226269,-45.244986483026835,-59.776742480013446,65.55638652449949,618.1288571604913,5.96535477534993,65.33722765600787,45.84076720306858,59.98094765702119,65.55638652449949,676.5774924946897,7.130156510792888,77.64464211573836,54.647242361950816,71.36233916403475,70.16936975182512,7.130156510792888,RMSE_Last_Known_TVT,Moderate
37344c2a_,1692,6943,1746,5197,0.748523692928129,12059.0,17255.0,5196.0,10311.97,11016.71,704.7399999999998,11016.71,11012.86,11052.94,40.07999999999993,11.814530339420191,10.680000000000291,74.26544430450168,8.759271721918289,63.7705894678253,0.14354435251106407,10299.9,11145.28,845.380000000001,76.13949172576831,25.885272806996987,1.8740474212666243,31182,1.0,159.02472712448073,-5.976855878392406,23.951022908469966,14.173854712652158,18.974792140802645,31.819397611055663,159.43291932258933,8.290552241677966,23.953116423960456,14.53264668164238,18.981775615108344,31.819397611055663,175.08413763331762,13.239300394199656,27.03752705081403,16.93534275269156,21.750485621825344,34.154795485952484,13.239300394199656,RMSE_Last_Known_TVT,Moderate
373ef48b_,1502,4992,1483,3509,0.7029246794871795,12280.0,15788.0,3508.0,10628.490000000002,11183.44,554.9499999999989,11183.44,11179.86,11194.17,14.30999999999949,4.018845168226606,3.959999999999127,77.3332869102368,15.927244234479947,123.87111902970221,0.4579652322599031,10615.95,11366.45,750.5,73.95713049267643,24.2453394373433,3.3761564175603667,21054,1.0,-6.831899182607437,-3.3118466799654147,43.27542604732218,39.502676272316606,40.76414611712514,70.29161813560346,52.75476228909983,4.242772869763273,43.275555998875326,39.503475149696506,40.76462365986637,70.29161813560346,60.631810754309974,5.207191387759596,50.27730336756371,45.93424103696496,47.3861365273836,78.34122196641593,5.207191387759596,RMSE_Last_Known_TVT,Easy
374be387_,1955,11802,1837,9965,0.8443484155227927,11917.0,21881.0,9964.0,9880.94,10715.35,834.4099999999999,10711.58,10697.41,10721.320000000002,23.910000000001673,6.3800840757772175,-9.020000000000437,75.37590029320424,10.556419640228468,68.10620904055538,0.6087305569493227,9868.45,10845.45,977.0,83.53049104859335,27.382261854015265,8.154590755389108,59790,1.0,1934.1964647022903,2.0880120421472945,185.1000120412084,138.06754867584047,201.69036210195813,-152.29603520179217,1934.1964647022903,5.536931259407917,185.1000126980528,138.0678794587833,201.69036210195813,152.29603520179217,2198.545993798983,6.712762639770747,214.46101576680584,160.18219658575427,233.61059428840807,172.44870560034283,6.712762639770747,RMSE_Last_Known_TVT,Moderate
37d36812_,1755,6017,1650,4367,0.7257769652650823,13304.0,17670.0,4366.0,11502.47,12225.44,722.9700000000012,12209.81,12209.63,12243.55,33.92000000000007,9.150708093297771,32.63000000000102,89.98178996262146,15.637808315262784,95.74558778625399,0.2518891687657431,11489.95,12366.95,877.0,91.57094017094018,28.896904788509232,1.5891502083187135,26202,1.0,-613.7564990197473,-19.84898328371944,-24.746437828046794,-34.774097235110524,-23.057077401290176,-69.56022894068309,613.7564990197473,19.853613464621642,24.74685026013101,34.774097235110524,23.058654905605433,69.56022894068309,664.862140516419,21.856313079076383,27.139765514766506,38.290149337227454,25.29912509804831,79.50449927061189,21.856313079076383,RMSE_Last_Known_TVT,Difficult
38991fd4_,3812,6545,1747,4798,0.7330786860198625,12184.0,16981.0,4797.0,10392.78,11221.48,828.6999999999989,11221.48,11193.2,11221.52,28.31999999999971,7.571438010155132,-12.079999999999927,78.95178042360172,13.48904779401874,112.12465236142778,0.27032096706961234,10380.28,11331.96,951.6799999999985,88.1035388247639,33.808883360141174,9.151758401162184,28788,1.0,949.3847353677269,12.793922467694294,33.73501337618862,58.260883853853336,51.94293159130949,-135.7954929732306,949.3847353677269,12.794193413921898,33.73501337618862,58.260883853853336,51.94293159130949,135.7954929732306,1042.0486939046193,14.86604108751415,38.46764676485803,66.63833502042567,59.36801194531581,147.17472522443254,14.86604108751415,RMSE_Last_Known_TVT,Difficult
389ae58f_,1972,8201,1738,6463,0.7880746250457261,12555.0,19017.0,6462.0,10898.46,11707.31,808.8500000000004,11707.31,11707.37,11775.87,68.5,13.798207119703024,51.75,86.7391716702468,14.4894599773732,113.00446542242886,0.1954200835525298,10885.95,11871.45,985.5,93.2038742393509,26.084772355894906,6.464702569104091,38778,1.0,-525.552646124166,-47.81213213677923,138.27271634881356,154.18680119657301,135.92376990396656,81.58895014657713,525.552646124166,47.81213213677923,138.3367486257782,154.1884355661681,136.0073942219847,81.58895014657713,565.691088751305,49.76304894845995,168.202596501541,186.5093322825473,165.50177755499365,93.81825056283844,49.76304894845995,RMSE_Last_Known_TVT,Difficult
3932faa6_,2262,7388,1936,5452,0.7379534380075798,13428.0,18879.0,5451.0,11084.64,12058.92,974.2800000000007,12030.31,12001.85,12053.98,52.1299999999992,13.053195113563232,-3.0900000000001455,84.41899839208286,25.515229706289215,148.84323738247352,0.30502567865003666,11072.45,12202.95,1130.5,99.08876215738285,34.59984824021526,14.66976376529999,32712,1.0,503.57592379242,1.6666269258981237,-40.80067610327419,-52.34932188898625,-52.380262149854055,-91.75729941384829,503.57592379242,9.971061995597735,41.17883857918082,52.34932188898625,52.380262149854055,91.75729941384829,606.7322936516654,13.157974615537267,51.15692249568808,64.13502397645553,64.16999027981969,108.99947596824701,13.157974615537267,RMSE_Last_Known_TVT,Moderate
398dce4b_,1944,5005,1839,3166,0.6325674325674325,11904.0,15069.0,3165.0,10004.59,10829.13,824.539999999999,10820.2,10809.71,10834.02,24.31000000000131,4.345887181987386,13.819999999999709,88.6456971477429,18.275813621360648,85.53572393177456,0.4990524320909665,9992.47,10963.71,971.2399999999998,91.20954218106996,35.34969502542273,2.5638450333270697,18996,1.0,1022.3310887481091,1.3821225521168288,-14.45287744740177,-16.756340214135005,-20.339011181474195,-91.99611446864118,1022.3310887481091,3.105666456096287,14.454696777787609,16.75662245620636,20.339011181474195,91.99611446864118,1127.1680981661234,4.559718484677409,18.202737132501095,20.78974848765773,24.843915858054405,100.34339092768909,4.559718484677409,RMSE_Last_Known_TVT,Easy
39b51819_,1783,6382,2151,4231,0.6629583202757756,12502.0,16732.0,4230.0,10266.91,10991.990000000002,725.0800000000017,10982.86,10978.48,10988.8,10.319999999999709,2.277214743114909,1.180000000000291,99.45737353944827,20.914999928109882,112.52850015513206,0.5582604585204444,10254.42,11145.28,890.8600000000006,77.19945036455412,25.683199741625145,22.257923174894145,25386,1.0,-199.15818722235727,-2.1916520917036535,7.554772150730955,5.284246378170866,6.94296495514287,-104.01977649225647,199.15818722235727,2.88449066414528,7.670027574263511,5.692898785869076,7.1057821992681065,104.01977649225647,201.06252265613278,3.160351282946552,9.33734778112734,6.8243938107924915,8.653873105341788,113.42292189528641,3.160351282946552,RMSE_Last_Known_TVT,Easy
3a0af893_,2491,4580,1653,2927,0.6390829694323145,13621.0,16547.0,2926.0,11716.0,12191.56,475.5599999999995,12189.64,12189.65,12216.83,27.18000000000029,9.858010408383171,21.280000000000655,80.74354985944058,13.194822710102262,90.18569492138612,0.5175948069695935,11703.55,12325.65,622.1000000000004,70.22602167804094,25.097565537989265,10.51752818139964,17562,1.0,514.4929096441732,-15.879552442774902,-1.239552442894891,-4.27349807731256,-0.4760931390418192,-103.40384896277845,514.4929096441732,15.879552442774902,3.49768021866086,4.844501849702704,3.487491586180306,103.40384896277845,561.2240510227588,18.6897660134781,4.5572356708531965,6.473965861322963,4.394618667177897,112.28779203511351,4.394618667177897,RMSE_Linear_Extrapolation_50,Easy
3a223519_,2234,6581,1998,4583,0.6963987235982374,13857.0,18439.0,4582.0,11877.58,12822.85,945.2700000000004,12819.1,12800.91,12819.41,18.5,6.007881948552422,-14.859999999998763,70.32754217777743,16.780588640462295,117.83044893442123,0.0914248308967925,11865.45,12981.95,1116.5,87.34683079677708,24.425105033893356,17.019288618999653,27498,1.0,1112.791214769694,7.231533929740548,22.233715748007953,18.711201256472787,21.34673200896521,111.12876414451578,1112.791214769694,7.24448178049331,22.233914585609345,18.71229697238083,21.347116366941425,111.12876414451578,1204.4536860642468,9.401162306681243,26.441209387044584,22.401373035568522,25.423139075641185,118.97928486800807,9.401162306681243,RMSE_Last_Known_TVT,Moderate
3a7dd95d_,1256,4320,1248,3072,0.7111111111111111,12256.0,15327.0,3071.0,11452.31,11896.11,443.8000000000011,11895.75,11874.08,11901.73,27.649999999999636,8.929150003245704,-6.25,83.7561400434908,13.856657734795315,78.12040666741389,0.4736328125,11439.95,12067.45,627.5,71.40611464968151,26.19623166293655,12.35002539380929,18432,1.0,-373.04471794097844,9.463955078124876,12.53695507821825,20.142007733396778,16.36769121269131,32.582765703925894,373.04471794097844,10.554567057291571,12.593942057370604,20.142007733396778,16.36769187264279,32.582765703925894,414.3498511395226,13.010388611275376,14.992988190429841,21.689807695864086,18.145390985657823,36.58782040830603,13.010388611275376,RMSE_Last_Known_TVT,Moderate
3a824aa7_,1417,5678,1477,4201,0.7398731947868968,13372.0,17572.0,4200.0,11671.45,12213.02,541.5699999999997,12210.62,12197.06,12214.67,17.610000000000582,5.030168813779735,3.399999999999636,98.50450389921359,17.264763588814677,90.98316887925914,0.47179243037372054,11658.95,12366.95,708.0,85.55016231474946,28.719387293976727,12.954341584464132,25206,1.0,-464.05056248370937,2.661018805047098,7.754352139182432,4.929443227515247,3.1281318902147675,-56.77946312394679,464.05056248370937,4.577310164246696,7.771143812158784,4.963431172806992,4.479772757599579,56.77946312394679,527.5365236421836,5.690131490731758,8.676578835562522,6.553116340168801,5.782000893255517,67.22323111622667,5.690131490731758,RMSE_Last_Known_TVT,Easy
3a86fe8d_,1405,6572,1454,5118,0.7787583688374924,12430.0,17547.0,5117.0,10905.0,11487.2,582.2000000000007,11450.46,11431.85,11450.39,18.539999999999054,4.898550018678798,-3.139999999997599,85.7647724462752,16.523904807175885,93.81209801206919,0.47811645173896056,10892.88,11594.55,701.6700000000001,72.98716725978646,29.571360667746543,12.777605186488742,30708,1.0,1249.9913530668778,10.55345447440307,-171.09348491969766,-131.47675602663492,-151.90873400103413,87.08365713900933,1249.9913530668778,10.55345447440307,171.09348491969766,131.47976276097774,151.90895327561384,87.08365713900933,1407.5974073894267,11.634711217695367,199.405704497733,153.68278897157361,177.2626701882258,97.47798276139056,11.634711217695367,RMSE_Last_Known_TVT,Moderate
3aaa2b30_,1401,6396,1685,4711,0.7365540963101939,12104.0,16814.0,4710.0,10333.81,10902.34,568.5300000000007,10886.86,10882.48,10915.86,33.38000000000102,9.644871719045293,25.05999999999949,87.93816873356052,12.13731411343702,91.59878635319272,0.3122479303757164,10321.320000000002,11021.27,699.9499999999989,77.54286937901499,32.167339479499304,10.395299354545529,28266,1.0,660.1759119642969,-14.627191679048616,-56.03567652720955,-3.888270826961937,-31.97617607284797,101.90035739840681,660.1759119642969,15.645612396518503,56.12114496664714,5.512303887122494,32.309826270094234,101.90035739840681,731.2975928699195,17.520232328990414,64.98997358964495,6.146874131182389,37.30249681358085,111.60327980743253,6.146874131182389,RMSE_Linear_Extrapolation_100,Easy
3ac16ad0_,1878,7412,1763,5649,0.7621424716675661,11915.0,17563.0,5648.0,10184.63,10972.7,788.0700000000015,10961.66,10955.44,10985.26,29.81999999999971,8.291298628661139,2.639999999999418,112.0239887742207,18.48412453453314,106.24664083618867,0.2526110816073641,10172.13,11110.62,938.4900000000016,110.88996272630456,31.525469500435737,1.1340260479161373,33894,1.0,-95.83058498152306,-3.1828659939815207,-24.58438114625535,-9.933878595250693,-10.342697926868375,96.69062263970199,95.83058498152306,6.163970614267992,24.684560958175148,10.498896113464973,10.883715976906911,96.69062263970199,102.74966688716209,8.880546118495223,28.608312249030483,13.427433824936628,13.796404902779667,106.00256232477398,8.880546118495223,RMSE_Last_Known_TVT,Moderate
3b21ea64_,2114,9103,1727,7376,0.8102823245084039,13591.0,20966.0,7375.0,11704.75,12425.93,721.1800000000003,12425.91,12411.29,12439.7,28.409999999999854,7.021762290163423,11.100000000000364,43.80990807003192,13.66897133186061,100.06187295891361,0.06033080260303687,11692.45,12748.95,1056.5,85.4647445600757,24.183771033620058,41.65483649004378,44256,1.0,1190.3354765865545,-4.554213665943907,-9.248668210551115,34.840250060452824,5.85151862703701,-148.4904360196652,1190.3354765865545,7.2445986984817345,11.023396025728186,34.840250060452824,7.911540045575837,148.4904360196652,1343.3106201560488,8.368949948322665,12.398168685373015,41.03068207735491,9.698202195647752,165.05007488887276,8.368949948322665,RMSE_Last_Known_TVT,Moderate
3bbe1f5d_,1843,8184,1266,6918,0.8453079178885631,11744.0,18661.0,6917.0,10457.75,11197.52,739.7700000000004,11194.53,11189.06,11210.68,21.6200000000008,5.258641613734807,16.149999999999636,85.04661174354804,15.560629744982577,80.63463313937834,0.45952587453021104,10445.45,11366.45,921.0,82.31965274009768,28.133132008368722,2.726959003450361,41508,1.0,2601.7864083234613,-9.172505059265179,-112.95750505961075,-59.98013575230505,-99.95011730411133,106.90795935771351,2601.7864083234613,9.583141081236942,112.98416305325009,60.119748191085904,99.99715390192489,106.90795935771351,3098.6998602705435,10.572803005133604,128.7222989044912,67.67541066433846,113.72129197642185,126.47996845412672,10.572803005133604,RMSE_Last_Known_TVT,Moderate
3bfee975_,1365,5088,1485,3603,0.7081367924528302,13077.0,16679.0,3602.0,11697.41,12176.31,478.89999999999964,12164.26,12153.18,12178.58,25.399999999999636,7.829600575066986,-6.630000000001019,66.61647957245704,8.172605523719751,42.11610519005194,0.6072717180127671,11684.95,12366.95,682.0,84.2809010989011,28.272760343009164,17.66442152644406,21618,1.0,326.55976784231865,0.4341520954760594,-14.855544875100351,-16.946146014355314,-17.91206831263341,63.10698089707416,326.55976784231865,6.473796835970038,15.194172617865437,17.066139441773007,17.96505436860761,63.10698089707416,353.49532832370363,7.840543276658913,18.90090672554762,21.121695621049014,22.161409690595864,67.81161969946557,7.840543276658913,RMSE_Last_Known_TVT,Moderate
3c3dbcbc_,1767,6911,1842,5069,0.7334683837360729,13000.0,18068.0,5068.0,11051.240000000002,11860.06,808.8199999999979,11859.75,11848.65,11877.65,29.0,8.283449579794388,5.559999999999491,109.12124703367981,18.571245373708017,138.19994630766152,0.5642138488853817,11168.9,12051.84,882.9400000000005,94.65786078098472,32.646696614480184,14.463386252695088,30414,1.0,191.31790364281918,0.4242690866047262,-3.2630036392222146,-6.779450985407352,-3.305498020192557,-73.76924181420152,216.31404036012322,7.123116985598751,8.658338778709625,10.512359833401888,8.678334097429023,73.76924181420152,275.51617194033145,8.29349171896155,10.407578143533392,13.40871889039647,10.439569951724371,84.38977157695894,8.29349171896155,RMSE_Last_Known_TVT,Moderate
3d96d897_,1488,7147,1488,5659,0.7918007555617742,12204.0,17862.0,5658.0,10635.15,11202.66,567.5100000000002,11202.03,11195.44,11207.28,11.840000000000146,3.1988341663178823,3.6700000000000728,82.90192708723849,9.410453339011168,59.98132255638631,0.07227425340166108,10622.95,11366.45,743.5,73.42076612903226,23.71413431250234,9.481160958206232,33954,1.0,1565.0242828488877,1.6721982682457857,-14.450225972353154,1.9121496633468287,-6.6350238205565475,92.87671302615898,1565.0242828488877,3.0360540731580206,14.458466961500829,3.1264851479593667,6.652993823189237,92.87671302615898,1854.50066485102,3.6092906343486293,17.55389469556633,3.7241423142151637,8.861734130745964,109.06829726056046,3.6092906343486293,RMSE_Last_Known_TVT,Easy
3df4b19e_,1832,6658,1670,4988,0.7491739261039351,12520.0,17507.0,4987.0,10634.740000000002,11383.990000000002,749.25,11382.94,11370.67,11388.27,17.600000000000364,5.577863958105281,-9.290000000000873,100.03849364486081,15.151013593031024,101.66853855081638,0.2947072975140337,10622.4,11537.41,915.0100000000002,91.4223307860262,34.5072867406556,8.616162858834613,29928,1.0,951.3474957533995,6.641216920609853,-10.139964896723122,-9.3056208832013,-9.69251753322084,-105.35877160846067,951.3474957533995,7.984657177225578,10.27595709626207,9.532077927683034,9.873625613785379,105.35877160846067,1039.4524805421713,8.67249047497302,12.685578897790677,11.786601861840696,12.202247785996514,113.86507719007767,8.67249047497302,RMSE_Last_Known_TVT,Moderate
3e011332_,2505,4842,2119,2723,0.5623709211069806,12677.0,15399.0,2722.0,10352.31,11429.740000000002,1077.430000000002,11428.740000000002,11422.27,11463.240000000002,40.970000000001164,14.529950821412353,-5.530000000002474,88.72560057653615,12.636085182106106,80.04171313613188,0.017994858611825194,10339.95,11591.95,1252.0,89.90130538922155,28.351258228578168,1.175704812685396,16338,1.0,1130.0199403701045,-9.615890561878839,10.607745802520004,14.266307457942244,14.005407877573267,-75.8814146170374,1130.0199403701045,12.6041608520011,12.314338130087679,14.492521040073804,14.302183259198674,75.8814146170374,1339.764669397662,17.42146062278745,16.03700825186489,19.112397676414815,18.878382638770447,88.68578096994027,16.03700825186489,RMSE_Linear_Extrapolation_10,Difficult
3e678ea7_,1623,8737,1879,6858,0.7849376216092481,13813.0,20670.0,6857.0,11854.46,12533.05,678.5900000000001,12528.21,12523.66,12551.13,27.469999999999345,6.213556327428191,4.570000000001528,85.39866572456575,11.073537701451484,86.54154036160355,0.39282589676290464,11842.08,12652.570000000002,810.4900000000016,88.19440542205791,31.207258288969353,2.7957396974921664,41148,1.0,622.7913784900076,-8.1270195392253,-8.127019540068162,-11.980036550942392,-13.633981364155106,78.70404027763806,622.7913784900076,8.43122484689507,8.43122484768418,12.075184316741835,13.668465037023346,78.70404027763806,692.1762257888855,10.229911981746914,10.229911982348078,13.441362770326274,15.014845237670052,86.95620567250296,10.229911981746914,RMSE_Last_Known_TVT,Moderate
3ef6372a_,2119,6666,1939,4727,0.7091209120912091,12292.0,17018.0,4726.0,10548.11,11417.01,868.8999999999996,11415.56,11404.070000000002,11425.18,21.109999999998763,6.204493102118598,-2.1899999999986903,95.26594864555723,16.02502889043158,83.86498570004002,0.03469430928707425,10535.92,11594.55,1058.6299999999992,87.90952336007551,32.26188447102278,7.35642528548172,28362,1.0,1141.1764188638551,-0.5635455891692552,-3.5722728620209327,-9.432127407400765,-10.092196729631516,85.5900488754566,1141.1764188638551,5.183985614554733,5.473605477301753,9.432127407400765,10.092196729631516,85.5900488754566,1233.3684905851787,6.229379944022544,6.611313551621297,11.070017992157032,11.711665173639057,91.52201571059595,6.229379944022544,RMSE_Last_Known_TVT,Easy
3ef98781_,1402,5343,1451,3892,0.728429721130451,12726.0,16617.0,3891.0,11493.91,11969.85,475.9400000000005,11963.61,11943.98,11963.570000000002,19.590000000001965,4.458916372156889,-2.650000000001455,66.54381627520443,6.337143535787705,44.44072408146175,0.03802672147995889,11481.45,12181.95,700.5,71.30712553495007,21.4102326279269,4.76330925974564,23352,1.0,196.25336659122004,11.607088900308748,-70.14591109952443,-55.07113585221065,-72.22560497724875,-70.78849857975673,196.71345095581168,11.607088900308748,70.1459131550229,55.23419711522186,72.22560497724875,70.78849857975673,229.34152077276545,12.433878700657393,84.5109277073456,67.18335631875148,86.9038662189722,77.38223968104387,12.433878700657393,RMSE_Last_Known_TVT,Moderate
3f603129_,1345,6599,1548,5051,0.7654190028792242,11871.0,16921.0,5050.0,10462.52,10980.38,517.8599999999988,10974.28,10974.34,11018.37,44.030000000000655,11.477794661880113,15.019999999998618,123.08825681628103,17.07055406922766,127.00786258135494,0.30291031478915065,10450.45,11122.45,672.0,107.21342750929368,42.367614701800534,15.874829306987351,30306,1.0,362.0059573762885,-27.406198772519783,131.6552557729897,122.85813678105129,128.41373496096043,96.8653663480154,362.0059573762885,27.406198772519783,131.66178795683558,122.88342685850482,128.42621179273848,96.8653663480154,413.5346759921714,29.712176284154232,160.61508490047356,150.52219065756546,156.89513221506328,107.46424528148187,29.712176284154232,RMSE_Last_Known_TVT,Difficult
404c4384_,1787,2612,1701,911,0.3487748851454824,11944.0,12854.0,910.0,10083.09,10817.41,734.3199999999997,10810.45,10810.47,10819.35,8.880000000001019,2.067689828121446,8.899999999999636,93.93095145641283,10.217463214583557,71.19335923011478,0.33150384193194293,10070.97,10963.71,892.7399999999998,86.52428091773923,32.847092297872585,7.406670538673595,5466,1.0,592.6166904401296,-2.949198682765599,8.879164953313223,12.470305187621248,12.18693577098675,-32.16226082004102,592.6166904401296,2.949198682765599,8.879164953313223,12.470305187621248,12.18693577098675,32.16226082004102,630.2314202762636,3.6011694039210935,10.254920382397561,14.38558852839062,14.059327628026855,33.88042287489079,3.6011694039210935,RMSE_Last_Known_TVT,Easy
4121c517_,2113,5471,1748,3723,0.6804971668799122,12015.0,15737.0,3722.0,10078.56,10947.09,868.5300000000007,10947.09,10939.75,10968.04,28.290000000000873,8.102732231272615,12.670000000000073,98.35918721283697,13.105636903594455,70.78177356188957,0.38651625033575077,10066.45,11122.45,1056.0,133.95638428774254,49.46744659204779,35.597197074905566,22338,1.0,1008.0254625181765,-7.766881547139409,16.382694210745914,13.475896010620406,13.65349492337592,-105.03422178389798,1008.0254625181765,9.898071447757188,19.92267155057208,17.542242048672264,17.685116281038756,105.03422178389798,1105.2702912588811,11.223238561279205,25.343496544974407,22.311960338965516,22.49453578803007,114.7119984014735,11.223238561279205,RMSE_Last_Known_TVT,Moderate
41fb0192_,1250,4381,1408,2973,0.6786121889979456,13464.0,16436.0,2972.0,12136.78,12593.8,457.0199999999986,12593.8,12593.31,12601.66,8.350000000000364,1.9040466869688488,5.3700000000008,68.50983855497213,9.164997431342933,50.50631168500156,0.062226707029936094,12124.45,12748.95,624.5,75.23376800000001,25.54410798607811,6.723929445027878,17838,1.0,381.3630532867453,-3.0055163134889242,24.841938231383445,27.25459907803991,27.21146615956336,61.15962652885331,381.3630532867453,3.069478641103943,24.841940922268083,27.25459907803991,27.21146615956336,61.15962652885331,434.382379628966,3.5577103110362645,29.433044424444024,32.21163741702703,32.16195171584962,68.73703747991144,3.5577103110362645,RMSE_Last_Known_TVT,Easy
42669188_,2155,6080,1798,4282,0.7042763157894737,12445.0,16726.0,4281.0,10807.0,11624.16,817.1599999999999,11623.16,11586.0,11623.75,37.75,9.124496657148256,-35.8799999999992,47.886394191568925,15.965603330651756,93.28015038965913,0.0751985053713218,10794.45,11871.45,1077.0,94.39357772621808,25.289787885035135,46.50718353464916,25692,1.0,-883.0670316437477,21.146515646893675,71.24463685934684,70.24527019235097,86.7036664271632,-98.5876104667435,883.0670316437477,21.17008874357749,71.24463685934684,70.24527019235097,86.7036664271632,98.5876104667435,924.2517398771192,23.030677799344762,79.6178889232467,78.47114992419094,97.37815372261147,105.45545185880802,23.030677799344762,RMSE_Last_Known_TVT,Difficult
42c538a1_,1097,4762,1483,3279,0.6885762284754305,12492.0,15770.0,3278.0,10836.87,11292.97,456.09999999999854,11283.46,11276.42,11318.81,42.38999999999942,14.012395937975938,19.960000000000946,89.97615645126844,18.914519645275288,158.7712754949134,0.24306190911863373,10824.45,11372.45,548.0,86.31923427529627,23.43284986291258,3.65692217597217,19674,1.0,-324.9553741646816,-22.12617261360272,-58.206172613840366,-62.37382937927554,-57.21075364604136,-18.92331750081292,324.9553741646816,23.27418115279119,58.34028789288448,62.44091920079192,57.36261066683622,19.308514750813256,396.02348758844533,26.18883109705342,66.68901620170702,71.453109102888,65.5521781783171,25.100595980571132,25.100595980571132,RMSE_Z_to_TVT_Linear_Model,Difficult
43b06c70_,1888,6590,1744,4846,0.7353566009104704,13024.0,17869.0,4845.0,11120.93,11903.54,782.6100000000006,11903.54,11902.63,11919.85,17.220000000001164,5.275968183259135,2.679999999998472,104.33899496376479,24.253678067707916,139.45550676399628,0.1648782501031779,11108.4,12051.84,943.4400000000005,95.64087394067796,31.842340655647654,8.698121023086827,29076,1.0,986.4921181236939,-7.005088732974907,117.25436581205511,119.68833637956081,119.07858977841752,-128.6096275603224,986.5058349956283,7.039261246388114,117.39095576440869,119.80799096922092,119.20235495002478,128.6096275603224,1151.2968592809327,8.769342298126745,139.47786298220967,142.28403160709385,141.5810281211339,144.67249362279586,8.769342298126745,RMSE_Last_Known_TVT,Moderate
43c7f85a_,1409,7484,1506,5978,0.7987707108498129,11935.0,17912.0,5977.0,10419.02,10976.96,557.9399999999987,10976.95,10954.23,10978.5,24.270000000000437,6.908483948476711,-8.450000000000728,115.49000651649344,16.733159555746063,104.15106137943657,0.5043492806958849,10406.63,11110.62,703.9900000000016,102.76908445706175,30.612214732872996,12.720922059431686,35868,1.0,474.6885153627914,8.790990297759004,4.986172118206883,12.96265681443928,10.337060645849562,118.55092915998685,477.14417193312886,8.900003345601032,5.582713739357645,12.96265681443928,10.377421618878886,118.55092915998685,578.6947910035576,11.180370167514397,7.890184521209351,15.432412200415932,12.709312869663206,136.33403935126887,7.890184521209351,RMSE_Linear_Extrapolation_10,Moderate
43e16325_,2417,5845,2125,3720,0.6364414029084687,12395.0,16114.0,3719.0,9949.65,10952.65,1003.0,10952.1,10951.75,11036.23,84.47999999999956,26.25095903732139,84.1299999999992,78.7825955959451,13.242827472733554,89.8602723782652,0.16048387096774194,9937.5,11145.28,1207.7800000000007,86.15443938767066,27.569490583559777,7.371843791725567,22320,1.0,-310.3847156244336,-37.50433602150516,-51.599032990296685,-48.604035481426415,-54.252856309633835,33.498031956713106,310.3847156244336,37.52084139784927,51.59904846765089,48.60440149180166,54.252859528469756,33.498031956713106,319.5373304343513,45.776662453735184,61.989364903115096,58.54146124170063,65.04540569771714,34.95310988249747,34.95310988249747,RMSE_Z_to_TVT_Linear_Model,Difficult
44441e54_,2475,5568,1211,4357,0.782507183908046,12881.0,17237.0,4356.0,11550.85,11973.59,422.7399999999998,11971.16,11963.56,11976.91,13.350000000000364,3.6478127375243634,-5.149999999999636,63.026330280203126,12.690217042793611,71.91056119634175,0.40945604773927013,11538.45,12156.95,618.5,69.78060202020201,27.204072466680962,6.7542717399988845,26142,1.0,926.183364168445,0.396940555427739,-28.524332172321948,-29.57349484807271,-29.785740837121374,65.32961867719362,926.183364168445,3.0090819371126907,28.524332172321948,29.57349484807271,29.785740837121374,65.32961867719362,1035.8868085920778,3.668929750345109,32.89958942098987,34.10395981235599,34.34766449866503,72.7912339354019,3.668929750345109,RMSE_Last_Known_TVT,Easy
445af6c2_,2137,7998,1957,6041,0.7553138284571143,12254.0,18294.0,6040.0,10310.51,11223.73,913.2199999999993,11223.73,11186.93,11225.990000000002,39.06000000000131,13.70640646296734,-35.70999999999913,77.06847770236242,8.103422914669329,70.45140912267809,0.1607349776527065,10298.45,11366.45,1068.0,86.83195133364529,28.61748118353125,9.763473631282878,36246,1.0,1894.2337491576336,26.635234232742338,130.08159786832587,145.64577536683294,134.20894611754392,116.11650668280201,1894.2337491576336,26.973797384538525,130.08159847027318,145.64577536683294,134.20894611754392,116.11650668280201,2148.661974938038,29.954468486977532,148.44483622260594,166.3906233098157,153.2031648322801,130.0526431126632,29.954468486977532,RMSE_Last_Known_TVT,Difficult
4463446c_,1088,4729,1473,3256,0.6885176570099387,11896.0,15151.0,3255.0,10125.76,10529.79,404.03000000000065,10510.78,10510.16,10542.53,32.3700000000008,11.533783191744206,21.31999999999971,89.11890383317282,14.4623593772786,94.20208095442399,0.1977886977886978,10125.070000000002,10668.02,542.9499999999989,64.90039522058824,22.147474493282377,24.218508612584586,19536,1.0,344.79392725827614,-14.923918918918414,-1.1063431615824704,6.185799382896307,6.373654910626208,83.92457587865563,344.79392725827614,14.962309582309127,4.57901180109945,6.195226081401726,6.380712026347021,83.92457587865563,374.83746704925926,18.86029305975226,5.519434657374026,8.00203312749283,8.171325409812205,90.2665957075391,5.519434657374026,RMSE_Linear_Extrapolation_10,Easy
44a94013_,668,6492,1589,4903,0.7552372150338879,12054.0,16956.0,4902.0,10422.66,10953.08,530.4200000000001,10931.54,10871.44,10931.52,60.07999999999993,10.85723069966812,-60.100000000000364,80.34694498311912,11.97409884352778,95.87434956019129,0.2502549459514583,10411.01,11077.56,666.5499999999993,76.80726047904191,24.63539983778285,3.5396845040772007,29418,1.0,742.381716553949,20.574099530900185,-35.30177925653438,-68.56025702476867,-49.45831727589912,-110.73264248194252,742.381716553949,20.574099530900185,38.52730913007139,69.31183705597554,51.33416893934082,110.73264248194252,830.1824771467642,23.26260921867206,46.825968274941964,84.42700518869664,62.71243754259492,122.9212244405828,23.26260921867206,RMSE_Last_Known_TVT,Difficult
45fb3e21_,2177,5626,1977,3649,0.6485958051901884,12843.0,16491.0,3648.0,10516.240000000002,11477.1,960.8599999999988,11468.84,11428.820000000002,11468.83,40.0099999999984,15.54484185345158,-35.719999999999345,83.09774715722244,13.066524821756323,86.6298729586559,0.5661825157577418,10503.95,11591.95,1088.0,87.24163987138265,29.419176758405506,4.143892714160202,21894,1.0,1197.0749340504183,19.784617703480414,7.507344976503338,12.383648606593306,11.23844723519939,-84.49663319014354,1197.0749340504183,19.784617703480414,9.16068023637796,12.761790793644048,11.850497783956635,84.49663319014354,1300.9049685091368,25.15963005414619,11.972241580582882,17.020891370705776,15.799933028631566,90.8489833873245,11.972241580582882,RMSE_Linear_Extrapolation_10,Moderate
460f859e_,1607,4982,1646,3336,0.6696105981533521,12106.0,15441.0,3335.0,10560.39,11214.37,653.9800000000014,11214.37,11183.8,11244.820000000002,61.020000000002256,20.01246132655411,-27.9900000000016,128.37170767057515,22.083885279409486,126.35910702389667,0.6205035971223022,10548.3,11350.94,802.6400000000012,120.23068450528937,35.1190673769826,8.141023165285773,20016,1.0,174.25175959745968,-0.3230905275772664,56.00142462344783,58.73279867135323,59.24296037282887,25.527155015703926,174.25175959745968,17.57702338129476,56.00142683985652,58.73279867135323,59.24296037282887,25.527155015703926,221.82191816165636,20.01206991533264,74.12517973846106,77.1790810317966,77.75036681511655,32.21847669048816,20.01206991533264,RMSE_Last_Known_TVT,Difficult
4630ab92_,4421,5307,1934,3373,0.635575654795553,13285.0,16657.0,3372.0,11064.4,12026.48,962.0799999999999,12026.36,12003.11,12027.45,24.340000000000146,7.116476049926684,-6.470000000001164,94.5151793426964,19.256214920109556,116.99676220598423,0.27334716869255854,11051.95,12156.95,1105.0,86.3624949106537,28.684968138378757,8.152684432042705,20238,1.0,774.0945997595471,8.231473465757936,4.141776496313314,6.492036262042486,4.461342373347151,-57.90014932083733,774.0945997595471,8.369955529202837,4.731947461691594,6.742522991118136,4.906043111812533,57.90014932083733,866.2122312081586,10.880550178687447,7.1499218317160205,9.182977485859311,7.400760062789504,64.48927174596604,7.1499218317160205,RMSE_Linear_Extrapolation_10,Moderate
463c38f2_,2458,6048,1588,4460,0.7374338624338624,12363.0,16822.0,4459.0,10730.92,11195.45,464.53000000000065,11182.63,11172.19,11192.08,19.889999999999418,6.313134227581793,2.0100000000002183,90.16302765805365,15.39950258826377,109.34750777903014,0.22780269058295965,10718.46,11331.96,613.5,69.51666802278275,24.774258291940736,20.646359635270898,26760,1.0,424.62608872595644,-0.22250672645835368,101.83976600114693,79.26038706292707,101.90065461809903,-148.66826355495638,424.62608872595644,5.538295964125809,101.83980160381032,79.29574506464657,101.90068740402056,148.66826355495638,466.4003102880871,6.316346789980795,116.94054610012235,90.9171443039415,117.01075065683588,161.58637841274435,6.316346789980795,RMSE_Last_Known_TVT,Easy
4654e7de_,1517,7010,1637,5373,0.7664764621968616,12369.0,17741.0,5372.0,10620.98,11220.92,599.9400000000005,11220.92,11211.71,11234.02,22.31000000000131,5.036438755118676,7.139999999999418,79.49647565051211,9.655701996302328,56.74386810446781,0.05025125628140704,10608.45,11366.45,758.0,74.48356624917601,24.695577924027408,5.012909401336103,32238,1.0,1082.2951875447764,-1.5263744649172413,105.95362553500297,79.42560735323457,98.40938111738075,86.30943340254308,1082.2951875447764,4.3588888888889175,106.0925721197792,79.81695546077601,98.60300183972836,86.30943340254308,1251.3935867584764,5.262206132576318,123.59486291820052,93.00078251240367,114.89230569234013,98.56014189291558,5.262206132576318,RMSE_Last_Known_TVT,Easy
466fc788_,4112,7767,1570,6197,0.7978627526715592,12994.0,19190.0,6196.0,11141.52,12009.14,867.619999999999,11993.9,11986.5,12024.490000000002,37.9900000000016,11.012419057481825,22.42000000000189,96.59311539650633,15.914225089024804,97.93952994260601,0.4797482652896563,11129.2,12156.95,1027.75,85.31472762645915,29.468747022999743,11.278387770047189,37182,1.0,567.6239711570863,-12.908052283363435,-194.34041592079816,-199.5281028684104,-172.859607625669,-89.79499356805577,567.6239711570863,14.180109730515158,194.34041592079816,199.5281028684104,172.85973589297726,89.79499356805577,683.3654944393332,16.96677982284487,224.23328585467397,230.21888780092442,199.4513272929677,104.86938123364791,16.96677982284487,RMSE_Last_Known_TVT,Difficult
46a301e9_,2133,9962,1736,8226,0.8257378036538847,11861.0,20086.0,8225.0,10257.71,10973.64,715.9300000000003,10973.64,10955.96,10974.4,18.44000000000051,4.616204993175564,-12.519999999998618,56.867339898177775,11.364189994265042,74.28220626319874,0.4564794553853635,10245.55,11311.5,1065.9500000000007,119.97210501640882,45.73704891298209,63.10476511823104,49356,1.0,714.0489447754595,9.668798930220527,50.80379892948717,76.69996607699768,57.66391201545448,127.25045539314945,714.0489447754595,9.702207634329492,50.80379892948718,76.69996607699768,57.66391201545448,127.25045539314945,814.0424591421934,10.714122960128444,56.79581117837578,86.59431100183255,64.68043741832126,143.17557578003866,10.714122960128444,RMSE_Last_Known_TVT,Moderate
46a7190b_,1384,5646,1431,4215,0.7465462274176408,13572.0,17786.0,4214.0,11973.95,12500.95,527.0,12490.41,12489.3,12517.06,27.76000000000022,8.119113809469308,15.450000000000728,90.97392850393774,13.543083175659302,106.43148688097816,0.4099644128113879,11961.53,12652.570000000002,691.0400000000009,83.50720375722544,31.09060762491288,7.466724746712302,25290,1.0,189.02151837395334,-10.548066429419034,-27.795339156186895,-16.079210503796514,-20.979250102847043,33.501154838385396,189.02151837395334,10.620455516014502,27.807305941478504,16.125620778560744,21.008190527415557,33.501154838385396,208.49144194516316,13.31037471543342,32.67275186909365,19.398492389396004,24.917030736757457,35.57558430720209,13.31037471543342,RMSE_Last_Known_TVT,Moderate
46d24a09_,1665,6123,1674,4449,0.7266046055854973,13943.0,18391.0,4448.0,12162.28,12756.59,594.3099999999995,12738.91,12738.92,12779.66,40.73999999999978,9.811088455643453,20.170000000000073,80.67285882084889,14.41464445385911,80.93208136201565,0.21038435603506406,12149.95,12981.95,832.0,82.86681681681682,26.443856711340523,2.193957995967935,26694,1.0,1343.534894155941,-18.606754326815317,-6.605239176569555,-28.381800831456125,-18.479611469656838,-144.6882544010563,1343.534894155941,18.606754326815317,10.192815709401664,28.381800831456125,18.479611469656838,144.6882544010563,1534.6976417771439,21.034427197140683,12.679881806689517,30.913617289709535,20.915315082884383,164.02815347886252,12.679881806689517,RMSE_Linear_Extrapolation_10,Moderate
46d41ff6_,1220,9226,1325,7901,0.8563841318014307,12990.0,20890.0,7900.0,11682.29,12070.71,388.41999999999825,12061.59,12053.990000000002,12078.86,24.86999999999898,6.442274231389634,10.459999999999127,96.68476686919807,13.567670338584698,107.49550680510482,0.3350208834324769,11669.95,12279.45,609.5,75.01617213114754,24.647619406980873,21.66859473805053,47406,1.0,567.1734998348365,-3.1086571320086,-19.870475313031076,10.206912264932946,-13.509320756969956,122.6151980713113,567.1734998348365,5.903402100999892,19.877366960809404,13.35703793019639,13.542796874477677,122.6151980713113,647.8053983743296,7.152719312990992,22.675203736709605,14.74160417131931,15.81915800059416,138.9342996862424,7.152719312990992,RMSE_Last_Known_TVT,Moderate
46dfcfca_,1271,4921,1315,3606,0.7327778906726276,13479.0,17084.0,3605.0,12030.06,12482.81,452.75,12482.81,12482.85,12526.15,43.29999999999927,6.655231979884476,43.340000000000146,89.87767194667876,16.509150388603192,129.01725996893663,0.5268996117581808,12018.0,12652.570000000002,634.5700000000015,80.36836349331236,30.02829112734187,9.509308453366401,21636,1.0,28.632997187243653,-22.336797004992317,51.55205148081308,33.03492771749138,40.32714201064225,24.19529153952184,52.63109722989976,22.336797004992317,51.7960765568161,34.7832461841125,41.37289083289779,24.19529153952184,59.39103671820664,23.306915931867923,64.38472786690954,43.309904949324526,51.57936617003221,27.008786067267156,23.306915931867923,RMSE_Last_Known_TVT,Difficult
47222616_,1208,5835,1429,4406,0.7550985432733505,13296.0,17701.0,4405.0,11775.81,12214.75,438.9400000000005,12201.84,12194.09,12224.91,30.81999999999971,9.061608531037892,14.360000000000582,92.14049194907143,13.866185601159016,89.08140246972877,0.18883340898774398,11763.45,12366.95,603.5,79.89576986754966,26.536977919254706,12.244722081521772,26436,1.0,-132.74693855727898,-8.93916023604177,-88.2651602351908,-99.47306167618757,-98.94036383761105,-60.82556324083309,132.74693855727898,10.446236949614175,88.26516659016131,99.47306167618757,98.94036383761105,60.82556324083309,137.17819508423622,12.72802806095558,103.12564989803278,116.04903870912149,115.43471635772637,72.23627984234192,12.72802806095558,RMSE_Last_Known_TVT,Moderate
47ee27ab_,2191,8274,1877,6397,0.7731447909112884,12244.0,18640.0,6396.0,10512.36,11383.6,871.2399999999998,11367.15,11350.04,11378.47,28.429999999998472,7.701021318768992,-16.44999999999891,62.70704775543832,8.664683878239368,52.074643420403795,0.16726590589338752,10499.92,11594.55,1094.6299999999992,88.33596531264263,31.81609284029924,25.62891755720431,38382,1.0,1656.7452973066306,1.3104783492256846,-88.2615216504292,-86.64983224188681,-96.56125610451949,-125.82135664874417,1656.7452973066306,6.483672033765797,88.28999687319046,86.68129334860389,96.57605100031118,125.82135664874417,1863.7834617385843,7.811133847911845,100.22377989616605,98.36747723772926,109.7856913499503,139.7649689590672,7.811133847911845,RMSE_Last_Known_TVT,Moderate
481de5fc_,1874,7694,1742,5952,0.7735898102417468,13308.0,19259.0,5951.0,11278.79,12073.69,794.8999999999996,12071.51,12049.73,12074.04,24.31000000000131,6.3559497089985735,-21.780000000000655,79.41871116100313,16.686011587000966,124.06763167056452,0.37163978494623656,11266.45,12202.95,936.5,93.00691035218784,35.031267528463694,13.588199191184714,35712,1.0,633.4088225993241,12.092641129032321,12.09264112857073,-8.406540269106744,4.385900192673874,-101.47998892878901,633.4088225993241,12.261061827957043,12.26106182751027,11.437656033304442,7.162787166808311,101.47998892878901,746.3630835254228,13.661013098019078,13.661013097593216,15.170180931144827,8.458237321137807,117.04601493514207,8.458237321137807,RMSE_Linear_Extrapolation_50,Moderate
48c1f673_,1989,4666,1749,2917,0.6251607372481783,11770.0,14686.0,2916.0,9975.04,10854.48,879.4399999999987,10854.43,10853.27,10881.91,28.639999999999418,9.178875432136206,9.729999999999563,71.58686229234047,10.15378026887742,50.20681817502156,0.03599588618443606,9962.6,10956.570000000002,993.9700000000012,73.64086475615888,28.657321413205885,2.0540024638184065,17502,1.0,1147.3759794276352,-16.040349674322798,-21.080531492978036,-10.225011180497516,-16.372434188108908,-128.1920093354358,1147.3759794276352,16.27227973945825,21.14856976392053,10.7585841993121,16.590749472481967,128.1920093354358,1264.0333379110693,18.480143096264484,23.938358843468762,12.59107444613623,18.83311619119397,139.4503972601403,12.59107444613623,RMSE_Linear_Extrapolation_100,Moderate
4936af16_,1480,5559,1568,3991,0.717934880374168,11978.0,15968.0,3990.0,10294.1,10871.0,576.8999999999996,10868.75,10855.46,10873.35,17.890000000001237,4.759212274934451,2.430000000000291,88.75879119522921,12.621469196786746,78.09666242430829,0.5590077674768229,10281.83,11021.27,739.4400000000005,81.02745270270269,34.59996912356106,7.731338492526518,23946,1.0,884.1840755507467,1.907870207967791,46.303748995877825,54.742163877305295,42.57643011187225,71.96543521852247,884.1840755507467,3.982357805061394,46.30430515632974,54.742163877305295,42.58026792125315,71.96543521852247,1003.5253498287096,5.12683088404085,54.572597857371846,64.29319429187443,50.2817185886675,80.75440720338183,5.12683088404085,RMSE_Last_Known_TVT,Easy
493b5b31_,2633,6884,2213,4671,0.6785299244625218,13844.0,18514.0,4670.0,11672.990000000002,12702.37,1029.3799999999992,12688.25,12671.320000000002,12720.46,49.1399999999976,15.847389924731104,26.579999999999927,50.49100665804161,24.664862631801846,189.73118555844738,0.047099122243630914,11660.88,12976.83,1315.9500000000007,104.45879605013293,30.500485334742088,53.96778939209132,28026,1.0,-712.6180174798774,-13.483857846285717,-191.44458511879623,-166.6615384943373,-194.30988809849305,42.007122861420285,712.6180174798774,18.939546135731156,191.4445943829211,166.6914403477211,194.3098915843318,42.01556111272354,821.9290347390736,20.806259253075513,224.71292028245725,196.1198263279099,228.0190855707903,49.42115814809081,20.806259253075513,RMSE_Last_Known_TVT,Difficult
49dbc14c_,1272,5198,1326,3872,0.7449018853405156,11832.0,15703.0,3871.0,10727.95,11199.1,471.14999999999964,11199.1,11190.98,11208.09,17.110000000000582,3.734869118600742,-6.229999999999563,117.99392388142189,16.737076432325082,105.15610997744355,0.6738119834710744,10715.78,11350.94,635.1599999999999,110.77823899371067,32.27927492460172,7.21568488771122,23232,1.0,361.4074640709575,4.000211776859731,15.149757231721978,14.966507276433545,14.575873001363828,63.48296955757336,361.4074640709575,4.961157024793553,15.817297771409422,15.638102374227875,15.256151534842969,63.48296955757336,408.6606415396028,5.472416193779096,17.92785391879944,17.718310261024826,17.271791803370153,71.229019596249,5.472416193779096,RMSE_Last_Known_TVT,Easy
4a035ec2_,1933,4522,1934,2588,0.572313135780628,13653.0,16240.0,2587.0,11795.22,12615.11,819.8900000000012,12610.1,12581.25,12610.09,28.840000000000146,10.379614458034652,-28.850000000000364,75.0723686583281,7.785986999162666,50.33092714206204,0.08693972179289026,11782.95,12748.95,966.0,84.88235385411278,25.035742736816083,9.809985195784677,15528,1.0,571.0602957370927,15.167812982998688,4.1841766192790555,2.714979319634228,2.8848261883119997,73.36650729463723,571.0602957370927,15.167812982998688,5.5658578051910474,4.451321997950858,4.578258865857205,73.36650729463723,647.4398206645551,18.37817503927824,6.4009237975004565,5.065827451845162,5.20943719180937,80.00558319298797,5.065827451845162,RMSE_Linear_Extrapolation_100,Easy
4a335117_,2440,6727,1712,5015,0.7455031960755166,11908.0,16922.0,5014.0,10144.21,11189.89,1045.6800000000003,11189.89,11189.95,11237.240000000002,47.29000000000087,10.95210235513914,46.6200000000008,115.51847403115079,19.856674804690634,166.076318664265,0.2875373878364905,10131.89,11350.94,1219.050000000001,130.14710655737704,32.836212575801184,14.628632526226255,30090,1.0,-448.54775123111375,-22.49027118644141,131.1817288137481,130.42233079377783,131.65809279912204,152.33420325777888,448.54775123111375,22.49027118644141,131.18173359939118,130.42234062250944,131.65809601348855,152.33420325777888,465.9043589778079,25.01473417971471,159.0862840667127,158.21396408849014,159.6335082885062,164.04600515342491,25.01473417971471,RMSE_Last_Known_TVT,Difficult
4a8ecc0b_,2096,7374,1565,5809,0.7877678329264985,12802.0,18610.0,5808.0,11016.75,11869.86,853.1100000000006,11866.88,11849.79,11889.01,39.219999999999345,10.552735300285741,4.940000000002328,111.1116331771658,17.178343637826593,118.63400250553372,0.01996901359958685,11004.4,12051.84,1047.4400000000005,97.83876431297709,31.107000253529183,13.272868864188709,34854,1.0,899.5794217992313,-3.790218626270524,-214.358703474283,-75.2281169161523,-193.9941345925902,-91.93978361200173,899.5794217992313,9.65338612497878,214.358703474283,75.23655226934503,193.99415519596326,91.93978361200173,1044.039702985133,11.211904800768597,249.30562264378264,88.98422308574021,225.81041712341045,106.0740466386597,11.211904800768597,RMSE_Last_Known_TVT,Moderate
4b462989_,1746,4738,1632,3106,0.6555508653440271,11984.0,15089.0,3105.0,10285.43,10976.77,691.3400000000001,10976.77,10964.39,10982.94,18.55000000000109,5.5310631978611235,-4.520000000000437,75.66172927065763,7.870201903744083,56.08859430001367,0.3966516419832582,10272.91,11145.28,872.3700000000008,76.8351030927835,25.78381842823289,1.1733738221258676,18636,1.0,823.5029345189752,3.611584030908221,62.927038576588764,74.4236843309287,72.99727214613283,-116.97545361153476,823.5029345189752,5.420083708950559,62.927038576588764,74.4236843309287,72.99727214613283,116.97545361153476,914.5455775185228,6.605024585467642,70.51693182526164,83.74534700145387,82.1032690820743,128.4732956871936,6.605024585467642,RMSE_Last_Known_TVT,Moderate
4b831d20_,2762,9433,2121,7312,0.7751510654086717,13773.0,21084.0,7311.0,11380.6,12565.66,1185.0599999999995,12550.17,12519.11,12550.13,31.019999999998618,9.64941623694234,-29.23999999999978,84.83005906797173,13.862093586235043,74.1524661718531,0.038840262582056896,11368.45,12748.95,1380.5,87.01119116582187,21.75268243485334,2.1811320978501385,43872,1.0,802.5659982962828,13.265391137855495,-101.96976037718032,-100.54599629084588,-101.25987608893357,-167.02528017692492,802.5659982962828,13.265391137855495,102.4141817517598,101.01784547566122,101.71787621857162,167.02528017692492,927.8656849239702,16.40332593479727,119.1519885012226,117.51200343506648,118.33428330772826,191.531959151238,16.40332593479727,RMSE_Last_Known_TVT,Difficult
4c2208f5_,2171,7248,1864,5384,0.7428256070640177,13937.0,19320.0,5383.0,11914.89,12678.2,763.3100000000013,12672.98,12673.0,12722.77,49.77000000000044,12.04980899580664,32.02000000000044,65.02686383421151,13.611439816950245,65.70376254311064,0.037704309063893014,11902.45,12987.45,1085.0,90.89391524643021,28.5451269854891,25.8670514122187,26920,0.8333333333333334,1307.9924161678327,-35.38692421991142,28.580348508230575,37.13737686016127,30.813020557928862,-77.11547236975254,1307.9924161678327,35.38692421991142,33.835126998704816,40.418357623029806,35.509137761202005,77.11547236975254,1366.5999844807764,37.38188510729996,44.54355203249048,53.75867295852812,46.92183576724304,80.1854686513702,37.38188510729996,RMSE_Last_Known_TVT,Difficult
4c3168cf_,1719,5959,1625,4334,0.7273032387984562,12802.0,17135.0,4333.0,11335.04,12002.04,667.0,11997.88,11994.68,12010.69,16.01000000000022,3.0035787328776355,7.1600000000016735,94.01305416626457,15.687962086658592,119.1056704893357,0.23534840793724043,11322.95,12181.95,859.0,76.83637579988364,23.046246941563417,17.176678366380926,26004,1.0,745.7550747230505,-3.2137148131066073,-49.71644208633863,-76.47846638829216,-65.46910256818326,-89.02912173841798,745.7550747230505,3.695394554684543,49.71644208633863,76.47846638829216,65.46910256818326,89.02912173841798,834.3504936684824,4.398564145674671,56.17002005071917,87.0266788599565,74.32846977204937,97.66192441700098,4.398564145674671,RMSE_Last_Known_TVT,Easy
4c3df468_,1314,6903,1511,5392,0.7811096624655947,12044.0,17435.0,5391.0,10466.61,10950.44,483.8299999999999,10942.490000000002,10942.51,10978.56,36.04999999999927,8.808377488013502,14.179999999998472,110.85066979688679,18.271899961374512,100.73676759023458,0.5070474777448071,10454.13,11110.62,656.4900000000016,100.66302130898023,30.61805473299124,10.187648487906557,32352,1.0,862.8860386790276,-18.76659866468697,25.84821951744926,32.26674708989853,30.89043614934108,134.16337394834656,862.8860386790276,18.76659866468697,26.72068566255259,32.8548386065719,31.516738260686896,134.16337394834656,995.5114420122393,20.730613836474724,37.6581587035346,44.68819897803326,43.170026884942175,152.8443838155451,20.730613836474724,RMSE_Last_Known_TVT,Difficult
4caa7289_,1374,6854,1458,5396,0.787277502188503,12179.0,17574.0,5395.0,10692.01,11200.7,508.6900000000005,11191.1,11186.09,11208.25,22.159999999999854,6.721242193942675,15.420000000000073,82.80979929970992,14.996985392795343,69.45796371994282,0.6123054114158636,10679.95,11366.45,686.5,71.9839883551674,23.989850001425722,10.825810944542525,32376,1.0,641.5446692435473,-6.966551148999061,-107.54700569512323,-97.74172702658268,-109.16098140119608,-112.9413582214296,641.5446692435473,7.443967753891618,107.54700569512323,97.74176361600885,109.16098140119608,112.9413582214296,710.1848822601177,9.679853283039389,125.1819952149987,113.86543202499855,127.04481913109909,123.6975183628549,9.679853283039389,RMSE_Last_Known_TVT,Moderate
4cd1ac61_,2357,6709,2220,4489,0.6691012073334327,13225.0,17713.0,4488.0,10886.34,11859.88,973.539999999999,11859.88,11859.92,11876.44,16.520000000000437,2.540621183788332,16.230000000001382,119.16736649083023,26.372974932865556,185.6157815224835,0.11940298507462686,10873.9,12051.84,1177.9400000000005,99.38027577428934,29.71517771364993,19.787090716540888,26934,1.0,1119.470823704878,-14.524092225440919,58.54045322838988,56.330882872082434,51.08704342885637,-143.54270619627968,1119.470823704878,14.524092225440919,58.86049097724219,56.687429257716715,51.53774814768704,143.54270619627968,1310.1610568765243,14.744577751415134,71.27905097302067,68.73796756643374,62.710672909417774,161.1968782562643,14.744577751415134,RMSE_Last_Known_TVT,Difficult
4cecf7b3_,2662,7676,1657,6019,0.7841323606044815,13369.0,19387.0,6018.0,11504.09,12068.56,564.4699999999993,12052.16,12034.43,12064.67,30.23999999999978,8.374533350511006,-17.729999999999563,83.83048218661955,13.733207928366866,75.51827941745975,0.48297059312178103,11491.7,12156.95,665.25,72.29665289256198,27.91610862451177,11.533829294057568,36114,1.0,1051.105307458052,2.6952832696458406,62.89528326936073,78.28592893419467,64.35077906801105,-102.55177696305677,1051.105307458052,7.490684499086172,62.99249543085142,78.30177672731432,64.4378531123286,102.55177696305677,1209.9918380490021,8.796914734080126,73.11754605420539,90.79781429820288,74.7877335579247,117.08595872469152,8.796914734080126,RMSE_Last_Known_TVT,Moderate
4ddde4c1_,2185,6417,1945,4472,0.6968988623967586,12110.0,16581.0,4471.0,10042.84,10960.240000000002,917.4000000000015,10958.48,10948.98,10967.34,18.360000000000582,3.5078041732434877,8.860000000000582,107.7656190906984,11.019808127743257,53.46734134979617,0.07535778175313058,10030.45,11122.45,1092.0,135.77227917620138,49.82061248622512,28.006660085502986,26832,1.0,963.9418464602152,2.952828711985101,-27.815989469347418,-28.066413052181538,-27.512972968660673,-109.09499886933538,963.9418464602152,3.8113841681570455,27.81601155966021,28.06643127237565,27.513000364091116,109.09499886933538,1084.6574678389595,4.584881244279585,34.2837592825066,34.570614846058305,33.93671153485018,120.40347047669202,4.584881244279585,RMSE_Last_Known_TVT,Easy
4e050c92_,2659,5236,1531,3705,0.7076012223071046,13113.0,16817.0,3704.0,11504.78,12049.0,544.2199999999993,12048.33,12031.3,12051.3,20.0,5.358206427207395,-10.450000000000728,92.14745674866218,10.687367338609697,75.4096703418759,0.19406207827260458,11492.45,12156.95,664.5,72.25996239187664,27.910448996818424,19.88749435678554,22230,1.0,494.1512898364627,4.123616734142836,-9.577352962815558,-8.513921099589375,-10.029477143472498,62.70110871175891,494.1512898364627,4.699427800269788,9.577362057814126,8.513983425951565,10.029482625308953,62.70110871175891,570.2707004529072,6.760683545123174,10.83892110640269,9.695088426106677,11.330558113156519,71.14617705240524,6.760683545123174,RMSE_Last_Known_TVT,Moderate
4ed93db6_,2108,6496,1839,4657,0.7169027093596059,12549.0,17205.0,4656.0,10496.88,11384.63,887.75,11373.78,11360.05,11374.51,14.460000000000946,5.021469300449002,-11.680000000000291,100.56866696288625,11.270708635537783,103.37760061724478,0.037363109297831223,10484.44,11537.41,1052.9699999999993,94.33124762808349,33.195824782913746,6.237419334802766,27942,1.0,890.5921476948394,7.630581919691303,-65.62705444376091,-54.45162780126817,-64.28379359049447,-85.89256824035897,890.5921476948394,7.678866222890737,65.62706709334024,54.45294161570738,64.2838159507205,85.89256824035897,969.9078275144402,9.134304566059011,75.70871847572442,62.81075993444628,74.15830981879438,93.25214549589958,9.134304566059011,RMSE_Last_Known_TVT,Moderate
4f3eb9e9_,820,5911,1214,4697,0.7946201996278126,12573.0,17269.0,4696.0,11140.42,11357.320000000002,216.90000000000146,11349.63,11342.8,11404.12,61.32000000000153,23.792809121850834,43.8600000000024,93.9087440925101,12.4484203333158,100.01394184544938,0.049819033425590804,11128.21,11537.41,409.2000000000007,69.09779268292684,30.766289293713406,24.810951409583268,28182,1.0,341.0675662499261,-22.983434106877674,-142.42652501641615,-130.97301808527433,-139.3065908896092,-102.58985345697553,341.0675662499261,25.06252288694947,142.42652501641615,130.97311546202073,139.30659293224016,102.58985345697553,379.72606829823104,33.07892812639342,169.38290588622002,156.19013701341842,165.78869328791083,113.94911950588987,33.07892812639342,RMSE_Last_Known_TVT,Difficult
4f4ac5ce_,707,6899,1737,5162,0.7482243803449775,12309.0,17470.0,5161.0,10556.01,11198.17,642.1599999999999,11197.18,11185.95,11211.33,25.3799999999992,7.805868112421651,13.600000000000364,90.0854179810405,12.691140887420898,81.27951377023228,0.5984114684230918,10544.45,11250.45,706.0,98.62239038189533,22.861408327942186,8.536972400854836,30972,1.0,1223.7621588568582,-2.6744769469196576,-6.429386037216119,2.1206225130554706,-1.817902397165613,-93.33920916362216,1223.7621588568582,7.186414180550179,9.487376245577785,5.380624013869321,6.706970057986248,93.33920916362216,1386.1703781523242,8.250612102027123,11.531302765907734,6.313075158494889,7.650762810162523,104.58147273185878,6.313075158494889,RMSE_Linear_Extrapolation_100,Easy
4f4afcc6_,1523,7184,1539,5645,0.7857739420935412,12204.0,17848.0,5644.0,10617.93,11178.62,560.6900000000005,11177.65,11165.71,11198.09,32.38000000000102,8.321118320523281,-7.529999999998836,81.13634136788845,11.089814968630208,81.32854333511418,0.07263064658990256,10605.45,11366.45,761.0,74.68484569927774,24.855639741589673,6.451495668610704,33870,1.0,1406.8667423998197,0.2522497785646035,-18.738841128909346,1.6020045940586,-0.7793483006845541,102.2529609919367,1406.8667423998197,6.541695305580084,19.10394266689959,7.205241385204824,6.1282578183094625,102.2529609919367,1639.2638789888404,8.324204115356522,20.565628326908154,8.986702852277556,7.987638952134693,117.77277025652462,7.987638952134693,RMSE_Linear_Extrapolation_50,Moderate
4f69febf_,2590,7599,2139,5460,0.718515594157126,11967.0,17426.0,5459.0,9828.42,10957.58,1129.1599999999999,10941.33,10940.15,10963.63,23.479999999999563,5.9162361902440725,20.600000000000364,118.81849889659675,17.41862188476638,103.91358172212003,0.02857142857142857,9816.15,11110.62,1294.4700000000012,120.40618146718145,31.603956370974487,1.587682570584704,32760,1.0,1560.9168698446886,-13.72025457875479,-93.15298185145966,-108.02777588087481,-114.46750980090715,-84.04349336429638,1560.9168698446886,13.836166666666854,93.15298218445999,108.02777588087481,114.46750980090715,84.04349336429638,1792.404291856424,14.941245790403045,106.23266390429961,123.39830248928311,130.83058419332818,95.72782712431047,14.941245790403045,RMSE_Last_Known_TVT,Difficult
4fbe9c06_,1812,7938,1651,6287,0.7920131015369111,12090.0,18376.0,6286.0,10473.18,11208.65,735.4699999999993,11207.94,11188.72,11213.45,24.730000000001382,9.134441929441453,5.510000000000218,80.99186336611255,12.040779716241172,88.59179035738055,0.6146015587720693,10460.95,11366.45,905.5,81.7814293598234,28.06259341343515,0.7895659937108519,37722,1.0,2097.7757572971877,8.825023063464641,-13.087704210352664,-4.990465685375244,-8.973111870384423,115.12200047338143,2097.7757572971877,10.129518053125672,13.286226027772045,7.745618024237718,9.780742096859937,115.12200047338143,2383.2916835855817,12.700621635010842,19.42014211555488,12.175431609369339,15.458945141398111,130.27948562846677,12.175431609369339,RMSE_Linear_Extrapolation_100,Moderate
504c8b08_,1956,8012,1645,6367,0.794682975536695,12113.0,18479.0,6366.0,10386.37,11225.47,839.0999999999985,11211.9,11181.48,11211.87,30.390000000001237,6.079883394935464,-26.659999999998035,122.9556670498273,23.67143471931645,134.3279764802826,0.18595885032197268,10373.83,11350.94,977.1100000000006,124.46700920245398,33.28838731952093,1.511342152626682,38202,1.0,911.1447417771568,19.74191613004503,-69.41008387046668,-76.33674069561471,-70.02165649910482,-87.21760897523923,911.1447417771568,19.74191613004503,69.56687356733396,76.4116652658668,70.16997611531175,87.21760897523923,1043.7040842457766,20.6567768266876,84.00481820359026,91.97393058945663,84.70821355438801,99.17770057950811,20.6567768266876,RMSE_Last_Known_TVT,Difficult
511e1db0_,3428,5645,1824,3821,0.6768821966341896,11965.0,15785.0,3820.0,10488.73,11203.89,715.1599999999999,11183.18,11178.31,11189.070000000002,10.760000000002037,2.4284519368003354,3.640000000001237,99.90135535709707,16.44264871751308,114.1251867444702,0.05679141585972258,10476.19,11331.96,855.7699999999986,82.12755250875146,30.1640648268173,17.77380284834561,22926,1.0,415.09672033224274,-1.0530672598794453,8.444023649096984,-0.7001084840332107,14.110132740068698,96.23676883041286,415.1150901710952,2.3002329233184264,8.585145170514064,2.0512107602062697,14.234917956034298,96.23676883041286,487.717227861831,2.646655635093415,9.52299618505009,2.4108244496853173,15.973539148305628,108.92642150978293,2.4108244496853173,RMSE_Linear_Extrapolation_100,Easy
512943b2_,1887,6681,1652,5029,0.7527316270019458,12438.0,17466.0,5028.0,10607.19,11360.3,753.1099999999988,11360.12,11348.64,11365.15,16.51000000000022,3.3865922475905808,-9.020000000000437,105.70977351101672,18.33644694762474,89.63849093233698,0.7713263074169815,10594.91,11537.41,942.5,92.48064652888183,34.58055369197093,13.229126982134886,30174,1.0,85.0486615278349,2.1904772320547523,2.1904772320361916,14.720051789542232,8.51511348661242,86.98595987717941,126.45873136739284,2.6439033605095275,2.643903360497026,14.720051789542232,8.51511348661242,86.98595987717941,161.8848585322248,4.032978673574936,4.032978673559744,17.55889290001623,10.552948690733349,99.45776091719684,4.032978673559744,RMSE_Linear_Extrapolation_10,Easy
5138a660_,2138,4829,1270,3559,0.7370055912197142,12953.0,16511.0,3558.0,11635.18,12064.62,429.4400000000005,12064.4,12053.52,12067.51,13.989999999999782,4.297641491327124,-8.850000000000364,82.22717284089117,16.28179548864209,84.29352951317338,0.38746838999719024,11622.7,12156.95,534.25,67.80029934518242,27.718870197062504,14.426873495708747,21354,1.0,917.4083581761694,3.3976566451245054,-12.676282748202189,53.13298217766638,22.460110426596447,70.18358858256788,917.4554885877735,4.17007586400645,12.676310028592503,53.13298217766638,22.460110426596447,70.18384792200894,1038.558353772935,5.4780109058052355,14.328404511706731,62.0569630770969,26.740328068998732,79.32863245207959,5.4780109058052355,RMSE_Last_Known_TVT,Easy
516088b7_,1742,8300,1655,6645,0.8006024096385542,12220.0,18864.0,6644.0,10736.7,11468.81,732.1099999999988,11463.26,11449.87,11478.56,28.68999999999869,6.354161139785037,-2.0799999999999272,79.32204080186511,9.98691053689891,68.35727597658163,0.5921745673438675,10724.41,11594.55,870.1399999999994,82.00308266360504,32.38307084389818,2.681041861739928,39870,1.0,1485.1519767693953,-0.4775349887132369,-30.485231958732385,-25.178800755283714,-27.754059358534768,-154.12004501902757,1485.1519767693953,5.1255229495861405,30.487964968285016,25.212304138525027,27.769742548397193,154.12004501902757,1660.6250075180606,6.371603205164532,34.24088520438684,28.240646274189128,31.14644709913877,169.94680366341436,6.371603205164532,RMSE_Last_Known_TVT,Moderate
521a7819_,2087,7224,2024,5200,0.7198228128460686,12399.0,17598.0,5199.0,10335.77,11225.79,890.0200000000004,11225.79,11187.65,11229.79,42.14000000000124,10.507450485687519,-16.730000000001382,79.76220407375115,14.86331623370161,92.98953854309661,0.15788461538461537,10323.45,11366.45,1043.0,86.17583133684714,28.57573791486438,6.413627263095989,31200,1.0,484.46145651930874,23.083300000000712,127.10329999873687,232.30269267926468,213.29879243704008,-121.04482281289754,486.0205124766282,23.487584615385202,127.10329999873687,232.30269267926468,213.29879243704008,121.04482281289754,561.028878134733,25.361861575542044,143.96528787605277,265.2922947006246,243.36459113349562,130.66218505313685,25.361861575542044,RMSE_Last_Known_TVT,Difficult
5254b6db_,1967,5115,1841,3274,0.640078201368524,13318.0,16591.0,3273.0,11232.21,12042.06,809.8500000000004,12042.06,12042.11,12052.36,10.25,2.196929378378729,8.470000000001164,100.58228199175218,16.293386594918456,98.28009725673559,0.21991447770311545,11219.95,12202.95,983.0,94.69995424504322,35.03502925677867,5.882327746708967,19644,1.0,335.5302989578703,-6.955262675626789,84.34776762794021,95.97347719837849,97.88798462326582,-93.73265178104845,335.5302989578703,6.955262675626789,84.34776762794021,95.97347719837849,97.88798462326582,93.73265178104845,369.65194392552473,7.293881229520888,99.13819553479665,112.55360957125177,114.76301766063688,99.4702887880274,7.293881229520888,RMSE_Last_Known_TVT,Moderate
529e88ca_,1959,5253,1836,3417,0.6504854368932039,11840.0,15256.0,3416.0,10155.92,11004.46,848.539999999999,11004.46,10996.240000000002,11032.5,36.2599999999984,11.761323813864207,12.260000000000218,121.80448532821264,17.02749481050982,105.82070915691928,0.549897570968686,10143.45,11122.45,979.0,131.17,50.26326418526468,9.365514671787352,20502,1.0,1428.1824744263363,-9.734015218028528,13.881257509047122,19.428098253327086,20.524106750749652,-162.61750892542585,1428.1824744263363,12.875765291191529,14.026119722079724,19.428098253327086,20.524106750749652,162.61750892542585,1624.8667024736033,15.265625031718603,17.110348310142058,22.856894464306595,24.031754938395128,182.26091660929234,15.265625031718603,RMSE_Last_Known_TVT,Difficult
52f1e77a_,1328,6053,1611,4442,0.7338509829836445,13168.0,17609.0,4441.0,11530.53,12024.5,493.96999999999935,12024.5,12024.3,12047.25,22.950000000000728,7.758299168352076,21.25,76.44302564642277,12.120084060725334,69.65538946416956,0.062359297613687525,11518.45,12181.95,663.5,69.60115963855421,20.5965846045683,6.8418660078685605,26652,1.0,318.55051316458815,-11.863793336335121,176.62711575493393,140.9087549985147,183.75834976088268,53.00984731354439,318.55051316458815,11.866990094552134,176.6271182108301,140.9103362463288,183.75835063500088,53.00984731354439,383.6062818697442,14.174880875648114,208.02104262681507,166.84094441904728,216.24553354897216,61.730547475580806,14.174880875648114,RMSE_Last_Known_TVT,Difficult
5305524b_,636,6457,1559,4898,0.7585566052346291,12086.0,16983.0,4897.0,10455.29,10975.83,520.539999999999,10943.14,10913.54,10946.55,33.0099999999984,7.945778882631734,-21.61999999999898,92.33206080295308,18.07981055283735,113.43244706999783,0.35443037974683544,10442.990000000002,11077.56,634.5699999999979,75.90125786163522,24.902877150718876,16.430802941317864,29388,1.0,873.7946744161309,14.614975500203434,-42.83693359065383,-116.55314052140436,-72.84481897762271,-123.63101129611051,873.7946744161309,14.936702735809947,42.83693359065383,116.55314052140436,72.84481897762271,123.63101129611051,969.5739078310945,16.63490369332069,50.919578092035636,135.85112667245068,85.44868833893403,136.59279430369256,16.63490369332069,RMSE_Last_Known_TVT,Difficult
53134831_,4194,7214,2088,5126,0.7105627945661215,13277.0,18402.0,5125.0,11290.4,12212.46,922.0599999999995,12206.570000000002,12184.22,12206.53,22.31000000000131,5.1963236982023,-19.200000000000728,89.80652909284075,13.158435799015082,78.36437528786405,0.5793991416309013,11277.86,12325.65,1047.789999999999,82.51645684310921,25.416332968705856,7.290072249731537,30756,1.0,663.4316194608928,16.54739367928346,-82.72996995557325,-74.67167346739474,-73.74566202298408,67.28083592738176,663.6369386811255,16.54739367928346,82.79431479294948,74.76646998067879,73.84438144776547,67.28083592738176,777.4746511310146,17.343954276390388,98.45883741437073,89.17226249025916,88.10534643371835,75.61263171601419,17.343954276390388,RMSE_Last_Known_TVT,Difficult
5397ceb1_,1525,6811,1556,5255,0.7715460284833358,12726.0,17980.0,5254.0,10842.46,11433.070000000002,590.6100000000024,11402.9,11386.53,11418.91,32.3799999999992,9.127602574908149,14.149999999999636,93.06411523637902,15.917294795847562,93.75454566836596,0.08544243577545195,10829.95,11591.95,762.0,76.90208524590163,29.048179005282105,16.162029990477393,31530,1.0,579.6291754048568,-1.5106850618463716,-117.93904869851798,-108.30178713212942,-117.73832299707601,110.15913764903672,579.6291754048568,7.204058991436694,118.12144041780145,108.5744418589371,117.9223856537804,110.15913764903672,647.059029031517,9.25091584943266,139.686105009252,128.57715055411032,139.45469641090173,121.2463513796015,9.25091584943266,RMSE_Last_Known_TVT,Moderate
53f23031_,1823,10200,1650,8550,0.8382352941176471,12551.0,21100.0,8549.0,10693.22,11393.77,700.5500000000011,11389.73,11388.12,11413.39,25.269999999998618,6.909416024273432,11.930000000000291,82.7651427388144,13.422560254630305,90.17024547746297,0.04105263157894737,10680.95,11591.95,911.0,83.33044432254525,30.369278349597906,0.565301583730843,51300,1.0,1316.2500515404415,-8.128433918129238,-53.215524828142485,-56.29727136181963,-59.92716861211227,135.30597987622284,1316.2500515404415,8.257030409357222,53.215524828142485,56.29727136181963,59.92716861211227,135.30597987622284,1496.0935258356863,10.667984070510432,62.1160563382184,65.6678412013,69.85224496419673,153.0022506198539,10.667984070510432,RMSE_Last_Known_TVT,Moderate
543198e8_,2011,8311,1808,6503,0.782456984719047,11888.0,18390.0,6502.0,10152.62,10978.35,825.7299999999996,10978.35,10930.34,11020.64,90.29999999999927,19.33307783845792,-48.01000000000022,77.00401553471697,13.128327379460462,87.55422030892224,0.2755651237890204,10140.46,11145.28,1004.8200000000015,80.15064147190452,25.566816193746664,3.146625937187551,39018,1.0,2187.5754956525516,-6.8668045517451315,66.25392272099683,49.98084837356291,52.63425475207345,-200.580566972575,2187.5754956525516,15.780502844840782,66.25896623005325,50.01914615866004,52.64801031850415,200.580566972575,2439.618579948111,20.51495618405221,85.46405544613009,67.37121645026606,70.29639720483836,222.1299732683377,20.51495618405221,RMSE_Last_Known_TVT,Difficult
54753541_,1251,5679,1653,4026,0.7089276281035394,12122.0,16147.0,4025.0,10269.13,10777.98,508.85000000000036,10775.6,10755.93,10826.28,70.35000000000036,16.224767924794257,50.68000000000029,83.57985647436229,16.18019891288259,100.06902280119567,0.2985593641331346,10256.65,10881.6,624.9500000000007,73.71116706634692,24.636274606296837,9.86868940801537,24156,1.0,492.4872890990747,-0.028790362642593006,-24.190790362715084,-24.05873182675309,-25.682665752787184,69.84485884176729,492.4872890990747,11.417409339294709,25.364761549983616,25.258759595885955,26.57840718068685,69.84485884176729,525.5795772934315,16.22277834812335,37.08442803213551,36.94517665444224,38.66449439281915,73.94609768518755,16.22277834812335,RMSE_Last_Known_TVT,Difficult
54a7e3c2_,1609,7893,1738,6155,0.7798048904092234,12218.0,18372.0,6154.0,10519.92,11159.12,639.2000000000007,11158.45,11157.820000000002,11176.88,19.05999999999767,5.309506812538198,4.769999999998618,114.74711552159734,14.942478527305846,94.86245958917112,0.3445978878960195,10507.54,11311.5,803.9599999999991,109.22770043505282,46.70866638515658,5.519415086544512,36930,1.0,616.6329438942316,-9.677082047115574,-42.13599113758967,-26.463217780705858,-48.56999537235627,-129.23484609693207,616.7470376739498,9.716913078797182,42.13599113758967,26.464347436300176,48.56999537235627,129.23484609693207,718.1935400778535,11.037762426443331,45.83396244029301,28.186510724656788,53.166117341924824,143.5722558343611,11.037762426443331,RMSE_Last_Known_TVT,Moderate
5542c301_,2135,5433,1842,3591,0.6609607951408062,11966.0,15556.0,3590.0,10090.83,10996.4,905.5699999999997,10979.91,10970.05,10991.03,20.980000000001382,5.444002846667271,-0.9099999999998545,79.52706414445414,14.113882190762336,108.74762967171448,0.48120300751879697,10078.47,11145.28,1066.8100000000013,82.2351569086651,26.749843467755237,2.70809276421096,21546,1.0,880.4698073123363,-0.795828460039271,-61.315586035345554,-75.54757931513588,-71.10674898825454,-126.04401211942027,880.4698073123363,4.3290615427457215,61.3155874867856,75.54757931513588,71.10674898825454,126.04401211942027,973.9330868732233,5.501114137426537,69.3002612775952,85.69175038574495,80.57529411592391,136.7632356303685,5.501114137426537,RMSE_Last_Known_TVT,Easy
5567d551_,1452,8390,1501,6889,0.8210965435041716,12539.0,19427.0,6888.0,10881.86,11429.83,547.9699999999993,11415.03,11390.41,11429.2,38.79000000000087,7.529220203131009,14.170000000000073,85.12019991891765,9.341740799973962,69.77736048687828,0.6619248076643925,10869.39,11594.55,725.1599999999999,74.65271349862259,30.489822404099122,10.46748642029506,41334,1.0,1391.2321387856084,7.01375235883343,-8.227762793260373,-8.331329849366396,-7.4246437994565175,-144.07724726129766,1391.2321387856084,7.816475540717537,13.844509350071936,13.93691828947288,13.128381465574154,144.07724726129766,1591.3791239066645,10.289492216812466,16.441579480424583,16.53970484279283,15.690768549535521,163.72246391714256,10.289492216812466,RMSE_Last_Known_TVT,Moderate
55efee7f_,3769,6577,1776,4801,0.7299680705488825,12208.0,17008.0,4800.0,10403.5,11228.11,824.6100000000006,11228.11,11183.490000000002,11245.03,61.539999999999054,18.510650132706292,11.909999999999854,77.20710826242912,14.43303645677682,90.75005682427451,0.011039366798583628,10391.02,11331.96,940.9399999999987,87.54759617935792,33.59478166315506,10.340487916928808,28806,1.0,921.4181154504154,18.024496979796314,24.572678798392957,27.461514741573474,32.23334403865445,-156.9463251630137,921.4181154504154,21.817810872735148,25.156812406764132,27.4615183059874,32.23334573918053,156.9463251630137,1004.3776423856289,25.83515609352923,30.47914367324814,32.873983457861605,37.149009799759774,169.47957972289126,25.83515609352923,RMSE_Last_Known_TVT,Difficult
5663b2b7_,2171,6907,1935,4972,0.7198494281164036,13329.0,18300.0,4971.0,11130.5,12065.21,934.7099999999991,12055.54,12027.93,12071.36,43.43000000000029,14.689672258774623,-3.0100000000002183,81.16260305910401,16.738640179933956,94.22283783936841,0.1566773934030571,11117.95,12202.95,1085.0,97.83491017964072,34.754080663879854,16.6723071205367,29832,1.0,298.5636888030113,7.03055108608278,12.003551085625318,23.524409021897092,20.829581338242104,-64.55231725179112,309.73257265191745,13.36353177795676,13.399221238793842,23.524409021897092,20.829581338242104,64.55231725179112,458.68014786472804,16.28409405856329,17.535358664500986,25.668328113460745,23.34446305838817,79.96641093119716,16.28409405856329,RMSE_Last_Known_TVT,Difficult
5693dde2_,2326,4846,1358,3488,0.7197688815517953,13013.0,16500.0,3487.0,11757.19,12251.38,494.1899999999987,12249.48,12236.37,12249.55,13.179999999998472,3.545951827015539,-2.899999999999636,79.76842143546081,9.898429056210546,63.6742937707796,0.5874426605504587,11744.79,12325.65,580.8599999999988,67.96778159931212,24.372982411590943,11.80063983614869,20928,1.0,369.90397159061877,5.9867603211003315,15.713669412189262,31.68696671176784,25.78903427065635,103.65098827174086,369.90397159061877,5.988377293577413,15.713675041880673,31.68696671176784,25.78903427065635,103.65098827174086,436.9219744549059,6.95783505375875,17.16775019028574,35.30595356029874,28.563228635402695,116.65662025081018,6.95783505375875,RMSE_Last_Known_TVT,Moderate
56b00794_,1145,7293,1228,6065,0.8316193610311258,11916.0,17980.0,6064.0,10585.55,10989.23,403.6800000000003,10989.23,10989.26,11032.27,43.01000000000022,10.727973447432522,22.409999999999854,75.43183364242383,11.33638504900009,107.22727763995104,0.4314921681780709,10573.34,11145.28,571.9400000000005,64.40375545851528,21.939849020561702,11.028078183908548,36390,1.0,355.3240537012231,-27.95740148392474,78.65714396997919,69.27950472672762,82.49768615103132,65.72025903976049,355.3240537012231,27.95740148392474,78.65714396997919,69.2814413573239,82.49768615103132,65.72025903976049,386.9659632222114,29.944728017238926,95.2165173466951,84.45061458458892,99.62949222139973,70.4999745466149,29.944728017238926,RMSE_Last_Known_TVT,Difficult
57796579_,4014,7622,1732,5890,0.7727630543164524,12160.0,18049.0,5889.0,10342.23,11207.070000000002,864.840000000002,11192.64,11185.7,11214.97,29.269999999998618,8.333844691037953,20.38000000000102,80.28825408005514,8.807817916646188,69.97513934564853,0.06723259762308999,10329.83,11331.96,1002.1299999999992,90.51311659192825,34.57816897086053,10.224862511873113,35340,1.0,932.4829210186734,-9.733129032258816,-186.46312903177,-194.5332511143468,-194.13628029282725,-182.85614172134936,932.4829210186734,10.441954159593033,186.46312903177,194.5332511143468,194.13628029282725,182.85614172134936,1025.2348220564459,12.813078334954168,214.91650175893358,224.22996163085378,223.77182160156178,200.24904709896376,12.813078334954168,RMSE_Last_Known_TVT,Moderate
577eec7c_,8236,6085,1546,4539,0.7459326211996713,10943.0,15481.0,4538.0,9425.83,10070.820000000002,644.9900000000016,10062.71,10060.240000000002,10094.35,34.10999999999876,10.842860056383344,-2.469999999997526,79.06853466866251,12.058904916626991,77.18772895650241,0.34236615994712494,9413.35,10236.85,823.5,77.24854055366683,27.279627532408067,1.81999411499568,27234,1.0,729.1615844213148,-15.451044282882716,0.23259208175578908,-28.126539032363784,-13.021354006755315,91.3222217791256,729.1615844213148,15.699046045385314,15.852012618357776,28.126539032363784,14.264526677604273,91.3222217791256,854.5046002571631,18.875287599886814,17.62960023432624,29.534107199702195,17.50140482511177,105.17182753312687,17.50140482511177,RMSE_Linear_Extrapolation_50,Difficult
57f05c51_,2380,6478,1707,4771,0.7364927446742822,13462.0,18232.0,4770.0,11799.51,12687.240000000002,887.7300000000014,12664.45,12664.14,12727.97,63.82999999999993,18.136707954649054,12.68999999999869,55.15058359125938,19.138516693028524,187.76815408474152,0.05805910710542863,11787.38,12976.83,1189.4500000000007,104.0750924369748,31.83823047582451,48.92450884571542,28626,1.0,-679.6791384043182,-31.47371620205348,-98.13711014154346,-190.20721623205884,-151.44626458142662,54.48598133588121,679.6791384043182,31.47847411444084,98.13711014154346,190.20721623205884,151.44626458142662,54.50445173595378,763.6302343836857,36.3244551404309,111.42112295305067,217.3075436861287,172.66690077186354,61.63768474562716,36.3244551404309,RMSE_Last_Known_TVT,Difficult
58850d2c_,1877,6918,1923,4995,0.7220294882914137,13796.0,18790.0,4994.0,11727.36,12537.14,809.7799999999988,12526.59,12505.490000000002,12526.6,21.109999999998763,4.9183607186768254,-13.930000000000291,107.16366258703941,16.96275933451342,89.82392018364725,0.022022022022022022,11715.09,12652.570000000002,937.4800000000014,92.49352690463506,31.104493579169123,14.67013568240435,29970,1.0,-256.59014335265624,14.052252252252249,16.47455528262535,21.55614532153121,22.404508674860292,-31.76200831932047,256.59014335265624,14.052264264264263,16.474561470631535,21.55614532153121,22.404508674860292,31.76200831932047,259.1735157087324,14.887955622671049,17.37209386446073,22.819814963902385,23.74879007556102,35.87488637893778,14.887955622671049,RMSE_Last_Known_TVT,Difficult
58fa8486_,1894,6126,1651,4475,0.7304929807378387,13224.0,17698.0,4474.0,11268.94,12054.65,785.7099999999991,12052.81,12030.56,12058.92,28.360000000000582,9.235625035558735,-7.600000000000364,87.36660572989526,13.790738515829156,95.32577414511027,0.28268156424581004,11256.45,12202.95,946.5,93.36668426610349,35.021326271391914,6.000078536208235,26850,1.0,477.9588625864934,7.450983240222805,22.099710512754005,9.21707612950639,11.249941223443521,-103.49238271807519,477.9588625864934,9.975671508379627,22.582602051616902,11.430614663115241,13.125169593938493,103.49238271807519,526.3379838025746,11.865701003853058,28.016189829197433,13.715624359958765,15.90239086418566,113.21156793757653,11.865701003853058,RMSE_Last_Known_TVT,Moderate
591cc951_,4005,6669,2060,4609,0.6911081121607437,12406.0,17014.0,4608.0,10344.490000000002,11220.12,875.6299999999992,11212.45,11182.16,11212.5,30.340000000000146,8.474338385569252,-14.610000000000582,78.56300665845885,11.95640906308053,80.97726159077934,0.009112605771316989,10332.08,11331.96,999.8799999999992,90.40930586766542,34.54742921697758,11.846299209206578,27654,1.0,754.2982072533732,12.404091993925533,21.344698056158805,9.056482332983055,21.547719845132836,-162.42161652126197,754.2982072533732,12.404786287698574,21.34469831914887,9.090636915626673,21.547719917020995,162.42161652126197,826.8743667425335,15.021994805073081,25.039362852159712,11.412330043302267,25.269693913940827,174.94536772597948,11.412330043302267,RMSE_Linear_Extrapolation_100,Moderate
593876b6_,1420,6366,1524,4842,0.760603204524034,12533.0,17374.0,4841.0,10840.83,11369.77,528.9400000000005,11369.77,11357.05,11385.9,28.850000000000364,6.6002670865956095,-11.659999999999854,98.63472752306251,12.480436783786075,90.6904192608533,0.03593556381660471,10828.33,11537.41,709.0799999999999,80.71497183098592,31.820170456014296,17.919755692076592,29052,1.0,855.4705235379796,-10.353948781494957,104.55723303603537,100.00629514292189,113.01290067835544,85.73257986945666,855.4705235379796,11.659173895084432,104.55723303603537,100.00629642260375,113.01290067835544,85.73257986945666,981.1734124287684,12.278386863654298,125.7542157740024,120.51640491127661,135.48956969521308,97.52972693584515,12.278386863654298,RMSE_Last_Known_TVT,Moderate
59f8b2e8_,1728,5668,1921,3747,0.6610797459421313,12753.0,16499.0,3746.0,10800.33,11512.21,711.8799999999992,11509.990000000002,11498.37,11521.1,22.729999999999563,5.831124720331117,11.109999999998763,70.04019489439736,11.534901594418352,74.18158665081445,0.337336535895383,10787.95,11651.45,863.5,78.14987268518517,25.493163443970662,8.109677790787813,22482,1.0,4.72129693426451,2.210677875635289,1.1884960580438344,-5.300840396194741,-2.483095953814085,107.58586064163269,54.836859809984944,5.224363490792942,5.279466967468289,7.838268594738931,6.435888926163566,107.58586064163269,62.21536610568494,6.235385931133263,6.285816361748709,10.41655461682134,8.047030493623735,117.05641439240067,6.235385931133263,RMSE_Last_Known_TVT,Easy
5a1a8fd8_,3282,6814,1554,5260,0.771940123275609,12785.0,18044.0,5259.0,11349.13,12020.75,671.6200000000008,12020.75,11994.16,12027.14,32.97999999999956,7.56005404884162,-9.6200000000008,88.71574570854915,15.276472406415996,209.40431953755106,0.5304182509505704,11336.7,12156.95,820.25,79.58968921389396,30.03081321814016,9.126056494655188,31560,1.0,984.5572771894186,10.77873384030405,112.65082474928785,128.02153156008168,125.00369638524194,84.84174908414666,984.5572771894186,11.554365019011302,112.65082523321458,128.02153156008168,125.00369638524194,84.84174908414666,1078.9128518124662,13.165282167987698,127.37548105311897,145.08250439454116,141.6051604471238,91.82340953670126,13.165282167987698,RMSE_Last_Known_TVT,Moderate
5a5269a9_,1424,8053,1540,6513,0.8087669191605613,12228.0,18740.0,6512.0,10838.75,11407.18,568.4300000000003,11404.87,11393.68,11416.28,22.600000000000364,5.82325339449745,-2.070000000001528,88.68804749424584,9.92392654132684,61.32015009883243,0.46338093044679873,10826.33,11537.41,711.0799999999999,80.86275983146068,31.89730315114644,7.825287662785158,39078,1.0,965.3394019594213,-0.6862413634263369,-16.477756514843357,16.948073247988802,10.86222826442508,149.54648188512172,965.3394019594213,5.076396437893407,16.520662497749775,17.432731039794863,11.70340756558798,149.54648188512172,1122.0186647494395,5.863105043604518,18.221381788001263,22.087586317500822,15.416062505241895,172.47302533527827,5.863105043604518,RMSE_Last_Known_TVT,Easy
5a5d1982_,1739,5446,1552,3894,0.7150201983106867,12095.0,15988.0,3893.0,10509.58,11202.990000000002,693.4100000000017,11200.16,11190.56,11213.88,23.31999999999971,6.726326920837401,13.719999999999345,76.88662473775037,13.01561692609096,100.33369014017218,0.2840267077555213,10497.45,11366.45,869.0,80.24508913168489,27.593833297561538,3.3584643939345256,23364,1.0,1065.7073164003275,2.2962275295323167,-10.451045197214453,-12.031132056447083,-10.162161425970496,78.4663199062909,1065.7073164003275,6.164871597329147,12.405687864385834,13.618369818616166,12.189917033379963,78.4663199062909,1172.702530479749,7.106652935637849,16.987595969487227,18.661982683771612,16.68487355142664,85.53319476893951,7.106652935637849,RMSE_Last_Known_TVT,Moderate
5a63b5d1_,1814,8052,1835,6217,0.7721063089915549,12505.0,18721.0,6216.0,10757.03,11513.11,756.0799999999999,11512.320000000002,11481.67,11513.25,31.579999999999927,8.935998078440834,-11.960000000000946,79.5339117716619,11.36576374879068,79.78104123447855,0.546244169213447,10744.95,11651.45,906.5,80.08656560088203,26.367056679484687,0.5526538292201195,37302,1.0,612.5488010152405,17.27524046968129,59.10542228877928,42.63751661729356,60.68031417908536,-38.609570869175045,612.5488010152405,17.312811645489475,59.1054232831203,42.642080331055894,60.680314847507795,38.609570869175045,743.3304183252603,19.44924550712061,65.50586859437557,46.837916739837326,67.30133291156947,45.147574334712566,19.44924550712061,RMSE_Last_Known_TVT,Difficult
5aa03df7_,2277,6752,1881,4871,0.7214158767772512,12289.0,17159.0,4870.0,10385.42,11330.19,944.7700000000004,11330.0,11318.08,11358.92,40.840000000000146,6.388204187926826,28.920000000000073,91.36918108587264,10.635151721978557,93.6341100819505,0.3319646889755697,10373.06,11510.29,1137.2300000000014,88.8584936319719,28.208347492334813,2.5106874539007435,29226,1.0,-661.5180816576907,-1.6046212276741398,-0.27589395543396417,1.6885467291495309,-0.29216408479584943,91.72969343448496,661.5180816576907,4.428558817491318,4.2128899796315675,4.458464390029054,4.212114699660271,91.72969343448496,696.67784571337,6.58601427636249,6.072491948159762,5.990779764964015,6.076700307843422,102.23280923044102,5.990779764964015,RMSE_Linear_Extrapolation_100,Easy
5aa403d0_,1702,4702,1584,3118,0.6631220757124627,11981.0,15098.0,3117.0,10307.01,10960.64,653.6299999999992,10960.64,10960.68,10991.01,30.329999999999927,8.054352390477204,28.81000000000131,77.526244987911,10.031032262641958,87.33481170608067,0.5792174470814625,10294.9,11145.28,850.380000000001,76.28285546415981,25.877183026081887,1.2433895237511905,18708,1.0,937.7682097828099,-24.389355355998145,32.22522040105646,27.614003959930567,30.793355568368156,-116.26691004913741,937.7682097828099,24.389355355998145,32.63534775543378,28.14279008341807,31.238602260656595,116.26691004913741,1048.24824620367,25.684478606280763,41.90073494833781,36.697744772743,40.28172451182138,128.6275761877664,25.684478606280763,RMSE_Last_Known_TVT,Difficult
5aef5c6c_,822,4853,1732,3121,0.6431073562744694,12340.0,15460.0,3120.0,10553.83,11323.15,769.3199999999997,11323.1,11292.89,11335.21,42.31999999999971,9.535492015120553,-30.210000000000946,86.61833561874435,14.294584112670078,98.33945241847599,0.6507529637936559,10541.45,11362.45,821.0,90.5845498783455,23.315172165047723,3.966214259601145,18726,1.0,724.8531179650482,5.337289330343088,2.972137814980014,5.264227224121674,3.832882607748453,41.1140224116364,724.8531179650482,8.276719000320538,7.459007214037717,8.240297490557678,7.676582238536931,41.1140224116364,794.6878331621286,10.926258823623487,9.887605873259785,10.885406091204315,10.193429908979514,44.758182314055,9.887605873259785,RMSE_Linear_Extrapolation_10,Moderate
5b7b6324_,1470,8197,1633,6564,0.8007807734537026,13656.0,20219.0,6563.0,12026.58,12526.45,499.8700000000008,12518.5,12515.070000000002,12555.81,40.73999999999796,10.883335280206435,37.30999999999949,79.36377513086447,10.868990422362273,88.07358434534294,0.5402193784277879,12014.45,12748.95,734.5,79.25649659863944,25.741580064534595,0.10727853222502404,39384,1.0,1125.608857309716,-13.925300121877045,-13.726360727918903,-22.963648606704638,-19.91339976173511,-143.4325466565097,1125.608857309716,14.51312157221217,14.35033862388373,22.963648606704638,19.91339976173511,143.4325466565097,1282.9863365641502,17.673226229685234,17.455680864633024,27.76430538138384,24.32624843186729,162.67620302382034,17.455680864633024,RMSE_Linear_Extrapolation_10,Difficult
5bd25f59_,2265,6120,1910,4210,0.6879084967320261,11773.0,15982.0,4209.0,9836.96,10803.98,967.0200000000004,10803.98,10792.990000000002,10805.7,12.709999999999127,3.1218422871307436,-7.75,70.07817240286155,14.20730647978985,54.21066970564662,0.021852731591448932,9824.61,10956.570000000002,1131.960000000001,75.34524944812361,27.432322649030688,5.267077045262056,25260,1.0,1441.166973626988,3.013011876483991,40.01876945235531,47.942726787962926,45.507208755207394,-164.13815762093262,1441.166973626988,3.340684085510328,40.018770604014406,47.942726787962926,45.507208755207394,164.13815762093262,1616.0703156881852,4.338412715856817,45.62055828815165,54.7493714325698,51.94276165498038,182.56675944715323,4.338412715856817,RMSE_Last_Known_TVT,Easy
5beded95_,1906,4779,1722,3057,0.6396735718769617,12325.0,15381.0,3056.0,10654.67,11412.820000000002,758.1500000000015,11412.820000000002,11387.21,11412.89,25.68000000000029,6.677200882198618,-16.18000000000211,84.82951477674,9.01981299382163,51.24191623771662,0.6234870788354596,10642.42,11594.55,952.1299999999992,85.00697271773348,32.52790289564878,0.17745794099347734,18342,1.0,1506.01521790524,15.24674517500959,23.494078508545005,27.706741874685193,27.25774685566596,72.87865724195832,1506.01521790524,15.24858357867325,23.494081521996492,27.706743085601182,27.257748258700182,72.87865724195832,1636.5396809656963,16.64432832796459,25.1340634645646,29.71308173913572,29.220655878370266,78.4845402205405,16.64432832796459,RMSE_Last_Known_TVT,Difficult
5cb483ac_,2580,5206,1354,3852,0.7399154821359969,12924.0,16775.0,3851.0,11524.570000000002,12001.48,476.90999999999804,11997.63,11990.37,12010.59,20.219999999999345,5.827415468028402,6.800000000001091,92.28272455093604,13.219493342246482,77.85869049519562,0.11941848390446522,11512.2,12156.95,644.75,71.28897674418604,27.679121393361022,20.993747806749994,23112,1.0,474.3398282817458,-1.8525545171349058,-3.7206757288831134,11.758835581884831,6.651798184024236,62.532749107559326,474.3398282817458,5.160155763239877,6.200863714801459,11.758835581884831,6.89916108729965,62.532749107559326,525.842491273794,6.114075023717169,7.614314050410146,12.969631924887317,7.824438890563875,68.83231776183071,6.114075023717169,RMSE_Last_Known_TVT,Easy
5cdd8dbc_,1758,5751,1741,4010,0.6972700399930447,12243.0,16252.0,4009.0,10484.9,11202.41,717.5100000000002,11189.87,11177.990000000002,11226.44,48.44999999999891,14.187791659435963,32.82999999999993,121.95247265733657,23.412553453624234,155.60535321581597,0.41970074812967584,10472.81,11350.94,878.130000000001,122.42127417519909,34.404725793723316,0.46880151786251645,24060,1.0,-780.6206920091635,-9.781967581046743,-81.97996758158403,-76.09127082137147,-81.38674405174093,-67.6679125136477,780.6206920091635,13.184441396508621,82.1924384045202,76.38491251075745,81.60654517749673,67.6679125136477,893.0046847058121,17.231660513857207,99.00933170850236,92.23310783372204,98.32655522118354,77.96292643891199,17.231660513857207,RMSE_Last_Known_TVT,Difficult
5d11dfb5_,2071,7643,1748,5895,0.7712939945047756,13162.0,19056.0,5894.0,11395.990000000002,12223.13,827.1399999999976,12220.12,12195.35,12241.4,46.04999999999927,9.75733180263525,-24.770000000000437,90.56676520945445,15.713981326173935,89.13423084746138,0.495843935538592,11383.45,12418.45,1035.0,93.99051183003381,28.936521899518006,3.423746620579365,35370,1.0,1025.1038618880084,0.19117896522541966,-33.04082103480959,-27.03514446709332,-37.145435680708026,-145.1572016990005,1025.1038618880084,7.165377438507153,33.04082103480959,27.035230520889552,37.145435680708026,145.1572016990005,1163.5129153139108,9.758377072411292,39.35109988753175,32.678341803659464,43.95826415546976,162.87903204876548,9.758377072411292,RMSE_Last_Known_TVT,Moderate
5d7198fd_,1417,4797,1429,3368,0.7021054825932874,13689.0,17056.0,3367.0,11984.38,12241.42,257.0400000000009,12239.46,12213.81,12248.28,34.470000000001164,12.43478832745269,-25.44999999999891,80.62978337022174,10.198728642803518,88.9137224177594,0.041270783847980996,11971.92,12325.65,353.72999999999956,63.83916019760056,27.40171131224164,16.79062317262118,20208,1.0,266.2207059308582,4.907553444179495,24.202735263199965,-40.84564988616346,23.19964612120127,-135.31093889369114,266.2207059308582,10.714774346793444,24.6405404887756,40.84564988616346,23.733054141896986,135.31093889369114,294.5560205062659,13.36645546990557,33.367179572115305,43.93066914411332,32.2539202909914,146.57263822066105,13.36645546990557,RMSE_Last_Known_TVT,Moderate
5def1ce5_,1516,7997,1554,6443,0.8056771289233463,12164.0,18606.0,6442.0,10621.05,11183.3,562.25,11183.3,11172.66,11200.01,27.350000000000364,7.689855469592195,-3.039999999999054,79.92598035723319,10.52281844757607,76.03957768223292,0.027161260282477107,10608.95,11366.45,757.5,74.44780343007915,24.664400100825723,5.478176927154038,38658,1.0,702.0110806155468,-2.3909684929389603,59.31521332488983,132.27393771768484,98.64445335579083,97.18707332678387,702.0110806155468,6.495295669719121,59.315213588271746,132.27393771768484,98.64445335579083,97.18707332678387,823.0624499999859,8.052417616706911,70.2362680984962,154.2340690857942,115.47201729555812,113.15759014894084,8.052417616706911,RMSE_Last_Known_TVT,Moderate
5eae34a8_,751,6652,1748,4904,0.7372218881539386,12047.0,16950.0,4903.0,10182.15,10896.98,714.8299999999999,10895.45,10885.27,10911.08,25.80999999999949,7.288117915466156,-6.010000000000218,84.75899372066631,14.199584865846342,85.66514371130916,0.4641109298531811,10170.45,10920.45,750.0,86.35130492676431,20.124085136014564,1.5923112060980031,29424,1.0,1076.7542814517335,-1.2715925774872108,35.14431651352367,27.43803613538945,33.760588694982154,83.47359455047683,1076.7542814517335,6.527102365415816,35.252170584411076,27.61721754586314,33.88008480037399,83.47359455047683,1207.8528201055688,7.397484649492449,43.75698758146234,35.01587267419118,42.18261473934102,92.67911443404533,7.397484649492449,RMSE_Last_Known_TVT,Moderate
5f4d2a52_,1927,7112,1887,5225,0.734673790776153,12392.0,17616.0,5224.0,10070.48,10879.95,809.4700000000012,10865.83,10865.21,10959.12,93.91000000000167,31.856212861232706,51.57999999999993,91.38066494758549,27.880634643745477,163.8429907146989,0.21511961722488038,10058.34,11021.27,962.9300000000003,91.72103269330566,36.217415020983346,0.34036774572017237,31350,1.0,915.7115160483022,-47.166553110048056,-90.87491674766171,-120.69965013979045,-105.91356871639245,-127.72434844874284,915.7115160483022,47.20917129186623,90.87491800038029,120.69965013979045,105.91356871639245,127.72434844874284,1050.836071587775,56.914917258531396,106.88694641125566,141.1882623149405,124.17345765773634,145.52796341784287,56.914917258531396,RMSE_Last_Known_TVT,Difficult
5f6756c5_,4346,8064,2133,5931,0.7354910714285714,13536.0,19466.0,5930.0,11252.23,12238.22,985.9899999999998,12202.3,12196.37,12217.71,21.339999999998327,5.4133752558239845,-2.0499999999992724,88.6282097244513,13.40348525186438,103.51838990792842,0.03237228123419322,11239.87,12325.65,1085.7799999999988,83.0075747814082,25.335154427380022,5.6206349430431,35586,1.0,1176.351273916093,-6.649104704097966,-40.80304409664376,-62.442118685499054,-44.73069317951807,-147.8211635929097,1176.351273916093,7.229455403811122,40.8030465490893,62.442118685499054,44.73069317951807,147.8211635929097,1350.2197971461528,8.573813859683462,44.55286410372001,69.32252504037598,49.03246351830128,165.74761073341426,8.573813859683462,RMSE_Last_Known_TVT,Moderate
5f75f796_,1948,7324,1762,5562,0.7594210813762972,13651.0,19212.0,5561.0,11912.48,12769.39,856.9099999999999,12769.39,12769.4,12791.35,21.950000000000728,5.329637720612754,21.960000000000946,75.59663039528867,9.478284420194282,75.52061938227402,0.5016181229773463,11899.95,12873.45,973.5,93.7597638603696,25.652485460850478,18.163133465080932,33372,1.0,1478.140103456363,-7.548252427185176,13.523717269766726,29.781764194465637,14.387197512703453,-120.94439887315129,1478.140103456363,7.548252427185176,14.210730334612396,29.96368360517733,15.041147714319415,120.94439887315129,1662.814883516652,9.239915906257119,16.142581733981647,34.71179028724732,17.117671649991586,135.1575352040196,9.239915906257119,RMSE_Last_Known_TVT,Moderate
5fb1c15f_,1897,4857,1997,2860,0.588840848260243,12242.0,15101.0,2859.0,10209.59,11012.490000000002,802.9000000000015,11012.240000000002,11011.4,11035.320000000002,23.92000000000189,6.906505130876366,14.389999999997599,86.88203638285196,17.68233922327528,71.5265666012969,0.5237762237762238,10197.44,11145.28,947.8400000000001,78.76758566157089,25.667915523301758,8.114450721281074,17160,1.0,977.3821909180517,-16.93754895104749,4.823390443066628,-4.0837360497512725,13.286700748844867,-103.40562716410219,977.3821909180517,16.976688811187472,9.28184859090513,7.09369219451794,15.227482034782547,103.40562716410219,1082.9204085852912,18.291082508578185,12.348065947539244,8.624355324354804,20.558687748031744,113.3973961955186,8.624355324354804,RMSE_Linear_Extrapolation_100,Moderate
5fffa282_,2158,6223,2022,4201,0.6750763297444963,12577.0,16777.0,4200.0,10528.54,11438.39,909.8499999999985,11435.87,11425.34,11435.87,10.530000000000655,2.575933399545704,-4.450000000000728,89.64607325789879,21.990545226391767,125.75255003732845,0.07998095691502023,10516.42,11594.55,1078.1299999999992,88.13909175162188,32.0154005174384,1.5069815062769152,25206,1.0,1655.4194709072708,4.6528326588914055,-1.0771673405370354,-9.848290773417688,-8.580692911428981,69.7902573751577,1655.4194709072708,4.6528326588914055,3.830514812126046,10.171045267448067,9.098130373309205,69.7902573751577,1892.303185033478,5.318148657346763,4.284339799219799,13.142592660428113,11.736163475562114,78.9788315406586,4.284339799219799,RMSE_Linear_Extrapolation_10,Easy
60e37807_,2205,4641,1942,2699,0.5815556992027581,12700.0,15398.0,2698.0,10502.29,11424.490000000002,922.2000000000007,11424.490000000002,11418.22,11465.15,46.93000000000029,16.736102826903814,24.05999999999767,83.84811420290164,13.118498938735973,79.78602084644854,0.025935531678399407,10489.95,11591.95,1102.0,87.50233106575963,29.32315482208125,3.654216862857993,16194,1.0,726.6449121906263,-12.479651722858856,14.520348277473731,22.79500174247272,21.469039753784546,-78.82233814855691,726.6449121906263,14.88360874397892,14.520348277473731,22.79500174247272,21.469039753784546,78.82233814855691,857.9724610049093,20.874268055180604,16.20317629525402,24.46576384789371,23.074750387342743,91.93453938988979,16.20317629525402,RMSE_Linear_Extrapolation_10,Difficult
61f27424_,2799,8341,2121,6220,0.7457139431722815,13172.0,19391.0,6219.0,11031.88,12146.66,1114.7800000000007,12146.12,12140.17,12151.05,10.8799999999992,2.8044260933324416,4.229999999999563,68.26968388528165,7.263390849108965,45.88254836353313,0.07652733118971061,11019.45,12418.45,1399.0,97.25290460878885,25.604980460940048,28.983220723507202,37320,1.0,1753.5560558506136,0.2463520900328032,4.770715726996412,2.339803515137318,4.101430361453192,-131.7814801534452,1753.5560558506136,2.2160144694532082,5.147755481382694,3.0606605923930355,4.5593574970007,131.7814801534452,1951.6166914018988,2.8150009994687166,6.506838048092354,4.130780750036042,5.814471738469004,145.28721839662296,2.8150009994687166,RMSE_Last_Known_TVT,Easy
62569ae3_,1824,5242,1654,3588,0.6844715757344525,13079.0,16666.0,3587.0,11282.65,11952.04,669.3900000000012,11952.04,11935.4,11957.06,21.659999999999854,7.21027745274908,-13.960000000000946,63.7166709208053,6.431263259220741,38.97601882950079,0.3124303232998885,11270.45,12181.95,911.5,78.51680921052632,23.40995893197405,14.80013828972102,21528,1.0,275.8816258789603,3.82995261984464,40.04622534708446,73.66631475608071,50.31719679752455,56.25037784973217,280.8078186105083,6.111797658862902,40.04622534708446,73.66631475608071,50.31719679752455,56.25037784973217,342.77849116067915,8.163464251076302,48.565045664042586,87.27136441732705,60.37459535056891,64.25656390346838,8.163464251076302,RMSE_Last_Known_TVT,Moderate
62a6f539_,1630,5253,1560,3693,0.703026841804683,12012.0,15704.0,3692.0,10549.13,11200.51,651.380000000001,11200.51,11184.59,11204.73,20.139999999999418,5.844754312751116,4.170000000000073,122.07890080032344,24.444364340821394,139.75078046502864,0.6999729217438397,10536.8,11350.94,814.1400000000012,120.54683435582822,34.97927546785603,1.5320664444952143,22158,1.0,-721.2581424677361,5.263590576766921,7.614317849185421,7.6699550532268175,4.866252761654664,-68.79674736585099,721.2581424677361,6.4420525318170005,7.625230189486525,7.680639231896473,6.321042339019232,68.79674736585099,774.0743335702117,7.864940463331049,9.486397170683551,9.530797793653344,7.652285541946503,75.44141403620503,7.652285541946503,RMSE_Linear_Extrapolation_50,Moderate
633774dc_,1871,7972,1739,6233,0.7818615153035625,12123.0,18355.0,6232.0,10388.67,11164.2,775.5300000000007,11153.89,11142.1,11184.86,42.76000000000022,9.344446203734325,30.970000000001164,114.10791789127224,18.961339331594434,117.41740142662289,0.3641905984277234,10376.55,11311.5,934.9500000000007,117.09117049706039,47.92753582029515,2.9832526057881523,37398,1.0,1492.043313478725,-10.709271618803857,1.9476374716232017,-30.1369817897807,-7.340067777235122,-132.3610689427734,1492.043313478725,12.272037542115049,5.519477774604913,30.500078317949463,9.3450914769492,132.3610689427734,1706.829953790682,14.212429924790966,6.525971251433402,35.74510347520993,10.855453143343308,149.23097583187658,6.525971251433402,RMSE_Linear_Extrapolation_10,Moderate
63559d57_,3428,5810,1741,4069,0.7003442340791738,12878.0,16946.0,4068.0,11481.820000000002,12142.48,660.659999999998,12133.94,12129.67,12149.61,19.94000000000051,3.721804079629376,15.670000000000073,60.4583437202145,7.668718645124082,38.95620446125403,0.6586384861145245,11469.34,12325.65,856.3099999999995,79.52937572928822,26.74576567674343,19.07103200907372,24414,1.0,725.3083455408932,-4.570931432784084,27.12573523412298,20.104771537494763,23.625911304296512,116.13821586757133,725.3083455408932,5.153408699925977,27.526263634365986,20.669122583659128,24.092908718942134,116.13821586757133,789.9796980454907,5.894220519880757,32.088620614818645,24.04845491087332,28.075966509644484,125.51757072876642,5.894220519880757,RMSE_Last_Known_TVT,Easy
647f2a41_,2086,5836,1955,3881,0.6650102810143934,13079.0,16959.0,3880.0,11021.570000000002,11897.48,875.909999999998,11897.17,11880.71,11901.86,21.150000000001455,5.547066082905287,-4.8400000000001455,100.22784186355881,12.914188393976206,78.00303730198377,0.43442411749549087,11009.4,12051.84,1042.4400000000005,97.78113614573347,31.16860239650215,2.4467057178253384,23286,1.0,-198.04845520522113,3.4772223653696748,20.416858728014496,32.65302056520817,33.7801236859491,93.04677381217424,198.04845520522113,4.7798454006698865,20.416859383890444,32.65302056520817,33.7801236859491,93.04677381217424,198.12047253167577,6.546227092935274,24.36266462689412,38.304831500826936,39.595712808198,102.49350331699539,6.546227092935274,RMSE_Last_Known_TVT,Moderate
65156b96_,1862,5046,1825,3221,0.6383273880301229,11876.0,15096.0,3220.0,10227.04,11046.56,819.5199999999986,11031.26,11024.53,11056.320000000002,31.790000000000873,6.052718235855586,25.06000000000131,70.58354840383373,7.975034061432187,76.61177230495404,0.050294939459795095,10214.93,11145.28,930.3500000000004,78.32773361976369,25.70365399327611,7.74418521592996,19326,1.0,602.4940824933734,-0.5506830176963263,-0.5506830174998817,-2.0571831076821,-2.0591824174906845,116.34758085660748,602.4940824933734,3.6749984476870776,3.6749984477270314,4.011558796708431,4.012913294493608,116.34758085660748,670.040961956021,6.076781706471203,6.0767817063763765,6.9850371230271975,6.986451784346523,125.32954304029717,6.0767817063763765,RMSE_Linear_Extrapolation_10,Easy
653612bc_,1318,5946,1341,4605,0.7744702320887992,13020.0,17624.0,4604.0,11535.66,11960.2,424.5400000000009,11959.97,11959.15,11965.28,6.130000000001019,1.9820500219035224,-0.13999999999941792,60.836765829158956,5.938091343573174,35.92381247066897,0.035613463626492946,11523.45,12181.95,658.5,69.42418057663126,20.570638769770195,8.587414747472302,27630,1.0,374.77728750226146,-2.024742671010582,-14.726136610390416,21.37547857107635,24.082927917180815,45.33176434271355,374.77728750226146,2.1968165038005516,14.726136610390416,21.546484966700636,24.197165485251393,45.33176434271355,448.84235139662854,2.8332405605306503,16.30743957262515,25.673683557976435,28.787314187084448,53.220870214735264,2.8332405605306503,RMSE_Last_Known_TVT,Easy
656a067b_,1940,4896,1845,3051,0.6231617647058824,12207.0,15257.0,3050.0,10165.1,11020.21,855.1099999999988,11020.21,11001.59,11041.2,39.61000000000058,13.954425449768788,2.2000000000007276,119.58228139230539,16.417991322964948,126.66528129382812,0.20419534578826615,10152.95,11122.45,969.5,130.82834020618554,50.386791867165094,11.246058813880154,18306,1.0,896.7676768811641,-4.523254670600818,120.6087453294381,49.09891106596932,62.303454573074255,-94.2879096681931,896.7676768811641,13.224552605703341,120.60888954444958,50.571585621449124,63.04552903684322,94.2879096681931,968.3854364937569,14.667037832749068,146.15653508698904,64.53777112577481,79.46181670662445,101.10710616140948,14.667037832749068,RMSE_Last_Known_TVT,Difficult
65a5466a_,1282,6117,1434,4683,0.7655713585090731,11836.0,16518.0,4682.0,10328.45,10846.09,517.6399999999994,10846.09,10835.53,10871.77,36.23999999999978,10.118435462776233,12.30999999999949,72.10101562530073,10.689923517936107,66.46118983196403,0.2746102925475123,10316.09,10956.570000000002,640.4800000000014,57.905241809672376,22.532000059435617,14.195773815628357,28098,1.0,600.7856237986002,-6.436124279308135,24.648602994098578,0.0004759007717639905,13.61342001845871,93.7589221980252,600.7856237986002,9.338554345505015,26.4395518418281,10.619815308710146,18.26601734785524,93.7589221980252,699.3925709615124,11.991020361693243,34.88182291184563,12.427666376688764,23.256594499568934,106.72802108803323,11.991020361693243,RMSE_Last_Known_TVT,Moderate
660d9546_,1257,6140,1408,4732,0.7706840390879479,13019.0,17750.0,4731.0,11566.15,12012.35,446.2000000000007,12012.35,11990.44,12012.79,22.350000000000364,7.009396279027715,-6.040000000000873,86.39380150426175,11.539141784039554,86.18757945993447,0.2081572273879966,11553.95,12181.95,628.0,67.9268814638027,19.82817285666705,18.466920040459044,28392,1.0,364.19682488828613,6.314628064243644,21.230749274388906,143.3738162130795,37.33651689964119,55.000146415788485,364.19682488828613,6.351813186813342,21.230751298006314,143.3738162130795,37.33651689964119,55.000146415788485,423.3874165969904,9.433757519583331,25.371657252466406,165.8460914292618,43.68974092387459,63.556894534021545,9.433757519583331,RMSE_Last_Known_TVT,Moderate
6767c111_,1561,8354,1571,6783,0.8119463729949725,11827.0,18609.0,6782.0,10354.84,11039.61,684.7700000000004,11039.61,11039.65,11079.820000000002,40.17000000000189,8.129952452583039,32.099999999998545,115.19766273773547,25.83781868924811,192.27665910381876,0.4820875718708536,10342.45,11122.45,780.0,118.28981422165278,48.13539564074555,3.0921514839173057,40698,1.0,1971.9988797939995,-15.469150818221587,129.0506067597858,50.19866652349922,84.06263501602507,-252.859357965407,1971.9988797939995,15.469150818221587,130.33509167968208,54.42453983249359,86.88282734120241,252.859357965407,2248.2134154360106,17.475154063370617,154.386184327153,63.97988584749547,102.66738003175767,284.68203728749086,17.475154063370617,RMSE_Last_Known_TVT,Difficult
67847288_,1987,9174,1745,7429,0.8097885328101155,13623.0,21051.0,7428.0,11768.42,12542.05,773.6299999999992,12541.94,12517.29,12541.93,24.639999999999418,5.8898609989199935,-13.470000000001164,85.8584104439112,12.894690758226893,87.11558611081249,0.4664153991115897,11755.95,12748.95,993.0,84.9858480120785,24.7345955748382,0.8725624318326908,44574,1.0,1683.0843201503515,9.832363709786332,-30.920060533911105,66.61669044238323,54.12336971210411,-152.08970670551358,1683.0843201503515,9.832363709786332,30.920060533911105,66.61669044238323,54.12336971210411,152.08970670551358,1876.3772566077246,11.461290028070946,37.977349334731365,75.42532372299043,61.06135311268319,167.98105402589877,11.461290028070946,RMSE_Last_Known_TVT,Moderate
67a8da4a_,1889,6645,1734,4911,0.7390519187358916,13861.0,18771.0,4910.0,11941.87,12692.63,750.7599999999984,12662.68,12662.67,12690.46,27.789999999999054,7.959128304947085,15.350000000000364,89.90872252074357,12.662613032450691,69.58147170810204,0.187945428629607,11929.45,12873.45,944.0,92.9396717840127,25.588691285688117,3.030949263269136,29466,1.0,2143.734883779354,-12.10520464263886,12.45479535636782,18.397829020696392,69.57315886286571,-100.48003971033431,2143.734883779354,12.105245367542139,15.336925269250782,19.446021926100375,69.57315886286571,100.48003971033431,2409.6178944244875,14.48691836331104,20.394660467017484,26.59868739405931,84.35050781172183,112.8014279024995,14.48691836331104,RMSE_Last_Known_TVT,Difficult
684a6fc1_,3705,11449,1631,9818,0.8575421434186392,11953.0,21770.0,9817.0,10222.76,10929.02,706.2600000000002,10929.02,10929.070000000002,10967.05,37.979999999997744,8.906569066102115,5.430000000000291,93.52773549925935,14.72895436015488,100.77730289619669,0.5022407822367081,10210.45,11136.45,926.0,93.5550580296896,38.06738866264685,0.027322530430254233,58908,1.0,1255.1926023768226,-22.319700550009905,211.2534812689929,225.84823311340838,218.90000653279105,121.10639703379996,1255.1926023768226,22.319700550009905,211.3346677724425,225.8667740943101,218.94475175978806,121.10639703379996,1408.5721162465027,24.030978453294,251.02157867457032,267.8470546469208,259.836400493545,134.63816596708017,24.030978453294,RMSE_Last_Known_TVT,Difficult
698930d1_,1894,6498,1757,4741,0.7296091104955371,12116.0,16856.0,4740.0,10188.19,11035.240000000002,847.0500000000011,11032.97,11029.61,11059.85,30.23999999999978,8.961026107318203,25.530000000000655,122.18873278071452,18.459992073708555,120.61474349784945,0.1489137312803206,10175.95,11122.45,946.5,130.01451953537486,50.70864069210891,7.825786754660342,28446,1.0,1243.179371717593,-5.2585024256493975,-5.258502426472514,-24.59755361075979,-11.437334118306936,-120.13881845584217,1243.179371717593,6.112744146804818,6.112744147394008,24.59755361075979,11.476197361558864,120.13881845584217,1367.3935046966546,10.389172214568049,10.389172215315405,31.167245875795025,16.5952718825719,131.263128710129,10.389172214568049,RMSE_Last_Known_TVT,Moderate
699ea575_,2533,5474,1354,4120,0.752648885641213,13098.0,17217.0,4119.0,11536.42,11991.84,455.4200000000001,11991.05,11985.97,12010.77,24.80000000000109,7.982708643677567,8.820000000001528,89.11540721576036,11.293935782040803,78.91275335847722,0.4507281553398058,11523.95,12156.95,633.0,70.75639952625345,27.650380483854594,18.35900768950691,24720,1.0,377.2868889122327,-6.656123786408639,8.579088334892464,0.07434831083722829,5.438739118680164,-54.29427174773395,377.2868889122327,7.755516990291721,8.596984922123704,4.377325863164335,5.529152991346673,54.29427174773395,436.2163973415959,10.392889600471305,10.000661593614486,5.307212398316709,7.14320368721714,62.29232379550129,5.307212398316709,RMSE_Linear_Extrapolation_100,Easy
69c1bdad_,1856,4645,1931,2714,0.5842841765339074,12507.0,15220.0,2713.0,10679.47,11435.45,755.9800000000014,11414.38,11396.42,11429.740000000002,33.32000000000153,9.790623533364453,-17.959999999999127,85.2589162245337,12.471194018584894,88.96083614923808,0.4086219602063375,10667.42,11594.55,927.1299999999992,84.01636853448277,32.35544720007652,1.242547690050941,16284,1.0,451.2074113938693,0.1493036109054384,-59.25160547984941,-79.40304742419819,-59.72149830982012,-57.34391767308254,451.2074113938693,8.574491525423664,59.368458832835984,79.40304742419819,59.831641195095514,57.34391767308254,501.4368029382914,9.789958199101882,70.54880839036136,93.64909057479431,71.0862261654525,62.666371747656996,9.789958199101882,RMSE_Last_Known_TVT,Moderate
69e41fa6_,1262,7167,1395,5772,0.8053578903306823,13010.0,18781.0,5771.0,11563.78,12053.15,489.369999999999,12051.81,12039.070000000002,12055.75,16.679999999998472,3.996379185692191,-12.670000000000073,68.5249204999801,10.316202037130557,72.04928336483718,0.4442134442134442,11551.45,12181.95,630.5,68.07416006339145,19.926966793731232,0.45076043658865217,34632,1.0,765.8720834999826,4.28854643104576,-75.30887781145015,-30.84621216480539,-66.37352799880203,77.09423574602523,765.8720834999826,4.661512474012017,75.3129250404973,30.909142229994835,66.3837350038493,77.09423574602523,880.8681300223218,5.861732687565972,87.90735929498413,36.708486430266305,77.60343408938846,87.95788039273232,5.861732687565972,RMSE_Last_Known_TVT,Easy
6a0ff78e_,1356,7890,1425,6465,0.8193916349809885,12070.0,18534.0,6464.0,10701.34,11206.01,504.6700000000001,11206.01,11187.83,11231.58,43.75,11.225771887335458,-16.170000000000073,83.60108676617513,10.997263494770495,81.88095537139543,0.04021655065738593,10688.95,11366.45,677.5,71.7465412979351,24.058348080921828,11.854545468240033,38790,1.0,793.9429954919951,1.686066511987686,190.9635210574981,191.20291631697077,196.14111957328166,93.09379464607122,793.9429954919951,8.664946635730873,190.96660816992156,191.20578847451597,196.14123707632,93.09379464607122,947.0487934456166,11.350827388917207,224.90359960894057,225.17977027756615,230.87670286029854,110.4107452592633,11.350827388917207,RMSE_Last_Known_TVT,Moderate
6a8fa194_,1809,4657,1640,3017,0.6478419583422804,12628.0,15644.0,3016.0,11311.15,11990.05,678.8999999999996,11989.88,11988.93,12004.7,15.770000000000437,4.45944545348004,-0.37999999999919964,97.12706957494443,14.10156442770454,81.07515179456014,0.05601590984421611,11298.95,12202.95,904.0,91.68799889441681,34.94204205800838,5.439070680527621,18102,1.0,97.14927239870089,-7.057941663905505,-18.30685075499777,-1.388484238197007,-11.93818896295607,-63.46420553267918,120.08905846372797,7.252492542261219,18.317531563747483,2.7349087767940916,11.988884346178969,63.46420553267918,167.70881125025596,8.348329338921092,20.971686160857697,3.3203630977453593,13.741646665175352,72.80752804609706,3.3203630977453593,RMSE_Linear_Extrapolation_100,Easy
6ae68655_,1006,5948,1744,4204,0.7067921990585071,13574.0,17777.0,4203.0,11387.98,12130.23,742.25,12126.45,12117.740000000002,12133.59,15.849999999998545,5.21099233229162,-8.709999999999127,66.30668922105718,9.957583031374615,62.37712031253567,0.1988582302568982,11782.62,12285.1,502.47999999999956,63.92459244532803,19.94089088622225,2.3820967757291527,25224,1.0,609.9099536044987,-0.7199500475731647,-56.914040956545946,-30.32590039263465,-40.403438642977136,-129.00638015631142,609.9099536044987,4.895587535680224,56.92340476590525,30.449351441354956,40.46262047038005,129.00638015631142,687.6639380779584,5.259877371830794,65.92773515073699,35.406239949748844,46.947301907868194,140.22112830430916,5.259877371830794,RMSE_Last_Known_TVT,Easy
6d1d74e1_,1191,7316,1486,5830,0.7968835429196283,12045.0,17874.0,5829.0,10528.14,10963.89,435.75,10962.94,10938.19,10978.17,39.97999999999956,11.596575910776048,-21.69000000000051,117.29250486455886,18.408276266158378,99.09321551001977,0.307032590051458,10515.63,11110.62,594.9900000000016,97.61711167086483,30.06292818929004,19.675393193694035,34980,1.0,771.305901890613,2.618557461406848,-6.03959405312498,11.144098775549041,7.018757461399575,137.4680284605427,771.305901890613,9.238420240137268,8.527477852089381,15.316381477052001,12.169674648365387,137.4680284605427,894.7293908024902,11.887571200184345,9.52003683500502,19.66057684698894,15.610196336558888,157.7870691320139,9.52003683500502,RMSE_Linear_Extrapolation_10,Moderate
6d590e26_,1943,7842,1746,6096,0.7773527161438408,12207.0,18302.0,6095.0,10579.070000000002,11374.69,795.619999999999,11374.69,11363.990000000002,11395.89,31.899999999997817,8.620073815876873,-7.030000000000655,94.1692356189355,16.361107780329792,99.30410743211003,0.33218503937007876,10566.92,11537.41,970.4899999999998,92.93195573854864,34.18457663924213,1.2372798803868648,36576,1.0,2214.295096807613,0.42188484252004393,71.36879393356885,73.81033785785691,79.03439240563803,-157.61758980650905,2214.295096807613,6.6220751312336645,71.91008819507597,74.25745747910898,79.30515133944496,157.61758980650905,2433.153795598426,8.629685403348205,85.02333156811484,87.82976705131614,93.83712017124444,172.11727010759878,8.629685403348205,RMSE_Last_Known_TVT,Moderate
6d6d93af_,1445,5305,1710,3595,0.6776625824693685,12596.0,16190.0,3594.0,10941.95,11542.75,600.7999999999993,11522.62,11470.84,11522.55,51.70999999999913,15.129607263164392,-10.260000000000218,79.46386366473814,20.06096344304035,126.1271314208926,0.4356050069541029,10929.45,11651.45,722.0,73.08118339100346,24.093642347649624,6.382680273734678,21570,1.0,278.3712605530688,28.42007510431221,-49.05737944102885,-31.9232432275298,-33.83691601205211,106.10075011369739,278.83624030498737,28.42007510431221,49.07002407372587,34.12979133268583,35.516899072981374,106.10075011369739,312.84047073163066,32.195372520142506,67.96660587284953,49.48449192370451,51.50077565525157,114.43187378563158,32.195372520142506,RMSE_Last_Known_TVT,Difficult
6dbe4b60_,1863,6673,2025,4648,0.6965382886258055,12814.0,17461.0,4647.0,10619.070000000002,11408.83,789.7599999999984,11397.76,11391.25,11413.19,21.94000000000051,6.674254299446595,-4.380000000001019,89.67779323957863,9.70132360622228,58.20850542451326,0.5,10606.9,11537.41,930.5100000000002,92.12137412775094,34.640777446933036,2.4435808881723062,27888,1.0,1221.5187728452622,-5.580733648881166,-55.029188194351654,-66.9126626617822,-60.954621043849656,88.32571197873018,1221.5187728452622,6.7513016351118464,55.02919601785346,66.9126626617822,60.954621043849656,88.32571197873018,1401.182878756733,8.699464045404161,62.86201309682134,76.51653783016096,69.66727037282867,100.52745138197503,8.699464045404161,RMSE_Last_Known_TVT,Moderate
6e6d122c_,1301,7083,1451,5632,0.795143300861217,13225.0,18856.0,5631.0,11729.03,12264.320000000002,535.2900000000009,12263.45,12255.92,12285.7,29.780000000000655,8.122207448634569,-7.100000000000364,84.27081297768814,11.21567153327322,81.79235205913696,0.2872869318181818,11716.95,12366.95,650.0,82.83495772482705,28.136923927365714,1.4358552528610886,33792,1.0,703.0111789410661,-4.142622514203968,-8.410046756819499,-15.265304662413213,-11.698822034030366,74.98891290733212,703.0111789410661,6.407167968749824,9.352504681207558,15.504322954527028,12.250621849864046,74.98891290733212,838.4215803651267,9.11700946941914,12.91628124229135,20.073869703678774,16.262678080414396,88.62455506006654,9.11700946941914,RMSE_Last_Known_TVT,Moderate
6e9ccd38_,972,9619,1337,8282,0.8610042623973386,11803.0,20084.0,8281.0,10372.05,10690.94,318.89000000000124,10690.94,10669.7,10714.42,44.719999999999345,11.265690810461546,-15.579999999999927,83.18998433944427,15.465715441558816,81.27254790460537,0.03887949770586815,10359.95,10845.45,485.5,70.01170781893005,26.345916322346408,13.178276520514217,49692,1.0,463.084740215661,-4.785887466795081,78.04411253479847,67.08510461240968,75.44685010823794,-123.80340259093762,463.09688614942,10.19331562424512,78.11758995570551,67.20274758212561,75.529927665984,123.80340259093762,520.890995379328,12.23949279951463,96.21750411153583,83.6817611707267,93.24367050012135,135.36296295542303,12.23949279951463,RMSE_Last_Known_TVT,Moderate
6ea22614_,2181,7894,1923,5971,0.7563972637446161,11876.0,17846.0,5970.0,9943.52,10869.39,925.869999999999,10866.070000000002,10853.19,10877.59,24.399999999999636,6.4737186876141815,-4.200000000000728,88.31248765004777,12.136436857893376,72.47009333497155,0.44615642270976386,9931.36,11021.27,1089.9099999999999,94.12432828977535,35.02934441909562,5.811840639727578,35826,1.0,2231.662718362638,-0.16653156924997284,-25.68325884029749,-41.49857693374032,-26.687086671394628,121.80584421493043,2231.662718362638,5.389462401607797,25.696243356372374,41.49857693374032,26.697580124444745,121.80584421493043,2525.460136896993,6.4753183432909225,30.2444784044327,48.24096262031197,31.377659114934385,137.17492929954128,6.4753183432909225,RMSE_Last_Known_TVT,Moderate
6ede926a_,1678,6621,1683,4938,0.7458087902129588,12274.0,17211.0,4937.0,10540.38,11220.31,679.9300000000003,11196.3,11185.54,11208.73,23.18999999999869,5.965575266612445,11.450000000000728,85.07055233292692,13.826693832411994,83.5795397650145,0.35905224787363305,10527.95,11366.45,838.5,78.85562574493444,27.081606404018267,6.21492658799248,29628,1.0,650.3076826842831,-4.84824827865619,-66.95991494606933,80.1200375298782,80.68953971652775,-105.01929941338295,650.3076826842831,6.668373835561311,67.179923537446,80.1200375298782,80.68953971652775,105.01929941338295,721.15695352487,7.686767373145472,77.9918115919171,92.08666027018282,92.7434064982385,113.95797095068627,7.686767373145472,RMSE_Last_Known_TVT,Moderate
708caea9_,2010,8482,1934,6548,0.771987738740863,11995.0,18542.0,6547.0,10130.12,11032.23,902.1099999999988,11014.1,11014.11,11064.740000000002,50.63000000000102,11.429542739412435,41.0,116.02793346768014,19.24728620018784,128.01034546839048,0.21701282834453267,10117.95,11122.45,1004.5,132.02968159203982,49.910038248505245,16.00174812435968,39288,1.0,3290.950138152013,-32.993098656077976,3.9194467980214474,-10.98507903408562,7.513213228586106,-258.13075075064364,3290.950138152013,32.993098656077976,14.422269700453352,12.065084071492961,16.649740801742105,258.13075075064364,3738.88715065192,34.916458237909005,17.9205776175548,15.69778438110837,20.68324008146974,291.53631287447257,15.69778438110837,RMSE_Linear_Extrapolation_100,Difficult
70925e23_,2325,8072,2125,5947,0.7367443012884044,13986.0,19932.0,5946.0,11723.79,12710.42,986.6299999999992,12705.63,12678.78,12705.6,26.81999999999971,6.096365308831929,-8.7599999999984,88.93010193822,17.40443645634263,104.73422308222868,0.11804271061039179,11711.45,12873.45,1162.0,95.71741935483871,24.357309732385616,6.787317416618706,35682,1.0,-889.8728464075728,13.469631747098433,-90.16976219362367,-65.64840497659274,-76.98423908101003,-85.12546418530475,889.8728464075728,13.469631747098433,90.22931684557103,65.7756232937497,77.07881881786581,85.12546418530475,904.3350448132296,14.784803005082047,108.98839968712647,80.8279299596534,93.8346115541923,87.38374759554179,14.784803005082047,RMSE_Last_Known_TVT,Difficult
70e1788b_,2257,11338,2053,9285,0.8189275004409949,11912.0,21196.0,9284.0,9729.56,10675.34,945.7800000000007,10673.77,10661.84,10687.4,25.55999999999949,5.5858979481510005,9.5,76.30229756328623,12.575320625407054,93.830993527589,0.03963381798599892,9717.45,10845.45,1128.0,88.97393885688967,29.208887935595957,12.671641293603443,55710,1.0,2156.3406294974748,4.478318793753674,97.33831879320716,113.93443184511271,133.70198265927317,-141.3676061728792,2156.3406294974748,6.2535541195478626,97.34141410823145,113.93630767805948,133.70271692389983,141.3676061728792,2425.0494501091507,7.159206283115687,110.50994466818932,129.6450929237013,152.44601524908282,158.74844104697115,7.159206283115687,RMSE_Last_Known_TVT,Moderate
71642c7d_,2304,6657,2009,4648,0.6982124079915878,13805.0,18452.0,4647.0,11842.8,12826.62,983.8200000000015,12824.37,12821.11,12846.06,24.94999999999891,7.514358063673561,-2.6299999999991996,76.65039199302042,12.086524239941516,73.43056657687502,0.2689328743545611,11830.45,12981.95,1151.5,87.81422743055555,24.21588935006699,11.163835437535127,27888,1.0,997.4660019777176,-9.229619191049249,64.02735050679763,81.49757555843131,82.79937288576964,110.67139919521408,997.4660019777176,9.834528829603688,64.05709780768478,81.49757555843131,82.79937288576964,110.67139919521408,1087.8849961111137,11.901230993511438,78.42854708808557,98.47481362975938,99.97058690976338,119.546331646407,11.901230993511438,RMSE_Last_Known_TVT,Moderate
71ccf778_,2210,4623,1925,2698,0.5836037205277959,12818.0,15515.0,2697.0,11110.77,11989.7,878.9300000000003,11983.3,11974.86,11987.37,12.510000000000218,3.4473379713531305,-1.679999999998472,85.47545128688935,7.9566435839593295,54.25457934972447,0.04595997034840623,11098.45,12202.95,1104.5,98.35397737556562,34.665751889569655,12.878526088676267,16188,1.0,153.62804840471838,4.142201630836782,-2.891555945253687,-6.872358255162653,-7.646563795284737,-51.07328102980753,159.6809216798523,4.662016308376013,3.9551842219564546,6.8889477400549985,7.646564732531393,51.07328102980753,223.1794664543038,5.388651839136806,5.033115708542681,9.03807258757399,9.876963709591672,57.44801550202172,5.033115708542681,RMSE_Linear_Extrapolation_10,Easy
7224331b_,1574,7566,1503,6063,0.8013481363996828,13288.0,19350.0,6062.0,11644.240000000002,12182.2,537.9599999999991,12174.79,12165.02,12182.1,17.079999999999927,4.337339776687102,-9.260000000000218,95.0865802707831,15.279202604608534,86.385026762222,0.7085601187530925,11631.95,12418.45,786.5,88.1295997458704,29.958771819462225,6.956980524912709,36378,1.0,792.8135833030675,-0.105296058056348,-55.23256878503117,-45.455938002241616,-67.26791790691509,-172.04650436815032,792.8135833030675,3.7859986805212227,55.23257358313591,45.46119913882538,67.26791790691509,172.04650436815032,874.0079747021557,4.338260107312621,63.37396528064859,52.11724884480979,77.24413419900723,187.81904369061357,4.338260107312621,RMSE_Last_Known_TVT,Easy
722cf0d8_,2389,7275,2132,5143,0.7069415807560138,12158.0,17300.0,5142.0,9929.03,10952.08,1023.0499999999993,10935.75,10920.95,10954.29,33.340000000000146,11.089552856020628,16.829999999999927,108.35245429941247,17.677135235684514,118.14876943150918,0.03772117441182189,9916.64,11110.62,1193.9800000000014,118.46983256592716,31.919216081356634,10.117378266514692,30858,1.0,1530.1301630307703,-0.9286447598679322,-30.389735670386614,-16.764694924886086,-26.082990018018233,-97.7042632732049,1530.1301630307703,9.391242465487034,30.38974373076877,16.821753657412916,26.083095589315384,97.7042632732049,1760.189301675475,11.127293106426961,39.96551095433316,25.063067838230168,35.17698279808678,111.36642223101673,11.127293106426961,RMSE_Last_Known_TVT,Moderate
7256229b_,1757,6972,1557,5415,0.7766781411359724,11840.0,17254.0,5414.0,10155.56,10896.59,741.0300000000007,10895.55,10886.61,10911.490000000002,24.88000000000102,6.14506840367546,-2.1199999999989814,88.35622626895324,11.911203615891342,87.35882050122987,0.6642659279778393,10143.33,11021.27,877.9400000000005,88.8372794536141,36.63138236269144,0.48105318466086544,32490,1.0,16.68250979749575,-2.5310766389666983,-25.672167548925724,-27.78315632690614,-30.033693685773095,131.94058004865894,87.27997093625589,4.945473684210586,25.67592405022585,27.78490091397427,30.03398435938326,131.94058004865894,98.94723966802243,6.6453924693055635,29.69144260242608,32.078694285818614,34.63145971976607,147.26151526770974,6.6453924693055635,RMSE_Last_Known_TVT,Moderate
726f3dc2_,2027,8619,1896,6723,0.7800208840932823,12311.0,19033.0,6722.0,10594.28,11446.19,851.9099999999999,11439.94,11423.38,11445.93,22.55000000000109,5.68599983313592,-1.319999999999709,84.72277971752948,15.522861600088108,99.55060318151244,0.36635430611334224,10581.92,11594.55,1012.6299999999992,87.24222002960039,32.81316190464713,2.5194403120709126,40338,1.0,1282.419947468167,3.964630373345576,-54.717551446137385,-31.787763266014444,-49.76602220778571,-137.37886963846427,1282.419947468167,5.176508998959009,55.74651405748397,33.744475847045294,50.96141338522608,137.37886963846427,1430.6520060759026,6.931383638655225,65.82827886928074,39.571653617537514,60.142056937588336,150.49420255823392,6.931383638655225,RMSE_Last_Known_TVT,Moderate
7271dd80_,4163,5765,1425,4340,0.7528187337380746,11582.0,15921.0,4339.0,10108.45,11000.93,892.4799999999996,10983.490000000002,10970.6,10983.41,12.80999999999949,2.438330479501683,-8.6200000000008,98.52974738112921,10.7538180738775,93.47889515967012,0.04216589861751152,10095.95,11136.45,1040.5,98.0446288734086,38.1417931203649,0.48511850772061393,26040,1.0,-412.12547129815994,7.948447004609745,-157.79882572332627,-205.93638701879502,-181.19825119471807,89.46578428720076,412.12547129815994,7.948447004609745,157.79883116949298,205.93638701879502,181.19825119471807,89.46578428720076,416.5299886261578,8.313957865645467,185.05501202396377,240.6186880620086,212.06308283010176,98.03299470595508,8.313957865645467,RMSE_Last_Known_TVT,Moderate
727a3a10_,2177,6342,1945,4397,0.6933144118574582,13870.0,18266.0,4396.0,11911.73,12763.92,852.1900000000005,12738.23,12719.68,12738.19,18.51000000000022,4.352569969715221,-9.209999999999127,86.11720799806255,14.06820859926244,75.70282545747159,0.3297702979304071,11899.45,12987.45,1088.0,90.8236058796509,28.537215097018397,4.7063978815883445,21985,0.8333333333333334,-89.75190814375226,11.572679099385365,-84.65022999064884,-152.69941649014123,-90.01320133271817,25.963499616762288,89.75190814375226,11.572679099385365,84.65023167223615,152.69941649014123,90.01320133271817,25.963499616762288,91.1079822148673,12.36395803493887,101.43286572254473,179.88816903134506,107.6097660652453,26.537116549564036,12.36395803493887,RMSE_Last_Known_TVT,Moderate
729665c0_,1542,5775,1512,4263,0.7381818181818182,12891.0,17153.0,4262.0,11293.51,11872.42,578.9099999999999,11859.08,11847.69,11873.51,25.81999999999971,7.6516841861937595,14.340000000000146,108.77377729289448,16.65774614935173,103.18720763073978,0.555008210180624,11281.4,12051.84,770.4400000000005,90.4492736705577,32.55545593625933,18.324503622336778,25578,1.0,873.3257416807857,-4.062585034013828,-88.5673123073543,-108.31898419396333,-90.08891300536476,83.32060894723708,873.3257416807857,7.156045038705257,88.81907184501983,108.42868652892567,90.32767847828019,83.32060894723708,995.5229857185572,8.662513145164612,103.26977971562805,126.03623832506631,105.02302029898817,93.68761910482101,8.662513145164612,RMSE_Last_Known_TVT,Moderate
729e9750_,1443,7427,1508,5919,0.796957048606436,11952.0,17870.0,5918.0,10401.990000000002,10959.53,557.539999999999,10959.53,10948.11,10975.55,27.43999999999869,7.337097491489326,16.019999999998618,111.86450453465572,18.77723963588622,116.75462889074444,0.5720560905558372,10389.63,11110.62,720.9900000000016,103.53494109494109,30.96135689842539,8.329563439714633,35514,1.0,1231.5762528225364,-4.906534887649454,21.82316208170007,51.886211586988175,39.361988521710366,104.6534795659067,1231.5762528225364,7.670633552964747,21.82317291481582,51.886211586988175,39.361988521710366,104.6534795659067,1438.6977506169508,8.825983755646552,27.86373213546188,61.95381255003723,47.64285414678595,120.14788325722164,8.825983755646552,RMSE_Last_Known_TVT,Moderate
729f4217_,1267,7592,1397,6195,0.8159905163329821,12092.0,18286.0,6194.0,10745.91,11224.85,478.9400000000005,11223.67,11203.65,11224.56,20.909999999999854,5.570603958551181,0.4899999999997817,87.72142139917959,14.052143315026147,84.34791123768575,0.5301049233252623,10733.45,11366.45,633.0,70.10019731649567,23.701398740405907,17.621224082683923,37170,1.0,1577.6265091673056,15.267334947538265,15.267334947491143,3.2846836424142842,13.953753194906637,109.04138778852554,1577.6265091673056,15.292416464890971,15.292416464844516,7.8254716544593625,14.038431582207764,109.04138778852554,1780.6269305495878,16.25171177822061,16.251711778177036,9.76712493550748,15.064445899515636,122.79512666613299,9.76712493550748,RMSE_Linear_Extrapolation_100,Moderate
72dd8501_,3678,6928,1735,5193,0.749566974595843,13084.0,18276.0,5192.0,11250.13,12020.95,770.8200000000015,12018.01,12008.61,12026.64,18.029999999998836,5.563700889539103,7.510000000000218,93.49897881984478,13.065619179188118,106.09059810892623,0.5470826112073945,11237.7,12156.95,919.25,82.6242523110386,29.90276518218492,10.874726508806177,31158,1.0,953.4256684238376,-2.4333872520700206,32.35067335330988,52.093795106188885,49.55400098329498,-92.5978397103239,953.4256684238376,5.656537646832252,32.35067335330988,52.093795106188885,49.55400098329498,92.5978397103239,1075.2700702020247,6.0720820352358595,35.89007186124852,58.59630348514361,55.671203425541684,103.50035913827301,6.0720820352358595,RMSE_Last_Known_TVT,Easy
73348914_,1197,5686,1465,4221,0.7423496306718256,13891.0,18111.0,4220.0,12396.4,12751.08,354.6800000000003,12741.68,12740.83,12762.13,21.299999999999272,4.320265380600169,7.680000000000291,85.6094668036184,11.8942747662067,80.32925728797684,0.22506515043828476,12383.95,12981.95,598.0,72.38045112781954,20.56717564088799,13.229015675798863,25326,1.0,368.5933129714899,-9.7802250651503,-41.765073550170946,-16.03620808343878,-21.702179927074294,94.94572993771673,368.5933129714899,9.810350627813188,41.76521354284821,16.055656966891476,21.714739615341944,94.94572993771673,398.0979726539078,10.691729206195715,45.811119111762565,16.966092741551904,23.13163299207578,101.93837279421167,10.691729206195715,RMSE_Last_Known_TVT,Moderate
739a914f_,2141,7319,1814,5505,0.7521519333242246,12486.0,17990.0,5504.0,10480.320000000002,11388.740000000002,908.4200000000001,11387.02,11359.7,11392.97,33.26999999999862,10.752607439144764,-13.69000000000051,104.97261923887942,21.755493326716074,186.82774251712624,0.42397820163487737,10467.94,11537.41,1069.4699999999993,94.9687435777674,33.3761091573911,10.00387566111202,33030,1.0,2647.6405146313095,8.230105358765076,8.230105357548766,-8.182994851293707,3.371870064617259,120.8662800062632,2647.6405146313095,11.075336966394252,11.075336965612339,8.715261437613172,8.020964257073985,120.8662800062632,3007.862099299267,13.540022100878758,13.540022099692779,10.445156077873081,9.30153213731403,136.51643031491776,9.30153213731403,RMSE_Linear_Extrapolation_50,Moderate
73b1447d_,1934,7522,1852,5670,0.7537888859345918,13318.0,18987.0,5669.0,11412.63,12314.41,901.7800000000007,12286.12,12269.33,12321.54,52.210000000000946,12.94671656244589,35.42000000000007,86.37677987076351,20.1968790685595,186.28612354418124,0.3843033509700176,11400.45,12366.95,966.5,92.3170165460186,27.744531291748196,5.940236675255093,34020,1.0,829.246299699149,-3.4787830687823984,-127.897086097994,-132.74100146065368,-226.78274777469107,82.76636637797944,829.246299699149,11.202077601410803,127.897086097994,132.74100146065368,226.78274777469107,82.76636637797944,1011.9831683799338,13.404843871674935,151.5584619253238,157.1369568515286,265.5612870183604,96.75280339616738,13.404843871674935,RMSE_Last_Known_TVT,Moderate
74b6186b_,1964,5148,1743,3405,0.6614219114219114,11959.0,15363.0,3404.0,9994.59,10800.5,805.9099999999999,10800.5,10800.53,10811.6,11.069999999999709,2.2232196273977607,9.670000000000073,98.96095725580307,11.957881339058897,128.4319105515242,0.6405286343612335,9982.47,10963.71,981.2399999999998,91.69863034623219,35.49974465418439,7.262326909570874,20430,1.0,844.2743827582656,-8.728593245227767,53.09546736063033,48.83709874398071,46.50257938374042,-93.71201865881999,844.2743827582656,8.728593245227767,53.11318173788357,48.86717775945934,46.54050932435133,93.71201865881999,945.3329480106552,9.007196786463387,63.7921690264353,58.88913911777389,56.202223608854204,103.47020733350901,9.007196786463387,RMSE_Last_Known_TVT,Moderate
75c20ec7_,2041,7205,1844,5361,0.7440666204024983,13269.0,18629.0,5360.0,11359.35,12238.48,879.1299999999992,12203.03,12191.88,12224.59,32.710000000000946,8.27008628142618,-2.9400000000005093,94.11089949841926,14.656643473942328,76.94639102363567,0.6590188397686999,11346.95,12366.95,1020.0,92.531852033317,27.02989603760224,1.5790474651022635,32166,1.0,1592.4586358844185,-7.336187278492329,-0.836793338037042,-57.563632343029184,-13.756425934032375,-109.77889838958035,1592.4586358844185,9.677858608468302,8.496091638336734,57.563632343029184,13.756425934032375,109.77889838958035,1821.7250901156058,11.054465755153933,10.493308456799479,63.358377823477156,15.643896379406835,124.18734944643512,10.493308456799479,RMSE_Linear_Extrapolation_10,Moderate
75cd5f11_,1508,6410,1464,4946,0.771606864274571,12032.0,16977.0,4945.0,10625.05,11215.04,589.9900000000016,11215.04,11204.5,11224.55,20.049999999999272,5.172859563893885,-9.900000000001455,82.93962604741422,9.023518693377316,77.24233080019633,0.27739587545491307,10612.95,11366.45,753.5,74.16760610079575,24.426108708396203,8.772019946618471,29676,1.0,559.0679221258155,-0.9566761018997996,73.24832389790741,68.08254568025448,72.78628716331657,65.86751044830754,559.0679221258155,4.189316619490534,73.253026688041,68.09335127413372,72.79145579937597,65.86751044830754,681.2857837627702,5.260066074409697,87.16976268934543,81.21604512876463,86.63719010211466,78.85954421984766,5.260066074409697,RMSE_Last_Known_TVT,Easy
75d20a82_,2301,7002,1935,5067,0.7236503856041131,13329.0,18395.0,5066.0,11065.12,12065.28,1000.1599999999999,12056.27,12027.89,12071.73,43.840000000000146,16.077826042197458,12.840000000000146,82.48406983007231,17.005037042925494,96.19917918285479,0.15117426485099664,11052.95,12202.95,1150.0,99.60056931768797,34.52764045851176,17.116499487615656,30402,1.0,616.4923418535634,6.200945332544217,13.26543018025163,19.68033519155615,20.919439450254565,-65.90622684972725,616.4923418535634,14.699966449575768,13.894354761119466,19.68033703903516,20.919441104723337,65.90622684972725,796.6164025267143,17.230705080539593,18.648327945081387,22.566055376141115,23.517228514307494,83.49427702380092,17.230705080539593,RMSE_Last_Known_TVT,Difficult
76201745_,1579,5858,1410,4448,0.7593035165585524,11575.0,16022.0,4447.0,10179.65,10618.98,439.3299999999999,10618.89,10601.070000000002,10630.38,29.30999999999767,7.78292234351504,5.920000000000073,36.508063454780235,15.149084063370724,87.98243417837625,0.49303057553956836,10167.59,10956.570000000002,788.9800000000014,67.18546548448386,28.60320101974537,30.67740202970362,26688,1.0,437.21745820224066,1.2500786870496188,-10.209466767752613,3.145275266664892,-1.312502585410662,84.23703030926467,437.21745820224066,6.300676708633065,10.449932349827222,6.7397830338026745,6.159637270049812,84.23703030926467,493.4751790832803,7.881811891978768,12.759210537703717,8.900334326425813,7.364798741675312,94.41549525160428,7.364798741675312,RMSE_Linear_Extrapolation_50,Moderate
764072a5_,1818,4594,1645,2949,0.6419242490204615,12137.0,15085.0,2948.0,10470.22,11182.97,712.75,11178.16,11175.820000000002,11190.4,14.579999999998108,4.866961782007477,-0.8999999999996362,82.3363980923911,9.102873982833195,60.08974166421814,0.6398779247202442,10457.95,11366.45,908.5,81.88112761276129,28.069856574177187,0.45527047962980305,17694,1.0,714.9650067479272,-4.092526280095238,48.381716143713064,-17.460726100065603,30.901627381397276,-53.118469269494916,714.9650067479272,4.577687351644776,48.382761921943086,17.46148650343046,30.90773106820261,53.118469269494916,816.6337686156188,6.358306065218297,56.7958701187093,20.058235944062844,36.73165436707932,59.54337990283875,6.358306065218297,RMSE_Last_Known_TVT,Easy
77b0d905_,1803,5923,1749,4174,0.7047104507850751,13344.0,17517.0,4173.0,11478.3,12213.98,735.6800000000003,12205.98,12206.02,12225.55,19.529999999998836,2.8577728298064575,15.140000000001237,89.96828508572234,12.383625165993738,75.28384345828354,0.25563009103977,11465.95,12366.95,901.0,91.97730449251249,28.683691183319112,2.009019406790145,25044,1.0,-351.0544336798084,-12.731650694777791,68.74410688209956,16.51351657192243,59.838169233096274,-62.10562942244512,351.0544336798084,12.731650694777791,69.13206393221827,18.54287685585975,60.38704303933376,62.10562942244512,369.03067083434155,13.048365351893997,82.42798779405786,22.616975190067812,72.17113398370111,72.78588894320613,13.048365351893997,RMSE_Last_Known_TVT,Moderate
77e4821c_,1354,6540,1147,5393,0.8246177370030581,11756.0,17148.0,5392.0,10687.02,11184.66,497.6399999999994,11183.9,11183.9,11224.14,40.23999999999978,10.203337546489124,20.26000000000022,122.13753830254696,24.162426502894654,153.3518665708648,0.632857407750788,10674.79,11350.94,676.1499999999996,113.51658788774003,33.62369870693428,8.620950414806927,32358,1.0,279.71485406805004,-16.28698868904186,-24.296261416419362,-13.742276537814037,-26.300532026368565,55.210374886987765,279.7543947975403,16.28698868904186,24.296261416419362,13.783022257719551,26.300532026368565,55.210374886987765,315.8233320472687,19.218605395377665,28.117610434756752,16.471862770323582,30.377151446751704,60.9090800693196,16.471862770323582,RMSE_Linear_Extrapolation_100,Difficult
7850c72e_,2344,7712,2215,5497,0.7127852697095436,13987.0,19483.0,5496.0,11817.75,12877.3,1059.5499999999993,12873.070000000002,12848.64,12893.89,45.25,12.251519651375029,7.829999999998108,95.73383396814067,17.193882260641683,106.88804502506906,0.04748044387847917,11805.38,12976.83,1171.4500000000007,103.80095563139932,31.985932709175128,8.067121663258646,32982,1.0,-1440.3462504515876,1.5704693469178743,-52.07668216781669,-109.98861892188599,-71.73971744779428,80.896047774156,1440.3462504515876,10.308068037111216,53.647060192226114,110.10223719571646,72.3821593855013,81.06160801823343,1668.3316458544407,12.350659981673207,65.1683035383562,131.45387177555298,87.5752455723148,96.63387363661388,12.350659981673207,RMSE_Last_Known_TVT,Moderate
78a4a386_,772,6246,1127,5119,0.8195645212936279,12244.0,17362.0,5118.0,11221.54,11380.47,158.92999999999847,11366.86,11359.96,11378.94,18.980000000001382,5.735270390375262,-3.390000000001237,65.80341251308566,8.931911585974206,59.136328042743685,0.223481148661848,11209.25,11594.55,385.2999999999993,61.49354922279793,29.019777657633455,4.30986329028773,30714,1.0,168.20769446904583,-1.2350068372724774,-83.31015835235557,-75.25211094772997,-89.4096430918455,-108.67746004208773,168.20769446904583,5.002332486813824,83.31016282766149,75.25228109305083,89.40964352691697,108.67746004208773,188.90394081182933,5.866186376682608,94.95027272570756,85.66579787096677,101.98048154274936,120.34968878080078,5.866186376682608,RMSE_Last_Known_TVT,Easy
79507629_,2490,7320,2018,5302,0.7243169398907103,13502.0,18803.0,5301.0,11516.81,12560.5,1043.6900000000005,12559.1,12536.69,12559.14,22.44999999999891,6.483462545996889,-21.450000000000728,82.94355528868797,11.6175457375828,90.57284072661022,0.1050546963410034,11504.45,12748.95,1244.5,86.14989959839357,22.411560417953435,3.2063443097055995,31812,1.0,1261.0153496959335,10.769660505469846,-0.9612182821719059,5.397926752138833,0.6793183686313788,-118.36184313842199,1261.0153496959335,10.769713315730124,2.080635357588659,5.426346319842984,1.6233991363464615,118.36184313842199,1390.3064034807308,12.57032003546627,2.432064647029532,6.5439478091593335,2.2618895232131635,129.90534918800066,2.2618895232131635,RMSE_Linear_Extrapolation_50,Easy
796dbd4c_,2077,8069,1821,6248,0.7743214772586442,11876.0,18123.0,6247.0,9995.66,10897.98,902.3199999999997,10897.98,10888.22,10907.17,18.950000000000728,4.766401295767045,1.5,88.29003438585569,12.419973358261656,96.40390839382368,0.4007682458386684,9983.35,11021.27,1037.92,93.68284545016851,35.82062133000925,5.3928110643128235,37488,1.0,4.54032055501437,0.988777208706198,90.74714084541218,83.55151015206978,86.8663911340316,141.0484811827492,103.74844117635374,4.1340492957745365,90.76634181153874,83.58913408316954,86.89530986029358,141.0484811827492,118.56154228592442,4.867507118040292,105.89300037849094,97.59218051022462,101.41604414277181,159.62946799494017,4.867507118040292,RMSE_Last_Known_TVT,Easy
7987f2f2_,3991,5714,2009,3705,0.6484074203710185,12967.0,16671.0,3704.0,11340.93,12224.38,883.4499999999989,12222.97,12192.89,12235.41,42.52000000000044,10.82152754532925,12.44000000000051,83.78182260770556,13.36414356817092,97.47843745602583,0.46180836707152495,11328.61,12325.65,997.039999999999,82.24066399398647,26.018375567144584,1.541158613719091,22230,1.0,811.7305196460047,5.259125506072077,-5.297359343532301,-10.392803566863918,-7.787062249092915,113.87666985582625,811.7305196460047,8.504636977057745,12.812238237329892,16.210617868446686,14.441719233614325,113.87666985582625,895.5798967457192,12.030471815010397,15.826327996840105,20.194938329049194,17.85254670357026,123.15546396561217,12.030471815010397,RMSE_Last_Known_TVT,Moderate
7993a768_,1006,7047,1560,5487,0.7786292039165602,13176.0,18662.0,5486.0,11439.17,12157.98,718.8099999999995,12156.36,12153.17,12172.3,19.1299999999992,4.667168233830627,11.609999999998763,67.01882323611405,7.864682213030799,52.99189668519659,0.19938035356296702,11782.62,12285.1,502.47999999999956,63.92459244532803,19.94089088622225,3.094230790786014,32922,1.0,1024.7249645121728,-7.630668853653668,-17.10994158046667,-32.49692363908636,-24.9155629713728,-67.29309764589098,1024.7249645121728,7.988726079824701,17.275153370323945,32.502647103789556,24.983265809401786,67.29309764589098,1130.2904189855858,8.94458476658435,19.705176994822498,37.40085714337112,28.671019529534775,73.12016315420938,8.94458476658435,RMSE_Last_Known_TVT,Moderate
7a5660b0_,2096,6936,1938,4998,0.7205882352941176,13742.0,18739.0,4997.0,11839.68,12735.01,895.3299999999999,12735.01,12704.34,12735.01,30.670000000000073,4.715025989225316,-30.670000000000073,74.95888640415303,5.513924283952787,33.89061772339042,0.034013605442176874,11827.35,12874.68,1047.33,91.61731870229008,28.829429904296298,16.658432298137043,29988,1.0,884.9054832609343,12.600288115246167,12.600288114607649,24.805767323200065,19.09598751488638,-63.043779035657,884.9054832609343,12.600288115246167,12.600288114607656,24.805767323200065,19.09598751488638,63.043779035657,1024.2081400291497,13.453411559639392,13.4534115589395,27.195295211689125,20.70811701300316,72.06070060490225,13.4534115589395,RMSE_Linear_Extrapolation_10,Moderate
7acda2df_,1249,4552,1461,3091,0.6790421792618629,12111.0,15201.0,3090.0,10739.79,11195.44,455.64999999999964,11185.47,11173.570000000002,11210.77,37.19999999999891,11.998315498890172,24.200000000000728,115.97926316457375,18.824648592683726,136.46542433233944,0.11355548366224523,10727.28,11350.94,623.6599999999999,110.06456365092075,32.065534926427475,5.914699513653005,18546,1.0,374.2413050806164,-6.904098997089142,-57.031977784640304,-44.13621336854067,-50.24183825279005,39.2342842636301,374.2413050806164,11.903730184406536,57.11728370701818,44.4006297788904,50.40583040908306,39.2342842636301,396.05682845160584,13.841227690699123,69.97085975068458,55.187102238044915,62.180323653797494,41.31429244448208,13.841227690699123,RMSE_Last_Known_TVT,Moderate
7b2c7b3c_,1445,4231,1647,2584,0.61073032380052,12796.0,15379.0,2583.0,10882.28,11423.73,541.4499999999989,11412.39,11409.66,11429.41,19.75,4.636234929763744,17.020000000000437,94.12208914131259,11.761732041086724,84.7435144707089,0.04024767801857585,10869.95,11591.95,722.0,74.79328719723182,28.365155320348876,19.328801944080766,15504,1.0,632.3960479665537,-4.076308049536328,-6.034641383282842,-6.8277469934639425,-7.323539742229557,-64.86350357579983,632.3960479665537,4.325464396285458,6.0346470123287155,6.8277481427739195,7.323539742229557,64.86350357579983,734.4533400300062,6.17273385674935,8.012986394281038,8.814156503181989,9.325708135247872,73.72917190182388,6.17273385674935,RMSE_Last_Known_TVT,Easy
7b38844c_,2460,5197,1448,3749,0.7213777179141813,13018.0,16766.0,3748.0,11554.68,12040.34,485.65999999999985,12037.26,12024.68,12054.47,29.789999999999054,7.38817297503854,8.510000000000218,87.4635260865847,11.275131771976692,74.89459256930618,0.15017337956788476,11542.2,12156.95,614.75,69.53667886178862,27.106172081859793,17.926847224796077,22494,1.0,584.156895584639,-0.13105094691911037,26.914403599270813,22.529165074660558,23.419669341127623,63.180766883445706,584.156895584639,6.097425980261411,28.101120056899305,24.2941020279801,25.065041096582092,63.180766883445706,656.4397719955557,7.388349907150671,33.13427350651185,28.21774213367661,29.21207837543924,70.54105092134755,7.388349907150671,RMSE_Last_Known_TVT,Moderate
7bb17b96_,2485,5295,1373,3922,0.7406987724268177,12953.0,16874.0,3921.0,11548.43,12022.79,474.3600000000006,12009.45,12009.26,12040.35,31.090000000000146,8.844816518263073,13.149999999999636,94.2643532845623,13.55490732114946,98.08706649075432,0.4474757776644569,11535.95,12156.95,621.0,69.93983903420524,27.265534992812608,24.32451425035707,23532,1.0,759.5177260143435,-14.529171341151908,-43.65447437159663,-65.16258964296968,-57.93930915626647,88.2121857414292,759.5177260143435,14.533072412034125,43.65447437159663,65.16258964296968,57.93930915626647,88.2121857414292,845.5425325731294,17.009046194531738,50.069425277778215,74.80947977509771,66.49298713973207,97.58176539878617,17.009046194531738,RMSE_Last_Known_TVT,Difficult
7c607683_,2062,7001,1673,5328,0.7610341379802885,12014.0,17341.0,5327.0,10348.44,11226.97,878.5299999999988,11213.47,11189.68,11216.7,27.020000000000437,7.221128701056928,3.2300000000013824,84.19955072734334,13.247742457497688,93.35391240686494,0.36373873873873874,10335.95,11366.45,1030.5,85.91533947623665,28.643750788768678,1.715788748893317,31968,1.0,576.0436261717246,15.24089902402323,-191.45970703602512,-199.10609455535374,-197.9063062580906,-103.91284321764158,580.1837714825806,15.308980855855097,191.45970794602604,199.10609455535374,197.90630625989314,103.91284321764158,696.9803488100637,16.864753655466934,224.1154375881885,232.93853870036085,231.55408414651788,115.75961398894295,16.864753655466934,RMSE_Last_Known_TVT,Difficult
7cbbd047_,3568,6790,1669,5121,0.7541973490427099,12855.0,17975.0,5120.0,11277.63,12014.6,736.9700000000012,12014.6,12006.06,12036.96,30.899999999999636,8.10536095545689,20.43000000000029,94.12597310986814,14.484875756137368,122.92336394052269,0.16637375512595196,11265.2,12156.95,891.75,81.725725896861,29.904344641888926,12.400247213007148,30726,1.0,511.8701556677042,-9.559523530560215,70.99556737912155,71.50976515830796,78.504442855984,148.8738807559002,513.4186280024765,10.884147627416352,71.23690674820217,71.74622117147808,78.67741156778042,148.8738807559002,602.7935684486699,12.532698729088267,82.20653913317979,82.79870118194536,90.855947586581,165.1248668252592,12.532698729088267,RMSE_Last_Known_TVT,Moderate
7cd4bb31_,1411,7959,1520,6439,0.8090212338233447,12222.0,18660.0,6438.0,10673.67,11196.89,523.2199999999993,11192.95,11179.990000000002,11206.92,26.929999999998472,5.51872873283348,2.7399999999997817,79.9557208675977,12.038933027063152,120.3062776694444,0.3393384065848734,10661.45,11366.45,705.0,72.49194188518781,23.91521757558146,7.463778982409892,38634,1.0,1222.1476188936672,-2.1279686286684676,-17.74008984009287,-33.235699801814285,-35.458254342975486,117.02191706299145,1222.1476188936672,4.7372091939739525,17.740091534314164,33.23569990717659,35.458254342975486,117.02191706299145,1420.1006071388022,5.9143797077311655,19.170745336190883,36.60921340926403,39.14402323408841,134.03783855411024,5.9143797077311655,RMSE_Last_Known_TVT,Easy
7d50373e_,1377,6494,1372,5122,0.7887280566676933,12125.0,17246.0,5121.0,10690.63,11226.8,536.1700000000001,11218.09,11199.42,11218.070000000002,18.650000000001455,3.788650784173497,-16.420000000000073,81.28837032375755,13.05343140880442,68.9469036016767,0.2844591956267083,10678.45,11366.45,688.0,72.0240813362382,23.979085185924937,9.26428898751935,30732,1.0,-688.4457712741389,13.776788363920343,-32.3302116361394,-35.07354508942283,-36.41385149194204,62.24909146323657,688.4457712741389,13.776788363920343,32.76908395163911,35.42332850890503,36.723642490264815,62.24909146323657,754.9929018963824,14.288140886490114,40.471698638347725,43.61118133155171,45.14646086165727,69.57237676128625,14.288140886490114,RMSE_Last_Known_TVT,Difficult
7d57c75d_,2104,6147,1742,4405,0.716609728322759,11787.0,16191.0,4404.0,10083.46,10810.75,727.2900000000009,10794.1,10789.97,10832.71,42.73999999999978,10.868715018735745,19.729999999999563,67.24992491824783,17.58052510129297,117.84910567962991,0.10102156640181612,10070.95,11122.45,1051.5,133.7440874524715,49.465448166040034,66.49416253422366,26430,1.0,1086.2739071691724,-9.136973893302848,-9.136973893627372,-15.82647956392137,-11.353197182576276,85.40840105740783,1086.2739071691724,9.496515323495858,9.49651532376709,15.844641476402105,11.548055464597502,85.40840105740783,1190.0414445784281,14.198113996829493,14.198113997130758,20.918604297473816,16.326558691659955,92.8190274578756,14.198113996829493,RMSE_Last_Known_TVT,Difficult
7e208414_,2572,5732,1506,4226,0.7372644801116539,12990.0,17215.0,4225.0,11526.62,12032.94,506.3199999999997,12032.75,12023.25,12034.5,11.25,3.3868880534501504,-9.5,93.74235416226777,10.62600981873185,64.83333496300104,0.09252247988641742,11514.2,12156.95,642.75,71.20517884914463,27.681212963927525,22.537175313123143,25356,1.0,666.9878442058261,5.409320870799672,18.602684506916113,2.6742629050152793,13.328475972925725,70.07776995242321,666.9878442058261,5.610754850922744,18.627762164707427,2.9746922113999963,13.403436792728314,70.07776995242321,752.8040737667407,6.381931414565357,21.4793851139429,3.4072101953807437,15.411908040518833,78.72157704051492,3.4072101953807437,RMSE_Linear_Extrapolation_100,Easy
7e721392_,2194,8301,2127,6174,0.7437658113480303,12584.0,18757.0,6173.0,10567.14,11516.37,949.2300000000014,11514.17,11461.12,11514.14,53.01999999999862,14.248906730772596,-47.82999999999993,76.27275228964247,13.935754792968268,99.77081492880438,0.5672173631357305,10554.95,11651.45,1096.5,86.32369188696444,27.839989051300346,10.050939597321971,37044,1.0,870.5674583953104,37.73138969873658,-19.527701210878693,-31.674832173463667,-40.52580117781207,-34.25531839989095,870.5674583953104,37.73138969873658,20.962060429797937,31.899587829786643,40.52580647050252,34.25531839989095,1047.5410672549162,40.331826473951956,28.862146287757906,42.29283519693722,52.276261642003305,39.81640736237265,28.862146287757906,RMSE_Linear_Extrapolation_10,Difficult
7ff89f8f_,2454,9539,2202,7337,0.7691581926826712,11894.0,19230.0,7336.0,9631.19,10683.92,1052.7299999999996,10682.81,10668.43,10709.4,40.969999999999345,11.489113347760027,-14.3799999999992,84.45026545278898,13.911092765553391,91.65982362861521,0.2108491208940984,9618.95,10845.45,1226.5,92.29124694376529,30.26016251543267,7.840981490976304,44022,1.0,-3227.4658012529353,-8.27030939075982,-23.835763936529407,-14.269504170239271,-14.452552367838782,-115.18118664297175,3227.4658012529353,11.48404525010244,24.133950132677814,15.184892035572828,15.329475067964802,115.18118664297175,3555.3575972187978,14.155555516103233,28.965782188928316,19.23556071350991,19.408535229865983,127.80262874745365,14.155555516103233,RMSE_Last_Known_TVT,Moderate
8050c789_,1863,4940,1863,3077,0.6228744939271255,13422.0,16498.0,3076.0,11448.16,12291.17,843.0100000000002,12282.63,12266.52,12295.98,29.459999999999127,7.7022242998742785,-16.109999999998763,87.28473174123643,12.619915049696871,77.13268832370733,0.24894377640558987,11435.95,12366.95,931.0,92.21902844873858,28.259107539648674,4.934296707502156,18462,1.0,1108.66562951041,1.1505719856994203,-9.20270074198631,-6.198672478771002,-8.776624652949199,-67.79642431242682,1108.66562951041,6.513802404939671,9.204734363872367,6.3152730798979695,8.779308421653246,67.79642431242682,1184.9964004462026,7.786449457719408,10.111416053468213,7.793282756167403,9.741124585153289,71.55674139661788,7.786449457719408,RMSE_Last_Known_TVT,Moderate
807f0298_,1444,5499,1752,3747,0.6813966175668303,12033.0,15779.0,3746.0,10413.4,11038.490000000002,625.090000000002,11036.990000000002,11024.28,11061.4,37.11999999999898,8.828549154177336,14.899999999997817,124.30342721249306,15.714492363232543,90.43165040117768,0.44141980250867363,10400.95,11122.45,721.5,112.9765027700831,46.10694900776418,11.326924442409961,22482,1.0,758.302554664261,0.6839204697105505,2.501132591054438,-11.735082590613235,-7.423997897617451,-182.85167610301193,758.302554664261,6.401086202295238,6.893252347376677,11.998579856206916,8.427007107711423,182.85167610301193,850.5628472056162,8.853825493010934,8.865366209928235,17.68315748556043,13.592634743968896,202.48733935192288,8.853825493010934,RMSE_Last_Known_TVT,Moderate
811f52b3_,2060,6674,1838,4836,0.7246029367695535,12286.0,17121.0,4835.0,10349.39,11217.66,868.2700000000004,11215.77,11212.25,11228.17,15.920000000000073,3.820768051129243,-0.3900000000012369,82.67184152341636,8.825335321548451,58.644569783982455,0.06823821339950373,10336.95,11366.45,1029.5,85.89338349514563,28.648976941669186,3.221541971729266,29016,1.0,1586.8209685026618,-2.559125310173388,-17.50985258372456,-27.535199027540635,-23.27170514200194,-121.83852390605061,1586.8209685026618,3.2364495450784716,17.50985476433964,27.535199027540635,23.271705735787844,121.83852390605061,1773.514747302993,4.598301010999275,19.179492498202706,30.56411942009977,25.701713561103784,135.5428059164696,4.598301010999275,RMSE_Last_Known_TVT,Easy
81bf5923_,2085,6386,1843,4543,0.7113999373629816,13771.0,18313.0,4542.0,11957.64,12788.35,830.710000000001,12773.62,12720.06,12773.61,53.55000000000109,16.59071721574345,-40.17000000000007,92.30189006999855,14.936836759234644,93.43124177331981,0.08320493066255778,11945.45,12987.45,1042.0,90.96072422062349,28.871267612855892,1.3411658493750593,22715,0.8333333333333334,-96.75837931744738,26.56512656834754,-9.236085552949037,-25.697553779697316,-16.493228293632075,15.051724112295526,96.75837931744738,26.56512656834754,10.380932703737797,26.08019766733044,17.206670020715503,15.051724112295526,99.7491474110304,31.31927935297995,12.599576448120676,30.458033333681232,20.216070058437428,15.342205155602716,12.599576448120676,RMSE_Linear_Extrapolation_10,Moderate
81fc01c6_,2014,7655,1746,5909,0.7719137818419334,11855.0,17763.0,5908.0,9969.61,10794.89,825.2799999999988,10794.71,10791.6,10834.36,42.76000000000022,11.257287789563305,39.54000000000087,91.91738268538295,11.079662190827095,81.19671509765709,0.17684887459807075,9957.47,10963.71,1006.2399999999998,92.74197616683217,35.66519036738492,0.8245934814492273,35454,1.0,2507.6944226038154,-9.925889321375204,-14.403162047963782,-10.981284460916505,-21.283305888112267,-139.40091179413528,2507.6944226038154,10.284931460484806,14.41267296353684,11.193563390535976,21.283305888112267,139.40091179413528,2878.8685959724685,15.007610097527794,19.33379582652974,15.982309599688197,26.57583620360256,159.20637853643126,15.007610097527794,RMSE_Last_Known_TVT,Difficult
8255c867_,2194,5338,1749,3589,0.672349194454852,12145.0,15733.0,3588.0,10267.36,11151.14,883.7799999999988,11151.14,11151.18,11193.2,42.02000000000044,10.015075660500264,41.63000000000102,124.49022398198125,20.34877975702123,141.1918894727104,0.229869044302034,10254.87,11350.94,1096.0699999999997,126.11300820419325,31.870159205183242,1.6227842222120046,21534,1.0,286.67251396944664,-23.320537754249834,44.889462245502166,45.46097559708735,54.5691021017564,-39.074231540461454,294.4651720608465,23.320537754249834,46.184617441943224,46.73928283018468,55.60463316990809,39.43548282673821,346.4155901192748,25.379544413656888,56.49082258395783,57.13982739588065,67.51138790101831,45.58417354643885,25.379544413656888,RMSE_Last_Known_TVT,Difficult
82aab6d2_,2096,7889,1749,6140,0.778298897198631,13165.0,19304.0,6139.0,11383.03,12173.55,790.5199999999986,12160.7,12132.240000000002,12160.59,28.349999999998545,5.174233727422873,-13.680000000000291,70.58618436816704,6.356449324807228,40.48789912505538,0.4190553745928339,11370.95,12418.45,1047.5,94.14922709923664,28.80256509847658,23.5630427310696,36840,1.0,1177.263449219352,15.519701954397986,-309.2089344092901,-275.7956668124861,-305.86765314760106,-155.61952766151194,1177.263449219352,15.519701954397986,309.23236664697646,275.8739919871534,305.89523796445945,155.61952766151194,1322.2190680554463,16.359385167102737,362.85444635138697,324.2929512713285,358.9981631902528,173.58322831687553,16.359385167102737,RMSE_Last_Known_TVT,Difficult
82fcf37c_,1249,7397,1383,6014,0.8130323103961066,11935.0,17948.0,6013.0,10498.93,10955.63,456.6999999999989,10955.63,10951.77,10968.62,16.850000000000364,4.473454218221502,10.140000000001237,112.62117292942374,17.42555948661692,97.7849824128468,0.5483870967741935,10486.63,11110.62,623.9900000000016,98.65851080864691,29.895386931761944,13.962662120776827,36084,1.0,709.7375374265457,-4.801712670436607,34.569196420823346,34.024904791328325,26.242330546830395,-74.01794748168868,709.7375374265457,5.284090455604271,34.76111993262471,34.22398980207074,26.556973205118016,74.01794748168868,780.5181021434665,6.562385974432521,40.26722875825781,39.64156903567316,30.708095479351826,81.20533501579258,6.562385974432521,RMSE_Last_Known_TVT,Moderate
833af382_,1919,5377,1749,3628,0.6747256834666171,12240.0,15867.0,3627.0,10404.69,11176.0,771.3099999999995,11170.19,11146.91,11175.86,28.950000000000728,9.006019239200677,-6.520000000000437,120.5995333175832,18.75395477391102,108.79314266852683,0.28969128996692395,10392.320000000002,11350.94,958.619999999999,124.28025013027617,33.56682342225836,3.680716812692978,21768,1.0,1007.8558467193246,7.829214443219739,128.0260932311751,64.6292162133709,78.95848575166592,-35.3783815207081,1007.8558467193246,9.500267364939559,128.0260932311751,64.65964536077298,78.97148437515065,35.3783815207081,1200.014876277781,11.932419080398546,145.45562824598375,72.61249335636003,89.02575169899565,41.44578605819394,11.932419080398546,RMSE_Last_Known_TVT,Moderate
8382f4b6_,1300,6680,1713,4967,0.743562874251497,12872.0,17838.0,4966.0,10900.71,11427.89,527.1800000000003,11400.77,11344.35,11402.63,58.279999999998836,16.166665955154397,-56.42000000000007,96.82827102288591,16.260675854899972,80.44855275827723,0.6559291322730018,10888.31,11537.41,649.1000000000004,76.06863076923077,28.754299950394127,20.75964025365515,29802,1.0,625.2414707651523,32.11917656533147,-7.022641616444569,-27.938473119640285,-5.942979497131469,-95.11215798677348,625.2414707651523,32.20612643446775,8.368942474850146,27.938473119640285,7.679493508558562,95.11215798677348,676.4562068883539,35.957613544757436,11.668577125393108,34.53572779553694,10.643171535530417,101.53283899625433,10.643171535530417,RMSE_Linear_Extrapolation_50,Moderate
84633df4_,2015,6719,1747,4972,0.7399910700997172,11811.0,16782.0,4971.0,10026.76,10878.570000000002,851.8100000000013,10877.31,10868.72,10883.27,14.550000000001091,4.702669531964889,5.100000000000364,86.3809661697615,12.039032746304521,85.75084078625184,0.5679806918744972,10014.35,11021.27,1006.9200000000001,93.35830272952855,36.3025867913495,6.977336559767039,29832,1.0,1720.8403267808883,-0.5662831858413836,-8.70391954870507,-11.42511888940615,-14.376059416404097,-136.4748623451255,1720.8403267808883,4.298390989541605,10.545853067458362,12.823528378754538,15.503996899678253,136.4748623451255,1969.9164079905493,4.736172446701271,12.531439424693568,15.538450632855074,18.849173632439797,154.36468129560393,4.736172446701271,RMSE_Last_Known_TVT,Easy
8478df29_,1875,6698,1841,4857,0.7251418333830995,12002.0,16858.0,4856.0,10096.72,10928.93,832.210000000001,10921.63,10903.79,10921.6,17.80999999999949,3.1146115675572146,-2.0499999999992724,86.76649327786147,12.119732817017164,68.36143165863854,0.6660490014412188,10084.34,11021.27,936.9300000000003,90.953392,36.41001858668655,4.1868987221385225,29142,1.0,1402.9471661826797,13.693345686636905,-59.17665431318875,-59.64365197317233,-60.44568288471688,-142.98285366586651,1402.9471661826797,13.693345686636905,59.78842289462173,60.24391459219393,61.02641226415401,142.98285366586651,1587.1531210677324,14.043024034272376,72.8791446983703,73.41528548238225,74.33616791103933,159.9386895839268,14.043024034272376,RMSE_Last_Known_TVT,Moderate
84815d5a_,4434,5286,1639,3647,0.6899356791524782,13001.0,16647.0,3646.0,11061.2,11942.31,881.1099999999988,11942.31,11942.33,11976.68,34.350000000000364,8.164845571374954,21.31000000000131,67.66988213873165,11.178521491222103,71.02431609803529,0.27858513846997535,11048.7,12156.95,1108.25,86.40381371222372,28.653149611038526,18.73393157349207,21882,1.0,467.13639001317364,-16.930967918838043,14.795577534726096,6.986471505111045,10.458373737793117,-70.93912985921196,467.13639001317364,16.930967918838043,19.148563185445525,14.766825667533293,16.67734250695496,70.93912985921196,526.6760394066423,18.796385252137515,24.833753324080075,17.403510823133477,20.55082212164375,78.02836801745107,17.403510823133477,RMSE_Linear_Extrapolation_100,Difficult
84c3b497_,1359,6887,1575,5312,0.7713082619427908,12598.0,17909.0,5311.0,10984.68,11518.75,534.0699999999997,11516.44,11500.69,11564.05,63.35999999999876,17.061253303980184,33.51999999999862,66.00955960383486,24.280629185971346,244.25323374750428,0.17865210843373494,10972.45,11651.45,679.0,71.76394407652685,24.034338016120994,5.754384472691996,31872,1.0,866.5299640050055,-8.274358057228552,-46.27035805621656,-52.13027983943106,-50.976080746293256,-103.662650054154,866.5299640050055,13.124892695783062,46.27036177563971,52.13028115384715,50.976082224294096,103.662650054154,1009.822669981113,18.960394713110585,59.452320462391256,66.08236205253026,64.77425046166492,118.38558731804714,18.960394713110585,RMSE_Last_Known_TVT,Difficult
85380836_,1598,8175,1557,6618,0.8095412844036697,12092.0,18709.0,6617.0,10580.45,11216.96,636.5099999999984,11195.13,11190.89,11218.02,27.13000000000102,6.954058255728034,22.890000000001237,86.68900917788272,14.012456633797273,83.94632681074835,0.41175581746751283,10567.95,11366.45,798.5,76.83972465581978,26.153947606013787,9.849284522062945,39708,1.0,2856.1737440913553,-12.34172861891904,-153.3464861950369,-132.70823368938426,-156.83934566576664,-108.76953797205306,2856.1737440913553,12.96366273798804,153.3464861950369,132.70823368938426,156.83934566576664,108.76953797205306,3272.0840288265426,14.16579981313258,176.67202573230477,152.84602933081058,180.70449251560493,124.20232170775233,14.16579981313258,RMSE_Last_Known_TVT,Moderate
8612b37f_,1638,6807,1642,5165,0.7587777288085794,12988.0,18152.0,5164.0,11245.64,11881.570000000002,635.9300000000021,11880.09,11874.11,11919.36,45.25,14.2369019713406,2.4899999999997817,111.6561844391473,17.1291088106926,108.99972581843502,0.5823814133591481,11233.4,12051.84,818.4400000000005,92.72434676434675,32.915196937007345,18.931837674800548,30990,1.0,2706.6681484431106,-13.497380445304948,63.99261955557238,71.81508742151073,59.87842459668134,-126.89548487326645,2706.6681484431106,14.522511132623439,63.99275121094507,71.8150893025507,59.87868710825325,126.89548487326645,3109.495215399413,19.617069448970486,74.41582036459855,83.35230949335909,69.72560587055692,145.19429360051615,19.617069448970486,RMSE_Last_Known_TVT,Difficult
861e71df_,2110,6284,1584,4700,0.7479312539783577,12357.0,17056.0,4699.0,10495.53,11398.37,902.8400000000001,11389.73,11371.740000000002,11391.75,20.0099999999984,6.867926882706213,-11.850000000000364,108.83873049743514,22.32438741842557,114.23304244883863,0.15170212765957447,10483.44,11537.41,1053.9699999999993,94.38557345971564,33.22701126206287,14.453157037719492,28200,1.0,-344.66028218202746,9.273789361701542,23.80415299753631,4.165453988150117,32.48645826916272,95.90627968901778,344.66028218202746,9.626036170212398,23.80415462229453,5.0391123693432265,32.486458322086015,95.90627968901778,347.69923020179243,11.539564677986593,28.01676213022716,6.1455714157678,37.987961371142674,105.40704473191313,6.1455714157678,RMSE_Linear_Extrapolation_100,Easy
86454a6f_,645,9100,1136,7964,0.8751648351648351,13101.0,21064.0,7963.0,12057.48,12193.11,135.63000000000102,12177.94,12177.95,12274.63,96.67999999999847,24.568012373437607,79.18999999999869,84.15757840859524,13.666297054128611,83.5467388777944,0.8117780010045204,12044.95,12366.95,322.0,70.79640310077518,27.96819498145147,13.361175307820062,47784,1.0,80.1087393004073,-65.82880713209407,-14.176988950175394,-21.174622613596522,-15.755443386744304,68.89941215689099,80.4721274814153,65.82880713209407,18.546074714967027,22.071691467107836,19.182571370148334,68.89941215689099,102.43162860333008,70.26338513734783,22.046458968264268,25.93135547525802,22.730717458454738,81.07506984845558,22.046458968264268,RMSE_Linear_Extrapolation_10,Difficult
8648abae_,4296,6086,1842,4244,0.6973381531383503,13085.0,17328.0,4243.0,11095.58,12028.46,932.8799999999992,12013.11,12007.4,12028.33,20.93000000000029,5.199954831941051,5.699999999998909,90.69698604765887,14.013741680809938,112.45294349006838,0.050188501413760606,11083.2,12156.95,1073.75,85.99561918063314,29.013799168687417,4.701366867025726,25464,1.0,854.860562663902,-4.471778982091915,-37.91723352819817,-63.75633073724759,-45.00159170726614,112.029292456061,854.860562663902,5.650874175306105,37.937455874182014,63.75633073724759,45.00511898034301,112.029292456061,972.5663505417388,6.857839767871924,43.859733430689666,73.5918697019093,51.999769471789484,122.96743328194896,6.857839767871924,RMSE_Last_Known_TVT,Moderate
865033f8_,1899,5303,1746,3557,0.6707524042994532,12109.0,15665.0,3556.0,10414.46,11194.25,779.7900000000009,11194.25,11182.77,11202.15,19.3799999999992,5.9380485139271055,4.510000000000218,125.82599049002101,22.816947724347784,163.00050778906973,0.6589822884453191,10402.320000000002,11350.94,948.619999999999,124.14111637704053,33.71182367894715,1.6848741129804807,21342,1.0,809.9879455036129,-0.19172898509996314,-0.1917289852288818,8.241574345223112,1.4962921433820404,-72.4049278318179,809.9879455036129,5.085111048636522,5.085111048690124,8.24517733357942,4.453029329303983,72.4049278318179,911.5075099307849,5.940308678128904,5.940308678177049,9.627298424876596,5.6210861717370095,80.07247354229042,5.6210861717370095,RMSE_Linear_Extrapolation_50,Easy
87695469_,9819,8654,1651,7003,0.8092211694014328,11252.0,18254.0,7002.0,9267.54,10096.98,829.4399999999987,10096.98,10083.35,10109.36,26.01000000000022,6.32844313015491,-8.739999999997963,71.88055879094667,13.407845002500759,75.99328659133735,0.4412394687990861,9255.05,10236.85,981.8000000000011,84.44653019655769,30.461792193678043,12.565971405611023,42018,1.0,1898.5100777577504,3.1115093531337923,18.180721474251175,22.96878448068284,13.330790985742857,-144.8838950967623,1898.5100777577504,6.272571754961891,18.202814897418776,22.973737979031387,13.907019409206935,144.8838950967623,2115.5659624209197,7.051593014629924,22.37383547537233,27.759800244887142,17.011816848533133,160.76029543778228,7.051593014629924,RMSE_Last_Known_TVT,Moderate
877ed19c_,1944,5631,1923,3708,0.6584976025572722,12911.0,16618.0,3707.0,10578.88,11367.01,788.130000000001,11365.28,11353.91,11366.4,12.489999999999782,3.2214397722223684,-0.43000000000029104,95.54502833579281,12.106103624752668,77.9799222214353,0.30393743257820927,10566.42,11537.41,970.9899999999998,92.941579218107,34.17841252883387,2.6034491176858126,22248,1.0,829.2467966564008,2.307052319310113,-53.32794768026587,-19.62478881483004,-53.27451670824891,87.49423907565753,829.2467966564008,2.5173867313918925,53.32794768026587,19.633737127136996,53.274516723789105,87.49423907565753,916.8895203555113,3.961990141908008,62.20621912268024,23.441784298816575,62.14461592265475,96.19055007236621,3.961990141908008,RMSE_Last_Known_TVT,Easy
87aa3730_,1510,7293,1686,5607,0.7688194158782394,12365.0,17971.0,5606.0,10624.09,11224.7,600.6100000000006,11212.68,11192.45,11216.64,24.18999999999869,6.813402417667968,-5.470000000001164,78.95121717528207,14.046320908337982,74.28806788841695,0.23256643481362582,10611.95,11366.45,754.5,74.24224503311258,24.495872606307074,4.708972142169486,33642,1.0,1363.2219285532542,6.057731407169762,-21.982268594247422,-11.325217767747096,-16.64490676803469,112.72581140367843,1363.2219285532542,7.271057606563308,22.404212592765884,12.246515110707804,17.296706534193607,112.72581140367843,1580.3831445473736,9.116484132166912,28.81217956645223,17.298588734368547,22.943346130365885,129.48974112726594,9.116484132166912,RMSE_Last_Known_TVT,Moderate
884ecb5f_,1485,8054,1330,6724,0.8348646635212317,11884.0,18607.0,6723.0,10636.75,11186.35,549.6000000000004,11173.91,11168.39,11213.88,45.48999999999978,10.236988472037723,10.360000000000582,82.65901338392239,11.119162469298558,79.45407598994773,0.03896490184414039,10624.45,11366.45,742.0,73.30675420875421,23.596013022603234,9.352259175168172,40344,1.0,958.8990877719484,-17.099155264723663,-267.9620340534202,-328.9654311422771,-321.21124410031564,94.55350107915986,958.8990877719484,17.43332242712697,267.9620356578044,328.9654311422771,321.21124410031564,94.55350107915986,1142.8549797549185,19.928910115404566,302.7558975922607,373.12040088751706,364.17473945877816,112.32411327489542,19.928910115404566,RMSE_Last_Known_TVT,Difficult
8902c3f6_,1382,6533,1574,4959,0.7590693402724629,11979.0,16937.0,4958.0,10203.31,10766.36,563.0500000000011,10766.36,10763.06,10784.39,21.329999999999927,5.929926070664681,1.9799999999995634,84.76798280718327,15.65771544422937,101.32986581621572,0.4831619278080258,10191.15,10881.6,690.4500000000007,76.51625904486252,25.035758761617785,8.25172376232075,29754,1.0,850.4002051236907,-6.545843920144742,29.677186382263965,85.16727939221632,31.811092454285212,88.43715434562347,850.4002051236907,7.029538213349183,30.309123539705066,85.16727939221632,32.36884469541533,88.43715434562347,935.8014885104932,8.832044207317482,38.935297619386944,102.48723632938125,41.34960620067625,96.50619413432122,8.832044207317482,RMSE_Last_Known_TVT,Moderate
896d15b9_,1208,5698,1419,4279,0.750965250965251,12828.0,17106.0,4278.0,11475.54,11956.08,480.53999999999905,11945.53,11942.35,11990.84,48.48999999999978,17.21109056167023,19.81999999999971,80.00141753289743,21.191210575940342,237.46779898812522,0.6620705772376724,11463.320000000002,12066.820000000002,603.5,81.38725993377483,25.010008572052406,1.3858424008773937,25674,1.0,1289.7733494855822,-24.30988315026824,-92.91958012075129,-94.78490505247544,-99.6008891525326,-91.68426995582817,1289.7733494855822,24.676309885486848,92.91958918545771,94.78491085125114,99.60089140412732,91.68426995582817,1598.323211010225,29.78460727060298,107.42319216623656,109.56558794520068,115.09888904886213,113.15105202825939,29.78460727060298,RMSE_Last_Known_TVT,Difficult
8995c945_,1721,8198,1474,6724,0.8202000487923884,11728.0,18451.0,6723.0,10274.87,10994.94,720.0699999999997,10986.86,10986.85,11016.75,29.899999999999636,7.68017035676266,28.81999999999971,121.9634065472274,11.568111738465875,82.03147808134231,0.12120761451516954,10262.45,11122.45,860.0,124.3688843695526,49.65274566436844,2.40547782232521,40344,1.0,3379.9404892381426,-15.222079119571251,-21.947079119145045,-93.2885747691908,-46.39927599808841,-234.09687349920958,3379.9404892381426,15.222091017251207,21.947079714029037,93.2885747691908,46.39927599808841,234.09687349920958,3880.817910438449,17.049572930743697,24.50920587137168,106.37074070444989,52.38612535707646,267.75523177316177,17.049572930743697,RMSE_Last_Known_TVT,Difficult
89969c7a_,2038,6317,1370,4947,0.78312490106063,11572.0,16518.0,4946.0,10014.97,10906.21,891.2399999999998,10906.21,10896.86,10922.1,25.23999999999978,7.894155648187144,-6.869999999998981,86.93909227745944,11.11561035557356,80.15134233411959,0.38164544168182735,10002.85,11021.27,1018.4200000000001,93.47687438665358,36.12199642895819,6.53778210919414,29682,1.0,1549.5718056819712,-2.3485324439064175,2.5994675559434817,41.93020358969838,15.086485083144439,-106.57205768760063,1549.5718056819712,6.564327875480122,6.770392156833458,41.93020358969838,15.086485083144439,106.57205768760063,1790.7047903548996,8.235332474787521,7.908749393107677,48.39860371933003,18.42539444874836,122.84027457224168,7.908749393107677,RMSE_Linear_Extrapolation_10,Moderate
89f1085d_,1126,7497,1503,5994,0.7995198079231692,13835.0,19828.0,5993.0,12440.71,12823.52,382.8100000000013,12813.12,12769.53,12813.1,43.56999999999971,8.499078968540811,-13.040000000000873,88.0995290015345,14.409731770968078,94.39498833146098,0.3314981648314982,12429.070000000002,12991.53,562.4599999999991,76.01401420959148,23.750015924313214,12.085514791943027,35964,1.0,398.85375424141057,26.291112779446763,-18.217220553122317,-5.32680141197982,-3.455026476161512,-192.470210433003,398.85375424141057,26.291112779446763,24.66478842430975,17.573819763421568,16.62900672055908,192.470210433003,432.51846945888127,27.630506752261244,32.08019877912015,20.219060064823076,18.856655188184046,206.539029149925,18.856655188184046,RMSE_Linear_Extrapolation_50,Difficult
89f36adf_,3567,7041,1749,5292,0.7515977844056242,13087.0,18378.0,5291.0,11446.98,12229.33,782.3500000000004,12229.33,12223.4,12242.12,18.720000000001164,4.454539323286562,-5.819999999999709,86.24885946720276,11.736367961103985,75.01298906430164,0.608843537414966,11434.59,12325.65,891.0599999999995,80.95472946453603,27.187612529863923,5.2941300026667335,31752,1.0,655.221463884828,0.4615910808765607,15.217833505931662,17.103653337080004,18.09814666300909,58.22998128045497,655.221463884828,3.2349433106575165,15.217837582983359,17.10365516878245,18.098147926643794,58.22998128045497,762.3899105974889,4.477972454313123,18.282904595461815,20.402490871946192,21.5249146193538,66.01622374647202,4.477972454313123,RMSE_Last_Known_TVT,Easy
89fdb2f2_,3008,3570,1539,2031,0.5689075630252101,13071.0,15101.0,2030.0,11417.56,11952.06,534.5,11951.4,11950.38,11956.73,6.350000000000364,1.6051832100546342,0.3000000000010914,71.44900820764197,5.1451036513513655,35.71176027964925,0.534711964549483,11405.2,12156.95,751.75,77.70349734042553,30.657976919373183,6.2544891327835614,12186,1.0,257.54920669312105,-0.5189758739541503,-5.445036480030728,-3.2227612924952864,-3.005187638641954,35.83585553568797,257.54920669312105,1.0465681930083415,5.4715760261564785,3.27196710731597,3.0569306803195975,35.83585553568797,280.1764250572554,1.6866180518953557,6.67605270152073,4.211532034021198,3.977128188408708,38.349139576827554,1.6866180518953557,RMSE_Last_Known_TVT,Easy
8a3da6d1_,3918,6334,1741,4593,0.7251341964003789,12929.0,17521.0,4592.0,11190.25,12007.81,817.5599999999995,12003.01,11994.92,12020.75,25.829999999999927,6.281182193852427,11.659999999999854,91.93644296578526,33.14122985498069,219.89388168042322,0.46026562159808404,11177.7,12156.95,979.25,84.294887697805,29.809979993276364,7.641555267980266,27558,1.0,2737.0226254819313,-7.010400609623263,11.226387268741183,10.35059140957219,13.062015236741438,-91.10516320857873,2737.0226254819313,7.848571739603689,11.226391121771817,10.358652380633593,13.062016884637696,91.10516320857873,3320.7833354892623,9.412246097229765,13.788903822032646,12.844714077393752,15.79483212510128,109.53025926574011,9.412246097229765,RMSE_Last_Known_TVT,Moderate
8a89da23_,1633,5575,1640,3935,0.705829596412556,12192.0,16126.0,3934.0,10562.97,11196.62,633.6500000000015,11196.6,11195.52,11232.81,37.289999999999054,7.589171689804143,36.20999999999913,84.55246935214004,11.028888441398214,80.32905262435216,0.149428208386277,10550.45,11366.45,816.0,77.78364972443356,26.650928165600842,6.768819627706478,23610,1.0,254.0987695737565,-23.03477255400231,-26.970772553250956,-0.2867473514450695,-20.947227776026164,52.03408036982738,254.0987695737565,23.079789072426713,27.00426378578164,9.00669844241526,20.998874032251877,52.03408036982738,300.1078433620414,24.252456304947117,28.49104533344207,10.265247419424416,22.053944051026782,57.22557039450752,10.265247419424416,RMSE_Linear_Extrapolation_100,Moderate
8a9c8932_,1224,6344,1681,4663,0.7350252206809584,12398.0,17060.0,4662.0,10773.47,11284.4,510.9300000000003,11281.12,11277.43,11287.01,9.579999999999927,2.2039269181354864,-3.6900000000005093,86.00534564693424,12.046199127054754,70.81293960027384,0.04524983915933948,10760.95,11372.45,611.5,87.71650326797386,23.02779980560783,1.711157621039618,27978,1.0,244.94598597892528,-0.9428779755515618,-15.500211308990286,-15.742437051466897,-18.182320952884446,-107.7591314207995,246.33561217120598,1.7241089427405907,15.500658231572247,15.742717777682348,18.182320952884446,107.7591314207995,282.09859732973337,2.3969295087935425,18.029716126237435,18.30746631586937,21.108026740584044,116.35844167470786,2.3969295087935425,RMSE_Last_Known_TVT,Easy
8ac2f237_,1459,6775,1456,5319,0.7850922509225092,12498.0,17816.0,5318.0,10821.26,11370.320000000002,549.0600000000013,11360.27,11319.5,11364.8,45.29999999999927,12.351435109521436,-40.77000000000044,93.97940696424446,14.01353543413648,89.33648809444836,0.04230118443316413,10808.83,11537.41,728.5799999999999,82.06564770390679,32.436435787130605,11.91375926033767,31914,1.0,912.8037330408961,10.867965783042239,-27.178094821820338,45.503831369592795,35.07428511076144,-81.7934352895779,912.8037330408961,11.622062417747907,27.18809430907997,45.514294996891806,35.141852422401335,81.7934352895779,1002.2739079506622,16.45119897844976,29.67354142439241,55.42246765637841,43.49284905729818,88.96989233320465,16.45119897844976,RMSE_Last_Known_TVT,Difficult
8b12bab6_,2149,6980,1746,5234,0.7498567335243553,12905.0,18138.0,5233.0,10990.06,11862.09,872.0300000000007,11856.72,11853.53,11885.23,31.69999999999891,10.844208666796929,27.460000000000946,113.22149358705961,16.158664239446917,145.86991486886478,0.5827283148643485,10977.9,12051.84,1073.9400000000005,98.1701768264309,30.805512472042718,15.051316760628708,31404,1.0,929.2483486082032,-11.5074512800925,-29.750633099563835,-126.48159034400976,-37.571843837052896,-83.29724539277075,929.2483486082032,12.055089797478473,29.784856070567287,126.48159034400976,37.57517003692529,83.29724539277075,1059.8628194788332,15.811256392108719,36.444824909658394,147.89407535740446,45.41215993050279,94.66671038406419,15.811256392108719,RMSE_Last_Known_TVT,Difficult
8b5be31b_,1925,7439,1767,5672,0.7624680736658153,11809.0,17480.0,5671.0,10014.08,10856.1,842.0200000000004,10842.45,10814.97,10847.01,32.04000000000087,10.071578067301964,-11.610000000000582,86.071093992361,13.989288582452053,88.99513602767671,0.599083215796897,10001.97,10963.71,961.7399999999998,90.74537142857145,35.211057020733904,4.674277436210446,34032,1.0,1773.6166155728229,10.332727433004795,-30.237818022295862,-39.767368696629624,-35.500753959633556,-154.87246650255076,1773.6166155728229,11.737607545839529,30.244580342239107,39.76736952080231,35.50075585178676,154.87246650255076,1993.077012238673,14.42858472653754,39.6110584019097,50.25140174403707,45.46610160639776,172.5402277788041,14.42858472653754,RMSE_Last_Known_TVT,Difficult
8b95d6d1_,1245,2783,1052,1731,0.6219906575637801,11534.0,13264.0,1730.0,10271.92,10780.38,508.4599999999991,10775.76,10759.16,10775.72,16.55999999999949,4.600820617455169,-14.569999999999709,92.30967628454444,12.974168017580055,77.30734706729245,0.537261698440208,10259.65,10881.6,621.9500000000007,73.58349397590361,24.626425088135456,18.72618230864083,10386,1.0,720.8751415270732,11.968203350664481,-16.845978467704,-15.10940553022609,-16.027819698573946,34.905228846044736,720.8751415270732,11.968203350664481,16.877163804606926,15.158056819618446,16.066691139559182,34.905228846044736,780.0267364102734,12.821591683060278,20.974167702472897,18.990321173001583,20.038987020248058,37.55193443221171,12.821591683060278,RMSE_Last_Known_TVT,Moderate
8b9d8326_,1628,7832,1669,6163,0.7868998978549541,13393.0,19555.0,6162.0,11565.53,12247.81,682.2799999999988,12247.12,12232.87,12255.22,22.349999999998545,6.544216553667199,-14.1299999999992,96.08673089584731,16.31482837722086,109.0672641545184,0.6563361999026448,11553.45,12366.95,813.5,89.29476658476659,28.72927101257771,6.791964311080719,36978,1.0,1227.3415538239349,0.7142706474126416,8.185785799205094,-21.378481827779396,-16.278537995934773,100.2085397591893,1227.3415538239349,5.108718156741594,9.77742947919739,21.378481827779396,16.278537995934773,100.2085397591893,1424.7297107330758,6.582552988433189,13.260102176046413,22.85475595204374,17.211148512182458,113.67987404324978,6.582552988433189,RMSE_Last_Known_TVT,Moderate
8bb9c1e6_,1938,6382,1836,4546,0.7123158884362268,12355.0,16900.0,4545.0,10410.240000000002,11187.68,777.4399999999987,11185.25,11172.78,11187.13,14.349999999998545,3.203502875475119,-5.75,82.23337962969485,10.705064831556195,73.15654747229279,0.12120545534535855,10397.95,11366.45,968.5,84.09342105263157,28.575379355784786,1.8600414229367175,27276,1.0,1267.9462620705924,4.9274747030354975,29.867080763557173,-13.225464420877387,13.76164613149756,-106.50379151489534,1267.9462620705924,5.133669159700729,29.88531753514476,14.048035923386113,13.833908893110078,106.50379151489534,1407.6958289965887,5.877089429163017,33.51620279496795,16.879744848243572,15.18330717636406,117.78044713970772,5.877089429163017,RMSE_Last_Known_TVT,Easy
8bda1a11_,1439,7438,1457,5981,0.8041140091422425,11903.0,17883.0,5980.0,10403.95,10968.740000000002,564.7900000000009,10968.740000000002,10942.4,10988.76,46.36000000000058,12.649975727576063,18.799999999999272,113.20043550488721,18.718510076300273,118.10825475540642,0.5472329041966226,10391.63,11110.62,718.9900000000016,103.42690062543433,30.93486416176877,9.773534879452882,35886,1.0,282.36412866736487,2.323619796022169,110.36216525185048,130.1198156555811,126.7607098320496,106.94564518977955,298.44146253286084,10.788314663100095,110.36982496214442,130.11982696363717,126.7612846840268,106.94564518977955,356.2443642267854,12.860573075338545,123.36238626216053,146.07330575730526,142.20978810137836,121.87627651967107,12.860573075338545,RMSE_Last_Known_TVT,Moderate
8bfa881d_,1894,5843,1754,4089,0.699811740544241,13368.0,17456.0,4088.0,11432.56,12189.42,756.8600000000006,12181.81,12178.23,12235.0,56.77000000000044,16.0470277802032,53.19000000000051,87.94845821186702,14.532564914106768,104.6541593137596,0.4590364392271949,11420.45,12366.95,946.5,92.24812565997888,28.028740184057227,4.299667448111862,24534,1.0,1059.2837450450045,-19.051173881145182,-57.34844660814825,-62.47610157391866,-59.41991577798398,-70.25410089287163,1059.2837450450045,19.719532893128353,57.34884261517392,62.47610157391866,59.41992416425851,70.25410089287163,1204.6379486102467,24.907656478671402,68.7836095406688,74.68893548440313,71.16893766487797,79.23788490630862,24.907656478671402,RMSE_Last_Known_TVT,Difficult
8c167025_,1656,7113,1745,5368,0.7546745395754253,12011.0,17378.0,5367.0,10066.55,10771.61,705.0600000000013,10764.61,10761.06,10791.33,30.270000000000437,7.497682856844879,4.5,81.14552714233704,15.832370672614612,80.11831172770081,0.1328241430700447,10054.17,10881.6,827.4300000000003,81.34048309178742,25.392270591831235,0.19495594945037453,32208,1.0,925.3158362787267,-10.426637481370658,20.323089790844804,25.12023410576307,23.73257764466661,93.83843627521891,925.3158362787267,10.569182190759658,20.85222520612276,25.47032656150712,24.128304780528765,93.83843627521891,989.4697946313145,12.842100494100917,25.101308617606005,30.495677349829702,28.929644856284884,99.6412033597122,12.842100494100917,RMSE_Last_Known_TVT,Moderate
8c8348e8_,1668,5581,1693,3888,0.6966493459953413,13655.0,17542.0,3887.0,11832.05,12446.69,614.6400000000012,12446.69,12432.14,12451.21,19.06999999999971,5.667153110016284,-5.980000000001382,68.46550571837216,9.949449526038336,62.713282125231125,0.3073559670781893,11819.58,12652.570000000002,832.9900000000016,88.93520383693044,31.116428284695175,20.469698118558284,23328,1.0,13.561464350203039,3.2677057613172398,109.44919060999568,76.92394224500096,120.4811386546099,21.032200299375546,53.92450814703466,5.0918209876544385,109.44919060999568,76.93149206560027,120.4811386546099,21.198030670997145,61.69137629213483,6.541121071059431,127.41332939984039,89.89225258149152,140.14383520052007,25.011106914798475,6.541121071059431,RMSE_Last_Known_TVT,Moderate
8cc21f01_,1927,5806,1762,4044,0.6965208405098174,12326.0,16369.0,4043.0,10920.820000000002,11762.95,842.1299999999992,11753.97,11741.490000000002,11760.3,18.80999999999767,4.734378840031553,-4.25,83.13969656167784,13.153202978464542,87.46801587919967,0.3464391691394659,10908.45,11871.45,963.0,92.76115204981836,26.20283276841528,9.621455488140526,24264,1.0,-624.7343284259537,3.1614366963394485,30.005527605256397,15.51064086674033,33.44794930127511,69.8257481453009,624.7343284259537,4.269245796241024,30.0055329105347,15.774803718634745,33.44795181147801,69.8257481453009,653.346792973281,5.692405675014437,34.270346000642256,17.864757980056517,38.208709888070835,76.54030929709688,5.692405675014437,RMSE_Last_Known_TVT,Easy
8cc800b3_,1474,8091,1515,6576,0.8127549128661475,12026.0,18601.0,6575.0,10297.13,10911.96,614.8299999999999,10910.320000000002,10889.85,10910.3,20.44999999999891,4.252048812003667,-15.06000000000131,91.81462334467601,11.619432783630968,78.37525129431214,0.03938564476885645,10284.83,11021.27,736.4400000000005,80.79919945725915,34.48246210527004,11.015423887416858,39456,1.0,-944.1051304248793,13.228137165451509,-32.0136507134675,-25.47177540579418,-29.07152646007317,201.6246522743747,944.1051304248793,13.228137165451509,32.60101652486109,26.36837504510252,29.785111785149223,201.6246522743747,1042.4573025479265,13.894631430456734,40.78876730758125,33.369659843543246,37.445464544071115,228.87724563716347,13.894631430456734,RMSE_Last_Known_TVT,Moderate
8d5d46d7_,1605,7282,1527,5755,0.7903048613018402,12236.0,17990.0,5754.0,10576.84,11213.46,636.619999999999,11208.18,11207.76,11234.43,26.670000000000073,6.2558544635464886,7.8400000000001455,79.95873931353002,8.030990458966448,54.596443527177314,0.28236316246741966,10564.45,11366.45,802.0,77.04518380062306,26.281958181509236,2.913555512906953,34530,1.0,1082.3285104699462,-13.024415291051112,-53.31641529117348,-46.58433032257999,-49.808917571981475,-141.40331377512237,1082.3285104699462,13.029635099912975,53.316415986221266,46.58464609999265,49.80901844853017,141.40331377512237,1202.246573800081,14.448678432466647,58.070221227969675,50.422147092924945,54.08102999400343,156.40996354260096,14.448678432466647,RMSE_Last_Known_TVT,Difficult
8d92cb49_,1248,4839,1250,3589,0.7416821657367224,12534.0,16122.0,3588.0,10980.53,11435.38,454.84999999999854,11423.96,11402.29,11425.75,23.459999999999127,5.666410709433097,-21.669999999998254,94.73411630306599,14.629067548051863,91.46633814353626,0.224575090554472,10968.45,11591.95,623.5,68.17580128205128,24.561504829422407,26.558315021014707,21534,1.0,719.839960817279,4.54222346057298,-59.31626138809959,-58.015761537943085,-52.99259046496961,-82.36640131625471,719.839960817279,5.091228754527251,59.316268784436886,58.01577014550209,52.99260589159163,82.36640131625471,786.8536067974162,7.261615385751236,67.52787975855823,66.02849197028488,60.23814483592434,88.7612031973064,7.261615385751236,RMSE_Last_Known_TVT,Moderate
8f201368_,1901,8151,1802,6349,0.7789228315544106,12189.0,18537.0,6348.0,10428.75,11199.64,770.8899999999994,11169.490000000002,11168.01,11213.42,45.409999999999854,9.695701725833187,31.6299999999992,81.97807132299968,14.874261897242645,109.25401212118565,0.4947235785163018,10416.45,11366.45,950.0,83.49284587059444,28.509110856779213,1.5147745475947545,38094,1.0,5063.3396685527705,-29.633915577254815,-129.69452163757654,-151.53581626732208,-136.71336335651722,-111.17380501688365,5066.430733909053,29.662490155928673,129.69452163757654,151.53581626732208,136.71336335651722,111.2054520487229,5766.785214276237,31.179492905922075,143.09078143954022,168.17185355236992,151.1457356433019,126.29794807807978,31.179492905922075,RMSE_Last_Known_TVT,Difficult
90386ee4_,1422,5304,1464,3840,0.7239819004524887,12280.0,16119.0,3839.0,10668.2,11183.54,515.3400000000001,11183.43,11183.44,11205.8,22.359999999998763,5.861927808982665,7.670000000000073,78.4852206754602,16.1300310969356,118.85537066323236,0.5026041666666666,10655.95,11366.45,710.5,72.59879043600563,23.85461189370435,5.886430239454569,23040,1.0,25.167173346604418,-8.290309895833206,20.808174952616994,8.900498745020819,19.653541484742657,82.06832821968365,60.42602771756323,8.290309895833206,21.13221630362795,10.838699295016768,20.0078497452962,82.06832821968365,74.23746476079735,10.152954610245539,26.585494873026946,13.66889970979201,25.294645500529224,90.65995608120731,10.152954610245539,RMSE_Last_Known_TVT,Moderate
91abc4c7_,1019,7787,1939,5848,0.7509952484910749,12422.0,18269.0,5847.0,10072.240000000002,10968.84,896.5999999999985,10965.71,10950.01,10972.27,22.26000000000022,6.770657264176989,-6.119999999998981,86.0789010910467,14.446573409120075,81.27854135186541,0.6109781121751026,10060.19,11077.56,1017.369999999999,90.13979391560353,28.59740151028059,4.060892824556831,35088,1.0,535.6458379120706,1.8821580027349571,199.50746103170036,183.7567515821432,197.91704539742847,-126.71622334200163,535.6458379120706,5.1921238030097925,199.50749502415576,183.75778503507814,197.9171497186645,126.71622334200163,606.9723723968058,7.02683994774031,228.68630350356403,210.50902856592438,226.85079963899267,142.7781374417411,7.02683994774031,RMSE_Last_Known_TVT,Moderate
91b301ce_,1519,8512,1942,6570,0.7718515037593985,12111.0,18680.0,6569.0,10398.56,11050.06,651.5,11011.78,10920.76,11042.6,121.84000000000015,33.27553874649504,-91.02000000000044,73.37391664879398,13.814150070412072,190.31213887155252,0.14657534246575343,10386.37,11145.28,758.9099999999999,73.48073732718895,25.993654748861807,0.10682067839496767,39420,1.0,-687.2452061363174,11.834767123288175,114.58131257915484,114.19075899249877,115.97998969229562,-157.90201169876227,687.2452061363174,23.475540334855314,115.84467480408782,115.47090204554263,117.1843886727104,157.90201169876227,715.6645406287072,35.315076932980844,145.7078881970456,145.26366222414057,147.29911600235585,167.52761817143553,35.315076932980844,RMSE_Last_Known_TVT,Difficult
91db7070_,3039,5646,1573,4073,0.7213956783563585,13147.0,17219.0,4072.0,11409.990000000002,12029.18,619.1899999999987,12029.18,12029.21,12091.570000000002,62.3600000000024,21.83050858546994,57.02000000000044,93.8140620302201,14.947622829527493,250.21375015680027,0.3336606923643506,11397.45,12156.95,759.5,77.9757946692991,30.621636215183226,15.838267360920995,24438,1.0,299.39393165716604,-34.478922170390234,30.581623284725836,34.38781248309411,32.653555140541236,66.624334457027,301.6837291030084,34.478922170390234,30.581623284725836,34.38781248309411,32.653555140541236,66.624334457027,371.80970121436263,40.80747690976154,35.467894348160215,39.794409270606884,37.82111902665153,74.88147986302566,35.467894348160215,RMSE_Linear_Extrapolation_10,Difficult
925a7cd1_,2162,6501,1984,4517,0.6948161821258267,13240.0,17756.0,4516.0,11298.59,12096.44,797.8500000000004,12096.4,12086.75,12096.44,9.69000000000051,2.205612514491028,-7.709999999999127,40.480515448993245,8.613578076195932,57.293403123764264,0.17467345583351782,11286.45,12366.95,1080.5,93.01234042553192,26.435757170469913,52.53182497653867,27102,1.0,1090.370733498051,4.051184414433851,-4.437179222376827,101.96734625060229,79.03154359806778,-112.61901032758801,1090.370733498051,4.051636041620046,6.08844185973084,101.96734625060229,79.03154359806778,112.61901032758801,1206.5139439632599,4.612563792738408,6.991978563777031,116.58839847006261,90.11732967993858,123.83244471523228,4.612563792738408,RMSE_Last_Known_TVT,Easy
9283ae69_,1889,5118,1747,3371,0.6586557248925361,11723.0,15093.0,3370.0,10213.67,10985.2,771.5300000000007,10981.86,10976.64,10991.7,15.06000000000131,5.568918118525573,-2.1199999999989814,74.40769056704659,8.561552568442385,99.06864935071388,0.3814891723524177,10201.44,11145.28,943.8400000000001,78.66696664902064,25.67535672312239,4.2592760819740505,20226,1.0,527.8573870810867,-2.665668940966639,-33.320214396042296,-29.958027896879813,-31.65434409100319,-116.11293192979701,527.8573870810867,5.4937140314446635,33.42078449932234,30.109456024492136,31.779154337570372,116.11293192979701,600.2326979411721,6.173284378497139,37.257983485119325,33.43281421261973,35.36116903191984,125.53791142076159,6.173284378497139,RMSE_Last_Known_TVT,Easy
9298ad5b_,1840,5807,1843,3964,0.6826244188048907,12379.0,16342.0,3963.0,10404.11,11148.64,744.5299999999988,11147.6,11135.4,11178.05,42.649999999999636,10.520578000552405,-12.200000000000728,115.50639659040469,18.66689936698018,125.70838401978004,0.5025227043390514,10392.05,11311.5,919.4500000000007,116.53230434782607,48.1304204796328,1.025907757421379,23784,1.0,629.2326628200564,-7.790575176589098,-0.4613327519652868,-1.3581864877461707,-8.297980938878258,-86.42297538124853,629.2326628200564,10.30393541876879,8.771471485740179,8.908695790592166,10.444024784884197,86.42297538124853,700.6504102591484,13.089984763550598,11.72184906496601,11.569990526490413,13.379048384125456,93.76489730532087,11.569990526490413,RMSE_Linear_Extrapolation_100,Moderate
9314ff13_,1658,4494,1746,2748,0.6114819759679573,12819.0,15566.0,2747.0,11386.88,11996.95,610.0700000000015,11995.94,11984.72,11999.37,14.650000000001455,4.179960579269009,-7.199999999998909,90.13654225878287,10.352376564030267,62.6539083750473,0.04148471615720524,11374.45,12202.95,828.5,88.11741254523521,34.31521709564072,2.019129713547656,16488,1.0,-227.39870835797288,3.0770887918489747,55.974513034515354,36.76986541950073,62.06079443409931,-56.80117730870828,227.39870835797288,3.819148471615926,55.974513034515354,36.7714273003613,62.06079443409931,56.80117730870828,229.79877288251413,5.189815774469084,63.587365056864776,41.50406179267856,70.59775504052028,61.89229954344147,5.189815774469084,RMSE_Last_Known_TVT,Easy
93209a3d_,1544,6300,1603,4697,0.7455555555555555,13316.0,18012.0,4696.0,11292.53,11871.78,579.25,11871.78,11871.8,11890.23,18.43000000000029,5.6601503096598424,1.0999999999985448,117.22980487234548,16.904152094675432,127.5539300143275,0.5648286140089419,11280.4,12051.84,771.4400000000005,90.49002590673574,32.55421444940721,26.739778965609744,28182,1.0,-216.73743136468934,-12.430334255907498,28.855120289793714,31.558478885400593,35.48024197459345,-141.50781048159743,216.73743136468934,12.430334255907498,30.405828865846853,32.897707279928625,36.54718254941749,141.50781048159743,220.03080667386007,13.65809981076041,37.92931174387081,40.977541698209166,45.41728294957621,159.5084129244958,13.65809981076041,RMSE_Last_Known_TVT,Moderate
939d9c34_,2400,6627,1526,5101,0.769729892862532,12146.0,17246.0,5100.0,10864.490000000002,11861.94,997.4499999999989,11860.97,11824.41,11891.93,67.52000000000044,14.997023232586006,30.960000000000946,106.2225227932768,16.384270002911705,95.43977838262762,0.4348167026073319,10852.4,12051.84,1199.4400000000005,99.58433333333333,29.49009038194065,6.638189459943462,30606,1.0,-845.7959482082694,4.747357380904898,-92.03603655826302,31.390726957840364,-45.56338499595273,-96.62099235160765,845.7959482082694,12.302930797882684,92.03604986522006,31.390726957840364,45.61901299441779,96.62099235160765,895.6338198556582,15.729081869192102,106.31290878262332,39.85377118386361,53.63762911561607,106.14307103184979,15.729081869192102,RMSE_Last_Known_TVT,Difficult
93f5d2e6_,1286,5171,1480,3691,0.7137884355057049,12063.0,15753.0,3690.0,10515.2,11038.240000000002,523.0400000000009,11037.89,10989.95,11038.19,48.23999999999978,15.301079531497637,-47.93999999999869,68.08189991022877,12.055044715592556,84.45347182865072,0.3351395285830398,10502.85,11145.28,642.4300000000003,67.5043934681182,23.67625873663592,0.5775064421105753,22146,1.0,582.1564873423888,13.045310214033405,24.56882536615774,22.70986514954014,22.385671318605773,71.32464969872852,582.1564873423888,13.079479815767476,24.56882536615774,22.70986514954014,22.385671318605773,71.32464969872852,661.8208701563123,20.10571368100563,32.56504436383501,30.506825348226474,30.14914105949001,79.91038985464706,20.10571368100563,RMSE_Last_Known_TVT,Difficult
940a48d9_,1887,5627,1664,3963,0.7042829216278657,11853.0,15815.0,3962.0,10090.53,10923.6,833.0699999999997,10918.16,10899.48,10924.01,24.530000000000655,7.471439037559013,-10.459999999999127,83.77199069513127,11.171705645428995,76.68623332508298,0.1680545041635125,10078.34,11021.27,942.9300000000003,91.14700582935876,36.375477938014065,7.375015134227496,23778,1.0,-298.7131624850822,6.742500630834961,34.970985479571404,-15.953867205940735,19.88318442436703,63.761328307441076,298.7131624850822,7.980880645975153,35.19825178379151,15.953867205940735,20.336229850864434,63.761328307441076,302.49267740159144,10.06328128166555,41.315276173296844,18.738933213184264,24.174667385960994,73.23663976511536,10.06328128166555,RMSE_Last_Known_TVT,Moderate
940e709a_,1622,4989,1641,3348,0.6710763680096211,11818.0,15165.0,3347.0,10347.04,11045.44,698.3999999999996,11031.33,11027.13,11039.65,12.520000000000437,4.0606320446226345,-0.9200000000000728,74.30210708719119,11.48137975941268,65.25956544088362,0.3835125448028674,10334.89,11145.28,810.3900000000012,75.1263316892725,25.953392771349858,0.8242246020813155,20088,1.0,688.5244029499299,-2.270878136200903,-128.11209025793522,-74.00067048544867,-112.69299650355188,-120.28808770790135,688.5244029499299,3.953207885304693,128.11209025793522,74.02492959361753,112.69360110610975,120.28808770790135,755.8503260426303,4.6519560575408425,147.86447216813298,85.42454844530621,130.06845640908944,130.2179664108672,4.6519560575408425,RMSE_Last_Known_TVT,Easy
9426ec1e_,2489,3923,1391,2532,0.6454244200866683,13112.0,15643.0,2531.0,11547.34,12019.06,471.71999999999935,12018.85,12001.03,12018.84,17.80999999999949,5.531837481267452,-15.44000000000051,90.2826231343019,11.960801569735,91.38226080841943,0.15205371248025276,11534.95,12156.95,622.0,70.00761751707513,27.29610851717919,20.275005617226768,15192,1.0,468.2482940600786,10.738858609794821,5.979888913127974,29.839411355051695,5.042193303633281,54.171379800097284,468.2482940600786,10.738858609794821,5.994658792009915,29.839411355051695,5.062545826443599,54.171379800097284,532.9012390158118,12.079413246018726,6.837597978467277,33.93254853314523,5.859651820042838,60.89008047370506,5.859651820042838,RMSE_Linear_Extrapolation_50,Easy
94467f50_,2362,5116,2081,3035,0.593236903831118,11985.0,15019.0,3034.0,9713.31,10778.070000000002,1064.760000000002,10764.77,10731.98,10774.21,42.22999999999956,7.769922264503622,-32.79000000000087,89.9705498796177,19.979023471098902,112.43731679824072,0.22042833607907744,9701.18,10881.6,1180.42,91.52853090601187,27.75245874918585,1.5579810263941596,18210,1.0,592.828942306333,0.6444382207581367,19.688438220909276,2.3981768346262,18.220436299947224,-87.38938852806058,592.828942306333,5.466052718286574,19.709021596676266,5.1952601579224655,18.24652406624333,87.38938852806058,644.0617377512866,7.795325573109472,24.578992424256466,8.389336213572134,22.974891776961183,94.39229249979174,7.795325573109472,RMSE_Last_Known_TVT,Moderate
944f36b9_,1227,6035,1405,4630,0.7671913835956918,11825.0,16454.0,4629.0,10355.97,10850.3,494.3299999999999,10850.3,10849.0,10861.01,12.010000000000218,3.129768704721651,7.530000000000655,65.14992849156476,10.139764426213896,63.69723886678977,0.15831533477321813,10343.59,10956.570000000002,612.9800000000014,55.92253463732681,20.75623338078586,9.227393854237953,27780,1.0,857.5545031480546,-5.711989200864775,49.298677466037155,49.35411607966034,48.90045425666568,96.26790823332536,857.5545031480546,5.763492440605536,49.300536174067574,49.35591391299016,48.902750236068115,96.26790823332536,958.2735225035843,6.513075857645095,58.81477142841601,58.87860919495215,58.35622713427857,106.62443491091638,6.513075857645095,RMSE_Last_Known_TVT,Moderate
94d813a4_,1927,6591,1744,4847,0.7353967531482324,13846.0,18692.0,4846.0,11922.76,12740.53,817.7700000000004,12740.53,12679.14,12740.58,61.44000000000051,21.991240258385098,-54.8700000000008,96.56072712316357,14.300565970741369,86.34337877692298,0.28636269857643903,11910.45,12873.45,963.0,93.43522055007784,25.596741404933184,3.1255065730857297,29082,1.0,755.3547649761921,29.421883639365053,33.09461091222147,109.52079273028896,66.37609828521491,-104.32494652515388,755.3547649761921,29.422857437590746,33.09461841451904,109.52079273028896,66.37609828521491,104.32494652515388,833.9933455737412,36.730942118502206,40.88604640325763,128.62390404935968,78.95468837468027,114.53128173525634,36.730942118502206,RMSE_Last_Known_TVT,Difficult
95b559e7_,2029,4638,1751,2887,0.622466580422596,13018.0,15904.0,2886.0,11180.13,11940.93,760.8000000000011,11940.93,11940.97,11969.070000000002,28.100000000002183,6.876153583872367,8.140000000001237,68.05668921219257,15.172522824928775,67.73780055633966,0.3023900242466228,11167.95,12181.95,1014.0,81.03668309512075,23.62855368821918,12.979993882928184,17322,1.0,34.8686995636082,-19.18896085902307,34.195281565224874,14.95017985505602,27.961366151761915,36.57624781440548,61.8778733596663,19.18896085902307,34.41709911726046,16.238381955348334,28.408884301384898,36.57624781440548,85.34997598458865,20.38335913388356,43.96258044559447,22.58057653389302,36.9282380847289,39.45475942055761,20.38335913388356,RMSE_Last_Known_TVT,Difficult
95c8427f_,1926,8051,1716,6335,0.7868587753074152,12126.0,18460.0,6334.0,10401.13,11218.61,817.4800000000014,11218.09,11178.16,11218.08,39.92000000000007,9.080639011051419,-19.19000000000051,122.68975075144996,22.02046739078359,131.68114604628897,0.19984214680347276,10388.820000000002,11350.94,962.119999999999,124.31026479750777,33.51001334019006,1.6205140460578065,38010,1.0,1194.7957131104863,25.656356748224162,-16.967643252693225,25.15677655017304,-5.346687669508171,-88.58056258971378,1194.7957131104863,25.656356748224162,24.2290927466262,25.15677655017304,16.210925202766624,88.58056258971378,1367.1680075544175,27.215687207592826,31.033880685743576,26.74403185953112,20.54562183605355,100.09656995472879,20.54562183605355,RMSE_Linear_Extrapolation_50,Difficult
96936c22_,1985,4997,1651,3346,0.6696017610566339,13138.0,16483.0,3345.0,11387.37,12094.7,707.3299999999999,12087.070000000002,12082.990000000002,12097.61,14.619999999998981,4.075199090125322,8.199999999998909,41.57536288657185,8.041486987183136,53.45881677677123,0.2023311416616856,11374.95,12366.95,992.0,92.42963727959699,27.399226528945967,50.854274393025136,20076,1.0,1049.2232618243813,-0.20661685594603377,-44.833283522254824,-48.86344106838323,-53.26761637578921,-48.29265091652538,1049.2232618243813,3.361464435146694,44.833283522254824,48.86344106838323,53.26761637578921,48.29265091652538,1212.7022466487238,4.079825343764616,52.980094494391935,57.621985203603074,62.69659588138826,55.15995110755096,4.079825343764616,RMSE_Last_Known_TVT,Easy
96ae5806_,1906,11527,1688,9839,0.8535612041294353,13126.0,22964.0,9838.0,11339.42,12120.820000000002,781.4000000000015,12120.820000000002,12099.490000000002,12125.4,25.909999999998035,5.899261875408933,-6.6200000000008,78.65952400192974,13.489163988761314,90.25680574986598,0.552393535928448,11326.95,12279.45,952.5,88.33700419727177,27.236891399720935,9.677480195342028,59034,1.0,2150.948767122708,6.051120032525001,66.28384730485253,70.79524964546384,64.13901439008254,183.31001414999875,2150.948767122708,6.897262933225843,66.3107332842737,70.8120036066085,64.172172757835,183.31001414999875,2434.880497255739,8.450669041365172,76.65975953073564,81.85940741927381,74.1881869304213,205.47956837794615,8.450669041365172,RMSE_Last_Known_TVT,Moderate
96b7eea1_,2009,6078,1746,4332,0.7127344521224087,12227.0,16558.0,4331.0,10319.75,11126.92,807.1700000000001,11126.92,11126.98,11142.61,15.630000000001019,2.7315365929132476,13.180000000000291,128.37993665291012,20.930731842728818,131.6174236725946,0.38550323176361956,10307.55,11311.5,1003.9500000000007,119.01281732205076,46.83527387781711,9.367119330859353,25992,1.0,1374.636095999635,-12.100655586334316,117.88934441327764,112.55246124534426,115.52257970776212,-122.91560473319974,1374.636095999635,12.100655586334316,117.89240997191142,112.56117469441773,115.52793031337835,122.91560473319974,1528.594094557864,12.405056848354107,139.81453746492986,133.65980681790182,137.08499709210597,135.8056424298791,12.405056848354107,RMSE_Last_Known_TVT,Moderate
9719aa04_,1955,6665,1794,4871,0.7308327081770443,12026.0,16896.0,4870.0,10157.78,10964.4,806.619999999999,10958.39,10948.43,10972.06,23.6299999999992,6.146772352841675,7.31000000000131,103.03878009472763,10.20158561341972,53.25586864217878,0.043112297269554505,10145.45,11122.45,977.0,131.10757544757033,50.295678590776205,28.0687953528427,29226,1.0,1380.4300871433763,-3.5075200164244538,10.37029816477437,22.527348750479952,16.201562336490106,-118.62733338970739,1380.4300871433763,5.334582221310091,10.370301748134143,22.527348750479952,16.20156312041279,118.62733338970739,1564.6084946306953,7.07656345543121,13.124188258048488,26.480733812415718,19.411330540575555,132.9488788769889,7.07656345543121,RMSE_Last_Known_TVT,Moderate
974802e7_,7953,7537,1694,5843,0.7752421387820088,11225.0,17067.0,5842.0,9454.19,10094.51,640.3199999999997,10092.6,10072.61,10126.28,53.67000000000007,13.725959254085891,32.25,83.34834962453553,14.139577201188816,90.10564023883252,0.5676878315933596,9441.65,10236.85,795.2000000000007,76.15708914874891,27.1152118147689,7.1912604757866205,35058,1.0,1412.3364303702656,-1.4871127845282686,33.04561448784555,126.76913708046993,76.68357821200239,-147.7735461745071,1412.3364303702656,11.313373267157326,33.26275294412902,126.76913708046993,76.68357821200239,147.7735461745071,1584.4756051767288,13.80511563998303,37.682044103812586,144.16171192970546,86.72557903260075,164.85825580799118,13.80511563998303,RMSE_Last_Known_TVT,Moderate
97cd5bf9_,1776,5099,1650,3449,0.6764071386546382,11867.0,15315.0,3448.0,10088.84,10823.75,734.9099999999999,10823.5,10814.9,10840.71,25.80999999999949,8.983370922235443,17.209999999999127,81.69228807586487,15.762031771903843,77.27928517697448,0.6332270223253117,10076.47,10963.71,887.2399999999998,85.91252815315315,32.01074541197366,4.220240077288281,20694,1.0,1047.923215596934,-2.3083212525371266,-2.308321252893277,-5.6665075711712936,-4.653327254952348,-88.14050203636542,1047.923215596934,7.770710350826331,7.770710350975136,9.304481785465914,8.811440496878129,88.14050203636542,1174.9880591384915,9.273936692075774,9.273936692336628,12.110366585349912,11.188996198754987,97.48405389210482,9.273936692075774,RMSE_Last_Known_TVT,Moderate
98177ced_,2573,6789,2017,4772,0.7029017528354692,13703.0,18474.0,4771.0,11703.43,12686.490000000002,983.0600000000013,12663.64,12650.67,12672.54,21.8700000000008,5.763066235188035,-4.279999999998836,50.62013354583912,14.15424596308368,77.67266872585974,0.04463537300922045,11690.88,12976.83,1285.9500000000007,104.28034978624173,30.79064516724834,53.66021624040261,28632,1.0,-1138.5843193861613,-0.4481936295061732,-315.46619363029265,-96.1613788679801,-137.78224404962978,60.96920738803148,1138.5843193861613,4.801697401508811,315.4661986596305,96.29700780294415,137.82470128264876,60.96920738803148,1261.5077239121495,5.779865915399804,364.9946871431147,111.87558994832006,159.8898057771197,67.99481782094112,5.779865915399804,RMSE_Last_Known_TVT,Easy
9896fc0b_,1550,5109,1514,3595,0.7036602074770014,11984.0,15578.0,3594.0,10383.34,10977.98,594.6399999999994,10977.98,10934.18,10986.89,52.70999999999913,13.495928232135704,-43.48999999999796,73.53761750660553,13.958494820368399,85.63744868303397,0.3972183588317107,10370.87,11145.28,774.4099999999999,73.96023225806452,25.958033135399166,0.42261475145899396,21570,1.0,441.3179443990759,8.24726842837219,46.93151085315425,44.40837685921231,43.241140217057485,76.19496241341112,441.55933103342545,10.444675938803611,46.93946533538892,44.42038596243144,43.255276756569074,76.19496241341112,542.4233191261993,15.814766850712997,57.7707081482131,54.90401250907775,53.57953899756322,87.47183714797177,15.814766850712997,RMSE_Last_Known_TVT,Difficult
98bc6f66_,1816,7720,1657,6063,0.7853626943005181,11940.0,18002.0,6062.0,10215.64,10947.37,731.7300000000014,10947.31,10946.820000000002,10973.23,26.409999999998035,6.295703378024885,-0.48999999999796273,108.88522179045577,15.913858723730248,91.48486261038454,0.42734619825169057,10203.13,11110.62,907.4900000000016,109.34263766519824,30.88163169822272,0.45741587474246614,36378,1.0,664.5033223846688,-16.48425037110408,-9.13394734217712,-13.262306896799364,-22.04595025106598,-110.27131036331456,664.5254370593924,16.485263071087576,10.47269753513902,13.478015153794741,22.04595025106598,110.27131036331456,749.3492947395919,17.645391862557158,11.780451811926666,14.764039066076867,23.18809307993299,119.92926832628599,11.780451811926666,RMSE_Linear_Extrapolation_10,Moderate
992c99e8_,1977,6740,1836,4904,0.7275964391691395,12611.0,17514.0,4903.0,10562.42,11394.47,832.0499999999993,11389.55,11363.48,11393.87,30.390000000001237,9.584833277096298,-20.8799999999992,98.50431909781263,15.705444442884206,131.92664827837024,0.3786704730831974,10549.92,11537.41,987.4899999999998,93.24822458270106,33.98008118355568,5.25609451511157,29424,1.0,1155.3510223754809,9.900110114191614,0.5360192053983331,-8.390992496069888,2.5325999101831878,-94.07548127629461,1155.3510223754809,11.018352365415586,3.8427321668176253,8.390992496069888,5.1008399973912395,94.07548127629461,1267.6847880128576,13.77905931963707,4.780681553285432,9.0185146851877,6.233186483605943,102.5224540842093,4.780681553285432,RMSE_Linear_Extrapolation_10,Easy
992ce078_,2061,4661,1782,2879,0.617678609740399,12725.0,15603.0,2878.0,11185.47,12006.43,820.960000000001,11989.02,11978.78,11989.96,11.179999999998472,3.5816910274127634,-7.0,85.56967968281974,8.310058218643594,63.08229975492886,0.038555053838138245,11172.95,12202.95,1030.0,96.19607472100921,34.90921742235159,10.626395038189472,17274,1.0,370.5223576656333,3.52491142757931,-3.8932703900733086,-8.429464809998603,-1.1176624019054495,-59.42340323769148,370.5223576656333,3.6784300104204783,3.947562389632712,8.429869314221264,1.916009725924036,59.42340323769148,439.1452935883829,5.02484380821733,4.6672960516585045,9.589326536673822,2.429397786047599,68.07318911404805,2.429397786047599,RMSE_Linear_Extrapolation_50,Easy
99529c45_,830,7591,1751,5840,0.76933210380714,12204.0,18043.0,5839.0,10370.73,11162.56,791.8299999999999,11155.73,11125.37,11155.7,30.329999999999927,6.880588638869086,-7.350000000000364,88.55920911761925,10.580813842477474,73.08995993615042,0.5669520547945206,10358.45,11187.45,829.0,103.84306024096385,23.685577539633535,15.283851123344604,35040,1.0,2745.677720624466,20.554679794519966,-68.65332020513397,-66.50478555204724,-64.23868947308767,-78.77803183347136,2745.677720624466,20.554679794519966,69.7142297319244,67.66807357776582,65.51660042048535,78.77803183347136,3178.6116681186163,21.675545088419643,87.20169530937352,84.75216855198815,82.17064476611907,90.86536333040657,21.675545088419643,RMSE_Last_Known_TVT,Difficult
995ff498_,1618,6127,1601,4526,0.7386975681410152,12174.0,16699.0,4525.0,10570.18,11214.95,644.7700000000004,11214.69,11196.89,11224.21,27.31999999999971,8.237083596177637,-17.80000000000109,84.71291506513845,11.6996273400268,80.14963537247942,0.5627485638532921,10557.95,11366.45,808.5,77.3929110012361,26.460686755875575,7.320004063902346,27156,1.0,1165.1408833612,1.3352695536901533,1.3352695523896136,-5.785960869366034,-8.840426484815268,-93.7677592356145,1165.1408833612,6.702132125497097,6.7021321251155115,6.557646350144946,8.840426484815268,93.7677592356145,1287.528879543107,8.343710199277547,8.343710198488722,8.07143290757489,10.230744887043672,102.86285078465924,8.07143290757489,RMSE_Linear_Extrapolation_100,Moderate
999daf80_,1796,5439,1875,3564,0.6552675124103695,12218.0,15781.0,3563.0,10466.18,11147.45,681.2700000000004,11143.92,11141.43,11153.73,12.299999999999272,3.7167276698845835,-1.8700000000008004,123.60608121645667,15.84652629922341,96.62760568934794,0.08052749719416386,10453.81,11350.94,897.130000000001,122.98591314031181,34.268758714686115,0.6201680761448642,21384,1.0,-958.365982665661,-3.524323793490526,12.032039843194635,9.896355624457582,4.990590972409655,-66.8218840953291,958.365982665661,4.18735409652079,12.648451433810592,10.85367453752601,7.503019921096051,66.8218840953291,1035.4485846646446,5.121625403452367,16.88358840106202,14.536549460543993,9.379181930717458,72.92702735580941,5.121625403452367,RMSE_Last_Known_TVT,Easy
9a6b0392_,1918,5802,1547,4255,0.7333678042054464,11660.0,15914.0,4254.0,10010.61,10626.66,616.0499999999993,10626.66,10610.79,10630.23,19.43999999999869,5.980532734688481,-15.869999999998981,32.34816876888222,3.876509083089503,25.147934949005837,0.5029377203290247,9998.1,10956.570000000002,958.4700000000012,72.72825860271115,28.695616228026413,40.38008983382893,25530,1.0,710.3371792024489,3.5887356051701125,103.02437196887658,117.5847953711526,115.35344148751632,87.2382067165038,710.3371792024489,5.159748531139764,103.02437350717378,117.5847953711526,115.35344148751632,87.2382067165038,812.973536599069,6.974051133501153,120.30137555959686,137.10343765364865,134.52839725850637,98.69532684936878,6.974051133501153,RMSE_Last_Known_TVT,Moderate
9a8ae0d6_,3255,7835,1541,6294,0.8033184428844926,13087.0,19380.0,6293.0,11355.97,11962.17,606.2000000000007,11951.2,11937.45,11964.27,26.81999999999971,5.447282397640927,13.069999999999709,60.45332652564582,7.408379601032228,45.97179241481228,0.5111217032094058,11343.45,12156.95,813.5,79.45748694316435,30.118986111986107,19.004160417518534,37764,1.0,14.065235613250218,2.36270416269521,-128.30623523000142,-134.7581852762436,-131.7230629441938,-101.48247441397045,74.25969710511721,4.094966634890769,128.30623754100466,134.7581852762436,131.7230629441938,101.48247441397045,84.42789854685698,5.937216688673599,151.0726934785643,158.5169837413169,155.0149797072696,115.8116947175466,5.937216688673599,RMSE_Last_Known_TVT,Easy
9a95e33f_,2102,8156,1709,6447,0.7904610102991663,12293.0,18739.0,6446.0,10613.2,11506.64,893.4399999999987,11500.37,11447.62,11500.42,52.79999999999927,11.670867723867445,-10.110000000000582,82.80579879546264,20.537892204700917,141.2395236547113,0.1532495734450132,10600.95,11651.45,1050.5,85.06854900095146,27.55598576165877,2.262750205488828,38682,1.0,1195.4995440130492,30.10668838219392,44.370445958958406,39.426398913240774,50.35480170743487,-83.47407740184127,1195.4995440130492,30.10728711028449,44.370445958958406,39.426401723721916,50.35480170743487,83.47407740184127,1452.319392651829,32.28932813245856,47.56123525433478,42.165765262102276,54.17794388055733,98.56165511703206,32.28932813245856,RMSE_Last_Known_TVT,Difficult
9ab94eeb_,2030,6372,1930,4442,0.697112366603892,12118.0,16559.0,4441.0,10143.36,10991.36,848.0,10983.39,10966.94,10991.87,24.93000000000029,6.768477559616296,-16.44999999999891,78.59120265488981,8.784392804962504,70.27915927262656,0.534894191805493,10130.96,11145.28,1014.3200000000015,80.35720689655173,25.536834584245103,1.7660042416619177,26652,1.0,-765.1858141757883,4.64025213867553,-14.343475133939426,20.481753308795053,26.365615404018456,-106.81080307775066,765.1858141757883,7.2255650607831505,14.343477098656383,20.77506624052042,26.400232485861604,106.81080307775066,809.9737624610337,8.205724523051869,16.339276839385974,25.22372135162949,31.90544997278661,117.89290887582767,8.205724523051869,RMSE_Last_Known_TVT,Moderate
9ad5410a_,1267,5749,1544,4205,0.7314315533136198,13036.0,17240.0,4204.0,11431.34,11922.0,490.65999999999985,11901.570000000002,11887.5,11906.9,19.399999999999636,6.324987167404256,-14.070000000001528,116.2047394637683,17.445878743272708,157.9992674601024,0.08014268727705114,11418.89,12051.84,632.9500000000007,83.76126282557222,31.66430058815993,32.44347663819609,25230,1.0,695.7923009523178,6.096665873960979,-97.90624321595266,-116.80951900454163,-111.64709787163622,-134.99255765901682,695.7923009523178,8.015177170036345,97.93582816893186,116.82289796138623,111.66415409025205,134.99255765901682,792.8551396976176,8.784377249544983,117.08009481470789,138.86183583559324,132.91186358601155,152.67620259435427,8.784377249544983,RMSE_Last_Known_TVT,Moderate
9ae248be_,1292,6655,1384,5271,0.7920360631104433,13847.0,19117.0,5270.0,12348.87,12762.11,413.2399999999998,12761.03,12746.11,12772.08,25.969999999999345,6.161564230285817,8.139999999999418,82.18149679279868,16.921542676075198,90.20974992693208,0.32024283817112503,12336.45,12981.95,645.5,74.41599071207429,21.420189970377734,7.765506080724393,31626,1.0,1033.9804766773814,5.26933029785671,-14.540609095903058,-22.51789010417365,-20.661568141516113,-175.70710757672344,1033.9804766773814,7.311754885221373,16.00971511340499,23.44109581324845,21.704653142665453,175.70710757672344,1183.810707483783,8.107003944596206,21.210949944901124,30.002296162664027,27.932408677699538,200.09771282799883,8.107003944596206,RMSE_Last_Known_TVT,Moderate
9af1ffd0_,1979,5454,1929,3525,0.6463146314631463,11885.0,15409.0,3524.0,9987.34,10816.44,829.1000000000004,10813.69,10781.4,10814.2,32.80000000000109,13.13126056484113,-32.29000000000087,91.03151257806142,9.362294976282854,62.408552195902516,0.05446808510638298,9974.97,10963.71,988.7399999999998,92.01733198585143,35.55343183753335,0.9858194077900038,21150,1.0,844.3755881366131,12.499809929078376,16.98744629271393,14.473015809645387,16.345816651796554,-102.75302448212088,844.3755881366131,12.54686808510669,16.98826300451275,14.476640544612506,16.34724697303138,102.75302448212088,924.051588047042,18.128053838502368,23.020731820143798,20.261673651323218,22.31320237749186,110.62679954222868,18.128053838502368,RMSE_Last_Known_TVT,Difficult
9b5b61c1_,1928,7215,1683,5532,0.7667359667359668,11944.0,17475.0,5531.0,10360.52,11133.2,772.6800000000003,11132.91,11128.15,11147.09,18.94000000000051,5.15171946816403,8.1200000000008,120.65610728827909,16.253838799923976,113.09437461799497,0.09399855386840203,10348.05,11311.5,963.4500000000007,118.0530549792531,47.54086917574771,2.6030523090259834,33192,1.0,808.709793513216,-1.7173499638470007,-17.142683296529793,1.0333794090761157,-19.917133877478093,85.66113000858564,808.709793513216,3.965361532899458,17.195318805641396,4.649267726984419,19.9417688507727,85.66113000858564,923.0194403864591,5.429982209622746,20.24548912286759,5.320506922271781,23.35848276029464,96.29048536587621,5.320506922271781,RMSE_Linear_Extrapolation_100,Easy
9b9e3b49_,1952,6875,1757,5118,0.7444363636363637,12901.0,18018.0,5117.0,11088.92,11921.1,832.1800000000003,11913.23,11894.43,11922.4,27.969999999999345,7.885729638146473,-7.93999999999869,102.49802843152078,12.11119869932963,110.0671059718048,0.5775693630324346,11076.4,12051.84,975.4400000000005,96.26123975409836,31.602146588327766,6.236788677422425,30708,1.0,1398.9410574214955,0.7828038296203449,-88.41189313951085,-64.5324415949499,-97.61015271302843,-136.9555759447793,1398.9410574214955,6.184347401328807,88.41229185112897,64.60750152040288,97.61015271302843,136.9555759447793,1570.3989380846638,7.923721572593473,101.21636089162344,73.75242997850599,111.80957401338587,151.40787236546973,7.923721572593473,RMSE_Last_Known_TVT,Moderate
9bd2bba3_,2110,9092,1653,7439,0.8181918169819622,13557.0,20995.0,7438.0,11706.71,12524.19,817.4800000000014,12524.19,12524.23,12546.64,22.409999999999854,4.906461268295085,3.75,83.300836078393,10.747408565714029,67.04830916086351,0.037639467670385805,11694.45,12748.95,1054.5,85.45945971563982,24.206142110562656,2.1586236372468193,44634,1.0,1064.323264220632,-14.885624411882967,118.13255740383745,122.69723067360616,119.70245722091691,-140.6061975171348,1064.323264220632,14.885624411882967,118.50181858674316,123.00841182891506,120.05121890327847,140.6061975171348,1198.510281125925,15.673287472863077,140.52069718602053,145.78254509362432,142.33029844386743,157.9460986378901,15.673287472863077,RMSE_Last_Known_TVT,Difficult
9c211c53_,7874,8842,1577,7265,0.8216466862700746,11131.0,18395.0,7264.0,9462.08,10092.69,630.6100000000006,10075.14,10063.08,10088.11,25.030000000000655,5.537822830465523,-11.56999999999789,81.81495349288538,14.311975442931804,81.95936830372159,0.4802477632484515,9449.55,10236.85,787.3000000000011,75.8004381508763,27.012873709436462,6.0145153420090764,43590,1.0,1478.5498284347825,-3.3395278733661673,-70.7151642360883,-50.036385479068144,-66.78313459617087,-164.752542936896,1478.5498284347825,5.363717825189647,70.71572978698622,50.040557420666985,66.7841615909302,164.752542936896,1665.219307814424,6.466506541772609,79.37898151135705,55.61058881927456,74.85414648154507,183.8454062749904,6.466506541772609,RMSE_Last_Known_TVT,Moderate
9c350a6a_,2036,7794,1742,6052,0.7764947395432384,12791.0,18842.0,6051.0,10589.48,11399.240000000002,809.760000000002,11396.990000000002,11386.23,11429.29,43.06000000000131,11.250712796820414,-10.760000000002037,88.8541675202503,16.03745788570975,103.12738181424146,0.44894249834765365,10577.42,11594.55,1017.1299999999992,87.34687131630648,32.77837050792689,1.5072962039438238,36312,1.0,-276.90377693737736,-13.271432584268203,-5.384190159607784,-13.536398890892517,-9.847454673108215,72.61041363100377,276.90377693737736,13.964730667546894,9.321951440843895,14.167367828072294,11.724020397453659,72.61041363100377,281.45377910705804,17.397946606336834,11.21432995197004,17.649706448044476,14.335518198255535,78.71952746813199,11.21432995197004,RMSE_Linear_Extrapolation_10,Moderate
9c8375f7_,2053,5432,1758,3674,0.6763622974963182,12223.0,15896.0,3673.0,10337.45,11209.46,872.0099999999984,11200.64,11189.64,11209.320000000002,19.68000000000211,5.873095459356822,5.390000000001237,113.62101465020226,18.44853805002282,104.8011591570168,0.27708219923788785,10325.35,11350.94,1025.5900000000001,125.24819288845592,32.73756972410076,11.627178238253663,22044,1.0,261.72719633801194,0.7272373434941153,-6.065944474543624,-4.281810811332303,-5.113056774234201,-35.2525311182435,261.72719633801194,4.743769733260625,8.03185618836416,7.0270220519173865,7.486612420343309,35.2525311182435,316.161553537858,5.917156069883692,10.709245839691643,9.04700202303259,9.802684673452116,41.10896519842775,5.917156069883692,RMSE_Last_Known_TVT,Easy
9d072e4c_,2821,6798,1691,5107,0.7512503677552221,12953.0,18059.0,5106.0,11464.27,12018.9,554.6299999999992,12011.820000000002,12004.570000000002,12031.55,26.979999999997744,8.020992577350086,14.0099999999984,94.08128038942998,18.741487324905446,110.23335226949251,0.14626982572939104,11451.95,12156.95,705.0,74.52210918114143,28.67808322198968,19.559171208288546,30642,1.0,695.6374883232577,-5.957554337182885,87.3795365722375,171.73126774506488,179.8203443422625,87.68513436556532,695.6374883232577,8.087947914626282,87.37953792510433,171.73126774506488,179.8203443422625,87.68513436556532,765.3680916610134,9.990804668905984,99.85441047132463,197.16552864668085,206.50158792794022,95.16131018572801,9.990804668905984,RMSE_Last_Known_TVT,Moderate
9d3ec64c_,1775,4937,1457,3480,0.7048815069880494,11494.0,14973.0,3479.0,10089.5,10811.15,721.6499999999996,10811.14,10795.73,10817.2,21.470000000001164,5.412880019449559,6.06000000000131,93.57361708593764,13.702547076181299,72.79991799306745,0.20517241379310344,10076.97,10963.71,886.7399999999998,85.85025352112677,31.911972598763914,7.723363564810867,20880,1.0,888.6824923704843,7.4247040229877745,7.108249477407516,47.521270419604114,25.822603902927096,73.21616914672944,888.6824923704843,7.7685488505741285,7.534989289354748,47.521270419604114,25.822603902927096,73.21616914672944,1012.3105484620004,9.187876827833358,8.93536533488074,53.1461903192771,28.451375771701297,83.10888771284674,8.93536533488074,RMSE_Linear_Extrapolation_10,Moderate
9d4272e3_,1997,5771,1741,4030,0.698319182117484,13493.0,17522.0,4029.0,11763.2,12503.44,740.2399999999998,12500.21,12500.21,12527.12,26.910000000001673,6.613371621455772,25.660000000001673,79.05299896001829,8.636592647632966,76.6207790309494,0.5369727047146402,11750.95,12748.95,998.0,85.17133700550826,24.838406826373596,6.118338045489978,24180,1.0,926.9987851364127,-16.49203225806552,0.6091798640860749,-18.086170001845847,-7.332516291846957,-93.2999573863064,926.9987851364127,16.49203225806552,4.929297616919004,18.086170001845847,7.332518547200711,93.2999573863064,1042.761000631609,17.76831335353228,5.941508783326465,19.534192003816795,8.279216087410957,103.96245964138413,5.941508783326465,RMSE_Linear_Extrapolation_10,Easy
9d5e14d4_,855,6565,1165,5400,0.8225437928408226,11436.0,16835.0,5399.0,10236.03,10964.68,728.6499999999996,10964.66,10923.84,10964.66,40.81999999999971,12.414488897564935,-37.48999999999978,93.26266198962941,13.754180750151045,96.91762242506786,0.5618518518518518,10224.11,11077.56,853.4499999999989,83.06051461988304,25.585759193452674,10.20214736974637,32400,1.0,1743.1653007521415,25.70254444444415,22.265544445452786,32.16672959294445,26.1317715753951,-114.76496310504878,1743.1653007521415,25.70254444444415,22.265545859594198,32.16672959294445,26.1317715753951,114.76496310504878,1982.31034332718,28.543156532728414,24.664421573355117,35.891360917736485,29.029254279305448,129.92198706670172,24.664421573355117,RMSE_Linear_Extrapolation_10,Difficult
9da441ba_,1295,7283,1500,5783,0.7940409172044487,12364.0,18146.0,5782.0,10902.89,11350.9,448.0100000000002,11349.27,11345.320000000002,11377.97,32.64999999999782,6.77160789350834,12.090000000000146,100.08742835866772,11.923689112788342,95.83736830697211,0.20560262839356735,10890.81,11537.41,646.6000000000004,75.91262548262549,28.69948906687468,24.174802876042236,34698,1.0,589.6654640839445,-14.074506311602692,-40.190142675270955,-33.41923574451258,-33.82065180985677,135.2725109547606,589.6654640839445,14.351193152342827,40.28257405460103,33.55225930815225,33.95114243321976,135.2725109547606,653.6621658996525,15.618529769468404,43.44358410339952,35.86973921904407,36.31587193196969,149.05862534844587,15.618529769468404,RMSE_Last_Known_TVT,Difficult
9dede370_,2134,8057,1760,6297,0.7815564105746555,13163.0,19459.0,6296.0,11364.37,12201.56,837.1899999999987,12201.56,12201.59,12239.490000000002,37.900000000001455,8.647308688501285,22.590000000000146,88.47466282987904,15.566464449207759,99.04260809024083,0.4070192154994442,11351.95,12418.45,1066.5,94.33077319587629,28.580672043377746,5.856110365997253,37782,1.0,1858.2100047732467,-16.55395902810928,81.92385915440676,80.02935726356407,81.85663833088229,-156.16941048129922,1858.2100047732467,16.55395902810928,82.00329513402043,80.11291025104951,81.93621737454353,156.16941048129922,2102.969683223311,18.676124657054373,96.6728200803643,94.49129051505096,96.59541030722556,175.08203652278735,18.676124657054373,RMSE_Last_Known_TVT,Difficult
9def2eb2_,1758,7750,1747,6003,0.7745806451612903,12737.0,18739.0,6002.0,10725.68,11438.84,713.1599999999999,11437.97,11424.52,11450.35,25.829999999999927,6.703037157625423,12.380000000001019,82.7511398243752,12.839494168353278,106.05076521819672,0.12377144760952857,10713.45,11591.95,878.5,82.01411262798635,30.111703779042102,0.7370271963888513,36018,1.0,1120.6023239548406,-2.7733349991678984,27.24666500144456,12.157043998712695,25.165086129149238,105.42276571512312,1120.6023239548406,6.059152090621723,28.193451608110173,14.06996514270306,26.220922953441654,105.42276571512312,1280.6536015257504,7.253592864593499,33.3480955936454,16.708631170489667,31.00155550800153,120.0493048484419,7.253592864593499,RMSE_Last_Known_TVT,Moderate
9df1b1f9_,4157,6444,1743,4701,0.7295158286778398,13385.0,18085.0,4700.0,11130.28,12019.86,889.5799999999999,11989.71,11986.47,12009.86,23.390000000001237,4.3025126242574725,9.7400000000016,94.4922373668256,12.145972153215284,74.75741240707995,0.6855988087640927,11117.95,12156.95,1039.0,85.4931104161655,29.35912176838989,8.999126950660099,28206,1.0,594.307257463727,-11.834592639864876,-71.96319869942731,-87.50744922551081,-76.9536236122532,-126.6050802402061,594.307257463727,12.018255690279597,71.99034686261771,87.51701403968205,76.97428897991905,126.6050802402061,677.6203314110538,12.592269852167446,80.50965320937232,98.41072602577479,86.2546016598466,143.27572565816996,12.592269852167446,RMSE_Last_Known_TVT,Moderate
9dfff011_,2226,6067,1748,4319,0.7118839624196472,12520.0,16838.0,4318.0,10494.89,11419.15,924.2600000000002,11419.13,11409.83,11425.740000000002,15.910000000001673,4.752937396890937,5.040000000000873,91.70606323903701,10.553170182213135,75.95123238746041,0.3727714748784441,10482.42,11594.55,1112.1299999999992,88.54751572327045,31.6136132543266,3.158547515766557,21595,0.8333333333333334,325.5015311127884,0.9477541097466939,-2.19406407090134,15.178349969283667,4.922361552563068,-66.93253482207561,325.5015311127884,4.348791386894898,5.2427218837996055,15.178349969283667,5.047955917938219,66.93253482207561,368.81055452373715,4.8459695911212535,6.500275711099149,16.372349605283695,6.119386548129964,75.40252085694405,4.8459695911212535,RMSE_Last_Known_TVT,Easy
9e3e364d_,1316,5809,1519,4290,0.7385092098467895,12911.0,17200.0,4289.0,10892.48,11398.14,505.65999999999985,11394.6,11391.19,11412.27,21.079999999999927,3.516638053494143,17.670000000000073,89.28636649242128,8.916949680603697,57.63318880325891,0.5186480186480187,10880.31,11537.41,657.1000000000004,76.57950607902735,28.967557838593894,12.706860413393926,25740,1.0,411.01234361908763,-2.103268065267844,-20.827631701839316,-20.514915259993955,-22.83606134257707,109.40551143864262,411.01234361908763,2.8285454545453934,20.830935961216017,20.518666224013433,22.837063691040942,109.40551143864262,450.55157952357945,4.097267023631261,24.24181462796309,23.884207732916,26.540791491720558,117.60638449108662,4.097267023631261,RMSE_Last_Known_TVT,Easy
9efc812e_,2922,6100,1650,4450,0.7295081967213115,12390.0,16839.0,4449.0,10614.97,11188.44,573.4700000000012,11167.54,11154.23,11181.29,27.06000000000131,6.2534147470333465,-13.31000000000131,88.14585730243459,16.764934878535076,84.9597144361979,0.02292134831460674,10602.58,11331.96,729.3799999999992,76.05401779603011,27.390360371814545,12.091839506404483,26700,1.0,-182.0761879750452,-4.573833707864415,-46.2513791632092,-66.28541963642061,-55.469121823015534,35.11268845917218,182.0761879750452,6.872319101123316,46.28529115503311,66.28541963642061,55.46926550835493,35.11268845917218,183.65586741381065,7.747022854046375,53.350244327616544,76.37947796347966,63.93687109047602,35.93532303016535,7.747022854046375,RMSE_Last_Known_TVT,Moderate
9f0c7bae_,1101,4040,1498,2542,0.6292079207920792,14071.0,16612.0,2541.0,12444.08,12792.68,348.60000000000036,12791.0,12791.03,12803.68,12.649999999999636,3.7958669899825455,12.389999999999418,77.85464866003002,11.436364563666942,72.45390620846561,0.3202202989771833,12431.95,12981.95,550.0,70.4319800181653,20.19584928740558,7.422668641864718,15252,1.0,101.09873035253466,-6.92672698662486,-3.6901815321642606,-8.584521886099415,-14.085592532901968,35.81377754486218,101.09873035253466,6.92672698662486,4.109790859077137,8.584521886099415,14.085592532901968,35.81377754486218,110.74827689445385,7.898258335635161,4.964348573945434,9.619171585964077,15.654401292642934,38.177990225357576,4.964348573945434,RMSE_Linear_Extrapolation_10,Easy
9ffce529_,1501,6675,1463,5212,0.7808239700374532,13254.0,18465.0,5211.0,11465.3,12054.87,589.5700000000015,12054.09,12030.89,12062.28,31.390000000001237,9.407453765721728,-21.200000000000728,89.61222229198255,18.670914441946046,131.97724890449635,0.4113584036838066,11452.95,12202.95,750.0,82.05361758827448,29.706151639646354,7.55860470370807,31272,1.0,428.5527167014031,5.864410974673831,-20.200589025672237,-11.686960792436007,-15.787374619565584,-109.20626012716882,428.5527167014031,9.462730237912524,20.366544513002776,12.037980143774163,16.043117675345037,109.20626012716882,481.7124991901183,11.084878093703349,22.13890810126743,13.075112998685418,17.336546248716477,121.23495436185281,11.084878093703349,RMSE_Last_Known_TVT,Moderate
a0383629_,1790,7687,1855,5832,0.7586834916092103,12131.0,17962.0,5831.0,10484.11,11200.62,716.5100000000002,11200.62,11184.990000000002,11202.21,17.219999999997526,4.835618954609504,0.9399999999986903,81.09285787755225,9.214149282499811,63.599052000533234,0.546639231824417,10471.95,11366.45,894.5,81.37154189944134,27.986189588486393,0.2786840218890916,34992,1.0,1048.5196309280839,6.888660836763354,54.25969114090194,92.96627508819239,67.93699288953181,96.85445403763481,1048.5196309280839,7.13159636488389,54.25972923792132,92.96627508819239,67.93699288953181,96.85445403763481,1194.0913332517573,8.416225361246278,60.631733579129744,105.1861040567782,76.35694470513766,108.43421229587034,8.416225361246278,RMSE_Last_Known_TVT,Moderate
a056d01e_,1803,8292,1735,6557,0.7907621804148577,12626.0,19182.0,6556.0,10982.63,11730.37,747.7400000000016,11730.37,11705.46,11748.39,42.93000000000029,8.58470409230424,-24.910000000001673,88.09245964403539,14.288047094398605,115.31064613404939,0.2696355040414824,10970.45,11871.45,901.0,91.56259567387687,26.629335653430953,3.470136029841484,39342,1.0,150.53388491515037,-0.05269788012742951,67.31584757346567,123.45177664732775,110.6255580621913,110.36357429364001,179.51873206859443,5.70007930455993,67.31584757346567,123.45177664732775,110.6255580621913,110.36357429364001,216.36690677382668,8.584211201864289,78.75878610461797,143.36525328785567,128.58490404408528,124.08386812245665,8.584211201864289,RMSE_Last_Known_TVT,Moderate
a08d9e63_,1502,5199,1514,3685,0.7087901519522986,11986.0,15670.0,3684.0,10407.4,10999.19,591.7900000000009,10991.21,10989.91,11025.96,36.04999999999927,10.80591807661637,14.380000000001019,75.03815698848724,16.37939818772989,114.37645986366805,0.25590230664857533,10394.87,11145.28,750.4099999999999,73.16703728362184,25.970208842294664,1.8711197048654071,22110,1.0,689.8069953844022,-18.544713704207243,-85.22780461303951,-100.04932894572191,-91.64610289976436,80.92818751605827,689.8069953844022,18.582830393488052,85.22780668532273,100.04932894572191,91.64610308193762,80.92818751605827,765.4502519521997,21.46258569009769,93.26234696063781,110.17810866843251,100.57932936358142,88.35629086577192,21.46258569009769,RMSE_Last_Known_TVT,Difficult
a0b83014_,2180,6873,1838,5035,0.7325767495998836,12434.0,17468.0,5034.0,10460.94,11399.070000000002,938.130000000001,11396.69,11396.490000000002,11422.73,26.239999999997963,6.694078760526713,6.130000000001019,84.85234310541202,9.1815726812824,64.51139332182636,0.551142005958292,10448.44,11537.41,1088.9699999999993,95.57092201834861,33.39014814626232,10.718578912936593,30210,1.0,-302.4059685860846,-16.189314796424664,-62.73416328173729,-67.95041974690612,-71.06176425624555,72.66193213377731,302.4059685860846,16.19369215491523,62.73416388358497,67.95041974690612,71.06176425624555,72.66193213377731,302.86628178597823,17.51843897699374,68.76722440482129,74.7293082164735,78.28995089631155,79.08534702840745,17.51843897699374,RMSE_Last_Known_TVT,Difficult
a0e92ed6_,1266,6446,1549,4897,0.7596959354638535,12894.0,17790.0,4896.0,11561.63,11966.64,405.0100000000002,11956.48,11933.27,11966.1,32.82999999999993,8.046146224427998,-23.209999999999127,63.979191490128166,8.659967043907507,58.63098079244983,0.4998978966714315,11549.45,12181.95,632.5,68.18616113744075,19.994955315224104,4.206969647312583,29382,1.0,541.6669887769551,1.057614866244044,-6.512021497391941,-88.39782299755844,-77.19866604614933,-110.93682029499143,541.6669887769551,6.195658566469325,7.383372714278008,88.39782299755844,77.19866604614933,110.93682029499143,598.777316808518,8.114542367589692,8.634602334653026,99.67260188840484,86.77966036099232,121.3027166105913,8.114542367589692,RMSE_Last_Known_TVT,Moderate
a15bc102_,4269,5124,1888,3236,0.6315378610460578,12036.0,15271.0,3235.0,10082.0,10954.02,872.0200000000004,10944.61,10943.34,10950.75,7.4099999999998545,2.046738782595105,3.859999999998763,86.40108314113753,7.133217285391069,44.6580109074382,0.5633498145859085,10069.45,11136.45,1067.0,98.85843757320217,38.012337015613966,12.457354432064633,19416,1.0,1291.6466375306695,-1.5694035846719938,-24.62076722048773,-38.37855137945286,-34.15235388478504,-77.89671805336619,1291.6466375306695,1.6936372064274734,24.620778083131476,38.37855137945286,34.15235388478504,77.89671805336619,1445.290243050884,2.578928597930721,28.68632523096149,44.555402024830094,39.67929826126268,86.7512264268057,2.578928597930721,RMSE_Last_Known_TVT,Easy
a247e7cf_,1498,7237,1563,5674,0.7840265303302474,11940.0,17613.0,5673.0,10374.23,10976.45,602.2200000000012,10976.45,10966.48,10981.51,15.030000000000655,3.87056653125934,-3.2000000000007276,111.27707269201298,15.74985623247486,96.64916277191828,0.5667959111737751,10362.13,11110.62,748.4900000000016,104.52809078771696,30.858072599925393,6.748981904296016,34044,1.0,943.3680538852248,1.6343637645406004,30.00936376531205,33.13716904504861,31.768409382826388,103.78609400028535,943.3680538852248,3.435512865703316,30.0299876637876,33.13716904504861,31.772459317555008,103.78609400028535,1078.4086161188736,4.201165296490171,35.84693551140623,39.447082889499434,37.87135500871689,115.76071397599158,4.201165296490171,RMSE_Last_Known_TVT,Easy
a2e8e7f6_,1245,5812,1052,4760,0.8189951823812801,11534.0,16293.0,4759.0,10271.78,10779.97,508.1899999999987,10775.26,10759.18,10794.84,35.659999999999854,10.478822773557841,19.11999999999898,83.9783865698484,14.444223566806075,99.23568541689505,0.4808823529411765,10259.65,10881.6,621.9500000000007,73.58349397590361,24.626425088135456,10.394892593944789,28560,1.0,1154.3208185954577,2.161886554621943,-77.47665890134101,-73.54429859389657,-75.971095918349,63.5144458121908,1154.3208185954577,8.83529831932774,77.47666508927068,73.54508975816425,75.97127803280823,63.5144458121908,1258.0420160538426,10.698430341162505,95.06286047779115,90.5509760573177,93.33509059457508,68.91876158521032,10.698430341162505,RMSE_Last_Known_TVT,Moderate
a3518960_,5137,6992,2025,4967,0.710383295194508,13452.0,18418.0,4966.0,11054.62,12147.93,1093.3099999999995,12147.37,12134.61,12157.93,23.31999999999971,5.223697516623136,10.55999999999949,58.8663440601757,7.808077395195307,39.49791548125334,0.0376484799677874,11042.15,12325.65,1283.5,83.61551878528324,23.438922271040724,24.749174725107544,29802,1.0,640.7732400525382,4.810205355345926,8.423296265257887,-9.246417506930237,-6.19931205161256,-115.59681758699267,640.7732400525382,6.006992148178344,8.550062083198933,11.49590778235578,9.468083173189761,115.59681758699267,715.4641225699817,7.100675858286987,9.629183467465886,14.730305845659062,11.668356528453,128.25173447388443,7.100675858286987,RMSE_Last_Known_TVT,Moderate
a3f71395_,1543,7040,1497,5543,0.7873579545454545,13844.0,19386.0,5542.0,12223.17,12775.59,552.4200000000001,12773.56,12751.12,12789.45,38.32999999999993,11.358364044985223,-9.06999999999789,76.11812624170452,15.139707761438064,118.55782026374098,0.07865776655240844,12210.95,12981.95,771.0,80.43730395333765,25.78686968418692,4.319177711633131,33258,1.0,971.2783591919351,9.93482229839372,-22.657177700348342,2.5205331895068674,-1.9731306427798876,-209.68260691372498,971.2783591919351,13.610257983041308,27.20528305873038,11.696353304109754,13.866527102847627,209.68260691372498,1098.88956409855,15.089395383508826,34.01206616629001,13.790527262690583,15.452652566883975,235.51468636955963,13.790527262690583,RMSE_Linear_Extrapolation_100,Moderate
a4719920_,1439,7495,1611,5884,0.7850567044696465,12811.0,18694.0,5883.0,10885.18,11440.43,555.25,11440.05,11427.9,11453.070000000002,25.17000000000189,6.597535182452634,6.950000000000728,87.55990462745382,11.703332849926646,77.29677944704355,0.6442895989123045,10872.95,11591.95,719.0,74.63275886031967,28.314476577006506,12.92714576713415,35304,1.0,675.6101169516089,-2.8980081577167214,-36.0680081581865,-1.7720362105281398,-26.16530587663689,112.66909379634589,675.6101169516089,6.296006118287062,36.840122427993414,5.793881236318107,27.3010732274995,112.66909379634589,758.271410343999,7.205451003735877,43.02423565395772,6.506071601486215,31.72961705647048,124.9210048752242,6.506071601486215,RMSE_Linear_Extrapolation_100,Moderate
a48640d9_,2087,6586,2054,4532,0.6881263285757668,13871.0,18402.0,4531.0,11718.31,12512.43,794.1200000000008,12509.75,12509.75,12537.15,27.399999999999636,5.655868274243105,2.959999999999127,90.74797934879955,12.435517611330333,69.71824781687238,0.13879082082965577,11705.95,12748.95,1043.0,85.43093435553425,24.33702265786585,5.317044993265299,27192,1.0,591.3859428867594,-20.87411297440437,-38.45665842934359,-70.74568120125709,-70.82635811255015,93.59865879736799,591.3859428867594,20.87411297440437,38.45665842934359,70.74568120125709,70.82635811255015,93.59865879736799,612.6548052074901,21.626612771414322,40.68897854950453,77.35557829146612,77.44792898774762,96.17850794828645,21.626612771414322,RMSE_Last_Known_TVT,Difficult
a4cdbb0f_,1391,6759,1555,5204,0.7699363811214677,12064.0,17267.0,5203.0,10427.84,10976.93,549.0900000000001,10964.9,10944.44,10985.85,41.409999999999854,11.119292892389534,-4.9099999999980355,110.05324118484512,15.255769707600859,104.82794888988164,0.037855495772482706,10415.63,11110.62,694.9900000000016,102.44875629043854,30.671304571790337,7.604484894406582,31224,1.0,823.1440958379237,0.8414642582623622,-15.246717559748323,-59.77078416659153,-18.01650693024154,-116.15629654713982,823.1440958379237,9.041502690238257,17.329186919017168,59.77078416659153,19.56300564255737,116.15629654713982,938.9839535028124,11.150021440885437,22.77180136572873,72.1631382237142,25.613743868576776,131.1064664107528,11.150021440885437,RMSE_Last_Known_TVT,Moderate
a4f989c2_,1503,7024,1639,5385,0.7666571753986332,12133.0,17517.0,5384.0,10572.9,11170.570000000002,597.6700000000019,11170.570000000002,11150.34,11172.06,21.719999999999345,5.308519239229524,-8.6200000000008,121.3681696963742,20.750913668117235,424.0421716337051,0.0479108635097493,10560.53,11311.5,750.9699999999993,103.94197604790418,43.6846038721516,17.42619364847002,32310,1.0,1106.8122126083756,9.15071494893361,67.09101797933971,54.82942457984178,69.61228277615713,93.90036114590295,1106.8122126083756,9.295052924792236,67.09101921734651,54.83042328227468,69.61228277615713,93.90036114590295,1238.7273411126648,10.578786672639087,75.33280051806247,61.245533819463155,78.23262265592484,104.47902329980126,10.578786672639087,RMSE_Last_Known_TVT,Moderate
a5aa7973_,2013,6449,1833,4616,0.7157698868041557,12113.0,16728.0,4615.0,10128.56,10960.5,831.9400000000005,10953.87,10930.93,10966.38,35.44999999999891,11.334853968448362,-22.31000000000131,107.66655082098332,14.182180519440106,115.93249238498956,0.4016464471403813,10116.45,11122.45,1006.0,132.07353204172878,49.88574749141211,24.406981220745465,27696,1.0,1180.86318311651,8.48812391681175,17.722123916705687,37.22960690510862,24.532891743898787,-123.7610618822524,1180.86318311651,12.101347487002037,19.951511265072625,37.59632283727374,25.96962648563346,123.7610618822524,1295.2989807710258,14.159778554983863,24.137032350001917,46.2308104742749,31.782206930900767,134.3730598340302,14.159778554983863,RMSE_Last_Known_TVT,Moderate
a5e6f7dc_,1697,7331,1682,5649,0.7705633610694311,12258.0,17906.0,5648.0,10702.26,11406.63,704.369999999999,11402.85,11386.04,11406.02,19.979999999999563,4.898477396853476,-13.200000000000728,90.40489694214872,12.184125808659253,89.80064135738138,0.5186758718357232,10689.87,11537.41,847.539999999999,88.16834413671184,33.68365247786268,2.2365528054368866,33894,1.0,1848.7569268049306,4.042531421490742,-33.96655948797031,-25.58428526018022,-11.909053212432202,165.87752108922243,1848.7569268049306,4.85630731102859,35.72287033943699,27.616673515893694,14.474109092837738,165.87752108922243,2070.7102920019424,6.350818327780091,41.52179413359485,31.96326983269609,16.66917449855585,184.71586236318683,6.350818327780091,RMSE_Last_Known_TVT,Easy
a612d5a0_,1811,7160,1831,5329,0.7442737430167597,12133.0,17461.0,5328.0,10418.89,11145.740000000002,726.8500000000022,11145.740000000002,11145.78,11173.11,27.329999999999927,6.283398677073658,15.929999999998472,118.3992271890052,18.525927461903436,126.5094443074841,0.047100769375117285,10406.55,11311.5,904.9500000000007,116.03372722252898,48.3437251982601,2.3654999664762215,31974,1.0,571.0715570833607,-18.203146931880703,79.67503488611362,73.71672495526335,75.83392149570427,74.09607057568935,571.0715570833607,18.203146931880703,79.70319886025231,73.77535447743881,75.88003544648122,74.09607057568935,649.1264719100002,19.256901319606147,96.34428038450412,89.49614876945317,91.92898953102655,83.57051316661526,19.256901319606147,RMSE_Last_Known_TVT,Difficult
a622ce4d_,1519,8047,1749,6298,0.7826519199701752,12411.0,18708.0,6297.0,10791.14,11401.13,609.9899999999998,11393.240000000002,11393.240000000002,11422.72,29.479999999997744,7.280426846797092,6.469999999997526,89.03475797744319,9.715403583382384,55.421156252480706,0.44934899968243885,10778.84,11537.41,758.5699999999997,83.80265964450295,32.93074368450625,5.2320983329402395,37788,1.0,930.6530428444022,-12.23398062876957,-9.179920021612531,-18.372907031396167,-12.947816883237369,150.3111366045235,930.6530428444022,12.23398062876957,9.29358067399176,18.372907031396167,12.947816883237369,150.3111366045235,1064.888833640127,14.236097814848373,12.114829070719587,19.75514820679467,14.809372218594596,170.46959065272455,12.114829070719587,RMSE_Linear_Extrapolation_10,Moderate
a645da9a_,3615,6766,1613,5153,0.7616021282885014,12857.0,18009.0,5152.0,11265.93,12023.28,757.3500000000004,12022.35,12013.87,12040.38,26.5099999999984,8.766261541476396,-8.44000000000051,102.99618705356856,21.005315381995576,121.6837124493082,0.19619639045216378,11253.45,12156.95,903.5,82.09312309820194,29.883344362593775,20.90306395536662,30918,1.0,-410.29529502063724,-1.8137337473314599,17.708993526323653,-10.601667140691402,1.1722451240709928,151.248725738438,410.29529502063724,7.8968038036095525,20.853974208195453,10.601667140691402,9.46183154009495,151.248725738438,423.40240859416645,8.951092580974047,26.350949729609344,11.632495234309964,10.403822186607492,168.96716521937213,8.951092580974047,RMSE_Last_Known_TVT,Moderate
a692b17e_,2075,5409,1843,3566,0.6592715843963765,12136.0,15701.0,3565.0,10341.820000000002,11179.98,838.159999999998,11174.29,11167.08,11201.46,34.3799999999992,9.830373005616503,2.899999999999636,78.86148669150175,12.554054651158074,80.23609668388568,0.5975883342680874,10329.45,11366.45,1037.0,86.04067469879517,28.59821403726508,7.179188007293419,21396,1.0,1516.6204517629471,-8.717770611328476,-97.89277061144867,-65.86982209648399,-96.07972403275475,-64.75246343928342,1516.6204517629471,10.48426528323005,97.89277061144867,65.89786472349489,96.07972460289868,64.75246343928342,1777.2906162047666,13.138061444708827,113.26471425597778,76.44670981122763,111.1774146783782,75.06692767032577,13.138061444708827,RMSE_Last_Known_TVT,Moderate
a6b8ac67_,1908,7017,1564,5453,0.7771127262362834,13679.0,19131.0,5452.0,12040.55,12752.41,711.8600000000006,12752.41,12743.1,12773.51,30.409999999999854,8.711558228798735,14.319999999999709,79.11731731648011,15.411817227404107,99.16212762454907,0.0737208875848157,12028.45,12981.95,953.5,85.11243186582809,25.55828976124457,5.995114549347974,32718,1.0,1681.4201463591085,-6.512136438657912,3.569499926474809,-5.934500074981881,-7.215329235829871,-171.85806443418747,1681.4201463591085,8.903055198973203,5.750192210659805,8.406241278229235,9.508998999022056,171.85806443418747,1868.7865355901222,10.875902281234387,6.581343520832259,10.328144723342279,11.559641200144753,189.60453977135577,6.581343520832259,RMSE_Linear_Extrapolation_10,Moderate
a6ed2eff_,2158,7054,1779,5275,0.7478026651545222,12611.0,17885.0,5274.0,10471.67,11317.15,845.4799999999996,11314.65,11301.570000000002,11335.85,34.279999999998836,7.568898196636723,12.040000000000873,73.67468399782547,9.100884799862476,50.44525118252688,0.5624644549763033,10459.44,11537.41,1077.9699999999993,95.266343836886,33.421601515617716,21.591659839060526,31650,1.0,625.667802114534,-4.152604739337022,-6.710665345546689,-15.809826221504242,-6.469484451250511,-100.41583148271707,625.667802114534,6.912225592417379,8.188649869392492,15.809826221504242,8.056419941778373,100.41583148271707,690.1188640036205,8.632582794631363,10.240675146277091,18.821326507818682,10.063049921046412,110.20389057669664,8.632582794631363,RMSE_Last_Known_TVT,Moderate
a6f967fb_,2757,7032,2362,4670,0.6641069397042093,14001.0,18670.0,4669.0,11508.97,12685.43,1176.460000000001,12677.94,12656.06,12677.91,21.850000000000364,5.645088576313614,-11.030000000000655,88.06019551652902,21.290849656594897,113.35721419099517,0.04197002141327623,11496.88,12874.68,1377.800000000001,96.69275299238302,27.42020310365277,8.632557475854,28020,1.0,-682.1243563476992,12.552085653105298,-57.512914346548854,-44.461302285664054,-58.50543175392835,66.57989401700509,682.1243563476992,12.552085653105298,57.52177516025547,44.71354198663719,58.50920990107558,66.57989401700509,748.9675405205957,13.762814229045636,72.01740393900832,57.127977789631565,73.1527030550368,73.92264489005099,13.762814229045636,RMSE_Last_Known_TVT,Moderate
a76db406_,1919,6451,1779,4672,0.7242288017361649,12009.0,16680.0,4671.0,9935.17,10788.36,853.1900000000005,10770.320000000002,10770.19,10785.740000000002,15.550000000001091,2.747423525915719,15.420000000000073,86.47687117110033,15.815119334151866,87.72344058716065,0.012414383561643835,9922.67,10881.6,958.9300000000003,85.92677436164668,27.140275641650064,0.5500968094536489,28032,1.0,-462.4346802358153,-2.485008561642469,-29.956584318503744,-39.62687621839963,-46.29788971423628,99.05805269053141,462.4346802358153,2.4896104452042005,29.956584318503744,39.62687621839963,46.29788971423628,99.05805269053141,481.8961457301106,3.7043201708377427,34.72179293814521,45.86941877155882,53.56395259378253,104.78491343721306,3.7043201708377427,RMSE_Last_Known_TVT,Easy
a7744f5b_,1675,6017,1640,4377,0.7274389230513545,12185.0,16561.0,4376.0,10541.81,11203.37,661.5600000000013,11196.51,11196.26,11225.91,29.649999999999636,9.021221637296708,20.770000000000437,83.4659110630463,11.752632828113756,78.59513536827123,0.16860863605209048,10529.45,11366.45,837.0,78.77653134328358,27.04118352697398,4.6893797197627265,26262,1.0,907.5697056213032,-9.479031299977063,-31.369031299404647,-54.15656727358034,-40.54969204426862,84.30254526520154,907.5697056213032,9.487804432259448,31.369031299404647,54.15656727358034,40.54969204426862,84.30254526520154,987.992563283468,13.084948643934053,37.803772167044045,63.99930470194106,48.34233006474219,91.09078702290199,13.084948643934053,RMSE_Last_Known_TVT,Moderate
a783cc24_,1167,3275,1386,1889,0.576793893129771,11727.0,13615.0,1888.0,10310.89,10778.33,467.4400000000005,10769.72,10713.94,10769.69,55.75,14.504184454999553,-55.779999999998836,79.26102768155533,12.274332194239506,80.83795336845026,0.11646373742721017,10298.65,10881.6,582.9500000000007,71.45673521850901,23.96898572224803,7.804292463046323,11334,1.0,401.20856054123493,22.4494547379558,0.45672746535624803,2.6245852510125776,2.5189169228642645,48.125840084198465,401.20856054123493,22.4494547379558,1.9762820154821177,2.6424263107133554,2.5556307399460567,48.125840084198465,431.58319465719234,26.72523186448825,3.1929169135097935,4.722838698240579,4.62865360354523,51.32204250302514,3.1929169135097935,RMSE_Linear_Extrapolation_10,Easy
a79fd2e7_,4227,6327,1923,4404,0.6960644855381698,13023.0,17426.0,4403.0,11112.9,11976.59,863.6900000000005,11964.67,11943.39,11970.94,27.55000000000109,9.052759044810493,-0.6900000000005093,62.53297476766766,9.010842113352995,74.47530320814062,0.5249772933696639,11100.45,12156.95,1056.5,85.75639697184765,29.187200731111442,23.22342220417999,26424,1.0,-20.205174804189838,8.437445504087126,41.80865762368708,8.296163025823763,39.23225582814868,-91.74796312204082,97.02794988629441,9.701432788374177,41.810221904100075,9.603405851500947,39.254653547128115,91.74796312204082,109.43329273314203,12.374341369091132,48.219535306229425,12.257286204500257,45.29526969675233,106.81888926867774,12.257286204500257,RMSE_Linear_Extrapolation_100,Moderate
a7fc3e6b_,3641,6378,1614,4764,0.7469426152398871,11805.0,16568.0,4763.0,10238.88,10948.52,709.6400000000012,10947.85,10947.87,10980.9,33.029999999998836,10.23642135844322,4.440000000000509,97.78076392068407,16.467362506768236,98.17753750886743,0.6341309823677582,10226.45,11136.45,910.0,92.76171656138425,37.91839174852179,5.019047359299819,28584,1.0,746.6610359458542,-14.988098236775594,14.901447218371358,-1.1933303099620658,9.311685676788791,87.00816281136403,746.6610359458542,14.988098236775594,15.363490726378426,8.05381326782144,11.454042731449697,87.00816281136403,891.2508357325128,18.149529358993682,22.661081215155956,10.88027713820306,17.26279492390418,102.36084687215532,10.88027713820306,RMSE_Linear_Extrapolation_100,Moderate
a85bb86f_,2239,5100,2001,3099,0.6076470588235294,12114.0,15212.0,3098.0,10244.93,11147.46,902.5299999999988,11142.83,11141.96,11161.09,19.13000000000102,4.736268107208073,-0.8600000000005821,114.42717759493351,17.328227928905346,111.16438610806463,0.14746692481445628,10232.38,11350.94,1118.5600000000013,127.10714158106298,32.502941803382164,12.679963986129465,18594,1.0,-770.8588842335217,-6.290732494353237,-24.608914312749942,-22.418731294226994,-28.112053022606172,-55.87577136661494,770.8588842335217,6.363213939980805,24.608914312749942,22.418731294226994,28.112053022606172,55.87579384537014,859.6173912785407,7.873900707960967,26.758241389467337,24.304697970044135,30.708012913213064,65.42986469182459,7.873900707960967,RMSE_Last_Known_TVT,Moderate
a85e4bc3_,7035,5993,1412,4581,0.7643917904221592,11087.0,15667.0,4580.0,9545.96,10084.11,538.1500000000015,10083.11,10062.7,10093.820000000002,31.1200000000008,8.2489782409102,1.0900000000001455,85.8039440871275,14.044780367203826,77.04023169040428,0.4977079240340537,9533.45,10236.85,703.3999999999996,71.8054854299929,25.758981782707156,13.998458657134606,27486,1.0,632.9896357261641,4.986930801135577,-44.16543283575662,-14.315620594002247,-37.84184278833448,95.84949883095223,632.9896357261641,7.391453831041483,44.175174575352116,16.50553396082102,37.864530795613305,95.84949883095223,737.008316531791,9.638478456190704,54.80477411446801,21.628442146252983,47.62382668380512,110.44706572957226,9.638478456190704,RMSE_Last_Known_TVT,Moderate
a87433c9_,864,7460,1739,5721,0.7668900804289545,12818.0,18538.0,5720.0,11066.45,11907.0,840.5499999999993,11899.42,11879.36,11900.2,20.840000000000146,5.402281841162598,-0.8700000000008004,73.25169518470499,8.919541270336886,72.6371576490846,0.5813668938996679,11054.45,11917.45,863.0,72.58631944444444,20.530389889951206,0.6653757402605436,34326,1.0,1950.8264384545728,7.912251354658198,36.522251354320396,52.24702153166367,37.819146432645944,92.4101661944635,1950.8264384545728,7.991352910330301,36.522251354320396,52.24702153166367,37.819146432645944,92.4101661944635,2194.2057930880246,9.580358514748033,40.731632757817415,58.736199278952675,42.211625458399375,103.00202002345941,9.580358514748033,RMSE_Last_Known_TVT,Moderate
a8ed028a_,1878,7310,1772,5538,0.7575923392612859,13962.0,19499.0,5537.0,12061.12,12826.64,765.5199999999986,12822.85,12822.55,12859.44,36.89000000000124,7.484275308957339,16.159999999999854,81.58469670044677,15.995544049255809,102.55493949832399,0.04749006861682918,12048.95,12987.45,938.5,88.4540042598509,28.804175249796213,6.869307559404135,27690,0.8333333333333334,1317.2959810331215,-17.51255326832771,-16.001916903632324,-6.20804090710251,-10.60509444477473,-87.87306829236967,1317.2959810331215,17.51678945467658,16.007359498596916,7.849889012099246,10.615214054742275,87.87306829236967,1405.3587223143732,19.044521110452333,17.632161102168478,11.075267437048392,13.248871325885473,93.1549437572718,11.075267437048392,RMSE_Linear_Extrapolation_100,Moderate
a959858c_,5482,5770,1366,4404,0.7632582322357019,12442.0,16845.0,4403.0,10968.21,12133.85,1165.6400000000012,12133.85,12134.38,12224.91,90.53000000000065,14.780199548574812,89.73999999999978,80.95704357678711,13.579789063287958,94.58511489847805,0.6139872842870118,10955.91,12325.65,1369.7399999999998,84.20481028821598,23.049885387860098,3.2477667114288664,26424,1.0,-1340.5482428520543,-63.665921889191424,1122.4804417479374,1232.3244627492804,1194.1292113640395,114.17046816946751,1340.5482428520543,63.665921889191424,1122.4804417479374,1232.3244627492804,1194.1292113640395,114.17046816946751,1451.1571298866559,65.35865899088088,1309.7128597636092,1436.5203920943165,1392.4260850196547,128.73436557096517,65.35865899088088,RMSE_Last_Known_TVT,Difficult
a9c9b150_,1990,5826,1840,3986,0.6841743906625471,12290.0,16275.0,3985.0,10329.26,11159.06,829.7999999999993,11158.3,11156.5,11162.18,5.680000000000291,1.158992175232959,0.7900000000008731,116.28694277024181,13.29489639699685,89.93053341196612,0.5474159558454591,10317.05,11311.5,994.4500000000007,118.86295979899498,47.02934553565152,2.5760170287531707,23916,1.0,853.4747519520839,0.09857501254304712,-6.788061351915931,0.0643631313399544,-2.6305815300738598,-110.52794791032828,853.4747519520839,0.8416658304061224,6.814884870590666,0.8287283064928985,2.690431418850116,110.52794791032828,941.2766811357607,1.1630317709118394,7.758204635230548,1.1542953493943455,3.089171620318532,121.0864438302806,1.1542953493943455,RMSE_Linear_Extrapolation_100,Easy
aa95015b_,1610,5761,1461,4300,0.7463981947578545,12207.0,16506.0,4299.0,10745.820000000002,11350.490000000002,604.6700000000001,11344.81,11340.570000000002,11366.19,25.61999999999898,6.917930926482711,10.130000000001019,96.11874043247406,11.65746143393851,75.97779682932979,0.3444186046511628,10733.36,11537.41,804.0499999999993,86.21811801242235,33.483170780890966,9.900622420051704,25800,1.0,673.1678672603383,-9.467320930233203,-70.72398759631602,-73.94760838896667,-72.69873317519728,92.36546084308715,673.1678672603383,10.129790697674906,70.7405702601649,73.95836346746985,72.71161027081678,92.36546084308715,746.2697635434394,11.725050285011942,80.56102963230057,84.27038912201995,82.83319639176624,101.35735225120548,11.725050285011942,RMSE_Last_Known_TVT,Moderate
aaaf3c03_,1993,4728,1731,2997,0.6338832487309645,12635.0,15631.0,2996.0,11219.3,12002.3,783.0,11995.84,11972.22,12020.37,48.150000000001455,14.954079326457624,3.9099999999998545,89.85131032342491,13.588764746623378,86.71402488146944,0.05538872205538872,11206.95,12202.95,996.0,95.10489713998996,34.98475711540172,5.253586816565047,17982,1.0,276.82605761189404,1.9606706706706505,-44.91714751108568,-6.087785494955733,-8.516853458927475,-50.40811552406169,281.6194762875614,13.230500500500515,45.420752934697695,17.01108140412146,18.291586088981003,50.40811552406169,402.54338425744646,15.079592231507316,60.007926646043195,19.747944796092472,21.74809260689171,69.4781242026521,15.079592231507316,RMSE_Last_Known_TVT,Difficult
aaeffccb_,2109,4586,1874,2712,0.5913650239860445,13218.0,15929.0,2711.0,11325.46,12213.04,887.5800000000017,12212.01,12204.78,12219.37,14.590000000000146,4.362163401255183,7.360000000000582,98.37578324869874,14.912204306747798,72.28188977677226,0.6084070796460177,11312.95,12366.95,1054.0,92.88684684684684,26.751836931125514,5.488936401851902,16272,1.0,229.67370657647223,1.8971792035399,-25.232820795637277,-11.757602944673375,-18.328838323501795,35.215756828599865,229.67370657647223,4.303926991150472,25.530106931356286,12.598746778835649,18.872208505201574,35.215756828599865,253.50999027869221,4.756126793123975,30.513841350956735,15.315821804503841,22.666178954830936,37.54057078073618,4.756126793123975,RMSE_Last_Known_TVT,Easy
ab112491_,2185,7178,1993,5185,0.7223460573976038,13129.0,18313.0,5184.0,11287.43,12288.39,1000.9599999999991,12276.5,12275.69,12319.27,43.57999999999993,14.147783027870696,29.770000000000437,97.91118029028347,13.176057044330452,88.8657067156789,0.04223722275795564,11274.95,12366.95,1092.0,93.12187185354692,26.339602212426172,4.7893084367365475,31110,1.0,1010.3850866982355,-24.39972420443603,11.273669734890813,-25.451861378187182,9.811689000876099,-101.24278954251233,1010.3850866982355,24.442578592092715,16.32931463133273,25.48643451571668,15.631499706827649,101.24278954251233,1146.268206110598,28.204036984751497,23.829259063047424,29.218091692722204,22.593814122041454,111.81513786332768,22.593814122041454,RMSE_Linear_Extrapolation_50,Difficult
ab18d3fc_,1661,7337,1643,5694,0.7760665121984462,13219.0,18912.0,5693.0,11549.25,12282.02,732.7700000000004,12282.02,12255.92,12292.990000000002,37.07000000000153,10.97913479681419,-26.100000000000364,84.18129006997783,12.342318759012135,82.28975617571471,0.31383912890762206,11536.95,12366.95,830.0,89.84700180614088,28.70875740481134,5.665711736163047,34164,1.0,1041.6101109385752,12.448684580260217,171.04580579316286,174.89783339513872,179.26501111080873,80.13478594020175,1043.2764613751,14.540605900948547,171.04580730458903,174.89783443140672,179.2650116083734,80.16120788549888,1264.911623958642,16.597890792722144,198.98246985387186,203.42878001507617,208.46979048877287,96.57439450661126,16.597890792722144,RMSE_Last_Known_TVT,Difficult
ab3ced07_,1849,6008,1758,4250,0.7073901464713716,13379.0,17628.0,4249.0,11455.27,12250.08,794.8099999999995,12222.14,12202.1,12228.59,26.48999999999978,7.548965571807193,3.1599999999998545,95.24586974264403,13.304398250094453,92.5485149105015,0.49105882352941177,11442.95,12366.95,924.0,92.19938885884261,28.36410021031908,3.046480883801422,25500,1.0,-913.0261448723003,6.246439999999257,39.739167272930004,11.435899585942883,47.13973315740052,-61.06070295660962,913.0261448723003,7.904247058823078,39.739167272930004,11.44395986969365,47.13973315740052,61.06070295660962,1023.9611184232402,9.797524442428841,44.597122640270236,13.909331926885848,53.01533519981518,70.70785785841194,9.797524442428841,RMSE_Last_Known_TVT,Moderate
ab6fe95d_,10043,7424,1933,5491,0.7396282327586207,11268.0,16758.0,5490.0,9245.19,10066.59,821.3999999999996,10065.52,10058.52,10083.17,24.649999999999636,5.4695423664448555,7.930000000000291,86.28058800532037,13.487339467586265,91.50113181885953,0.2504097614277909,9232.65,10236.85,1004.2000000000007,85.22576520959872,30.56446892463091,1.0548227957216483,32946,1.0,1287.1678826668965,-3.834886177380888,16.63529564146555,34.34036338758747,23.16360121759298,-118.19922640274392,1287.1678826668965,5.47503187033311,16.635295707689618,34.34036338758747,23.16360121759298,118.19922640274392,1453.3971105388562,6.6795806397720465,19.068740749665466,39.250964110084354,26.463864398913234,131.1847404405661,6.6795806397720465,RMSE_Last_Known_TVT,Moderate
ab94878e_,3918,7652,1648,6004,0.7846314688970204,12065.0,18068.0,6003.0,10366.15,11172.76,806.6100000000006,11172.76,11167.76,11189.6,21.840000000000146,4.742289493360524,4.1599999999998545,89.01638507039166,12.304298672958781,88.55169629862573,0.040972684876748836,10353.81,11331.96,978.1499999999996,89.41479581419091,34.26750979005182,0.39841074379924635,36024,1.0,1035.2200126046864,-3.821757161891978,86.2532428380502,104.82640335415294,72.19303635542416,-196.33747767068184,1035.2200126046864,5.061104263824063,86.62184710187526,104.9323248497536,72.81767632765737,196.33747767068184,1137.846188596201,6.090270250340663,101.21570916701481,122.63661729935828,85.00797085220347,214.93800427427124,6.090270250340663,RMSE_Last_Known_TVT,Easy
abf460d2_,1739,4763,1546,3217,0.6754146546294353,13137.0,16353.0,3216.0,11510.05,12096.27,586.2200000000012,12086.87,12083.27,12109.27,26.0,5.898730621599468,22.399999999999636,49.24196756731686,8.773802957355132,47.75658699367711,0.5825303077401306,11497.95,12366.95,869.0,91.28217941345602,28.869759528144698,42.04021184613916,19302,1.0,681.3824887465562,-5.912101336648404,-27.950525578931853,-43.53962596911917,-40.24232798737351,-50.22853329660858,681.3824887465562,6.795110351258626,27.951282127947078,43.53962596911917,40.24232798737351,50.22853329660858,807.2756263944318,8.350877150110843,33.43506872106171,51.39376600756385,47.59270660752159,57.71060366996589,8.350877150110843,RMSE_Last_Known_TVT,Moderate
ac6f01d5_,1886,6729,1725,5004,0.7436469014712439,13362.0,18365.0,5003.0,11722.96,12523.62,800.6600000000017,12523.62,12499.83,12532.52,32.69000000000051,10.00446847853137,-15.140000000001237,89.61894792177851,13.588308789931858,141.43856320027126,0.02697841726618705,11710.59,12652.570000000002,941.9800000000014,92.52269883351008,31.034345448775284,2.9037509117315636,30024,1.0,532.860454219598,12.439170663469868,156.52250399747427,147.69565416182883,151.56975889869574,76.60551357220596,532.860454219598,14.09773181454871,156.52524374506984,147.70221148928817,151.57452847463165,76.60551357220596,620.2347900470969,15.962529701035821,180.31573331176793,170.13470817650506,174.60300484934862,85.3646344500546,15.962529701035821,RMSE_Last_Known_TVT,Difficult
ad2133a8_,1700,7187,1458,5729,0.7971337136496452,13248.0,18976.0,5728.0,11366.0,12076.28,710.2800000000007,12070.21,12027.96,12076.59,48.63000000000102,13.944974706360208,6.380000000001019,82.78665397843129,13.173363252059664,97.02812213784424,0.2871356257636586,11353.45,12202.95,849.5,89.20788235294117,34.57768528210353,6.42122837450988,34374,1.0,404.2038243014222,24.382750916389295,-51.66997635775022,-59.02235889458011,-52.28643755892796,-102.07914998133093,404.2038243014222,24.76172805026967,51.6700455432336,59.0223592046757,52.28643868979748,102.07914998133093,460.6382996160043,28.088198915386187,68.40518580933748,76.63503962798967,69.09280622351588,115.92956046380924,28.088198915386187,RMSE_Last_Known_TVT,Difficult
add9c322_,1599,5519,1587,3932,0.7124479072295705,12059.0,15990.0,3931.0,10234.44,10888.42,653.9799999999996,10887.54,10864.8,10887.47,22.670000000000073,4.587753273849042,-7.900000000001455,87.77579526588679,9.843334538369522,65.25361644232513,0.5846897253306206,10222.33,11021.27,798.9400000000005,84.93669168230143,36.072767844654535,2.8391035835853558,23592,1.0,737.8770308404448,11.409153102747418,-117.54557417050539,7.079431050516202,32.74367147009751,-87.05993774650011,737.8770308404448,11.409153102747418,117.55838295006015,7.092903489358381,32.74367147009751,87.05993774650011,822.8245834621829,12.296784203800955,138.1402067660401,8.214743515205633,35.96851671884558,95.73935021628715,8.214743515205633,RMSE_Linear_Extrapolation_100,Moderate
ae069086_,4459,6741,1971,4770,0.7076101468624834,12216.0,16985.0,4769.0,10231.08,11205.75,974.6700000000001,11205.75,11176.6,11214.76,38.159999999999854,12.005415097257723,-8.649999999999636,77.81737067207114,13.136941714519201,85.91051480261278,0.0067085953878406705,10218.740000000002,11331.96,1113.2199999999975,94.4438169993272,34.90498626980092,16.626446327256062,28620,1.0,1000.7484602365084,8.284777777777641,68.86202020206372,133.9274094609245,264.29217033474623,-159.03339498772277,1000.7484602365084,11.065037735849002,68.86202594502795,133.9274094609245,264.29217033474623,159.03339498772277,1091.6785378510028,14.585517424947831,79.79268169703046,154.5179746517691,304.8322158280613,171.6020384990324,14.585517424947831,RMSE_Last_Known_TVT,Difficult
ae0784a8_,1272,9171,1348,7823,0.8530149383927598,13085.0,20907.0,7822.0,11656.21,12068.58,412.3700000000008,12067.03,12066.35,12091.29,24.94000000000051,6.22688979053775,9.869999999998981,88.13867626062834,17.86189277648034,96.73658573109385,0.574715582257446,11643.95,12279.45,635.5,76.33941823899372,24.988777830109306,11.799258021634628,46938,1.0,866.0508330893443,-8.91897353956233,-62.50151899457309,-71.81614005619852,-76.33499082647006,130.0545341003464,866.0508330893443,8.932198645020613,62.50151899457309,71.81614005619852,76.33499082647006,130.0545341003464,975.4870147503727,10.87737509844777,71.19564290170113,81.91764408704665,87.1222176954251,145.85131219676697,10.87737509844777,RMSE_Last_Known_TVT,Moderate
ae35f33a_,2498,6469,2019,4450,0.6878961199567166,13760.0,18209.0,4449.0,11745.65,12679.47,933.8199999999997,12679.47,12667.44,12687.87,20.43000000000029,4.234853888262405,-12.029999999998836,65.9442877342936,7.059255226588176,66.01656029119636,0.2541573033707865,11733.45,12981.95,1248.5,89.02700960768614,23.697595503846053,23.082721873392543,26700,1.0,947.5246526705524,-2.8338719101131784,6.607643240351561,5.994946331685073,5.515627009372162,99.92519021249363,947.5246526705524,4.259085393259011,7.690737418379835,7.27144653346365,6.973641767379936,99.92519021249363,1026.6184109541928,5.0951729458693835,10.922767752682939,10.297453762735415,9.816040902314414,107.13532859068744,5.0951729458693835,RMSE_Last_Known_TVT,Easy
ae8959c3_,2341,6645,2127,4518,0.6799097065462754,11960.0,16477.0,4517.0,9798.98,10871.7,1072.7200000000012,10869.47,10869.46,10903.67,34.210000000000946,7.928062881060958,34.20000000000073,83.64425223051182,26.43922678496083,129.23206996675356,0.06905710491367861,9786.61,10956.570000000002,1169.960000000001,75.66886373344724,27.065385735901362,7.975388497064586,27108,1.0,1496.1151378787015,-18.108946436477122,-24.95591613458502,-39.53724991683402,-34.22978725273159,-182.04989216114126,1496.1151378787015,18.10897299690209,24.95591613458502,39.53724991683402,34.22978725273159,182.04989216114126,1663.9757958842408,19.76800976672305,27.546939446639293,44.263002842288586,38.166302571854665,200.50516588511454,19.76800976672305,RMSE_Last_Known_TVT,Difficult
aed44918_,1126,4020,1301,2719,0.6763681592039801,13569.0,16287.0,2718.0,12440.89,12774.61,333.72000000000116,12770.94,12770.95,12787.23,16.279999999998836,4.700660222816354,1.359999999998763,92.28634891289542,12.143146087066182,62.663803994231365,0.7006252298639205,12429.070000000002,12991.53,562.4599999999991,76.01401420959148,23.750015924313214,16.27233470330394,16314,1.0,386.4220925758152,-8.243023170282807,5.356976829383902,-9.814877955768551,1.7684054011840584,-70.33767254820418,386.4220925758152,8.243023170282807,5.452556086488988,9.814877955768551,3.8668609999428107,70.33767254820418,420.7839422022648,9.488704385906805,8.79304153703496,11.103911173931781,5.7253739559141215,75.88788103304535,5.7253739559141215,RMSE_Linear_Extrapolation_50,Easy
aee6393a_,1043,7146,1281,5865,0.8207388748950462,12011.0,17875.0,5864.0,10636.68,11006.27,369.59000000000015,11003.59,11002.79,11016.83,14.039999999999054,3.357768054931936,-0.7199999999993452,77.77723393744496,11.555574554546968,91.49009841738359,0.4854219948849105,10624.34,11145.28,520.9400000000005,64.33301054650047,22.456821541131216,13.444223390944487,35190,1.0,362.2046460611549,-3.239740835464604,-8.572468108701857,-8.946111012542382,-14.157683692557974,72.25977434117158,362.2046460611549,3.263079283887448,8.572468108701857,8.946111012542382,14.157683692557974,72.25977434117158,399.47107637779453,4.665683726709421,10.33157391121559,10.74884843113076,16.64439624012265,78.70194067026509,4.665683726709421,RMSE_Last_Known_TVT,Easy
af7a59ce_,1058,4330,1306,3024,0.6983833718244804,12202.0,15225.0,3023.0,10856.4,11316.81,460.40999999999985,11315.72,11308.79,11319.96,11.169999999998254,2.232735084818,4.239999999999782,95.95104311905837,18.657193339020505,96.36589607095176,0.2857142857142857,10843.95,11372.45,528.5,85.81672967863895,23.597419279960583,10.134313440419419,18144,1.0,574.5034071777437,3.4569146825388684,8.406914681875097,-0.7372437332959076,1.6317466152693432,54.86047742986874,574.5034071777437,3.630777116401536,8.406917207127643,1.8747581716479411,2.2366630596392563,54.86047742986874,628.3778841175817,4.115059728297358,9.39495769681428,2.760760899671278,2.667833871339902,59.6864612279134,2.667833871339902,RMSE_Linear_Extrapolation_50,Easy
aff4e561_,1856,7723,1697,6026,0.7802667357244594,11937.0,17962.0,6025.0,10195.4,10940.68,745.2800000000007,10940.68,10940.72,10961.72,21.0,5.001037485640733,19.51000000000022,105.67848235279635,15.570948845076106,91.39054930005344,0.354629936939927,10183.13,11110.62,927.4900000000016,110.40115301724137,31.384647122503484,4.722670664445019,36156,1.0,987.6000434095616,-9.631108529704456,116.38798237897225,116.67133998514966,116.43376205854474,-85.77678262481732,987.6000434095616,9.631108529704456,116.38798237897225,116.67133998514966,116.43376205854474,85.77678262481732,1085.9770786245272,10.851934253065428,135.77033593556052,136.09732606725973,135.82316488954726,93.29630580297736,10.851934253065428,RMSE_Last_Known_TVT,Moderate
b04b58a3_,1536,5229,1827,3402,0.6506024096385542,11960.0,15361.0,3401.0,10126.66,10751.15,624.4899999999998,10750.64,10741.4,10772.84,31.44000000000051,11.916236810510716,-4.779999999998836,77.97989687617118,10.418742404210526,67.47415117263463,0.04879482657260435,10114.16,10881.6,767.4400000000005,79.16585937500001,25.086954597706313,1.1859624988288289,20412,1.0,609.9577989507949,-5.345449735450478,-35.14748003882526,-10.539083218780766,-20.04984133207296,87.22691010228243,609.9577989507949,10.544162257495614,35.32794447150693,11.503674881550955,20.56205431603229,87.22691010228243,664.6195160174308,13.058667367524363,39.30626625893776,15.48134742977171,23.510186636135238,94.0314221148733,13.058667367524363,RMSE_Last_Known_TVT,Moderate
b0d42b0d_,1463,6357,1386,4971,0.7819726285983954,12144.0,17114.0,4970.0,10592.89,11065.59,472.7000000000007,11065.59,11059.11,11092.04,32.93000000000029,8.45973587869311,-6.479999999999563,83.60572655490978,10.821703344634273,60.06300204316519,0.5608529470931403,10580.53,11311.5,730.9699999999993,101.33742993848256,41.274478694165005,17.73170338357278,29826,1.0,980.2286287979028,-17.89910883122109,55.17422450278053,67.6674746671308,69.31323306558153,-133.1720684887536,980.2286287979028,18.241555019110844,55.83731820378396,67.84461923916191,69.47891690184356,133.1720684887536,1094.4832111993696,19.797243019186585,72.05450025568422,86.24200400072769,88.11670401494307,146.45838659582222,19.797243019186585,RMSE_Last_Known_TVT,Difficult
b0f53bf4_,1035,4202,1447,2755,0.6556401713469776,13110.0,15864.0,2754.0,11862.35,12224.22,361.869999999999,12216.87,12198.2,12216.88,18.679999999998472,6.0516387044004505,-0.07000000000152795,96.60566217840638,13.19363575600708,89.60690745359368,0.2754990925589837,11849.95,12366.95,517.0,75.05974879227053,25.28742972818544,21.54591338613585,16530,1.0,40.70120556641129,6.9719709618880925,11.064213387139887,19.76740174497273,20.62757048174418,-68.1093132948997,46.606094291883544,6.971978221416221,11.064213387139887,19.76740174497273,20.62757048174418,68.1093132948997,56.14824175610668,9.231328022549082,13.101475037819332,22.448184162202118,23.403564606571543,72.84842551991665,9.231328022549082,RMSE_Last_Known_TVT,Moderate
b19b0395_,1381,7196,1383,5813,0.8078098943857699,12081.0,17893.0,5812.0,10688.87,11207.240000000002,518.3700000000008,11199.23,11183.47,11209.28,25.81000000000131,5.95161091426507,-14.359999999998763,82.15410748593199,15.393783824289981,113.26605166855538,0.037674178565284704,10676.45,11366.45,690.0,72.0720130340333,23.960849643844067,10.082094451898683,34878,1.0,-543.4758619366218,8.09266471701299,-91.6262443743338,-120.41278352780049,-108.80851895641703,58.925320240152715,543.4758619366218,9.360550490279937,91.67416328127425,120.4128548882825,108.81562748515456,58.95658797752379,612.0962026147556,10.045237735851847,107.0059058722107,140.20855549524495,126.82184036761575,68.20338588545611,10.045237735851847,RMSE_Last_Known_TVT,Moderate
b1efb8a4_,3113,7562,1564,5998,0.7931764083575774,13221.0,19218.0,5997.0,11391.35,12017.59,626.2399999999998,12015.570000000002,12013.18,12032.56,19.3799999999992,6.599738790111351,2.4200000000000728,100.31300465162238,16.375529544260214,88.33410957910385,0.051683894631543846,11378.95,12156.95,778.0,78.55213941535496,30.48218785768333,21.76086523626742,35988,1.0,1310.3790169655654,-5.36793931310298,-61.54039385846836,-63.70420958013697,-70.55899309455197,-99.77831685566859,1310.3790169655654,5.888739579859577,61.54039385846836,63.70420958013697,70.55899309455197,99.77831685566859,1478.8619684582766,8.506706925766984,71.87573584167049,74.36819847799643,82.26650745882594,112.35010791948332,8.506706925766984,RMSE_Last_Known_TVT,Moderate
b32902c0_,1917,5737,1929,3808,0.663761547847307,12249.0,16056.0,3807.0,10075.52,10939.86,864.3400000000001,10919.4,10913.42,10941.35,27.93000000000029,5.035233449629128,21.950000000000728,88.62344685522181,9.89496731186571,69.46012765891582,0.5428046218487395,10063.34,11021.27,957.9300000000003,91.56943140323422,36.248517266344436,2.9459845480124045,22848,1.0,1099.6168266863397,-1.1096848739500584,5.354072701537962,16.07527060160545,15.302395318171898,-97.22679128281932,1099.6168266863397,3.7942752100840837,5.784935828645423,16.07527060160545,15.302395318171898,97.22679128281932,1236.1121676587545,5.155416417213564,6.264366564582637,17.489226664792483,16.62533091550645,108.68219335642517,5.155416417213564,RMSE_Last_Known_TVT,Easy
b32e4903_,1889,7420,1650,5770,0.7776280323450134,12247.0,18016.0,5769.0,10434.85,11186.63,751.7799999999988,11184.37,11175.2,11197.66,22.459999999999127,5.746579115801552,13.289999999999054,80.89133788885043,12.19639618864862,79.97082929287475,0.04072790294627383,10422.45,11366.45,944.0,83.27260984647961,28.463894011639663,2.381271957629181,34620,1.0,868.9684222056757,-1.169856152512329,-75.31846221369503,-43.73569941685246,-67.29595555221577,-144.07982471891515,868.9684222056757,4.900771230502566,75.32550318843299,44.06662662067143,67.31906023783374,144.07982471891515,956.1046641469451,5.863958705383137,88.22536297449646,51.87165140818618,78.98106162377259,157.09085314014695,5.863958705383137,RMSE_Last_Known_TVT,Easy
b3388334_,2043,7807,1727,6080,0.7787882669399258,12366.0,18445.0,6079.0,10642.52,11481.61,839.0900000000001,11481.52,11448.28,11506.240000000002,57.960000000000946,12.52517380640002,24.720000000001164,88.01545980039852,24.83744497625356,149.30632915078604,0.2455592105263158,10630.45,11651.45,1021.0,84.19975036710721,27.455382080342893,3.8157094332913033,36480,1.0,1465.9271706929644,6.755868421052927,-13.698404308686545,15.347538718108284,6.7252079168832095,-102.06889190382597,1465.9271706929644,12.410411184210673,20.061004786563544,15.59769937144018,12.407172609468352,102.06889190382597,1741.3239639618894,14.23010661853958,26.447866829540366,18.06785783354918,14.226948185515361,117.89976893959567,14.226948185515361,RMSE_Linear_Extrapolation_50,Difficult
b37fd114_,1547,9786,1625,8161,0.833946454118128,12672.0,20832.0,8160.0,10831.23,11388.66,557.4300000000003,11373.26,11363.63,11416.78,53.150000000001455,13.902463748230153,18.049999999999272,80.87278186205494,18.09073386119739,124.56916251478336,0.08148511211861291,10818.95,11591.95,773.0,77.41430510665805,29.15532599674899,3.4584767553968874,48966,1.0,1443.9310082589407,-20.752931013356125,-92.23226434971365,-86.61167556778128,-89.7311394165932,130.2621841192049,1443.9310082589407,22.327424335252992,92.24175717033322,86.62830284632099,89.74216731918919,130.2621841192049,1610.6336568523136,24.97877020046922,105.65308327221128,99.19865548975886,102.78035384508267,144.92000270400973,24.97877020046922,RMSE_Last_Known_TVT,Difficult
b38e3116_,3767,7954,1743,6211,0.7808649735981896,13220.0,19430.0,6210.0,11227.96,12012.820000000002,784.8600000000024,12012.820000000002,12007.83,12032.6,24.770000000000437,5.505654168195747,-1.8800000000010186,102.01025483223027,17.398689492217457,96.25573337663184,0.055385606182579296,11215.45,12156.95,941.5,83.51176798513406,30.108856910854062,18.498486847096217,37266,1.0,797.5430245947072,-3.272535823537497,54.894373268085765,38.52100993107338,44.61281159527221,-97.40949733524428,797.5430245947072,4.495450008049504,54.89437455612311,38.52666613688055,44.61345591902651,97.40949733524428,909.907741844124,6.404438939196513,63.89209997961605,45.08128952934959,52.07193996035504,110.05080275214512,6.404438939196513,RMSE_Last_Known_TVT,Moderate
b4d8dd4f_,1874,5909,1650,4259,0.7207649348451515,11896.0,16154.0,4258.0,10426.98,11205.3,778.3199999999997,11194.490000000002,11177.26,11231.96,54.69999999999891,17.067559986424076,28.739999999997963,132.65250510855347,24.73915443379872,141.05928147162143,0.09673632308053534,10414.820000000002,11350.94,936.119999999999,123.92407684098185,33.8790263386597,8.728428267571616,25554,1.0,-1113.7653464156213,-1.0595844094843632,-49.081402591432514,-95.57815866690997,-44.88184131230484,-81.99229424669805,1113.7653464156213,13.382740079831677,49.08141616696241,95.57815866690997,44.89182161473311,81.99229424669805,1234.1032457500116,17.098418824477594,64.58112748081797,117.40943402162752,59.8849263527151,91.77037824272384,17.098418824477594,RMSE_Last_Known_TVT,Difficult
b4f37e6e_,1402,4499,1507,2992,0.6650366748166259,12087.0,15078.0,2991.0,10663.17,11179.72,516.5499999999993,11179.72,11178.39,11213.35,34.960000000000946,9.475011966124626,33.63000000000102,127.8602647461875,26.96522229473607,144.98916524876384,0.35093582887700536,10650.79,11350.94,700.1499999999996,115.66531383737517,34.9696115422325,12.19495090881233,17952,1.0,191.92773067129343,-11.563967245990124,13.468396390154544,2.632533084049143,7.714114626753093,33.2457299953703,191.92773067129343,11.67638034759426,13.468396390154544,3.8909846821467733,7.717388042215649,33.2457299953703,203.86517379238927,14.94895263643877,15.116348109883704,4.609905479971039,8.91420750644199,35.101379158905615,4.609905479971039,RMSE_Linear_Extrapolation_100,Easy
b56bc0aa_,2043,7431,1829,5602,0.7538689274660207,12111.0,17712.0,5601.0,10342.5,11204.6,862.1000000000004,11192.6,11191.23,11206.47,15.239999999999782,3.8490027859306415,0.10999999999876309,120.42741655187632,18.711816137175315,138.51103995124726,0.22438414851838628,10330.35,11350.94,1020.5900000000001,125.171458639256,32.7974683160132,4.7440420873796825,33612,1.0,-2284.6307538258593,-7.901015708675266,-76.83489449641898,-117.2504614933063,-100.57181066673377,-115.94847284472505,2284.6307538258593,8.029751874330401,76.83489670342298,117.2504614933063,100.57181066673377,115.94847284472505,2542.3535117355345,8.788528154094545,86.73861688823858,133.3468287757636,114.10690009159607,130.11205496633838,8.788528154094545,RMSE_Last_Known_TVT,Moderate
b585b4fa_,1824,5999,1705,4294,0.715785964327388,12165.0,16458.0,4293.0,10467.34,11238.71,771.369999999999,11233.570000000002,11209.06,11245.8,36.73999999999978,9.068271146525664,-24.510000000002037,78.55238502142159,12.630917831039792,89.65347915467213,0.11830461108523521,10454.95,11366.45,911.5,81.97480811403508,28.071153477556397,3.4224230926134993,25764,1.0,288.0840384431443,4.154834653005575,-35.54137746870253,-29.257765407037844,-33.09771636743696,-109.8910552519217,294.867804178518,8.547536096879936,37.10684457568669,31.421650179247294,34.88538611069258,109.8910552519217,354.8630098714122,9.973817813617734,45.58117416765676,38.53065528546868,42.83114184249764,120.7078607690454,9.973817813617734,RMSE_Last_Known_TVT,Moderate
b5aa9634_,1213,8747,1421,7326,0.8375443009031668,13769.0,21094.0,7325.0,12155.27,12548.03,392.7600000000002,12541.7,12508.3,12545.36,37.06000000000131,9.107357074413427,-33.400000000001455,83.16829125393639,13.501037163921717,75.80191828968071,0.042042042042042045,12142.95,12748.95,606.0,74.5926628194559,25.64449129755049,8.575628434480493,43956,1.0,816.8738724638029,6.987635817636382,70.93236308910465,40.911887632856015,53.20315010317472,-161.80320083791236,816.8738724638029,7.800846300846644,70.93255910330068,40.91260041602622,53.20365130598181,161.80320083791236,917.996072130971,11.47866217552782,81.95903293181664,47.620776839084385,61.635863492437544,181.05955588547454,11.47866217552782,RMSE_Last_Known_TVT,Moderate
b7974e66_,1433,7170,1612,5558,0.7751743375174337,13233.0,18790.0,5557.0,11575.98,12128.3,552.3199999999997,12116.19,12108.77,12127.92,19.149999999999636,6.853619971860042,-6.520000000000437,82.05469627207603,15.773642392960955,108.08476283810678,0.5273479668945664,11563.45,12279.45,716.0,80.55458478715981,26.54436857522187,1.5001114849162178,33348,1.0,1028.9262270011707,-1.2878553436484208,-61.59458261687051,-93.5851015182969,-86.15570024158812,-87.95180700218536,1028.9262270011707,6.049701331414239,61.59458261687051,93.5851015182969,86.15570024158812,87.95180700218536,1159.6973552326958,6.972963992749996,70.89336422510476,107.7154211624426,99.15627904492753,98.3113431760461,6.972963992749996,RMSE_Last_Known_TVT,Moderate
b7cdcecb_,1490,7620,1452,6168,0.8094488188976378,11933.0,18100.0,6167.0,10378.44,10956.66,578.2199999999993,10956.66,10956.69,10982.1,25.409999999999854,5.675306089017282,20.350000000000364,116.55316503063473,21.37180025611421,102.33197876257246,0.425745784695201,10366.13,11110.62,744.4900000000016,104.42561744966441,30.90836176157486,12.127547580970315,37008,1.0,1611.980982530291,-7.3355107003894275,86.88194384613459,115.25212539322564,110.71974620241463,132.25558252801525,1611.980982530291,7.3355107003894275,86.88194384613459,115.25212539322564,110.71974620241463,132.25558252801525,1882.1129538284304,9.274351431311539,100.36988106913651,133.11049431000893,127.87931263100785,152.78115353711698,9.274351431311539,RMSE_Last_Known_TVT,Moderate
b7fea9ef_,1800,5575,1709,3866,0.6934529147982063,11727.0,15592.0,3865.0,9994.5,10778.320000000002,783.8200000000015,10769.62,10751.28,10769.59,18.30999999999949,4.234617925046822,-1.7000000000007276,93.80711629804958,12.63045976817463,70.02666498452032,0.1404552509053285,9982.17,10881.6,899.4300000000003,83.44979444444445,25.393491819873304,10.357321853605129,23196,1.0,1253.0841979788775,10.312721158821143,-39.48955156879867,-36.30255417872717,-35.36522986157658,95.71922816402885,1253.0841979788775,10.312721158821143,39.52802387593457,36.35859188230093,35.42710572335444,95.71922816402885,1387.844215001018,11.148074644872509,49.54974008623773,45.9124987870711,44.84407492535356,105.23548941372587,11.148074644872509,RMSE_Last_Known_TVT,Moderate
b85f7b06_,1484,5453,1650,3803,0.6974142673757565,12910.0,16712.0,3802.0,10808.79,11404.37,595.5799999999999,11393.1,11391.44,11401.4,9.959999999999127,2.2414032751517428,8.299999999999272,88.5255803118822,9.684498987285489,141.8999287334373,0.20168288193531422,10796.34,11537.41,741.0699999999997,82.80630727762802,32.66002766155587,5.719273034254172,22818,1.0,658.8719908826146,-2.7787352090452604,0.6794466088910806,2.720801064598493,6.2741454632101,98.72792524156053,658.8719908826146,3.0282540099919464,1.7443876842130062,3.365745513541147,6.731849032926762,98.72792524156053,723.4369329585084,3.569865119414346,2.104960134463235,3.8066223692928043,7.648778298204004,107.4718056357092,2.104960134463235,RMSE_Linear_Extrapolation_10,Easy
b881d27e_,1575,5442,1433,4009,0.7366776920249908,12184.0,16192.0,4008.0,10591.83,11199.55,607.7199999999993,11170.12,11169.83,11197.320000000002,27.4900000000016,5.3944340242617645,19.450000000000728,82.10563683316433,12.173320758071862,113.43961855279281,0.506610127213769,10579.45,11366.45,787.0,76.17518095238096,25.75338219511305,5.93045588078337,24054,1.0,-662.9139158055062,-17.994148166624456,-16.04990574337994,-13.92002185398696,-9.927934481064703,88.91379457295606,662.9139158055062,18.003347468195955,16.063317415600014,13.93874732752214,9.958691316121335,88.91379457295606,706.4846617290042,18.785154458691416,16.78247901135045,14.669299549294054,11.099400983131053,97.25858232829297,11.099400983131053,RMSE_Linear_Extrapolation_50,Moderate
b8c49c1a_,2109,6254,1935,4319,0.6905980172689479,11987.0,16305.0,4318.0,9839.990000000002,10787.44,947.4499999999989,10786.990000000002,10766.01,10798.15,32.13999999999942,8.062702029230406,3.1599999999980355,76.90888812596289,12.003157535711413,87.17310397080341,0.22759898124565872,9827.67,10881.6,1053.9300000000003,89.75065908013278,28.699519716639628,12.841770954169888,25914,1.0,787.8055254663477,1.7847071081283368,-46.65165652844808,27.508343471792994,3.8487647312249744,80.19699404098098,787.8055254663477,6.85179671220214,46.65166410595971,27.508343471792994,6.293479166702489,80.19699404098098,879.9091039044076,8.256954162110757,57.838212635811054,29.51338766045489,8.215433061438848,86.47322876480837,8.215433061438848,RMSE_Linear_Extrapolation_50,Moderate
b95e7121_,1373,7492,1186,6306,0.8416978109983982,11987.0,18292.0,6305.0,10864.23,11360.92,496.6900000000005,11360.92,11355.9,11367.3,11.399999999999636,2.8223699712342576,1.4000000000014552,98.69527224849463,16.93546869090018,110.58758893520925,0.06660323501427212,10851.820000000002,11537.41,685.5899999999983,78.64680262199563,30.22300756856338,20.048469626499,37836,1.0,1285.1871437711043,-1.9326244846178848,17.943981574655094,105.88017587543035,44.40300408653869,169.91809296051483,1285.1871437711043,3.035504281636557,17.943981574655094,105.88017587543035,44.40300408653869,169.91809296051483,1437.5299662441416,3.4204599760598935,21.548833333813885,122.90970763225225,51.97536104606747,189.30709093893876,3.4204599760598935,RMSE_Last_Known_TVT,Easy
b977be4a_,1427,7495,1578,5917,0.7894596397598399,12296.0,18212.0,5916.0,10837.04,11387.65,550.6099999999988,11387.65,11368.09,11422.33,54.23999999999978,18.578493326542915,-11.649999999999636,95.63985297419606,17.12229047590739,109.89842077604571,0.2467466621598783,10824.83,11537.41,712.5799999999999,80.97695164681149,31.960884168904165,14.662901327384574,35502,1.0,894.6699354668949,-0.23198411357156715,53.5680158857862,44.24286011086377,38.868021648823124,151.5210673468378,894.6699354668949,16.64747845191813,58.26869927888094,50.42961243885794,45.9812012892963,151.5210673468378,1049.4739107130497,18.57837175934225,71.34535111158701,60.948949775366806,55.02151765161231,175.5724054634747,18.57837175934225,RMSE_Last_Known_TVT,Difficult
ba48188d_,1203,5534,1368,4166,0.7528008673653777,13334.0,17499.0,4165.0,11778.490000000002,12275.31,496.8199999999979,12271.54,12167.76,12272.75,104.98999999999978,33.53783980664962,-103.78000000000065,87.94800803396156,13.303283465685402,98.80416746479318,0.17690830532885263,11765.95,12366.95,601.0,79.77845386533667,26.529305240480515,8.169554168624884,24996,1.0,646.9349909158661,38.34164666346689,52.35791939200693,49.11558581741575,50.41844306202479,-89.54469418884257,646.9349909158661,38.50698511761937,52.36600650412193,49.13816080032907,50.43463719978545,89.54469418884257,728.1235457559931,50.93720227649117,66.80740188436164,63.12205719185873,64.60212178741,100.30808697789557,50.93720227649117,RMSE_Last_Known_TVT,Difficult
bb2cdd83_,1998,5665,1840,3825,0.675198587819947,12207.0,16031.0,3824.0,10380.17,11216.48,836.3099999999995,11216.240000000002,11211.1,11223.740000000002,12.640000000001237,2.99004032049635,6.4799999999977445,81.64965843956115,6.962257678023691,53.92743463150933,0.14431372549019608,10367.95,11366.45,998.5,85.01267267267268,28.64036099249859,3.363014233111528,22950,1.0,204.8720973901279,0.41030849673347236,-10.25611574487319,-3.966805394648425,-7.847053808179338,-98.20782159406161,218.72072240759533,2.50177516339901,10.692828218663534,4.8387100811817625,8.389675043278181,98.20782159406161,266.8279848429921,3.017674077265869,13.27257403899361,6.3999253749382365,10.578810592030653,106.70895355649772,3.017674077265869,RMSE_Last_Known_TVT,Easy
bb337fa0_,1435,8216,1343,6873,0.8365384615384616,12350.0,19222.0,6872.0,10890.14,11430.34,540.2000000000007,11424.42,11424.47,11461.4,36.93000000000029,8.639058904546074,33.70000000000073,84.87221541281983,13.47308566627386,85.45403284676172,0.6688491197439255,10877.89,11594.55,716.6599999999999,74.08485714285713,30.215417740104236,10.787358269962695,41238,1.0,1895.7235556453345,-22.481280372472053,139.16187114217092,71.54175773118854,105.48404735858794,-136.84261488137167,1895.7235556453345,22.481280372472053,139.16518512001204,72.97082865574825,105.7144489540586,136.84261488137167,2179.1314908934773,24.083821271230853,165.71084891109462,87.97072420005041,126.94095693182756,155.76216612361068,24.083821271230853,RMSE_Last_Known_TVT,Difficult
bb682ebd_,1977,5931,1792,4139,0.6978587084808633,12110.0,16248.0,4138.0,10146.72,11016.98,870.2600000000002,11016.97,11016.5,11052.45,35.95000000000073,9.490238190437537,29.320000000001528,118.69237384546531,15.662852076891502,134.1191060984655,0.28799226866392846,10134.45,11122.45,988.0,131.49680829539707,50.151169146706344,12.804434449931762,24834,1.0,1424.518258533825,-17.45803575743013,-20.468944847682412,-0.5258953433851559,-14.032720031155025,-124.6931901626562,1424.518258533825,17.482046388017142,20.48144387028502,4.260554194922389,14.094955284318507,124.6931901626562,1584.6340919619095,19.87022580202752,23.22382092389171,5.682192410220703,16.11850257497732,138.17637131680561,5.682192410220703,RMSE_Linear_Extrapolation_100,Easy
bc4381e2_,1006,6885,1930,4955,0.719680464778504,13269.0,18223.0,4954.0,11207.21,12132.27,925.0600000000013,12127.25,12127.27,12147.76,20.48999999999978,4.243873953247602,15.530000000000655,72.38396568984297,11.06614306625384,75.88506172619338,0.5814328960645813,11782.62,12285.1,502.47999999999956,63.92459244532803,19.94089088622225,8.459373244514936,29730,1.0,896.9238707825564,-11.86221392532809,45.20687698379384,-26.214094033347745,16.601765906585776,-133.48083639363384,896.9238707825564,11.86221392532809,45.22477919460008,26.214094033347745,17.230530183591664,133.48083639363384,952.921506944207,12.598370947658928,54.702732777953244,28.50724132752301,22.057635044545233,140.24321627947424,12.598370947658928,RMSE_Last_Known_TVT,Moderate
bcebcc5f_,3700,7889,1631,6258,0.7932564330079858,11953.0,18210.0,6257.0,10224.240000000002,10928.62,704.3799999999992,10928.62,10928.67,10966.36,37.69000000000051,8.087320386632253,37.649999999999636,95.13698431371444,13.472483149412422,93.58703185831202,0.4852988175135826,10211.7,11136.45,924.75,93.49018378378378,38.05205213895407,1.6468005299306583,37548,1.0,856.741455433583,-22.85296100990667,121.10403899126943,130.3118861848047,125.86628893020765,86.93037583644937,856.741455433583,22.85296100990667,121.34221540544202,130.4288074003587,126.03882178350047,86.93037583644937,979.5361566235155,24.241537215571864,145.816504978673,156.41336002970127,151.29652884543734,97.94028076681238,24.241537215571864,RMSE_Last_Known_TVT,Difficult
bd2c2f34_,1748,11621,1798,9823,0.8452800963772481,11917.0,21739.0,9822.0,9984.44,10699.87,715.4300000000003,10685.38,10675.78,10700.52,24.73999999999978,5.614047907127565,-4.299999999999272,81.23112234365769,8.364845705696155,63.61882371470294,0.6298483151786624,9971.95,10845.45,873.5,79.8000457665904,25.96484303292227,1.4310765770672873,58938,1.0,1548.240881324068,-0.7492517560836208,-168.94803963497412,-213.78090852173585,-203.9869372302644,-148.12331174094075,1548.240881324068,4.299075638806773,168.94804111572893,213.78090852173585,203.9869372302644,148.12331174094075,1765.0229528054388,5.663541608648027,195.12075596927477,246.8711044753194,235.5653411803503,168.10963802007265,5.663541608648027,RMSE_Last_Known_TVT,Easy
bd4ae5da_,2196,6905,1899,5006,0.7249818971759594,12900.0,17905.0,5005.0,10966.91,11877.71,910.7999999999993,11877.71,11855.41,11877.71,22.299999999999272,5.666353803439822,-14.80999999999949,117.17384770491502,17.69658549821118,113.23500157542236,0.670994806232521,10954.4,12051.84,1097.4400000000005,98.46203551912569,30.546544933608615,18.711812185789327,30036,1.0,1565.9731604594945,12.859614462643783,16.045887188676797,66.60411851302436,39.07994507496841,-126.79570657753354,1565.9731604594945,12.859614462643783,16.045887188676797,66.60411851302436,39.07994507496841,126.79570657753354,1734.396504532844,14.052431666337634,17.44969532308112,75.00171566533585,43.397740033727466,138.81678124680394,14.052431666337634,RMSE_Last_Known_TVT,Moderate
bd6f0e19_,1901,6979,1839,5140,0.7364951998853704,12434.0,17573.0,5139.0,10600.15,11358.03,757.880000000001,11345.85,11345.64,11361.88,16.23999999999978,4.031054955569407,8.549999999999272,93.32610072647398,9.28697580242595,82.81673354756953,0.2519455252918288,10587.91,11537.41,949.5,92.61632298790111,34.4901277988025,0.7097777385728676,30840,1.0,685.1632691721279,-9.28066342412429,-11.773269484740021,-5.720679025667036,-4.091524408607558,74.69912971922315,685.1632691721279,9.28358171206204,11.775129406919012,5.7257972900226735,4.237178476518188,74.69912971922315,819.0399339572859,10.118149844909517,12.839081028344973,6.4722464854163215,5.047783502822093,86.92527040404273,5.047783502822093,RMSE_Linear_Extrapolation_50,Easy
bd8f847e_,1386,6161,1200,4961,0.8052264242817725,13514.0,18474.0,4960.0,12301.8,12803.35,501.5500000000011,12797.820000000002,12788.76,12813.28,24.520000000000437,6.969524315392845,7.039999999999054,85.10822131925953,15.227338952805347,112.1242644867531,0.19854867970167306,12289.45,12981.95,692.5,76.43536796536796,22.28766088602931,8.672853353891568,29766,1.0,783.0716576419595,-2.4584156420062664,-85.00805200559526,-85.67039638003064,-87.20437194446643,112.87522061170363,783.0716576419595,6.241048175770797,85.00805471765844,85.67039898446767,87.20437429964353,112.87522061170363,858.2965177478113,7.389741905257485,100.60514101603106,101.3688581393012,103.13767081131013,123.18395046924977,7.389741905257485,RMSE_Last_Known_TVT,Moderate
be063506_,2158,6539,2039,4500,0.6881786205841872,13031.0,17530.0,4499.0,10985.62,11887.94,902.3199999999997,11874.12,11857.58,11874.070000000002,16.4900000000016,3.4830565041963943,-2.4900000000016007,114.57068068632233,18.316982909303285,154.5339158996474,0.25,10973.4,12051.84,1078.4400000000005,98.21229842446711,30.74922152487173,16.358382261855226,27000,1.0,1380.6557390889632,9.038106666667318,-119.17219636322952,-92.26707386138001,-115.00253703083163,-123.02635566338796,1380.6557390889632,9.038106666667318,119.17219636322952,92.28452779464004,115.00253703083163,123.02635566338796,1544.6481410545805,9.685884513043288,140.24322966549238,109.20938744640392,135.4327616602993,136.70091914304192,9.685884513043288,RMSE_Last_Known_TVT,Moderate
be35c8f2_,1723,5898,1672,4226,0.7165140725669719,13377.0,17602.0,4225.0,11804.33,12553.94,749.6100000000006,12549.26,12537.81,12555.240000000002,17.43000000000211,4.593354476562765,-11.450000000000728,87.33425632828101,15.245053810858588,107.83670439294644,0.375769048745859,11792.09,12652.570000000002,860.4800000000014,89.82250145095765,31.023943934991596,2.4882451226766307,25356,1.0,574.0797935666426,-0.8713416942734536,54.07965830631961,45.74271564145559,51.97275506449516,-99.62478368198204,574.0797935666426,4.204058211074255,54.13138286854992,45.84907258230824,52.037158021323485,99.62478368198204,637.9061456037883,4.674735185385168,64.54894315318612,54.95134244709349,62.122614934491345,107.06851911768858,4.674735185385168,RMSE_Last_Known_TVT,Easy
be83e781_,1508,4776,1555,3221,0.6744137353433836,12367.0,15587.0,3220.0,10625.36,11186.37,561.0100000000002,11181.45,11175.87,11191.51,15.639999999999418,2.704110381652914,10.05999999999949,81.57280779246186,20.933512611470885,132.1748294170182,0.5209562247749147,10612.95,11366.45,753.5,74.16760610079575,24.426108708396203,7.405201691666107,19326,1.0,-389.1064109439203,-1.6237286556964161,76.87590770790918,65.39213129028367,76.27208599012171,70.57605007907374,389.1064109439203,2.7622508537718136,76.87596934884508,65.39801599034635,76.27230389833436,70.57605007907374,406.71937359686075,3.1537973198868037,89.69142677098175,76.4407962933551,88.99463885626835,76.78305908859681,3.1537973198868037,RMSE_Last_Known_TVT,Easy
beda8696_,1949,7868,1956,5912,0.7513980681240467,12129.0,18040.0,5911.0,10148.87,10954.91,806.039999999999,10951.43,10923.27,10972.22,48.94999999999891,9.349217680024056,-28.159999999999854,112.77950545883141,14.999022770792594,110.53608239836595,0.5267253044654939,10136.64,11110.62,973.9800000000014,112.43081580297587,31.9606057485879,0.34868965585553724,35472,1.0,773.5080287602012,-3.0063988497968652,-10.532035213935021,-40.21359209909496,-37.286182283275416,-82.97885651702323,773.5080287602012,6.947965155615602,11.364336111827082,40.21359209909496,37.286182283275416,82.97885651702323,817.5190764529568,9.819955216289504,13.327029381703184,44.386334687250304,41.0966596828077,87.40271062843026,9.819955216289504,RMSE_Last_Known_TVT,Moderate
bf39bc20_,1629,5047,1744,3303,0.654448187041807,12201.0,15503.0,3302.0,10549.51,11202.89,653.3799999999992,11201.28,11185.22,11219.04,33.82000000000153,8.401940002593555,-16.06000000000131,126.85069168167631,18.860742085607,126.5914192211018,0.6164093248561914,10537.3,11350.94,813.6400000000012,120.53222222222222,34.985040175632726,6.318469459454093,19818,1.0,332.5216721078029,-0.13841053587596655,-8.148107504282038,-11.89353300812862,-10.441496250168635,37.690689080391856,332.5216721078029,6.625095367847612,9.126475379349372,12.538816531830399,11.207637245058432,37.690689080391856,374.5643681544019,8.401808199266226,11.708794130914745,15.062855289615992,13.698126992119393,42.20848372939481,8.401808199266226,RMSE_Last_Known_TVT,Moderate
bf70b410_,1694,8000,1653,6347,0.793375,11941.0,18287.0,6346.0,10276.63,10982.9,706.2700000000004,10982.53,10936.990000000002,10985.17,48.17999999999847,14.407947613999323,-45.539999999999054,104.19836145762646,13.309350956157582,94.80588766341582,0.41988340948479597,10264.13,11110.62,846.4900000000016,106.70228453364815,29.870097511966666,2.5039230760216924,38082,1.0,1057.0984508388299,12.264613203088585,-21.20665952380506,4.560544796264697,-10.155333975813326,-90.48251124396863,1057.0984508388299,12.608671813455564,21.601208129453934,8.83887824894323,10.820414693209862,90.48251124396863,1145.6552257293527,18.920279724233612,24.125477677886305,12.036899176340524,13.33136503062136,97.62757161985631,12.036899176340524,RMSE_Linear_Extrapolation_100,Moderate
bffe3082_,1462,7186,1463,5723,0.7964096854995826,12573.0,18295.0,5722.0,11333.81,11900.28,566.4700000000012,11889.740000000002,11884.990000000002,11922.81,37.81999999999789,13.328788298899184,31.61999999999898,110.52414824209849,20.14386257703061,134.27179782657288,0.3110256858291106,11321.4,12051.84,730.4400000000005,88.4226949384405,32.173043532939886,22.10145330365799,34338,1.0,778.7867302154011,-9.894368338282673,50.12090438931052,32.66055767436181,47.08726143364514,82.32687894772018,778.7867302154011,12.297027782631057,50.12090438931052,32.662040638314274,47.08726152829071,82.32687894772018,864.624610542788,16.598918029974968,55.25485856588937,35.41754947859455,51.790312899857874,90.95434304922436,16.598918029974968,RMSE_Last_Known_TVT,Difficult
c03b9305_,1867,6067,1812,4255,0.7013350914784902,11754.0,16008.0,4254.0,9961.13,10822.42,861.2900000000009,10797.47,10794.95,10817.070000000002,22.1200000000008,6.236027127026849,19.600000000002183,79.35418301663348,12.062890458677266,77.90933323896226,0.5163337250293772,9948.67,10881.6,932.9300000000003,84.25501874665238,25.28416433601479,4.900835730018898,25530,1.0,1472.0777713540783,-3.431393654524905,11.916000284171895,-10.268319907121654,-3.3169465957021687,-132.39285201423377,1472.0777713540783,4.242542890716882,11.917358686052205,10.268319907121654,4.196296242285718,132.39285201423377,1627.7454756151678,7.1171172090817905,13.475911783743548,13.94724864112065,7.021796511347423,144.93189505835252,7.021796511347423,RMSE_Linear_Extrapolation_50,Moderate
c03d4aed_,1827,6375,1734,4641,0.728,13855.0,18495.0,4640.0,12081.06,12796.990000000002,715.9300000000021,12793.21,12789.56,12818.25,28.69000000000051,8.47323533588891,-1.1299999999991996,79.5901065673168,13.288262735767418,102.59303196199926,0.18444300797241975,12068.95,12981.95,913.0,84.63263820470716,25.96261405201601,5.042531637390368,27846,1.0,814.3233791183196,-9.3034410687362,-17.884107736118587,-19.84828793343811,-19.86134407009438,109.32755501008525,814.3233791183196,10.147720318897342,17.926403401225826,19.865507030551218,19.87843352896614,109.32755501008525,893.8264027217872,12.583094329136486,20.024005472884642,22.002564877529323,22.015903323050388,118.38409578905359,12.583094329136486,RMSE_Last_Known_TVT,Moderate
c03fba65_,2215,5669,1970,3699,0.6524960310460398,11893.0,15591.0,3698.0,9869.12,10835.7,966.5799999999999,10805.3,10770.5,10805.59,35.090000000000146,9.677067318988968,-34.79999999999927,89.86421925283695,10.081830695070682,71.32720076233926,0.5114895917815626,9856.98,10963.71,1106.7299999999996,96.11439729119638,35.75658173013271,6.2501780383594365,22194,1.0,781.8800070636207,20.578775344686896,-11.93637617074863,-25.88347788063152,-24.69003617992389,-64.67724809987384,781.8800070636207,20.591113814543668,12.90885161451799,25.88347788063152,24.69003617992389,64.67724809987384,872.4192700800924,22.739971638302574,16.319069751192835,31.978704461659785,30.62070892270786,71.64966465634761,16.319069751192835,RMSE_Linear_Extrapolation_10,Difficult
c07fd0cd_,2335,6035,1844,4191,0.6944490472245236,13547.0,17737.0,4190.0,11720.08,12533.12,813.0400000000009,12532.42,12523.96,12538.94,14.980000000001382,3.97151253512292,4.389999999999418,47.060025147808545,10.31738751211313,49.61597576331306,0.48484848484848486,11707.85,12874.68,1166.83,93.75268950749465,28.431501494884085,46.692664359686106,25146,1.0,466.945231360658,0.8106346933905809,8.686513481903589,7.112846994663454,9.375801560130201,98.93868654823478,470.5248036219983,2.966039131472158,8.68652108839079,7.112984696794433,9.375804841614592,98.93868654823478,546.7955896694825,4.052934357090802,9.874045906426492,8.25083959154717,10.604851087755659,108.24044971319312,4.052934357090802,RMSE_Last_Known_TVT,Easy
c1708b88_,1875,7960,1645,6315,0.7933417085427136,12348.0,18662.0,6314.0,10586.17,11366.3,780.1299999999992,11366.3,11331.19,11369.17,37.97999999999956,10.759763373050193,0.010000000000218279,88.25676065128081,17.141113841574366,97.43460285532868,0.6406967537608868,10573.91,11510.29,936.380000000001,85.447568,29.8360000161509,2.80919265128081,37890,1.0,3350.836878734687,14.809130641329295,134.0475548830305,120.01042017029087,127.80714744798551,134.90285280275072,3350.836878734687,15.385501187647852,134.0481000400641,120.01256591664699,127.80832565380469,134.90285280275072,4030.9921473816567,18.304767828554887,153.30939515216375,137.14031107677485,146.120133516578,161.47176469077039,18.304767828554887,RMSE_Last_Known_TVT,Difficult
c1d046f4_,1154,6917,1404,5513,0.7970218302732398,12465.0,17977.0,5512.0,10973.740000000002,11425.92,452.1799999999985,11382.18,11373.3,11394.67,21.3700000000008,6.4185016883545485,-8.880000000001019,91.64262450628252,18.263784580555598,161.5021582239478,0.014511155450752766,10961.28,11537.41,576.1299999999992,72.34854419410745,27.61201622850389,19.29408031217507,33078,1.0,694.1576831508415,-4.254649011427381,-127.90192173918832,-152.9493453210404,-148.22234264886362,95.7078515247708,694.1576831508415,6.2621766733175575,127.90586404635198,152.9493453210404,148.22234264886362,95.7078515247708,789.4526316766523,7.700112298091984,145.8353695999523,174.7274141342677,169.27409041217888,107.92918358486793,7.700112298091984,RMSE_Last_Known_TVT,Moderate
c2717d4f_,2388,6682,1961,4721,0.7065249925172105,12803.0,17523.0,4720.0,10356.66,11320.23,963.5699999999997,11318.56,11312.320000000002,11333.78,21.459999999999127,6.535721244964734,9.819999999999709,72.29591572138061,8.39298746243944,41.68365521175088,0.03240838805337852,10344.47,11537.41,1192.9400000000005,97.63418341708542,32.623342986699626,25.338267695704815,28326,1.0,852.9659692034945,-5.360891760220937,-68.03470994292262,-45.832809491966714,-60.854878795020824,-121.46236204799551,852.9659692034945,7.519205676763687,68.06764603119122,45.97100425809884,60.91017997284419,121.46236204799551,961.8142737129212,8.452559650622254,77.42293897229396,51.944394877603976,69.17081748709022,131.7718854696308,8.452559650622254,RMSE_Last_Known_TVT,Moderate
c2c4db09_,1711,7851,1812,6039,0.76920137562094,12407.0,18445.0,6038.0,10694.97,11383.9,688.9300000000003,11382.0,11370.66,11399.570000000002,28.910000000001673,8.433363553771033,2.9799999999995634,97.75363009777142,14.796364484957547,101.27776664608884,0.23381354528895512,10682.87,11537.41,854.539999999999,88.4450146113384,33.68504267800598,9.308615486433027,36234,1.0,1225.0768528762887,-3.2250223546946284,14.162856434003757,-7.148757128128865,8.853527465127902,160.92235281714085,1225.0768528762887,7.232967378705152,16.51984479728798,8.484385328227631,13.088894150104583,160.92235281714085,1409.3083251902792,9.028322821306517,21.595258876863394,10.303032896472251,16.227938432578437,183.40143653622056,9.028322821306517,RMSE_Last_Known_TVT,Moderate
c2c6fc71_,2079,8840,1721,7119,0.805316742081448,13105.0,20223.0,7118.0,11340.45,12079.38,738.9299999999985,12077.78,12072.66,12096.89,24.229999999999563,6.735834553269756,8.93999999999869,44.82638956890298,9.187398124923007,50.142483015963656,0.3833403567916842,11327.95,12366.95,1039.0,92.824708994709,26.936844294714994,47.99831942580602,42714,1.0,736.7940207771943,-9.649252704030962,91.97256547676986,52.296456266850676,83.31076650380568,114.39029137957999,736.7940207771943,10.212803764573263,91.98978587289527,52.481451045519485,83.35160946666244,114.39029137957999,835.7523399209695,11.767462410523247,107.27289855861392,61.578379835000504,97.287742773999,125.90439450038684,11.767462410523247,RMSE_Last_Known_TVT,Moderate
c36625df_,1980,6386,1644,4742,0.7425618540557469,12805.0,17546.0,4741.0,11074.88,11875.19,800.3100000000013,11874.22,11854.65,11875.02,20.3700000000008,3.74153243950061,-19.56999999999971,120.26273268659224,17.95693846456825,111.637619211299,0.7692956558414171,11062.4,12051.84,989.4400000000005,96.73255555555555,31.634152763358898,23.530177131036695,28452,1.0,1420.1569170663538,7.074968367776506,37.83260473152128,17.413939924943968,26.797421429008008,-111.94486645643303,1420.1569170663538,7.136204133276415,37.83343230715105,17.42027597368171,26.800341155819037,111.94486645643303,1579.8899702364456,8.003204999077816,41.56553470940615,18.4885310234534,28.99408644372891,122.82510580265223,8.003204999077816,RMSE_Last_Known_TVT,Moderate
c3957531_,2278,7254,1938,5316,0.7328370554177006,13653.0,18968.0,5315.0,11748.51,12672.97,924.4599999999991,12663.72,12642.88,12688.490000000002,45.6100000000024,12.430938560758184,-2.889999999999418,96.95153486239396,13.381006049429054,85.72421527864603,0.03781038374717833,11736.35,12874.68,1138.33,93.23679982440737,28.59124821924737,3.7147350379865856,31896,1.0,239.27513872802504,-1.4897121896170449,-130.5478030994372,-187.80581515990121,-93.33274892418339,-47.19720803906868,262.02948515831605,10.120408201655199,130.5478030994372,187.80581515990121,93.3421690590094,47.19720803906868,338.210190539782,12.518722274768233,155.0897709861891,221.08231370930804,112.27354131211048,56.19726301794999,12.518722274768233,RMSE_Last_Known_TVT,Moderate
c42fe306_,1007,7023,1928,5095,0.7254734443969814,12403.0,17497.0,5094.0,10084.7,10984.4,899.6999999999989,10965.09,10959.95,10990.66,30.709999999999127,9.524323701411374,24.75,87.06422189952447,10.144463765127174,66.60865440521488,0.5952894995093229,10072.19,11077.56,1005.369999999999,89.73531281032771,28.523868953492418,2.671090910803244,30570,1.0,554.0690311746744,-6.043829244357215,-94.06564742649724,-55.15593677507083,-58.56994689139675,-115.87696955489518,554.0690311746744,7.984504416094216,94.06841270439882,55.19968470973094,58.605121031710425,115.87696955489518,627.7709757752688,11.279308916635767,111.16363893609335,66.35815000868227,70.28326528365298,130.75501567945344,11.279308916635767,RMSE_Last_Known_TVT,Moderate
c43812e2_,2173,7293,1766,5527,0.7578499931441108,13290.0,18816.0,5526.0,11344.78,12194.58,849.7999999999993,12194.58,12180.48,12201.87,21.390000000001237,5.784820457169499,-12.430000000000291,95.53523859541926,12.10814650130057,73.50790671410056,0.6205898317351185,11332.45,12418.45,1086.0,94.53065807639209,28.36490097545879,1.0045805190271722,33162,1.0,930.8602311703812,3.9721892527589513,11.00782561599767,24.903622076042506,27.84810569942148,-181.14079425551486,930.8602311703812,5.718757011036628,11.117629060261661,24.903622076042506,27.84810569942148,181.14079425551486,1023.7200045490149,7.016864008504025,13.191760201582232,28.42990293185593,31.76100018546858,195.809000524033,7.016864008504025,RMSE_Last_Known_TVT,Moderate
c472c0b5_,2131,4867,1813,3054,0.627491267721389,11770.0,14823.0,3053.0,9903.66,10796.13,892.4699999999993,10796.13,10796.15,10810.52,14.3700000000008,3.859851081696186,11.360000000002401,71.2008713160792,12.772296135375013,43.60755427526573,0.031106745252128355,9891.6,10956.570000000002,1064.9700000000012,74.27017832003754,27.807978199025595,3.069307003958343,18324,1.0,1057.399322889687,-7.327075965947256,17.11292403409858,19.402386680309977,17.58896124895201,-130.26788433373773,1057.399322889687,7.327075965947256,17.11293320240245,19.40238831827338,17.588965756845546,130.26788433373773,1163.457694891253,8.28128095427446,20.22069464664681,22.854668924606194,20.76816674126136,141.51217806495777,8.28128095427446,RMSE_Last_Known_TVT,Moderate
c47e0767_,1918,6099,1743,4356,0.7142154451549434,13304.0,17659.0,4355.0,11420.88,12159.92,739.0400000000009,12153.58,12153.5,12185.23,31.729999999999563,9.480474999544672,30.889999999999418,73.9146958948846,9.525666633247136,50.24384530189241,0.14830119375573922,11408.45,12366.95,958.5,92.2809228362878,27.855271348940374,18.3662269414032,26136,1.0,-579.8957589352458,-19.272045454545673,-6.201045454819974,0.4685764176485273,-3.832678587877571,-71.79663658629353,579.8957589352458,19.273578971533723,6.233788338195881,4.347823652533476,4.324667686507028,71.83509287867601,626.5724092845805,21.47720905393819,7.717906204581397,5.4883323848308985,5.960657676627886,82.13599866979257,5.4883323848308985,RMSE_Linear_Extrapolation_100,Easy
c50b42f6_,2089,7920,1906,6014,0.7593434343434343,12052.0,18065.0,6013.0,10079.12,10971.36,892.2399999999998,10966.65,10959.58,10989.52,29.94000000000051,7.779066297822308,14.220000000001164,116.8231572734679,19.30536042731387,100.1673633883182,0.18407050216162288,10066.64,11110.62,1043.9800000000014,115.12856390617519,32.48831911876483,1.6945933672927112,36084,1.0,1506.2442216390727,-3.6782573994019057,14.731288055019055,-11.670284852166485,2.0594604877820286,64.6618226279213,1506.2442216390727,7.002334552710482,15.99045212674333,11.737616457457502,7.488165978394563,64.6618226279213,1719.8711205350967,8.604265674370385,19.777124422080984,14.754146091804941,8.713752944892041,72.00900090772011,8.604265674370385,RMSE_Last_Known_TVT,Moderate
c593337f_,1674,7118,1910,5208,0.7316661983703288,13569.0,18776.0,5207.0,11455.09,12125.2,670.1100000000006,12115.4,12076.54,12124.89,48.349999999998545,17.73900719049876,-37.19000000000051,89.0574812021824,12.807881193903544,123.53886051611917,0.30913978494623656,11442.95,12279.45,836.5,85.05976105137395,27.022357406845973,3.9977201508084477,31248,1.0,855.8573314121575,15.90256720430057,29.951082355786617,19.34882159971231,27.208535991884403,-116.64808079699283,855.8573314121575,18.72446812595976,31.72022565514168,21.885467396091595,29.1623033615005,116.64808079699283,918.7849132656356,23.822334034025907,39.34074695091947,27.554352470823748,36.26296969167271,123.64951733452658,23.822334034025907,RMSE_Last_Known_TVT,Difficult
c59b6c4a_,2222,7460,1961,5499,0.7371313672922252,11945.0,17443.0,5498.0,10012.35,10945.43,933.0799999999999,10944.88,10903.97,10944.88,40.909999999999854,10.116277363449257,-40.909999999999854,104.5475631107725,13.048404066841876,114.28727255242754,0.149118021458447,10000.14,11110.62,1110.4800000000014,116.8411611161116,32.38192574979659,12.293598005339106,32994,1.0,1119.106167230859,18.349145299144343,6.515811965767044,9.671422526891922,9.421054062481343,-76.55815875904146,1119.106167230859,18.349145299144343,6.587539144814934,9.682193699197223,9.43379257606603,76.55815875904146,1215.7809213815933,20.952603428128082,7.826610036728133,11.2019828239809,10.92788735569132,82.22970710252162,7.826610036728133,RMSE_Linear_Extrapolation_10,Moderate
c66be2b8_,2149,6207,2053,4154,0.6692444014821975,12390.0,16543.0,4153.0,10476.47,11383.570000000002,907.1000000000022,11366.95,11325.73,11373.88,48.149999999999636,16.446346997118045,-28.360000000000582,88.17960858578225,17.996337861257942,98.63428070594236,0.29537794896485314,10463.94,11537.41,1073.4699999999993,95.084332247557,33.36821727761625,6.904723661774753,24924,1.0,-565.0816068782772,14.953644679827258,56.50364467930037,74.168690134386,64.13926772899792,-115.56848881574659,565.0816068782772,16.54046220510374,56.50364467930038,74.168690134386,64.13926772899792,115.56848881574659,576.6835958686172,22.226756512262092,68.83239534849508,89.08834852794305,77.5788810456647,121.98644996291347,22.226756512262092,RMSE_Last_Known_TVT,Difficult
c6797dd7_,4662,6281,1617,4664,0.7425569176882661,12634.0,17297.0,4663.0,11004.15,12033.740000000002,1029.590000000002,12033.740000000002,12026.44,12048.46,22.019999999998618,5.750261861223232,-7.300000000001091,90.27867099289274,11.19482822437848,74.22640221510315,0.149442538593482,10991.7,12156.95,1165.25,87.00824753324754,28.08614961907924,3.270423459645201,27984,1.0,1907.9841385588356,-0.9586106346469124,78.06366209232723,88.29964904131845,88.48058384306522,80.59247217497449,1907.9841385588356,4.684871355060161,78.06366567879223,88.29964978436873,88.48058455285171,80.59247217497449,2081.8985263688705,5.82900989050451,92.41317701000924,104.21178085957999,104.42037823164436,87.43127290356357,5.82900989050451,RMSE_Last_Known_TVT,Easy
c6b782a4_,4027,6675,1798,4877,0.7306367041198502,12217.0,17093.0,4876.0,10339.06,11232.39,893.3299999999999,11217.87,11194.88,11220.06,25.18000000000029,7.167233304172202,-3.7999999999992724,81.65680854309493,15.475162006500085,93.47683529795017,0.2731187205249129,10326.59,11331.96,1005.369999999999,90.65199900670474,34.608537251988906,8.995190463609816,29262,1.0,1097.3958714057883,10.615232725036519,-133.3596763658201,-130.99956151436177,-138.3177785593862,-139.2107879413817,1097.3958714057883,10.879333606725966,133.37843260568457,131.02575125230229,138.32416613012109,139.2107879413817,1205.1291848069568,12.807882966584375,157.6801785507152,154.95989412010223,163.39544207592724,151.1758607921322,12.807882966584375,RMSE_Last_Known_TVT,Moderate
c6c96179_,2177,5813,1809,4004,0.6888009633579907,12023.0,16026.0,4003.0,10290.7,11117.92,827.2199999999993,11117.92,11114.04,11132.75,18.709999999999127,4.698346026195313,6.809999999999491,62.2618926042633,8.45735286856562,47.88213087368407,0.3821178821178821,10278.45,11366.45,1088.0,87.26591639871384,28.538068534801926,25.00402379445054,24024,1.0,1283.7775192712675,-7.408806193806252,-2.9183516484391125,6.220089845792074,3.5138336621231914,73.98122355346793,1283.7775192712675,7.901628371628416,4.2791100414710685,8.35673816776911,6.895969903319644,73.98122355346793,1446.4066987163671,8.772647918302802,5.782676249848557,10.531587671014345,8.047626102588538,82.3277286054411,5.782676249848557,RMSE_Linear_Extrapolation_10,Easy
c70c0e01_,1843,6057,1745,4312,0.7119035826316659,13479.0,17790.0,4311.0,11840.490000000002,12588.14,747.6499999999978,12587.86,12566.98,12593.9,26.920000000000073,7.116383648293141,-15.5,80.78120537620948,12.294882454198323,88.67538611076642,0.7003710575139147,11827.95,12748.95,921.0,83.92811177428106,25.09498403221401,3.146906398071579,25872,1.0,2636.393885333276,5.453281539889101,-5.655960882833775,11.972601671881286,6.8160445651848605,91.3270267900003,2636.393885333276,6.732135899814753,6.067849341051039,11.972601671881286,7.604933975986089,91.3270267900003,3029.9271867049797,8.964901066736223,8.669840058866171,15.383113571123163,10.181697435587644,104.2435382068281,8.669840058866171,RMSE_Linear_Extrapolation_10,Moderate
c84c65be_,9671,10243,1747,8496,0.8294444986820267,11377.0,19872.0,8495.0,9282.34,10060.61,778.2700000000004,10055.26,10039.02,10076.05,37.029999999998836,8.143305245831705,-4.450000000000728,87.2241280284189,10.477956957508507,228.717366839304,0.4393832391713748,9269.85,10236.85,967.0,83.90040119946231,30.365730525474667,3.3237268289565947,50976,1.0,1240.8302593331891,-5.341403013182592,-19.245584831734334,-32.51982104502339,-20.383031104361415,-197.60990854268252,1240.8302593331891,8.28192090395477,19.245589882239383,32.51982189314492,20.38303424765263,197.60990854268252,1385.7594648049026,9.738388019795911,21.26192745415264,35.69481821153598,22.452263295543748,220.02134757080955,9.738388019795911,RMSE_Last_Known_TVT,Moderate
c8d9680c_,1377,7741,1460,6281,0.8113938767601085,12207.0,18487.0,6280.0,10862.15,11387.570000000002,525.4200000000019,11364.54,11357.46,11421.05,63.590000000000146,17.32799460661978,32.969999999999345,90.86131957138,12.470360296264023,99.27144125135149,0.38560738735870087,10849.820000000002,11537.41,687.5899999999983,78.79975308641976,30.330201143290786,12.061566484960238,37686,1.0,1131.716007114799,-39.10369367934969,-56.61714822380869,-83.51213742371566,-67.25429343925626,-173.41510136335935,1131.716007114799,39.59137716923995,56.87282802774991,83.54980223713227,67.40464759540052,173.41510136335935,1263.6619467947341,42.77043899776709,62.16186062759603,92.63492189370469,74.15651841309105,191.33365313073682,42.77043899776709,RMSE_Last_Known_TVT,Difficult
c908edd0_,1427,6751,1458,5293,0.7840319952599615,12503.0,17795.0,5292.0,10837.06,11358.8,521.7399999999998,11348.79,11329.06,11360.84,31.780000000000655,8.432526673846585,-19.0,90.97310151475004,11.993127555316713,93.69356176057482,0.048365766106177974,10824.83,11537.41,712.5799999999999,80.97695164681149,31.960884168904165,9.996149867938556,31758,1.0,672.9572547490235,2.3940865293791576,-78.13888316752629,-84.87813087235915,-99.53797493510444,-77.81225029459625,672.9572547490235,6.825153976950657,78.13888316752629,84.87813087235915,99.53797493510444,77.81225029459625,759.7709658712512,8.765028360555872,87.50286365365264,95.263778256475,112.15587440175521,86.50247731026415,8.765028360555872,RMSE_Last_Known_TVT,Moderate
c9578d27_,1645,6202,1715,4487,0.7234762979683973,12430.0,16916.0,4486.0,10556.92,11221.94,665.0200000000004,11221.94,11210.81,11246.39,35.57999999999993,9.83613803116125,-8.220000000001164,79.95209996245536,10.308429265304822,72.0659912101632,0.5741029641185648,10544.45,11366.45,822.0,78.04483890577507,26.728120736930343,1.9072610566802979,26922,1.0,1369.1766497629178,-3.082398038778324,67.5016019614563,51.853522753274504,66.24076930809541,-113.0518301798456,1369.1766497629178,7.929003788722926,67.5016019614563,51.85807414088485,66.24076930809541,113.0518301798456,1553.2836640731211,10.306756368182521,78.35058636462506,60.45959588869692,76.90596994143034,127.73076059959733,10.306756368182521,RMSE_Last_Known_TVT,Moderate
c96c018a_,1608,7679,1443,6236,0.8120849068889179,12304.0,18539.0,6235.0,10746.65,11350.5,603.8500000000004,11350.13,11345.38,11369.58,24.200000000000728,6.683448755598102,6.680000000000291,97.18934176917409,14.992299266682233,103.67932012665058,0.07456703014753047,10734.36,11537.41,803.0499999999993,86.16685323383084,33.472332617043406,11.022488535343257,37416,1.0,1111.344676309108,-10.98714079538261,-40.66014079557564,-19.266089310203977,-33.33401978702441,111.66952312035335,1111.344676309108,11.637945798589492,40.676045279801826,19.566129264309307,33.36055921798588,111.66952312035335,1257.6014918153976,12.859960619036775,45.60197532894058,21.524404088138233,37.264895649565545,125.1376619608486,12.859960619036775,RMSE_Last_Known_TVT,Moderate
c99f9fae_,4580,8394,2033,6361,0.757803192756731,13056.0,19416.0,6360.0,11193.71,12192.5,998.7900000000009,12188.740000000002,12162.54,12189.61,27.06999999999971,4.001326310349433,-26.200000000000728,89.66680904632622,11.55753908232981,65.60562749438292,0.038201540638264427,11181.37,12325.65,1144.2799999999988,83.38874672489084,24.74656313040305,6.278062321435385,38166,1.0,1847.9354638681245,3.634340512499488,-6.776204943317702,-2.2439718787395173,-3.485295021728961,170.150231268471,1847.9354638681245,3.705080962114034,6.883326808021432,2.7756593142847543,3.8329406763615266,170.150231268471,2090.6675015485575,5.40523137400998,7.990815437900059,3.6406539312724258,4.654717596730225,190.42302648653785,3.6406539312724258,RMSE_Linear_Extrapolation_100,Easy
c9e6734f_,3051,6388,1653,4735,0.7412335629304947,12253.0,16987.0,4734.0,10582.71,11217.990000000002,635.2800000000025,11202.85,11184.42,11216.84,32.42000000000007,10.304301626977578,8.890000000001237,79.31445901119251,12.792485022908727,77.31461674542253,0.05237592397043295,10570.36,11331.96,761.5999999999985,77.49761717469683,27.678379767424794,1.8168418364956835,28410,1.0,-145.8620529758941,-0.3841288278772848,-47.74412882879541,-30.54916645165493,-39.04307912795096,42.019198651574996,145.8620529758941,9.574713833157336,48.711419219462634,32.460244887987606,40.44242013526677,42.019198651574996,146.70401908598595,10.310371611471203,60.184018763885526,40.67091497120988,50.2765875422303,43.65960133128722,10.310371611471203,RMSE_Last_Known_TVT,Moderate
c9e980e8_,2237,6262,1903,4359,0.6961034813158735,12649.0,17007.0,4358.0,10432.08,11398.9,966.8199999999997,11393.52,11378.29,11394.03,15.739999999999782,6.629882077075629,-13.610000000000582,98.96438004299769,9.201276502607497,93.14181057904723,0.14888735948612067,10419.95,11537.41,1117.4599999999991,96.25140813589628,33.23483200150595,2.712971907101405,26154,1.0,-276.4302064029795,7.138357421427225,-29.855581972165396,-51.60587300164325,-30.407889877427415,113.24277251539337,276.4302064029795,7.158591420050748,29.85579483722346,51.60587300164325,30.408034184014486,113.24277251539337,277.18377021488703,9.741734918381256,33.795087251503034,58.83208936110679,34.429473834674646,123.14411010599977,9.741734918381256,RMSE_Last_Known_TVT,Moderate
c9fedcf3_,1823,5210,1693,3517,0.6750479846449137,13075.0,16591.0,3516.0,11380.570000000002,12122.05,741.4799999999977,12122.05,12122.06,12137.43,15.3700000000008,3.119377219469935,8.860000000000582,83.25321770571743,8.039432168728146,60.26271112723048,0.06056297981234006,11368.45,12279.45,911.0,87.91411958310478,27.76726496832264,4.660901877387346,21102,1.0,537.9639931937726,-6.789607620131667,13.039119651351982,13.2508540660038,9.499619270542205,61.195145023935936,537.9639931937726,6.789607620131667,13.237743478541866,13.43862736070798,9.90827290248781,61.195145023935936,603.0503789573118,7.471714606706554,16.907315771204715,17.145568034321865,12.958881580266388,66.62278825373214,7.471714606706554,RMSE_Last_Known_TVT,Moderate
cad13e8f_,2577,6866,2018,4848,0.7060879697057967,13707.0,18554.0,4847.0,11700.96,12756.78,1055.8200000000015,12753.01,12728.46,12752.990000000002,24.530000000002474,4.505254933613276,-21.75,65.28124679743553,6.882242426572066,41.30854849084881,0.04785478547854786,11688.88,12976.83,1287.9500000000007,104.28450911913077,30.767084611618,39.003262321695246,29088,1.0,-586.1597925613097,16.415402227722833,-19.584749287387503,-20.451109773495894,-22.855094531142218,51.67522147581539,586.1597925613097,16.415402227722833,21.145596872150207,21.92499921912182,24.10314371099777,51.82602812971179,673.5537538215336,17.022296131058066,26.33714635416107,27.31202778718969,30.025908136770195,62.82424286405029,17.022296131058066,RMSE_Last_Known_TVT,Difficult
cb34231f_,2347,7510,1901,5609,0.7468708388814913,13704.0,19312.0,5608.0,11815.94,12763.84,947.8999999999996,12759.81,12747.61,12765.5,17.889999999999418,5.133175299342624,1.7200000000011642,87.20306157202126,16.410323570065266,81.96974849975422,0.10714922446068818,11803.88,12976.83,1172.9500000000007,103.84607584149978,31.990366407151555,16.643014269478527,33654,1.0,-1199.9426719278374,1.7377446960235836,11.42774469583933,-40.352740452528955,-11.58482673272981,63.86305289391261,1199.9426719278374,4.047928329470354,11.880139256534195,40.352740452528955,12.841384072264121,63.86305289391261,1442.3854124523386,5.418906491757253,13.12365817140221,48.10917768609125,15.546289175991147,77.491689536933,5.418906491757253,RMSE_Last_Known_TVT,Easy
cb879f40_,1567,7904,1589,6315,0.7989625506072875,12207.0,18521.0,6314.0,10250.77,10832.34,581.5699999999997,10828.04,10815.15,10843.27,28.1200000000008,8.787486540531756,-12.049999999999272,69.87301502381645,9.982017165001873,60.709084910526805,0.3805225653206651,10238.33,11021.27,782.9400000000005,84.09135928525846,35.943901885599956,14.218344261442013,37890,1.0,1000.8511109743445,0.4118543151234542,30.269308861341596,27.619166046293884,27.459195491668368,-182.21685644155323,1000.8511109743445,7.814425969912941,31.644030519671023,29.204920201281745,29.058005130710015,182.21685644155323,1112.833628198152,8.79643766880234,37.214908243234476,34.24557545932078,34.066851197782974,201.08098312425795,8.79643766880234,RMSE_Last_Known_TVT,Moderate
cbb406b5_,2026,8135,1807,6328,0.7778733866011063,12401.0,18728.0,6327.0,10537.64,11416.54,878.9000000000015,11397.06,11393.2,11424.15,30.94999999999891,7.457656052118779,1.7900000000008731,88.9610530742821,10.98126202482086,68.34897532752674,0.5109039190897599,10525.43,11537.41,1011.9799999999996,93.61323790720631,33.649304115192415,4.652184832924206,37968,1.0,2141.210391512173,-8.576294247788276,-10.30238515683166,-13.326367305066716,-18.43069160687991,-121.83951790736151,2141.210391512173,8.990633691530238,10.417678686316926,13.326367305066716,18.43069160687991,121.83951790736151,2411.880505427474,11.364887497962812,12.575929114677637,15.102940060947123,20.036890096229254,136.32272611574118,11.364887497962812,RMSE_Last_Known_TVT,Moderate
cbe51de1_,3019,5362,1399,3963,0.7390898918314062,12600.0,16562.0,3962.0,11584.12,12192.21,608.0899999999983,12191.6,12190.21,12220.3,30.090000000000146,9.472036267969278,4.779999999998836,78.93437351066446,13.312310929337306,93.0451023130731,0.0464294726217512,11571.58,12325.65,754.0699999999997,75.58527658164955,26.038698118055976,3.3490969290149053,23778,1.0,384.5485323905609,-11.660605601816593,36.38787924677685,35.7988095797209,40.44529403801582,105.20283834922265,384.5485323905609,11.748337118344525,36.38787924677685,35.7988095797209,40.44529403801582,105.20283834922265,441.84827523579463,15.022202061672788,44.13216217165441,43.465679009190225,48.73305309800023,115.98568182345106,15.022202061672788,RMSE_Last_Known_TVT,Difficult
cbe62450_,1599,7858,1600,6258,0.7963858488164928,12204.0,18461.0,6257.0,10234.65,10830.76,596.1100000000006,10816.19,10806.23,10846.740000000002,40.51000000000204,10.921899388262991,-9.960000000000946,69.09557755385335,10.617183941332335,58.126664775965736,0.38031319910514544,10222.33,11021.27,798.9400000000005,84.93669168230143,36.072767844654535,15.841114128448083,37548,1.0,1027.4067444750376,-15.064992010226536,-100.98399200797004,-135.40154382541547,-134.3872292250858,-173.40342782992695,1027.4067444750376,16.897577500798707,100.98399200797004,135.40154382541547,134.3872292250858,173.40342782992695,1134.6407613323906,18.607063412926227,112.87120561582326,152.4021015697627,151.23552207331554,189.5586076765321,18.607063412926227,RMSE_Last_Known_TVT,Difficult
cc08aa63_,1760,5018,1744,3274,0.652451175767238,12242.0,15515.0,3273.0,10484.26,11193.23,708.9699999999993,11193.23,11193.26,11214.86,21.600000000000364,6.5173860716053165,8.180000000000291,123.26955194611688,13.672271586139363,103.81493230528227,0.47251069028711057,10471.81,11350.94,879.130000000001,122.452125,34.39733480768244,0.8174269461168819,19644,1.0,-1395.239491634865,-11.236069028711611,35.40787036565342,32.69766784497434,34.667400359022615,-67.8460257950323,1395.239491634865,11.236069028711611,35.415900391013125,32.711742923587934,34.676965008144414,67.8460257950323,1541.1270221346367,12.988941242217614,42.687739942805074,39.59079984850368,41.84113004127005,75.77649852557545,12.988941242217614,RMSE_Last_Known_TVT,Moderate
cc8a1d57_,1673,8321,1683,6638,0.7977406561711333,13411.0,20048.0,6637.0,11379.22,12061.65,682.4300000000003,12054.77,12015.89,12054.76,38.8700000000008,11.727941442366228,-3.110000000000582,83.03163271688477,16.991105992367388,130.33178959296427,0.17414884001205183,11366.95,12202.95,836.0,88.5296413628213,34.43618976514619,5.4980086459365225,39828,1.0,587.496074541978,24.93542934618891,-11.47847974553311,-2.724879564641534,-3.0918304377590053,-139.32429010622374,587.496074541978,24.93542934618891,17.712645658531546,14.566828917203875,14.638512620385056,139.32429010622374,645.6306366251655,27.55539015081038,26.691827153146708,20.022560565924397,20.24500251516814,151.36923751960316,20.022560565924397,RMSE_Linear_Extrapolation_100,Difficult
ccedb12b_,2048,6427,2026,4401,0.6847673875836315,14044.0,18444.0,4400.0,11862.27,12670.12,807.8500000000004,12670.12,12652.76,12688.53,35.77000000000044,8.570462419221602,-16.920000000000073,92.5872396704913,12.606366878951462,66.19601335112088,0.45557827766416725,11849.95,12873.45,1023.5,94.151552734375,25.219260628048833,1.5643130638837022,26406,1.0,-185.23091111647886,-6.254280845261792,45.36917370080926,16.151278410639616,28.25359430471443,-97.08239022088934,185.23091111647886,9.48189275164688,46.0248925250265,19.276789021146946,29.659850140387395,97.08239022088934,185.60295831042328,10.609060511646556,58.05983173568822,25.573375488336627,38.7714905010439,104.95603018720286,10.609060511646556,RMSE_Last_Known_TVT,Moderate
cd7f1687_,1962,5981,1749,4232,0.7075739842835647,12704.0,16935.0,4231.0,10623.62,11451.7,828.0799999999999,11448.36,11432.69,11451.5,18.80999999999949,5.800021625960349,3.139999999999418,83.35004993232704,12.489569284175952,84.94522622791546,0.7001417769376181,10611.45,11591.95,980.5,85.05190112130478,30.05913740892946,1.7018511889777415,25392,1.0,812.9369237231502,8.84078449905526,1.5292390448221358,-5.189711810590037,3.0650008255900403,-118.27182396442018,812.9369237231502,8.970666351607163,5.1218764393672505,6.925928946266934,5.7897371803941535,118.27182396442018,886.5310802103355,10.573162838089827,6.652954771648113,10.38671565702279,6.8279309594917645,128.17585459514873,6.652954771648113,RMSE_Linear_Extrapolation_10,Moderate
cda7eb37_,1665,7620,1647,5973,0.7838582677165354,13328.0,19300.0,5972.0,11383.06,12064.37,681.3100000000013,12056.34,12049.01,12080.92,31.909999999999854,9.413364691509011,-4.710000000000946,87.80160091470994,16.462634843707157,84.36718081804025,0.17361459902896367,11370.95,12202.95,832.0,88.30327927927928,34.36308018418419,0.5016783645693437,35838,1.0,474.64617597070196,-3.5010966013728546,4.102176125140574,-1.1396369553765202,11.847708680768157,-79.47902866686142,474.64617597070196,7.236050560857184,6.895031003046384,6.826166261776012,11.854080510303302,79.47902866686142,621.2059921627,10.042623008757838,8.41273901988256,8.660762191007803,14.093647419466866,100.95469117981334,8.41273901988256,RMSE_Linear_Extrapolation_10,Moderate
cdc31d65_,2318,6608,1768,4840,0.7324455205811138,13052.0,17891.0,4839.0,11220.92,12090.43,869.5100000000002,12090.43,12080.45,12107.47,27.019999999998618,6.289128123639844,-9.979999999999563,45.4945573984427,10.461137519874946,66.39101985277104,0.4493801652892562,11208.45,12366.95,1158.5,93.41587144089732,25.614530671542425,47.92131404245462,29040,1.0,306.60660279052473,-4.054816115702333,4.306911157826799,-0.4444729714129957,0.06904174747463883,77.00548939551099,315.55775554972786,5.325014462809823,9.092697483646166,5.906119733752673,6.22578057357293,77.00548939551099,393.12739819297,7.482412321764383,10.559758175836514,7.555754190550252,7.750455007173078,85.69637454919929,7.482412321764383,RMSE_Last_Known_TVT,Moderate
cdc60a53_,1921,7631,1753,5878,0.7702791246232473,12268.0,18145.0,5877.0,10418.97,11208.47,789.5,11207.88,11188.23,11218.92,30.69000000000051,8.284912401458778,10.970000000001164,83.77796208094443,13.682416726009292,112.28595189499443,0.5529091527730521,10406.45,11366.45,960.0,83.76990109318062,28.490787740670886,0.008060987763812477,35268,1.0,1370.655987520531,0.7256243620269515,-24.393739274470438,-13.668841674575644,-19.965914893687213,-125.7697607419896,1370.655987520531,6.658050357264312,27.314945250517564,17.63989104630391,23.280389641733933,125.7697607419896,1565.1171744890723,8.315926094659538,32.48936676540801,20.70229351581994,27.559689908290473,142.46159256007167,8.315926094659538,RMSE_Last_Known_TVT,Moderate
ce55ba43_,1288,5658,1554,4104,0.7253446447507953,12703.0,16806.0,4103.0,10963.73,11445.29,481.5600000000013,11432.77,11432.65,11458.36,25.710000000000946,7.280399065882561,14.199999999998909,85.82974544161328,14.707137741474462,97.25936018573645,0.6410818713450293,10951.37,11594.55,643.1799999999985,68.93353260869566,26.861137177408967,16.896212832917627,24624,1.0,600.5427866002328,-12.313650097465601,-15.299104642527421,-62.79000113257437,-20.95336918514489,-89.27492283642337,600.5427866002328,12.318698830409096,15.299280258334887,62.79000113257437,20.95336918514489,89.27492283642337,671.1662222377907,14.30444944852245,17.32610542986119,70.82659141573508,23.373857712408146,98.31622452351978,14.30444944852245,RMSE_Last_Known_TVT,Difficult
ce8399b7_,4435,3548,1933,1615,0.4551860202931229,11965.0,13579.0,1614.0,10237.27,11204.39,967.119999999999,11184.3,11179.04,11187.15,8.109999999998763,2.0350796457125715,-5.019999999998618,103.90412385247316,19.335933438694706,112.97529185737498,0.03715170278637771,10224.73,11331.96,1107.2299999999996,94.24725140924464,34.896256723782464,9.656872443228522,9690,1.0,-986.514762329883,2.6785386996895344,21.972599305342676,11.256284154232057,24.677090440418365,62.05220796905169,986.514762329883,3.0192941176464605,22.045053006443,11.41348764067373,24.733261083734426,62.05220796905169,1035.6658449403876,3.363562739626084,24.915987865682894,12.639507251108986,28.02752917709995,66.15308773658272,3.363562739626084,RMSE_Last_Known_TVT,Easy
cf50c9d1_,3786,6634,1776,4858,0.7322882122399759,12193.0,17050.0,4857.0,10399.19,11227.05,827.8599999999988,11223.79,11179.35,11223.77,44.42000000000007,10.299197582285649,-44.400000000001455,85.07663000018711,17.883766567354368,112.60286141543823,0.161177439275422,10386.77,11331.96,945.1899999999987,87.76416534601162,33.67412464800107,2.6875353458245144,29148,1.0,956.7907250632456,29.84123713462404,-3.582793168417729,21.648872748194087,18.500459463577908,-132.63488552040897,956.7907250632456,29.84123713462404,11.496154546707567,21.648872748194087,18.500459463577908,132.63488552040897,1049.9899494061879,31.56819712560828,13.26644376448675,22.80020536291973,19.60230021137923,143.8296441718561,13.26644376448675,RMSE_Linear_Extrapolation_10,Moderate
d00e7eb9_,806,7321,1617,5704,0.7791285343532305,11740.0,17443.0,5703.0,10170.78,10932.16,761.3799999999992,10932.16,10917.820000000002,10934.4,16.57999999999811,4.314285642660768,-7.850000000000364,95.71653828747057,11.9965317949353,76.18170974457452,0.48685133239831696,10158.45,10963.45,805.0,98.89811414392062,22.722861127190576,3.1815758564500527,34224,1.0,2042.824071094796,6.62653050490855,47.77168202115084,33.17266746863164,30.251942269566946,96.465675737001,2042.824071094796,6.934893057503283,47.78383457756959,33.203051815902235,30.287451493228467,96.465675737001,2314.372876426016,7.907003476643952,53.85755156899174,37.107124191645056,33.76868542256597,108.99105713580566,7.907003476643952,RMSE_Last_Known_TVT,Moderate
d011f41b_,1503,3906,1639,2267,0.5803891449052739,12133.0,14399.0,2266.0,10572.9,11169.75,596.8500000000004,11169.75,11149.070000000002,11170.97,21.899999999997817,7.046936626324035,-5.929999999998472,108.41291272523904,12.709134337493936,101.39289672084277,0.044993383325981476,10560.53,11311.5,750.9699999999993,103.94197604790418,43.6846038721516,4.470936677334862,13602,1.0,540.4003421119203,8.266951918835314,57.88804282782473,53.23765614924717,59.44751662477216,48.66955655638969,540.4003421119203,8.476691662990627,57.8880700965419,53.23820198368064,59.44752497846212,48.66955655638969,598.1258666146905,10.86185548345431,66.67843862177352,61.33204398542405,68.47211320223127,53.24451836684142,10.86185548345431,RMSE_Last_Known_TVT,Moderate
d07aed8f_,2175,4709,1752,2957,0.6279464854533872,13531.0,16487.0,2956.0,11578.27,12375.28,797.0100000000002,12375.28,12375.29,12384.86,9.569999999999709,2.5724374977710927,3.7999999999992724,40.129579568272874,5.26672182318801,42.603793157159046,0.33040243490023674,11566.1,12652.570000000002,1086.4700000000012,93.6111172413793,29.538227883962275,53.48153767310643,17742,1.0,352.2542849365882,-4.750879269529466,10.039120730993435,7.10375169354202,7.534941138660719,23.507775152317762,352.2542849365882,4.750879269529466,10.21242475532624,7.390071457749414,7.793109019948117,23.507775152317762,386.4363164254477,5.402411556483793,13.291535965464982,10.050159455311789,10.520464247423797,24.917322354316667,5.402411556483793,RMSE_Last_Known_TVT,Easy
d085e611_,1628,7852,1661,6191,0.7884615384615384,11990.0,18180.0,6190.0,10220.12,10922.04,701.9200000000001,10911.490000000002,10899.08,10935.52,36.44000000000051,9.962227645058757,-12.0,87.35797793091832,11.463802706817221,93.79116388711026,0.4811823614924891,10207.83,11021.27,813.4400000000005,85.67194103194102,36.167497029014676,1.6860368989773065,37146,1.0,1270.8354386985234,-1.5657761266339751,-148.8603215816438,-186.9276526342748,-160.6786193438997,135.53657239629953,1270.8354386985234,7.9809142303346645,148.90426268872451,186.941520915763,160.71091450821976,135.53657239629953,1445.7292997787188,10.083729659420946,173.24595132297011,217.1460277271472,186.8723267254162,151.69598537997337,10.083729659420946,RMSE_Last_Known_TVT,Moderate
d0a0e7b5_,1318,5423,1607,3816,0.7036695555965333,12253.0,16068.0,3815.0,10374.96,10910.39,535.4300000000003,10903.08,10902.62,10920.61,17.98999999999978,5.229227721999929,15.920000000000073,81.91654458845905,10.470099004431622,69.66151853316458,0.1391509433962264,10362.820000000002,11021.27,658.4499999999989,73.52662367223066,27.71121019999255,8.389920916228391,22896,1.0,514.484406441302,-10.440901467505448,24.953098532242137,11.798591931810325,26.928124222814592,-79.79498574036074,514.484406441302,10.458778825996006,24.953104059209927,12.729469493626128,26.928125542587786,79.79498574036074,574.1104079213626,11.676903707262621,30.361841223161438,15.48842531910743,32.62002770276087,87.88102561926019,11.676903707262621,RMSE_Last_Known_TVT,Moderate
d0a43760_,2881,5502,1461,4041,0.7344601962922573,12098.0,16138.0,4040.0,10625.23,11187.81,562.5799999999999,11180.53,11177.43,11188.320000000002,10.890000000001237,3.6774412783283763,0.42999999999847205,90.9528733073196,16.983796903769218,84.46722178269619,0.012620638455827766,10612.820000000002,11331.96,719.1399999999976,75.56733425893786,27.275694847595265,15.385539048381744,24246,1.0,-288.77364578530626,-2.1299703043796456,-30.0565157582554,-42.105022869630545,-28.785820004287164,34.48345415459492,288.77364578530626,3.7470650829001197,30.056567680597126,42.105022869630545,28.787106267864587,34.48345415459492,291.73253527953227,4.249353040412356,35.399959836279145,49.27606133877023,33.93820916681569,35.370419115338294,4.249353040412356,RMSE_Last_Known_TVT,Easy
d0cb63ae_,1769,6859,1636,5223,0.7614812654905962,11739.0,16961.0,5222.0,10250.89,11044.69,793.8000000000011,11044.69,11007.81,11050.01,42.20000000000073,12.153471172906348,0.0,113.2951750981381,18.849726908242417,125.22632901865046,0.36358414704192993,10238.45,11122.45,884.0,126.07811192764274,50.04855346008255,12.782936829504635,31338,1.0,1582.2397177149107,15.8057265939119,83.87602962441463,113.38731939317303,104.6011839768702,-204.66442080042518,1582.2397177149107,16.377064905227126,83.87602962441463,113.38731939317303,104.6011839768702,204.66442080042518,1799.2448695930177,19.937391369771746,94.47388651248679,128.3034936933271,118.21696473311779,229.79213007323864,19.937391369771746,RMSE_Last_Known_TVT,Difficult
d114d9c2_,1287,7543,1337,6206,0.8227495691369482,11933.0,18138.0,6205.0,10480.17,10965.9,485.72999999999956,10965.77,10949.86,10973.67,23.80999999999949,5.7941942932707775,-7.5,109.1235194734776,19.962449669839096,105.5547372724331,0.4666451820818563,10467.63,11110.62,642.9900000000016,99.90944055944057,30.480841301832506,9.214078914037032,37236,1.0,504.19541680995997,5.069523042217522,5.069523042860099,2.6509719171450583,-3.5815297788590095,-86.86726974032162,504.19541680995997,6.224972607154548,6.224972607735133,4.209595944457749,3.782867557165653,86.86726974032162,551.3138363986616,7.69852853923108,7.6985285398895265,5.376583979793911,4.749371893192921,94.51479468632137,4.749371893192921,RMSE_Linear_Extrapolation_50,Easy
d1457cc5_,2195,8443,1523,6920,0.819613881321805,11291.0,18210.0,6919.0,9760.68,10708.9,948.2199999999993,10704.67,10691.03,10717.3,26.269999999998618,8.055744587292873,5.200000000000728,83.64759691657726,13.619269899219747,115.14016429994251,0.2878612716763006,9748.45,10845.45,1097.0,87.93548519362187,28.94080463160667,4.287888277044615,41520,1.0,1840.879922333006,-0.9896820809249115,-58.24522753769143,20.007132680523377,-38.31323094051964,-92.61841417162684,1841.092602257673,7.086760115606949,58.24950972371291,20.007132680523377,38.574977034377845,92.61841417162684,2109.0636975608195,8.115732473647405,68.85152375984126,23.283935350926686,46.057923936176394,103.32916916844913,8.115732473647405,RMSE_Last_Known_TVT,Moderate
d1ecf309_,2018,7864,1696,6168,0.7843336724313327,12126.0,18293.0,6167.0,10126.34,11042.52,916.1800000000003,11040.04,11032.43,11058.88,26.44999999999891,8.302141522415004,15.369999999998981,113.49800555904238,19.430663341601083,119.56579594798646,0.5358300907911803,10113.95,11122.45,1008.5,132.1501139742319,49.848143090744436,18.65210841518953,37008,1.0,1596.59826642723,-4.3632376783390905,-56.70626798239112,-54.664926817286585,-54.99347225212054,-119.98813931146587,1596.59826642723,8.209158560311055,56.82871423478824,54.80858178597386,55.13362942658628,119.98813931146587,1789.648523213155,9.37828460834895,68.19003351702004,65.84124269351807,66.2192312887769,133.89626942264024,9.37828460834895,RMSE_Last_Known_TVT,Moderate
d1ee630d_,1652,7879,1589,6290,0.7983246604899099,12227.0,18516.0,6289.0,10724.85,11345.820000000002,620.9700000000012,11345.820000000002,11345.86,11365.06,19.19999999999891,4.73823832906845,9.0,96.33494355059112,11.529116611312052,84.33945334568065,0.4271860095389507,10712.36,11537.41,825.0499999999993,87.2004176755448,33.61405776387315,9.134525875046322,37740,1.0,889.0939177445567,-11.263910969791944,100.06772539349245,114.09610802208792,113.54107054279959,148.23243569300377,889.0939177445567,11.263910969791944,100.06772685805863,114.09610806858542,113.54107064540342,148.23243569300377,1030.8428179055527,12.219780010195931,119.38601982311353,135.55358613535287,134.91377273228562,169.16179228372718,12.219780010195931,RMSE_Last_Known_TVT,Moderate
d217e0c5_,1985,5713,1875,3838,0.6718011552599334,12779.0,16616.0,3837.0,10615.3,11442.47,827.1700000000001,11432.02,11424.240000000002,11442.16,17.919999999998254,4.567581798520182,9.909999999999854,88.00429598951996,13.28334408278698,97.83189648246258,0.1321000521104742,10602.92,11594.55,991.6299999999992,86.5215717884131,32.75701270412791,1.482724201106862,23028,1.0,-780.2163954535426,2.494090672225398,2.49409067275264,7.667583741530061,5.025157659115109,82.73952996249298,780.2163954535426,4.37603960396054,4.376039604122235,7.669025589852471,5.605803227148991,82.73952996249298,823.9138207142624,5.20363871867946,5.203638718838923,8.89068156181238,6.601921631450284,90.3999816590765,5.20363871867946,RMSE_Last_Known_TVT,Easy
d24ff243_,1556,7116,1475,5641,0.7927206295671726,12124.0,17764.0,5640.0,10601.13,11210.09,608.960000000001,11207.43,11200.47,11216.5,16.030000000000655,3.5694196834584084,1.0,90.72557825738221,12.97141793980588,77.42418235272582,0.2636057436624712,10588.95,11366.45,777.5,75.67914524421595,25.510951549864494,15.046433013166265,33846,1.0,-222.3439777050425,-0.332738876085661,-117.27601160415719,-70.95405744794475,-84.58209013666728,56.54367373704807,222.3439777050425,2.4192873603971017,117.27603448855874,70.9627758496555,84.58674251280296,56.54367373704807,224.83346396071943,3.584579952704873,134.53256309580453,81.07774041330303,96.80074872727633,65.1349402533929,3.584579952704873,RMSE_Last_Known_TVT,Easy
d273674e_,5106,5738,1839,3899,0.679505054025793,13094.0,16992.0,3898.0,10893.09,11955.27,1062.1800000000003,11954.09,11947.08,11965.76,18.68000000000029,3.289619631168053,11.670000000000073,66.24584782760702,8.240913775055915,49.00593604236807,0.20671967171069505,10880.7,12156.95,1276.25,87.82019193106149,27.207591798637285,21.574344103454465,23394,1.0,167.00013009603873,0.8623621441395338,-10.246728764658275,-14.993893481389996,-13.178574230379914,-61.24225110024843,186.54802856789706,2.763731726083617,10.246733303506621,14.993894439885434,13.17857566639931,61.24225110024843,237.19659400410774,3.400366201632784,12.283723399650937,17.628888962770716,15.573730619540632,69.06131832555499,3.400366201632784,RMSE_Last_Known_TVT,Easy
d2f3b1ab_,1497,7018,1437,5581,0.7952408093473924,12179.0,17759.0,5580.0,10630.570000000002,11157.1,526.5299999999988,11157.1,11141.2,11189.02,47.81999999999971,14.474225727437865,-15.630000000001019,82.79340818187264,11.696816608635215,86.93966335356411,0.23884608493101595,10618.45,11366.45,748.0,73.77383433533734,24.076775399340562,9.019573846535295,33486,1.0,1304.125747267559,-9.58250134384496,37.77992289809755,49.13903330959216,40.60591066096479,83.23958929353323,1304.125747267559,15.396685181866928,38.29921161038216,49.13903330959216,40.89593356554972,83.23958929353323,1545.5356632932835,17.357707330254247,53.43823867728035,66.01175889444798,56.54333742116104,98.35466340074458,17.357707330254247,RMSE_Last_Known_TVT,Difficult
d3df146b_,2962,7252,1465,5787,0.7979867622724766,13001.0,18787.0,5786.0,11598.14,12209.54,611.4000000000015,12209.54,12207.53,12235.18,27.649999999999636,6.331086965294237,25.639999999999418,89.86574099580494,10.834973768575693,73.28225427870312,0.29428028339381374,11585.820000000002,12325.65,739.8299999999981,75.09811276164753,26.031526443529742,14.767628234157414,34722,1.0,570.0532869567608,-9.838638327284553,14.891907126712097,9.927911327733499,4.109538383388263,82.70652590036894,570.0532869567608,10.130952134093091,15.563939613413071,11.791720540676637,7.832713383863777,82.70652590036894,636.6447985107131,11.69933929625434,19.871050952388167,14.569092602045844,9.048238423524234,90.93775019987352,9.048238423524234,RMSE_Linear_Extrapolation_50,Moderate
d40f61d5_,1914,5880,1841,4039,0.6869047619047619,12202.0,16240.0,4038.0,10422.13,11205.09,782.960000000001,11201.06,11191.820000000002,11209.09,17.269999999998618,4.417703323353474,1.3999999999996362,80.68847216643857,14.902580593757486,94.88356709657465,0.15424610051993068,10409.95,11366.45,956.5,83.67708463949843,28.500655770853445,2.9886124730598596,24234,1.0,1265.6007144349985,1.1039489972759047,-62.06696009321953,-17.26320251786256,-50.241395540483076,76.64878403970413,1265.6007144349985,3.5443996038623786,62.06696009321953,18.402344340834805,50.300428122389825,76.64878403970413,1386.788979387901,4.553018133859985,73.48928147596125,22.087989752958485,59.86708624713839,83.13066383280956,4.553018133859985,RMSE_Last_Known_TVT,Easy
d41beaf2_,3712,6592,1839,4753,0.7210254854368932,12276.0,17028.0,4752.0,10417.62,11226.02,808.3999999999996,11225.78,11196.54,11229.27,32.72999999999956,8.57210639801864,-15.570000000001528,74.76844026830629,10.14256727329561,96.99742386178443,0.2852934988428361,10405.25,11331.96,926.7099999999991,86.81460129310346,33.31873791755522,12.046161024797172,28518,1.0,914.5841293497961,13.906225541763607,4.3982255423474985,12.911636822882956,1.8882505116843584,-132.5427442498487,914.5841293497961,14.412777193351955,6.572522196485361,13.462724841257968,7.199612894082441,132.5427442498487,1006.7627175170043,16.335502961206803,9.04589122267015,15.368991457333076,8.555753924489503,144.20217619594362,8.555753924489503,RMSE_Linear_Extrapolation_50,Moderate
d463e527_,5023,6991,2224,4767,0.6818766986125018,13750.0,18516.0,4766.0,11083.05,12217.79,1134.7400000000016,12211.240000000002,12198.42,12230.01,31.590000000000146,8.02514199011735,-2.1200000000008004,84.92623240821885,15.913997106625377,104.0418282409322,0.05747849800713237,11070.64,12325.65,1255.0100000000002,83.65842723472028,23.694849164671005,1.267805173498573,28602,1.0,282.88162774669536,-3.068963708830092,-3.068963708634218,-1.0647728897265671,-8.902751944069283,-95.60277886468229,332.3619401316637,6.9456702328507784,6.9456702327560516,6.088377751926892,10.370894907352273,95.60277886468229,408.7821938599079,8.591154291112087,8.591154290962187,7.267007147423598,13.99609913150422,108.6704383990369,7.267007147423598,RMSE_Linear_Extrapolation_100,Moderate
d4f60a28_,2696,6435,1934,4501,0.6994560994560994,13478.0,17978.0,4500.0,11539.83,12549.63,1009.7999999999993,12546.48,12533.19,12551.97,18.779999999998836,5.422924990610726,-1.0499999999992724,42.74049808538765,8.761734386621878,48.371472332687986,0.37325038880248834,11527.38,12874.68,1347.300000000001,96.24469955489614,27.462099333415537,53.504201469508494,27006,1.0,-1467.406377712181,2.971441901799024,22.070835840446293,-0.8676173241325609,6.24120180567635,101.97698680563089,1467.406377712181,4.873157076205165,22.123153776531034,5.940538795203482,6.399118661828771,101.97698680563089,1612.1982228126476,6.183126130423007,24.27038145071902,6.702005986662469,7.970282211142733,113.00361200835746,6.183126130423007,RMSE_Last_Known_TVT,Easy
d50c649a_,1518,6548,1675,4873,0.7441967012828344,13050.0,17922.0,4872.0,11305.86,11924.73,618.869999999999,11914.25,11910.64,11929.14,18.5,4.554050965220754,3.219999999999345,105.57511861207873,14.47138277137092,93.83175456175493,0.33182844243792325,11293.4,12051.84,758.4400000000005,89.90815546772069,32.51631755504226,15.666963144358036,29238,1.0,-1435.7322183943206,-5.0770818797456805,54.00170599880064,59.09637404588331,58.61609266991985,-130.9556624320298,1435.7322183943206,5.401592448183989,54.447304192938034,59.41533265793495,58.94620685423871,130.9556624320298,1586.1075906074575,6.81996221614117,65.0604977442582,70.92078675750085,70.36817089915341,146.68240683437023,6.81996221614117,RMSE_Last_Known_TVT,Moderate
d543916f_,1426,6281,1482,4799,0.7640503104601178,11885.0,16683.0,4798.0,10321.18,10879.21,558.0299999999988,10875.77,10870.83,10898.54,27.710000000000946,7.860273983386544,6.789999999999054,95.59159953462007,12.115530039543488,105.58297653226435,0.5219837466138779,10308.83,11021.27,712.4400000000005,78.72715287517532,33.11090905236757,16.864446659444752,28794,1.0,880.2614710330365,-6.501806626380203,7.316375191936891,-42.285352981083285,-12.037076734440836,87.87700731776214,880.2614710330365,7.706882683892296,7.74286290713022,42.285352981083285,12.613701471035265,87.87700731776214,978.5357966197987,10.200221672654065,9.983290966690307,49.816704202250946,15.767656523151167,96.53666095696272,9.983290966690307,RMSE_Linear_Extrapolation_10,Moderate
d5df0ff5_,1129,5490,1458,4032,0.7344262295081967,13135.0,17166.0,4031.0,11630.3,12063.98,433.6800000000003,12058.95,12034.16,12058.94,24.780000000000655,5.632459002626219,-22.829999999999927,75.88939625632648,6.703967470668313,51.30086053813145,0.03521825396825397,11617.95,12181.95,564.0,66.42962798937111,19.34820719065958,9.459768266955365,24192,1.0,514.3515379345814,15.35087797619106,3.2518779771511097,6.756340802475526,4.872824434765939,-110.33445869324835,514.3515379345814,15.35087797619106,5.831194444480462,7.098203345871812,6.178679288617489,110.33445869324835,568.2941038114392,16.351335751344372,7.786799920182501,8.964370548417362,8.104804785586689,120.54780260487,7.786799920182501,RMSE_Linear_Extrapolation_10,Moderate
d60430e6_,735,4176,1665,2511,0.6012931034482759,12198.0,14708.0,2510.0,10516.27,11216.25,699.9799999999996,11204.22,11189.5,11208.89,19.389999999999418,5.364507159715958,0.7900000000008731,87.92176183002796,14.340064289473046,74.16245792014391,0.4054161688570291,10504.45,11238.45,734.0,117.367306122449,83.17083123760959,29.445544292421033,15066,1.0,482.9402934291086,5.730884109915544,-13.984509829308337,-9.029697228195035,-10.274747582825093,-78.93849644420771,482.9402934291086,6.7437076861802785,15.858570676774534,12.306438770456126,13.176232397520103,78.93849644420771,515.3059068858009,7.849172504180856,20.935883597524423,15.688994709626616,16.978667854858973,83.06634950170282,7.849172504180856,RMSE_Last_Known_TVT,Moderate
d63196fe_,1520,5881,1371,4510,0.7668763815677606,13089.0,17598.0,4509.0,11455.92,12062.3,606.3799999999992,12057.08,12025.54,12058.13,32.58999999999833,8.106385553154201,-31.539999999999054,89.48044445213965,12.433271824823617,98.31468450957547,0.18070953436807094,11443.45,12202.95,759.5,82.79929605263159,30.41518824646102,6.681148399508061,27060,1.0,361.66688360719525,17.763197339245878,12.705409459683667,-8.278116762091424,2.7897099441841053,-92.40487415006244,361.66688360719525,17.81469179600865,12.852248914112156,9.875483810995684,4.31912055374577,92.40487415006244,400.5560985506927,19.525114489586926,14.017843613661096,12.59379583170466,5.681673550601723,101.12408067643835,5.681673550601723,RMSE_Linear_Extrapolation_50,Easy
d6c320d9_,1506,6946,1494,5452,0.7849121796717535,12275.0,17726.0,5451.0,10626.13,11169.79,543.6600000000017,11167.64,11165.42,11185.34,19.920000000000073,5.085483684688186,17.700000000000728,80.94857377759244,10.291292062876993,61.846340932954455,0.036867204695524576,10613.95,11366.45,752.5,74.09920982735724,24.369945069644114,6.849363950235201,32712,1.0,834.7287342414827,-9.985821716801913,-9.985821716057062,-7.006386283234981,-6.0397612126170435,75.8724982964365,834.7287342414827,10.143954512106296,10.14395451136743,7.188444953188648,6.229582208953722,75.8724982964365,997.5149376989148,11.20598215508914,11.205982154283948,8.076168325104197,7.122534878769611,89.04389420287113,7.122534878769611,RMSE_Linear_Extrapolation_50,Moderate
d6dd7330_,3158,7660,1467,6193,0.8084856396866841,13125.0,19317.0,6192.0,11380.05,11955.12,575.0700000000015,11943.55,11932.88,11969.83,36.95000000000073,8.740206802157184,-3.7299999999977445,62.866419252170175,7.344745336191138,42.44769000847558,0.06830292265461005,11367.7,12156.95,789.25,78.89311272957569,30.398094705174223,16.026693477405516,37158,1.0,1120.2330938225361,-7.962443080898652,-43.437170353598766,-37.9259413107585,-41.386248603338785,-104.52492991450818,1120.2330938225361,9.855896980462367,43.437170353598766,37.9259413107585,41.386248603338785,104.52492991450818,1264.8485540429945,11.822832979899944,49.68396438930646,43.434454877930555,47.35475374805496,117.86683353986542,11.822832979899944,RMSE_Last_Known_TVT,Moderate
d7ba4f9d_,1641,7771,1748,6023,0.7750611246943765,13708.0,19730.0,6022.0,11941.06,12607.65,666.5900000000001,12606.42,12597.29,12612.52,15.229999999999563,3.4636122348785587,-9.1299999999992,63.79932382512056,8.786860432649862,71.42037825558776,0.3270795284741823,11928.95,12748.95,820.0,81.49076173065204,25.45110627893907,17.69143790553148,36138,1.0,1568.0220519751256,3.741145608500678,-18.894490753329837,6.5234275166751825,-3.732085604032559,155.44215484060092,1568.0220519751256,4.658827826664405,19.116859893891025,6.9170395615944305,5.434826622517281,155.44215484060092,1750.873075665065,5.098116159708834,22.839610767986265,7.704016297621901,6.209933938696275,172.89882384051865,5.098116159708834,RMSE_Last_Known_TVT,Easy
d7eb0be8_,2094,7208,1807,5401,0.7493063263041065,13860.0,19260.0,5400.0,11953.16,12730.83,777.6700000000001,12730.83,12727.41,12783.73,56.31999999999971,17.68223404073408,-3.4200000000000728,88.88449622480039,16.356895512542245,80.59977776149086,0.04813923347528235,11940.95,12987.45,1046.5,90.99421203438396,28.813960006920087,2.1097158095835766,27005,0.8333333333333334,888.980326166123,-27.657728198481976,22.924635437878745,32.75941971628471,16.014815378877095,-74.51975787944237,888.980326166123,27.794662099611376,31.9543916109796,37.63910404428975,28.666451264230425,74.51975787944237,940.726882999847,32.82610912419109,44.940651083903475,54.72674696222625,38.58293766321593,77.75784460637219,32.82610912419109,RMSE_Last_Known_TVT,Difficult
d84b621b_,1892,5746,1752,3994,0.6950922380786634,12316.0,16309.0,3993.0,10433.4,11230.64,797.2399999999998,11205.51,11178.4,11205.47,27.06999999999971,5.1152927212699595,-15.030000000000655,80.11342050050258,13.065967472302221,108.62688770346222,0.32073109664496746,10420.95,11366.45,945.5,83.32412790697674,28.47075449627241,3.2107074064741568,23964,1.0,659.5987704872839,21.212473710565916,-53.23979901667824,-41.299028089606516,-41.81548547315135,-101.2394152485103,659.5987704872839,21.212473710565916,53.76266240266778,42.562603237387286,43.041707150201646,101.2394152485103,710.5464656570844,21.82037371732548,68.23616207198604,54.686825625886236,55.270422428266016,108.20414522652946,21.82037371732548,RMSE_Last_Known_TVT,Difficult
d90aa14c_,864,12141,2123,10018,0.8251379622765834,12122.0,22139.0,10017.0,10112.570000000002,10937.12,824.5499999999993,10916.87,10892.02,10940.84,48.81999999999971,9.89355815340672,-24.850000000000364,85.92443049578661,11.585876592302855,86.05828414875614,0.3864044719504891,10100.45,10963.45,863.0,101.43226851851853,23.90727790674699,15.507838022731917,60108,1.0,2049.8977708206817,-6.781723896984772,-190.76699662389885,-187.91219785445057,-193.5633068502406,-175.49444886801382,2049.8977708206817,9.68520562986587,190.76699727726825,187.91221639629276,193.5633073921703,175.49444886801382,2356.814717805696,11.994352891576654,218.9184007143978,215.62571271551374,222.1437342435777,199.61086154131846,11.994352891576654,RMSE_Last_Known_TVT,Moderate
d924e971_,4518,5308,2124,3184,0.5998492840994725,13108.0,16291.0,3183.0,11040.19,12029.45,989.2600000000002,12029.45,12029.51,12098.320000000002,68.81000000000131,20.189955967223685,68.8700000000008,88.83308355184401,20.09838688788161,173.69520467538914,0.06469849246231156,11027.7,12156.95,1129.25,86.67088313413015,28.45860803912462,2.162200417713862,19104,1.0,-1237.55635461313,-25.814437814069763,71.27980461081418,89.72365894557115,82.67209159770196,-111.32590018657554,1237.55635461313,25.814437814069763,71.27980461081418,89.72365894557115,82.67209159770196,111.32590018657554,1338.2934592737606,32.7702837302337,80.36438012687182,101.59781635884404,93.47638721846657,123.97446623304313,32.7702837302337,RMSE_Last_Known_TVT,Difficult
d9ae59b2_,1506,5150,1502,3648,0.7083495145631068,12402.0,16049.0,3647.0,10382.31,11043.23,660.9200000000001,11039.17,11026.26,11039.68,13.420000000000073,3.067384131010726,-3.710000000000946,118.73097863289415,15.946746613345251,122.80793476222401,0.43146929824561403,10369.95,11122.45,752.5,115.95045816733068,47.384411408263276,2.7805204655634697,21888,1.0,-326.55821007683323,4.008336074561351,19.599517893113507,18.655354196332482,19.30872887180266,115.8083165749971,326.55821007683323,4.056735197368378,19.59952536919006,18.65538378698892,19.308739507109415,115.8083165749971,336.8681711851404,5.0470807715641435,22.611104658561757,21.526901286410812,22.27712353486529,125.88633298104914,5.0470807715641435,RMSE_Last_Known_TVT,Easy
d9d6d94d_,1686,6660,1741,4919,0.7385885885885886,13773.0,18691.0,4918.0,12043.47,12635.8,592.3299999999999,12625.34,12608.83,12641.33,32.5,9.386628644073765,-2.349999999998545,62.23007280212109,12.310681224471999,187.99646096973277,0.16243138849359626,12030.95,12873.45,842.5,90.54626927639384,25.907619275389724,28.31619647427275,29514,1.0,-327.31403166652774,0.0320349664565939,-64.5243286702253,-71.1997634133348,-66.85043322078602,-83.80602744041555,327.31403166652774,8.280719658467179,64.53140670406981,71.1997634133348,66.85304247422113,83.80602744041555,350.44007184014436,9.3857291463184,73.13084052377175,80.78348581652607,75.79619396385633,91.56801996777864,9.3857291463184,RMSE_Last_Known_TVT,Moderate
d9eca87b_,1738,7932,1559,6373,0.8034543620776601,11804.0,18176.0,6372.0,10254.4,10985.69,731.2900000000009,10984.61,10901.58,10984.59,83.01000000000022,16.26178013288212,-83.03000000000065,111.39006724890655,17.445996351819346,116.35724489980163,0.5873215126314137,10242.13,11110.62,868.4900000000016,107.5162830840046,29.969223370761338,3.8737841649019487,38238,1.0,1104.5206104818978,20.852935823003726,-21.44724599362588,-10.8805194425402,-16.489674981056968,-99.33806428226374,1104.5206104818978,20.852935823003726,21.88367245187358,12.399925496005816,17.188550149413405,99.33806428226374,1182.8452272715801,26.443315428754445,25.91999398034903,15.219553934442473,20.69393302918131,105.86616013502113,15.219553934442473,RMSE_Linear_Extrapolation_100,Difficult
da2d4d7c_,1130,3567,1453,2114,0.5926548920661621,13007.0,15120.0,2113.0,11814.72,12255.68,440.96000000000095,12250.56,12246.78,12258.75,11.969999999999345,3.3205491338685245,1.0799999999999272,87.7459621883196,14.326267785421903,98.3652828420424,0.32024597918637654,11802.45,12366.95,564.5,77.69653097345133,25.826406436886224,10.049431214868264,12684,1.0,214.60883092961515,-1.3324739829713388,29.367071471863184,-0.36000548613745115,3.5591934839640804,42.076728810216316,214.60883092961515,3.193183538316157,29.367072389268078,2.57991795514375,3.8469662227376458,42.076728810216316,228.48225222079293,3.5771941153487132,33.26522631694269,2.984655646990371,4.335224977086095,44.54866930885666,2.984655646990371,RMSE_Linear_Extrapolation_100,Easy
da3bfe4e_,1350,7107,1558,5549,0.7807795131560433,12020.0,17568.0,5548.0,10448.2,10999.81,551.6099999999988,10996.19,10948.22,10996.2,47.98000000000138,13.373704604366269,-31.350000000000364,113.78877016407051,17.306759386060385,103.36852220923338,0.5846098396107406,10436.13,11110.62,674.4900000000016,101.50568888888888,30.640115259095946,12.28308127518163,33294,1.0,-567.7157759207046,27.087159848621738,33.81443257444852,41.501507283297556,50.58371447047379,82.1952773025923,567.7157759207046,27.08718507839287,33.814438253877526,41.50150901537201,50.583715022924,82.1952773025923,608.2302692521391,30.20824343453741,37.53253160733627,46.07990047448539,56.309679160538884,89.93646810097664,30.20824343453741,RMSE_Last_Known_TVT,Difficult
da3cf798_,1824,7591,1747,5844,0.7698590436042683,11849.0,17692.0,5843.0,9982.37,10779.490000000002,797.1200000000008,10779.490000000002,10779.53,10805.17,25.639999999999418,5.467495039507917,17.659999999998035,74.80875808320494,11.09611048211744,57.87939197083741,0.5174537987679672,9970.17,10881.6,911.4300000000003,83.72867872807016,25.34227805688168,8.919920644865229,35064,1.0,1582.5581538106715,-15.996699178643304,87.97345233509931,39.560964037572774,79.06980502313006,-154.71701236992928,1582.5581538106715,15.996699178643304,88.03101133371375,39.8983946191944,79.15597094543283,154.71701236992928,1797.5167847146613,16.905110806271015,104.65546752297303,48.98847457218947,94.39700548801565,173.46626389757347,16.905110806271015,RMSE_Last_Known_TVT,Difficult
da940160_,2081,6792,1660,5132,0.7555948174322733,12437.0,17568.0,5131.0,10510.13,11367.19,857.0600000000013,11367.19,11367.2,11387.11,19.909999999999854,5.344678102656754,11.619999999998981,103.00373206260453,17.59773025983012,99.30614354646269,0.37587685113016367,10497.93,11537.41,1039.4799999999996,94.06502162421913,33.320509561160634,8.9387104383854,30792,1.0,727.426861826625,-9.87100545596225,14.39408545326355,18.345402014803607,19.128904027699942,-85.63241875312848,727.426861826625,9.87100545596225,14.394097144611951,18.345402014803607,19.128904027699942,85.63241875312848,802.1825908223183,11.224828130654686,17.79281903346587,22.27691808799768,23.16969567510913,93.95438216666095,11.224828130654686,RMSE_Last_Known_TVT,Moderate
dafc88c3_,1330,7187,1615,5572,0.775288715736747,12363.0,17934.0,5571.0,10714.14,11198.76,484.6200000000008,11194.320000000002,11187.86,11208.6,20.73999999999978,4.571392274356065,10.8799999999992,83.37549183480903,10.688552329522564,69.10173858107822,0.04971284996410624,10701.95,11366.45,664.5,71.25130827067669,23.932263427205157,12.124183564132338,33432,1.0,-497.8505930352604,-5.1384745154329305,43.66749518170788,-13.682069114899843,2.1151228435857665,56.28335451086375,497.8505930352604,5.991299353911473,44.30068430915876,13.695134066635394,5.057227586795271,56.28335451086375,545.3378320938195,6.877339398362787,51.51882620284233,15.626649769703029,5.735917074950505,63.06154971673668,5.735917074950505,RMSE_Linear_Extrapolation_50,Easy
dbee6c86_,2045,9114,1745,7369,0.8085363177529076,13651.0,21019.0,7368.0,11739.36,12592.01,852.6499999999996,12591.84,12583.64,12602.23,18.590000000000146,3.9047169300257405,0.039999999999054126,77.20861556066103,8.342303119521436,55.844226072413406,0.05061745148595467,11726.95,12748.95,1022.0,85.34472371638142,24.575846888323643,8.136108155720393,44214,1.0,1317.0239299854911,2.0197638756954817,2.0197638757252276,-5.984414342178681,-7.875323759415025,-157.8175273936976,1317.0239299854911,3.692313746777032,3.692313746794432,6.554132210799124,8.30226058274428,157.8175273936976,1470.7573115110577,4.395928954072107,4.395928954090651,7.80280461635079,9.77996581047696,175.96949941526685,4.395928954072107,RMSE_Last_Known_TVT,Easy
dc5fbe29_,1869,6555,1352,5203,0.7937452326468345,12650.0,17852.0,5202.0,11281.4,12049.02,767.6200000000008,12047.1,12024.11,12053.0,28.889999999999418,6.662846611290278,-8.970000000001164,90.85339051430837,16.03587409834799,118.6255742747656,0.36863348068422064,11268.95,12202.95,934.0,92.91273943285178,35.03068011076204,2.0593489185434066,31218,1.0,2674.9872009536657,4.282879108207019,-47.75712089125546,-41.134004300098475,-44.20490672604702,78.40888417432507,2674.9872009536657,5.984681914280329,47.934007302946334,41.38198526655997,44.41829802218582,78.40888417432507,3002.3636148763408,7.9201039214922035,58.0991337423886,50.525861561994965,54.03472274757925,87.50203678824793,7.9201039214922035,RMSE_Last_Known_TVT,Moderate
dc7da28f_,1005,6672,1898,4774,0.7155275779376499,11987.0,16760.0,4773.0,10085.86,10955.19,869.3299999999999,10955.19,10948.98,10975.41,26.43000000000029,8.197777959980813,20.219999999999345,84.71682447276382,12.343503829688364,83.2006963427238,0.0611646418098031,10074.19,11077.56,1003.369999999999,89.66997014925374,28.51453822069274,4.953145676489925,28644,1.0,798.4925403237348,-6.109438625889903,32.814046222446734,73.46558537655338,57.692128000742876,66.70483021254415,798.4925403237348,8.741235860913129,32.814048228261065,73.46558537655338,57.692128000742876,66.70483021254415,846.6649420446054,10.223244436669471,36.14110793242585,82.90881707559217,64.73294292960182,70.07001865754384,10.223244436669471,RMSE_Last_Known_TVT,Moderate
dc7f9757_,1850,6203,1843,4360,0.7028857004675158,12320.0,16679.0,4359.0,10210.05,11063.1,853.0500000000011,11050.320000000002,11035.06,11053.51,18.450000000000728,5.932327986944828,-15.200000000000728,115.3489521678194,15.811814199908651,185.40088129454938,0.5995412844036697,10197.95,11122.45,924.5,129.04189189189188,50.89924083698801,13.692939724072474,26160,1.0,739.3643786787248,7.813750000001388,-103.32567424092224,-96.89539086410312,-99.90347352939305,-61.91925747656737,739.3643786787248,8.286043577982692,103.32783629263324,96.90320535885539,99.90852426102522,61.91925747656737,869.7319503468179,9.810154572145091,119.4243669128378,112.00413461030459,115.47524447182847,71.26361382423902,9.810154572145091,RMSE_Last_Known_TVT,Moderate
dd168de0_,1756,5095,1791,3304,0.6484789008832188,11863.0,15166.0,3303.0,10280.1,11018.59,738.4899999999998,11002.35,10996.8,11011.64,14.840000000000146,2.973756764814748,7.270000000000437,90.9090674477617,10.603643987840705,61.234993009838334,0.0847457627118644,10267.91,11145.28,877.3700000000008,76.9423633257403,25.750189898806852,13.966704122021397,19824,1.0,772.9966166165852,0.3281234866830099,-8.184755300808442,13.963206895032108,0.8518449753020857,-111.68907184676667,772.9966166165852,2.134715496368076,8.294681561000335,13.963206895032108,2.1746388792858378,111.68907184676667,849.0758608544983,2.9913571830542716,10.783857219434935,15.479269734453352,2.9417001137443672,121.05394284096326,2.9417001137443672,RMSE_Linear_Extrapolation_50,Easy
dd64382d_,1975,5058,1934,3124,0.6176354290233294,12000.0,15123.0,3123.0,9989.51,10835.78,846.2700000000004,10824.14,10822.94,10838.59,15.649999999999636,3.2471238162542817,14.450000000000728,84.69115639298165,9.16195000084408,68.76945837644791,0.6264404609475032,9976.97,10963.71,986.7399999999998,91.93877974683544,35.546483065670344,7.247623353853783,18744,1.0,1000.503093664198,-2.7613924455833065,-0.7727560821242946,6.94945363894678,0.7560145171003455,-95.77319101357214,1000.503093664198,2.9199839948789155,1.531610697229176,6.94945363894678,1.9946870710489744,95.77319101357214,1098.5146297371673,4.262126959206316,2.714453111875606,8.087610851520628,2.4972510528364458,103.98251384869263,2.4972510528364458,RMSE_Linear_Extrapolation_50,Easy
dd6bc5b2_,2554,5764,2162,3602,0.6249132546842471,12217.0,15818.0,3601.0,10047.17,11152.320000000002,1105.1500000000015,11145.39,11140.62,11165.740000000002,25.1200000000008,8.259566137605601,13.630000000001019,110.22896195300154,26.981402945460033,147.47376567493174,0.11910049972237646,10035.05,11311.5,1276.4500000000007,121.6466092404072,42.519648352943605,11.417647287405657,21612,1.0,1867.4711889823984,-8.401751804553744,-38.208388167540775,-24.385429482303042,-37.42644712278286,73.1187095184182,1867.4711889823984,9.867193225985863,38.208388167540775,24.387038396942415,37.42644712278286,73.1187095184182,2091.7629000024854,11.780956097388067,45.27857998895519,29.482208986171173,44.38187711900097,80.71420105057177,11.780956097388067,RMSE_Last_Known_TVT,Moderate
dd7d638e_,1875,6046,1745,4301,0.711379424412835,12246.0,16546.0,4300.0,10426.44,11195.66,769.2199999999993,11194.27,11185.08,11207.78,22.700000000000728,5.959326322963087,13.510000000000218,115.37819929903152,18.95236783075507,117.21201556321134,0.3717740060451058,10414.320000000002,11350.94,936.619999999999,123.93263999999999,33.87201550831479,8.55444070096847,25806,1.0,-635.4503430868582,0.8409323413162502,-15.845613113972233,-7.512795291463576,-15.99832480155609,-77.40889912210272,635.4503430868582,4.868177168100514,15.845622611411153,8.239379313553483,15.998332427689546,77.40889912210272,697.3638640628943,6.017680647613085,21.263571918140016,12.313972413983663,21.433018971534832,86.37587550389014,6.017680647613085,RMSE_Last_Known_TVT,Easy
ddc790ff_,2250,6468,1742,4726,0.730674087816945,12610.0,17335.0,4725.0,10425.67,11314.96,889.289999999999,11314.96,11304.67,11319.83,15.159999999999854,4.0479454740174186,-9.529999999998836,72.78014537677065,9.979252797814114,60.66818661485177,0.41345746931866273,10413.45,11537.41,1123.9599999999991,96.37824444444443,33.18103902677251,23.598099067673786,28356,1.0,485.471648237915,4.048597122301146,25.39171833346023,19.84469091167823,20.581180315616926,-90.74457771083001,485.471648237915,4.868605586118644,25.647526204823922,20.19844975992895,20.9190513384224,90.74457771083001,539.9363087404815,5.724817380990974,28.856073977090944,22.53807597897111,23.374208143720047,100.68577804328906,5.724817380990974,RMSE_Last_Known_TVT,Easy
df71d1ff_,1670,7879,1651,6228,0.7904556415788806,12044.0,18271.0,6227.0,10288.63,10959.0,670.3700000000008,10959.0,10931.65,10970.05,38.399999999999636,11.018092207168,1.860000000000582,113.52012756743711,19.012346451965424,121.90420590207768,0.5716120745022479,10276.13,11110.62,834.4900000000016,106.40437125748504,29.963498247963873,7.115756309952076,37368,1.0,1289.7458672955738,6.402776172125735,77.94189738370768,83.29700587504921,83.33578673643301,154.7562907342995,1289.7458672955738,10.105403018625502,77.95598118900693,83.29892887752294,83.33765253246229,154.7562907342995,1494.9220467305536,12.742621639442314,91.38148689682508,97.5320526093129,97.57660913795763,176.004873710508,12.742621639442314,RMSE_Last_Known_TVT,Moderate
df73b8f3_,1958,7150,1839,5311,0.7427972027972028,13572.0,18882.0,5310.0,11782.7,12561.23,778.5299999999988,12554.65,12514.29,12559.81,45.51999999999862,12.593878251501236,-28.11999999999898,82.05434360157105,16.14418769083958,120.18741034104002,0.6558086989267558,11770.45,12748.95,978.5,84.90406537282942,24.87772640430258,2.8497217712583733,31866,1.0,-1128.5480827973222,9.23753718696993,35.797537186568654,26.66051468474377,33.96097536229916,124.70534597343074,1128.5480827973222,10.485900960270909,35.79753718656866,26.663663894788105,33.961009713527886,124.70534597343074,1247.876790600307,15.617554195793542,44.63189890857535,34.327780358451605,42.55107154427372,141.80333974681378,15.617554195793542,RMSE_Last_Known_TVT,Difficult
df8290be_,1737,5675,1703,3972,0.6999118942731277,12136.0,16107.0,3971.0,10510.58,11228.14,717.5599999999995,11220.64,11205.47,11244.16,38.69000000000051,11.184013242451476,16.170000000000073,78.42723277752363,13.114798490301322,86.48179028420509,0.6382175226586103,10498.45,11366.45,868.0,80.20386873920552,27.582928037567328,1.7766359616818903,23832,1.0,873.7418725549317,-6.648479355489141,-86.10847935546134,-92.54824389195089,-90.24268871926718,-69.12204345711801,873.7418725549317,10.955503524673041,86.10847935546134,92.54824389195089,90.24268871926718,69.12204345711801,1069.0333745140556,13.009724784668556,102.44367653608111,109.85898635199987,107.20384594329525,82.21617180433732,13.009724784668556,RMSE_Last_Known_TVT,Moderate
e0079ed1_,3165,5257,1786,3471,0.660262507133346,11897.0,15367.0,3470.0,10357.98,10958.18,600.2000000000007,10958.18,10954.38,10975.36,20.980000000001382,4.731588211900061,-3.8000000000010914,94.54025272073213,10.923867903870093,78.41655639973526,0.3197925669835782,10345.45,11136.45,791.0,84.43640126382307,33.271170398423145,10.103851456909055,20826,1.0,354.5143150743679,-6.537242869489917,17.345908645428455,13.736091183887682,13.927967214523155,69.12901945133389,354.5143150743679,6.758487467588468,18.13575898987266,15.095087358497127,15.252432523554427,69.12901945133389,410.12921482706156,8.069511840769099,23.908940329657177,19.937805892790784,20.146886523131045,78.70369079107414,8.069511840769099,RMSE_Last_Known_TVT,Moderate
e03b45fd_,1955,7083,1741,5342,0.7542001976563603,13846.0,19187.0,5341.0,12017.27,12806.71,789.4399999999987,12806.71,12765.85,12841.61,75.76000000000022,15.25028478309624,-40.85999999999876,81.48683342318665,17.060832498429704,109.49863125985769,0.44646199925121677,12004.95,12981.95,977.0,85.51962659846546,25.386980401649268,4.032793175278812,32052,1.0,2172.1422139646234,-3.948719580682403,81.3773713288195,84.26865089637933,82.00623167972368,-178.39470494550417,2172.1422139646234,12.138622238862263,81.3773713288195,84.26865089637933,82.00623167972368,178.39470494550417,2448.1390563524346,15.75182643192855,98.4141275244677,101.71121313919508,99.13101631381471,199.73826877063695,15.75182643192855,RMSE_Last_Known_TVT,Difficult
e0f36d98_,1808,6714,1738,4976,0.7411379207625857,12515.0,17490.0,4975.0,10703.91,11358.16,654.25,11349.3,11345.29,11374.5,29.209999999999127,8.916555675818364,16.06000000000131,64.86029047348431,8.964090743096634,51.05506286011839,0.49356913183279744,10691.42,11594.55,903.1299999999992,83.20866703539822,32.39328047901815,18.34837656191391,29856,1.0,768.1492702275126,-11.120407958200245,-36.00540795789851,-44.072687436143845,-48.815357537879905,72.64164000259662,768.1492702275126,11.968635450161411,36.00540795789851,44.072687436143845,48.815357537879905,72.64164000259662,889.3344177595827,14.253156162438394,39.641890606652,48.677288804320625,54.03341669090506,82.72419580765859,14.253156162438394,RMSE_Last_Known_TVT,Difficult
e149204f_,1340,7549,1452,6097,0.8076566432640084,11935.0,18031.0,6096.0,10453.29,10965.53,512.2399999999998,10965.53,10956.28,10973.08,16.799999999999272,4.532895451832295,-0.010000000000218279,109.6636621416166,17.281389840810693,109.38777603076983,0.5999671969821223,10441.13,11110.62,669.4900000000016,101.28334328358208,30.644748041724355,8.380318858034514,36582,1.0,903.1917559863034,-0.3517598819086133,60.62824011983216,46.5080677208768,64.65599473994526,118.0068496620533,903.1917559863034,3.7537510250942185,60.64861079392893,46.59032516935394,64.66578092877208,118.0068496620533,1056.3904573077607,4.546152895643239,70.99217683782265,54.73129589015166,75.63396035342117,134.99672515220118,4.546152895643239,RMSE_Last_Known_TVT,Easy
e14d641e_,1864,4978,1794,3184,0.6396143029329048,12231.0,15414.0,3183.0,10447.4,11231.85,784.4500000000007,11231.85,11216.08,11235.73,19.649999999999636,6.058917147616629,-8.430000000000291,77.28021269581257,9.55439503474375,49.64042080267093,0.6557788944723618,10434.95,11366.45,931.5,82.74626072961374,28.271136678636385,5.466048033801172,19104,1.0,795.5812806775858,3.133951005025332,29.7721328237848,27.0858581457624,28.54130394622343,-57.563982867190816,795.5812806775858,4.691884422110548,29.77435552821517,27.092983385522498,28.54558662160509,57.563982867190816,910.4903272517773,6.820600870242808,35.274435392664465,32.21373101319607,33.87112241043788,65.20178030935377,6.820600870242808,RMSE_Last_Known_TVT,Moderate
e161bd0c_,2243,4813,1864,2949,0.6127155620195305,13320.0,16268.0,2948.0,11258.43,12218.58,960.1499999999996,12218.58,12211.8,12230.09,18.290000000000873,4.2743009742254205,11.510000000000218,89.35001603518938,14.54189761270512,81.49995616140218,0.5395049169209901,11245.95,12366.95,1121.0,93.27696834596522,26.020316192654608,3.9269523107758317,17694,1.0,478.8924281833791,-0.7271481858259216,3.2955790873378428,9.386935222537735,3.685456856257646,52.98579805425743,478.8924281833791,3.522970498474154,3.7187678414532144,9.386985612276566,3.983717323397986,52.98579805425743,549.7496950680413,4.33499689746737,4.90949306180136,10.689987556132005,5.187609953229768,57.666605790791564,4.33499689746737,RMSE_Last_Known_TVT,Easy
e201fd6d_,1898,6912,1842,5070,0.7335069444444444,13690.0,18759.0,5069.0,11716.740000000002,12523.46,806.7199999999975,12517.570000000002,12487.68,12528.21,40.529999999998836,13.434168741725617,5.009999999998399,96.25966835879063,16.090395295247415,106.77242714239185,0.27593688362919133,11704.59,12652.570000000002,947.9800000000014,92.55052687038989,30.94588131922703,3.7091414884007463,30420,1.0,-220.963529611317,9.358234714005336,1.0602347146305353,-36.43625769521101,-6.520752561008007,-80.72993924542158,220.963529611317,13.068065088757724,13.395526232662974,36.76229706426189,15.383840985154324,80.72993924542158,223.13159755006015,16.371250707380042,15.202485155781968,48.51441473434027,18.917997198755522,94.54454115300052,15.202485155781968,RMSE_Linear_Extrapolation_10,Difficult
e25f1537_,1825,5018,1841,3177,0.6331207652451176,11829.0,15005.0,3176.0,9981.72,10788.72,807.0,10787.18,10765.21,10795.95,30.7400000000016,12.404153120663697,-21.530000000000655,82.97006297976321,13.592792831354128,84.48724236823224,0.24394082467736858,9969.67,10881.6,911.9300000000003,83.74023561643835,25.340140228450288,0.7701726366751416,19062,1.0,1017.8089388358144,3.913657538558548,2.372809053205311,-5.529760403240254,-1.9517172514132362,-117.87573709246992,1017.8089388358144,10.64668870003149,10.237528504942116,8.795932066671693,9.306327070648416,117.87573709246992,1103.9366238664193,13.005049007414012,11.925418632471425,10.181361885353919,10.024420297526193,126.35442366326409,10.024420297526193,RMSE_Linear_Extrapolation_50,Moderate
e2fc7745_,2008,5343,1651,3692,0.6909975669099757,12661.0,16352.0,3691.0,11190.56,11981.44,790.880000000001,11981.26,11979.69,12014.37,34.68000000000029,9.214629658176646,1.6199999999989814,83.48678817642805,11.256624155924127,81.70915099459535,0.06256771397616467,11178.45,12181.95,1003.5,80.89078187250996,23.706091758945373,2.596006303918088,22152,1.0,-801.0323972719837,-9.649165763813572,-13.0064384918086,-12.476255322721983,-12.885528308800305,-94.70735471969064,801.0323972719837,9.88079631635966,13.0064384918086,12.47695524851103,12.88553662632017,94.70735471969064,836.0952958090751,13.341394284804746,15.540941641760556,15.148935105506398,15.450283706831051,101.7368667633881,13.341394284804746,RMSE_Last_Known_TVT,Moderate
e32da4ec_,1364,6148,1459,4689,0.7626870527000651,12801.0,17489.0,4688.0,11512.7,11989.33,476.6299999999992,11986.19,11981.820000000002,12014.63,32.80999999999767,8.094385373696944,28.43999999999869,84.0535840351218,14.67729988362518,89.95517961786875,0.34250373213904883,11500.45,12181.95,681.5,70.45895161290322,21.068183224663024,13.59463242221858,28134,1.0,659.5327807073568,-7.226370228193288,-23.570309623148113,-22.89277136830674,-22.666773589582345,-92.68479392817142,659.5327807073568,8.172171038600835,23.633868048077606,22.96395161403449,22.740643300025205,92.68479392817142,747.4348773732013,10.850139553093255,26.656795827500957,25.920194879465825,25.675097763341086,103.04762625861032,10.850139553093255,RMSE_Last_Known_TVT,Moderate
e3b34f5b_,3289,7293,1838,5455,0.7479775126833951,11984.0,17438.0,5454.0,10326.79,10967.320000000002,640.5300000000007,10966.87,10946.09,10976.320000000002,30.230000000001382,8.871963441455359,-10.100000000000364,96.01284926392809,13.875795456785168,92.73666038619317,0.27296058661778183,10314.45,11136.45,822.0,87.36430525995742,35.892935136488084,8.64854400397067,32730,1.0,782.9118806178392,5.325791017415861,56.41379101847203,59.51780157846633,68.8839336345232,94.19333323216745,782.9118806178392,8.741893675527319,56.80729509311697,59.86808185216189,69.12467426764103,94.19333323216745,888.7168159649154,10.347045761247115,67.82166110759617,71.39334400230643,82.17716554285727,106.44089194755607,10.347045761247115,RMSE_Last_Known_TVT,Moderate
e45a2a62_,1636,6697,1690,5007,0.7476482006868748,12334.0,17340.0,5006.0,10561.070000000002,11219.92,658.8499999999985,11212.01,11204.31,11252.27,47.960000000000946,14.16780836406592,3.5900000000001455,78.045571478544,11.809319149918778,69.53229850676932,0.6425004993009786,10548.95,11366.45,817.5,77.84858190709046,26.669592346120925,0.19698957145354257,30042,1.0,1298.0862122758356,-13.937225883762645,-106.66110467150186,-94.53672615381285,-109.30205085370491,-108.86850282748269,1298.0862122758356,16.106932294787246,106.66112624130415,94.54706873558446,109.30205603847503,108.86850282748269,1498.1985604779884,19.872920518687707,122.30531757927463,108.40410143793574,125.33619336254486,124.65660131450312,19.872920518687707,RMSE_Last_Known_TVT,Difficult
e46f4ef4_,1836,8930,1735,7195,0.8057110862262038,13625.0,20819.0,7194.0,11747.76,12492.61,744.8500000000004,12487.9,12476.1,12498.21,22.109999999998763,4.915219960647245,-11.799999999999272,95.85355590312739,13.910798344077028,115.00206851288712,0.3879082696316887,11735.59,12652.570000000002,916.9800000000014,91.71746187363834,30.995067600680475,4.136094029489044,43170,1.0,683.0551120011215,0.33892981236920267,-35.64107018912772,-20.30773925455407,-25.089816406035034,74.97314580623073,683.0551120011215,3.8877665045169736,35.64627658245387,20.370270146197655,25.127915388405253,74.97314580623073,761.0147406736133,4.926550809338883,41.41989956769335,23.93205215784808,29.358176370697223,82.94623096578427,4.926550809338883,RMSE_Last_Known_TVT,Easy
e4726608_,1603,6268,1535,4733,0.7551052967453733,12708.0,17440.0,4732.0,11393.41,11958.94,565.5300000000007,11958.94,11944.73,11968.320000000002,23.590000000001965,4.65143559543751,9.380000000001019,65.65196132587727,8.603988384288751,60.74980977658757,0.3545320092964293,11380.95,12181.95,801.0,75.18552089831564,22.808212631544016,9.533559572438378,28398,1.0,-370.5102913023426,4.207168814705611,36.05407790484283,33.076188796703754,35.10035488912485,-93.4545507433262,370.5102913023426,5.33733572786841,36.05407790484283,33.076946200532014,35.10036568609101,93.4545507433262,387.68781525150655,6.271487164710907,39.549610885209,36.15213078197757,38.46071482169305,102.63551068950692,6.271487164710907,RMSE_Last_Known_TVT,Easy
e5864244_,1779,6037,1568,4469,0.7402683452045719,13554.0,18022.0,4468.0,11998.03,12725.62,727.5900000000001,12725.62,12725.68,12778.64,52.95999999999913,9.28981709863631,53.0099999999984,81.0144877278714,18.494497793272902,156.82878606835905,0.36294473036473485,11985.84,12874.68,888.8400000000001,87.74819561551433,29.128874677769634,6.733707887642936,26814,1.0,-1015.5872366313124,-25.145218169612196,108.95478183100948,108.02832638484513,110.6515573406551,91.16320321963319,1015.5872366313124,25.145218169612196,108.95478183100948,108.02843669636405,110.6515573406551,91.16320321963319,1132.2501066661841,26.806032670999695,129.2834544942181,128.21550300441024,131.2394504250091,104.3583390107236,26.806032670999695,RMSE_Last_Known_TVT,Difficult
e5c92e59_,3209,5927,1632,4295,0.7246499072043192,13548.0,17842.0,4294.0,11536.52,12205.0,668.4799999999996,12205.0,12188.25,12215.23,26.979999999999563,6.139258252036911,-7.420000000000073,84.09785661936442,14.636458421285088,92.32434211807931,0.38556461001164144,11524.08,12325.65,801.5699999999997,77.49614521657837,26.42478906372663,6.6017114027860515,25770,1.0,879.6075831267989,4.667264260768193,11.697082442793135,24.648626637017806,24.99822608546199,-131.48628502681535,879.6075831267989,6.54059138533168,12.015652873503717,24.648626637017806,24.99822608546199,131.48628502681535,994.9374875992663,7.71135994039849,14.41516999231887,28.741825571605165,29.137286844106885,146.7100795844562,7.71135994039849,RMSE_Last_Known_TVT,Moderate
e5ff9fd2_,2019,4198,1844,2354,0.5607432110528823,13090.0,15443.0,2353.0,10874.65,11781.41,906.7600000000002,11760.83,11759.7,11776.23,16.529999999998836,5.2554286946521085,3.210000000000946,77.22706309701883,10.22293070814373,63.22429751207569,0.5951571792693288,10862.45,11871.45,1009.0,93.64752847944527,25.948046596688183,16.420465382426443,14124,1.0,482.7980012772863,-7.172599830076653,-22.515781648293597,-25.65203682376926,-23.05485553231528,-58.287231706824166,482.7980012772863,7.338028887000971,22.515783965432703,25.65203682376926,23.05485553231528,58.287231706824166,533.2576856444404,8.891230852152741,25.894933822947134,29.47391479504947,26.50929223497329,63.4119426406729,8.891230852152741,RMSE_Last_Known_TVT,Moderate
e6c55748_,1567,5959,1487,4472,0.7504614868266488,12093.0,16564.0,4471.0,10595.66,11224.98,629.3199999999997,11215.64,11199.02,11229.03,30.01000000000022,9.336587644591283,8.069999999999709,75.24211440479617,15.610242948060495,93.42826170701665,0.13416815742397137,10583.45,11366.45,783.0,75.95570516911295,25.63380757269966,0.7135907643167769,26832,1.0,905.1955145164146,-1.0738618067986012,-70.33758907970092,-77.52820834145562,-112.69803323535105,77.79585130260062,905.1955145164146,8.536911896243318,70.33758907970092,77.52820834145562,112.69803323535105,77.79585130260062,987.1680885769882,9.397103554297912,84.88253056359608,93.1493010072878,133.64657574413147,84.14375952260006,9.397103554297912,RMSE_Last_Known_TVT,Moderate
e730c32b_,2188,6469,1741,4728,0.7308703045292936,12855.0,17582.0,4727.0,10456.67,11378.740000000002,922.0700000000015,11366.070000000002,11364.41,11384.41,20.0,5.250728070629343,13.209999999999127,96.73096613505311,12.70247896009425,104.62345775720749,0.6298646362098139,10444.45,11537.41,1092.9599999999991,95.6727239488117,33.3714351494618,1.058242186241415,28368,1.0,587.2283191258673,-10.405145939084909,16.249217697791842,2.662671582658903,15.29608911496891,-115.82768701838074,587.2283191258673,10.558796531301683,16.24954649336149,4.754779909282922,15.296927696086566,115.82768701838074,672.0278704364213,11.654671854511827,20.6511054710835,6.451204328571653,19.58102840309408,130.88991689255013,6.451204328571653,RMSE_Linear_Extrapolation_100,Moderate
e737965a_,811,7694,1739,5955,0.7739797244606187,12328.0,18282.0,5954.0,10279.76,10936.83,657.0699999999997,10935.88,10919.25,10949.65,30.399999999999636,9.82878053569263,-14.959999999999127,83.01944238746746,11.618437095780278,75.00542373033868,0.6228379513014274,10268.08,11077.56,809.4799999999996,81.32422934648582,24.941618028274007,1.695213040981642,35730,1.0,455.47800900125026,1.1671989924423671,23.36683535498309,-3.1292338908248056,2.2840383682485887,-123.18356493111283,455.6910833844123,8.568905121746369,26.158399602145135,7.5973090096111555,9.131507293527452,123.18356493111283,534.5979968032836,9.897022674368223,31.444883059766827,8.792913643762915,10.5534618867659,135.99407205337937,8.792913643762915,RMSE_Linear_Extrapolation_100,Moderate
e748dd88_,2794,6264,1452,4812,0.7681992337164751,13051.0,17862.0,4811.0,11471.01,12028.62,557.6100000000006,12028.33,12015.77,12035.17,19.399999999999636,4.940482602876307,-12.55999999999949,93.1824075768448,10.256913052132008,64.43180080963569,0.03428927680798005,11458.7,12156.95,698.25,74.1951861130995,28.614538753113372,18.9872214637453,28872,1.0,665.2465416640529,-0.7043599334997944,62.44803400725758,23.65854642713257,49.20985903402727,68.15210936919927,665.2465416640529,4.007098919368324,62.46290622065796,24.23583052075408,49.31371697321351,68.15210936919927,723.8286050239585,4.989931749983482,74.54076409124356,29.98180926456273,59.29480340235619,73.3073391783611,4.989931749983482,RMSE_Last_Known_TVT,Easy
e7818f7a_,1522,6829,1458,5371,0.7864987553082442,12293.0,17663.0,5370.0,10374.46,11023.17,648.710000000001,11022.87,11007.6,11032.0,24.399999999999636,4.281523722189065,9.1299999999992,118.57286849124914,18.942403428143123,128.67660055897687,0.2850493390430088,10361.95,11122.45,760.5,116.65194480946124,47.62539919155264,1.9209236817878974,32226,1.0,967.4555460257669,4.6391063116744675,-18.313984598230856,-0.3923285518188992,-10.575326341359032,141.3416408926048,967.4555460257669,5.336350772668605,19.29180433713458,4.266334119358492,12.602518429593362,141.3416408926048,1106.2153042420143,6.312633342217896,23.878003846295375,5.989847518250455,15.30991447771132,158.7516906200881,5.989847518250455,RMSE_Linear_Extrapolation_100,Easy
e7c36e81_,2232,5655,2124,3531,0.6244031830238727,12295.0,15825.0,3530.0,10248.37,11191.13,942.7599999999984,11191.13,11178.86,11200.44,21.579999999999927,5.965468693284054,-7.429999999998472,131.48732076515358,23.790416233371115,243.48383535174298,0.6374964599263665,10235.88,11350.94,1115.0600000000013,126.93089605734768,32.39999722352172,4.556424707805903,21186,1.0,-1127.6515405146292,4.294582271310303,63.05421863386858,66.97364713780118,65.33500484034634,-73.11238587074087,1127.6515405146292,6.742993486263975,63.05421873685255,66.97364713780118,65.33500484034634,73.11238587074087,1199.1455587181447,7.349841849963589,73.45459177456902,77.97039155097407,76.0822777508935,79.6439935871538,7.349841849963589,RMSE_Last_Known_TVT,Moderate
e7d0c1de_,1988,6455,1744,4711,0.7298218435321456,12532.0,17242.0,4710.0,10556.51,11319.23,762.7199999999993,11319.1,11304.67,11321.740000000002,17.070000000001528,3.8827245919340694,-14.430000000000291,74.94106892408094,7.644732527780505,42.47475361199288,0.03672256421142008,10544.42,11537.41,992.9899999999998,93.34127766599597,33.90928051225722,18.400208741915037,28266,1.0,-587.7580946495251,5.65603693483357,-14.33426609537278,24.147208611956934,3.827803561555215,96.02072494629245,587.7580946495251,5.9556039057526515,14.819529984535016,24.147208611956934,4.648901488148477,96.02072494629245,627.3176911667285,6.860255388151551,18.19347465684067,27.075324592395482,5.363124000308622,107.86395361861828,5.363124000308622,RMSE_Linear_Extrapolation_50,Easy
e85074c5_,1511,7236,1561,5675,0.7842730790491984,12011.0,17685.0,5674.0,10402.52,10995.97,593.4499999999989,10992.31,10992.320000000002,11009.33,17.0099999999984,4.287465910927607,5.390000000001237,76.39032941071463,15.529397787577325,82.68724586692481,0.4437004405286344,10390.37,11145.28,754.9099999999999,73.32920582395765,25.97805862068974,3.0611235867569775,34050,1.0,436.4176054328579,-10.506704845815658,13.573295152776902,32.75333871849011,22.200137891146852,60.78507140630262,436.4176054328579,10.506704845815658,16.715162353650797,33.71982891465013,24.12966132273872,60.78507140630262,473.2972558493712,11.347685731962262,20.80094639249667,42.201372765827976,30.294110497001224,65.36962789483651,11.347685731962262,RMSE_Last_Known_TVT,Moderate
e97032ad_,2254,5654,2124,3530,0.624336752741422,12295.0,15824.0,3529.0,10237.15,11191.16,954.0100000000002,11191.16,11191.19,11207.56,16.36999999999898,4.0247293043626495,7.969999999999345,115.78982972306859,17.09813639388365,107.09376420762267,0.5464589235127478,10224.88,11350.94,1126.0600000000013,127.4120053238687,32.61513432595117,11.622175600800105,21180,1.0,-700.3917502661576,-11.261762039660342,45.234237960075426,47.794610237560555,46.14051383063702,-79.61936832221213,700.3917502661576,11.261762039660342,45.236892917584115,47.794610237560555,46.14051383063702,79.61936832221213,725.2949383149407,11.959144677460708,56.71519259294829,59.644670072305125,57.75180586554007,86.27838334720145,11.959144677460708,RMSE_Last_Known_TVT,Moderate
e9949a23_,2117,6407,1848,4559,0.7115654752614328,13311.0,17869.0,4558.0,11157.21,12054.89,897.6800000000003,12051.17,12025.820000000002,12074.51,48.68999999999869,10.975852252914697,23.340000000000146,90.8066240516879,16.342301427147117,100.87829180524054,0.40930028515025224,11144.95,12202.95,1058.0,97.02278696268304,34.81291881101341,6.216162910995138,27354,1.0,566.8392679342247,3.6977955692036915,-29.880386248559674,-27.115244934805382,-33.45881427473335,-87.92169180359284,566.8392679342247,9.005753454704939,29.880392549782034,27.115286578943476,33.45881638614602,87.92169180359284,628.8288091030416,11.580872171010277,39.141046529345324,36.10144330349691,43.107538401631516,95.37774351380395,11.580872171010277,RMSE_Last_Known_TVT,Moderate
ea0b99b7_,1820,10939,1700,9239,0.8445927415668708,13096.0,22334.0,9238.0,11851.88,12525.02,673.1400000000012,12518.2,12515.37,12542.96,27.589999999998327,6.267458369423208,13.0,86.96922831319812,11.071987795989568,70.36791657262842,0.5112025110942743,11839.45,12748.95,909.5,83.55726373626374,25.013978948002425,3.4119645769343805,55434,1.0,876.1982602345282,-10.420311722047261,181.0996882782214,103.74317342644565,159.7997891182564,141.1444081428469,876.1982602345282,10.500710033552888,181.0997189387612,104.44256864319682,159.80003000638564,141.1444081428469,997.3156282598973,12.15975654126152,212.16021267285356,122.94942215920592,187.585789571361,160.1022720816043,12.15975654126152,RMSE_Last_Known_TVT,Moderate
ea3a0e38_,3652,11794,1742,10052,0.8522977785314567,12051.0,22102.0,10051.0,10236.11,10981.35,745.2399999999998,10951.42,10933.0,10966.490000000002,33.4900000000016,8.496918807556327,-13.719999999999345,92.12391040486939,11.787817585509613,76.91196764527884,0.5691404695582969,10223.7,11136.45,912.75,92.9003121577218,37.94537371934382,0.7764017528524079,60312,1.0,1671.4219217218526,3.6127258257062516,-184.65254690182272,-243.23683421030705,-195.08910346612038,134.8818673900304,1671.4219217218526,7.6227178670911,184.65254690182272,243.23683421030705,195.08910346612038,134.8818673900304,1850.5924044922936,9.232672132138227,211.1445050142792,278.76428821326255,223.1895525084509,148.43293484792284,9.232672132138227,RMSE_Last_Known_TVT,Moderate
ea41324e_,1759,6839,1814,5025,0.7347565433542915,12620.0,17644.0,5024.0,10671.1,11356.48,685.3799999999992,11356.37,11343.44,11363.98,20.539999999999054,5.129796926782717,-5.420000000000073,100.70472736237431,17.828539764228065,97.10757985968326,0.3434825870646766,10658.88,11537.41,878.5300000000007,89.6654860716316,34.064592725659864,11.039241290742709,30150,1.0,824.3717394303252,1.3112179104483952,-15.594418453296807,5.582488537474717,0.22275404478753033,80.84994306849715,824.3717394303252,4.4084079601990345,16.877610131254748,5.727136525265748,4.757548461049774,80.84994306849715,957.0816473123843,5.294230079936561,20.62430515278663,6.944946995000897,5.536974734158003,92.84442727035864,5.294230079936561,RMSE_Last_Known_TVT,Easy
eabc711b_,2216,7314,1966,5348,0.7312004375170905,13005.0,18352.0,5347.0,10956.5,11871.27,914.7700000000004,11869.94,11847.070000000002,11884.21,37.1399999999976,10.958419986135064,14.269999999998618,111.87480759393013,19.022740559110918,121.28798033207246,0.43324607329842935,10944.4,12051.84,1107.4400000000005,98.5811010830325,30.43834310053365,13.293706510897636,32088,1.0,941.5522690706304,4.097544876589735,53.535272148869545,56.37266548868051,68.61817176730665,-79.81235594889907,941.5522690706304,9.239968212415832,53.53527384874035,56.372665998305145,68.61817176730665,79.81235594889907,1022.1471949835233,11.698478022871637,63.95489513010551,67.19281220380276,81.20210541332301,86.51267839045138,11.698478022871637,RMSE_Last_Known_TVT,Moderate
eac10e86_,1447,7501,1434,6067,0.8088254899346754,11955.0,18021.0,6066.0,10400.1,10952.52,552.4200000000001,10950.3,10937.01,10954.61,17.600000000000364,3.273653730269433,0.13000000000101863,111.0971160566271,10.144182008662254,102.51044171739721,0.2685017306741388,10387.63,11110.62,722.9900000000016,103.6126399447132,30.954517579604403,7.4844761119139065,36402,1.0,2304.042573410503,4.565320586780065,-18.419527898469845,22.89712544727961,1.3266257488534723,61.38882804724027,2304.042573410503,4.897573759682777,18.429879777236255,22.89712544727961,2.8695151263897163,61.38882804724027,2639.1107191971614,5.617579051148656,22.45728009372552,25.773785240355686,3.593254057590317,70.0375624250532,3.593254057590317,RMSE_Linear_Extrapolation_50,Easy
eafb863e_,1869,5317,1749,3568,0.6710551062629302,12240.0,15807.0,3567.0,10429.52,11189.63,760.1099999999988,11189.63,11189.65,11226.06,36.409999999999854,6.531155995469939,36.43000000000029,121.44812808788986,14.333204241032695,97.86157642334204,0.33548206278026904,10417.320000000002,11350.94,933.619999999999,123.8809951845907,33.91321974264823,2.4328670967008463,21408,1.0,2541.0091885074257,-11.767323430494246,33.11555535696302,36.15857491932545,36.041852319763535,-44.17672058819065,2541.0091885074257,11.767323430494246,33.11555535696302,36.15857491932545,36.041852319763535,44.17672058819065,2854.597689283473,13.457858083605023,39.674933399960096,43.16212392123321,43.028285000154675,49.42781976620578,13.457858083605023,RMSE_Last_Known_TVT,Moderate
eb06a4e7_,2144,6379,1844,4535,0.710926477504311,12872.0,17406.0,4534.0,10478.61,11373.76,895.1499999999996,11373.76,11353.95,11384.41,30.459999999999127,9.530373526006352,-13.090000000000146,99.43748473020113,16.47004338271131,105.65553821580858,0.033958103638368244,10466.44,11537.41,1070.9699999999993,95.01711287313432,33.37791815355428,4.420371857066812,27210,1.0,686.8039392959688,1.6381345093716144,110.50213450917062,127.77921821775368,138.14831938325477,-120.56353332023845,686.8039392959688,7.761689084895237,110.5023814771972,127.77921821775368,138.14831938325477,120.56353332023845,747.1018680229694,9.669099026629615,131.55618714437387,151.47394757419912,163.43152142077346,130.73195569534317,9.669099026629615,RMSE_Last_Known_TVT,Moderate
eb640a35_,1796,7782,1745,6037,0.7757645849396042,11878.0,17914.0,6036.0,10136.04,10868.93,732.8899999999994,10862.51,10853.12,10884.14,31.019999999998618,9.61741759538649,0.6700000000000728,87.59854417317632,14.980982068918298,95.26591481011667,0.5042239522941858,10123.84,11021.27,897.4300000000003,89.6341982182628,36.629291082498035,2.035654045086474,36222,1.0,1813.7532415493154,-2.6304836839489028,8.896607223902087,-14.43492766832161,-1.789657753578591,117.93594105266766,1813.7532415493154,8.304672850753693,15.723689007801202,14.43492766832161,8.743243936102504,117.93594105266766,2129.638582285346,9.969896905690025,17.7411181269948,15.686286227834518,10.155181514335013,136.63396518158675,9.969896905690025,RMSE_Last_Known_TVT,Moderate
eb934281_,2312,7812,1841,5971,0.764336917562724,13117.0,19087.0,5970.0,11136.03,11955.36,819.3299999999999,11944.54,11937.7,11947.83,10.1299999999992,2.6674758061056028,-4.820000000001528,46.24637459342927,8.464327326509775,66.16034888509176,0.17300284709428906,11123.95,12279.45,1155.5,90.73423442906574,25.301927629654248,44.48785983563646,35826,1.0,1722.363928118537,1.6520197621846113,16.1295955201971,-0.26339217901338846,13.432560458495136,-90.81138480637851,1722.363928118537,2.628630045218813,16.129938288019147,2.832126680798588,13.434526398634327,90.81138480637851,1916.9835324883409,3.1374200876783114,17.875758253538393,3.275947357132342,14.815156332271961,100.40869063026884,3.1374200876783114,RMSE_Last_Known_TVT,Easy
eba6605e_,1669,5719,1309,4410,0.7711138310893513,11927.0,16336.0,4409.0,10542.23,11280.47,738.2399999999998,11280.47,11280.320000000002,11306.92,26.599999999998545,9.051372618578977,25.3700000000008,91.96739247602734,19.713885156926217,160.4407669811685,0.22630385487528346,10529.95,11372.45,842.5,96.04979029358898,24.32319841367711,4.082397817561642,26460,1.0,-443.6035293043059,-12.745260770975865,108.89140589474509,152.08532602768855,110.82734211009075,11.043750554526978,689.1223639293221,12.747673469388538,108.93546457681276,152.08532602768855,110.85430346878466,21.210107234427245,868.8219512401887,15.631712662756936,127.16787332482119,176.9728366080495,129.39898874469316,25.888736406945174,15.631712662756936,RMSE_Last_Known_TVT,Difficult
ebe69318_,2169,6718,1742,4976,0.7406966359035427,12030.0,17005.0,4975.0,10294.6,11178.59,883.9899999999998,11178.59,11169.15,11187.39,18.23999999999978,4.824679776529058,7.459999999999127,81.68279218160995,15.62006295076383,125.98877004803627,0.23512861736334406,10282.45,11366.45,1084.0,87.19145228215768,28.564018762461078,5.508660100547729,29856,1.0,394.30598055106105,-0.1044614147909875,79.37672040372831,76.00869655101947,75.69411337509237,50.771393750039735,404.47519445695,3.8075763665594855,79.37683423496672,76.00904664949395,75.6944867952643,50.85057114408134,485.3435065574203,4.825325809935079,90.40382694977441,86.52020673202914,86.15748951730554,58.65587698181467,4.825325809935079,RMSE_Last_Known_TVT,Easy
ec0d597b_,990,6452,1836,4616,0.7154370737755734,12014.0,16629.0,4615.0,10100.76,10941.75,840.9899999999998,10936.98,10927.69,10971.97,44.279999999998836,12.735107227101611,-9.289999999999054,80.32705647351838,10.277190487640581,86.67996458219196,0.06737435008665511,10089.18,11077.56,988.3799999999992,89.14072727272726,28.399431787640275,8.813670799208879,27696,1.0,820.019335124343,-10.40349436741826,-6.206221640172176,-15.054571235155493,-14.222357512759077,78.27258922793482,820.019335124343,10.93068240901264,9.125431503076092,15.054571235155493,14.239885480615229,78.27258922793482,868.6646806950043,16.44325138720608,13.474216595579446,20.583411067320213,19.799257503171326,81.85533343963395,13.474216595579446,RMSE_Linear_Extrapolation_10,Moderate
ec13af42_,1977,7362,1900,5462,0.7419179570768812,13334.0,18795.0,5461.0,11391.240000000002,12214.44,823.1999999999989,12212.5,12205.990000000002,12235.6,29.609999999998763,8.793322207682285,-5.649999999999636,91.19068799359485,15.521428368937316,110.38253538980925,0.5510801904064445,11378.95,12366.95,988.0,92.42025796661609,27.454200597533593,1.229569973021242,32772,1.0,556.604518856493,-6.453053826437364,96.18512799241682,33.69417749673047,86.17398026704716,66.00675878674237,556.604518856493,8.270241669718104,96.50800705768245,37.16420510476042,86.69498871102867,66.00675878674237,663.4340751947891,10.906432170405786,117.10336821269652,45.73367643333118,105.59805403846995,76.82398999042631,10.906432170405786,RMSE_Last_Known_TVT,Moderate
ecdab904_,1006,8176,2029,6147,0.7518346379647749,13363.0,19509.0,6146.0,11232.98,12196.21,963.2299999999996,12169.8,12169.8,12200.23,30.43000000000029,7.653691851356235,21.579999999999927,67.44474087233621,9.413353737163161,52.148511385579916,0.07027818448023426,11782.62,12285.1,502.47999999999956,63.92459244532803,19.94089088622225,3.5201484270081806,36882,1.0,2454.4206269347105,-15.088495200911888,-18.069343687700076,-39.181719563316776,-36.40500612527702,-141.4672581773711,2454.4206269347105,15.088495200911888,18.069343687700076,39.181719563316776,36.40500612527702,141.4672581773711,2749.114511707661,16.918396989500764,19.506877084226648,41.550944532753725,38.49130778857293,157.69078342620097,16.918396989500764,RMSE_Last_Known_TVT,Difficult
ecdaf714_,1714,8240,1648,6592,0.8,11914.0,18505.0,6591.0,10301.070000000002,11040.14,739.0699999999979,11013.31,11008.25,11040.11,31.860000000000582,10.038803062934294,21.390000000001237,76.92120182061444,9.763722235322897,65.31094653630932,0.043234223300970875,10288.91,11145.28,856.3700000000008,76.45087514585764,25.865970123737462,0.4703266747568051,39552,1.0,1735.562743688202,-11.615412621359862,-132.087503529993,-121.89970638069599,-125.07674779549804,-183.50363188961794,1735.562743688202,12.174802791262628,132.10015715973742,121.92195835756237,125.09577772125466,183.50363188961794,1930.5190990106078,15.351875762973165,151.26834701454968,139.5315188795219,143.19115401334867,202.5576640867108,15.351875762973165,RMSE_Last_Known_TVT,Difficult
ed6436d6_,2234,5027,2082,2945,0.585836482991844,13280.0,16224.0,2944.0,11262.92,12230.97,968.0499999999993,12230.94,12229.03,12234.36,5.329999999999927,1.0917897019841736,1.3999999999996362,104.67746788572605,17.8870390331848,89.80575641962179,0.03395585738539898,11250.45,12366.95,1116.5,93.26729185317815,26.071797238539574,11.410176032547895,17670,1.0,773.992715286214,-1.1936672325972453,2.645060041102594,-1.5074476106200707,-2.6097277367902967,-57.90720273252728,773.992715286214,1.465979626485282,2.9927867890098723,1.734744128389472,2.7020872899435493,57.90720273252728,859.38907127347,1.6175417954726792,3.4334578885051967,1.8983428313578312,3.0253444776184164,63.35369062564583,1.6175417954726792,RMSE_Last_Known_TVT,Easy
ed6e6e54_,2460,7385,1337,6048,0.818957345971564,13120.0,19167.0,6047.0,11554.64,11954.89,400.25,11946.18,11937.05,11980.11,43.06000000000131,10.53651487556688,0.4099999999998545,62.56466223699003,9.811427359420373,64.94404839518711,0.08349867724867725,11542.2,12156.95,614.75,69.53667886178862,27.106172081859793,6.972016624798584,36288,1.0,711.1853716111654,-5.643488756613606,-45.78685239427207,-95.98701881962715,-66.74347195002609,-109.84693865408043,711.1853716111654,7.716259920634858,45.78686682428649,95.98701881962715,66.74347195002609,109.84693865408043,795.7852587908574,11.951935194527213,53.21884623028606,110.64316428819481,77.09315531094022,122.61585933293175,11.951935194527213,RMSE_Last_Known_TVT,Moderate
edf885a3_,1775,4863,1746,3117,0.6409623689080814,13417.0,16533.0,3116.0,11492.490000000002,12281.66,789.1699999999983,12280.14,12276.18,12301.04,24.860000000000582,8.525321775365843,-3.0799999999999272,89.40927142755574,16.852181446146396,124.76228068470925,0.1206288097529676,11479.95,12366.95,887.0,91.84138591549296,28.886642889478622,2.432114487937227,18702,1.0,1330.8937243163089,-8.85183188963819,-26.709468252659583,-23.42270521698171,-26.466098876487102,-70.96920365052888,1330.8937243163089,9.82893166506286,26.709468252659583,23.42283636595799,26.466098876487102,70.96920365052888,1452.9813564360734,12.288723348140039,29.01247597977115,25.509830289207475,28.750578400828765,76.74043582798396,12.288723348140039,RMSE_Last_Known_TVT,Moderate
ee0300f7_,1958,6161,1617,4544,0.7375426067196884,13442.0,17985.0,4543.0,11687.09,12528.47,841.3799999999992,12528.47,12528.490000000002,12565.05,36.55999999999767,7.432480967531019,34.960000000000946,86.52463481835386,15.105372588903755,89.14524217900717,0.3686179577464789,11674.59,12652.570000000002,977.9800000000014,93.03899897854953,30.973962829220554,6.514364160195669,27264,1.0,-555.3360719682106,-24.581472271127545,11.77852772856619,5.348027728921152,7.939557740800982,67.55897882739053,555.3360719682106,24.581472271127545,16.18888072159904,11.695198777224823,13.440282487202898,67.55897882739053,570.2608886369751,25.680311432467565,19.605166347405987,13.282742686521448,15.715126307641645,71.5981465509579,13.282742686521448,RMSE_Linear_Extrapolation_100,Moderate
ee288beb_,1447,6190,1552,4638,0.7492730210016155,11672.0,16309.0,4637.0,10411.87,11033.84,621.9699999999993,11020.51,11006.42,11066.17,59.75,19.78237426652656,45.659999999999854,120.4797719588343,20.975960056570546,159.18525451446098,0.32621819749892195,10399.45,11122.45,723.0,113.1328196268141,46.18712512351903,7.346952332020209,27828,1.0,615.0944827720359,-19.136455368693348,-188.3896674902793,-170.8517978529645,-194.64436053070938,88.0497411984715,615.0944827720359,24.19557999137557,188.3896674902793,170.85421323072478,194.64436053070938,88.0497411984715,649.6115633601403,27.522025330807587,221.72447103349603,201.49151150607938,228.9410634669928,92.60289280828245,27.522025330807587,RMSE_Last_Known_TVT,Difficult
ee4aecac_,1115,6596,1331,5265,0.7982110369921165,12502.0,17766.0,5264.0,11326.52,11753.39,426.869999999999,11746.45,11746.47,11766.89,20.420000000000073,3.861707961658182,20.43999999999869,82.58736154415851,11.937698321429163,79.39993873078487,0.17834757834757833,11314.45,11871.45,557.0,78.53148878923767,24.782309653242592,4.055872754920841,31590,1.0,299.00137979331987,-10.063441595440993,42.59655840369249,-19.313463677590534,-32.46764807802265,73.19218231188256,299.00137979331987,10.063441595440993,42.60096486143272,19.313463677590534,32.46764807802265,73.19218231188256,352.2513291061622,10.778813139095936,51.346683155261765,20.903696302169728,35.861495496028574,85.21404884610597,10.778813139095936,RMSE_Last_Known_TVT,Moderate
eeda36f5_,1254,6198,1401,4797,0.7739593417231365,13798.0,18594.0,4796.0,12367.58,12845.96,478.3799999999992,12811.97,12804.21,12817.41,13.200000000000728,3.2492857397686263,-4.619999999998981,92.75497170051301,18.06249668906835,118.28741023059118,0.03731498853450073,12355.45,12981.95,626.5,73.62428229665072,21.18429732315593,19.13068940386229,28782,1.0,549.1000071383339,4.400750469042365,-81.38167377379028,-75.00075124111912,-80.31822095951117,108.7089308815962,549.1000071383339,4.9932916406080565,81.38189512425541,75.00395837459043,80.31875827152163,108.7089308815962,596.549114379585,5.470124457464137,94.65078026187152,87.28762108657892,93.42357721656947,117.32004779809068,5.470124457464137,RMSE_Last_Known_TVT,Easy
eeed308d_,1718,5503,1604,3899,0.70852262402326,12184.0,16082.0,3898.0,10520.17,11195.86,675.6900000000005,11191.81,11185.35,11207.76,22.409999999999854,8.792778064640183,9.69000000000051,91.13970610367458,14.723636381532899,94.95073452578663,0.565016670941267,10507.95,11366.45,858.5,79.82397555296856,27.495603157235568,11.315730550706022,23394,1.0,1028.6788007684945,-4.074988458579796,-12.820443004341778,-9.507724732184293,-4.346537078017302,80.67966354804338,1028.6788007684945,8.568084124134419,14.20669309171954,11.756046192140092,8.71598548215855,80.67966354804338,1131.6652827327323,9.69013148078532,18.55245958284043,15.013014162539676,9.929887505196616,87.8476264058244,9.69013148078532,RMSE_Last_Known_TVT,Moderate
ef04658e_,1847,5664,1560,4104,0.7245762711864406,11833.0,15936.0,4103.0,9970.94,10775.26,804.3199999999997,10775.26,10775.27,10804.51,29.23999999999978,7.853205658482212,18.409999999999854,73.10586254900737,13.125556415899148,78.62848714462764,0.1695906432748538,9958.67,10881.6,922.9300000000003,84.01674607471575,25.315325369450896,10.910883525708385,24624,1.0,612.5399159668701,-13.303542884990184,7.2214571157547915,5.971359605261919,5.54693250514902,-103.41524497461616,612.5399159668701,13.303542884990184,7.791569201444709,6.691319563245586,6.324953632666857,103.41524497461616,691.0096735382132,15.448044048107809,9.783301531454205,8.502635463371448,8.08031465628667,114.34455091265473,8.08031465628667,RMSE_Linear_Extrapolation_50,Moderate
ef8e3ed0_,1333,6637,1413,5224,0.7871026065993671,13069.0,18292.0,5223.0,11625.59,12120.11,494.52000000000044,12120.11,12097.7,12130.58,32.8799999999992,8.702853932655165,-15.510000000000218,90.92003787411338,10.977797001926703,72.75734697574468,0.4971286370597244,11613.45,12279.45,666.0,77.90894223555888,25.509800501533565,13.011095638554494,31344,1.0,770.8549193431109,11.766931470138282,15.566931470525667,46.931824209438574,28.803065923832232,-78.68218188692607,770.8549193431109,13.025013399694098,16.272690206379163,46.931824209438574,28.803065923832232,78.68218188692607,893.1530959687373,14.635089490374893,18.301991100755743,52.93672457466486,32.50047098944056,90.66413298943046,14.635089490374893,RMSE_Last_Known_TVT,Difficult
efde6ac3_,1625,6220,1661,4559,0.7329581993569132,11990.0,16548.0,4558.0,10221.56,10922.18,700.6200000000008,10911.490000000002,10885.990000000002,10912.71,26.719999999997526,7.0070846619262035,-18.840000000001965,87.3310590825702,10.989662476474786,60.54149936022494,0.4073261680193025,10209.33,11021.27,811.9400000000005,85.58785230769232,36.14772850896006,1.7432067748778906,27354,1.0,1024.5749445089264,7.416198727792634,-101.05652854527662,-127.9393224243349,-109.75992612213173,106.83385383807115,1024.5749445089264,7.4741412590493725,101.116199392817,127.95930751573285,109.80378209105153,106.83385383807115,1159.9351329625533,10.202375669006345,117.04687121784299,148.05590583658758,127.08450519056638,118.64912131643278,10.202375669006345,RMSE_Last_Known_TVT,Moderate
efe96181_,1989,5464,1452,4012,0.7342606149341142,11549.0,15560.0,4011.0,9900.02,10804.63,904.6099999999988,10791.62,10761.23,10791.59,30.360000000000582,5.284519477078668,-26.980000000001382,84.15273515691219,19.983558238783832,95.37174508371719,0.1719840478564307,9887.67,10881.6,993.9300000000003,87.67576168929111,28.204279470823753,3.523026532378921,24072,1.0,-973.5998252955778,27.02787138584314,-47.75985588630195,-57.74058300959377,-46.6263355769175,121.86067933186769,973.5998252955778,27.02787138584314,50.10190383341382,59.42550861307174,49.05481002440554,121.86067933186769,1041.3984310119235,27.539517372291407,63.00129930614361,74.33422550625212,61.718684084046274,133.36578125236733,27.539517372291407,RMSE_Last_Known_TVT,Difficult
f0188a48_,2061,6139,1969,4170,0.6792637237335071,12552.0,16721.0,4169.0,10574.37,11415.53,841.1599999999999,11404.72,11390.14,11418.03,27.890000000001237,5.88090656936147,5.170000000000073,91.90758045378372,19.70762035373364,158.1681724673794,0.01342925659472422,10561.95,11591.95,1030.0,85.85993692382338,29.57339578897163,6.0476435299603395,25020,1.0,1450.8877685263471,1.270954436450045,-103.00404556368035,-89.00047307629308,-101.55195672805442,149.34361388747348,1450.8877685263471,4.850844124699986,103.00644844137791,89.09572401105558,101.55838543478872,149.34361388747348,1569.5523030379693,6.015986492439641,120.34198207902267,104.19634240133016,118.66747821012461,160.1113786031298,6.015986492439641,RMSE_Last_Known_TVT,Easy
f021b650_,1006,5610,1871,3739,0.6664884135472371,13419.0,17157.0,3738.0,11231.84,12135.13,903.289999999999,12134.52,12123.09,12135.47,12.3799999999992,3.5962331250405435,0.9499999999989086,72.9385491296541,15.97739075074492,83.8766569669973,0.3944905054827494,11782.62,12285.1,502.47999999999956,63.92459244532803,19.94089088622225,9.013956684326075,22434,1.0,782.9348713515062,5.634982615672943,25.354982615453945,38.00881759921812,36.18983975846571,-135.79905747530003,782.9348713515062,5.649649638941174,25.354982615453945,38.00881759921812,36.18983975846571,135.79905747530003,879.8797979772303,6.684494210561717,27.722361794611793,42.179795350033565,40.09472683184337,148.69746778522006,6.684494210561717,RMSE_Last_Known_TVT,Moderate
f03f10fe_,1566,5823,1678,4145,0.7118323888030225,12202.0,16346.0,4144.0,10596.12,11233.62,637.5,11208.85,11188.87,11213.64,24.769999999998618,6.599216959936873,-5.960000000000946,77.89073864827883,14.62453349283343,98.6341611199455,0.2287092882991556,10583.95,11366.45,782.5,75.929687100894,25.621290272691088,1.9610515473848267,24870,1.0,677.7820495908395,6.66522074788924,-81.90841561572202,-68.88502479669317,-80.11608393404875,66.31712786012864,677.7820495908395,7.747252110977197,81.90846562120508,68.89997606662348,80.1164528249006,66.31712786012864,733.9690783133995,9.378929872264584,98.19998564344051,83.2258713538638,96.13801869990205,71.37116064231154,9.378929872264584,RMSE_Last_Known_TVT,Moderate
f053a1b9_,1821,5952,1844,4108,0.6901881720430108,13410.0,17517.0,4107.0,11469.13,12278.75,809.6200000000008,12275.3,12255.9,12277.37,21.470000000001164,4.734706594052091,-12.670000000000073,89.19701999645547,9.407160242248986,66.62238819841485,0.23369036027263876,11456.95,12366.95,910.0,92.08029654036244,28.56102456106835,2.883276543906973,24648,1.0,464.6147205934248,8.840516066211386,-67.11372635769443,-66.38648390379853,-68.42644191698483,-60.239831129274684,476.4868166969231,8.944654333007962,67.11375394613975,66.38653683058098,68.42644922039304,60.239831129274684,603.6475739797214,10.028295659116962,79.30561241339957,78.46775371075914,80.81809338964368,70.62975216665632,10.028295659116962,RMSE_Last_Known_TVT,Moderate
f074d277_,2878,3868,1415,2453,0.6341778697001034,13364.0,15816.0,2452.0,11450.22,12010.88,560.6599999999999,12010.52,12007.81,12031.84,24.030000000000655,6.574726580984251,12.0,91.0236040414927,11.810480479840411,102.04355160754133,0.27435792906644924,11437.7,12156.95,719.25,75.2904273801251,28.937831491073116,15.733176661367608,14718,1.0,276.8746260308422,-10.263094170403269,-9.073275987785086,-13.51020812182164,-11.12096307798838,-102.01269456675668,276.8746260308422,10.561748878923515,9.452162249562024,13.629630198426987,11.366474592270794,102.01269456675668,305.22244445439014,12.187719616802815,11.009796194185592,15.566572259535313,13.060769841705557,108.17812741655402,11.009796194185592,RMSE_Linear_Extrapolation_10,Moderate
f07d7037_,2235,7688,2125,5563,0.7235952133194589,13401.0,18963.0,5562.0,11174.85,12126.0,951.1499999999996,12125.35,12124.27,12140.65,16.3799999999992,3.687806863160715,15.299999999999272,86.6289777354076,8.549966808803546,55.32385978819097,0.043321948588890886,11162.45,12279.45,1117.0,90.35160178970918,25.645692559398846,3.7226240543015763,33378,1.0,1074.6539972245225,-6.526395829588105,-25.24166855634986,-23.204707020705378,-25.636364617066736,-90.65653473897078,1074.6539972245225,6.607797950745775,25.2416718900645,23.20472755882966,25.636367338701863,90.65653473897078,1210.8089323149698,7.4960867974462735,28.71850458311955,26.378197393976855,29.172196097107324,99.87664668479928,7.4960867974462735,RMSE_Last_Known_TVT,Moderate
f08774c3_,2025,5645,1745,3900,0.6908768821966342,13130.0,17029.0,3899.0,11203.490000000002,12049.570000000002,846.0799999999999,12038.4,12023.9,12060.63,36.72999999999956,11.415610470848833,22.229999999999563,92.46500804552443,19.1353071903544,221.38464714447585,0.0758974358974359,11190.95,12202.95,1012.0,95.63734320987655,34.961562563346405,3.17233516435212,23400,1.0,496.59796227753714,0.8500641025636091,5.223912588486238,0.751749071094835,5.3579903929917805,-106.1467420018266,496.59796227753714,10.447238461538399,9.60131358180279,10.46977457821909,9.580182067548325,106.1467420018266,573.4093044940414,11.44575716149874,10.960830539980236,11.481975356048325,10.982372669311157,117.83908585697455,10.960830539980236,RMSE_Linear_Extrapolation_10,Moderate
f140c2fa_,2126,6024,1942,4082,0.6776228419654714,13415.0,17496.0,4081.0,11152.570000000002,12058.27,905.6999999999989,12058.27,12036.12,12058.79,22.670000000000073,6.472676767190811,-21.890000000001237,94.49018941735801,14.551831631649742,114.25588571203934,0.21362077413032826,11140.45,12202.95,1062.5,97.16309971777987,34.80607562564065,2.6729103004218615,24492,1.0,678.3724517160118,11.637675159235965,55.43712970392995,68.6018340250869,65.72345571150737,-105.53993725031926,678.3724517160118,11.689933855953214,55.43712970392995,68.6018340250869,65.72345571150737,105.53993725031926,733.8000112396143,13.3161842942989,63.537302720081186,78.72005223074792,75.39983508386531,112.70833152015071,13.3161842942989,RMSE_Last_Known_TVT,Moderate
f16e25e3_,1841,6585,1934,4651,0.7063022019741837,12092.0,16742.0,4650.0,10113.76,10891.77,778.0100000000002,10879.39,10875.47,10887.33,11.860000000000582,2.8979629525898227,-0.010000000000218279,89.474951556061,11.52807862464292,83.78254198474409,0.44356052461836165,10101.34,11021.27,919.9300000000003,90.38417707767518,36.494738815120236,0.9092255216141751,27906,1.0,444.909547777595,-0.627325306386446,-39.534961670460746,-25.00726674050885,-36.84479277337189,-94.93657972621084,444.909547777595,2.4485809503333495,39.53500654839498,25.04487561690716,36.8475888220859,94.93657972621084,509.9516515754816,2.9647800324346743,45.22457077773427,28.507366700857226,42.12553846834496,103.30358094159286,2.9647800324346743,RMSE_Last_Known_TVT,Easy
f2d4c8c9_,1533,7908,1659,6249,0.7902124430955993,12043.0,18291.0,6248.0,10357.03,10938.16,581.1299999999992,10928.72,10921.89,10937.3,15.409999999999854,3.4196194747618582,-1.7099999999991269,108.74199155465463,18.799214084942996,117.36181727719176,0.5621699471915507,10344.63,11110.62,765.9900000000016,105.00585127201566,30.70676422548943,3.7361402826389707,37494,1.0,-134.05690605837677,-2.489414306289815,-9.875777941990668,-76.59101196606024,-78.02512859203614,-87.67466931607655,134.05690605837677,3.4542246759486273,9.929427544126712,76.59101196606024,78.02512859203614,87.67466931607655,135.22154219319498,4.229551942410153,11.760825085012975,88.41452217794429,90.0693836081033,98.68395384197572,4.229551942410153,RMSE_Last_Known_TVT,Easy
f321a31c_,1363,6555,1414,5141,0.7842868039664378,13490.0,18630.0,5140.0,12080.16,12547.5,467.34000000000015,12545.08,12525.39,12560.58,35.19000000000051,10.858788521188844,-18.589999999998327,86.4782558129899,12.81245026239859,81.13870381163171,0.039291966543474034,12067.95,12748.95,681.0,77.52417461482025,25.874082210009103,8.954081198169646,30846,1.0,1229.9661168710816,6.308325228554559,12.541052500346156,6.310176533673655,10.07871370394021,123.70314562036059,1229.9661168710816,10.301707838941793,13.635613280619497,10.302500993700736,12.17046294821895,123.70314562036059,1406.3479193453156,12.557281531880928,17.693637670566343,12.558506796373045,15.469396447607457,140.46369551743382,12.557281531880928,RMSE_Last_Known_TVT,Moderate
f40cd091_,1452,6776,1610,5166,0.762396694214876,12988.0,18153.0,5165.0,11338.92,11904.02,565.1000000000004,11899.75,11884.56,11910.93,26.3700000000008,7.537099385578092,2.9400000000005093,111.98980026501415,21.61995289425149,142.19923236453255,0.6624080526519551,11326.4,12051.84,725.4400000000005,88.05309917355372,31.92498176051443,23.936701091460435,30996,1.0,1073.5444572578033,-1.7137301587303153,-108.96812409727902,-78.61769628532122,-101.83691599304699,-131.8906985922918,1073.5444572578033,6.415329074719366,109.44770809052974,79.49418979697238,102.39017405892159,131.8906985922918,1234.9341661400895,7.728760684292187,128.23153524108113,93.24897791253706,120.00873088334605,150.07075715421993,7.728760684292187,RMSE_Last_Known_TVT,Moderate
f439a621_,1689,4695,1874,2821,0.6008519701810436,12266.0,15086.0,2820.0,10313.92,11033.87,719.9500000000007,11021.37,11008.45,11032.01,23.55999999999949,6.107487093885207,-11.640000000001237,73.40863366850952,9.29179136875127,58.724492627832724,0.4984048209854661,10301.4,11145.28,843.880000000001,76.0938602723505,25.885535987489455,2.685226603840974,16926,1.0,703.9739068681234,2.648759305211594,-2.909725542282804,7.797110100299718,6.067004203174069,-124.2582358369806,703.9739068681234,5.581953208082433,5.199309292641411,8.456001798102104,7.299282699257173,124.2582358369806,774.1040632502151,6.65613263851673,6.999204642169347,10.651230434232808,9.07352147903281,134.63608501203578,6.65613263851673,RMSE_Last_Known_TVT,Moderate
f49fdea3_,1006,7027,1636,5391,0.7671837199373843,13480.0,18870.0,5390.0,11348.39,12105.5,757.1100000000006,12101.06,12101.070000000002,12118.25,17.179999999998472,3.5521709203273986,13.170000000000073,77.29337952651207,13.779599218424266,68.16152845638904,0.05639028009645706,11782.62,12285.1,502.47999999999956,63.92459244532803,19.94089088622225,13.368787081184038,32346,1.0,1484.002266316987,-11.886965312558637,6.739943777748415,-24.362820578085774,-3.7568908828411964,-152.04288759305862,1484.002266316987,11.886965312558637,10.033365406478065,24.362820578085774,3.9806287537145404,152.04288759305862,1676.0687436202415,12.40626946494166,11.223563010350139,26.267165677184163,5.285950058147378,169.37871783492795,5.285950058147378,RMSE_Linear_Extrapolation_50,Easy
f4d12d23_,1989,5448,1747,3701,0.6793318649045521,12224.0,15924.0,3700.0,10369.71,11224.51,854.8000000000011,11200.91,11177.54,11202.16,24.61999999999898,6.453269221154186,-13.430000000000291,123.55164309339733,20.878011907845085,137.47494101415293,0.28776006484733857,10357.33,11350.94,993.6100000000006,124.6412317747612,33.06691144689653,1.089588681363864,22206,1.0,352.90811663655734,14.709910834909206,126.7795471984307,68.0649164154721,117.78283472449144,-39.98275881591324,355.56389193002565,14.80777627668173,126.77955201285434,68.06941440561157,117.78294095008894,39.98275881591324,434.1578234502604,16.062842467413066,143.01699121292216,75.4759468621597,132.65113622195184,45.84453141537026,16.062842467413066,RMSE_Last_Known_TVT,Difficult
f56d3ace_,2177,7383,1951,5432,0.7357442773940133,12691.0,18122.0,5431.0,10462.3,11315.53,853.2300000000014,11311.69,11309.1,11326.98,17.8799999999992,4.341256618812991,8.579999999999927,75.13866779983854,8.305955970750762,46.66534967146559,0.3959867452135493,10449.94,11537.41,1087.4699999999993,95.53565457050988,33.39961358785642,20.396986770671333,32592,1.0,972.136937041339,-5.367533136965743,16.199830499430814,16.508890445367662,12.842474065959196,86.26288714408378,972.136937041339,5.486870397643287,16.954608001994174,17.238390200175704,13.893066375632877,86.26288714408378,1138.8814719087331,6.90314793936432,21.036907382515086,21.382805227752687,17.308067335553755,98.95896141197636,6.90314793936432,RMSE_Last_Known_TVT,Moderate
f5859199_,1921,7438,1648,5790,0.7784350631890293,13437.0,19226.0,5789.0,11466.7,12263.02,796.3199999999997,12242.62,12241.240000000002,12268.19,26.94999999999891,6.775991461020976,-1.2000000000007276,89.0762624790012,14.096004342106214,91.33389574441475,0.6721934369602763,11454.45,12414.45,960.0,89.3611296199896,28.121900492623965,0.2848671409883963,34740,1.0,1886.5325959565835,-14.40799654576792,43.50200345380196,-69.50693776986,-17.415423436411647,-186.15211656905532,1886.5325959565835,14.468791018997658,44.14761312567519,69.50693776986,17.415423436411647,186.15211656905532,2094.897018991313,15.921573253079503,55.79900092593486,76.37937942040588,18.687400951872526,206.01181410529608,15.921573253079503,RMSE_Last_Known_TVT,Difficult
f5d8aab6_,2127,6576,2132,4444,0.6757907542579076,12305.0,16748.0,4443.0,10071.84,11050.320000000002,978.4800000000014,11043.71,11019.53,11043.67,24.139999999999418,5.80972315366127,-13.859999999998763,120.71780954879907,13.365892175387858,74.92642145163866,0.15864086408640865,10059.45,11122.45,1063.0,134.2138645980254,49.40652687216149,13.496055049226328,26664,1.0,1035.9803300530155,14.584207920791059,-64.88700420024057,-55.40913861384192,-60.702245860717156,-107.04006867377137,1035.9803300530155,14.584207920791059,64.89066402076824,55.43171900792091,60.71263413512678,107.04006867377137,1151.720909713043,15.698547978741031,77.10636707907713,66.19145657143203,72.28604570739776,117.34182699441598,15.698547978741031,RMSE_Last_Known_TVT,Difficult
f631da6e_,1491,5604,1511,4093,0.7303711634546752,12240.0,16332.0,4092.0,10578.87,11173.56,594.6899999999987,11173.25,11153.570000000002,11173.93,20.359999999998763,5.8207428194804125,0.1000000000003638,111.7977358143513,14.31351776691687,84.40590667168193,0.5665770828243343,10566.53,11311.5,744.9699999999993,103.20067739771964,43.064176711619005,8.597058416631654,24558,1.0,762.405386069431,6.57741754214497,-7.1933097309432705,2.149682228589357,-6.467354126543462,-108.73123377950432,762.405386069431,6.616288785731599,8.797148568782175,4.808013417896903,8.259856697231191,108.73123377950432,846.3429524621595,8.782664213746434,11.892739581704372,6.531416259347842,11.199214197145933,119.06783231244982,6.531416259347842,RMSE_Linear_Extrapolation_100,Moderate
f6824bb0_,2138,6864,1849,5015,0.7306235431235432,12176.0,17190.0,5014.0,10310.14,11225.11,914.9700000000012,11225.11,11190.7,11228.14,37.43999999999869,10.908612165612034,-25.700000000000728,82.29683951612374,14.466569068576357,90.45425756806976,0.15154536390827517,10297.95,11366.45,1068.5,86.8489242282507,28.621546317109836,4.552084712126955,30090,1.0,1544.7126965960229,17.75455234297154,57.274552342748706,104.68545927367784,66.25379267926682,-120.78693192642932,1544.7126965960229,18.410209371884655,57.27459729878974,104.68545927367784,66.25379294334853,120.78693192642932,1715.1416180623135,20.837423542758717,65.81777599896431,120.4274708474946,76.14575083230814,132.1343378242062,20.837423542758717,RMSE_Last_Known_TVT,Difficult
f6bc699b_,3622,5501,1749,3752,0.6820578076713325,11970.0,15721.0,3751.0,10243.69,10982.83,739.1399999999994,10982.67,10976.990000000002,11006.070000000002,29.079999999999927,8.17095284416528,12.760000000000218,85.4281568795754,13.997062023678732,93.64097411896881,0.3382196162046908,10231.2,11136.45,905.25,92.49913307564881,37.84319070899338,7.070976196073417,22512,1.0,772.8795557073091,-6.788486140724997,-31.23984977622236,19.863331321002445,3.041400293893303,68.47418926634532,772.8795557073091,7.792340085287874,31.245615751541692,20.69483740240362,9.520905629994566,68.47418926634532,848.6312744040229,10.622157035929634,34.7478860059007,27.11988207979134,11.046952194588322,74.70368792271239,10.622157035929634,RMSE_Last_Known_TVT,Moderate
f6d009f4_,2251,8003,1288,6715,0.839060352367862,11254.0,17968.0,6714.0,10009.81,11001.490000000002,991.6800000000021,11001.490000000002,11001.77,11086.25,84.47999999999956,24.29960493865109,83.72999999999774,124.18503153612292,28.213870147767942,181.50457509653216,0.3231571109456441,9997.45,11122.45,1125.0,137.11016437139048,49.70339976674604,12.925132835267561,40290,1.0,5294.62030294888,-40.277885331346255,898.5375086080047,1160.9400714643227,1041.069064008404,-224.9267981855761,5294.62030294888,40.277885331346255,898.5375087343613,1160.9400714643227,1041.069064008404,224.9267981855761,6154.60125204539,47.03924865295554,1044.9565054062223,1347.8703270762594,1209.48849468726,260.9650564080202,47.03924865295554,RMSE_Last_Known_TVT,Difficult
f72b268f_,1445,7918,1514,6404,0.8087900985097247,11653.0,18056.0,6403.0,10412.54,11037.92,625.3799999999992,11037.92,11029.4,11062.23,32.82999999999993,8.957145453860216,18.280000000000655,117.63267754536722,14.264241220615121,117.11508301256046,0.046845721424109935,10400.45,11122.45,722.0,113.0266089965398,46.13031993196002,4.606068548827409,38424,1.0,1127.2101912600774,-9.336869144284885,27.34631267336772,-2.572704877910607,19.152693880914043,136.2478595065022,1127.2101912600774,11.054751717676488,27.353951649008263,4.882056071434214,19.16555800155294,136.2478595065022,1231.5874141898032,12.93812397222547,30.37658636351006,6.0712895101351645,21.04289246425621,147.7789452484164,6.0712895101351645,RMSE_Linear_Extrapolation_100,Easy
f8662c22_,1412,6957,1528,5429,0.780365099899382,12547.0,17975.0,5428.0,11178.31,11710.23,531.9200000000001,11705.46,11704.72,11731.6,26.88000000000102,7.236981177477494,7.020000000000437,91.8452118961655,13.166775208739791,74.93643088155395,0.5074599373733653,11165.95,11871.45,705.5,86.14723087818697,27.24614476818842,5.69798101797852,32574,1.0,238.67801205311898,-13.85308159882216,24.979645674592998,9.472947204048163,15.514548653254817,80.80342522021873,238.67801205311898,13.865695339842576,27.72286760837676,13.630901524042983,19.00235869673678,80.80342522021873,285.42487944392263,15.629207250700455,34.35796195422687,18.010876545399373,24.11827995158738,91.81462221820411,15.629207250700455,RMSE_Last_Known_TVT,Difficult
f88ddb26_,1006,6585,1595,4990,0.7577828397873956,12933.0,17922.0,4989.0,11433.48,12199.36,765.880000000001,12186.8,12108.18,12186.77,78.59000000000015,21.911576810717328,-41.06999999999971,73.92297358348698,11.361557900464799,71.97873285290672,0.03727454909819639,11782.62,12285.1,502.47999999999956,63.92459244532803,19.94089088622225,9.998381138158948,29940,1.0,861.1755024920933,46.50006613226367,-19.8953581102996,17.296950950688792,-2.6178447920019785,49.08591715589904,861.1755024920933,46.50006613226367,23.46224356597833,19.948256549385913,18.730009763185453,49.08591715589904,995.4989093400549,51.40308485650886,36.96269430731199,25.15949325935539,23.809501043680545,55.6759599950094,23.809501043680545,RMSE_Linear_Extrapolation_50,Difficult
f8afa78a_,1260,7367,1335,6032,0.8187864802497624,11837.0,17868.0,6031.0,10493.19,10977.06,483.869999999999,10968.070000000002,10967.98,10993.69,25.710000000000946,5.606618249020131,25.43999999999869,105.54328839954049,18.58473242987235,132.0750251185468,0.4923740053050398,10481.13,11110.62,629.4900000000016,98.92383333333333,29.902033920013096,6.619455066207152,36192,1.0,145.40620586376272,-13.611661140582164,-30.796570231660805,-43.92038157259792,-37.249722845306536,106.19463433997736,163.5808639930272,13.613219496019864,30.796572622947682,43.92038157259792,37.24972356272878,106.19463433997736,205.97413127552616,14.720946843240096,32.91776154309177,47.706446519309246,40.15558041911863,123.55900100158783,14.720946843240096,RMSE_Last_Known_TVT,Difficult
f8f59188_,2378,6740,1933,4807,0.7132047477744807,12338.0,17144.0,4806.0,10361.84,11308.97,947.1299999999992,11308.97,11306.21,11323.98,17.770000000000437,4.986827253753223,-1.6299999999991996,73.95313667651286,8.992467211035837,46.50627429052173,0.6432286249219887,10349.47,11537.41,1187.9400000000005,97.54138772077376,32.66017157402338,23.5882510442609,28842,1.0,1150.1787237728618,-4.804385271479895,1.1691904850633743,8.650802007239388,6.059501403212511,-98.54579955012777,1150.1787237728618,5.350613688371621,3.5665593228664343,8.815064044493997,6.350263341969332,98.54579955012777,1324.1250540093195,6.924261008500594,4.496549297767932,10.940793956501786,8.267417233508318,111.98677924570104,4.496549297767932,RMSE_Linear_Extrapolation_10,Easy
f9fc81aa_,1515,7113,1515,5598,0.7870097005482919,12203.0,17800.0,5597.0,10621.86,11181.13,559.2699999999986,11178.46,11166.86,11197.97,31.109999999998763,8.639594280983495,-10.339999999998327,79.34224974195233,11.777383593609642,87.0667427169953,0.06555912826009289,10609.45,11366.45,757.0,74.41159735973598,24.6322112540563,4.930652382216351,33588,1.0,1599.5546136219473,-0.06505001786454649,-14.826050017904429,-31.31210645355232,-27.72935277899925,89.89506578633453,1599.5546136219473,6.381291532690438,14.826050017904429,31.31210645355232,27.72935277899925,89.89506578633453,1874.3050027128936,8.639067487231838,17.327122952761837,35.199180354558756,31.198375193419054,104.55520519937946,8.639067487231838,RMSE_Last_Known_TVT,Moderate
fa16d114_,968,6928,1242,5686,0.8207274826789839,11911.0,17596.0,5685.0,10639.63,10957.820000000002,318.1900000000023,10954.6,10922.2,10963.16,40.95999999999913,12.8939810541405,-13.989999999999782,106.61920686313402,18.2233086950214,146.74866009762275,0.5116074569117129,10627.13,11110.62,483.4900000000016,98.25853305785125,32.31627126921584,8.360673805282772,34116,1.0,-307.70273807063296,16.341470277875704,37.88313694373989,46.707286119398155,56.73623810500696,99.32015095734495,307.70273807063296,17.92015476609229,37.96854501675291,46.707286119398155,56.73623810500696,99.32015095734495,329.0090819067654,20.815118518803075,44.53280790655102,54.54629635298103,65.99216667554636,109.60072603476114,20.815118518803075,RMSE_Last_Known_TVT,Difficult
fa31da94_,3642,6681,1654,5027,0.752432270618171,12782.0,17808.0,5026.0,11428.36,12208.56,780.1999999999989,12189.97,12179.55,12196.92,17.3700000000008,4.8122829329557915,-1.5599999999994907,89.26891759341837,13.9948246046207,74.42242763388859,0.695046747563159,11415.85,12325.65,909.7999999999993,81.254516749039,26.98713422193301,8.014400844379367,30162,1.0,1210.862613890617,1.9403520986664078,-26.39928426557277,-39.389415678178224,-33.236332655294014,146.16656221936267,1210.862613890617,4.316588422518165,26.39928426557277,39.389415678178224,33.236332655294014,146.16656221936267,1356.6180706705875,5.188297076747949,29.9184358485251,44.820057139243644,37.75194220539571,160.90076680072235,5.188297076747949,RMSE_Last_Known_TVT,Easy
fa667be2_,1363,8798,1502,7296,0.829279381677654,13771.0,21066.0,7295.0,12080.09,12590.26,510.1700000000001,12590.22,12566.75,12590.22,23.469999999999345,5.224765921008301,-23.44999999999891,79.75842629224822,10.447378551579448,93.6172547471944,0.12541118421052633,12067.95,12748.95,681.0,77.52417461482025,25.874082210009103,2.234251677427963,43776,1.0,1182.2449550996964,7.083858278507971,-2.4243538434615517,20.281948527536716,11.372707258002839,-158.27166601749457,1182.2449550996964,7.083858278507971,4.207081149000101,20.281948527536716,11.372707258002839,158.27166601749457,1333.783137951123,8.802015991385062,5.240585507613148,23.3760808668725,13.3763518052442,177.80810846572928,5.240585507613148,RMSE_Linear_Extrapolation_10,Easy
fae0c593_,1928,6147,1744,4403,0.7162843663575728,11979.0,16381.0,4402.0,10069.95,10889.490000000002,819.5400000000009,10875.63,10855.740000000002,10887.570000000002,31.829999999999927,10.943282458204013,-5.649999999999636,98.80378733603507,14.710174304205193,87.92848557571291,0.03202362025891438,10057.84,11021.27,963.4300000000003,91.73659232365145,36.21446158188157,7.067195012383621,26418,1.0,1242.4047708630421,0.79602089484348,-92.62216092266189,-90.18351033825115,-86.32281800072272,-107.73866421172585,1242.4047708630421,9.907594821712577,92.6321230008598,90.19574456826055,86.34847561635571,107.73866421172585,1443.6846812117867,10.97095627674098,111.7615627034566,108.95841067026758,104.52205134752222,124.4530308360108,10.97095627674098,RMSE_Last_Known_TVT,Moderate
fb03ae90_,1985,8129,1698,6431,0.7911182187230902,12330.0,18760.0,6430.0,10671.570000000002,11504.09,832.5199999999986,11478.2,11427.4,11478.16,50.76000000000022,10.997631000810546,-34.81000000000131,74.75285367392524,12.27511178518676,111.98161370837363,0.16902503498678276,10659.45,11651.45,992.0,83.21784382871536,27.221614914146183,8.464990154790115,38586,1.0,268.7929193727117,41.45374591820928,-76.66116317185428,-138.60732482889097,-98.17238805538896,-16.374990339164494,720.010898286084,41.45374591820928,76.92538951869764,138.60732482889097,98.17238805538896,30.739234784455476,938.6648216990613,42.88755217158539,99.71829051027008,170.4849235102362,124.19385504006412,41.598012047849465,41.598012047849465,RMSE_Z_to_TVT_Linear_Model,Difficult
fb0904bd_,4012,5087,1906,3181,0.6253194417141734,12108.0,15288.0,3180.0,10146.03,10972.18,826.1499999999996,10968.85,10964.05,10969.14,5.0900000000001455,1.2612810706433135,-0.10999999999876309,86.74990096025982,12.398215455740948,65.6209764124584,0.5422823011631562,10133.7,11136.45,1002.75,96.73698404785642,38.23186518089219,9.987083087596602,19086,1.0,1038.1050879770464,1.2826532536940234,-12.602437655157805,47.73412508084451,43.678505834662275,-85.02537433847982,1038.1050879770464,1.2877459918266771,12.635716498290193,47.73412508084451,43.678505834662275,85.02537433847982,1165.8972322575105,1.7987576836953807,14.66555478289784,55.05367667175469,50.37207458015684,94.42265383916005,1.7987576836953807,RMSE_Last_Known_TVT,Easy
fb3848a1_,1053,7859,1940,5919,0.7531492556304873,12327.0,18245.0,5918.0,10037.93,10940.76,902.8299999999999,10937.11,10931.87,10954.240000000002,22.3700000000008,5.947653040101432,9.329999999999927,86.0363005304907,12.895082949955105,69.15158946775142,0.6058455820239905,10026.21,11077.56,1051.3500000000004,90.9840930674264,28.51991463283742,4.947792536935694,35514,1.0,1064.3214590526065,-7.988214225375471,12.642088805822105,6.408415837647004,13.310993457745958,-132.81717120075913,1064.3214590526065,8.691991890521708,13.332665428522047,8.27452159412721,13.93690357079817,132.81717120075913,1182.6759560911532,9.958923975567506,17.557259856048354,11.199731726831743,18.276513603032072,146.5191385829136,9.958923975567506,RMSE_Last_Known_TVT,Moderate
fb73b13a_,2204,7465,1825,5640,0.7555257870060281,11856.0,17495.0,5639.0,10033.16,10797.7,764.5400000000009,10797.7,10787.070000000002,10818.09,31.019999999998618,9.072651220323447,10.699999999998909,58.97931295108748,13.771676147337523,128.27760992715963,0.4015957446808511,10020.95,11122.45,1101.5,136.21928765880216,49.842942897536396,77.23997470771468,33840,1.0,1585.0375013819096,-4.154608156027798,131.0584524486753,136.01857207198918,132.3806163337734,-232.5617467357844,1585.0375013819096,8.33961524822683,131.16717619680878,136.07982588341287,132.47592539441882,232.5617467357844,1809.0308103090704,9.977934385041513,152.5173813559361,158.2345476904506,154.04126989598458,263.03399845098716,9.977934385041513,RMSE_Last_Known_TVT,Moderate
fba7683c_,2172,2058,1651,407,0.19776482021379982,12888.0,13294.0,406.0,10978.94,11857.38,878.4399999999987,11857.08,11852.98,11862.92,9.94000000000051,2.272369091296976,5.8400000000001455,102.12249775253139,14.222960591637008,68.89768617325241,0.0171990171990172,10966.4,12051.84,1085.4400000000005,98.27336095764272,30.6600699913914,3.849136794888665,2442,1.0,58.64069182608294,1.1741523341520774,2.5836068796675327,0.5325163305505597,1.4976135586445731,-14.222350696317696,58.64069182608294,2.072039312039204,2.839620281479754,1.844871895739513,2.2154291235916386,14.222350696317696,60.06310941568841,2.555309739035002,3.435871327055718,2.4249834772776744,2.696763208609265,14.398572679627582,2.4249834772776744,RMSE_Linear_Extrapolation_100,Easy
fbd68d27_,1588,8552,1723,6829,0.7985266604303087,12313.0,19141.0,6828.0,10585.03,11231.63,646.5999999999985,11231.63,11195.68,11234.63,38.94999999999891,9.159625051416114,-19.539999999999054,81.79239835715087,16.225287240003453,92.47830943342612,0.2525992092546493,10572.95,11366.45,793.5,76.55952141057935,25.995778917161502,5.232876946571523,40974,1.0,3582.4479025472565,20.107756626152227,165.1935142015687,155.92721447183305,169.71673381699742,110.54227957132323,3587.981606456158,20.190260653096196,165.1935142015687,155.92721688163329,169.71673381699742,110.62994787144486,4185.387536394993,22.09543667740266,188.47723740939867,177.78666343317767,193.69605173826272,128.71094449279687,22.09543667740266,RMSE_Last_Known_TVT,Difficult
fc03f21f_,2109,6202,1399,4803,0.7744276039987101,12456.0,17258.0,4802.0,11010.43,11893.320000000002,882.8900000000012,11887.91,11859.97,11887.88,27.909999999999854,7.959957656612205,-27.86999999999898,104.85995232676403,20.19964350789886,130.04823462379161,0.07287112221528212,10997.9,12051.84,1053.9400000000005,97.94235656709341,31.043215559157304,6.917595759670618,28818,1.0,1826.272344492145,10.16356235686,-53.59861946219626,-154.2750659059577,-290.1331512084655,-120.8095293358644,1826.272344492145,10.16356235686,53.59992273855717,154.2750659059577,290.1331512084655,120.8095293358644,2116.383844424757,12.90913373270699,63.098573214658124,179.0974525546257,335.90240615465194,138.00155567457915,12.90913373270699,RMSE_Last_Known_TVT,Moderate
fc0d20b2_,1039,5308,1354,3954,0.7449133383571966,11763.0,15716.0,3953.0,10374.95,10799.1,424.14999999999964,10796.320000000002,10773.22,10796.95,23.730000000001382,9.167342725555104,-21.530000000000655,74.55880232288298,12.852981069168889,80.19065530206252,0.47774405665149217,10362.64,10881.6,518.960000000001,66.61935514918191,20.59985555788516,7.939447173701069,23724,1.0,656.0411432645387,7.639097116845072,-12.135902882811825,-6.840973090164659,-10.40766758900929,-119.93021351781495,656.0411432645387,7.689668689935407,12.13732928645399,6.892309849395871,10.410407390848166,119.93021351781495,730.6123247298549,11.932087953866953,14.015266542129629,8.92969887417005,12.252493159866992,132.2498050514175,8.92969887417005,RMSE_Linear_Extrapolation_100,Moderate
fcfcc902_,1962,4665,1874,2791,0.5982851018220793,12498.0,15288.0,2790.0,10623.89,11440.36,816.4700000000012,11414.16,11397.98,11415.62,17.640000000001237,2.9463631390381333,-16.18000000000029,86.83362261563207,9.799713572705048,74.43960560050814,0.04693658187029739,10611.45,11591.95,980.5,85.05190112130478,30.05913740892946,1.7817214943272859,16746,1.0,375.1687803643615,8.300408455750343,4.154711486415578,6.772473262240873,7.800999091924316,52.438964210342434,375.1687803643615,8.352662128269177,4.2174601048092315,6.828415523611402,7.8544363665119,52.438964210342434,394.4141754203121,8.80765155445474,4.677540275503939,7.1913571023611125,8.272717902701874,54.88578996717769,4.677540275503939,RMSE_Linear_Extrapolation_10,Easy
fd3b4faa_,2174,6956,1934,5022,0.7219666474985624,12435.0,17456.0,5021.0,10463.490000000002,11343.740000000002,880.25,11338.92,11333.06,11355.28,22.220000000001164,6.647573499520202,7.260000000000218,89.32308994339115,13.133977409701597,62.26428438436047,0.5503783353245719,10451.44,11537.41,1085.9699999999993,95.49114075436982,33.401096718830594,6.16805081097867,30132,1.0,1021.6964186928361,-3.357867383512628,-3.357867384400589,-9.180659192682786,-4.701354058157991,-105.51476764261751,1021.6964186928361,5.955967741935509,5.955967741975226,9.180659192682786,6.105668253533377,105.51476764261751,1170.5191112644056,7.446926041471426,7.446926041616198,10.714382013372587,7.818273944033458,118.39346808024786,7.446926041471426,RMSE_Last_Known_TVT,Moderate
fd710aea_,1906,5960,1743,4217,0.7075503355704698,13305.0,17521.0,4216.0,11426.95,12164.72,737.7699999999986,12161.08,12159.93,12175.87,15.94000000000051,4.736818300161615,4.510000000000218,71.94996464840425,8.056561640710324,46.510919325981895,0.25752904908702867,11414.45,12366.95,952.5,92.27275970619098,27.942376561740083,20.322795057786735,25302,1.0,184.68696995376385,-5.428211999051679,45.82687890964348,23.501092231362772,34.44176207053197,-61.857561029604085,216.92526562404387,5.500780175480377,45.82687890964348,23.50280943960245,34.4418711607889,61.857561029604085,259.20902531836424,7.203999750290396,53.216134500267586,27.56730652118602,40.11572367288494,69.83383544100388,7.203999750290396,RMSE_Last_Known_TVT,Moderate
fd8f77fa_,2054,6756,1484,5272,0.7803433984606276,12155.0,17426.0,5271.0,10523.54,11389.18,865.6399999999994,11380.16,11380.18,11421.98,41.79999999999927,10.665326036346668,10.469999999999345,91.18576968347644,11.620441470114075,112.7683907576974,0.5058801213960546,10511.43,11537.41,1025.9799999999996,93.81903602726386,33.46824657685322,2.633266343787426,31632,1.0,-416.6355754296083,-25.256157056145966,19.484449003569686,-106.20216515694517,-121.2526096372449,98.79287481636085,416.6355754296083,25.256157056145966,22.289398306999725,106.20216515694517,121.2526096372449,98.79287481636085,424.9124122999387,27.415343744152285,29.963739385667722,118.53635403083214,135.83014390747093,113.07141186465397,27.415343744152285,RMSE_Last_Known_TVT,Difficult
fde20ecf_,2013,6386,1719,4667,0.7308174130911369,12931.0,17597.0,4666.0,11188.12,12023.39,835.2699999999986,12023.39,12023.39,12047.7,24.31000000000131,6.81118858715794,21.970000000001164,76.10917989209561,11.224173305532817,75.43312270615104,0.2989072209127919,11175.95,12181.95,1006.0,80.92301539990065,23.685698568927048,4.813835507805038,28002,1.0,-40.84284086582186,-14.830012856225276,-11.859467401550935,-6.436296204632268,-13.723814537000296,62.175956268091056,83.34383953199692,14.830012856225276,11.859809688790214,6.468206285777702,13.723828124985307,62.175956268091056,98.149123294154,16.31905728866344,13.205467808238938,8.200313103441644,15.143627335459614,69.63800897821183,8.200313103441644,RMSE_Linear_Extrapolation_100,Moderate
fdfd57da_,2333,7364,2128,5236,0.7110266159695817,12534.0,17769.0,5235.0,10384.08,11368.37,984.2900000000009,11367.820000000002,11360.1,11375.43,15.329999999999927,3.596363978869788,2.899999999997817,101.2686149107121,16.451857292924988,122.91110886365729,0.5544308632543926,10371.96,11537.41,1165.4500000000007,97.09653236176597,32.81067967847462,4.172082548946136,31416,1.0,1441.5510451175464,-2.348947669975688,-0.9206749432550543,4.769004235185355,-2.893394488713718,114.94120745450269,1441.5510451175464,3.7430271199382035,2.6787081397464716,4.818410393158872,4.17928923365387,114.94120745450269,1587.4433909001957,4.29522046585047,3.3232187126845885,5.961371331576127,4.764831461805483,125.60370735537151,3.3232187126845885,RMSE_Linear_Extrapolation_10,Easy
febb4411_,2384,6275,2028,4247,0.676812749003984,13675.0,17921.0,4246.0,11695.84,12613.23,917.3899999999994,12613.23,12583.39,12615.16,31.770000000000437,7.1539466834154775,-7.989999999997963,62.4363277521243,7.094784922230847,38.46129528967611,0.035083588415352016,11683.35,12874.68,1191.33,94.0775293624161,28.228744041465966,31.6412016102918,25482,1.0,1091.490293350886,10.888215210736416,49.50639702794853,39.87237146632862,49.37213741943273,75.35696042522385,1092.911869842163,11.221358606074439,49.50641500855519,39.87942297440865,49.37215766234978,75.35696042522385,1249.84836810848,13.027667980552959,56.620452810911125,45.56513740984518,56.466201416425285,85.44129003768836,13.027667980552959,RMSE_Last_Known_TVT,Moderate
fef8af96_,1316,5068,1242,3826,0.754932912391476,11767.0,15592.0,3825.0,10499.9,11042.3,542.3999999999996,11042.3,10954.44,11043.2,88.76000000000022,24.43706323509813,-87.85999999999876,78.17747402760128,12.57709169630214,88.77646827450721,0.34892838473601673,10487.85,11145.28,657.4300000000003,68.44032674772036,24.21820446163642,9.737147279880915,22956,1.0,688.5876669817035,37.25376372190192,75.523763721918,86.10513740926223,79.83867176506187,68.67378967843807,688.5876669817035,37.32040773653871,75.52376372191802,86.10513740926223,79.83867176506187,68.67378967843807,806.7598266116879,44.55173272632465,88.53189045744871,100.72411473114313,93.50287918661034,78.88431928262573,44.55173272632465,RMSE_Last_Known_TVT,Difficult
ff0aea78_,1820,4976,1715,3261,0.6553456591639871,12973.0,16233.0,3260.0,10974.36,11744.71,770.3499999999985,11721.43,11720.65,11760.08,39.43000000000029,11.083435192778587,22.06999999999971,90.04463442798033,15.471864766515864,113.22568116941294,0.4563017479300828,10961.95,11871.45,909.5,91.75048901098901,26.580689662371665,1.705854583008687,19566,1.0,255.23426314891083,-28.627770622508283,-63.62013425879158,-75.54576354181171,-68.83299751329244,-45.89873502557618,258.86860667360116,28.650873965041256,63.62013425879158,75.54576354181171,68.83299751329244,45.89873502557618,310.26990458799264,30.697786830378174,69.22092059605993,82.76039860276616,75.1289359032147,52.86373601657297,30.697786830378174,RMSE_Last_Known_TVT,Difficult
ff8bb73a_,3870,7670,1743,5927,0.7727509778357236,12185.0,18111.0,5926.0,10378.28,11212.0,833.7199999999993,11211.820000000002,11184.03,11227.820000000002,43.79000000000087,9.20926488605898,0.17999999999847205,78.23235927459518,9.424163413874188,78.92512824135201,0.05230302007761093,10365.79,11331.96,966.1699999999983,88.8269173126615,34.06604964345816,10.59455803806631,35562,1.0,1047.7091451722686,3.5298903323786472,-10.841018757704568,4.208239927337527,-8.035758647269184,-197.7040413122283,1047.7091451722686,7.215515437827343,12.279424615013504,7.5915744081647984,10.175567072895772,197.7040413122283,1151.5960296143421,9.861864748200674,14.851856352199297,10.249177681169156,12.379375351283924,216.22518696300187,9.861864748200674,RMSE_Last_Known_TVT,Moderate
ffefef30_,2014,6421,1851,4570,0.7117271453044697,13810.0,18379.0,4569.0,11987.96,12762.570000000002,774.6100000000024,12762.570000000002,12750.37,12772.06,21.68999999999869,6.459684075073827,-9.300000000001091,76.43587858616804,16.96573902299537,87.56342856765306,0.28687089715536107,11975.45,12981.95,1006.5,85.96297418073485,25.27178417430272,9.527095594566802,27420,1.0,828.4175417458933,2.7894157549247924,33.53977939198717,33.209811614531944,35.56562583901409,100.54890732482158,828.4175417458933,5.830431072210213,33.53979562433247,33.209837681926416,35.565627569596906,100.54890732482158,901.9897413781159,7.035568765607176,40.92768062122323,40.54934701870426,43.251493732052836,108.68696102705289,7.035568765607176,RMSE_Last_Known_TVT,Moderate
