well_id,Bias_Formation_Marker_Baseline,Bias_Last_Known_TVT,Bias_Linear_Extrapolation_10,Bias_Linear_Extrapolation_100,Bias_Linear_Extrapolation_50,Bias_Z_to_TVT_Linear_Model,MAE_Formation_Marker_Baseline,MAE_Last_Known_TVT,MAE_Linear_Extrapolation_10,MAE_Linear_Extrapolation_100,MAE_Linear_Extrapolation_50,MAE_Z_to_TVT_Linear_Model,RMSE_Formation_Marker_Baseline,RMSE_Last_Known_TVT,RMSE_Linear_Extrapolation_10,RMSE_Linear_Extrapolation_100,RMSE_Linear_Extrapolation_50,RMSE_Z_to_TVT_Linear_Model
000d7d20_,675.6697880511517,5.445565693431345,27.072292966636965,29.377486125456624,37.475533520500946,-58.280021846090555,675.6697880511517,6.134966110532169,27.08822120627835,29.38431393495293,37.475533520500946,58.280021846090555,760.5518160060432,7.454442102844319,32.107815976447796,34.76235079281408,44.09440636770479,64.62759529912027
00bbac68_,711.2268970021431,2.521854007316989,53.740490370620996,25.348535375452265,41.82370514789918,-103.27802280379811,711.2268970021431,12.104334885267482,53.83392986029821,25.95146604625117,41.994753017554665,103.27802280379811,806.0411655174834,15.263052288602681,68.07597275271704,36.47567818558895,54.643155698705144,115.59151370179744
00e12e8b_,-1222.2882867651729,0.7603417809825593,90.05943269081347,79.73385825264747,91.39465054456204,-100.60126503228135,1222.2882867651729,6.519876772843751,90.05945326390075,79.74011497254858,91.39465727171698,100.60126503228135,1281.9894376060984,7.92458894231589,106.49474391910924,94.60386283103423,108.0328792073174,107.21385008563801
015fe0d2_,677.4438727432542,-19.749576350092607,43.53351455886268,35.856285246115604,44.46400756344087,79.1513706458457,677.4438727432542,19.800242085660624,43.5335183679028,35.87855946163737,44.46400834811228,79.1513706458457,774.0036157023115,23.154889673287215,52.00311673009258,43.268443384774436,53.06469677249864,88.81159878646632
01869cd4_,311.48287731851354,-4.467759582508185,-1.7729717027054954,36.99912268574921,19.186768148714958,85.69060297520258,311.48287731851354,8.635673924779429,7.0036414891918595,36.99912268574921,19.186768148714958,85.69060297520258,347.5873244291661,10.618593023436276,8.80378454152798,41.398682801765034,21.548786688145295,95.05785863687204
01982c1d_,753.4534138792095,2.9473560010147337,52.16262872916316,39.92610721614349,46.93496512466088,-92.54452368784287,753.4534138792095,5.776277594519081,52.22413033234768,40.135636020584386,47.050138992756786,92.54452368784287,842.1410713350042,6.33452473981023,60.48417150314965,46.427202495585924,54.474243892328474,102.79134278786907
028d7b28_,1285.8333972042508,1.806828681424373,73.60379838005144,115.01912646116342,93.54441211490224,157.34579001711688,1285.8333972042508,5.793652550529349,73.60379838005144,115.01912646116342,93.54441211490224,157.34579001711688,1430.747508953907,7.393605105422137,84.04520932678449,131.74884138144017,107.00049978565589,174.0364521490542
02e7fe5a_,1030.5959770823154,-6.604598668755465,78.85503769360488,85.5129859396745,81.95221909822193,-70.93579086983968,1030.5959770823154,6.944919733751464,78.85966095836,85.51339691898701,81.95452368871916,70.93579086983968,1114.3932879859512,8.414429717261077,92.42063963133828,100.0958719334338,95.9908014616985,75.73112997788073
0390d174_,668.6202020510983,1.676087055088481,51.41135978268508,61.95290253667923,58.99183351354261,97.78990612650327,668.6202020510983,7.240213103604261,51.41135978268508,61.95290253667923,58.99183351354261,97.78990612650327,736.4268171076465,8.517417217402954,58.77705549102749,70.84297521662735,67.44987943016443,106.86185421804628
03a935ae_,877.2153892800898,31.036238334529738,3.1662383345840177,2.8046725379551467,3.8253487787533538,-53.29998583559072,877.2153892800898,31.036238334529738,4.6670854271484945,4.593437918667033,4.860104107416201,53.29998583559072,954.6459801705008,35.05448621305352,5.875162602593484,5.71237106912778,6.2332218258374725,57.742210206542815
044af7d1_,499.4832005061656,-7.904093826067218,124.4086334464421,83.64712969629286,77.31499861081295,71.42821573378099,499.4832005061656,8.178508519583561,124.40863738939005,83.69283649998934,77.38304976513649,71.42821573378099,559.1692117742147,9.868136513863366,145.04391163934963,98.03834025756875,90.74172254530136,79.47800671801619
0498acab_,1157.951295408129,-2.889470612756329,125.37471120703269,122.91977721203762,131.44796276056348,81.1664557566405,1157.951295408129,4.847002917882889,125.37471120703269,122.91977732634666,131.44796276056348,81.1664557566405,1312.679849689551,5.996139045372776,146.7155455704257,143.8832436785031,153.72272471872188,90.8761985023943
052d64df_,631.6117163404471,-0.5179672801621039,-3.4828157641214665,-2.938575260956257,-4.070980485368055,-70.52445532916187,631.6117163404471,5.660822085889979,6.158202019961785,6.02167768389001,6.324605243301316,70.52445532916187,685.7412303372417,7.3962717049147795,9.150918444832854,8.755195553546718,9.606504124774194,75.22440438747803
05948241_,1179.8610507086414,3.152897654033911,-62.33679931633833,-11.56362919865435,-41.340874254777475,-97.84812543101452,1179.8610507086414,4.229989688063631,62.33684937610063,12.11036857031725,41.4146386565006,97.84812543101452,1333.1331385122821,4.995769989509691,73.59110108095835,15.497850927949015,49.41636082022918,109.5879702287508
059c8f24_,1339.6716153117545,-7.923155960369353,101.13517737425607,91.35138199342697,97.88925892555592,170.58489172714317,1339.6716153117545,9.025370725470564,101.13521950215052,91.3516454291665,97.88937066421113,170.58489172714317,1458.674704280006,10.912174729109239,116.83431752226268,105.55290199136986,113.0911987601275,184.18537061645947
05a0ee4d_,850.6100954250745,12.527079116835182,80.5296245714279,56.94938049699592,66.06415666775658,-123.41567675835907,850.6100954250745,12.701789328426742,80.5296245714279,56.95213845393237,66.06510048241218,123.41567675835907,934.0610820963717,18.344706956532814,95.24497103773994,68.16288840582988,78.619443834496,132.89692960555982
060ab2b8_,814.5845688681725,-6.731267178012116,34.805732821401016,44.964166815415204,28.64823750383765,-107.89807492701945,814.5845688681725,7.921228827101297,35.026227025196036,45.069875200731,29.009732974509692,107.89807492701945,913.7501538197963,9.048312196834127,41.5233233662926,53.15988601753286,34.50051288533995,120.34503948375055
06df5958_,669.4092990177236,0.9089512681666895,0.9089512685481999,49.5920088739078,5.415066514208143,73.2160408448981,669.4092990177236,2.412080364776067,2.4120803648216764,49.5920088739078,5.503533843326765,73.2160408448981,751.7311427348061,3.0884860085517194,3.0884860086439154,56.936915313156405,6.582909607277416,81.25767196079323
071d7b45_,516.1592102549579,-16.364649641855674,44.2740170256629,53.776641447242845,42.2456744878253,-106.24272074725837,516.1592102549579,16.364649641855674,45.07894372642886,53.9634889402641,43.20493240338398,106.24272074725837,577.5587787669194,17.11579247751261,57.434094011518106,68.251466774682,55.13302353484204,117.22642782807867
0849b4e2_,866.3819033076278,8.440014448256925,-12.03380373411851,-21.9425535085703,-16.158544975366883,91.33941691089477,866.3819033076278,9.379115044247689,12.035185556678194,21.9425535085703,16.15854618516993,91.33941691089477,992.9183332919627,14.567522114617379,13.443168189299495,23.80850076702503,17.59673969237672,101.13886796171145
084d66f9_,-669.1497602759483,-5.267410553409179,8.39246823479873,-7.360114243791599,-2.1222230383844796,76.65237134145968,669.1497602759483,8.28724066923996,8.92747145611107,9.45095307466607,7.11748579066585,76.65237134145968,709.2268407510726,10.693040191903986,14.87554863036152,11.912431307219583,9.740414730198934,84.76134418570258
08fecf00_,-54.26315025369988,1.8950430570508021,-25.979956941769768,-27.414770924358006,-26.55418863583997,90.29587511268525,75.98505217512408,3.7481575170434698,25.979956941769775,27.414770924358006,26.55418863583997,90.29587511268525,94.02001801199006,4.759806836739511,31.55223154016789,33.191686387910316,32.20815134232622,98.8850851094371
09053135_,1261.0313099560778,-12.254980531573667,-46.091707804106846,-41.94866297982867,-50.90734355672577,99.83010369143179,1261.0313099560778,12.283340104961095,46.09171777686644,41.948750631011244,50.90734744752536,99.83010369143179,1433.643590765715,13.261553626472297,50.150446864228975,45.43825271933696,55.64298232465908,111.48620003285218
09441b8d_,759.1149291034282,12.652649416910203,30.616649417761412,27.95844512651931,34.604695755369754,-110.57909726446728,759.2494896025106,12.67259110787227,30.61664955028195,27.95844743939637,34.604695755369754,110.57909726446728,885.3225195795219,15.9390645279074,33.839238610801715,30.967730591910424,38.205025680450795,122.90618881227034
0955cd6c_,368.7964838311275,5.667599615013482,7.084690522607276,-1.0382491698498044,7.636216181591215,75.65498374130807,368.7964838311275,6.652188642925418,7.8325853867859205,3.584236836692072,8.299045492911574,75.65498374130807,432.56371293729046,8.023088122545198,9.437648088225728,4.484561701013687,10.00647607959674,84.19860096937744
09ec2ca9_,1146.8668223523357,2.548613423959661,79.06661342447698,49.538248527498794,77.06551474457167,-96.40209196819339,1146.8668223523357,4.493126593033173,79.08578555701578,49.679316650317666,77.0907924819161,96.40209196819339,1317.2164680836238,6.13281698431714,92.7478053940489,58.712956278742205,90.43987754398879,109.35228036021259
0a57a29c_,590.5593358737707,-5.642482391342186,-22.40278542319522,-51.805370180136315,-47.69647278750407,-116.75346634892715,590.5593358737707,6.273264043979104,22.50120014936829,51.805370180136315,47.69647278750407,116.75346634892715,684.5621997487267,6.952723985070934,25.85593122522747,59.716955118453676,54.97843254379548,132.77183839539308
0bbf5e67_,1256.0844750913716,17.213520241972052,-130.12493430260068,-130.54825617567283,-130.36139572443827,78.45880939644975,1256.0844750913716,17.213520241972052,130.12494860100588,130.54826846497994,130.36140886324426,78.45880939644975,1399.8289014187033,18.377119492009776,153.36232106284686,153.8505719406407,153.6350504633082,86.27400491713877
0be01c24_,-912.2318773134016,-6.740084423807008,25.140461031076757,-5.143640019372328,19.5024836434154,102.60328888870526,912.2318773134016,7.232942169691444,25.22225020180004,5.81044020503829,19.698182906151324,102.60328888870526,983.600828217,8.273369324203173,30.5467373879679,6.876860669533305,24.144132175248618,113.2427261403226
0c1b160c_,665.5445679290551,-3.5049742777983948,-12.23633791317506,-20.94222180257424,-17.10917475805641,85.63679533180617,665.5445679290551,5.408021369212404,12.255443859864695,20.94222302971714,17.111869645587895,85.63679533180617,742.9169705429871,8.432276859497074,14.754036731108668,23.79539898709972,19.694262433658725,94.691506017255
0d99f8e4_,1351.7697744511543,6.1123475871543675,45.291983950005736,4.145327845115915,29.199998007417506,101.67840997989249,1351.7697744511543,7.638134981968062,45.29344805004894,6.7914508434671435,29.28666654966061,101.67840997989249,1507.336332474522,9.343320012239094,51.56005544998802,8.131349331972922,33.27290321306633,112.75242454197688
0dc5e64d_,670.4377470417029,-7.829247796680386,13.021661294398367,-53.99934800668124,8.543650162594727,111.99501967211297,670.4377470417029,12.774826808772422,14.352255790232734,53.99934800668124,11.866018376169116,111.99501967211297,743.1044807114646,18.008822359134772,19.26527841549234,65.9243087623416,16.227924681510522,123.48584458257152
0dc835f3_,581.0850893768326,3.1081233062328404,50.61921421532802,51.762940677976154,49.5663660433803,-112.69765643003934,581.0850893768326,6.202129629629617,50.61921421532802,51.762940677976154,49.566366863003545,112.69765643003934,688.1931952930754,7.2297789729208715,57.260623469523125,58.57165616948011,56.0541593996093,133.17216902066076
0dd99dc5_,1957.1278752459234,-3.9165186597663064,118.24429952303895,97.70416822884172,107.13115024761764,-153.99505302570532,1957.1278752459234,5.960528466358144,118.25220145711633,97.72655570581341,107.14614131775875,153.99505302570532,2208.2420331894464,8.234632190411654,137.5165679046197,113.84051552802364,124.70481502205587,171.39868923845398
0e5e560d_,968.7227532082346,-7.99898247771289,68.91374479543443,39.15101866240533,57.78572532542238,-89.64377704920592,968.7227532082346,9.51943744236091,69.15987284505745,40.53170940610594,58.33249073727372,89.64377704920592,1056.748389017331,10.293900986020363,84.39326284052137,50.36231607387775,71.6321372142733,95.75339821813543
109d9d70_,860.7279701730884,-5.18734994068786,-31.377652971090523,-23.384329478623076,-28.67548055299164,-117.53503191174553,860.7279701730884,7.284341637010576,32.34223976428587,24.64903843179674,29.738497585111954,117.53503191174553,978.8048382708394,9.371137061320914,38.510891591871896,29.382542089854006,35.419162988091124,132.40730475343628
10a1281a_,458.42638095641314,-2.509816366553439,36.080183632967994,38.5451836334095,42.00381628634894,-168.5902648389489,458.42638095641314,3.008108397218611,36.13209773206791,38.56980925132908,42.01210807105387,168.5902648389489,499.39263010333843,3.5911852573850855,42.305381756670435,45.146057926937324,49.13288030736869,180.32465155952207
10b89021_,992.6193036706318,13.903258219431017,-19.40719632627598,-31.8540604123991,-37.08745006388027,-110.98657675845405,992.6193036706318,13.903258219431017,19.914138238913697,31.896773393147043,37.10548879411192,110.98657675845405,1059.7723824962009,14.721334704881999,26.885267611772704,40.880779959076335,46.83341179504188,117.48296222188428
10be2420_,995.5533224936889,11.578043411799644,-8.946320225511629,-11.369936666213846,-10.918233178871954,-108.60258717550404,995.5533224936889,11.62637114032317,8.946324672302989,11.3699378562075,10.918234706502266,108.60258717550404,1103.7213943440795,13.259451874685324,10.833566057699894,13.587099122305661,13.07246450520331,118.93719834847055
113011eb_,542.8560522824995,-1.0127995110026504,13.269382307300411,6.125149003845502,9.99988284191156,70.30422091456943,542.8560522824995,4.0868154034229764,14.340671371517761,8.871323602602262,11.73589670643725,70.30422091456943,624.0729539121063,5.177910618587731,17.84193381191029,10.223764781562252,14.26877342494982,80.21838874881738
1131525f_,451.44957376826267,-12.86002163981705,64.03694805688465,68.91911307366412,61.47563262203711,49.181232806803585,451.44957376826267,12.86002163981705,64.03697516130225,68.91911504464267,61.47570591511967,49.181232806803585,513.6554155758054,14.670165574890584,75.33811475178796,80.96175726107026,72.3886374485731,55.44272545235134
11d0f5ac_,751.5548739697191,-19.230178169158233,-73.99017817012225,-31.34361183253202,-49.40309629649662,-106.51461118033315,751.5548739697191,19.27818963751785,73.99017817012225,31.3512504077514,49.40418689343987,106.51461118033315,840.1753055364592,22.169205194123972,84.54212624869538,35.708499839198815,56.301346591460266,117.78866711654273
12203f2a_,403.1890355369634,12.143532658693355,-0.014830978377121563,-5.0542441789961,-5.990524484186499,-92.174877397822,403.3537871048212,12.147672493099986,4.540361350361076,6.060891159055166,6.668289321558265,92.174877397822,462.32994301830206,13.762320645487467,6.36571648482363,9.713528738526149,10.574148137991852,99.01668508145184
122bd617_,984.9148920716223,-5.392921225382867,46.1347151370357,54.237714358114424,49.70381658969337,-110.49418034555227,984.9148920716223,9.133967177242846,46.20947845516296,54.237714358114424,49.70381658969337,110.49418034555227,1101.8506461550476,11.670160284769418,56.24583759715672,65.4511142768717,60.29473721089893,122.85917155448836
125be846_,959.7008439788035,16.976098310291864,-7.292174416156827,-16.94693448301364,-5.902289444942145,-139.65234306382828,959.7008439788035,16.976098310291864,10.320031643060426,17.7124163214995,9.387703688013582,139.65234306382828,1071.1961288225261,18.441379950265283,13.509187866144064,23.58946737539245,12.211833550249175,153.86771920716566
1285a37b_,663.6644175496078,5.089044130783481,26.802498675755565,30.55011865819702,31.571011477734682,-122.22566865278733,663.6644175496078,5.098252635339538,26.802502812170637,30.5501196267627,31.57101205530357,122.22566865278733,754.4715726216516,5.549117512133954,29.857263384803662,34.164529232393704,35.33871924598534,137.9517741698504
1295a25b_,336.91371634811964,-5.309340659340366,-100.87103762716251,23.323521026831866,-17.836998762490538,95.49960898988107,336.91371634811964,8.37123221041238,100.87103804204818,23.323521026831866,17.970153939229228,95.49960898988107,386.89100166061826,9.716800903498608,113.78981168521103,31.369837344039613,19.81500716382728,106.5146115517129
12f0cd90_,999.9453233101526,-0.2953405078191329,-95.4633405074864,-41.938300363802604,-87.46460149234584,176.8651375995449,999.9453233101526,6.239994955439722,95.52292483572035,42.37448895389419,87.55566928360504,176.8651375995449,1106.0457125747596,7.895034499573364,110.23260875169414,48.78971430883319,101.02273125950656,194.13156567317262
137d1e44_,1107.1144758360451,-16.474857268335754,55.16287000330686,56.2201001273809,52.5774116393016,-91.35688619509901,1107.1144758360451,21.009209486166085,55.16301700694011,56.220174051136915,52.577755095788284,91.35688619509901,1295.5652649466913,25.010172511867026,61.801451452485054,63.00014002300766,58.87387015355234,106.06564801702598
13ce113d_,-556.378418778621,-0.5228995279843035,3.5230095635922245,9.38152153414078,6.397725922114611,-72.91850861862449,556.378418778621,2.6264463924476575,3.615722124005505,9.38152153414078,6.3977263738124845,72.91850861862449,584.3736816717308,3.381014512965784,4.198457838592285,10.195707916423608,6.967875073522182,77.82569215070353
13f598d9_,1532.5301560862167,-14.003202846974638,191.69991836310987,176.5838772610713,190.94542788535827,-142.8691220020042,1532.5301560862167,14.003202846974638,191.70533811773498,176.6186860869305,190.9518306081117,142.8691220020042,1730.2284476478444,15.16858992587756,226.26756936270587,208.83188149928785,225.39723095985062,159.1281594935404
14a53cb3_,2203.319518331093,-7.667499638676098,-63.44689357799319,-117.42725361405954,-91.0215164455354,-100.1882455341776,2203.319518331093,7.6706156959098015,63.44689357799319,117.42725361405954,91.0215164455354,100.1882455341776,2486.1657330362336,8.94761773897247,71.56546010169683,133.79022376628484,103.3358654581981,112.42907982299727
14ab73fb_,-175.5842985591228,13.023165250754353,0.7458925225104354,-7.315537119490001,-12.646894773222575,4.6852462962720836,306.4396214462706,13.023165250754353,7.688137422482519,11.54175689971197,15.396266108893863,11.881617909505042,357.25181395021247,14.81915286795364,9.763368623811978,15.241354083621678,20.44690034615507,13.498087793495959
14ad5efb_,874.2789857007178,-1.0379082505986044,-1.03790825127606,18.193678488135262,2.058250453096922,154.06993052933808,874.2789857007178,5.136004792878963,5.136004793354186,18.193678488135262,3.8858500185268685,154.06993052933808,972.5991669913271,6.298504340917485,6.2985043412877975,20.008562098106665,5.579615922600759,170.30369498222896
14fee784_,771.2641888524469,13.19070672097817,-8.387929643033958,-31.521789678653096,-27.380166748384713,-114.62632420035577,771.2641888524469,17.724824847250833,15.982505338610967,31.52922305592178,27.704500943492082,114.62632420035577,883.2579511784697,21.419815878785553,24.117201689437337,45.74217018950276,41.43692596745209,130.12366058594125
153552f5_,728.0354233104971,2.433103301383496,-22.32762397098754,-38.13622259117494,-40.84789357742627,-99.96683062761595,728.312974016366,4.055646432374504,22.329825539387272,38.13622259117494,40.84789357742627,99.96683062761595,835.872335710369,5.161441840641978,24.628584628081803,42.800216695930295,45.92372511664222,110.16952767665666
1550491d_,647.7405737765012,19.81009642778932,29.90621764061637,32.31583984217057,30.977377100060213,-128.95511117583513,647.7405737765012,19.816561472715875,29.90622149241509,32.31583984217057,30.97737765949503,128.95511117583513,719.0468062277803,21.167156242041475,32.18390487145681,34.87487039956692,33.378283298220744,142.54692305823897
155887bb_,824.601662159519,-8.566302596238465,-138.5677571407411,-117.03710421637855,-147.09910259619267,-82.09470732026229,841.4252730818243,10.329951656220976,138.57149338229803,117.07026615822015,147.09910302591516,82.09470732026229,970.5882833378897,11.793313793912793,160.65015278663122,135.80682455215188,170.4954909844859,90.8449246278848
1590af81_,657.1406594340727,-2.074645959462466,46.40414191891062,68.60056556167123,69.3735653250305,-102.24346506853668,657.1406594340727,4.827322979731312,46.4685224018166,68.60056556167123,69.3735653250305,102.24346506853668,723.5898492773189,5.560887269871239,55.57603353068104,81.11779311402361,82.00827126443288,111.34838546008672
15e154a1_,872.2798112341951,-22.048216875411637,116.80314676218272,126.815631099391,122.60089741027103,85.56974097031282,872.2798112341951,22.048216875411637,117.06912416972548,126.93878223498565,122.78027559176157,85.56974097031282,998.9035591845641,23.22648490243106,141.47674322005992,152.99428375843567,148.1451758319108,96.4042476748869
1619e2ca_,603.558553139679,-2.8404839072707917,-149.49248390781023,-17.273150573951373,-66.22910239472242,74.95462406619983,603.558553139679,6.565543551654492,149.49248660868804,17.906565617142853,66.25925408343291,74.95462406619983,676.0378071220676,7.812315673810556,172.56864037230486,21.017043407520475,76.61727067279273,82.38843754323192
16e4a047_,744.4580300795295,10.375904139433532,-114.46058070881787,-70.00928589957931,-118.7121409986649,-53.56236786153729,744.4580300795295,10.375904139433532,114.46058070881787,70.05990119465997,118.7121409986649,53.56236786153729,879.0558690976828,10.715407020528387,134.51166666081565,83.2341546007809,139.4179475416829,62.90274289246061
173ed841_,1435.088985762093,-13.871103829613146,10.548896170306941,25.5961001307979,7.915171320524688,-111.70437138058129,1435.0911822742682,14.848126151955919,11.228318656501116,25.5961001307979,9.52355440677143,111.70437138058129,1617.4312191452511,17.58051747694951,15.749385738313402,31.657283557025803,13.346456028406234,124.95713228063255
1770d7c6_,1215.4844455147204,-8.808783149171921,44.0724592739619,41.821079647125856,45.53957243288178,-164.6057919166539,1215.4844455147204,10.730482044199373,44.072465769860116,41.821109941486796,45.53957518284365,164.6057919166539,1367.8208670931353,12.332849608315879,55.96683985885386,53.41755934030522,57.63049876037987,183.24998164251951
177622d7_,215.30984721826155,7.232457197209152,-24.317542802916087,-13.525701068654206,-18.645360329809627,-61.851689635493535,215.71394204440844,7.238753963220623,24.317986683702216,13.594305798663772,18.668585679809986,61.851689635493535,257.25676647387684,9.800349606500166,27.82845755255491,15.61206578657586,21.372443337175415,67.05844237248992
18d24f7b_,564.9629732173325,4.744493198771564,5.987856835653325,4.856519031346718,5.148399801537339,-108.8581655748565,564.9629732173325,6.261254936375679,7.202429494991252,6.345287314214663,6.564934955875475,108.8581655748565,638.1262697499593,7.530076271970659,8.815061716246495,7.643654564959237,7.941846412310866,118.24450636773204
19137a89_,884.2948193775596,-15.131846178394037,71.29057806438527,70.38300626686531,72.29960544212996,124.35055097162981,884.2948193775596,15.131846178394037,71.2905795149851,70.38300909085282,72.29960627624052,124.35055097162981,983.107476851241,18.119920942456794,82.84229556249113,81.79700679560614,84.00451232085335,136.66149917987659
1944513c_,-1017.8727504809465,-4.010434138077376,-34.63837353186959,-35.44892138680704,-33.83167159305712,-118.20188042432747,1017.8727504809465,4.301090639559704,34.63890127435167,35.44904913452463,33.832664921926145,118.20188042432747,1074.0141264172028,5.738736995920461,38.77593473684633,39.70472956280934,37.851893959013516,127.26832829686275
197f8a5a_,2264.942192233353,-20.443242472265965,-15.66218186403864,-12.635439141963776,-12.645786049493664,-126.07704245598995,2264.942192233353,21.31314738510283,16.94010637084006,14.319002328705693,14.327749589933445,126.07704245598995,2473.483668202413,24.61555435098563,20.000258352901028,17.3539295942578,17.362464835090258,136.7282009505489
19871e7f_,658.8477252661039,1.299093141885221,23.918911324217746,19.03454906751093,20.637128195827675,-119.95747299521514,658.8477252661039,4.804829019459664,23.92004324802751,19.042278581365345,20.642120885395606,119.95747299521514,726.854162039272,5.353880109906093,29.442706928412512,23.882738087392692,25.703156918870224,131.67502843327003
198a5607_,-356.69590986309277,6.849771236602367,14.427953055608294,15.983356115076365,14.948100168101197,-128.6126701770808,356.69590986309277,7.484626459766532,14.465025330093026,16.001590201393444,14.978119283218955,128.6126701770808,364.0818016017084,9.944851115115334,17.6778543889724,19.37237969528008,18.24236610454206,143.05468051959994
19fb4f7b_,636.9907961511373,4.242617437721659,-99.6607158969779,-99.12627398137167,-99.9719371840912,-131.64880726195776,641.0235497866972,9.225731316725843,99.89396964438647,99.37147831173445,100.19839258732074,131.64880726195776,768.0673579998728,11.089880426882702,118.50622661071195,117.89176979902936,118.86405551476383,147.5727825080586
1a518997_,667.5559935419375,-10.494446374295334,31.387371807147886,37.75423751411087,30.31925974819605,67.76724872983206,667.5559935419375,10.494446374295334,32.020142106771225,38.17172729369206,30.99210324112813,67.76724872983206,784.8659064003791,10.76070073803029,39.050045040726545,46.35369689982352,37.82658973930032,78.65885733363844
1a68190b_,769.9532972176064,-13.618994188645333,27.87646035774555,17.364305391304306,31.134229100607186,91.43446667856105,769.9532972176064,13.714631202503197,27.87646035774555,18.44805883169261,31.134229100607186,91.43446667856105,864.5074827011741,16.431826147748733,37.527355315243085,26.186153399446418,41.13443246946116,100.70324250339607
1a730ac2_,634.0371290953269,-14.730525515743853,97.48838357454724,61.42338975579803,108.18940389595909,77.9389400066619,634.0371290953269,14.730525515743853,97.48838357454724,61.43436796767782,108.18940389595909,77.9389400066619,720.0897522660822,16.350400725581075,117.34385030583003,75.95148875866273,129.65634043483027,87.25768858801837
1aaf1da0_,1053.9014225230378,-7.390799333886973,-4.333072060302247,4.920841830192184,-2.0055076171903283,-122.27364606142588,1053.920184749873,7.7373646960855575,5.109274164774534,5.341325359405062,3.3067390100016016,122.27364606142588,1230.0111450134204,9.288199403984146,6.182077232128217,6.684584662592261,4.283828825690786,138.41270812634724
1b08ed48_,1108.773858145101,10.200831256674466,22.63074034877406,9.896026216137475,17.20670568648585,-93.76317768933811,1108.773858145101,10.44722855108537,22.729488075225856,10.146706392891902,17.364349632009564,93.76317768933811,1243.0805874429013,11.838490879530399,25.858994989597548,11.504960971213443,19.68216210404697,104.20896016894501
1b1c5372_,1276.8494614669635,10.659866228584988,40.4938662285578,38.62129713166982,39.200428533534364,102.37335597216709,1276.8494614669635,13.441194555268806,41.058605961016404,39.288895979290125,39.83582992480511,102.37335597216709,1447.3730850243699,17.833374900392585,50.74457147586903,48.616297700800104,49.27419628748308,115.17569141052296
1b1eba53_,-281.5723436596913,-65.93120515574701,16.748067571280238,-25.64346438169584,-10.044672622805889,1.5107711971440572,281.5723436596913,65.93120515574701,22.84956242537987,25.831292689766258,14.258359899514605,14.308366037065245,283.6029476540569,70.63937461968057,31.124787561417598,27.451697546076872,16.60062696570033,16.84818672193451
1b6ba517_,96.90570927092298,6.850075792026098,-44.534348451716056,-42.85109630517762,-44.235711482806735,-131.70834268013166,147.63686991242525,7.082978626647934,44.53435756513308,42.85111609662471,44.23572221517608,131.70834268013166,182.27179571724486,7.818279827064867,52.657083557598654,50.718859416123934,52.31318131790315,145.7032616556198
1b82b665_,1081.0268904353638,1.8322858644251683,-41.1983504984913,-23.613048789043226,-33.76065050997823,100.07961615436956,1081.0268904353638,5.3279506043090645,41.239569466953455,24.23303973611479,33.926814746774376,100.07961615436956,1183.7799046021023,6.106594455886377,50.30137898334482,30.247332956180284,41.79002710972811,108.20024293680697
1bcb2fcf_,-346.63965121182196,4.452057913350728,-69.59339663178233,-57.89383467592925,-68.85294208654724,-88.96091658520986,346.63965121182196,5.4652984084878335,69.59578952624493,57.94765074018801,68.8571931917641,88.96091658520986,360.8605043095617,6.2062031463179,83.11850117293638,69.64704827262979,82.26554275099618,98.69631664847309
1beca81d_,474.8563272771008,3.710804209689206,78.50262239099868,144.15786964622095,104.35163638250985,66.1843677862117,475.3503719406127,6.135498411437505,78.50262311307247,144.15786964622095,104.35163638250985,66.1843677862117,562.4031502374472,8.154769966888065,91.83632596481688,167.54915722556248,121.63088755496686,76.82274407654036
1d3fbf02_,299.9864594329655,3.5176243504074436,-0.4840423162765648,-12.808108322844374,-14.741728590812377,45.68142568906112,299.9864594329655,5.167654046027841,5.258422060247639,13.102304877913463,14.851997178600463,45.68142568906112,328.7842868000775,5.906372283901897,6.386526283719749,18.088170187211897,20.22049289193235,48.96835924696471
1d78281a_,1134.6447394551358,-8.726241664982242,46.7737583353015,28.220243483546266,47.278284145451266,99.27076944819173,1134.6447394551358,8.793152151949363,46.7737631112893,28.238062739264436,47.278287565497806,99.27076944819173,1259.7575941351759,11.881246003992382,57.44613950722592,36.47132434025415,58.021078518177184,108.85580608401386
1e30dedf_,517.7598381517827,9.192520265291236,-28.93620700680657,-24.93152389914754,-28.118340719088717,-204.61066606575378,517.7598381517827,9.193006632277234,28.941488264483574,24.942335333982964,28.1246380641432,204.61066606575378,576.5531870098854,12.137059232129838,33.867961397529804,29.323214348357997,32.938008286352854,225.89265813021822
1e5e3573_,393.8673182437147,-8.829658759124822,52.62397760435053,46.92640163690945,46.18431603068074,68.45895108043327,393.8673182437147,9.876180656934864,53.54871671074737,48.0096721497859,47.28931169581155,68.45895108043327,470.1576101331941,11.921759172625736,66.85168522585218,60.369262779391576,59.52650899892448,77.2717117752315
1f9afacb_,631.1460270672736,-1.538534159159418,-1.5385341593592814,20.502548799166636,9.037579646370459,-99.03853038210278,631.1460270672736,1.7478885135136641,1.7478885136402613,20.502548799166636,9.03903661438289,99.03853038210278,715.8125348840117,2.518404175433652,2.518404175607006,23.61643187461981,10.4528993407023,111.36603535023568
1fdbba44_,1267.8011986377007,-3.5503237629805584,0.17088835921447149,4.831614430861868,-3.440644051128999,-157.06450902739337,1267.8011986377007,4.995275911219498,3.4236533938071867,5.237853096874953,4.932160183334548,157.06450902739337,1454.652652599234,5.835321753197851,4.21271044242268,7.029160529120149,5.748246335188422,179.0217731701434
1fee2b62_,815.8482059869276,-2.4861495367384987,0.4678504637362293,10.432203598601314,7.31164686188494,-94.62970771506455,815.8482059869276,7.3636069812541685,5.78929443096009,10.498661274490015,7.7868326620050405,94.62970771506455,904.1837014184266,8.271183690259376,6.956159053728623,12.347260397882662,9.559908789480211,104.57010735755034
20096916_,725.562681753966,-9.00465225014566,76.40643865964594,48.724274182460334,71.17819672947093,-82.23079736521797,725.562681753966,9.041811805961006,76.46091752190534,49.094957143919046,71.26773229093082,82.23079736521797,865.2432514110245,10.457150039432173,89.59969920466712,57.71530729629643,83.57319295636329,96.17827926445898
200d233d_,483.5777407478467,-11.740955170658081,3.1340448305046613,-26.552684873656126,-5.95275517063919,74.919135385278,483.5777407478467,11.740955170658081,6.414417635975124,26.552684873656126,6.3135914741957855,74.919135385278,523.2905065704635,12.776233899276743,8.34221365356818,29.028972728240337,7.528312669848297,79.6049320715018
201661b5_,441.51023457164865,-6.596379513014775,-50.81516739116055,-4.0329585709248885,-8.34814421898168,-106.18472926443236,464.7947392052176,10.650921914358007,52.46484176718559,8.320761600798996,12.257655356427092,106.18472926443236,595.6937983222583,12.376074593108253,61.56117832113812,10.11095135624705,14.073142741261815,123.90607323015442
203721ab_,-129.36891666553163,6.387657940662607,-39.807675391744816,-26.354182983430707,-27.537385276633874,47.72762697431206,129.36891666553163,7.912684118673349,39.807675391744816,26.354182983430707,27.537385276633874,47.74211169758148,129.64333641135153,10.037088673521446,48.35039110074473,33.15118406390689,34.475947386950004,57.588402473209435
20402d71_,708.1100134370965,10.473885750156215,60.68540090265716,74.88306054765837,65.49131384132394,-84.311473051538,708.1100134370965,10.51249215316944,60.68540347071057,74.88306054765837,65.49131469952033,84.311473051538,790.6492799713553,11.661871660575386,67.42855103404084,83.74320475513656,72.9471141577753,92.32056578339952
2043abc5_,1437.410612179136,-15.283623167575428,47.13649804577503,4.543993874127404,33.451097600536045,-166.71819386742257,1437.410612179136,15.364537223338836,50.80195536100805,15.001649947328104,38.15712121126068,166.71819386742257,1615.324045566013,18.043675019417094,61.04548789064459,16.73193859126223,45.73500269945262,185.99947294279204
204cc64b_,302.323412525427,-1.8171737773150813,45.51464440556955,40.08731065117566,43.104213977793,-100.58654072753579,311.66298937948153,4.99457232049944,45.75148519638773,40.46482219543578,43.39934209688643,100.58654072753579,369.00294502555164,6.09488008126444,55.79378958977633,49.56864399306422,53.02782267221407,110.08988363942613
206b6193_,1037.2375849755124,31.507857689364073,23.387372839866988,35.42357470106285,29.75341639280262,-134.84891675884313,1037.2375849755124,31.507857689364073,23.38737360034089,35.42357470106285,29.753416557103993,134.84891675884313,1151.5810370644333,36.50899923584182,27.179609704985968,41.0153104992442,34.49121486250212,148.22588648083538
2075c696_,338.3967337893998,-18.26462986198222,-22.226720771114294,-23.840739402921304,-30.85907427971073,66.76636687066576,338.3967337893998,18.459673776662303,22.350534808602717,23.939333250725408,30.881707726565264,66.76636687066576,370.38022056647475,21.898881254260402,26.342465438107702,28.16466222266087,36.137323614293415,71.29468126688393
22c5f93f_,902.657647815393,2.164481825213034,10.629390915693396,-2.0453127142655037,6.0830448504466625,-82.9284677612887,902.657647815393,5.087034029388981,10.77310061127621,6.090855915214588,6.9090564690074805,82.9284677612887,1045.1744847813477,7.091232323797548,13.57598375746363,7.400706147086849,9.411455721268135,95.07826813184262
230eaaa3_,-1043.0046204277965,-10.944695095948957,-36.67411933810061,-35.406859692401426,-36.4596804500857,93.80774801611119,1043.0046204277965,20.98941577825164,41.3882687469437,40.32275902863893,41.20768054325803,93.80774801611119,1116.3503123573673,25.322864048616943,51.905475136750646,50.51470941043724,51.66985587909216,101.4232414957403
2364716c_,1044.9299158789154,-17.23518303985238,-17.235183039190545,-1.6116064422310996,-7.3180027277074196,85.32513869009298,1044.9299158789154,18.114566728452743,18.11456672781627,5.239456413945752,8.609594720427655,85.32513869009298,1203.2231464463944,19.668009235301668,19.66800923458076,6.544730537155772,9.645179762853585,97.62289998646159
23b9beb0_,897.0500162982268,-2.8611975476840663,-17.765652095177796,-20.445458483699465,-23.62221531464921,115.67911367944295,897.0500162982268,3.8982602179837222,17.765660632870794,20.445462120978725,23.622217324259594,115.67911367944295,1028.6992692094402,5.499363741994015,20.729834809592763,23.756647930247652,27.364313984299077,132.07659147806794
24d8997e_,-819.6112732707006,-1.7399709471244833,39.99336238620295,44.801166346588026,41.03341416686299,-60.15245164394979,819.6112732707006,4.981173736200259,39.99336238620295,44.801166346588026,41.03341416686299,60.15245164394979,892.1824902534642,5.6395027824068205,46.836178270258955,52.35437250993155,48.02926154205012,66.49037396006153
25050f63_,1730.6883689066567,-37.13290333115698,562.1890663650589,745.5426779769733,623.1082731395131,-89.90127215399852,1730.6883689066567,37.13290333115698,562.1890663650589,745.5426779769733,623.1082731395131,89.90127215399852,2022.6171302815,37.996607342363916,657.1852523855134,868.8544498654159,727.5096820107732,103.6909462578801
25939962_,-725.7044549311992,-4.172945126186627,-15.300217853316367,-14.079911822833644,-16.694203229386414,-67.99356346315771,725.7044549311992,9.734102801574442,18.259847677870166,17.293884937260326,19.37288891532912,67.99356346315771,783.9081187916817,11.099661933822553,21.43336989360443,20.159436689892257,22.907980093672176,77.39924479581104
25fd32b3_,178.40918755164094,-2.9131646447145587,6.794289900121594,2.639852637036865,1.0295340346806754,31.884937135029297,178.40918755164094,2.9289497400351503,7.058700046664543,3.0512491642789055,1.6249804722656769,31.884937135029297,188.7415491203143,3.1781649872704114,8.319234750077863,3.627530018034788,1.9514730401228486,33.52586939023085
261785ee_,703.5557160296354,21.069185408668485,35.54667025698854,33.8660740075455,34.6913652406276,-107.6719956491483,703.5557160296354,21.106064179924527,35.547257733509205,33.86870676361311,34.69290842940053,107.6719956491483,774.9346317120875,23.57894263400833,39.024672368883884,37.175340071098894,38.08235949519202,117.36901376523883
264feceb_,921.0535483781583,10.437586937334654,-35.577200941391254,-11.31012923431261,-20.524756399921653,-152.31275682700596,921.0535483781583,10.437586937334654,35.82112265098609,12.445150719371677,21.142819138948287,152.31275682700596,1015.3775174232004,10.863394363873287,43.57499265821195,16.00119364928267,26.3608634711977,166.35815415949648
26623a50_,1335.155574040232,20.141633827376136,38.2187247360898,23.12597154117845,32.55425519587876,-172.79739554319,1335.155574040232,20.204821272886132,38.235276964565266,23.179524691611068,32.582438779129056,172.79739554319,1476.4805116053292,21.675376849132046,40.61763338833531,24.58804671884676,34.44282095004679,189.651457658431
26d3a96a_,2223.4453603984607,-6.280279601777882,56.82281130784324,68.12132615879962,61.14965365160322,-115.1355364290671,2223.4453603984607,7.881991103578549,56.82281269429834,68.12132615879962,61.14965426168415,115.1355364290671,2447.144066269524,9.063491001698889,69.69570685871332,82.66334205740317,74.65853600376214,125.8370555675851
272abef3_,302.34926245378415,7.339438935913301,7.339438934353931,4.947681840234149,9.040511685056233,87.80995964266971,307.69455300898966,7.455864570737903,7.4558645692686065,6.020537415432938,9.088225730034926,87.80995964266971,376.9726148650528,10.023016592838678,10.02301659158524,8.339568239151005,11.477296306498905,99.92320064936465
27300fd5_,1634.718212559991,-16.31156575818556,-34.70392939601502,-26.156754717093044,-30.31305915547489,-120.18489839018166,1634.718212559991,16.319493323577912,34.705649335486164,26.161032579340578,30.31603598447247,120.18489839018166,1842.0519633952206,17.389589831741016,36.89655520916411,27.514654481336056,32.04033501967204,134.17029586915075
276b012a_,464.8134708581452,-24.696009923505805,23.683990076544543,13.033712968802433,17.590317087359942,105.72702197533299,464.8134708581452,24.696009923505805,29.314728137308656,22.722234059315493,25.459836803032587,105.72702197533299,490.2685783540603,27.08665184488836,38.53475133613089,27.99696175989802,32.35380177203846,110.72719658960212
27c3155b_,-837.4900069732744,17.077014925373415,90.10956037889194,40.052078291726616,60.118515525800035,48.31632051092279,837.4900069732744,17.216587333602497,90.10956059892202,40.070718811898,60.12143984034224,49.055305672947114,958.1770771740473,18.11085336032788,101.24855206535959,43.777310258772474,66.74785519340848,57.81672266067417
27ebb9b9_,565.1390552645169,-7.010927852931206,38.25128426700265,48.85353224307811,42.49527094646183,-91.00246410731759,565.1390552645169,7.817188692334504,38.25128733619615,48.85353246026943,42.49527192849877,91.00246410731759,716.2224293187605,9.988233062217338,46.50846358227707,58.61731286584734,51.347957178446734,109.50473998387133
283269ac_,734.675806538726,0.48009139375545046,-8.356181332791369,-5.578717997181722,-7.684738138089196,-66.448640650057,734.675806538726,0.8202894135567507,8.43789745827007,5.790679235316497,7.792521091634979,66.448640650057,809.1370976584593,1.1159494538507433,9.987533877032941,6.808439581941162,9.217236407042183,72.17000084131935
28473855_,1163.770300920486,0.19152447552396615,16.445312354176572,13.396037376791082,15.546401786470252,-105.91226288884114,1163.770300920486,3.5950116550115228,16.452463586783217,13.430884138110924,15.559827109158661,105.91226288884114,1256.2075388491014,4.546502439117813,18.700994292425598,15.307369213908798,17.69540669500056,113.59038519376712
28f4eda9_,709.0304785592193,-9.556959741740403,-18.17568701550507,-46.28468467427082,-18.605071386512478,-70.85184611506422,709.0304785592193,9.614935434865982,18.177808066500425,46.28468467427082,18.60690758593707,70.85184611506422,800.2515962859659,12.159025419229918,21.45166555752129,53.43392897873102,21.929751045227707,79.78245950021778
29b24409_,1377.153209260449,-12.706237694646905,27.256428972458917,44.638747123848205,31.76431404598199,-123.84084672351062,1377.153209260449,12.706237694646905,27.256428972458917,44.638747123848205,31.76431404598199,123.84084672351062,1553.4122580650426,13.756821410921399,34.26263090787687,54.140187855341175,39.398843005410136,138.33682449301563
29de15c8_,-494.7047180765394,3.751632177207781,-33.064367823390796,-20.459361882167475,-33.791069383429374,-62.185856410970594,494.7047180765394,3.839000291460184,33.064367823390796,20.47769310721083,33.791069383429374,62.185856410970594,520.3953141169303,4.5857601721794286,38.3836705860363,23.858557696089292,39.221721570144055,67.02948474637824
2ab29395_,204.0518739847173,1.8494168466522947,4.600841088488053,7.003569981957543,6.583131132380053,31.17868785171523,204.0518739847173,1.981587473002184,4.605887361152676,7.003569981957543,6.583131132380053,31.17868785171523,220.3114328036888,2.45945596628769,5.119335740548044,7.76653709962591,7.296519241715231,33.45082153703693
2ac7cb6b_,1248.6742247361935,9.423849699398236,13.053667882542937,-0.659527648368844,4.825898438734648,-136.93105320414193,1248.6742247361935,14.654911823647128,16.46673561745581,11.120802900036004,12.866722018290956,136.93105320414193,1426.1129533292851,19.596293256603055,22.680605959204964,14.35739495178531,16.40966442381438,155.34285980389163
2acc78d4_,508.86499876355214,-9.289207688700932,-9.289207688439731,-17.53233988189407,-13.46297911707766,94.1296191552151,508.86499876355214,9.70119081106387,9.701190810842862,17.53233988189407,13.467466710601325,94.1296191552151,556.552180597738,13.626234402591441,13.626234402332042,22.34631822601662,17.940436575075093,100.26995261161169
2b034622_,-737.5673073504706,6.148062656159395,-18.45266461659337,2.144901660074829,-8.742999048497666,-106.73532269849807,737.5673073504706,6.148062656159395,19.07538738142994,3.922513827195641,10.111905716667547,106.73532269849807,795.0193942776033,6.805621396093291,23.741813775702102,4.5358201749176015,12.911756199292443,118.20191780441093
2b06ad65_,440.3789367533733,-1.8141282894733954,-4.910128288804647,-11.23227779439081,-7.611416164515356,-81.6007821026892,440.3789367533733,2.3762288533833287,5.010391703069754,11.239865766599804,7.633285612069315,81.6007821026892,502.2219036391474,2.7463768040476424,5.860324091597072,12.978942556979712,8.865951040162523,89.88710925222878
2b547943_,320.92408671444724,-9.89807758620625,-21.29044122272924,-0.1319561040617472,-9.406642292098395,58.49588279322623,320.92408671444724,10.497290229884728,21.30019211092104,4.141927975211596,10.07114203516704,58.49588279322623,354.4354480898328,12.241457142013665,24.91199417981627,4.666268122040461,11.718870921624276,62.44360544560726
2be5c96a_,685.9394892280908,-0.7146223277905184,38.71565039913431,29.198007075125094,35.75678295443954,90.20839811783075,685.9394892280908,2.624593824228142,38.7170056139908,29.202413624530625,35.75901588888643,90.20839811783075,771.658188116756,3.6618588662445717,45.933339503582715,34.98967798268222,42.528622858134824,99.88073093487708
2bff06cf_,3332.451097172966,-27.02969832109225,181.15590774013768,167.16072697138412,176.44338091062306,-232.11882269782004,3332.451097172966,27.02969832109225,181.15760057615768,167.17008221344042,176.44713793204653,232.11882269782004,3773.1553380753985,28.427941006681795,215.01199097131476,198.88006510361618,209.57949060789412,262.098157845606
2c0c4a4e_,1213.993116572357,-5.897954070980574,8.765409564946413,-46.101099435535396,-31.909690685549386,96.31090614824676,1213.993116572357,6.054446764091277,9.573116682071197,46.101099435535396,31.909690685549386,96.31090614824676,1351.8488675083313,8.04594018660484,11.021464726628027,53.3849329510092,37.076298326887496,106.02148508588228
2cee0cba_,1832.1654665737383,7.957436363636794,-131.0678363625589,-122.23685808577795,-131.8696627960416,107.73130849192427,1832.1654665737383,9.05131636363669,131.09672026338626,122.27702217814362,131.8978902698384,107.73130849192427,2004.272100407981,10.665140786694133,154.9570479754525,144.7785280521299,155.8813446575475,117.22452605822006
2d0c268a_,1489.4309047124868,12.17607692307766,-14.71619580382802,-26.423858360463672,-19.349841924493155,-96.57979903359035,1489.4309047124868,12.26170329670398,16.85732467504892,26.598558835433405,20.43065748102192,96.57979903359035,1663.4987987511786,14.874791132341558,21.50929113904086,34.20858056345215,26.438494109086466,106.62161103090723
2d179ded_,-78.2574742658049,1.9720719178074275,-97.85307959799862,-97.85728541792069,-99.49940035126141,-98.12519487564418,88.3727444652212,7.019460616438131,97.8530889379737,97.85729471885078,99.49940346415039,98.12519487564418,112.85941439726543,7.749754286132607,113.55168485539727,113.55653054713005,115.4485442649287,110.39851962010262
2d196986_,1383.2993201173106,8.816146122952322,-35.72400539200852,-23.15729897158017,-32.63473623011678,-96.71544539409065,1383.2993201173106,9.54542014210614,35.734579211763254,23.19459493518934,32.64927575654808,96.71544539409065,1550.8584527190499,11.991317360702503,40.51475238862378,26.13807704448492,36.97086771206835,107.2871343643321
2d2d0c6b_,312.7520640740977,-0.7369177403355813,16.235991351214395,35.42547667910794,18.41849786572474,48.237465099011935,312.7520640740977,2.2432130822593366,16.235991351214395,35.42547667910794,18.41849786572474,48.237465099011935,351.1153499734938,3.045945300727323,18.98737623253974,41.021851299836214,21.480754850596597,52.849396985951365
2d35f86d_,1785.3560066565303,0.5355412581693392,-76.62930722663037,-64.53446654262575,-73.28158983437379,-125.95222030427009,1785.3560066565303,10.559503676470582,76.62930722663037,64.5449766156918,73.28158983437379,125.95222030427009,2053.4239606298715,11.216196779664774,93.55224381071804,79.69130980466375,89.71245441823666,143.79521272524076
2d9f6cb9_,924.6611058757599,-8.016894249113834,65.3731057509248,62.40800002026412,77.09259890802961,-141.7752942995336,924.6611058757599,8.360944399018532,65.3808490052175,62.416659585909976,77.09746356408012,141.7752942995336,1041.2297039693085,9.908706063856238,75.76799936494565,72.3492421558677,89.2842385334412,159.11133213063184
2ddad940_,928.9670848707812,2.9287657099987836,19.571068740955834,16.77228866229211,18.480539059405718,93.95157909684589,928.9670848707812,6.393792909398017,20.890632163543746,18.298083800049998,19.877621608165732,93.95157909684589,1106.7103260190177,7.645816438023014,24.935611426491214,21.803521187103023,23.712033782088593,109.84933039882648
2e29e833_,677.296951711222,-0.2808106116430322,-43.054750003465266,-36.79340107071778,-43.01675154826824,-135.0790223791166,677.3790830487933,3.497085482682377,43.06038040475693,36.818350750578844,43.02247853854789,135.0790223791166,778.3584726291394,4.3076518266215045,49.11579679908464,41.918428280112984,49.07208926754922,148.77673994342263
2e43c2ea_,-436.6031102520696,-4.40575991575948,-96.79863870286964,-159.30519546935852,-161.42586675851396,-106.04851817940201,436.6031102520696,6.678757458757256,96.8279410630833,159.30519546935852,161.42586675851396,106.04851817940201,460.96170288748937,7.487396669090343,112.31730111770047,184.4459335734318,186.8936581516875,119.43618626667356
2e63d9de_,803.5474867831146,3.8741881251329384,73.09236994365227,52.08197390370154,56.447609493686144,81.2142903367387,803.5474867831146,12.018065545860813,73.09238093245065,52.14629799586846,56.46252553594897,81.2142903367387,864.7179539574934,13.77390817425645,89.61630428259018,65.57882946479171,70.56094268947416,86.64793811728899
2ee0235b_,1002.8978077222806,4.893651907846635,-22.891348092404925,-64.28291184853921,-77.40731928064126,-148.78995191623792,1002.8978077222806,5.516560475161393,24.266722462434885,64.30209204820052,77.40731928064126,148.78995191623792,1113.5924973621302,6.80295371229703,28.968355803177666,76.40522827482162,91.5238213442003,163.92380079692228
2f19d536_,314.87935439765954,5.89366580310935,-24.996334196842078,-25.778176501126676,-29.01982159181295,-94.90681909047422,314.87935439765954,6.047538860104128,24.996334196842078,25.778176501126676,29.01982159181295,94.90681909047422,337.8103655106187,6.535598394413745,29.500164865119142,30.400929564783695,34.13674865525123,100.5433947943389
2f8e53c3_,313.41292696493605,1.694406322281439,-3.574230041302925,-0.919357404085125,-0.6301903163368546,43.24663110346289,313.41292696493605,2.388037779490768,3.596338823808229,1.7567551316800152,1.7148813642303558,43.24663110346289,349.67368718693274,3.293055138227308,4.448820126725601,2.4561558249551227,2.3809495787069808,47.25072813042284
2fa01aa6_,-541.8841082867706,15.123284268629243,6.818738814470119,-3.453095119317451,-1.9096028862341508,60.2877560766034,541.8841082867706,15.554075436982517,8.300280505459364,3.7849816899224806,3.1340355472460173,60.2877560766034,606.0808857574816,18.77741961251621,9.523994485805655,4.598067633413909,3.6927708644886024,68.14853509912352
2fd68f7b_,1157.8508293458542,-56.01974418604745,-96.87838054936336,-101.73287199885183,-102.45169784742171,104.12420809002951,1157.8508293458542,56.0656765327704,96.87838054936336,101.73287199885183,102.45169784742171,104.12420809002951,1314.1811968910051,60.74015262396321,106.04411421845651,111.5300379173531,112.34336353615295,116.70421769664287
2fe023be_,880.7682166162347,-10.413269367447887,14.918730632758102,23.859540833546173,19.473219468138492,-120.29606220917051,880.7682166162347,11.637827529021095,15.942944799979172,23.922315124053707,19.85572672126867,120.29606220917051,968.5538857269863,12.90931147808348,23.133854958521425,32.768352387854875,27.980382300077274,131.82019028458103
30d75030_,607.2001720147623,10.793237367802357,109.1255100948023,108.8232180158613,103.59236341822673,-102.098033997763,607.2001720147623,13.538660399529881,109.13775451313424,108.83610438959857,103.61804790015111,102.098033997763,659.5542699812681,17.599318669377997,129.84834000949238,129.49982683646917,123.46962705144382,110.208320702026
310c71a5_,1523.8037484461004,-6.349269780744214,0.009518097042057623,7.084456591860735,-3.0354099969409147,-129.65214897178888,1523.8037484461004,7.372991420400851,5.63593205634025,9.225777618541056,5.390888853752194,129.65214897178888,1686.5037916913654,8.843313479056066,7.693966964354629,12.835928238866066,7.40581242268672,142.91287252710802
32fe84c9_,743.8739385673482,20.156449750312177,-61.80106540256759,-75.78626102078151,-69.06021555587355,81.38987316401895,743.8739385673482,20.156449750312177,61.801066424018046,75.78626102078151,69.06021555587355,81.38987316401895,842.8618644109393,22.250821979444407,74.78299766695652,90.83618064078237,83.11096721684844,91.33734240130514
33c40295_,2197.5879762632308,-3.0560566083000156,-116.15151115413923,-112.04131493413819,-114.7199461639331,-90.13285866167777,2197.5879762632308,8.373173422883449,116.15186920817415,112.04515109383472,114.72137510451881,90.13285866167777,2582.1057189614553,8.700789781165115,136.84200332453676,132.10126786866766,135.19078400215807,105.00143528065398
3407f5bf_,711.8114800606775,14.015909840570874,-46.52381743206243,-44.50538979938252,-52.676956185834946,83.31752823580139,711.8114800606775,14.015909840570874,46.52381743206243,44.50538979938252,52.676956185834946,83.31752823580139,804.4138171628848,21.29388267466182,52.02038324360561,49.73470910670149,59.009870087466815,92.66200231238722
3417285d_,1123.7358762214503,-32.709095246834046,-3.972731611068582,-15.076800017288642,-7.82490557089231,-118.65672342763197,1123.7358762214503,32.709095246834046,14.606615058454569,15.288683832507253,13.691497324032698,118.65672342763197,1217.0827587295926,34.42198868150785,16.804624452608817,19.23782204029468,16.600462177152316,126.87053771099599
347242c8_,647.6990380705055,-0.20678720444988147,5.7865461299843535,-19.07591519725835,9.584866096917338,90.89383803228748,647.6990380705055,1.7613240611962886,5.835692166085992,19.07591519725835,9.584866096917338,90.89383803228748,711.7645094471711,2.242023016039388,6.840291399021166,22.33754482891203,11.083292129806578,99.30307281418263
353e5502_,1185.6638307977596,-1.0758973936003573,32.178738968937274,116.05114851098584,71.43117751639474,-119.25085740825035,1189.897809845835,4.71153909600793,32.178738968937274,116.05114851098584,71.43117751639474,119.25085740825035,1412.772436618015,5.639360585146688,36.78505694725652,133.3527116154287,81.89782983840983,136.4196188438949
357c12f9_,435.9076086908143,-3.564000980633096,-20.254910070330123,-12.497646345159051,-23.306694858090527,-108.46501331422415,435.9076086908143,3.929369943613962,20.254917202202915,12.498934066576437,23.306695805996043,108.46501331422415,491.4139936501738,5.624420852755269,23.501720076698774,14.76287223733979,26.978875476207644,121.4986327436396
3584a6eb_,-26.4807394924093,8.102739207832977,-8.787563822286815,11.306556189552948,-2.9086617525602505,-55.54736783276581,98.69648463728083,8.113460169114665,8.811314574131439,11.306556189552948,2.97440018165602,55.54736783276581,108.85290431255753,9.108318362664079,10.774792627293357,12.74770480860865,4.273114576992867,66.06359216233297
35b30c7f_,812.8385676755482,17.619016598810546,134.03053175196996,150.7465251496499,156.83378250530944,156.73668376990196,812.9522142936964,17.708671051258577,134.03053175196996,150.7465251496499,156.83378250530944,156.73668376990196,949.8238827421877,19.15158789297762,152.33227032366213,171.61456326556095,178.6373867437792,180.53025089484674
35b3ef6a_,685.0506474193106,23.900945184427677,-10.77072148247222,-16.129229733079665,-11.492512198484494,-127.78252653995901,685.0506474193106,23.900945184427677,11.858793048520242,16.761899425314503,12.51126646043951,127.78252653995901,759.9511832086293,26.045383636758544,16.409529461810692,22.181387445051612,17.170152783624395,139.9850660465371
367456ce_,875.6413661507339,-10.8164140779315,8.425404104107866,-33.55531656818198,-12.859861856923793,125.51205276236335,875.6413661507339,10.8164140779315,11.455730554080938,33.55531656818198,12.859861856923793,125.51205276236335,1008.7583437785238,12.622377103894497,14.00696356430229,37.26167642243936,14.608126983242975,140.70567293979363
368131f9_,851.4247132640874,-16.983862953315903,-0.6464084071290368,6.875290962060508,4.6309576949123565,-119.44432261890408,851.4247132640874,17.535351632939236,4.3170415838472005,7.1688152589919625,5.4089200222152,119.44432261890408,989.9124315234752,20.875783169531438,5.155705567137871,8.799845486250856,6.817050109847411,137.10408677476323
368fe682_,852.8198463539695,-11.257228525120897,-5.721804281105765,-30.327557507993657,-20.672496472400976,-114.2250712795821,852.8198463539695,11.851085899513274,7.384450787465573,30.493694940213814,20.99640394689615,114.2250712795821,946.6394500212281,13.878502686940966,9.539921265709939,34.179504581672866,23.51802461710641,125.08371132657271
3690a146_,618.1288571604913,-2.147004664866335,-65.23227739226269,-45.244986483026835,-59.776742480013446,65.55638652449949,618.1288571604913,5.96535477534993,65.33722765600787,45.84076720306858,59.98094765702119,65.55638652449949,676.5774924946897,7.130156510792888,77.64464211573836,54.647242361950816,71.36233916403475,70.16936975182512
37344c2a_,159.02472712448073,-5.976855878392406,23.951022908469966,14.173854712652158,18.974792140802645,31.819397611055663,159.43291932258933,8.290552241677966,23.953116423960456,14.53264668164238,18.981775615108344,31.819397611055663,175.08413763331762,13.239300394199656,27.03752705081403,16.93534275269156,21.750485621825344,34.154795485952484
373ef48b_,-6.831899182607437,-3.3118466799654147,43.27542604732218,39.502676272316606,40.76414611712514,70.29161813560346,52.75476228909983,4.242772869763273,43.275555998875326,39.503475149696506,40.76462365986637,70.29161813560346,60.631810754309974,5.207191387759596,50.27730336756371,45.93424103696496,47.3861365273836,78.34122196641593
374be387_,1934.1964647022903,2.0880120421472945,185.1000120412084,138.06754867584047,201.69036210195813,-152.29603520179217,1934.1964647022903,5.536931259407917,185.1000126980528,138.0678794587833,201.69036210195813,152.29603520179217,2198.545993798983,6.712762639770747,214.46101576680584,160.18219658575427,233.61059428840807,172.44870560034283
37d36812_,-613.7564990197473,-19.84898328371944,-24.746437828046794,-34.774097235110524,-23.057077401290176,-69.56022894068309,613.7564990197473,19.853613464621642,24.74685026013101,34.774097235110524,23.058654905605433,69.56022894068309,664.862140516419,21.856313079076383,27.139765514766506,38.290149337227454,25.29912509804831,79.50449927061189
38991fd4_,949.3847353677269,12.793922467694294,33.73501337618862,58.260883853853336,51.94293159130949,-135.7954929732306,949.3847353677269,12.794193413921898,33.73501337618862,58.260883853853336,51.94293159130949,135.7954929732306,1042.0486939046193,14.86604108751415,38.46764676485803,66.63833502042567,59.36801194531581,147.17472522443254
389ae58f_,-525.552646124166,-47.81213213677923,138.27271634881356,154.18680119657301,135.92376990396656,81.58895014657713,525.552646124166,47.81213213677923,138.3367486257782,154.1884355661681,136.0073942219847,81.58895014657713,565.691088751305,49.76304894845995,168.202596501541,186.5093322825473,165.50177755499365,93.81825056283844
3932faa6_,503.57592379242,1.6666269258981237,-40.80067610327419,-52.34932188898625,-52.380262149854055,-91.75729941384829,503.57592379242,9.971061995597735,41.17883857918082,52.34932188898625,52.380262149854055,91.75729941384829,606.7322936516654,13.157974615537267,51.15692249568808,64.13502397645553,64.16999027981969,108.99947596824701
398dce4b_,1022.3310887481091,1.3821225521168288,-14.45287744740177,-16.756340214135005,-20.339011181474195,-91.99611446864118,1022.3310887481091,3.105666456096287,14.454696777787609,16.75662245620636,20.339011181474195,91.99611446864118,1127.1680981661234,4.559718484677409,18.202737132501095,20.78974848765773,24.843915858054405,100.34339092768909
39b51819_,-199.15818722235727,-2.1916520917036535,7.554772150730955,5.284246378170866,6.94296495514287,-104.01977649225647,199.15818722235727,2.88449066414528,7.670027574263511,5.692898785869076,7.1057821992681065,104.01977649225647,201.06252265613278,3.160351282946552,9.33734778112734,6.8243938107924915,8.653873105341788,113.42292189528641
3a0af893_,514.4929096441732,-15.879552442774902,-1.239552442894891,-4.27349807731256,-0.4760931390418192,-103.40384896277845,514.4929096441732,15.879552442774902,3.49768021866086,4.844501849702704,3.487491586180306,103.40384896277845,561.2240510227588,18.6897660134781,4.5572356708531965,6.473965861322963,4.394618667177897,112.28779203511351
3a223519_,1112.791214769694,7.231533929740548,22.233715748007953,18.711201256472787,21.34673200896521,111.12876414451578,1112.791214769694,7.24448178049331,22.233914585609345,18.71229697238083,21.347116366941425,111.12876414451578,1204.4536860642468,9.401162306681243,26.441209387044584,22.401373035568522,25.423139075641185,118.97928486800807
3a7dd95d_,-373.04471794097844,9.463955078124876,12.53695507821825,20.142007733396778,16.36769121269131,32.582765703925894,373.04471794097844,10.554567057291571,12.593942057370604,20.142007733396778,16.36769187264279,32.582765703925894,414.3498511395226,13.010388611275376,14.992988190429841,21.689807695864086,18.145390985657823,36.58782040830603
3a824aa7_,-464.05056248370937,2.661018805047098,7.754352139182432,4.929443227515247,3.1281318902147675,-56.77946312394679,464.05056248370937,4.577310164246696,7.771143812158784,4.963431172806992,4.479772757599579,56.77946312394679,527.5365236421836,5.690131490731758,8.676578835562522,6.553116340168801,5.782000893255517,67.22323111622667
3a86fe8d_,1249.9913530668778,10.55345447440307,-171.09348491969766,-131.47675602663492,-151.90873400103413,87.08365713900933,1249.9913530668778,10.55345447440307,171.09348491969766,131.47976276097774,151.90895327561384,87.08365713900933,1407.5974073894267,11.634711217695367,199.405704497733,153.68278897157361,177.2626701882258,97.47798276139056
3aaa2b30_,660.1759119642969,-14.627191679048616,-56.03567652720955,-3.888270826961937,-31.97617607284797,101.90035739840681,660.1759119642969,15.645612396518503,56.12114496664714,5.512303887122494,32.309826270094234,101.90035739840681,731.2975928699195,17.520232328990414,64.98997358964495,6.146874131182389,37.30249681358085,111.60327980743253
3ac16ad0_,-95.83058498152306,-3.1828659939815207,-24.58438114625535,-9.933878595250693,-10.342697926868375,96.69062263970199,95.83058498152306,6.163970614267992,24.684560958175148,10.498896113464973,10.883715976906911,96.69062263970199,102.74966688716209,8.880546118495223,28.608312249030483,13.427433824936628,13.796404902779667,106.00256232477398
3b21ea64_,1190.3354765865545,-4.554213665943907,-9.248668210551115,34.840250060452824,5.85151862703701,-148.4904360196652,1190.3354765865545,7.2445986984817345,11.023396025728186,34.840250060452824,7.911540045575837,148.4904360196652,1343.3106201560488,8.368949948322665,12.398168685373015,41.03068207735491,9.698202195647752,165.05007488887276
3bbe1f5d_,2601.7864083234613,-9.172505059265179,-112.95750505961075,-59.98013575230505,-99.95011730411133,106.90795935771351,2601.7864083234613,9.583141081236942,112.98416305325009,60.119748191085904,99.99715390192489,106.90795935771351,3098.6998602705435,10.572803005133604,128.7222989044912,67.67541066433846,113.72129197642185,126.47996845412672
3bfee975_,326.55976784231865,0.4341520954760594,-14.855544875100351,-16.946146014355314,-17.91206831263341,63.10698089707416,326.55976784231865,6.473796835970038,15.194172617865437,17.066139441773007,17.96505436860761,63.10698089707416,353.49532832370363,7.840543276658913,18.90090672554762,21.121695621049014,22.161409690595864,67.81161969946557
3c3dbcbc_,191.31790364281918,0.4242690866047262,-3.2630036392222146,-6.779450985407352,-3.305498020192557,-73.76924181420152,216.31404036012322,7.123116985598751,8.658338778709625,10.512359833401888,8.678334097429023,73.76924181420152,275.51617194033145,8.29349171896155,10.407578143533392,13.40871889039647,10.439569951724371,84.38977157695894
3d96d897_,1565.0242828488877,1.6721982682457857,-14.450225972353154,1.9121496633468287,-6.6350238205565475,92.87671302615898,1565.0242828488877,3.0360540731580206,14.458466961500829,3.1264851479593667,6.652993823189237,92.87671302615898,1854.50066485102,3.6092906343486293,17.55389469556633,3.7241423142151637,8.861734130745964,109.06829726056046
3df4b19e_,951.3474957533995,6.641216920609853,-10.139964896723122,-9.3056208832013,-9.69251753322084,-105.35877160846067,951.3474957533995,7.984657177225578,10.27595709626207,9.532077927683034,9.873625613785379,105.35877160846067,1039.4524805421713,8.67249047497302,12.685578897790677,11.786601861840696,12.202247785996514,113.86507719007767
3e011332_,1130.0199403701045,-9.615890561878839,10.607745802520004,14.266307457942244,14.005407877573267,-75.8814146170374,1130.0199403701045,12.6041608520011,12.314338130087679,14.492521040073804,14.302183259198674,75.8814146170374,1339.764669397662,17.42146062278745,16.03700825186489,19.112397676414815,18.878382638770447,88.68578096994027
3e678ea7_,622.7913784900076,-8.1270195392253,-8.127019540068162,-11.980036550942392,-13.633981364155106,78.70404027763806,622.7913784900076,8.43122484689507,8.43122484768418,12.075184316741835,13.668465037023346,78.70404027763806,692.1762257888855,10.229911981746914,10.229911982348078,13.441362770326274,15.014845237670052,86.95620567250296
3ef6372a_,1141.1764188638551,-0.5635455891692552,-3.5722728620209327,-9.432127407400765,-10.092196729631516,85.5900488754566,1141.1764188638551,5.183985614554733,5.473605477301753,9.432127407400765,10.092196729631516,85.5900488754566,1233.3684905851787,6.229379944022544,6.611313551621297,11.070017992157032,11.711665173639057,91.52201571059595
3ef98781_,196.25336659122004,11.607088900308748,-70.14591109952443,-55.07113585221065,-72.22560497724875,-70.78849857975673,196.71345095581168,11.607088900308748,70.1459131550229,55.23419711522186,72.22560497724875,70.78849857975673,229.34152077276545,12.433878700657393,84.5109277073456,67.18335631875148,86.9038662189722,77.38223968104387
3f603129_,362.0059573762885,-27.406198772519783,131.6552557729897,122.85813678105129,128.41373496096043,96.8653663480154,362.0059573762885,27.406198772519783,131.66178795683558,122.88342685850482,128.42621179273848,96.8653663480154,413.5346759921714,29.712176284154232,160.61508490047356,150.52219065756546,156.89513221506328,107.46424528148187
404c4384_,592.6166904401296,-2.949198682765599,8.879164953313223,12.470305187621248,12.18693577098675,-32.16226082004102,592.6166904401296,2.949198682765599,8.879164953313223,12.470305187621248,12.18693577098675,32.16226082004102,630.2314202762636,3.6011694039210935,10.254920382397561,14.38558852839062,14.059327628026855,33.88042287489079
4121c517_,1008.0254625181765,-7.766881547139409,16.382694210745914,13.475896010620406,13.65349492337592,-105.03422178389798,1008.0254625181765,9.898071447757188,19.92267155057208,17.542242048672264,17.685116281038756,105.03422178389798,1105.2702912588811,11.223238561279205,25.343496544974407,22.311960338965516,22.49453578803007,114.7119984014735
41fb0192_,381.3630532867453,-3.0055163134889242,24.841938231383445,27.25459907803991,27.21146615956336,61.15962652885331,381.3630532867453,3.069478641103943,24.841940922268083,27.25459907803991,27.21146615956336,61.15962652885331,434.382379628966,3.5577103110362645,29.433044424444024,32.21163741702703,32.16195171584962,68.73703747991144
42669188_,-883.0670316437477,21.146515646893675,71.24463685934684,70.24527019235097,86.7036664271632,-98.5876104667435,883.0670316437477,21.17008874357749,71.24463685934684,70.24527019235097,86.7036664271632,98.5876104667435,924.2517398771192,23.030677799344762,79.6178889232467,78.47114992419094,97.37815372261147,105.45545185880802
42c538a1_,-324.9553741646816,-22.12617261360272,-58.206172613840366,-62.37382937927554,-57.21075364604136,-18.92331750081292,324.9553741646816,23.27418115279119,58.34028789288448,62.44091920079192,57.36261066683622,19.308514750813256,396.02348758844533,26.18883109705342,66.68901620170702,71.453109102888,65.5521781783171,25.100595980571132
43b06c70_,986.4921181236939,-7.005088732974907,117.25436581205511,119.68833637956081,119.07858977841752,-128.6096275603224,986.5058349956283,7.039261246388114,117.39095576440869,119.80799096922092,119.20235495002478,128.6096275603224,1151.2968592809327,8.769342298126745,139.47786298220967,142.28403160709385,141.5810281211339,144.67249362279586
43c7f85a_,474.6885153627914,8.790990297759004,4.986172118206883,12.96265681443928,10.337060645849562,118.55092915998685,477.14417193312886,8.900003345601032,5.582713739357645,12.96265681443928,10.377421618878886,118.55092915998685,578.6947910035576,11.180370167514397,7.890184521209351,15.432412200415932,12.709312869663206,136.33403935126887
43e16325_,-310.3847156244336,-37.50433602150516,-51.599032990296685,-48.604035481426415,-54.252856309633835,33.498031956713106,310.3847156244336,37.52084139784927,51.59904846765089,48.60440149180166,54.252859528469756,33.498031956713106,319.5373304343513,45.776662453735184,61.989364903115096,58.54146124170063,65.04540569771714,34.95310988249747
44441e54_,926.183364168445,0.396940555427739,-28.524332172321948,-29.57349484807271,-29.785740837121374,65.32961867719362,926.183364168445,3.0090819371126907,28.524332172321948,29.57349484807271,29.785740837121374,65.32961867719362,1035.8868085920778,3.668929750345109,32.89958942098987,34.10395981235599,34.34766449866503,72.7912339354019
445af6c2_,1894.2337491576336,26.635234232742338,130.08159786832587,145.64577536683294,134.20894611754392,116.11650668280201,1894.2337491576336,26.973797384538525,130.08159847027318,145.64577536683294,134.20894611754392,116.11650668280201,2148.661974938038,29.954468486977532,148.44483622260594,166.3906233098157,153.2031648322801,130.0526431126632
4463446c_,344.79392725827614,-14.923918918918414,-1.1063431615824704,6.185799382896307,6.373654910626208,83.92457587865563,344.79392725827614,14.962309582309127,4.57901180109945,6.195226081401726,6.380712026347021,83.92457587865563,374.83746704925926,18.86029305975226,5.519434657374026,8.00203312749283,8.171325409812205,90.2665957075391
44a94013_,742.381716553949,20.574099530900185,-35.30177925653438,-68.56025702476867,-49.45831727589912,-110.73264248194252,742.381716553949,20.574099530900185,38.52730913007139,69.31183705597554,51.33416893934082,110.73264248194252,830.1824771467642,23.26260921867206,46.825968274941964,84.42700518869664,62.71243754259492,122.9212244405828
45fb3e21_,1197.0749340504183,19.784617703480414,7.507344976503338,12.383648606593306,11.23844723519939,-84.49663319014354,1197.0749340504183,19.784617703480414,9.16068023637796,12.761790793644048,11.850497783956635,84.49663319014354,1300.9049685091368,25.15963005414619,11.972241580582882,17.020891370705776,15.799933028631566,90.8489833873245
460f859e_,174.25175959745968,-0.3230905275772664,56.00142462344783,58.73279867135323,59.24296037282887,25.527155015703926,174.25175959745968,17.57702338129476,56.00142683985652,58.73279867135323,59.24296037282887,25.527155015703926,221.82191816165636,20.01206991533264,74.12517973846106,77.1790810317966,77.75036681511655,32.21847669048816
4630ab92_,774.0945997595471,8.231473465757936,4.141776496313314,6.492036262042486,4.461342373347151,-57.90014932083733,774.0945997595471,8.369955529202837,4.731947461691594,6.742522991118136,4.906043111812533,57.90014932083733,866.2122312081586,10.880550178687447,7.1499218317160205,9.182977485859311,7.400760062789504,64.48927174596604
463c38f2_,424.62608872595644,-0.22250672645835368,101.83976600114693,79.26038706292707,101.90065461809903,-148.66826355495638,424.62608872595644,5.538295964125809,101.83980160381032,79.29574506464657,101.90068740402056,148.66826355495638,466.4003102880871,6.316346789980795,116.94054610012235,90.9171443039415,117.01075065683588,161.58637841274435
4654e7de_,1082.2951875447764,-1.5263744649172413,105.95362553500297,79.42560735323457,98.40938111738075,86.30943340254308,1082.2951875447764,4.3588888888889175,106.0925721197792,79.81695546077601,98.60300183972836,86.30943340254308,1251.3935867584764,5.262206132576318,123.59486291820052,93.00078251240367,114.89230569234013,98.56014189291558
466fc788_,567.6239711570863,-12.908052283363435,-194.34041592079816,-199.5281028684104,-172.859607625669,-89.79499356805577,567.6239711570863,14.180109730515158,194.34041592079816,199.5281028684104,172.85973589297726,89.79499356805577,683.3654944393332,16.96677982284487,224.23328585467397,230.21888780092442,199.4513272929677,104.86938123364791
46a301e9_,714.0489447754595,9.668798930220527,50.80379892948717,76.69996607699768,57.66391201545448,127.25045539314945,714.0489447754595,9.702207634329492,50.80379892948718,76.69996607699768,57.66391201545448,127.25045539314945,814.0424591421934,10.714122960128444,56.79581117837578,86.59431100183255,64.68043741832126,143.17557578003866
46a7190b_,189.02151837395334,-10.548066429419034,-27.795339156186895,-16.079210503796514,-20.979250102847043,33.501154838385396,189.02151837395334,10.620455516014502,27.807305941478504,16.125620778560744,21.008190527415557,33.501154838385396,208.49144194516316,13.31037471543342,32.67275186909365,19.398492389396004,24.917030736757457,35.57558430720209
46d24a09_,1343.534894155941,-18.606754326815317,-6.605239176569555,-28.381800831456125,-18.479611469656838,-144.6882544010563,1343.534894155941,18.606754326815317,10.192815709401664,28.381800831456125,18.479611469656838,144.6882544010563,1534.6976417771439,21.034427197140683,12.679881806689517,30.913617289709535,20.915315082884383,164.02815347886252
46d41ff6_,567.1734998348365,-3.1086571320086,-19.870475313031076,10.206912264932946,-13.509320756969956,122.6151980713113,567.1734998348365,5.903402100999892,19.877366960809404,13.35703793019639,13.542796874477677,122.6151980713113,647.8053983743296,7.152719312990992,22.675203736709605,14.74160417131931,15.81915800059416,138.9342996862424
46dfcfca_,28.632997187243653,-22.336797004992317,51.55205148081308,33.03492771749138,40.32714201064225,24.19529153952184,52.63109722989976,22.336797004992317,51.7960765568161,34.7832461841125,41.37289083289779,24.19529153952184,59.39103671820664,23.306915931867923,64.38472786690954,43.309904949324526,51.57936617003221,27.008786067267156
47222616_,-132.74693855727898,-8.93916023604177,-88.2651602351908,-99.47306167618757,-98.94036383761105,-60.82556324083309,132.74693855727898,10.446236949614175,88.26516659016131,99.47306167618757,98.94036383761105,60.82556324083309,137.17819508423622,12.72802806095558,103.12564989803278,116.04903870912149,115.43471635772637,72.23627984234192
47ee27ab_,1656.7452973066306,1.3104783492256846,-88.2615216504292,-86.64983224188681,-96.56125610451949,-125.82135664874417,1656.7452973066306,6.483672033765797,88.28999687319046,86.68129334860389,96.57605100031118,125.82135664874417,1863.7834617385843,7.811133847911845,100.22377989616605,98.36747723772926,109.7856913499503,139.7649689590672
481de5fc_,633.4088225993241,12.092641129032321,12.09264112857073,-8.406540269106744,4.385900192673874,-101.47998892878901,633.4088225993241,12.261061827957043,12.26106182751027,11.437656033304442,7.162787166808311,101.47998892878901,746.3630835254228,13.661013098019078,13.661013097593216,15.170180931144827,8.458237321137807,117.04601493514207
48c1f673_,1147.3759794276352,-16.040349674322798,-21.080531492978036,-10.225011180497516,-16.372434188108908,-128.1920093354358,1147.3759794276352,16.27227973945825,21.14856976392053,10.7585841993121,16.590749472481967,128.1920093354358,1264.0333379110693,18.480143096264484,23.938358843468762,12.59107444613623,18.83311619119397,139.4503972601403
4936af16_,884.1840755507467,1.907870207967791,46.303748995877825,54.742163877305295,42.57643011187225,71.96543521852247,884.1840755507467,3.982357805061394,46.30430515632974,54.742163877305295,42.58026792125315,71.96543521852247,1003.5253498287096,5.12683088404085,54.572597857371846,64.29319429187443,50.2817185886675,80.75440720338183
493b5b31_,-712.6180174798774,-13.483857846285717,-191.44458511879623,-166.6615384943373,-194.30988809849305,42.007122861420285,712.6180174798774,18.939546135731156,191.4445943829211,166.6914403477211,194.3098915843318,42.01556111272354,821.9290347390736,20.806259253075513,224.71292028245725,196.1198263279099,228.0190855707903,49.42115814809081
49dbc14c_,361.4074640709575,4.000211776859731,15.149757231721978,14.966507276433545,14.575873001363828,63.48296955757336,361.4074640709575,4.961157024793553,15.817297771409422,15.638102374227875,15.256151534842969,63.48296955757336,408.6606415396028,5.472416193779096,17.92785391879944,17.718310261024826,17.271791803370153,71.229019596249
4a035ec2_,571.0602957370927,15.167812982998688,4.1841766192790555,2.714979319634228,2.8848261883119997,73.36650729463723,571.0602957370927,15.167812982998688,5.5658578051910474,4.451321997950858,4.578258865857205,73.36650729463723,647.4398206645551,18.37817503927824,6.4009237975004565,5.065827451845162,5.20943719180937,80.00558319298797
4a335117_,-448.54775123111375,-22.49027118644141,131.1817288137481,130.42233079377783,131.65809279912204,152.33420325777888,448.54775123111375,22.49027118644141,131.18173359939118,130.42234062250944,131.65809601348855,152.33420325777888,465.9043589778079,25.01473417971471,159.0862840667127,158.21396408849014,159.6335082885062,164.04600515342491
4a8ecc0b_,899.5794217992313,-3.790218626270524,-214.358703474283,-75.2281169161523,-193.9941345925902,-91.93978361200173,899.5794217992313,9.65338612497878,214.358703474283,75.23655226934503,193.99415519596326,91.93978361200173,1044.039702985133,11.211904800768597,249.30562264378264,88.98422308574021,225.81041712341045,106.0740466386597
4b462989_,823.5029345189752,3.611584030908221,62.927038576588764,74.4236843309287,72.99727214613283,-116.97545361153476,823.5029345189752,5.420083708950559,62.927038576588764,74.4236843309287,72.99727214613283,116.97545361153476,914.5455775185228,6.605024585467642,70.51693182526164,83.74534700145387,82.1032690820743,128.4732956871936
4b831d20_,802.5659982962828,13.265391137855495,-101.96976037718032,-100.54599629084588,-101.25987608893357,-167.02528017692492,802.5659982962828,13.265391137855495,102.4141817517598,101.01784547566122,101.71787621857162,167.02528017692492,927.8656849239702,16.40332593479727,119.1519885012226,117.51200343506648,118.33428330772826,191.531959151238
4c2208f5_,1307.9924161678327,-35.38692421991142,28.580348508230575,37.13737686016127,30.813020557928862,-77.11547236975254,1307.9924161678327,35.38692421991142,33.835126998704816,40.418357623029806,35.509137761202005,77.11547236975254,1366.5999844807764,37.38188510729996,44.54355203249048,53.75867295852812,46.92183576724304,80.1854686513702
4c3168cf_,745.7550747230505,-3.2137148131066073,-49.71644208633863,-76.47846638829216,-65.46910256818326,-89.02912173841798,745.7550747230505,3.695394554684543,49.71644208633863,76.47846638829216,65.46910256818326,89.02912173841798,834.3504936684824,4.398564145674671,56.17002005071917,87.0266788599565,74.32846977204937,97.66192441700098
4c3df468_,862.8860386790276,-18.76659866468697,25.84821951744926,32.26674708989853,30.89043614934108,134.16337394834656,862.8860386790276,18.76659866468697,26.72068566255259,32.8548386065719,31.516738260686896,134.16337394834656,995.5114420122393,20.730613836474724,37.6581587035346,44.68819897803326,43.170026884942175,152.8443838155451
4caa7289_,641.5446692435473,-6.966551148999061,-107.54700569512323,-97.74172702658268,-109.16098140119608,-112.9413582214296,641.5446692435473,7.443967753891618,107.54700569512323,97.74176361600885,109.16098140119608,112.9413582214296,710.1848822601177,9.679853283039389,125.1819952149987,113.86543202499855,127.04481913109909,123.6975183628549
4cd1ac61_,1119.470823704878,-14.524092225440919,58.54045322838988,56.330882872082434,51.08704342885637,-143.54270619627968,1119.470823704878,14.524092225440919,58.86049097724219,56.687429257716715,51.53774814768704,143.54270619627968,1310.1610568765243,14.744577751415134,71.27905097302067,68.73796756643374,62.710672909417774,161.1968782562643
4cecf7b3_,1051.105307458052,2.6952832696458406,62.89528326936073,78.28592893419467,64.35077906801105,-102.55177696305677,1051.105307458052,7.490684499086172,62.99249543085142,78.30177672731432,64.4378531123286,102.55177696305677,1209.9918380490021,8.796914734080126,73.11754605420539,90.79781429820288,74.7877335579247,117.08595872469152
4ddde4c1_,963.9418464602152,2.952828711985101,-27.815989469347418,-28.066413052181538,-27.512972968660673,-109.09499886933538,963.9418464602152,3.8113841681570455,27.81601155966021,28.06643127237565,27.513000364091116,109.09499886933538,1084.6574678389595,4.584881244279585,34.2837592825066,34.570614846058305,33.93671153485018,120.40347047669202
4e050c92_,494.1512898364627,4.123616734142836,-9.577352962815558,-8.513921099589375,-10.029477143472498,62.70110871175891,494.1512898364627,4.699427800269788,9.577362057814126,8.513983425951565,10.029482625308953,62.70110871175891,570.2707004529072,6.760683545123174,10.83892110640269,9.695088426106677,11.330558113156519,71.14617705240524
4ed93db6_,890.5921476948394,7.630581919691303,-65.62705444376091,-54.45162780126817,-64.28379359049447,-85.89256824035897,890.5921476948394,7.678866222890737,65.62706709334024,54.45294161570738,64.2838159507205,85.89256824035897,969.9078275144402,9.134304566059011,75.70871847572442,62.81075993444628,74.15830981879438,93.25214549589958
4f3eb9e9_,341.0675662499261,-22.983434106877674,-142.42652501641615,-130.97301808527433,-139.3065908896092,-102.58985345697553,341.0675662499261,25.06252288694947,142.42652501641615,130.97311546202073,139.30659293224016,102.58985345697553,379.72606829823104,33.07892812639342,169.38290588622002,156.19013701341842,165.78869328791083,113.94911950588987
4f4ac5ce_,1223.7621588568582,-2.6744769469196576,-6.429386037216119,2.1206225130554706,-1.817902397165613,-93.33920916362216,1223.7621588568582,7.186414180550179,9.487376245577785,5.380624013869321,6.706970057986248,93.33920916362216,1386.1703781523242,8.250612102027123,11.531302765907734,6.313075158494889,7.650762810162523,104.58147273185878
4f4afcc6_,1406.8667423998197,0.2522497785646035,-18.738841128909346,1.6020045940586,-0.7793483006845541,102.2529609919367,1406.8667423998197,6.541695305580084,19.10394266689959,7.205241385204824,6.1282578183094625,102.2529609919367,1639.2638789888404,8.324204115356522,20.565628326908154,8.986702852277556,7.987638952134693,117.77277025652462
4f69febf_,1560.9168698446886,-13.72025457875479,-93.15298185145966,-108.02777588087481,-114.46750980090715,-84.04349336429638,1560.9168698446886,13.836166666666854,93.15298218445999,108.02777588087481,114.46750980090715,84.04349336429638,1792.404291856424,14.941245790403045,106.23266390429961,123.39830248928311,130.83058419332818,95.72782712431047
4fbe9c06_,2097.7757572971877,8.825023063464641,-13.087704210352664,-4.990465685375244,-8.973111870384423,115.12200047338143,2097.7757572971877,10.129518053125672,13.286226027772045,7.745618024237718,9.780742096859937,115.12200047338143,2383.2916835855817,12.700621635010842,19.42014211555488,12.175431609369339,15.458945141398111,130.27948562846677
504c8b08_,911.1447417771568,19.74191613004503,-69.41008387046668,-76.33674069561471,-70.02165649910482,-87.21760897523923,911.1447417771568,19.74191613004503,69.56687356733396,76.4116652658668,70.16997611531175,87.21760897523923,1043.7040842457766,20.6567768266876,84.00481820359026,91.97393058945663,84.70821355438801,99.17770057950811
511e1db0_,415.09672033224274,-1.0530672598794453,8.444023649096984,-0.7001084840332107,14.110132740068698,96.23676883041286,415.1150901710952,2.3002329233184264,8.585145170514064,2.0512107602062697,14.234917956034298,96.23676883041286,487.717227861831,2.646655635093415,9.52299618505009,2.4108244496853173,15.973539148305628,108.92642150978293
512943b2_,85.0486615278349,2.1904772320547523,2.1904772320361916,14.720051789542232,8.51511348661242,86.98595987717941,126.45873136739284,2.6439033605095275,2.643903360497026,14.720051789542232,8.51511348661242,86.98595987717941,161.8848585322248,4.032978673574936,4.032978673559744,17.55889290001623,10.552948690733349,99.45776091719684
5138a660_,917.4083581761694,3.3976566451245054,-12.676282748202189,53.13298217766638,22.460110426596447,70.18358858256788,917.4554885877735,4.17007586400645,12.676310028592503,53.13298217766638,22.460110426596447,70.18384792200894,1038.558353772935,5.4780109058052355,14.328404511706731,62.0569630770969,26.740328068998732,79.32863245207959
516088b7_,1485.1519767693953,-0.4775349887132369,-30.485231958732385,-25.178800755283714,-27.754059358534768,-154.12004501902757,1485.1519767693953,5.1255229495861405,30.487964968285016,25.212304138525027,27.769742548397193,154.12004501902757,1660.6250075180606,6.371603205164532,34.24088520438684,28.240646274189128,31.14644709913877,169.94680366341436
521a7819_,484.46145651930874,23.083300000000712,127.10329999873687,232.30269267926468,213.29879243704008,-121.04482281289754,486.0205124766282,23.487584615385202,127.10329999873687,232.30269267926468,213.29879243704008,121.04482281289754,561.028878134733,25.361861575542044,143.96528787605277,265.2922947006246,243.36459113349562,130.66218505313685
5254b6db_,335.5302989578703,-6.955262675626789,84.34776762794021,95.97347719837849,97.88798462326582,-93.73265178104845,335.5302989578703,6.955262675626789,84.34776762794021,95.97347719837849,97.88798462326582,93.73265178104845,369.65194392552473,7.293881229520888,99.13819553479665,112.55360957125177,114.76301766063688,99.4702887880274
529e88ca_,1428.1824744263363,-9.734015218028528,13.881257509047122,19.428098253327086,20.524106750749652,-162.61750892542585,1428.1824744263363,12.875765291191529,14.026119722079724,19.428098253327086,20.524106750749652,162.61750892542585,1624.8667024736033,15.265625031718603,17.110348310142058,22.856894464306595,24.031754938395128,182.26091660929234
52f1e77a_,318.55051316458815,-11.863793336335121,176.62711575493393,140.9087549985147,183.75834976088268,53.00984731354439,318.55051316458815,11.866990094552134,176.6271182108301,140.9103362463288,183.75835063500088,53.00984731354439,383.6062818697442,14.174880875648114,208.02104262681507,166.84094441904728,216.24553354897216,61.730547475580806
5305524b_,873.7946744161309,14.614975500203434,-42.83693359065383,-116.55314052140436,-72.84481897762271,-123.63101129611051,873.7946744161309,14.936702735809947,42.83693359065383,116.55314052140436,72.84481897762271,123.63101129611051,969.5739078310945,16.63490369332069,50.919578092035636,135.85112667245068,85.44868833893403,136.59279430369256
53134831_,663.4316194608928,16.54739367928346,-82.72996995557325,-74.67167346739474,-73.74566202298408,67.28083592738176,663.6369386811255,16.54739367928346,82.79431479294948,74.76646998067879,73.84438144776547,67.28083592738176,777.4746511310146,17.343954276390388,98.45883741437073,89.17226249025916,88.10534643371835,75.61263171601419
5397ceb1_,579.6291754048568,-1.5106850618463716,-117.93904869851798,-108.30178713212942,-117.73832299707601,110.15913764903672,579.6291754048568,7.204058991436694,118.12144041780145,108.5744418589371,117.9223856537804,110.15913764903672,647.059029031517,9.25091584943266,139.686105009252,128.57715055411032,139.45469641090173,121.2463513796015
53f23031_,1316.2500515404415,-8.128433918129238,-53.215524828142485,-56.29727136181963,-59.92716861211227,135.30597987622284,1316.2500515404415,8.257030409357222,53.215524828142485,56.29727136181963,59.92716861211227,135.30597987622284,1496.0935258356863,10.667984070510432,62.1160563382184,65.6678412013,69.85224496419673,153.0022506198539
543198e8_,2187.5754956525516,-6.8668045517451315,66.25392272099683,49.98084837356291,52.63425475207345,-200.580566972575,2187.5754956525516,15.780502844840782,66.25896623005325,50.01914615866004,52.64801031850415,200.580566972575,2439.618579948111,20.51495618405221,85.46405544613009,67.37121645026606,70.29639720483836,222.1299732683377
54753541_,492.4872890990747,-0.028790362642593006,-24.190790362715084,-24.05873182675309,-25.682665752787184,69.84485884176729,492.4872890990747,11.417409339294709,25.364761549983616,25.258759595885955,26.57840718068685,69.84485884176729,525.5795772934315,16.22277834812335,37.08442803213551,36.94517665444224,38.66449439281915,73.94609768518755
54a7e3c2_,616.6329438942316,-9.677082047115574,-42.13599113758967,-26.463217780705858,-48.56999537235627,-129.23484609693207,616.7470376739498,9.716913078797182,42.13599113758967,26.464347436300176,48.56999537235627,129.23484609693207,718.1935400778535,11.037762426443331,45.83396244029301,28.186510724656788,53.166117341924824,143.5722558343611
5542c301_,880.4698073123363,-0.795828460039271,-61.315586035345554,-75.54757931513588,-71.10674898825454,-126.04401211942027,880.4698073123363,4.3290615427457215,61.3155874867856,75.54757931513588,71.10674898825454,126.04401211942027,973.9330868732233,5.501114137426537,69.3002612775952,85.69175038574495,80.57529411592391,136.7632356303685
5567d551_,1391.2321387856084,7.01375235883343,-8.227762793260373,-8.331329849366396,-7.4246437994565175,-144.07724726129766,1391.2321387856084,7.816475540717537,13.844509350071936,13.93691828947288,13.128381465574154,144.07724726129766,1591.3791239066645,10.289492216812466,16.441579480424583,16.53970484279283,15.690768549535521,163.72246391714256
55efee7f_,921.4181154504154,18.024496979796314,24.572678798392957,27.461514741573474,32.23334403865445,-156.9463251630137,921.4181154504154,21.817810872735148,25.156812406764132,27.4615183059874,32.23334573918053,156.9463251630137,1004.3776423856289,25.83515609352923,30.47914367324814,32.873983457861605,37.149009799759774,169.47957972289126
5663b2b7_,298.5636888030113,7.03055108608278,12.003551085625318,23.524409021897092,20.829581338242104,-64.55231725179112,309.73257265191745,13.36353177795676,13.399221238793842,23.524409021897092,20.829581338242104,64.55231725179112,458.68014786472804,16.28409405856329,17.535358664500986,25.668328113460745,23.34446305838817,79.96641093119716
5693dde2_,369.90397159061877,5.9867603211003315,15.713669412189262,31.68696671176784,25.78903427065635,103.65098827174086,369.90397159061877,5.988377293577413,15.713675041880673,31.68696671176784,25.78903427065635,103.65098827174086,436.9219744549059,6.95783505375875,17.16775019028574,35.30595356029874,28.563228635402695,116.65662025081018
56b00794_,355.3240537012231,-27.95740148392474,78.65714396997919,69.27950472672762,82.49768615103132,65.72025903976049,355.3240537012231,27.95740148392474,78.65714396997919,69.2814413573239,82.49768615103132,65.72025903976049,386.9659632222114,29.944728017238926,95.2165173466951,84.45061458458892,99.62949222139973,70.4999745466149
57796579_,932.4829210186734,-9.733129032258816,-186.46312903177,-194.5332511143468,-194.13628029282725,-182.85614172134936,932.4829210186734,10.441954159593033,186.46312903177,194.5332511143468,194.13628029282725,182.85614172134936,1025.2348220564459,12.813078334954168,214.91650175893358,224.22996163085378,223.77182160156178,200.24904709896376
577eec7c_,729.1615844213148,-15.451044282882716,0.23259208175578908,-28.126539032363784,-13.021354006755315,91.3222217791256,729.1615844213148,15.699046045385314,15.852012618357776,28.126539032363784,14.264526677604273,91.3222217791256,854.5046002571631,18.875287599886814,17.62960023432624,29.534107199702195,17.50140482511177,105.17182753312687
57f05c51_,-679.6791384043182,-31.47371620205348,-98.13711014154346,-190.20721623205884,-151.44626458142662,54.48598133588121,679.6791384043182,31.47847411444084,98.13711014154346,190.20721623205884,151.44626458142662,54.50445173595378,763.6302343836857,36.3244551404309,111.42112295305067,217.3075436861287,172.66690077186354,61.63768474562716
58850d2c_,-256.59014335265624,14.052252252252249,16.47455528262535,21.55614532153121,22.404508674860292,-31.76200831932047,256.59014335265624,14.052264264264263,16.474561470631535,21.55614532153121,22.404508674860292,31.76200831932047,259.1735157087324,14.887955622671049,17.37209386446073,22.819814963902385,23.74879007556102,35.87488637893778
58fa8486_,477.9588625864934,7.450983240222805,22.099710512754005,9.21707612950639,11.249941223443521,-103.49238271807519,477.9588625864934,9.975671508379627,22.582602051616902,11.430614663115241,13.125169593938493,103.49238271807519,526.3379838025746,11.865701003853058,28.016189829197433,13.715624359958765,15.90239086418566,113.21156793757653
591cc951_,754.2982072533732,12.404091993925533,21.344698056158805,9.056482332983055,21.547719845132836,-162.42161652126197,754.2982072533732,12.404786287698574,21.34469831914887,9.090636915626673,21.547719917020995,162.42161652126197,826.8743667425335,15.021994805073081,25.039362852159712,11.412330043302267,25.269693913940827,174.94536772597948
593876b6_,855.4705235379796,-10.353948781494957,104.55723303603537,100.00629514292189,113.01290067835544,85.73257986945666,855.4705235379796,11.659173895084432,104.55723303603537,100.00629642260375,113.01290067835544,85.73257986945666,981.1734124287684,12.278386863654298,125.7542157740024,120.51640491127661,135.48956969521308,97.52972693584515
59f8b2e8_,4.72129693426451,2.210677875635289,1.1884960580438344,-5.300840396194741,-2.483095953814085,107.58586064163269,54.836859809984944,5.224363490792942,5.279466967468289,7.838268594738931,6.435888926163566,107.58586064163269,62.21536610568494,6.235385931133263,6.285816361748709,10.41655461682134,8.047030493623735,117.05641439240067
5a1a8fd8_,984.5572771894186,10.77873384030405,112.65082474928785,128.02153156008168,125.00369638524194,84.84174908414666,984.5572771894186,11.554365019011302,112.65082523321458,128.02153156008168,125.00369638524194,84.84174908414666,1078.9128518124662,13.165282167987698,127.37548105311897,145.08250439454116,141.6051604471238,91.82340953670126
5a5269a9_,965.3394019594213,-0.6862413634263369,-16.477756514843357,16.948073247988802,10.86222826442508,149.54648188512172,965.3394019594213,5.076396437893407,16.520662497749775,17.432731039794863,11.70340756558798,149.54648188512172,1122.0186647494395,5.863105043604518,18.221381788001263,22.087586317500822,15.416062505241895,172.47302533527827
5a5d1982_,1065.7073164003275,2.2962275295323167,-10.451045197214453,-12.031132056447083,-10.162161425970496,78.4663199062909,1065.7073164003275,6.164871597329147,12.405687864385834,13.618369818616166,12.189917033379963,78.4663199062909,1172.702530479749,7.106652935637849,16.987595969487227,18.661982683771612,16.68487355142664,85.53319476893951
5a63b5d1_,612.5488010152405,17.27524046968129,59.10542228877928,42.63751661729356,60.68031417908536,-38.609570869175045,612.5488010152405,17.312811645489475,59.1054232831203,42.642080331055894,60.680314847507795,38.609570869175045,743.3304183252603,19.44924550712061,65.50586859437557,46.837916739837326,67.30133291156947,45.147574334712566
5aa03df7_,-661.5180816576907,-1.6046212276741398,-0.27589395543396417,1.6885467291495309,-0.29216408479584943,91.72969343448496,661.5180816576907,4.428558817491318,4.2128899796315675,4.458464390029054,4.212114699660271,91.72969343448496,696.67784571337,6.58601427636249,6.072491948159762,5.990779764964015,6.076700307843422,102.23280923044102
5aa403d0_,937.7682097828099,-24.389355355998145,32.22522040105646,27.614003959930567,30.793355568368156,-116.26691004913741,937.7682097828099,24.389355355998145,32.63534775543378,28.14279008341807,31.238602260656595,116.26691004913741,1048.24824620367,25.684478606280763,41.90073494833781,36.697744772743,40.28172451182138,128.6275761877664
5aef5c6c_,724.8531179650482,5.337289330343088,2.972137814980014,5.264227224121674,3.832882607748453,41.1140224116364,724.8531179650482,8.276719000320538,7.459007214037717,8.240297490557678,7.676582238536931,41.1140224116364,794.6878331621286,10.926258823623487,9.887605873259785,10.885406091204315,10.193429908979514,44.758182314055
5b7b6324_,1125.608857309716,-13.925300121877045,-13.726360727918903,-22.963648606704638,-19.91339976173511,-143.4325466565097,1125.608857309716,14.51312157221217,14.35033862388373,22.963648606704638,19.91339976173511,143.4325466565097,1282.9863365641502,17.673226229685234,17.455680864633024,27.76430538138384,24.32624843186729,162.67620302382034
5bd25f59_,1441.166973626988,3.013011876483991,40.01876945235531,47.942726787962926,45.507208755207394,-164.13815762093262,1441.166973626988,3.340684085510328,40.018770604014406,47.942726787962926,45.507208755207394,164.13815762093262,1616.0703156881852,4.338412715856817,45.62055828815165,54.7493714325698,51.94276165498038,182.56675944715323
5beded95_,1506.01521790524,15.24674517500959,23.494078508545005,27.706741874685193,27.25774685566596,72.87865724195832,1506.01521790524,15.24858357867325,23.494081521996492,27.706743085601182,27.257748258700182,72.87865724195832,1636.5396809656963,16.64432832796459,25.1340634645646,29.71308173913572,29.220655878370266,78.4845402205405
5cb483ac_,474.3398282817458,-1.8525545171349058,-3.7206757288831134,11.758835581884831,6.651798184024236,62.532749107559326,474.3398282817458,5.160155763239877,6.200863714801459,11.758835581884831,6.89916108729965,62.532749107559326,525.842491273794,6.114075023717169,7.614314050410146,12.969631924887317,7.824438890563875,68.83231776183071
5cdd8dbc_,-780.6206920091635,-9.781967581046743,-81.97996758158403,-76.09127082137147,-81.38674405174093,-67.6679125136477,780.6206920091635,13.184441396508621,82.1924384045202,76.38491251075745,81.60654517749673,67.6679125136477,893.0046847058121,17.231660513857207,99.00933170850236,92.23310783372204,98.32655522118354,77.96292643891199
5d11dfb5_,1025.1038618880084,0.19117896522541966,-33.04082103480959,-27.03514446709332,-37.145435680708026,-145.1572016990005,1025.1038618880084,7.165377438507153,33.04082103480959,27.035230520889552,37.145435680708026,145.1572016990005,1163.5129153139108,9.758377072411292,39.35109988753175,32.678341803659464,43.95826415546976,162.87903204876548
5d7198fd_,266.2207059308582,4.907553444179495,24.202735263199965,-40.84564988616346,23.19964612120127,-135.31093889369114,266.2207059308582,10.714774346793444,24.6405404887756,40.84564988616346,23.733054141896986,135.31093889369114,294.5560205062659,13.36645546990557,33.367179572115305,43.93066914411332,32.2539202909914,146.57263822066105
5def1ce5_,702.0110806155468,-2.3909684929389603,59.31521332488983,132.27393771768484,98.64445335579083,97.18707332678387,702.0110806155468,6.495295669719121,59.315213588271746,132.27393771768484,98.64445335579083,97.18707332678387,823.0624499999859,8.052417616706911,70.2362680984962,154.2340690857942,115.47201729555812,113.15759014894084
5eae34a8_,1076.7542814517335,-1.2715925774872108,35.14431651352367,27.43803613538945,33.760588694982154,83.47359455047683,1076.7542814517335,6.527102365415816,35.252170584411076,27.61721754586314,33.88008480037399,83.47359455047683,1207.8528201055688,7.397484649492449,43.75698758146234,35.01587267419118,42.18261473934102,92.67911443404533
5f4d2a52_,915.7115160483022,-47.166553110048056,-90.87491674766171,-120.69965013979045,-105.91356871639245,-127.72434844874284,915.7115160483022,47.20917129186623,90.87491800038029,120.69965013979045,105.91356871639245,127.72434844874284,1050.836071587775,56.914917258531396,106.88694641125566,141.1882623149405,124.17345765773634,145.52796341784287
5f6756c5_,1176.351273916093,-6.649104704097966,-40.80304409664376,-62.442118685499054,-44.73069317951807,-147.8211635929097,1176.351273916093,7.229455403811122,40.8030465490893,62.442118685499054,44.73069317951807,147.8211635929097,1350.2197971461528,8.573813859683462,44.55286410372001,69.32252504037598,49.03246351830128,165.74761073341426
5f75f796_,1478.140103456363,-7.548252427185176,13.523717269766726,29.781764194465637,14.387197512703453,-120.94439887315129,1478.140103456363,7.548252427185176,14.210730334612396,29.96368360517733,15.041147714319415,120.94439887315129,1662.814883516652,9.239915906257119,16.142581733981647,34.71179028724732,17.117671649991586,135.1575352040196
5fb1c15f_,977.3821909180517,-16.93754895104749,4.823390443066628,-4.0837360497512725,13.286700748844867,-103.40562716410219,977.3821909180517,16.976688811187472,9.28184859090513,7.09369219451794,15.227482034782547,103.40562716410219,1082.9204085852912,18.291082508578185,12.348065947539244,8.624355324354804,20.558687748031744,113.3973961955186
5fffa282_,1655.4194709072708,4.6528326588914055,-1.0771673405370354,-9.848290773417688,-8.580692911428981,69.7902573751577,1655.4194709072708,4.6528326588914055,3.830514812126046,10.171045267448067,9.098130373309205,69.7902573751577,1892.303185033478,5.318148657346763,4.284339799219799,13.142592660428113,11.736163475562114,78.9788315406586
60e37807_,726.6449121906263,-12.479651722858856,14.520348277473731,22.79500174247272,21.469039753784546,-78.82233814855691,726.6449121906263,14.88360874397892,14.520348277473731,22.79500174247272,21.469039753784546,78.82233814855691,857.9724610049093,20.874268055180604,16.20317629525402,24.46576384789371,23.074750387342743,91.93453938988979
61f27424_,1753.5560558506136,0.2463520900328032,4.770715726996412,2.339803515137318,4.101430361453192,-131.7814801534452,1753.5560558506136,2.2160144694532082,5.147755481382694,3.0606605923930355,4.5593574970007,131.7814801534452,1951.6166914018988,2.8150009994687166,6.506838048092354,4.130780750036042,5.814471738469004,145.28721839662296
62569ae3_,275.8816258789603,3.82995261984464,40.04622534708446,73.66631475608071,50.31719679752455,56.25037784973217,280.8078186105083,6.111797658862902,40.04622534708446,73.66631475608071,50.31719679752455,56.25037784973217,342.77849116067915,8.163464251076302,48.565045664042586,87.27136441732705,60.37459535056891,64.25656390346838
62a6f539_,-721.2581424677361,5.263590576766921,7.614317849185421,7.6699550532268175,4.866252761654664,-68.79674736585099,721.2581424677361,6.4420525318170005,7.625230189486525,7.680639231896473,6.321042339019232,68.79674736585099,774.0743335702117,7.864940463331049,9.486397170683551,9.530797793653344,7.652285541946503,75.44141403620503
633774dc_,1492.043313478725,-10.709271618803857,1.9476374716232017,-30.1369817897807,-7.340067777235122,-132.3610689427734,1492.043313478725,12.272037542115049,5.519477774604913,30.500078317949463,9.3450914769492,132.3610689427734,1706.829953790682,14.212429924790966,6.525971251433402,35.74510347520993,10.855453143343308,149.23097583187658
63559d57_,725.3083455408932,-4.570931432784084,27.12573523412298,20.104771537494763,23.625911304296512,116.13821586757133,725.3083455408932,5.153408699925977,27.526263634365986,20.669122583659128,24.092908718942134,116.13821586757133,789.9796980454907,5.894220519880757,32.088620614818645,24.04845491087332,28.075966509644484,125.51757072876642
647f2a41_,-198.04845520522113,3.4772223653696748,20.416858728014496,32.65302056520817,33.7801236859491,93.04677381217424,198.04845520522113,4.7798454006698865,20.416859383890444,32.65302056520817,33.7801236859491,93.04677381217424,198.12047253167577,6.546227092935274,24.36266462689412,38.304831500826936,39.595712808198,102.49350331699539
65156b96_,602.4940824933734,-0.5506830176963263,-0.5506830174998817,-2.0571831076821,-2.0591824174906845,116.34758085660748,602.4940824933734,3.6749984476870776,3.6749984477270314,4.011558796708431,4.012913294493608,116.34758085660748,670.040961956021,6.076781706471203,6.0767817063763765,6.9850371230271975,6.986451784346523,125.32954304029717
653612bc_,374.77728750226146,-2.024742671010582,-14.726136610390416,21.37547857107635,24.082927917180815,45.33176434271355,374.77728750226146,2.1968165038005516,14.726136610390416,21.546484966700636,24.197165485251393,45.33176434271355,448.84235139662854,2.8332405605306503,16.30743957262515,25.673683557976435,28.787314187084448,53.220870214735264
656a067b_,896.7676768811641,-4.523254670600818,120.6087453294381,49.09891106596932,62.303454573074255,-94.2879096681931,896.7676768811641,13.224552605703341,120.60888954444958,50.571585621449124,63.04552903684322,94.2879096681931,968.3854364937569,14.667037832749068,146.15653508698904,64.53777112577481,79.46181670662445,101.10710616140948
65a5466a_,600.7856237986002,-6.436124279308135,24.648602994098578,0.0004759007717639905,13.61342001845871,93.7589221980252,600.7856237986002,9.338554345505015,26.4395518418281,10.619815308710146,18.26601734785524,93.7589221980252,699.3925709615124,11.991020361693243,34.88182291184563,12.427666376688764,23.256594499568934,106.72802108803323
660d9546_,364.19682488828613,6.314628064243644,21.230749274388906,143.3738162130795,37.33651689964119,55.000146415788485,364.19682488828613,6.351813186813342,21.230751298006314,143.3738162130795,37.33651689964119,55.000146415788485,423.3874165969904,9.433757519583331,25.371657252466406,165.8460914292618,43.68974092387459,63.556894534021545
6767c111_,1971.9988797939995,-15.469150818221587,129.0506067597858,50.19866652349922,84.06263501602507,-252.859357965407,1971.9988797939995,15.469150818221587,130.33509167968208,54.42453983249359,86.88282734120241,252.859357965407,2248.2134154360106,17.475154063370617,154.386184327153,63.97988584749547,102.66738003175767,284.68203728749086
67847288_,1683.0843201503515,9.832363709786332,-30.920060533911105,66.61669044238323,54.12336971210411,-152.08970670551358,1683.0843201503515,9.832363709786332,30.920060533911105,66.61669044238323,54.12336971210411,152.08970670551358,1876.3772566077246,11.461290028070946,37.977349334731365,75.42532372299043,61.06135311268319,167.98105402589877
67a8da4a_,2143.734883779354,-12.10520464263886,12.45479535636782,18.397829020696392,69.57315886286571,-100.48003971033431,2143.734883779354,12.105245367542139,15.336925269250782,19.446021926100375,69.57315886286571,100.48003971033431,2409.6178944244875,14.48691836331104,20.394660467017484,26.59868739405931,84.35050781172183,112.8014279024995
684a6fc1_,1255.1926023768226,-22.319700550009905,211.2534812689929,225.84823311340838,218.90000653279105,121.10639703379996,1255.1926023768226,22.319700550009905,211.3346677724425,225.8667740943101,218.94475175978806,121.10639703379996,1408.5721162465027,24.030978453294,251.02157867457032,267.8470546469208,259.836400493545,134.63816596708017
698930d1_,1243.179371717593,-5.2585024256493975,-5.258502426472514,-24.59755361075979,-11.437334118306936,-120.13881845584217,1243.179371717593,6.112744146804818,6.112744147394008,24.59755361075979,11.476197361558864,120.13881845584217,1367.3935046966546,10.389172214568049,10.389172215315405,31.167245875795025,16.5952718825719,131.263128710129
699ea575_,377.2868889122327,-6.656123786408639,8.579088334892464,0.07434831083722829,5.438739118680164,-54.29427174773395,377.2868889122327,7.755516990291721,8.596984922123704,4.377325863164335,5.529152991346673,54.29427174773395,436.2163973415959,10.392889600471305,10.000661593614486,5.307212398316709,7.14320368721714,62.29232379550129
69c1bdad_,451.2074113938693,0.1493036109054384,-59.25160547984941,-79.40304742419819,-59.72149830982012,-57.34391767308254,451.2074113938693,8.574491525423664,59.368458832835984,79.40304742419819,59.831641195095514,57.34391767308254,501.4368029382914,9.789958199101882,70.54880839036136,93.64909057479431,71.0862261654525,62.666371747656996
69e41fa6_,765.8720834999826,4.28854643104576,-75.30887781145015,-30.84621216480539,-66.37352799880203,77.09423574602523,765.8720834999826,4.661512474012017,75.3129250404973,30.909142229994835,66.3837350038493,77.09423574602523,880.8681300223218,5.861732687565972,87.90735929498413,36.708486430266305,77.60343408938846,87.95788039273232
6a0ff78e_,793.9429954919951,1.686066511987686,190.9635210574981,191.20291631697077,196.14111957328166,93.09379464607122,793.9429954919951,8.664946635730873,190.96660816992156,191.20578847451597,196.14123707632,93.09379464607122,947.0487934456166,11.350827388917207,224.90359960894057,225.17977027756615,230.87670286029854,110.4107452592633
6a8fa194_,97.14927239870089,-7.057941663905505,-18.30685075499777,-1.388484238197007,-11.93818896295607,-63.46420553267918,120.08905846372797,7.252492542261219,18.317531563747483,2.7349087767940916,11.988884346178969,63.46420553267918,167.70881125025596,8.348329338921092,20.971686160857697,3.3203630977453593,13.741646665175352,72.80752804609706
6ae68655_,609.9099536044987,-0.7199500475731647,-56.914040956545946,-30.32590039263465,-40.403438642977136,-129.00638015631142,609.9099536044987,4.895587535680224,56.92340476590525,30.449351441354956,40.46262047038005,129.00638015631142,687.6639380779584,5.259877371830794,65.92773515073699,35.406239949748844,46.947301907868194,140.22112830430916
6d1d74e1_,771.305901890613,2.618557461406848,-6.03959405312498,11.144098775549041,7.018757461399575,137.4680284605427,771.305901890613,9.238420240137268,8.527477852089381,15.316381477052001,12.169674648365387,137.4680284605427,894.7293908024902,11.887571200184345,9.52003683500502,19.66057684698894,15.610196336558888,157.7870691320139
6d590e26_,2214.295096807613,0.42188484252004393,71.36879393356885,73.81033785785691,79.03439240563803,-157.61758980650905,2214.295096807613,6.6220751312336645,71.91008819507597,74.25745747910898,79.30515133944496,157.61758980650905,2433.153795598426,8.629685403348205,85.02333156811484,87.82976705131614,93.83712017124444,172.11727010759878
6d6d93af_,278.3712605530688,28.42007510431221,-49.05737944102885,-31.9232432275298,-33.83691601205211,106.10075011369739,278.83624030498737,28.42007510431221,49.07002407372587,34.12979133268583,35.516899072981374,106.10075011369739,312.84047073163066,32.195372520142506,67.96660587284953,49.48449192370451,51.50077565525157,114.43187378563158
6dbe4b60_,1221.5187728452622,-5.580733648881166,-55.029188194351654,-66.9126626617822,-60.954621043849656,88.32571197873018,1221.5187728452622,6.7513016351118464,55.02919601785346,66.9126626617822,60.954621043849656,88.32571197873018,1401.182878756733,8.699464045404161,62.86201309682134,76.51653783016096,69.66727037282867,100.52745138197503
6e6d122c_,703.0111789410661,-4.142622514203968,-8.410046756819499,-15.265304662413213,-11.698822034030366,74.98891290733212,703.0111789410661,6.407167968749824,9.352504681207558,15.504322954527028,12.250621849864046,74.98891290733212,838.4215803651267,9.11700946941914,12.91628124229135,20.073869703678774,16.262678080414396,88.62455506006654
6e9ccd38_,463.084740215661,-4.785887466795081,78.04411253479847,67.08510461240968,75.44685010823794,-123.80340259093762,463.09688614942,10.19331562424512,78.11758995570551,67.20274758212561,75.529927665984,123.80340259093762,520.890995379328,12.23949279951463,96.21750411153583,83.6817611707267,93.24367050012135,135.36296295542303
6ea22614_,2231.662718362638,-0.16653156924997284,-25.68325884029749,-41.49857693374032,-26.687086671394628,121.80584421493043,2231.662718362638,5.389462401607797,25.696243356372374,41.49857693374032,26.697580124444745,121.80584421493043,2525.460136896993,6.4753183432909225,30.2444784044327,48.24096262031197,31.377659114934385,137.17492929954128
6ede926a_,650.3076826842831,-4.84824827865619,-66.95991494606933,80.1200375298782,80.68953971652775,-105.01929941338295,650.3076826842831,6.668373835561311,67.179923537446,80.1200375298782,80.68953971652775,105.01929941338295,721.15695352487,7.686767373145472,77.9918115919171,92.08666027018282,92.7434064982385,113.95797095068627
708caea9_,3290.950138152013,-32.993098656077976,3.9194467980214474,-10.98507903408562,7.513213228586106,-258.13075075064364,3290.950138152013,32.993098656077976,14.422269700453352,12.065084071492961,16.649740801742105,258.13075075064364,3738.88715065192,34.916458237909005,17.9205776175548,15.69778438110837,20.68324008146974,291.53631287447257
70925e23_,-889.8728464075728,13.469631747098433,-90.16976219362367,-65.64840497659274,-76.98423908101003,-85.12546418530475,889.8728464075728,13.469631747098433,90.22931684557103,65.7756232937497,77.07881881786581,85.12546418530475,904.3350448132296,14.784803005082047,108.98839968712647,80.8279299596534,93.8346115541923,87.38374759554179
70e1788b_,2156.3406294974748,4.478318793753674,97.33831879320716,113.93443184511271,133.70198265927317,-141.3676061728792,2156.3406294974748,6.2535541195478626,97.34141410823145,113.93630767805948,133.70271692389983,141.3676061728792,2425.0494501091507,7.159206283115687,110.50994466818932,129.6450929237013,152.44601524908282,158.74844104697115
71642c7d_,997.4660019777176,-9.229619191049249,64.02735050679763,81.49757555843131,82.79937288576964,110.67139919521408,997.4660019777176,9.834528829603688,64.05709780768478,81.49757555843131,82.79937288576964,110.67139919521408,1087.8849961111137,11.901230993511438,78.42854708808557,98.47481362975938,99.97058690976338,119.546331646407
71ccf778_,153.62804840471838,4.142201630836782,-2.891555945253687,-6.872358255162653,-7.646563795284737,-51.07328102980753,159.6809216798523,4.662016308376013,3.9551842219564546,6.8889477400549985,7.646564732531393,51.07328102980753,223.1794664543038,5.388651839136806,5.033115708542681,9.03807258757399,9.876963709591672,57.44801550202172
7224331b_,792.8135833030675,-0.105296058056348,-55.23256878503117,-45.455938002241616,-67.26791790691509,-172.04650436815032,792.8135833030675,3.7859986805212227,55.23257358313591,45.46119913882538,67.26791790691509,172.04650436815032,874.0079747021557,4.338260107312621,63.37396528064859,52.11724884480979,77.24413419900723,187.81904369061357
722cf0d8_,1530.1301630307703,-0.9286447598679322,-30.389735670386614,-16.764694924886086,-26.082990018018233,-97.7042632732049,1530.1301630307703,9.391242465487034,30.38974373076877,16.821753657412916,26.083095589315384,97.7042632732049,1760.189301675475,11.127293106426961,39.96551095433316,25.063067838230168,35.17698279808678,111.36642223101673
7256229b_,16.68250979749575,-2.5310766389666983,-25.672167548925724,-27.78315632690614,-30.033693685773095,131.94058004865894,87.27997093625589,4.945473684210586,25.67592405022585,27.78490091397427,30.03398435938326,131.94058004865894,98.94723966802243,6.6453924693055635,29.69144260242608,32.078694285818614,34.63145971976607,147.26151526770974
726f3dc2_,1282.419947468167,3.964630373345576,-54.717551446137385,-31.787763266014444,-49.76602220778571,-137.37886963846427,1282.419947468167,5.176508998959009,55.74651405748397,33.744475847045294,50.96141338522608,137.37886963846427,1430.6520060759026,6.931383638655225,65.82827886928074,39.571653617537514,60.142056937588336,150.49420255823392
7271dd80_,-412.12547129815994,7.948447004609745,-157.79882572332627,-205.93638701879502,-181.19825119471807,89.46578428720076,412.12547129815994,7.948447004609745,157.79883116949298,205.93638701879502,181.19825119471807,89.46578428720076,416.5299886261578,8.313957865645467,185.05501202396377,240.6186880620086,212.06308283010176,98.03299470595508
727a3a10_,-89.75190814375226,11.572679099385365,-84.65022999064884,-152.69941649014123,-90.01320133271817,25.963499616762288,89.75190814375226,11.572679099385365,84.65023167223615,152.69941649014123,90.01320133271817,25.963499616762288,91.1079822148673,12.36395803493887,101.43286572254473,179.88816903134506,107.6097660652453,26.537116549564036
729665c0_,873.3257416807857,-4.062585034013828,-88.5673123073543,-108.31898419396333,-90.08891300536476,83.32060894723708,873.3257416807857,7.156045038705257,88.81907184501983,108.42868652892567,90.32767847828019,83.32060894723708,995.5229857185572,8.662513145164612,103.26977971562805,126.03623832506631,105.02302029898817,93.68761910482101
729e9750_,1231.5762528225364,-4.906534887649454,21.82316208170007,51.886211586988175,39.361988521710366,104.6534795659067,1231.5762528225364,7.670633552964747,21.82317291481582,51.886211586988175,39.361988521710366,104.6534795659067,1438.6977506169508,8.825983755646552,27.86373213546188,61.95381255003723,47.64285414678595,120.14788325722164
729f4217_,1577.6265091673056,15.267334947538265,15.267334947491143,3.2846836424142842,13.953753194906637,109.04138778852554,1577.6265091673056,15.292416464890971,15.292416464844516,7.8254716544593625,14.038431582207764,109.04138778852554,1780.6269305495878,16.25171177822061,16.251711778177036,9.76712493550748,15.064445899515636,122.79512666613299
72dd8501_,953.4256684238376,-2.4333872520700206,32.35067335330988,52.093795106188885,49.55400098329498,-92.5978397103239,953.4256684238376,5.656537646832252,32.35067335330988,52.093795106188885,49.55400098329498,92.5978397103239,1075.2700702020247,6.0720820352358595,35.89007186124852,58.59630348514361,55.671203425541684,103.50035913827301
73348914_,368.5933129714899,-9.7802250651503,-41.765073550170946,-16.03620808343878,-21.702179927074294,94.94572993771673,368.5933129714899,9.810350627813188,41.76521354284821,16.055656966891476,21.714739615341944,94.94572993771673,398.0979726539078,10.691729206195715,45.811119111762565,16.966092741551904,23.13163299207578,101.93837279421167
739a914f_,2647.6405146313095,8.230105358765076,8.230105357548766,-8.182994851293707,3.371870064617259,120.8662800062632,2647.6405146313095,11.075336966394252,11.075336965612339,8.715261437613172,8.020964257073985,120.8662800062632,3007.862099299267,13.540022100878758,13.540022099692779,10.445156077873081,9.30153213731403,136.51643031491776
73b1447d_,829.246299699149,-3.4787830687823984,-127.897086097994,-132.74100146065368,-226.78274777469107,82.76636637797944,829.246299699149,11.202077601410803,127.897086097994,132.74100146065368,226.78274777469107,82.76636637797944,1011.9831683799338,13.404843871674935,151.5584619253238,157.1369568515286,265.5612870183604,96.75280339616738
74b6186b_,844.2743827582656,-8.728593245227767,53.09546736063033,48.83709874398071,46.50257938374042,-93.71201865881999,844.2743827582656,8.728593245227767,53.11318173788357,48.86717775945934,46.54050932435133,93.71201865881999,945.3329480106552,9.007196786463387,63.7921690264353,58.88913911777389,56.202223608854204,103.47020733350901
75c20ec7_,1592.4586358844185,-7.336187278492329,-0.836793338037042,-57.563632343029184,-13.756425934032375,-109.77889838958035,1592.4586358844185,9.677858608468302,8.496091638336734,57.563632343029184,13.756425934032375,109.77889838958035,1821.7250901156058,11.054465755153933,10.493308456799479,63.358377823477156,15.643896379406835,124.18734944643512
75cd5f11_,559.0679221258155,-0.9566761018997996,73.24832389790741,68.08254568025448,72.78628716331657,65.86751044830754,559.0679221258155,4.189316619490534,73.253026688041,68.09335127413372,72.79145579937597,65.86751044830754,681.2857837627702,5.260066074409697,87.16976268934543,81.21604512876463,86.63719010211466,78.85954421984766
75d20a82_,616.4923418535634,6.200945332544217,13.26543018025163,19.68033519155615,20.919439450254565,-65.90622684972725,616.4923418535634,14.699966449575768,13.894354761119466,19.68033703903516,20.919441104723337,65.90622684972725,796.6164025267143,17.230705080539593,18.648327945081387,22.566055376141115,23.517228514307494,83.49427702380092
76201745_,437.21745820224066,1.2500786870496188,-10.209466767752613,3.145275266664892,-1.312502585410662,84.23703030926467,437.21745820224066,6.300676708633065,10.449932349827222,6.7397830338026745,6.159637270049812,84.23703030926467,493.4751790832803,7.881811891978768,12.759210537703717,8.900334326425813,7.364798741675312,94.41549525160428
764072a5_,714.9650067479272,-4.092526280095238,48.381716143713064,-17.460726100065603,30.901627381397276,-53.118469269494916,714.9650067479272,4.577687351644776,48.382761921943086,17.46148650343046,30.90773106820261,53.118469269494916,816.6337686156188,6.358306065218297,56.7958701187093,20.058235944062844,36.73165436707932,59.54337990283875
77b0d905_,-351.0544336798084,-12.731650694777791,68.74410688209956,16.51351657192243,59.838169233096274,-62.10562942244512,351.0544336798084,12.731650694777791,69.13206393221827,18.54287685585975,60.38704303933376,62.10562942244512,369.03067083434155,13.048365351893997,82.42798779405786,22.616975190067812,72.17113398370111,72.78588894320613
77e4821c_,279.71485406805004,-16.28698868904186,-24.296261416419362,-13.742276537814037,-26.300532026368565,55.210374886987765,279.7543947975403,16.28698868904186,24.296261416419362,13.783022257719551,26.300532026368565,55.210374886987765,315.8233320472687,19.218605395377665,28.117610434756752,16.471862770323582,30.377151446751704,60.9090800693196
7850c72e_,-1440.3462504515876,1.5704693469178743,-52.07668216781669,-109.98861892188599,-71.73971744779428,80.896047774156,1440.3462504515876,10.308068037111216,53.647060192226114,110.10223719571646,72.3821593855013,81.06160801823343,1668.3316458544407,12.350659981673207,65.1683035383562,131.45387177555298,87.5752455723148,96.63387363661388
78a4a386_,168.20769446904583,-1.2350068372724774,-83.31015835235557,-75.25211094772997,-89.4096430918455,-108.67746004208773,168.20769446904583,5.002332486813824,83.31016282766149,75.25228109305083,89.40964352691697,108.67746004208773,188.90394081182933,5.866186376682608,94.95027272570756,85.66579787096677,101.98048154274936,120.34968878080078
79507629_,1261.0153496959335,10.769660505469846,-0.9612182821719059,5.397926752138833,0.6793183686313788,-118.36184313842199,1261.0153496959335,10.769713315730124,2.080635357588659,5.426346319842984,1.6233991363464615,118.36184313842199,1390.3064034807308,12.57032003546627,2.432064647029532,6.5439478091593335,2.2618895232131635,129.90534918800066
796dbd4c_,4.54032055501437,0.988777208706198,90.74714084541218,83.55151015206978,86.8663911340316,141.0484811827492,103.74844117635374,4.1340492957745365,90.76634181153874,83.58913408316954,86.89530986029358,141.0484811827492,118.56154228592442,4.867507118040292,105.89300037849094,97.59218051022462,101.41604414277181,159.62946799494017
7987f2f2_,811.7305196460047,5.259125506072077,-5.297359343532301,-10.392803566863918,-7.787062249092915,113.87666985582625,811.7305196460047,8.504636977057745,12.812238237329892,16.210617868446686,14.441719233614325,113.87666985582625,895.5798967457192,12.030471815010397,15.826327996840105,20.194938329049194,17.85254670357026,123.15546396561217
7993a768_,1024.7249645121728,-7.630668853653668,-17.10994158046667,-32.49692363908636,-24.9155629713728,-67.29309764589098,1024.7249645121728,7.988726079824701,17.275153370323945,32.502647103789556,24.983265809401786,67.29309764589098,1130.2904189855858,8.94458476658435,19.705176994822498,37.40085714337112,28.671019529534775,73.12016315420938
7a5660b0_,884.9054832609343,12.600288115246167,12.600288114607649,24.805767323200065,19.09598751488638,-63.043779035657,884.9054832609343,12.600288115246167,12.600288114607656,24.805767323200065,19.09598751488638,63.043779035657,1024.2081400291497,13.453411559639392,13.4534115589395,27.195295211689125,20.70811701300316,72.06070060490225
7acda2df_,374.2413050806164,-6.904098997089142,-57.031977784640304,-44.13621336854067,-50.24183825279005,39.2342842636301,374.2413050806164,11.903730184406536,57.11728370701818,44.4006297788904,50.40583040908306,39.2342842636301,396.05682845160584,13.841227690699123,69.97085975068458,55.187102238044915,62.180323653797494,41.31429244448208
7b2c7b3c_,632.3960479665537,-4.076308049536328,-6.034641383282842,-6.8277469934639425,-7.323539742229557,-64.86350357579983,632.3960479665537,4.325464396285458,6.0346470123287155,6.8277481427739195,7.323539742229557,64.86350357579983,734.4533400300062,6.17273385674935,8.012986394281038,8.814156503181989,9.325708135247872,73.72917190182388
7b38844c_,584.156895584639,-0.13105094691911037,26.914403599270813,22.529165074660558,23.419669341127623,63.180766883445706,584.156895584639,6.097425980261411,28.101120056899305,24.2941020279801,25.065041096582092,63.180766883445706,656.4397719955557,7.388349907150671,33.13427350651185,28.21774213367661,29.21207837543924,70.54105092134755
7bb17b96_,759.5177260143435,-14.529171341151908,-43.65447437159663,-65.16258964296968,-57.93930915626647,88.2121857414292,759.5177260143435,14.533072412034125,43.65447437159663,65.16258964296968,57.93930915626647,88.2121857414292,845.5425325731294,17.009046194531738,50.069425277778215,74.80947977509771,66.49298713973207,97.58176539878617
7c607683_,576.0436261717246,15.24089902402323,-191.45970703602512,-199.10609455535374,-197.9063062580906,-103.91284321764158,580.1837714825806,15.308980855855097,191.45970794602604,199.10609455535374,197.90630625989314,103.91284321764158,696.9803488100637,16.864753655466934,224.1154375881885,232.93853870036085,231.55408414651788,115.75961398894295
7cbbd047_,511.8701556677042,-9.559523530560215,70.99556737912155,71.50976515830796,78.504442855984,148.8738807559002,513.4186280024765,10.884147627416352,71.23690674820217,71.74622117147808,78.67741156778042,148.8738807559002,602.7935684486699,12.532698729088267,82.20653913317979,82.79870118194536,90.855947586581,165.1248668252592
7cd4bb31_,1222.1476188936672,-2.1279686286684676,-17.74008984009287,-33.235699801814285,-35.458254342975486,117.02191706299145,1222.1476188936672,4.7372091939739525,17.740091534314164,33.23569990717659,35.458254342975486,117.02191706299145,1420.1006071388022,5.9143797077311655,19.170745336190883,36.60921340926403,39.14402323408841,134.03783855411024
7d50373e_,-688.4457712741389,13.776788363920343,-32.3302116361394,-35.07354508942283,-36.41385149194204,62.24909146323657,688.4457712741389,13.776788363920343,32.76908395163911,35.42332850890503,36.723642490264815,62.24909146323657,754.9929018963824,14.288140886490114,40.471698638347725,43.61118133155171,45.14646086165727,69.57237676128625
7d57c75d_,1086.2739071691724,-9.136973893302848,-9.136973893627372,-15.82647956392137,-11.353197182576276,85.40840105740783,1086.2739071691724,9.496515323495858,9.49651532376709,15.844641476402105,11.548055464597502,85.40840105740783,1190.0414445784281,14.198113996829493,14.198113997130758,20.918604297473816,16.326558691659955,92.8190274578756
7e208414_,666.9878442058261,5.409320870799672,18.602684506916113,2.6742629050152793,13.328475972925725,70.07776995242321,666.9878442058261,5.610754850922744,18.627762164707427,2.9746922113999963,13.403436792728314,70.07776995242321,752.8040737667407,6.381931414565357,21.4793851139429,3.4072101953807437,15.411908040518833,78.72157704051492
7e721392_,870.5674583953104,37.73138969873658,-19.527701210878693,-31.674832173463667,-40.52580117781207,-34.25531839989095,870.5674583953104,37.73138969873658,20.962060429797937,31.899587829786643,40.52580647050252,34.25531839989095,1047.5410672549162,40.331826473951956,28.862146287757906,42.29283519693722,52.276261642003305,39.81640736237265
7ff89f8f_,-3227.4658012529353,-8.27030939075982,-23.835763936529407,-14.269504170239271,-14.452552367838782,-115.18118664297175,3227.4658012529353,11.48404525010244,24.133950132677814,15.184892035572828,15.329475067964802,115.18118664297175,3555.3575972187978,14.155555516103233,28.965782188928316,19.23556071350991,19.408535229865983,127.80262874745365
8050c789_,1108.66562951041,1.1505719856994203,-9.20270074198631,-6.198672478771002,-8.776624652949199,-67.79642431242682,1108.66562951041,6.513802404939671,9.204734363872367,6.3152730798979695,8.779308421653246,67.79642431242682,1184.9964004462026,7.786449457719408,10.111416053468213,7.793282756167403,9.741124585153289,71.55674139661788
807f0298_,758.302554664261,0.6839204697105505,2.501132591054438,-11.735082590613235,-7.423997897617451,-182.85167610301193,758.302554664261,6.401086202295238,6.893252347376677,11.998579856206916,8.427007107711423,182.85167610301193,850.5628472056162,8.853825493010934,8.865366209928235,17.68315748556043,13.592634743968896,202.48733935192288
811f52b3_,1586.8209685026618,-2.559125310173388,-17.50985258372456,-27.535199027540635,-23.27170514200194,-121.83852390605061,1586.8209685026618,3.2364495450784716,17.50985476433964,27.535199027540635,23.271705735787844,121.83852390605061,1773.514747302993,4.598301010999275,19.179492498202706,30.56411942009977,25.701713561103784,135.5428059164696
81bf5923_,-96.75837931744738,26.56512656834754,-9.236085552949037,-25.697553779697316,-16.493228293632075,15.051724112295526,96.75837931744738,26.56512656834754,10.380932703737797,26.08019766733044,17.206670020715503,15.051724112295526,99.7491474110304,31.31927935297995,12.599576448120676,30.458033333681232,20.216070058437428,15.342205155602716
81fc01c6_,2507.6944226038154,-9.925889321375204,-14.403162047963782,-10.981284460916505,-21.283305888112267,-139.40091179413528,2507.6944226038154,10.284931460484806,14.41267296353684,11.193563390535976,21.283305888112267,139.40091179413528,2878.8685959724685,15.007610097527794,19.33379582652974,15.982309599688197,26.57583620360256,159.20637853643126
8255c867_,286.67251396944664,-23.320537754249834,44.889462245502166,45.46097559708735,54.5691021017564,-39.074231540461454,294.4651720608465,23.320537754249834,46.184617441943224,46.73928283018468,55.60463316990809,39.43548282673821,346.4155901192748,25.379544413656888,56.49082258395783,57.13982739588065,67.51138790101831,45.58417354643885
82aab6d2_,1177.263449219352,15.519701954397986,-309.2089344092901,-275.7956668124861,-305.86765314760106,-155.61952766151194,1177.263449219352,15.519701954397986,309.23236664697646,275.8739919871534,305.89523796445945,155.61952766151194,1322.2190680554463,16.359385167102737,362.85444635138697,324.2929512713285,358.9981631902528,173.58322831687553
82fcf37c_,709.7375374265457,-4.801712670436607,34.569196420823346,34.024904791328325,26.242330546830395,-74.01794748168868,709.7375374265457,5.284090455604271,34.76111993262471,34.22398980207074,26.556973205118016,74.01794748168868,780.5181021434665,6.562385974432521,40.26722875825781,39.64156903567316,30.708095479351826,81.20533501579258
833af382_,1007.8558467193246,7.829214443219739,128.0260932311751,64.6292162133709,78.95848575166592,-35.3783815207081,1007.8558467193246,9.500267364939559,128.0260932311751,64.65964536077298,78.97148437515065,35.3783815207081,1200.014876277781,11.932419080398546,145.45562824598375,72.61249335636003,89.02575169899565,41.44578605819394
8382f4b6_,625.2414707651523,32.11917656533147,-7.022641616444569,-27.938473119640285,-5.942979497131469,-95.11215798677348,625.2414707651523,32.20612643446775,8.368942474850146,27.938473119640285,7.679493508558562,95.11215798677348,676.4562068883539,35.957613544757436,11.668577125393108,34.53572779553694,10.643171535530417,101.53283899625433
84633df4_,1720.8403267808883,-0.5662831858413836,-8.70391954870507,-11.42511888940615,-14.376059416404097,-136.4748623451255,1720.8403267808883,4.298390989541605,10.545853067458362,12.823528378754538,15.503996899678253,136.4748623451255,1969.9164079905493,4.736172446701271,12.531439424693568,15.538450632855074,18.849173632439797,154.36468129560393
8478df29_,1402.9471661826797,13.693345686636905,-59.17665431318875,-59.64365197317233,-60.44568288471688,-142.98285366586651,1402.9471661826797,13.693345686636905,59.78842289462173,60.24391459219393,61.02641226415401,142.98285366586651,1587.1531210677324,14.043024034272376,72.8791446983703,73.41528548238225,74.33616791103933,159.9386895839268
84815d5a_,467.13639001317364,-16.930967918838043,14.795577534726096,6.986471505111045,10.458373737793117,-70.93912985921196,467.13639001317364,16.930967918838043,19.148563185445525,14.766825667533293,16.67734250695496,70.93912985921196,526.6760394066423,18.796385252137515,24.833753324080075,17.403510823133477,20.55082212164375,78.02836801745107
84c3b497_,866.5299640050055,-8.274358057228552,-46.27035805621656,-52.13027983943106,-50.976080746293256,-103.662650054154,866.5299640050055,13.124892695783062,46.27036177563971,52.13028115384715,50.976082224294096,103.662650054154,1009.822669981113,18.960394713110585,59.452320462391256,66.08236205253026,64.77425046166492,118.38558731804714
85380836_,2856.1737440913553,-12.34172861891904,-153.3464861950369,-132.70823368938426,-156.83934566576664,-108.76953797205306,2856.1737440913553,12.96366273798804,153.3464861950369,132.70823368938426,156.83934566576664,108.76953797205306,3272.0840288265426,14.16579981313258,176.67202573230477,152.84602933081058,180.70449251560493,124.20232170775233
8612b37f_,2706.6681484431106,-13.497380445304948,63.99261955557238,71.81508742151073,59.87842459668134,-126.89548487326645,2706.6681484431106,14.522511132623439,63.99275121094507,71.8150893025507,59.87868710825325,126.89548487326645,3109.495215399413,19.617069448970486,74.41582036459855,83.35230949335909,69.72560587055692,145.19429360051615
861e71df_,-344.66028218202746,9.273789361701542,23.80415299753631,4.165453988150117,32.48645826916272,95.90627968901778,344.66028218202746,9.626036170212398,23.80415462229453,5.0391123693432265,32.486458322086015,95.90627968901778,347.69923020179243,11.539564677986593,28.01676213022716,6.1455714157678,37.987961371142674,105.40704473191313
86454a6f_,80.1087393004073,-65.82880713209407,-14.176988950175394,-21.174622613596522,-15.755443386744304,68.89941215689099,80.4721274814153,65.82880713209407,18.546074714967027,22.071691467107836,19.182571370148334,68.89941215689099,102.43162860333008,70.26338513734783,22.046458968264268,25.93135547525802,22.730717458454738,81.07506984845558
8648abae_,854.860562663902,-4.471778982091915,-37.91723352819817,-63.75633073724759,-45.00159170726614,112.029292456061,854.860562663902,5.650874175306105,37.937455874182014,63.75633073724759,45.00511898034301,112.029292456061,972.5663505417388,6.857839767871924,43.859733430689666,73.5918697019093,51.999769471789484,122.96743328194896
865033f8_,809.9879455036129,-0.19172898509996314,-0.1917289852288818,8.241574345223112,1.4962921433820404,-72.4049278318179,809.9879455036129,5.085111048636522,5.085111048690124,8.24517733357942,4.453029329303983,72.4049278318179,911.5075099307849,5.940308678128904,5.940308678177049,9.627298424876596,5.6210861717370095,80.07247354229042
87695469_,1898.5100777577504,3.1115093531337923,18.180721474251175,22.96878448068284,13.330790985742857,-144.8838950967623,1898.5100777577504,6.272571754961891,18.202814897418776,22.973737979031387,13.907019409206935,144.8838950967623,2115.5659624209197,7.051593014629924,22.37383547537233,27.759800244887142,17.011816848533133,160.76029543778228
877ed19c_,829.2467966564008,2.307052319310113,-53.32794768026587,-19.62478881483004,-53.27451670824891,87.49423907565753,829.2467966564008,2.5173867313918925,53.32794768026587,19.633737127136996,53.274516723789105,87.49423907565753,916.8895203555113,3.961990141908008,62.20621912268024,23.441784298816575,62.14461592265475,96.19055007236621
87aa3730_,1363.2219285532542,6.057731407169762,-21.982268594247422,-11.325217767747096,-16.64490676803469,112.72581140367843,1363.2219285532542,7.271057606563308,22.404212592765884,12.246515110707804,17.296706534193607,112.72581140367843,1580.3831445473736,9.116484132166912,28.81217956645223,17.298588734368547,22.943346130365885,129.48974112726594
884ecb5f_,958.8990877719484,-17.099155264723663,-267.9620340534202,-328.9654311422771,-321.21124410031564,94.55350107915986,958.8990877719484,17.43332242712697,267.9620356578044,328.9654311422771,321.21124410031564,94.55350107915986,1142.8549797549185,19.928910115404566,302.7558975922607,373.12040088751706,364.17473945877816,112.32411327489542
8902c3f6_,850.4002051236907,-6.545843920144742,29.677186382263965,85.16727939221632,31.811092454285212,88.43715434562347,850.4002051236907,7.029538213349183,30.309123539705066,85.16727939221632,32.36884469541533,88.43715434562347,935.8014885104932,8.832044207317482,38.935297619386944,102.48723632938125,41.34960620067625,96.50619413432122
896d15b9_,1289.7733494855822,-24.30988315026824,-92.91958012075129,-94.78490505247544,-99.6008891525326,-91.68426995582817,1289.7733494855822,24.676309885486848,92.91958918545771,94.78491085125114,99.60089140412732,91.68426995582817,1598.323211010225,29.78460727060298,107.42319216623656,109.56558794520068,115.09888904886213,113.15105202825939
8995c945_,3379.9404892381426,-15.222079119571251,-21.947079119145045,-93.2885747691908,-46.39927599808841,-234.09687349920958,3379.9404892381426,15.222091017251207,21.947079714029037,93.2885747691908,46.39927599808841,234.09687349920958,3880.817910438449,17.049572930743697,24.50920587137168,106.37074070444989,52.38612535707646,267.75523177316177
89969c7a_,1549.5718056819712,-2.3485324439064175,2.5994675559434817,41.93020358969838,15.086485083144439,-106.57205768760063,1549.5718056819712,6.564327875480122,6.770392156833458,41.93020358969838,15.086485083144439,106.57205768760063,1790.7047903548996,8.235332474787521,7.908749393107677,48.39860371933003,18.42539444874836,122.84027457224168
89f1085d_,398.85375424141057,26.291112779446763,-18.217220553122317,-5.32680141197982,-3.455026476161512,-192.470210433003,398.85375424141057,26.291112779446763,24.66478842430975,17.573819763421568,16.62900672055908,192.470210433003,432.51846945888127,27.630506752261244,32.08019877912015,20.219060064823076,18.856655188184046,206.539029149925
89f36adf_,655.221463884828,0.4615910808765607,15.217833505931662,17.103653337080004,18.09814666300909,58.22998128045497,655.221463884828,3.2349433106575165,15.217837582983359,17.10365516878245,18.098147926643794,58.22998128045497,762.3899105974889,4.477972454313123,18.282904595461815,20.402490871946192,21.5249146193538,66.01622374647202
89fdb2f2_,257.54920669312105,-0.5189758739541503,-5.445036480030728,-3.2227612924952864,-3.005187638641954,35.83585553568797,257.54920669312105,1.0465681930083415,5.4715760261564785,3.27196710731597,3.0569306803195975,35.83585553568797,280.1764250572554,1.6866180518953557,6.67605270152073,4.211532034021198,3.977128188408708,38.349139576827554
8a3da6d1_,2737.0226254819313,-7.010400609623263,11.226387268741183,10.35059140957219,13.062015236741438,-91.10516320857873,2737.0226254819313,7.848571739603689,11.226391121771817,10.358652380633593,13.062016884637696,91.10516320857873,3320.7833354892623,9.412246097229765,13.788903822032646,12.844714077393752,15.79483212510128,109.53025926574011
8a89da23_,254.0987695737565,-23.03477255400231,-26.970772553250956,-0.2867473514450695,-20.947227776026164,52.03408036982738,254.0987695737565,23.079789072426713,27.00426378578164,9.00669844241526,20.998874032251877,52.03408036982738,300.1078433620414,24.252456304947117,28.49104533344207,10.265247419424416,22.053944051026782,57.22557039450752
8a9c8932_,244.94598597892528,-0.9428779755515618,-15.500211308990286,-15.742437051466897,-18.182320952884446,-107.7591314207995,246.33561217120598,1.7241089427405907,15.500658231572247,15.742717777682348,18.182320952884446,107.7591314207995,282.09859732973337,2.3969295087935425,18.029716126237435,18.30746631586937,21.108026740584044,116.35844167470786
8ac2f237_,912.8037330408961,10.867965783042239,-27.178094821820338,45.503831369592795,35.07428511076144,-81.7934352895779,912.8037330408961,11.622062417747907,27.18809430907997,45.514294996891806,35.141852422401335,81.7934352895779,1002.2739079506622,16.45119897844976,29.67354142439241,55.42246765637841,43.49284905729818,88.96989233320465
8b12bab6_,929.2483486082032,-11.5074512800925,-29.750633099563835,-126.48159034400976,-37.571843837052896,-83.29724539277075,929.2483486082032,12.055089797478473,29.784856070567287,126.48159034400976,37.57517003692529,83.29724539277075,1059.8628194788332,15.811256392108719,36.444824909658394,147.89407535740446,45.41215993050279,94.66671038406419
8b5be31b_,1773.6166155728229,10.332727433004795,-30.237818022295862,-39.767368696629624,-35.500753959633556,-154.87246650255076,1773.6166155728229,11.737607545839529,30.244580342239107,39.76736952080231,35.50075585178676,154.87246650255076,1993.077012238673,14.42858472653754,39.6110584019097,50.25140174403707,45.46610160639776,172.5402277788041
8b95d6d1_,720.8751415270732,11.968203350664481,-16.845978467704,-15.10940553022609,-16.027819698573946,34.905228846044736,720.8751415270732,11.968203350664481,16.877163804606926,15.158056819618446,16.066691139559182,34.905228846044736,780.0267364102734,12.821591683060278,20.974167702472897,18.990321173001583,20.038987020248058,37.55193443221171
8b9d8326_,1227.3415538239349,0.7142706474126416,8.185785799205094,-21.378481827779396,-16.278537995934773,100.2085397591893,1227.3415538239349,5.108718156741594,9.77742947919739,21.378481827779396,16.278537995934773,100.2085397591893,1424.7297107330758,6.582552988433189,13.260102176046413,22.85475595204374,17.211148512182458,113.67987404324978
8bb9c1e6_,1267.9462620705924,4.9274747030354975,29.867080763557173,-13.225464420877387,13.76164613149756,-106.50379151489534,1267.9462620705924,5.133669159700729,29.88531753514476,14.048035923386113,13.833908893110078,106.50379151489534,1407.6958289965887,5.877089429163017,33.51620279496795,16.879744848243572,15.18330717636406,117.78044713970772
8bda1a11_,282.36412866736487,2.323619796022169,110.36216525185048,130.1198156555811,126.7607098320496,106.94564518977955,298.44146253286084,10.788314663100095,110.36982496214442,130.11982696363717,126.7612846840268,106.94564518977955,356.2443642267854,12.860573075338545,123.36238626216053,146.07330575730526,142.20978810137836,121.87627651967107
8bfa881d_,1059.2837450450045,-19.051173881145182,-57.34844660814825,-62.47610157391866,-59.41991577798398,-70.25410089287163,1059.2837450450045,19.719532893128353,57.34884261517392,62.47610157391866,59.41992416425851,70.25410089287163,1204.6379486102467,24.907656478671402,68.7836095406688,74.68893548440313,71.16893766487797,79.23788490630862
8c167025_,925.3158362787267,-10.426637481370658,20.323089790844804,25.12023410576307,23.73257764466661,93.83843627521891,925.3158362787267,10.569182190759658,20.85222520612276,25.47032656150712,24.128304780528765,93.83843627521891,989.4697946313145,12.842100494100917,25.101308617606005,30.495677349829702,28.929644856284884,99.6412033597122
8c8348e8_,13.561464350203039,3.2677057613172398,109.44919060999568,76.92394224500096,120.4811386546099,21.032200299375546,53.92450814703466,5.0918209876544385,109.44919060999568,76.93149206560027,120.4811386546099,21.198030670997145,61.69137629213483,6.541121071059431,127.41332939984039,89.89225258149152,140.14383520052007,25.011106914798475
8cc21f01_,-624.7343284259537,3.1614366963394485,30.005527605256397,15.51064086674033,33.44794930127511,69.8257481453009,624.7343284259537,4.269245796241024,30.0055329105347,15.774803718634745,33.44795181147801,69.8257481453009,653.346792973281,5.692405675014437,34.270346000642256,17.864757980056517,38.208709888070835,76.54030929709688
8cc800b3_,-944.1051304248793,13.228137165451509,-32.0136507134675,-25.47177540579418,-29.07152646007317,201.6246522743747,944.1051304248793,13.228137165451509,32.60101652486109,26.36837504510252,29.785111785149223,201.6246522743747,1042.4573025479265,13.894631430456734,40.78876730758125,33.369659843543246,37.445464544071115,228.87724563716347
8d5d46d7_,1082.3285104699462,-13.024415291051112,-53.31641529117348,-46.58433032257999,-49.808917571981475,-141.40331377512237,1082.3285104699462,13.029635099912975,53.316415986221266,46.58464609999265,49.80901844853017,141.40331377512237,1202.246573800081,14.448678432466647,58.070221227969675,50.422147092924945,54.08102999400343,156.40996354260096
8d92cb49_,719.839960817279,4.54222346057298,-59.31626138809959,-58.015761537943085,-52.99259046496961,-82.36640131625471,719.839960817279,5.091228754527251,59.316268784436886,58.01577014550209,52.99260589159163,82.36640131625471,786.8536067974162,7.261615385751236,67.52787975855823,66.02849197028488,60.23814483592434,88.7612031973064
8f201368_,5063.3396685527705,-29.633915577254815,-129.69452163757654,-151.53581626732208,-136.71336335651722,-111.17380501688365,5066.430733909053,29.662490155928673,129.69452163757654,151.53581626732208,136.71336335651722,111.2054520487229,5766.785214276237,31.179492905922075,143.09078143954022,168.17185355236992,151.1457356433019,126.29794807807978
90386ee4_,25.167173346604418,-8.290309895833206,20.808174952616994,8.900498745020819,19.653541484742657,82.06832821968365,60.42602771756323,8.290309895833206,21.13221630362795,10.838699295016768,20.0078497452962,82.06832821968365,74.23746476079735,10.152954610245539,26.585494873026946,13.66889970979201,25.294645500529224,90.65995608120731
91abc4c7_,535.6458379120706,1.8821580027349571,199.50746103170036,183.7567515821432,197.91704539742847,-126.71622334200163,535.6458379120706,5.1921238030097925,199.50749502415576,183.75778503507814,197.9171497186645,126.71622334200163,606.9723723968058,7.02683994774031,228.68630350356403,210.50902856592438,226.85079963899267,142.7781374417411
91b301ce_,-687.2452061363174,11.834767123288175,114.58131257915484,114.19075899249877,115.97998969229562,-157.90201169876227,687.2452061363174,23.475540334855314,115.84467480408782,115.47090204554263,117.1843886727104,157.90201169876227,715.6645406287072,35.315076932980844,145.7078881970456,145.26366222414057,147.29911600235585,167.52761817143553
91db7070_,299.39393165716604,-34.478922170390234,30.581623284725836,34.38781248309411,32.653555140541236,66.624334457027,301.6837291030084,34.478922170390234,30.581623284725836,34.38781248309411,32.653555140541236,66.624334457027,371.80970121436263,40.80747690976154,35.467894348160215,39.794409270606884,37.82111902665153,74.88147986302566
925a7cd1_,1090.370733498051,4.051184414433851,-4.437179222376827,101.96734625060229,79.03154359806778,-112.61901032758801,1090.370733498051,4.051636041620046,6.08844185973084,101.96734625060229,79.03154359806778,112.61901032758801,1206.5139439632599,4.612563792738408,6.991978563777031,116.58839847006261,90.11732967993858,123.83244471523228
9283ae69_,527.8573870810867,-2.665668940966639,-33.320214396042296,-29.958027896879813,-31.65434409100319,-116.11293192979701,527.8573870810867,5.4937140314446635,33.42078449932234,30.109456024492136,31.779154337570372,116.11293192979701,600.2326979411721,6.173284378497139,37.257983485119325,33.43281421261973,35.36116903191984,125.53791142076159
9298ad5b_,629.2326628200564,-7.790575176589098,-0.4613327519652868,-1.3581864877461707,-8.297980938878258,-86.42297538124853,629.2326628200564,10.30393541876879,8.771471485740179,8.908695790592166,10.444024784884197,86.42297538124853,700.6504102591484,13.089984763550598,11.72184906496601,11.569990526490413,13.379048384125456,93.76489730532087
9314ff13_,-227.39870835797288,3.0770887918489747,55.974513034515354,36.76986541950073,62.06079443409931,-56.80117730870828,227.39870835797288,3.819148471615926,55.974513034515354,36.7714273003613,62.06079443409931,56.80117730870828,229.79877288251413,5.189815774469084,63.587365056864776,41.50406179267856,70.59775504052028,61.89229954344147
93209a3d_,-216.73743136468934,-12.430334255907498,28.855120289793714,31.558478885400593,35.48024197459345,-141.50781048159743,216.73743136468934,12.430334255907498,30.405828865846853,32.897707279928625,36.54718254941749,141.50781048159743,220.03080667386007,13.65809981076041,37.92931174387081,40.977541698209166,45.41728294957621,159.5084129244958
939d9c34_,-845.7959482082694,4.747357380904898,-92.03603655826302,31.390726957840364,-45.56338499595273,-96.62099235160765,845.7959482082694,12.302930797882684,92.03604986522006,31.390726957840364,45.61901299441779,96.62099235160765,895.6338198556582,15.729081869192102,106.31290878262332,39.85377118386361,53.63762911561607,106.14307103184979
93f5d2e6_,582.1564873423888,13.045310214033405,24.56882536615774,22.70986514954014,22.385671318605773,71.32464969872852,582.1564873423888,13.079479815767476,24.56882536615774,22.70986514954014,22.385671318605773,71.32464969872852,661.8208701563123,20.10571368100563,32.56504436383501,30.506825348226474,30.14914105949001,79.91038985464706
940a48d9_,-298.7131624850822,6.742500630834961,34.970985479571404,-15.953867205940735,19.88318442436703,63.761328307441076,298.7131624850822,7.980880645975153,35.19825178379151,15.953867205940735,20.336229850864434,63.761328307441076,302.49267740159144,10.06328128166555,41.315276173296844,18.738933213184264,24.174667385960994,73.23663976511536
940e709a_,688.5244029499299,-2.270878136200903,-128.11209025793522,-74.00067048544867,-112.69299650355188,-120.28808770790135,688.5244029499299,3.953207885304693,128.11209025793522,74.02492959361753,112.69360110610975,120.28808770790135,755.8503260426303,4.6519560575408425,147.86447216813298,85.42454844530621,130.06845640908944,130.2179664108672
9426ec1e_,468.2482940600786,10.738858609794821,5.979888913127974,29.839411355051695,5.042193303633281,54.171379800097284,468.2482940600786,10.738858609794821,5.994658792009915,29.839411355051695,5.062545826443599,54.171379800097284,532.9012390158118,12.079413246018726,6.837597978467277,33.93254853314523,5.859651820042838,60.89008047370506
94467f50_,592.828942306333,0.6444382207581367,19.688438220909276,2.3981768346262,18.220436299947224,-87.38938852806058,592.828942306333,5.466052718286574,19.709021596676266,5.1952601579224655,18.24652406624333,87.38938852806058,644.0617377512866,7.795325573109472,24.578992424256466,8.389336213572134,22.974891776961183,94.39229249979174
944f36b9_,857.5545031480546,-5.711989200864775,49.298677466037155,49.35411607966034,48.90045425666568,96.26790823332536,857.5545031480546,5.763492440605536,49.300536174067574,49.35591391299016,48.902750236068115,96.26790823332536,958.2735225035843,6.513075857645095,58.81477142841601,58.87860919495215,58.35622713427857,106.62443491091638
94d813a4_,755.3547649761921,29.421883639365053,33.09461091222147,109.52079273028896,66.37609828521491,-104.32494652515388,755.3547649761921,29.422857437590746,33.09461841451904,109.52079273028896,66.37609828521491,104.32494652515388,833.9933455737412,36.730942118502206,40.88604640325763,128.62390404935968,78.95468837468027,114.53128173525634
95b559e7_,34.8686995636082,-19.18896085902307,34.195281565224874,14.95017985505602,27.961366151761915,36.57624781440548,61.8778733596663,19.18896085902307,34.41709911726046,16.238381955348334,28.408884301384898,36.57624781440548,85.34997598458865,20.38335913388356,43.96258044559447,22.58057653389302,36.9282380847289,39.45475942055761
95c8427f_,1194.7957131104863,25.656356748224162,-16.967643252693225,25.15677655017304,-5.346687669508171,-88.58056258971378,1194.7957131104863,25.656356748224162,24.2290927466262,25.15677655017304,16.210925202766624,88.58056258971378,1367.1680075544175,27.215687207592826,31.033880685743576,26.74403185953112,20.54562183605355,100.09656995472879
96936c22_,1049.2232618243813,-0.20661685594603377,-44.833283522254824,-48.86344106838323,-53.26761637578921,-48.29265091652538,1049.2232618243813,3.361464435146694,44.833283522254824,48.86344106838323,53.26761637578921,48.29265091652538,1212.7022466487238,4.079825343764616,52.980094494391935,57.621985203603074,62.69659588138826,55.15995110755096
96ae5806_,2150.948767122708,6.051120032525001,66.28384730485253,70.79524964546384,64.13901439008254,183.31001414999875,2150.948767122708,6.897262933225843,66.3107332842737,70.8120036066085,64.172172757835,183.31001414999875,2434.880497255739,8.450669041365172,76.65975953073564,81.85940741927381,74.1881869304213,205.47956837794615
96b7eea1_,1374.636095999635,-12.100655586334316,117.88934441327764,112.55246124534426,115.52257970776212,-122.91560473319974,1374.636095999635,12.100655586334316,117.89240997191142,112.56117469441773,115.52793031337835,122.91560473319974,1528.594094557864,12.405056848354107,139.81453746492986,133.65980681790182,137.08499709210597,135.8056424298791
9719aa04_,1380.4300871433763,-3.5075200164244538,10.37029816477437,22.527348750479952,16.201562336490106,-118.62733338970739,1380.4300871433763,5.334582221310091,10.370301748134143,22.527348750479952,16.20156312041279,118.62733338970739,1564.6084946306953,7.07656345543121,13.124188258048488,26.480733812415718,19.411330540575555,132.9488788769889
974802e7_,1412.3364303702656,-1.4871127845282686,33.04561448784555,126.76913708046993,76.68357821200239,-147.7735461745071,1412.3364303702656,11.313373267157326,33.26275294412902,126.76913708046993,76.68357821200239,147.7735461745071,1584.4756051767288,13.80511563998303,37.682044103812586,144.16171192970546,86.72557903260075,164.85825580799118
97cd5bf9_,1047.923215596934,-2.3083212525371266,-2.308321252893277,-5.6665075711712936,-4.653327254952348,-88.14050203636542,1047.923215596934,7.770710350826331,7.770710350975136,9.304481785465914,8.811440496878129,88.14050203636542,1174.9880591384915,9.273936692075774,9.273936692336628,12.110366585349912,11.188996198754987,97.48405389210482
98177ced_,-1138.5843193861613,-0.4481936295061732,-315.46619363029265,-96.1613788679801,-137.78224404962978,60.96920738803148,1138.5843193861613,4.801697401508811,315.4661986596305,96.29700780294415,137.82470128264876,60.96920738803148,1261.5077239121495,5.779865915399804,364.9946871431147,111.87558994832006,159.8898057771197,67.99481782094112
9896fc0b_,441.3179443990759,8.24726842837219,46.93151085315425,44.40837685921231,43.241140217057485,76.19496241341112,441.55933103342545,10.444675938803611,46.93946533538892,44.42038596243144,43.255276756569074,76.19496241341112,542.4233191261993,15.814766850712997,57.7707081482131,54.90401250907775,53.57953899756322,87.47183714797177
98bc6f66_,664.5033223846688,-16.48425037110408,-9.13394734217712,-13.262306896799364,-22.04595025106598,-110.27131036331456,664.5254370593924,16.485263071087576,10.47269753513902,13.478015153794741,22.04595025106598,110.27131036331456,749.3492947395919,17.645391862557158,11.780451811926666,14.764039066076867,23.18809307993299,119.92926832628599
992c99e8_,1155.3510223754809,9.900110114191614,0.5360192053983331,-8.390992496069888,2.5325999101831878,-94.07548127629461,1155.3510223754809,11.018352365415586,3.8427321668176253,8.390992496069888,5.1008399973912395,94.07548127629461,1267.6847880128576,13.77905931963707,4.780681553285432,9.0185146851877,6.233186483605943,102.5224540842093
992ce078_,370.5223576656333,3.52491142757931,-3.8932703900733086,-8.429464809998603,-1.1176624019054495,-59.42340323769148,370.5223576656333,3.6784300104204783,3.947562389632712,8.429869314221264,1.916009725924036,59.42340323769148,439.1452935883829,5.02484380821733,4.6672960516585045,9.589326536673822,2.429397786047599,68.07318911404805
99529c45_,2745.677720624466,20.554679794519966,-68.65332020513397,-66.50478555204724,-64.23868947308767,-78.77803183347136,2745.677720624466,20.554679794519966,69.7142297319244,67.66807357776582,65.51660042048535,78.77803183347136,3178.6116681186163,21.675545088419643,87.20169530937352,84.75216855198815,82.17064476611907,90.86536333040657
995ff498_,1165.1408833612,1.3352695536901533,1.3352695523896136,-5.785960869366034,-8.840426484815268,-93.7677592356145,1165.1408833612,6.702132125497097,6.7021321251155115,6.557646350144946,8.840426484815268,93.7677592356145,1287.528879543107,8.343710199277547,8.343710198488722,8.07143290757489,10.230744887043672,102.86285078465924
999daf80_,-958.365982665661,-3.524323793490526,12.032039843194635,9.896355624457582,4.990590972409655,-66.8218840953291,958.365982665661,4.18735409652079,12.648451433810592,10.85367453752601,7.503019921096051,66.8218840953291,1035.4485846646446,5.121625403452367,16.88358840106202,14.536549460543993,9.379181930717458,72.92702735580941
9a6b0392_,710.3371792024489,3.5887356051701125,103.02437196887658,117.5847953711526,115.35344148751632,87.2382067165038,710.3371792024489,5.159748531139764,103.02437350717378,117.5847953711526,115.35344148751632,87.2382067165038,812.973536599069,6.974051133501153,120.30137555959686,137.10343765364865,134.52839725850637,98.69532684936878
9a8ae0d6_,14.065235613250218,2.36270416269521,-128.30623523000142,-134.7581852762436,-131.7230629441938,-101.48247441397045,74.25969710511721,4.094966634890769,128.30623754100466,134.7581852762436,131.7230629441938,101.48247441397045,84.42789854685698,5.937216688673599,151.0726934785643,158.5169837413169,155.0149797072696,115.8116947175466
9a95e33f_,1195.4995440130492,30.10668838219392,44.370445958958406,39.426398913240774,50.35480170743487,-83.47407740184127,1195.4995440130492,30.10728711028449,44.370445958958406,39.426401723721916,50.35480170743487,83.47407740184127,1452.319392651829,32.28932813245856,47.56123525433478,42.165765262102276,54.17794388055733,98.56165511703206
9ab94eeb_,-765.1858141757883,4.64025213867553,-14.343475133939426,20.481753308795053,26.365615404018456,-106.81080307775066,765.1858141757883,7.2255650607831505,14.343477098656383,20.77506624052042,26.400232485861604,106.81080307775066,809.9737624610337,8.205724523051869,16.339276839385974,25.22372135162949,31.90544997278661,117.89290887582767
9ad5410a_,695.7923009523178,6.096665873960979,-97.90624321595266,-116.80951900454163,-111.64709787163622,-134.99255765901682,695.7923009523178,8.015177170036345,97.93582816893186,116.82289796138623,111.66415409025205,134.99255765901682,792.8551396976176,8.784377249544983,117.08009481470789,138.86183583559324,132.91186358601155,152.67620259435427
9ae248be_,1033.9804766773814,5.26933029785671,-14.540609095903058,-22.51789010417365,-20.661568141516113,-175.70710757672344,1033.9804766773814,7.311754885221373,16.00971511340499,23.44109581324845,21.704653142665453,175.70710757672344,1183.810707483783,8.107003944596206,21.210949944901124,30.002296162664027,27.932408677699538,200.09771282799883
9af1ffd0_,844.3755881366131,12.499809929078376,16.98744629271393,14.473015809645387,16.345816651796554,-102.75302448212088,844.3755881366131,12.54686808510669,16.98826300451275,14.476640544612506,16.34724697303138,102.75302448212088,924.051588047042,18.128053838502368,23.020731820143798,20.261673651323218,22.31320237749186,110.62679954222868
9b5b61c1_,808.709793513216,-1.7173499638470007,-17.142683296529793,1.0333794090761157,-19.917133877478093,85.66113000858564,808.709793513216,3.965361532899458,17.195318805641396,4.649267726984419,19.9417688507727,85.66113000858564,923.0194403864591,5.429982209622746,20.24548912286759,5.320506922271781,23.35848276029464,96.29048536587621
9b9e3b49_,1398.9410574214955,0.7828038296203449,-88.41189313951085,-64.5324415949499,-97.61015271302843,-136.9555759447793,1398.9410574214955,6.184347401328807,88.41229185112897,64.60750152040288,97.61015271302843,136.9555759447793,1570.3989380846638,7.923721572593473,101.21636089162344,73.75242997850599,111.80957401338587,151.40787236546973
9bd2bba3_,1064.323264220632,-14.885624411882967,118.13255740383745,122.69723067360616,119.70245722091691,-140.6061975171348,1064.323264220632,14.885624411882967,118.50181858674316,123.00841182891506,120.05121890327847,140.6061975171348,1198.510281125925,15.673287472863077,140.52069718602053,145.78254509362432,142.33029844386743,157.9460986378901
9c211c53_,1478.5498284347825,-3.3395278733661673,-70.7151642360883,-50.036385479068144,-66.78313459617087,-164.752542936896,1478.5498284347825,5.363717825189647,70.71572978698622,50.040557420666985,66.7841615909302,164.752542936896,1665.219307814424,6.466506541772609,79.37898151135705,55.61058881927456,74.85414648154507,183.8454062749904
9c350a6a_,-276.90377693737736,-13.271432584268203,-5.384190159607784,-13.536398890892517,-9.847454673108215,72.61041363100377,276.90377693737736,13.964730667546894,9.321951440843895,14.167367828072294,11.724020397453659,72.61041363100377,281.45377910705804,17.397946606336834,11.21432995197004,17.649706448044476,14.335518198255535,78.71952746813199
9c8375f7_,261.72719633801194,0.7272373434941153,-6.065944474543624,-4.281810811332303,-5.113056774234201,-35.2525311182435,261.72719633801194,4.743769733260625,8.03185618836416,7.0270220519173865,7.486612420343309,35.2525311182435,316.161553537858,5.917156069883692,10.709245839691643,9.04700202303259,9.802684673452116,41.10896519842775
9d072e4c_,695.6374883232577,-5.957554337182885,87.3795365722375,171.73126774506488,179.8203443422625,87.68513436556532,695.6374883232577,8.087947914626282,87.37953792510433,171.73126774506488,179.8203443422625,87.68513436556532,765.3680916610134,9.990804668905984,99.85441047132463,197.16552864668085,206.50158792794022,95.16131018572801
9d3ec64c_,888.6824923704843,7.4247040229877745,7.108249477407516,47.521270419604114,25.822603902927096,73.21616914672944,888.6824923704843,7.7685488505741285,7.534989289354748,47.521270419604114,25.822603902927096,73.21616914672944,1012.3105484620004,9.187876827833358,8.93536533488074,53.1461903192771,28.451375771701297,83.10888771284674
9d4272e3_,926.9987851364127,-16.49203225806552,0.6091798640860749,-18.086170001845847,-7.332516291846957,-93.2999573863064,926.9987851364127,16.49203225806552,4.929297616919004,18.086170001845847,7.332518547200711,93.2999573863064,1042.761000631609,17.76831335353228,5.941508783326465,19.534192003816795,8.279216087410957,103.96245964138413
9d5e14d4_,1743.1653007521415,25.70254444444415,22.265544445452786,32.16672959294445,26.1317715753951,-114.76496310504878,1743.1653007521415,25.70254444444415,22.265545859594198,32.16672959294445,26.1317715753951,114.76496310504878,1982.31034332718,28.543156532728414,24.664421573355117,35.891360917736485,29.029254279305448,129.92198706670172
9da441ba_,589.6654640839445,-14.074506311602692,-40.190142675270955,-33.41923574451258,-33.82065180985677,135.2725109547606,589.6654640839445,14.351193152342827,40.28257405460103,33.55225930815225,33.95114243321976,135.2725109547606,653.6621658996525,15.618529769468404,43.44358410339952,35.86973921904407,36.31587193196969,149.05862534844587
9dede370_,1858.2100047732467,-16.55395902810928,81.92385915440676,80.02935726356407,81.85663833088229,-156.16941048129922,1858.2100047732467,16.55395902810928,82.00329513402043,80.11291025104951,81.93621737454353,156.16941048129922,2102.969683223311,18.676124657054373,96.6728200803643,94.49129051505096,96.59541030722556,175.08203652278735
9def2eb2_,1120.6023239548406,-2.7733349991678984,27.24666500144456,12.157043998712695,25.165086129149238,105.42276571512312,1120.6023239548406,6.059152090621723,28.193451608110173,14.06996514270306,26.220922953441654,105.42276571512312,1280.6536015257504,7.253592864593499,33.3480955936454,16.708631170489667,31.00155550800153,120.0493048484419
9df1b1f9_,594.307257463727,-11.834592639864876,-71.96319869942731,-87.50744922551081,-76.9536236122532,-126.6050802402061,594.307257463727,12.018255690279597,71.99034686261771,87.51701403968205,76.97428897991905,126.6050802402061,677.6203314110538,12.592269852167446,80.50965320937232,98.41072602577479,86.2546016598466,143.27572565816996
9dfff011_,325.5015311127884,0.9477541097466939,-2.19406407090134,15.178349969283667,4.922361552563068,-66.93253482207561,325.5015311127884,4.348791386894898,5.2427218837996055,15.178349969283667,5.047955917938219,66.93253482207561,368.81055452373715,4.8459695911212535,6.500275711099149,16.372349605283695,6.119386548129964,75.40252085694405
9e3e364d_,411.01234361908763,-2.103268065267844,-20.827631701839316,-20.514915259993955,-22.83606134257707,109.40551143864262,411.01234361908763,2.8285454545453934,20.830935961216017,20.518666224013433,22.837063691040942,109.40551143864262,450.55157952357945,4.097267023631261,24.24181462796309,23.884207732916,26.540791491720558,117.60638449108662
9efc812e_,-182.0761879750452,-4.573833707864415,-46.2513791632092,-66.28541963642061,-55.469121823015534,35.11268845917218,182.0761879750452,6.872319101123316,46.28529115503311,66.28541963642061,55.46926550835493,35.11268845917218,183.65586741381065,7.747022854046375,53.350244327616544,76.37947796347966,63.93687109047602,35.93532303016535
9f0c7bae_,101.09873035253466,-6.92672698662486,-3.6901815321642606,-8.584521886099415,-14.085592532901968,35.81377754486218,101.09873035253466,6.92672698662486,4.109790859077137,8.584521886099415,14.085592532901968,35.81377754486218,110.74827689445385,7.898258335635161,4.964348573945434,9.619171585964077,15.654401292642934,38.177990225357576
9ffce529_,428.5527167014031,5.864410974673831,-20.200589025672237,-11.686960792436007,-15.787374619565584,-109.20626012716882,428.5527167014031,9.462730237912524,20.366544513002776,12.037980143774163,16.043117675345037,109.20626012716882,481.7124991901183,11.084878093703349,22.13890810126743,13.075112998685418,17.336546248716477,121.23495436185281
a0383629_,1048.5196309280839,6.888660836763354,54.25969114090194,92.96627508819239,67.93699288953181,96.85445403763481,1048.5196309280839,7.13159636488389,54.25972923792132,92.96627508819239,67.93699288953181,96.85445403763481,1194.0913332517573,8.416225361246278,60.631733579129744,105.1861040567782,76.35694470513766,108.43421229587034
a056d01e_,150.53388491515037,-0.05269788012742951,67.31584757346567,123.45177664732775,110.6255580621913,110.36357429364001,179.51873206859443,5.70007930455993,67.31584757346567,123.45177664732775,110.6255580621913,110.36357429364001,216.36690677382668,8.584211201864289,78.75878610461797,143.36525328785567,128.58490404408528,124.08386812245665
a08d9e63_,689.8069953844022,-18.544713704207243,-85.22780461303951,-100.04932894572191,-91.64610289976436,80.92818751605827,689.8069953844022,18.582830393488052,85.22780668532273,100.04932894572191,91.64610308193762,80.92818751605827,765.4502519521997,21.46258569009769,93.26234696063781,110.17810866843251,100.57932936358142,88.35629086577192
a0b83014_,-302.4059685860846,-16.189314796424664,-62.73416328173729,-67.95041974690612,-71.06176425624555,72.66193213377731,302.4059685860846,16.19369215491523,62.73416388358497,67.95041974690612,71.06176425624555,72.66193213377731,302.86628178597823,17.51843897699374,68.76722440482129,74.7293082164735,78.28995089631155,79.08534702840745
a0e92ed6_,541.6669887769551,1.057614866244044,-6.512021497391941,-88.39782299755844,-77.19866604614933,-110.93682029499143,541.6669887769551,6.195658566469325,7.383372714278008,88.39782299755844,77.19866604614933,110.93682029499143,598.777316808518,8.114542367589692,8.634602334653026,99.67260188840484,86.77966036099232,121.3027166105913
a15bc102_,1291.6466375306695,-1.5694035846719938,-24.62076722048773,-38.37855137945286,-34.15235388478504,-77.89671805336619,1291.6466375306695,1.6936372064274734,24.620778083131476,38.37855137945286,34.15235388478504,77.89671805336619,1445.290243050884,2.578928597930721,28.68632523096149,44.555402024830094,39.67929826126268,86.7512264268057
a247e7cf_,943.3680538852248,1.6343637645406004,30.00936376531205,33.13716904504861,31.768409382826388,103.78609400028535,943.3680538852248,3.435512865703316,30.0299876637876,33.13716904504861,31.772459317555008,103.78609400028535,1078.4086161188736,4.201165296490171,35.84693551140623,39.447082889499434,37.87135500871689,115.76071397599158
a2e8e7f6_,1154.3208185954577,2.161886554621943,-77.47665890134101,-73.54429859389657,-75.971095918349,63.5144458121908,1154.3208185954577,8.83529831932774,77.47666508927068,73.54508975816425,75.97127803280823,63.5144458121908,1258.0420160538426,10.698430341162505,95.06286047779115,90.5509760573177,93.33509059457508,68.91876158521032
a3518960_,640.7732400525382,4.810205355345926,8.423296265257887,-9.246417506930237,-6.19931205161256,-115.59681758699267,640.7732400525382,6.006992148178344,8.550062083198933,11.49590778235578,9.468083173189761,115.59681758699267,715.4641225699817,7.100675858286987,9.629183467465886,14.730305845659062,11.668356528453,128.25173447388443
a3f71395_,971.2783591919351,9.93482229839372,-22.657177700348342,2.5205331895068674,-1.9731306427798876,-209.68260691372498,971.2783591919351,13.610257983041308,27.20528305873038,11.696353304109754,13.866527102847627,209.68260691372498,1098.88956409855,15.089395383508826,34.01206616629001,13.790527262690583,15.452652566883975,235.51468636955963
a4719920_,675.6101169516089,-2.8980081577167214,-36.0680081581865,-1.7720362105281398,-26.16530587663689,112.66909379634589,675.6101169516089,6.296006118287062,36.840122427993414,5.793881236318107,27.3010732274995,112.66909379634589,758.271410343999,7.205451003735877,43.02423565395772,6.506071601486215,31.72961705647048,124.9210048752242
a48640d9_,591.3859428867594,-20.87411297440437,-38.45665842934359,-70.74568120125709,-70.82635811255015,93.59865879736799,591.3859428867594,20.87411297440437,38.45665842934359,70.74568120125709,70.82635811255015,93.59865879736799,612.6548052074901,21.626612771414322,40.68897854950453,77.35557829146612,77.44792898774762,96.17850794828645
a4cdbb0f_,823.1440958379237,0.8414642582623622,-15.246717559748323,-59.77078416659153,-18.01650693024154,-116.15629654713982,823.1440958379237,9.041502690238257,17.329186919017168,59.77078416659153,19.56300564255737,116.15629654713982,938.9839535028124,11.150021440885437,22.77180136572873,72.1631382237142,25.613743868576776,131.1064664107528
a4f989c2_,1106.8122126083756,9.15071494893361,67.09101797933971,54.82942457984178,69.61228277615713,93.90036114590295,1106.8122126083756,9.295052924792236,67.09101921734651,54.83042328227468,69.61228277615713,93.90036114590295,1238.7273411126648,10.578786672639087,75.33280051806247,61.245533819463155,78.23262265592484,104.47902329980126
a5aa7973_,1180.86318311651,8.48812391681175,17.722123916705687,37.22960690510862,24.532891743898787,-123.7610618822524,1180.86318311651,12.101347487002037,19.951511265072625,37.59632283727374,25.96962648563346,123.7610618822524,1295.2989807710258,14.159778554983863,24.137032350001917,46.2308104742749,31.782206930900767,134.3730598340302
a5e6f7dc_,1848.7569268049306,4.042531421490742,-33.96655948797031,-25.58428526018022,-11.909053212432202,165.87752108922243,1848.7569268049306,4.85630731102859,35.72287033943699,27.616673515893694,14.474109092837738,165.87752108922243,2070.7102920019424,6.350818327780091,41.52179413359485,31.96326983269609,16.66917449855585,184.71586236318683
a612d5a0_,571.0715570833607,-18.203146931880703,79.67503488611362,73.71672495526335,75.83392149570427,74.09607057568935,571.0715570833607,18.203146931880703,79.70319886025231,73.77535447743881,75.88003544648122,74.09607057568935,649.1264719100002,19.256901319606147,96.34428038450412,89.49614876945317,91.92898953102655,83.57051316661526
a622ce4d_,930.6530428444022,-12.23398062876957,-9.179920021612531,-18.372907031396167,-12.947816883237369,150.3111366045235,930.6530428444022,12.23398062876957,9.29358067399176,18.372907031396167,12.947816883237369,150.3111366045235,1064.888833640127,14.236097814848373,12.114829070719587,19.75514820679467,14.809372218594596,170.46959065272455
a645da9a_,-410.29529502063724,-1.8137337473314599,17.708993526323653,-10.601667140691402,1.1722451240709928,151.248725738438,410.29529502063724,7.8968038036095525,20.853974208195453,10.601667140691402,9.46183154009495,151.248725738438,423.40240859416645,8.951092580974047,26.350949729609344,11.632495234309964,10.403822186607492,168.96716521937213
a692b17e_,1516.6204517629471,-8.717770611328476,-97.89277061144867,-65.86982209648399,-96.07972403275475,-64.75246343928342,1516.6204517629471,10.48426528323005,97.89277061144867,65.89786472349489,96.07972460289868,64.75246343928342,1777.2906162047666,13.138061444708827,113.26471425597778,76.44670981122763,111.1774146783782,75.06692767032577
a6b8ac67_,1681.4201463591085,-6.512136438657912,3.569499926474809,-5.934500074981881,-7.215329235829871,-171.85806443418747,1681.4201463591085,8.903055198973203,5.750192210659805,8.406241278229235,9.508998999022056,171.85806443418747,1868.7865355901222,10.875902281234387,6.581343520832259,10.328144723342279,11.559641200144753,189.60453977135577
a6ed2eff_,625.667802114534,-4.152604739337022,-6.710665345546689,-15.809826221504242,-6.469484451250511,-100.41583148271707,625.667802114534,6.912225592417379,8.188649869392492,15.809826221504242,8.056419941778373,100.41583148271707,690.1188640036205,8.632582794631363,10.240675146277091,18.821326507818682,10.063049921046412,110.20389057669664
a6f967fb_,-682.1243563476992,12.552085653105298,-57.512914346548854,-44.461302285664054,-58.50543175392835,66.57989401700509,682.1243563476992,12.552085653105298,57.52177516025547,44.71354198663719,58.50920990107558,66.57989401700509,748.9675405205957,13.762814229045636,72.01740393900832,57.127977789631565,73.1527030550368,73.92264489005099
a76db406_,-462.4346802358153,-2.485008561642469,-29.956584318503744,-39.62687621839963,-46.29788971423628,99.05805269053141,462.4346802358153,2.4896104452042005,29.956584318503744,39.62687621839963,46.29788971423628,99.05805269053141,481.8961457301106,3.7043201708377427,34.72179293814521,45.86941877155882,53.56395259378253,104.78491343721306
a7744f5b_,907.5697056213032,-9.479031299977063,-31.369031299404647,-54.15656727358034,-40.54969204426862,84.30254526520154,907.5697056213032,9.487804432259448,31.369031299404647,54.15656727358034,40.54969204426862,84.30254526520154,987.992563283468,13.084948643934053,37.803772167044045,63.99930470194106,48.34233006474219,91.09078702290199
a783cc24_,401.20856054123493,22.4494547379558,0.45672746535624803,2.6245852510125776,2.5189169228642645,48.125840084198465,401.20856054123493,22.4494547379558,1.9762820154821177,2.6424263107133554,2.5556307399460567,48.125840084198465,431.58319465719234,26.72523186448825,3.1929169135097935,4.722838698240579,4.62865360354523,51.32204250302514
a79fd2e7_,-20.205174804189838,8.437445504087126,41.80865762368708,8.296163025823763,39.23225582814868,-91.74796312204082,97.02794988629441,9.701432788374177,41.810221904100075,9.603405851500947,39.254653547128115,91.74796312204082,109.43329273314203,12.374341369091132,48.219535306229425,12.257286204500257,45.29526969675233,106.81888926867774
a7fc3e6b_,746.6610359458542,-14.988098236775594,14.901447218371358,-1.1933303099620658,9.311685676788791,87.00816281136403,746.6610359458542,14.988098236775594,15.363490726378426,8.05381326782144,11.454042731449697,87.00816281136403,891.2508357325128,18.149529358993682,22.661081215155956,10.88027713820306,17.26279492390418,102.36084687215532
a85bb86f_,-770.8588842335217,-6.290732494353237,-24.608914312749942,-22.418731294226994,-28.112053022606172,-55.87577136661494,770.8588842335217,6.363213939980805,24.608914312749942,22.418731294226994,28.112053022606172,55.87579384537014,859.6173912785407,7.873900707960967,26.758241389467337,24.304697970044135,30.708012913213064,65.42986469182459
a85e4bc3_,632.9896357261641,4.986930801135577,-44.16543283575662,-14.315620594002247,-37.84184278833448,95.84949883095223,632.9896357261641,7.391453831041483,44.175174575352116,16.50553396082102,37.864530795613305,95.84949883095223,737.008316531791,9.638478456190704,54.80477411446801,21.628442146252983,47.62382668380512,110.44706572957226
a87433c9_,1950.8264384545728,7.912251354658198,36.522251354320396,52.24702153166367,37.819146432645944,92.4101661944635,1950.8264384545728,7.991352910330301,36.522251354320396,52.24702153166367,37.819146432645944,92.4101661944635,2194.2057930880246,9.580358514748033,40.731632757817415,58.736199278952675,42.211625458399375,103.00202002345941
a8ed028a_,1317.2959810331215,-17.51255326832771,-16.001916903632324,-6.20804090710251,-10.60509444477473,-87.87306829236967,1317.2959810331215,17.51678945467658,16.007359498596916,7.849889012099246,10.615214054742275,87.87306829236967,1405.3587223143732,19.044521110452333,17.632161102168478,11.075267437048392,13.248871325885473,93.1549437572718
a959858c_,-1340.5482428520543,-63.665921889191424,1122.4804417479374,1232.3244627492804,1194.1292113640395,114.17046816946751,1340.5482428520543,63.665921889191424,1122.4804417479374,1232.3244627492804,1194.1292113640395,114.17046816946751,1451.1571298866559,65.35865899088088,1309.7128597636092,1436.5203920943165,1392.4260850196547,128.73436557096517
a9c9b150_,853.4747519520839,0.09857501254304712,-6.788061351915931,0.0643631313399544,-2.6305815300738598,-110.52794791032828,853.4747519520839,0.8416658304061224,6.814884870590666,0.8287283064928985,2.690431418850116,110.52794791032828,941.2766811357607,1.1630317709118394,7.758204635230548,1.1542953493943455,3.089171620318532,121.0864438302806
aa95015b_,673.1678672603383,-9.467320930233203,-70.72398759631602,-73.94760838896667,-72.69873317519728,92.36546084308715,673.1678672603383,10.129790697674906,70.7405702601649,73.95836346746985,72.71161027081678,92.36546084308715,746.2697635434394,11.725050285011942,80.56102963230057,84.27038912201995,82.83319639176624,101.35735225120548
aaaf3c03_,276.82605761189404,1.9606706706706505,-44.91714751108568,-6.087785494955733,-8.516853458927475,-50.40811552406169,281.6194762875614,13.230500500500515,45.420752934697695,17.01108140412146,18.291586088981003,50.40811552406169,402.54338425744646,15.079592231507316,60.007926646043195,19.747944796092472,21.74809260689171,69.4781242026521
aaeffccb_,229.67370657647223,1.8971792035399,-25.232820795637277,-11.757602944673375,-18.328838323501795,35.215756828599865,229.67370657647223,4.303926991150472,25.530106931356286,12.598746778835649,18.872208505201574,35.215756828599865,253.50999027869221,4.756126793123975,30.513841350956735,15.315821804503841,22.666178954830936,37.54057078073618
ab112491_,1010.3850866982355,-24.39972420443603,11.273669734890813,-25.451861378187182,9.811689000876099,-101.24278954251233,1010.3850866982355,24.442578592092715,16.32931463133273,25.48643451571668,15.631499706827649,101.24278954251233,1146.268206110598,28.204036984751497,23.829259063047424,29.218091692722204,22.593814122041454,111.81513786332768
ab18d3fc_,1041.6101109385752,12.448684580260217,171.04580579316286,174.89783339513872,179.26501111080873,80.13478594020175,1043.2764613751,14.540605900948547,171.04580730458903,174.89783443140672,179.2650116083734,80.16120788549888,1264.911623958642,16.597890792722144,198.98246985387186,203.42878001507617,208.46979048877287,96.57439450661126
ab3ced07_,-913.0261448723003,6.246439999999257,39.739167272930004,11.435899585942883,47.13973315740052,-61.06070295660962,913.0261448723003,7.904247058823078,39.739167272930004,11.44395986969365,47.13973315740052,61.06070295660962,1023.9611184232402,9.797524442428841,44.597122640270236,13.909331926885848,53.01533519981518,70.70785785841194
ab6fe95d_,1287.1678826668965,-3.834886177380888,16.63529564146555,34.34036338758747,23.16360121759298,-118.19922640274392,1287.1678826668965,5.47503187033311,16.635295707689618,34.34036338758747,23.16360121759298,118.19922640274392,1453.3971105388562,6.6795806397720465,19.068740749665466,39.250964110084354,26.463864398913234,131.1847404405661
ab94878e_,1035.2200126046864,-3.821757161891978,86.2532428380502,104.82640335415294,72.19303635542416,-196.33747767068184,1035.2200126046864,5.061104263824063,86.62184710187526,104.9323248497536,72.81767632765737,196.33747767068184,1137.846188596201,6.090270250340663,101.21570916701481,122.63661729935828,85.00797085220347,214.93800427427124
abf460d2_,681.3824887465562,-5.912101336648404,-27.950525578931853,-43.53962596911917,-40.24232798737351,-50.22853329660858,681.3824887465562,6.795110351258626,27.951282127947078,43.53962596911917,40.24232798737351,50.22853329660858,807.2756263944318,8.350877150110843,33.43506872106171,51.39376600756385,47.59270660752159,57.71060366996589
ac6f01d5_,532.860454219598,12.439170663469868,156.52250399747427,147.69565416182883,151.56975889869574,76.60551357220596,532.860454219598,14.09773181454871,156.52524374506984,147.70221148928817,151.57452847463165,76.60551357220596,620.2347900470969,15.962529701035821,180.31573331176793,170.13470817650506,174.60300484934862,85.3646344500546
ad2133a8_,404.2038243014222,24.382750916389295,-51.66997635775022,-59.02235889458011,-52.28643755892796,-102.07914998133093,404.2038243014222,24.76172805026967,51.6700455432336,59.0223592046757,52.28643868979748,102.07914998133093,460.6382996160043,28.088198915386187,68.40518580933748,76.63503962798967,69.09280622351588,115.92956046380924
add9c322_,737.8770308404448,11.409153102747418,-117.54557417050539,7.079431050516202,32.74367147009751,-87.05993774650011,737.8770308404448,11.409153102747418,117.55838295006015,7.092903489358381,32.74367147009751,87.05993774650011,822.8245834621829,12.296784203800955,138.1402067660401,8.214743515205633,35.96851671884558,95.73935021628715
ae069086_,1000.7484602365084,8.284777777777641,68.86202020206372,133.9274094609245,264.29217033474623,-159.03339498772277,1000.7484602365084,11.065037735849002,68.86202594502795,133.9274094609245,264.29217033474623,159.03339498772277,1091.6785378510028,14.585517424947831,79.79268169703046,154.5179746517691,304.8322158280613,171.6020384990324
ae0784a8_,866.0508330893443,-8.91897353956233,-62.50151899457309,-71.81614005619852,-76.33499082647006,130.0545341003464,866.0508330893443,8.932198645020613,62.50151899457309,71.81614005619852,76.33499082647006,130.0545341003464,975.4870147503727,10.87737509844777,71.19564290170113,81.91764408704665,87.1222176954251,145.85131219676697
ae35f33a_,947.5246526705524,-2.8338719101131784,6.607643240351561,5.994946331685073,5.515627009372162,99.92519021249363,947.5246526705524,4.259085393259011,7.690737418379835,7.27144653346365,6.973641767379936,99.92519021249363,1026.6184109541928,5.0951729458693835,10.922767752682939,10.297453762735415,9.816040902314414,107.13532859068744
ae8959c3_,1496.1151378787015,-18.108946436477122,-24.95591613458502,-39.53724991683402,-34.22978725273159,-182.04989216114126,1496.1151378787015,18.10897299690209,24.95591613458502,39.53724991683402,34.22978725273159,182.04989216114126,1663.9757958842408,19.76800976672305,27.546939446639293,44.263002842288586,38.166302571854665,200.50516588511454
aed44918_,386.4220925758152,-8.243023170282807,5.356976829383902,-9.814877955768551,1.7684054011840584,-70.33767254820418,386.4220925758152,8.243023170282807,5.452556086488988,9.814877955768551,3.8668609999428107,70.33767254820418,420.7839422022648,9.488704385906805,8.79304153703496,11.103911173931781,5.7253739559141215,75.88788103304535
aee6393a_,362.2046460611549,-3.239740835464604,-8.572468108701857,-8.946111012542382,-14.157683692557974,72.25977434117158,362.2046460611549,3.263079283887448,8.572468108701857,8.946111012542382,14.157683692557974,72.25977434117158,399.47107637779453,4.665683726709421,10.33157391121559,10.74884843113076,16.64439624012265,78.70194067026509
af7a59ce_,574.5034071777437,3.4569146825388684,8.406914681875097,-0.7372437332959076,1.6317466152693432,54.86047742986874,574.5034071777437,3.630777116401536,8.406917207127643,1.8747581716479411,2.2366630596392563,54.86047742986874,628.3778841175817,4.115059728297358,9.39495769681428,2.760760899671278,2.667833871339902,59.6864612279134
aff4e561_,987.6000434095616,-9.631108529704456,116.38798237897225,116.67133998514966,116.43376205854474,-85.77678262481732,987.6000434095616,9.631108529704456,116.38798237897225,116.67133998514966,116.43376205854474,85.77678262481732,1085.9770786245272,10.851934253065428,135.77033593556052,136.09732606725973,135.82316488954726,93.29630580297736
b04b58a3_,609.9577989507949,-5.345449735450478,-35.14748003882526,-10.539083218780766,-20.04984133207296,87.22691010228243,609.9577989507949,10.544162257495614,35.32794447150693,11.503674881550955,20.56205431603229,87.22691010228243,664.6195160174308,13.058667367524363,39.30626625893776,15.48134742977171,23.510186636135238,94.0314221148733
b0d42b0d_,980.2286287979028,-17.89910883122109,55.17422450278053,67.6674746671308,69.31323306558153,-133.1720684887536,980.2286287979028,18.241555019110844,55.83731820378396,67.84461923916191,69.47891690184356,133.1720684887536,1094.4832111993696,19.797243019186585,72.05450025568422,86.24200400072769,88.11670401494307,146.45838659582222
b0f53bf4_,40.70120556641129,6.9719709618880925,11.064213387139887,19.76740174497273,20.62757048174418,-68.1093132948997,46.606094291883544,6.971978221416221,11.064213387139887,19.76740174497273,20.62757048174418,68.1093132948997,56.14824175610668,9.231328022549082,13.101475037819332,22.448184162202118,23.403564606571543,72.84842551991665
b19b0395_,-543.4758619366218,8.09266471701299,-91.6262443743338,-120.41278352780049,-108.80851895641703,58.925320240152715,543.4758619366218,9.360550490279937,91.67416328127425,120.4128548882825,108.81562748515456,58.95658797752379,612.0962026147556,10.045237735851847,107.0059058722107,140.20855549524495,126.82184036761575,68.20338588545611
b1efb8a4_,1310.3790169655654,-5.36793931310298,-61.54039385846836,-63.70420958013697,-70.55899309455197,-99.77831685566859,1310.3790169655654,5.888739579859577,61.54039385846836,63.70420958013697,70.55899309455197,99.77831685566859,1478.8619684582766,8.506706925766984,71.87573584167049,74.36819847799643,82.26650745882594,112.35010791948332
b32902c0_,1099.6168266863397,-1.1096848739500584,5.354072701537962,16.07527060160545,15.302395318171898,-97.22679128281932,1099.6168266863397,3.7942752100840837,5.784935828645423,16.07527060160545,15.302395318171898,97.22679128281932,1236.1121676587545,5.155416417213564,6.264366564582637,17.489226664792483,16.62533091550645,108.68219335642517
b32e4903_,868.9684222056757,-1.169856152512329,-75.31846221369503,-43.73569941685246,-67.29595555221577,-144.07982471891515,868.9684222056757,4.900771230502566,75.32550318843299,44.06662662067143,67.31906023783374,144.07982471891515,956.1046641469451,5.863958705383137,88.22536297449646,51.87165140818618,78.98106162377259,157.09085314014695
b3388334_,1465.9271706929644,6.755868421052927,-13.698404308686545,15.347538718108284,6.7252079168832095,-102.06889190382597,1465.9271706929644,12.410411184210673,20.061004786563544,15.59769937144018,12.407172609468352,102.06889190382597,1741.3239639618894,14.23010661853958,26.447866829540366,18.06785783354918,14.226948185515361,117.89976893959567
b37fd114_,1443.9310082589407,-20.752931013356125,-92.23226434971365,-86.61167556778128,-89.7311394165932,130.2621841192049,1443.9310082589407,22.327424335252992,92.24175717033322,86.62830284632099,89.74216731918919,130.2621841192049,1610.6336568523136,24.97877020046922,105.65308327221128,99.19865548975886,102.78035384508267,144.92000270400973
b38e3116_,797.5430245947072,-3.272535823537497,54.894373268085765,38.52100993107338,44.61281159527221,-97.40949733524428,797.5430245947072,4.495450008049504,54.89437455612311,38.52666613688055,44.61345591902651,97.40949733524428,909.907741844124,6.404438939196513,63.89209997961605,45.08128952934959,52.07193996035504,110.05080275214512
b4d8dd4f_,-1113.7653464156213,-1.0595844094843632,-49.081402591432514,-95.57815866690997,-44.88184131230484,-81.99229424669805,1113.7653464156213,13.382740079831677,49.08141616696241,95.57815866690997,44.89182161473311,81.99229424669805,1234.1032457500116,17.098418824477594,64.58112748081797,117.40943402162752,59.8849263527151,91.77037824272384
b4f37e6e_,191.92773067129343,-11.563967245990124,13.468396390154544,2.632533084049143,7.714114626753093,33.2457299953703,191.92773067129343,11.67638034759426,13.468396390154544,3.8909846821467733,7.717388042215649,33.2457299953703,203.86517379238927,14.94895263643877,15.116348109883704,4.609905479971039,8.91420750644199,35.101379158905615
b56bc0aa_,-2284.6307538258593,-7.901015708675266,-76.83489449641898,-117.2504614933063,-100.57181066673377,-115.94847284472505,2284.6307538258593,8.029751874330401,76.83489670342298,117.2504614933063,100.57181066673377,115.94847284472505,2542.3535117355345,8.788528154094545,86.73861688823858,133.3468287757636,114.10690009159607,130.11205496633838
b585b4fa_,288.0840384431443,4.154834653005575,-35.54137746870253,-29.257765407037844,-33.09771636743696,-109.8910552519217,294.867804178518,8.547536096879936,37.10684457568669,31.421650179247294,34.88538611069258,109.8910552519217,354.8630098714122,9.973817813617734,45.58117416765676,38.53065528546868,42.83114184249764,120.7078607690454
b5aa9634_,816.8738724638029,6.987635817636382,70.93236308910465,40.911887632856015,53.20315010317472,-161.80320083791236,816.8738724638029,7.800846300846644,70.93255910330068,40.91260041602622,53.20365130598181,161.80320083791236,917.996072130971,11.47866217552782,81.95903293181664,47.620776839084385,61.635863492437544,181.05955588547454
b7974e66_,1028.9262270011707,-1.2878553436484208,-61.59458261687051,-93.5851015182969,-86.15570024158812,-87.95180700218536,1028.9262270011707,6.049701331414239,61.59458261687051,93.5851015182969,86.15570024158812,87.95180700218536,1159.6973552326958,6.972963992749996,70.89336422510476,107.7154211624426,99.15627904492753,98.3113431760461
b7cdcecb_,1611.980982530291,-7.3355107003894275,86.88194384613459,115.25212539322564,110.71974620241463,132.25558252801525,1611.980982530291,7.3355107003894275,86.88194384613459,115.25212539322564,110.71974620241463,132.25558252801525,1882.1129538284304,9.274351431311539,100.36988106913651,133.11049431000893,127.87931263100785,152.78115353711698
b7fea9ef_,1253.0841979788775,10.312721158821143,-39.48955156879867,-36.30255417872717,-35.36522986157658,95.71922816402885,1253.0841979788775,10.312721158821143,39.52802387593457,36.35859188230093,35.42710572335444,95.71922816402885,1387.844215001018,11.148074644872509,49.54974008623773,45.9124987870711,44.84407492535356,105.23548941372587
b85f7b06_,658.8719908826146,-2.7787352090452604,0.6794466088910806,2.720801064598493,6.2741454632101,98.72792524156053,658.8719908826146,3.0282540099919464,1.7443876842130062,3.365745513541147,6.731849032926762,98.72792524156053,723.4369329585084,3.569865119414346,2.104960134463235,3.8066223692928043,7.648778298204004,107.4718056357092
b881d27e_,-662.9139158055062,-17.994148166624456,-16.04990574337994,-13.92002185398696,-9.927934481064703,88.91379457295606,662.9139158055062,18.003347468195955,16.063317415600014,13.93874732752214,9.958691316121335,88.91379457295606,706.4846617290042,18.785154458691416,16.78247901135045,14.669299549294054,11.099400983131053,97.25858232829297
b8c49c1a_,787.8055254663477,1.7847071081283368,-46.65165652844808,27.508343471792994,3.8487647312249744,80.19699404098098,787.8055254663477,6.85179671220214,46.65166410595971,27.508343471792994,6.293479166702489,80.19699404098098,879.9091039044076,8.256954162110757,57.838212635811054,29.51338766045489,8.215433061438848,86.47322876480837
b95e7121_,1285.1871437711043,-1.9326244846178848,17.943981574655094,105.88017587543035,44.40300408653869,169.91809296051483,1285.1871437711043,3.035504281636557,17.943981574655094,105.88017587543035,44.40300408653869,169.91809296051483,1437.5299662441416,3.4204599760598935,21.548833333813885,122.90970763225225,51.97536104606747,189.30709093893876
b977be4a_,894.6699354668949,-0.23198411357156715,53.5680158857862,44.24286011086377,38.868021648823124,151.5210673468378,894.6699354668949,16.64747845191813,58.26869927888094,50.42961243885794,45.9812012892963,151.5210673468378,1049.4739107130497,18.57837175934225,71.34535111158701,60.948949775366806,55.02151765161231,175.5724054634747
ba48188d_,646.9349909158661,38.34164666346689,52.35791939200693,49.11558581741575,50.41844306202479,-89.54469418884257,646.9349909158661,38.50698511761937,52.36600650412193,49.13816080032907,50.43463719978545,89.54469418884257,728.1235457559931,50.93720227649117,66.80740188436164,63.12205719185873,64.60212178741,100.30808697789557
bb2cdd83_,204.8720973901279,0.41030849673347236,-10.25611574487319,-3.966805394648425,-7.847053808179338,-98.20782159406161,218.72072240759533,2.50177516339901,10.692828218663534,4.8387100811817625,8.389675043278181,98.20782159406161,266.8279848429921,3.017674077265869,13.27257403899361,6.3999253749382365,10.578810592030653,106.70895355649772
bb337fa0_,1895.7235556453345,-22.481280372472053,139.16187114217092,71.54175773118854,105.48404735858794,-136.84261488137167,1895.7235556453345,22.481280372472053,139.16518512001204,72.97082865574825,105.7144489540586,136.84261488137167,2179.1314908934773,24.083821271230853,165.71084891109462,87.97072420005041,126.94095693182756,155.76216612361068
bb682ebd_,1424.518258533825,-17.45803575743013,-20.468944847682412,-0.5258953433851559,-14.032720031155025,-124.6931901626562,1424.518258533825,17.482046388017142,20.48144387028502,4.260554194922389,14.094955284318507,124.6931901626562,1584.6340919619095,19.87022580202752,23.22382092389171,5.682192410220703,16.11850257497732,138.17637131680561
bc4381e2_,896.9238707825564,-11.86221392532809,45.20687698379384,-26.214094033347745,16.601765906585776,-133.48083639363384,896.9238707825564,11.86221392532809,45.22477919460008,26.214094033347745,17.230530183591664,133.48083639363384,952.921506944207,12.598370947658928,54.702732777953244,28.50724132752301,22.057635044545233,140.24321627947424
bcebcc5f_,856.741455433583,-22.85296100990667,121.10403899126943,130.3118861848047,125.86628893020765,86.93037583644937,856.741455433583,22.85296100990667,121.34221540544202,130.4288074003587,126.03882178350047,86.93037583644937,979.5361566235155,24.241537215571864,145.816504978673,156.41336002970127,151.29652884543734,97.94028076681238
bd2c2f34_,1548.240881324068,-0.7492517560836208,-168.94803963497412,-213.78090852173585,-203.9869372302644,-148.12331174094075,1548.240881324068,4.299075638806773,168.94804111572893,213.78090852173585,203.9869372302644,148.12331174094075,1765.0229528054388,5.663541608648027,195.12075596927477,246.8711044753194,235.5653411803503,168.10963802007265
bd4ae5da_,1565.9731604594945,12.859614462643783,16.045887188676797,66.60411851302436,39.07994507496841,-126.79570657753354,1565.9731604594945,12.859614462643783,16.045887188676797,66.60411851302436,39.07994507496841,126.79570657753354,1734.396504532844,14.052431666337634,17.44969532308112,75.00171566533585,43.397740033727466,138.81678124680394
bd6f0e19_,685.1632691721279,-9.28066342412429,-11.773269484740021,-5.720679025667036,-4.091524408607558,74.69912971922315,685.1632691721279,9.28358171206204,11.775129406919012,5.7257972900226735,4.237178476518188,74.69912971922315,819.0399339572859,10.118149844909517,12.839081028344973,6.4722464854163215,5.047783502822093,86.92527040404273
bd8f847e_,783.0716576419595,-2.4584156420062664,-85.00805200559526,-85.67039638003064,-87.20437194446643,112.87522061170363,783.0716576419595,6.241048175770797,85.00805471765844,85.67039898446767,87.20437429964353,112.87522061170363,858.2965177478113,7.389741905257485,100.60514101603106,101.3688581393012,103.13767081131013,123.18395046924977
be063506_,1380.6557390889632,9.038106666667318,-119.17219636322952,-92.26707386138001,-115.00253703083163,-123.02635566338796,1380.6557390889632,9.038106666667318,119.17219636322952,92.28452779464004,115.00253703083163,123.02635566338796,1544.6481410545805,9.685884513043288,140.24322966549238,109.20938744640392,135.4327616602993,136.70091914304192
be35c8f2_,574.0797935666426,-0.8713416942734536,54.07965830631961,45.74271564145559,51.97275506449516,-99.62478368198204,574.0797935666426,4.204058211074255,54.13138286854992,45.84907258230824,52.037158021323485,99.62478368198204,637.9061456037883,4.674735185385168,64.54894315318612,54.95134244709349,62.122614934491345,107.06851911768858
be83e781_,-389.1064109439203,-1.6237286556964161,76.87590770790918,65.39213129028367,76.27208599012171,70.57605007907374,389.1064109439203,2.7622508537718136,76.87596934884508,65.39801599034635,76.27230389833436,70.57605007907374,406.71937359686075,3.1537973198868037,89.69142677098175,76.4407962933551,88.99463885626835,76.78305908859681
beda8696_,773.5080287602012,-3.0063988497968652,-10.532035213935021,-40.21359209909496,-37.286182283275416,-82.97885651702323,773.5080287602012,6.947965155615602,11.364336111827082,40.21359209909496,37.286182283275416,82.97885651702323,817.5190764529568,9.819955216289504,13.327029381703184,44.386334687250304,41.0966596828077,87.40271062843026
bf39bc20_,332.5216721078029,-0.13841053587596655,-8.148107504282038,-11.89353300812862,-10.441496250168635,37.690689080391856,332.5216721078029,6.625095367847612,9.126475379349372,12.538816531830399,11.207637245058432,37.690689080391856,374.5643681544019,8.401808199266226,11.708794130914745,15.062855289615992,13.698126992119393,42.20848372939481
bf70b410_,1057.0984508388299,12.264613203088585,-21.20665952380506,4.560544796264697,-10.155333975813326,-90.48251124396863,1057.0984508388299,12.608671813455564,21.601208129453934,8.83887824894323,10.820414693209862,90.48251124396863,1145.6552257293527,18.920279724233612,24.125477677886305,12.036899176340524,13.33136503062136,97.62757161985631
bffe3082_,778.7867302154011,-9.894368338282673,50.12090438931052,32.66055767436181,47.08726143364514,82.32687894772018,778.7867302154011,12.297027782631057,50.12090438931052,32.662040638314274,47.08726152829071,82.32687894772018,864.624610542788,16.598918029974968,55.25485856588937,35.41754947859455,51.790312899857874,90.95434304922436
c03b9305_,1472.0777713540783,-3.431393654524905,11.916000284171895,-10.268319907121654,-3.3169465957021687,-132.39285201423377,1472.0777713540783,4.242542890716882,11.917358686052205,10.268319907121654,4.196296242285718,132.39285201423377,1627.7454756151678,7.1171172090817905,13.475911783743548,13.94724864112065,7.021796511347423,144.93189505835252
c03d4aed_,814.3233791183196,-9.3034410687362,-17.884107736118587,-19.84828793343811,-19.86134407009438,109.32755501008525,814.3233791183196,10.147720318897342,17.926403401225826,19.865507030551218,19.87843352896614,109.32755501008525,893.8264027217872,12.583094329136486,20.024005472884642,22.002564877529323,22.015903323050388,118.38409578905359
c03fba65_,781.8800070636207,20.578775344686896,-11.93637617074863,-25.88347788063152,-24.69003617992389,-64.67724809987384,781.8800070636207,20.591113814543668,12.90885161451799,25.88347788063152,24.69003617992389,64.67724809987384,872.4192700800924,22.739971638302574,16.319069751192835,31.978704461659785,30.62070892270786,71.64966465634761
c07fd0cd_,466.945231360658,0.8106346933905809,8.686513481903589,7.112846994663454,9.375801560130201,98.93868654823478,470.5248036219983,2.966039131472158,8.68652108839079,7.112984696794433,9.375804841614592,98.93868654823478,546.7955896694825,4.052934357090802,9.874045906426492,8.25083959154717,10.604851087755659,108.24044971319312
c1708b88_,3350.836878734687,14.809130641329295,134.0475548830305,120.01042017029087,127.80714744798551,134.90285280275072,3350.836878734687,15.385501187647852,134.0481000400641,120.01256591664699,127.80832565380469,134.90285280275072,4030.9921473816567,18.304767828554887,153.30939515216375,137.14031107677485,146.120133516578,161.47176469077039
c1d046f4_,694.1576831508415,-4.254649011427381,-127.90192173918832,-152.9493453210404,-148.22234264886362,95.7078515247708,694.1576831508415,6.2621766733175575,127.90586404635198,152.9493453210404,148.22234264886362,95.7078515247708,789.4526316766523,7.700112298091984,145.8353695999523,174.7274141342677,169.27409041217888,107.92918358486793
c2717d4f_,852.9659692034945,-5.360891760220937,-68.03470994292262,-45.832809491966714,-60.854878795020824,-121.46236204799551,852.9659692034945,7.519205676763687,68.06764603119122,45.97100425809884,60.91017997284419,121.46236204799551,961.8142737129212,8.452559650622254,77.42293897229396,51.944394877603976,69.17081748709022,131.7718854696308
c2c4db09_,1225.0768528762887,-3.2250223546946284,14.162856434003757,-7.148757128128865,8.853527465127902,160.92235281714085,1225.0768528762887,7.232967378705152,16.51984479728798,8.484385328227631,13.088894150104583,160.92235281714085,1409.3083251902792,9.028322821306517,21.595258876863394,10.303032896472251,16.227938432578437,183.40143653622056
c2c6fc71_,736.7940207771943,-9.649252704030962,91.97256547676986,52.296456266850676,83.31076650380568,114.39029137957999,736.7940207771943,10.212803764573263,91.98978587289527,52.481451045519485,83.35160946666244,114.39029137957999,835.7523399209695,11.767462410523247,107.27289855861392,61.578379835000504,97.287742773999,125.90439450038684
c36625df_,1420.1569170663538,7.074968367776506,37.83260473152128,17.413939924943968,26.797421429008008,-111.94486645643303,1420.1569170663538,7.136204133276415,37.83343230715105,17.42027597368171,26.800341155819037,111.94486645643303,1579.8899702364456,8.003204999077816,41.56553470940615,18.4885310234534,28.99408644372891,122.82510580265223
c3957531_,239.27513872802504,-1.4897121896170449,-130.5478030994372,-187.80581515990121,-93.33274892418339,-47.19720803906868,262.02948515831605,10.120408201655199,130.5478030994372,187.80581515990121,93.3421690590094,47.19720803906868,338.210190539782,12.518722274768233,155.0897709861891,221.08231370930804,112.27354131211048,56.19726301794999
c42fe306_,554.0690311746744,-6.043829244357215,-94.06564742649724,-55.15593677507083,-58.56994689139675,-115.87696955489518,554.0690311746744,7.984504416094216,94.06841270439882,55.19968470973094,58.605121031710425,115.87696955489518,627.7709757752688,11.279308916635767,111.16363893609335,66.35815000868227,70.28326528365298,130.75501567945344
c43812e2_,930.8602311703812,3.9721892527589513,11.00782561599767,24.903622076042506,27.84810569942148,-181.14079425551486,930.8602311703812,5.718757011036628,11.117629060261661,24.903622076042506,27.84810569942148,181.14079425551486,1023.7200045490149,7.016864008504025,13.191760201582232,28.42990293185593,31.76100018546858,195.809000524033
c472c0b5_,1057.399322889687,-7.327075965947256,17.11292403409858,19.402386680309977,17.58896124895201,-130.26788433373773,1057.399322889687,7.327075965947256,17.11293320240245,19.40238831827338,17.588965756845546,130.26788433373773,1163.457694891253,8.28128095427446,20.22069464664681,22.854668924606194,20.76816674126136,141.51217806495777
c47e0767_,-579.8957589352458,-19.272045454545673,-6.201045454819974,0.4685764176485273,-3.832678587877571,-71.79663658629353,579.8957589352458,19.273578971533723,6.233788338195881,4.347823652533476,4.324667686507028,71.83509287867601,626.5724092845805,21.47720905393819,7.717906204581397,5.4883323848308985,5.960657676627886,82.13599866979257
c50b42f6_,1506.2442216390727,-3.6782573994019057,14.731288055019055,-11.670284852166485,2.0594604877820286,64.6618226279213,1506.2442216390727,7.002334552710482,15.99045212674333,11.737616457457502,7.488165978394563,64.6618226279213,1719.8711205350967,8.604265674370385,19.777124422080984,14.754146091804941,8.713752944892041,72.00900090772011
c593337f_,855.8573314121575,15.90256720430057,29.951082355786617,19.34882159971231,27.208535991884403,-116.64808079699283,855.8573314121575,18.72446812595976,31.72022565514168,21.885467396091595,29.1623033615005,116.64808079699283,918.7849132656356,23.822334034025907,39.34074695091947,27.554352470823748,36.26296969167271,123.64951733452658
c59b6c4a_,1119.106167230859,18.349145299144343,6.515811965767044,9.671422526891922,9.421054062481343,-76.55815875904146,1119.106167230859,18.349145299144343,6.587539144814934,9.682193699197223,9.43379257606603,76.55815875904146,1215.7809213815933,20.952603428128082,7.826610036728133,11.2019828239809,10.92788735569132,82.22970710252162
c66be2b8_,-565.0816068782772,14.953644679827258,56.50364467930037,74.168690134386,64.13926772899792,-115.56848881574659,565.0816068782772,16.54046220510374,56.50364467930038,74.168690134386,64.13926772899792,115.56848881574659,576.6835958686172,22.226756512262092,68.83239534849508,89.08834852794305,77.5788810456647,121.98644996291347
c6797dd7_,1907.9841385588356,-0.9586106346469124,78.06366209232723,88.29964904131845,88.48058384306522,80.59247217497449,1907.9841385588356,4.684871355060161,78.06366567879223,88.29964978436873,88.48058455285171,80.59247217497449,2081.8985263688705,5.82900989050451,92.41317701000924,104.21178085957999,104.42037823164436,87.43127290356357
c6b782a4_,1097.3958714057883,10.615232725036519,-133.3596763658201,-130.99956151436177,-138.3177785593862,-139.2107879413817,1097.3958714057883,10.879333606725966,133.37843260568457,131.02575125230229,138.32416613012109,139.2107879413817,1205.1291848069568,12.807882966584375,157.6801785507152,154.95989412010223,163.39544207592724,151.1758607921322
c6c96179_,1283.7775192712675,-7.408806193806252,-2.9183516484391125,6.220089845792074,3.5138336621231914,73.98122355346793,1283.7775192712675,7.901628371628416,4.2791100414710685,8.35673816776911,6.895969903319644,73.98122355346793,1446.4066987163671,8.772647918302802,5.782676249848557,10.531587671014345,8.047626102588538,82.3277286054411
c70c0e01_,2636.393885333276,5.453281539889101,-5.655960882833775,11.972601671881286,6.8160445651848605,91.3270267900003,2636.393885333276,6.732135899814753,6.067849341051039,11.972601671881286,7.604933975986089,91.3270267900003,3029.9271867049797,8.964901066736223,8.669840058866171,15.383113571123163,10.181697435587644,104.2435382068281
c84c65be_,1240.8302593331891,-5.341403013182592,-19.245584831734334,-32.51982104502339,-20.383031104361415,-197.60990854268252,1240.8302593331891,8.28192090395477,19.245589882239383,32.51982189314492,20.38303424765263,197.60990854268252,1385.7594648049026,9.738388019795911,21.26192745415264,35.69481821153598,22.452263295543748,220.02134757080955
c8d9680c_,1131.716007114799,-39.10369367934969,-56.61714822380869,-83.51213742371566,-67.25429343925626,-173.41510136335935,1131.716007114799,39.59137716923995,56.87282802774991,83.54980223713227,67.40464759540052,173.41510136335935,1263.6619467947341,42.77043899776709,62.16186062759603,92.63492189370469,74.15651841309105,191.33365313073682
c908edd0_,672.9572547490235,2.3940865293791576,-78.13888316752629,-84.87813087235915,-99.53797493510444,-77.81225029459625,672.9572547490235,6.825153976950657,78.13888316752629,84.87813087235915,99.53797493510444,77.81225029459625,759.7709658712512,8.765028360555872,87.50286365365264,95.263778256475,112.15587440175521,86.50247731026415
c9578d27_,1369.1766497629178,-3.082398038778324,67.5016019614563,51.853522753274504,66.24076930809541,-113.0518301798456,1369.1766497629178,7.929003788722926,67.5016019614563,51.85807414088485,66.24076930809541,113.0518301798456,1553.2836640731211,10.306756368182521,78.35058636462506,60.45959588869692,76.90596994143034,127.73076059959733
c96c018a_,1111.344676309108,-10.98714079538261,-40.66014079557564,-19.266089310203977,-33.33401978702441,111.66952312035335,1111.344676309108,11.637945798589492,40.676045279801826,19.566129264309307,33.36055921798588,111.66952312035335,1257.6014918153976,12.859960619036775,45.60197532894058,21.524404088138233,37.264895649565545,125.1376619608486
c99f9fae_,1847.9354638681245,3.634340512499488,-6.776204943317702,-2.2439718787395173,-3.485295021728961,170.150231268471,1847.9354638681245,3.705080962114034,6.883326808021432,2.7756593142847543,3.8329406763615266,170.150231268471,2090.6675015485575,5.40523137400998,7.990815437900059,3.6406539312724258,4.654717596730225,190.42302648653785
c9e6734f_,-145.8620529758941,-0.3841288278772848,-47.74412882879541,-30.54916645165493,-39.04307912795096,42.019198651574996,145.8620529758941,9.574713833157336,48.711419219462634,32.460244887987606,40.44242013526677,42.019198651574996,146.70401908598595,10.310371611471203,60.184018763885526,40.67091497120988,50.2765875422303,43.65960133128722
c9e980e8_,-276.4302064029795,7.138357421427225,-29.855581972165396,-51.60587300164325,-30.407889877427415,113.24277251539337,276.4302064029795,7.158591420050748,29.85579483722346,51.60587300164325,30.408034184014486,113.24277251539337,277.18377021488703,9.741734918381256,33.795087251503034,58.83208936110679,34.429473834674646,123.14411010599977
c9fedcf3_,537.9639931937726,-6.789607620131667,13.039119651351982,13.2508540660038,9.499619270542205,61.195145023935936,537.9639931937726,6.789607620131667,13.237743478541866,13.43862736070798,9.90827290248781,61.195145023935936,603.0503789573118,7.471714606706554,16.907315771204715,17.145568034321865,12.958881580266388,66.62278825373214
cad13e8f_,-586.1597925613097,16.415402227722833,-19.584749287387503,-20.451109773495894,-22.855094531142218,51.67522147581539,586.1597925613097,16.415402227722833,21.145596872150207,21.92499921912182,24.10314371099777,51.82602812971179,673.5537538215336,17.022296131058066,26.33714635416107,27.31202778718969,30.025908136770195,62.82424286405029
cb34231f_,-1199.9426719278374,1.7377446960235836,11.42774469583933,-40.352740452528955,-11.58482673272981,63.86305289391261,1199.9426719278374,4.047928329470354,11.880139256534195,40.352740452528955,12.841384072264121,63.86305289391261,1442.3854124523386,5.418906491757253,13.12365817140221,48.10917768609125,15.546289175991147,77.491689536933
cb879f40_,1000.8511109743445,0.4118543151234542,30.269308861341596,27.619166046293884,27.459195491668368,-182.21685644155323,1000.8511109743445,7.814425969912941,31.644030519671023,29.204920201281745,29.058005130710015,182.21685644155323,1112.833628198152,8.79643766880234,37.214908243234476,34.24557545932078,34.066851197782974,201.08098312425795
cbb406b5_,2141.210391512173,-8.576294247788276,-10.30238515683166,-13.326367305066716,-18.43069160687991,-121.83951790736151,2141.210391512173,8.990633691530238,10.417678686316926,13.326367305066716,18.43069160687991,121.83951790736151,2411.880505427474,11.364887497962812,12.575929114677637,15.102940060947123,20.036890096229254,136.32272611574118
cbe51de1_,384.5485323905609,-11.660605601816593,36.38787924677685,35.7988095797209,40.44529403801582,105.20283834922265,384.5485323905609,11.748337118344525,36.38787924677685,35.7988095797209,40.44529403801582,105.20283834922265,441.84827523579463,15.022202061672788,44.13216217165441,43.465679009190225,48.73305309800023,115.98568182345106
cbe62450_,1027.4067444750376,-15.064992010226536,-100.98399200797004,-135.40154382541547,-134.3872292250858,-173.40342782992695,1027.4067444750376,16.897577500798707,100.98399200797004,135.40154382541547,134.3872292250858,173.40342782992695,1134.6407613323906,18.607063412926227,112.87120561582326,152.4021015697627,151.23552207331554,189.5586076765321
cc08aa63_,-1395.239491634865,-11.236069028711611,35.40787036565342,32.69766784497434,34.667400359022615,-67.8460257950323,1395.239491634865,11.236069028711611,35.415900391013125,32.711742923587934,34.676965008144414,67.8460257950323,1541.1270221346367,12.988941242217614,42.687739942805074,39.59079984850368,41.84113004127005,75.77649852557545
cc8a1d57_,587.496074541978,24.93542934618891,-11.47847974553311,-2.724879564641534,-3.0918304377590053,-139.32429010622374,587.496074541978,24.93542934618891,17.712645658531546,14.566828917203875,14.638512620385056,139.32429010622374,645.6306366251655,27.55539015081038,26.691827153146708,20.022560565924397,20.24500251516814,151.36923751960316
ccedb12b_,-185.23091111647886,-6.254280845261792,45.36917370080926,16.151278410639616,28.25359430471443,-97.08239022088934,185.23091111647886,9.48189275164688,46.0248925250265,19.276789021146946,29.659850140387395,97.08239022088934,185.60295831042328,10.609060511646556,58.05983173568822,25.573375488336627,38.7714905010439,104.95603018720286
cd7f1687_,812.9369237231502,8.84078449905526,1.5292390448221358,-5.189711810590037,3.0650008255900403,-118.27182396442018,812.9369237231502,8.970666351607163,5.1218764393672505,6.925928946266934,5.7897371803941535,118.27182396442018,886.5310802103355,10.573162838089827,6.652954771648113,10.38671565702279,6.8279309594917645,128.17585459514873
cda7eb37_,474.64617597070196,-3.5010966013728546,4.102176125140574,-1.1396369553765202,11.847708680768157,-79.47902866686142,474.64617597070196,7.236050560857184,6.895031003046384,6.826166261776012,11.854080510303302,79.47902866686142,621.2059921627,10.042623008757838,8.41273901988256,8.660762191007803,14.093647419466866,100.95469117981334
cdc31d65_,306.60660279052473,-4.054816115702333,4.306911157826799,-0.4444729714129957,0.06904174747463883,77.00548939551099,315.55775554972786,5.325014462809823,9.092697483646166,5.906119733752673,6.22578057357293,77.00548939551099,393.12739819297,7.482412321764383,10.559758175836514,7.555754190550252,7.750455007173078,85.69637454919929
cdc60a53_,1370.655987520531,0.7256243620269515,-24.393739274470438,-13.668841674575644,-19.965914893687213,-125.7697607419896,1370.655987520531,6.658050357264312,27.314945250517564,17.63989104630391,23.280389641733933,125.7697607419896,1565.1171744890723,8.315926094659538,32.48936676540801,20.70229351581994,27.559689908290473,142.46159256007167
ce55ba43_,600.5427866002328,-12.313650097465601,-15.299104642527421,-62.79000113257437,-20.95336918514489,-89.27492283642337,600.5427866002328,12.318698830409096,15.299280258334887,62.79000113257437,20.95336918514489,89.27492283642337,671.1662222377907,14.30444944852245,17.32610542986119,70.82659141573508,23.373857712408146,98.31622452351978
ce8399b7_,-986.514762329883,2.6785386996895344,21.972599305342676,11.256284154232057,24.677090440418365,62.05220796905169,986.514762329883,3.0192941176464605,22.045053006443,11.41348764067373,24.733261083734426,62.05220796905169,1035.6658449403876,3.363562739626084,24.915987865682894,12.639507251108986,28.02752917709995,66.15308773658272
cf50c9d1_,956.7907250632456,29.84123713462404,-3.582793168417729,21.648872748194087,18.500459463577908,-132.63488552040897,956.7907250632456,29.84123713462404,11.496154546707567,21.648872748194087,18.500459463577908,132.63488552040897,1049.9899494061879,31.56819712560828,13.26644376448675,22.80020536291973,19.60230021137923,143.8296441718561
d00e7eb9_,2042.824071094796,6.62653050490855,47.77168202115084,33.17266746863164,30.251942269566946,96.465675737001,2042.824071094796,6.934893057503283,47.78383457756959,33.203051815902235,30.287451493228467,96.465675737001,2314.372876426016,7.907003476643952,53.85755156899174,37.107124191645056,33.76868542256597,108.99105713580566
d011f41b_,540.4003421119203,8.266951918835314,57.88804282782473,53.23765614924717,59.44751662477216,48.66955655638969,540.4003421119203,8.476691662990627,57.8880700965419,53.23820198368064,59.44752497846212,48.66955655638969,598.1258666146905,10.86185548345431,66.67843862177352,61.33204398542405,68.47211320223127,53.24451836684142
d07aed8f_,352.2542849365882,-4.750879269529466,10.039120730993435,7.10375169354202,7.534941138660719,23.507775152317762,352.2542849365882,4.750879269529466,10.21242475532624,7.390071457749414,7.793109019948117,23.507775152317762,386.4363164254477,5.402411556483793,13.291535965464982,10.050159455311789,10.520464247423797,24.917322354316667
d085e611_,1270.8354386985234,-1.5657761266339751,-148.8603215816438,-186.9276526342748,-160.6786193438997,135.53657239629953,1270.8354386985234,7.9809142303346645,148.90426268872451,186.941520915763,160.71091450821976,135.53657239629953,1445.7292997787188,10.083729659420946,173.24595132297011,217.1460277271472,186.8723267254162,151.69598537997337
d0a0e7b5_,514.484406441302,-10.440901467505448,24.953098532242137,11.798591931810325,26.928124222814592,-79.79498574036074,514.484406441302,10.458778825996006,24.953104059209927,12.729469493626128,26.928125542587786,79.79498574036074,574.1104079213626,11.676903707262621,30.361841223161438,15.48842531910743,32.62002770276087,87.88102561926019
d0a43760_,-288.77364578530626,-2.1299703043796456,-30.0565157582554,-42.105022869630545,-28.785820004287164,34.48345415459492,288.77364578530626,3.7470650829001197,30.056567680597126,42.105022869630545,28.787106267864587,34.48345415459492,291.73253527953227,4.249353040412356,35.399959836279145,49.27606133877023,33.93820916681569,35.370419115338294
d0cb63ae_,1582.2397177149107,15.8057265939119,83.87602962441463,113.38731939317303,104.6011839768702,-204.66442080042518,1582.2397177149107,16.377064905227126,83.87602962441463,113.38731939317303,104.6011839768702,204.66442080042518,1799.2448695930177,19.937391369771746,94.47388651248679,128.3034936933271,118.21696473311779,229.79213007323864
d114d9c2_,504.19541680995997,5.069523042217522,5.069523042860099,2.6509719171450583,-3.5815297788590095,-86.86726974032162,504.19541680995997,6.224972607154548,6.224972607735133,4.209595944457749,3.782867557165653,86.86726974032162,551.3138363986616,7.69852853923108,7.6985285398895265,5.376583979793911,4.749371893192921,94.51479468632137
d1457cc5_,1840.879922333006,-0.9896820809249115,-58.24522753769143,20.007132680523377,-38.31323094051964,-92.61841417162684,1841.092602257673,7.086760115606949,58.24950972371291,20.007132680523377,38.574977034377845,92.61841417162684,2109.0636975608195,8.115732473647405,68.85152375984126,23.283935350926686,46.057923936176394,103.32916916844913
d1ecf309_,1596.59826642723,-4.3632376783390905,-56.70626798239112,-54.664926817286585,-54.99347225212054,-119.98813931146587,1596.59826642723,8.209158560311055,56.82871423478824,54.80858178597386,55.13362942658628,119.98813931146587,1789.648523213155,9.37828460834895,68.19003351702004,65.84124269351807,66.2192312887769,133.89626942264024
d1ee630d_,889.0939177445567,-11.263910969791944,100.06772539349245,114.09610802208792,113.54107054279959,148.23243569300377,889.0939177445567,11.263910969791944,100.06772685805863,114.09610806858542,113.54107064540342,148.23243569300377,1030.8428179055527,12.219780010195931,119.38601982311353,135.55358613535287,134.91377273228562,169.16179228372718
d217e0c5_,-780.2163954535426,2.494090672225398,2.49409067275264,7.667583741530061,5.025157659115109,82.73952996249298,780.2163954535426,4.37603960396054,4.376039604122235,7.669025589852471,5.605803227148991,82.73952996249298,823.9138207142624,5.20363871867946,5.203638718838923,8.89068156181238,6.601921631450284,90.3999816590765
d24ff243_,-222.3439777050425,-0.332738876085661,-117.27601160415719,-70.95405744794475,-84.58209013666728,56.54367373704807,222.3439777050425,2.4192873603971017,117.27603448855874,70.9627758496555,84.58674251280296,56.54367373704807,224.83346396071943,3.584579952704873,134.53256309580453,81.07774041330303,96.80074872727633,65.1349402533929
d273674e_,167.00013009603873,0.8623621441395338,-10.246728764658275,-14.993893481389996,-13.178574230379914,-61.24225110024843,186.54802856789706,2.763731726083617,10.246733303506621,14.993894439885434,13.17857566639931,61.24225110024843,237.19659400410774,3.400366201632784,12.283723399650937,17.628888962770716,15.573730619540632,69.06131832555499
d2f3b1ab_,1304.125747267559,-9.58250134384496,37.77992289809755,49.13903330959216,40.60591066096479,83.23958929353323,1304.125747267559,15.396685181866928,38.29921161038216,49.13903330959216,40.89593356554972,83.23958929353323,1545.5356632932835,17.357707330254247,53.43823867728035,66.01175889444798,56.54333742116104,98.35466340074458
d3df146b_,570.0532869567608,-9.838638327284553,14.891907126712097,9.927911327733499,4.109538383388263,82.70652590036894,570.0532869567608,10.130952134093091,15.563939613413071,11.791720540676637,7.832713383863777,82.70652590036894,636.6447985107131,11.69933929625434,19.871050952388167,14.569092602045844,9.048238423524234,90.93775019987352
d40f61d5_,1265.6007144349985,1.1039489972759047,-62.06696009321953,-17.26320251786256,-50.241395540483076,76.64878403970413,1265.6007144349985,3.5443996038623786,62.06696009321953,18.402344340834805,50.300428122389825,76.64878403970413,1386.788979387901,4.553018133859985,73.48928147596125,22.087989752958485,59.86708624713839,83.13066383280956
d41beaf2_,914.5841293497961,13.906225541763607,4.3982255423474985,12.911636822882956,1.8882505116843584,-132.5427442498487,914.5841293497961,14.412777193351955,6.572522196485361,13.462724841257968,7.199612894082441,132.5427442498487,1006.7627175170043,16.335502961206803,9.04589122267015,15.368991457333076,8.555753924489503,144.20217619594362
d463e527_,282.88162774669536,-3.068963708830092,-3.068963708634218,-1.0647728897265671,-8.902751944069283,-95.60277886468229,332.3619401316637,6.9456702328507784,6.9456702327560516,6.088377751926892,10.370894907352273,95.60277886468229,408.7821938599079,8.591154291112087,8.591154290962187,7.267007147423598,13.99609913150422,108.6704383990369
d4f60a28_,-1467.406377712181,2.971441901799024,22.070835840446293,-0.8676173241325609,6.24120180567635,101.97698680563089,1467.406377712181,4.873157076205165,22.123153776531034,5.940538795203482,6.399118661828771,101.97698680563089,1612.1982228126476,6.183126130423007,24.27038145071902,6.702005986662469,7.970282211142733,113.00361200835746
d50c649a_,-1435.7322183943206,-5.0770818797456805,54.00170599880064,59.09637404588331,58.61609266991985,-130.9556624320298,1435.7322183943206,5.401592448183989,54.447304192938034,59.41533265793495,58.94620685423871,130.9556624320298,1586.1075906074575,6.81996221614117,65.0604977442582,70.92078675750085,70.36817089915341,146.68240683437023
d543916f_,880.2614710330365,-6.501806626380203,7.316375191936891,-42.285352981083285,-12.037076734440836,87.87700731776214,880.2614710330365,7.706882683892296,7.74286290713022,42.285352981083285,12.613701471035265,87.87700731776214,978.5357966197987,10.200221672654065,9.983290966690307,49.816704202250946,15.767656523151167,96.53666095696272
d5df0ff5_,514.3515379345814,15.35087797619106,3.2518779771511097,6.756340802475526,4.872824434765939,-110.33445869324835,514.3515379345814,15.35087797619106,5.831194444480462,7.098203345871812,6.178679288617489,110.33445869324835,568.2941038114392,16.351335751344372,7.786799920182501,8.964370548417362,8.104804785586689,120.54780260487
d60430e6_,482.9402934291086,5.730884109915544,-13.984509829308337,-9.029697228195035,-10.274747582825093,-78.93849644420771,482.9402934291086,6.7437076861802785,15.858570676774534,12.306438770456126,13.176232397520103,78.93849644420771,515.3059068858009,7.849172504180856,20.935883597524423,15.688994709626616,16.978667854858973,83.06634950170282
d63196fe_,361.66688360719525,17.763197339245878,12.705409459683667,-8.278116762091424,2.7897099441841053,-92.40487415006244,361.66688360719525,17.81469179600865,12.852248914112156,9.875483810995684,4.31912055374577,92.40487415006244,400.5560985506927,19.525114489586926,14.017843613661096,12.59379583170466,5.681673550601723,101.12408067643835
d6c320d9_,834.7287342414827,-9.985821716801913,-9.985821716057062,-7.006386283234981,-6.0397612126170435,75.8724982964365,834.7287342414827,10.143954512106296,10.14395451136743,7.188444953188648,6.229582208953722,75.8724982964365,997.5149376989148,11.20598215508914,11.205982154283948,8.076168325104197,7.122534878769611,89.04389420287113
d6dd7330_,1120.2330938225361,-7.962443080898652,-43.437170353598766,-37.9259413107585,-41.386248603338785,-104.52492991450818,1120.2330938225361,9.855896980462367,43.437170353598766,37.9259413107585,41.386248603338785,104.52492991450818,1264.8485540429945,11.822832979899944,49.68396438930646,43.434454877930555,47.35475374805496,117.86683353986542
d7ba4f9d_,1568.0220519751256,3.741145608500678,-18.894490753329837,6.5234275166751825,-3.732085604032559,155.44215484060092,1568.0220519751256,4.658827826664405,19.116859893891025,6.9170395615944305,5.434826622517281,155.44215484060092,1750.873075665065,5.098116159708834,22.839610767986265,7.704016297621901,6.209933938696275,172.89882384051865
d7eb0be8_,888.980326166123,-27.657728198481976,22.924635437878745,32.75941971628471,16.014815378877095,-74.51975787944237,888.980326166123,27.794662099611376,31.9543916109796,37.63910404428975,28.666451264230425,74.51975787944237,940.726882999847,32.82610912419109,44.940651083903475,54.72674696222625,38.58293766321593,77.75784460637219
d84b621b_,659.5987704872839,21.212473710565916,-53.23979901667824,-41.299028089606516,-41.81548547315135,-101.2394152485103,659.5987704872839,21.212473710565916,53.76266240266778,42.562603237387286,43.041707150201646,101.2394152485103,710.5464656570844,21.82037371732548,68.23616207198604,54.686825625886236,55.270422428266016,108.20414522652946
d90aa14c_,2049.8977708206817,-6.781723896984772,-190.76699662389885,-187.91219785445057,-193.5633068502406,-175.49444886801382,2049.8977708206817,9.68520562986587,190.76699727726825,187.91221639629276,193.5633073921703,175.49444886801382,2356.814717805696,11.994352891576654,218.9184007143978,215.62571271551374,222.1437342435777,199.61086154131846
d924e971_,-1237.55635461313,-25.814437814069763,71.27980461081418,89.72365894557115,82.67209159770196,-111.32590018657554,1237.55635461313,25.814437814069763,71.27980461081418,89.72365894557115,82.67209159770196,111.32590018657554,1338.2934592737606,32.7702837302337,80.36438012687182,101.59781635884404,93.47638721846657,123.97446623304313
d9ae59b2_,-326.55821007683323,4.008336074561351,19.599517893113507,18.655354196332482,19.30872887180266,115.8083165749971,326.55821007683323,4.056735197368378,19.59952536919006,18.65538378698892,19.308739507109415,115.8083165749971,336.8681711851404,5.0470807715641435,22.611104658561757,21.526901286410812,22.27712353486529,125.88633298104914
d9d6d94d_,-327.31403166652774,0.0320349664565939,-64.5243286702253,-71.1997634133348,-66.85043322078602,-83.80602744041555,327.31403166652774,8.280719658467179,64.53140670406981,71.1997634133348,66.85304247422113,83.80602744041555,350.44007184014436,9.3857291463184,73.13084052377175,80.78348581652607,75.79619396385633,91.56801996777864
d9eca87b_,1104.5206104818978,20.852935823003726,-21.44724599362588,-10.8805194425402,-16.489674981056968,-99.33806428226374,1104.5206104818978,20.852935823003726,21.88367245187358,12.399925496005816,17.188550149413405,99.33806428226374,1182.8452272715801,26.443315428754445,25.91999398034903,15.219553934442473,20.69393302918131,105.86616013502113
da2d4d7c_,214.60883092961515,-1.3324739829713388,29.367071471863184,-0.36000548613745115,3.5591934839640804,42.076728810216316,214.60883092961515,3.193183538316157,29.367072389268078,2.57991795514375,3.8469662227376458,42.076728810216316,228.48225222079293,3.5771941153487132,33.26522631694269,2.984655646990371,4.335224977086095,44.54866930885666
da3bfe4e_,-567.7157759207046,27.087159848621738,33.81443257444852,41.501507283297556,50.58371447047379,82.1952773025923,567.7157759207046,27.08718507839287,33.814438253877526,41.50150901537201,50.583715022924,82.1952773025923,608.2302692521391,30.20824343453741,37.53253160733627,46.07990047448539,56.309679160538884,89.93646810097664
da3cf798_,1582.5581538106715,-15.996699178643304,87.97345233509931,39.560964037572774,79.06980502313006,-154.71701236992928,1582.5581538106715,15.996699178643304,88.03101133371375,39.8983946191944,79.15597094543283,154.71701236992928,1797.5167847146613,16.905110806271015,104.65546752297303,48.98847457218947,94.39700548801565,173.46626389757347
da940160_,727.426861826625,-9.87100545596225,14.39408545326355,18.345402014803607,19.128904027699942,-85.63241875312848,727.426861826625,9.87100545596225,14.394097144611951,18.345402014803607,19.128904027699942,85.63241875312848,802.1825908223183,11.224828130654686,17.79281903346587,22.27691808799768,23.16969567510913,93.95438216666095
dafc88c3_,-497.8505930352604,-5.1384745154329305,43.66749518170788,-13.682069114899843,2.1151228435857665,56.28335451086375,497.8505930352604,5.991299353911473,44.30068430915876,13.695134066635394,5.057227586795271,56.28335451086375,545.3378320938195,6.877339398362787,51.51882620284233,15.626649769703029,5.735917074950505,63.06154971673668
dbee6c86_,1317.0239299854911,2.0197638756954817,2.0197638757252276,-5.984414342178681,-7.875323759415025,-157.8175273936976,1317.0239299854911,3.692313746777032,3.692313746794432,6.554132210799124,8.30226058274428,157.8175273936976,1470.7573115110577,4.395928954072107,4.395928954090651,7.80280461635079,9.77996581047696,175.96949941526685
dc5fbe29_,2674.9872009536657,4.282879108207019,-47.75712089125546,-41.134004300098475,-44.20490672604702,78.40888417432507,2674.9872009536657,5.984681914280329,47.934007302946334,41.38198526655997,44.41829802218582,78.40888417432507,3002.3636148763408,7.9201039214922035,58.0991337423886,50.525861561994965,54.03472274757925,87.50203678824793
dc7da28f_,798.4925403237348,-6.109438625889903,32.814046222446734,73.46558537655338,57.692128000742876,66.70483021254415,798.4925403237348,8.741235860913129,32.814048228261065,73.46558537655338,57.692128000742876,66.70483021254415,846.6649420446054,10.223244436669471,36.14110793242585,82.90881707559217,64.73294292960182,70.07001865754384
dc7f9757_,739.3643786787248,7.813750000001388,-103.32567424092224,-96.89539086410312,-99.90347352939305,-61.91925747656737,739.3643786787248,8.286043577982692,103.32783629263324,96.90320535885539,99.90852426102522,61.91925747656737,869.7319503468179,9.810154572145091,119.4243669128378,112.00413461030459,115.47524447182847,71.26361382423902
dd168de0_,772.9966166165852,0.3281234866830099,-8.184755300808442,13.963206895032108,0.8518449753020857,-111.68907184676667,772.9966166165852,2.134715496368076,8.294681561000335,13.963206895032108,2.1746388792858378,111.68907184676667,849.0758608544983,2.9913571830542716,10.783857219434935,15.479269734453352,2.9417001137443672,121.05394284096326
dd64382d_,1000.503093664198,-2.7613924455833065,-0.7727560821242946,6.94945363894678,0.7560145171003455,-95.77319101357214,1000.503093664198,2.9199839948789155,1.531610697229176,6.94945363894678,1.9946870710489744,95.77319101357214,1098.5146297371673,4.262126959206316,2.714453111875606,8.087610851520628,2.4972510528364458,103.98251384869263
dd6bc5b2_,1867.4711889823984,-8.401751804553744,-38.208388167540775,-24.385429482303042,-37.42644712278286,73.1187095184182,1867.4711889823984,9.867193225985863,38.208388167540775,24.387038396942415,37.42644712278286,73.1187095184182,2091.7629000024854,11.780956097388067,45.27857998895519,29.482208986171173,44.38187711900097,80.71420105057177
dd7d638e_,-635.4503430868582,0.8409323413162502,-15.845613113972233,-7.512795291463576,-15.99832480155609,-77.40889912210272,635.4503430868582,4.868177168100514,15.845622611411153,8.239379313553483,15.998332427689546,77.40889912210272,697.3638640628943,6.017680647613085,21.263571918140016,12.313972413983663,21.433018971534832,86.37587550389014
ddc790ff_,485.471648237915,4.048597122301146,25.39171833346023,19.84469091167823,20.581180315616926,-90.74457771083001,485.471648237915,4.868605586118644,25.647526204823922,20.19844975992895,20.9190513384224,90.74457771083001,539.9363087404815,5.724817380990974,28.856073977090944,22.53807597897111,23.374208143720047,100.68577804328906
df71d1ff_,1289.7458672955738,6.402776172125735,77.94189738370768,83.29700587504921,83.33578673643301,154.7562907342995,1289.7458672955738,10.105403018625502,77.95598118900693,83.29892887752294,83.33765253246229,154.7562907342995,1494.9220467305536,12.742621639442314,91.38148689682508,97.5320526093129,97.57660913795763,176.004873710508
df73b8f3_,-1128.5480827973222,9.23753718696993,35.797537186568654,26.66051468474377,33.96097536229916,124.70534597343074,1128.5480827973222,10.485900960270909,35.79753718656866,26.663663894788105,33.961009713527886,124.70534597343074,1247.876790600307,15.617554195793542,44.63189890857535,34.327780358451605,42.55107154427372,141.80333974681378
df8290be_,873.7418725549317,-6.648479355489141,-86.10847935546134,-92.54824389195089,-90.24268871926718,-69.12204345711801,873.7418725549317,10.955503524673041,86.10847935546134,92.54824389195089,90.24268871926718,69.12204345711801,1069.0333745140556,13.009724784668556,102.44367653608111,109.85898635199987,107.20384594329525,82.21617180433732
e0079ed1_,354.5143150743679,-6.537242869489917,17.345908645428455,13.736091183887682,13.927967214523155,69.12901945133389,354.5143150743679,6.758487467588468,18.13575898987266,15.095087358497127,15.252432523554427,69.12901945133389,410.12921482706156,8.069511840769099,23.908940329657177,19.937805892790784,20.146886523131045,78.70369079107414
e03b45fd_,2172.1422139646234,-3.948719580682403,81.3773713288195,84.26865089637933,82.00623167972368,-178.39470494550417,2172.1422139646234,12.138622238862263,81.3773713288195,84.26865089637933,82.00623167972368,178.39470494550417,2448.1390563524346,15.75182643192855,98.4141275244677,101.71121313919508,99.13101631381471,199.73826877063695
e0f36d98_,768.1492702275126,-11.120407958200245,-36.00540795789851,-44.072687436143845,-48.815357537879905,72.64164000259662,768.1492702275126,11.968635450161411,36.00540795789851,44.072687436143845,48.815357537879905,72.64164000259662,889.3344177595827,14.253156162438394,39.641890606652,48.677288804320625,54.03341669090506,82.72419580765859
e149204f_,903.1917559863034,-0.3517598819086133,60.62824011983216,46.5080677208768,64.65599473994526,118.0068496620533,903.1917559863034,3.7537510250942185,60.64861079392893,46.59032516935394,64.66578092877208,118.0068496620533,1056.3904573077607,4.546152895643239,70.99217683782265,54.73129589015166,75.63396035342117,134.99672515220118
e14d641e_,795.5812806775858,3.133951005025332,29.7721328237848,27.0858581457624,28.54130394622343,-57.563982867190816,795.5812806775858,4.691884422110548,29.77435552821517,27.092983385522498,28.54558662160509,57.563982867190816,910.4903272517773,6.820600870242808,35.274435392664465,32.21373101319607,33.87112241043788,65.20178030935377
e161bd0c_,478.8924281833791,-0.7271481858259216,3.2955790873378428,9.386935222537735,3.685456856257646,52.98579805425743,478.8924281833791,3.522970498474154,3.7187678414532144,9.386985612276566,3.983717323397986,52.98579805425743,549.7496950680413,4.33499689746737,4.90949306180136,10.689987556132005,5.187609953229768,57.666605790791564
e201fd6d_,-220.963529611317,9.358234714005336,1.0602347146305353,-36.43625769521101,-6.520752561008007,-80.72993924542158,220.963529611317,13.068065088757724,13.395526232662974,36.76229706426189,15.383840985154324,80.72993924542158,223.13159755006015,16.371250707380042,15.202485155781968,48.51441473434027,18.917997198755522,94.54454115300052
e25f1537_,1017.8089388358144,3.913657538558548,2.372809053205311,-5.529760403240254,-1.9517172514132362,-117.87573709246992,1017.8089388358144,10.64668870003149,10.237528504942116,8.795932066671693,9.306327070648416,117.87573709246992,1103.9366238664193,13.005049007414012,11.925418632471425,10.181361885353919,10.024420297526193,126.35442366326409
e2fc7745_,-801.0323972719837,-9.649165763813572,-13.0064384918086,-12.476255322721983,-12.885528308800305,-94.70735471969064,801.0323972719837,9.88079631635966,13.0064384918086,12.47695524851103,12.88553662632017,94.70735471969064,836.0952958090751,13.341394284804746,15.540941641760556,15.148935105506398,15.450283706831051,101.7368667633881
e32da4ec_,659.5327807073568,-7.226370228193288,-23.570309623148113,-22.89277136830674,-22.666773589582345,-92.68479392817142,659.5327807073568,8.172171038600835,23.633868048077606,22.96395161403449,22.740643300025205,92.68479392817142,747.4348773732013,10.850139553093255,26.656795827500957,25.920194879465825,25.675097763341086,103.04762625861032
e3b34f5b_,782.9118806178392,5.325791017415861,56.41379101847203,59.51780157846633,68.8839336345232,94.19333323216745,782.9118806178392,8.741893675527319,56.80729509311697,59.86808185216189,69.12467426764103,94.19333323216745,888.7168159649154,10.347045761247115,67.82166110759617,71.39334400230643,82.17716554285727,106.44089194755607
e45a2a62_,1298.0862122758356,-13.937225883762645,-106.66110467150186,-94.53672615381285,-109.30205085370491,-108.86850282748269,1298.0862122758356,16.106932294787246,106.66112624130415,94.54706873558446,109.30205603847503,108.86850282748269,1498.1985604779884,19.872920518687707,122.30531757927463,108.40410143793574,125.33619336254486,124.65660131450312
e46f4ef4_,683.0551120011215,0.33892981236920267,-35.64107018912772,-20.30773925455407,-25.089816406035034,74.97314580623073,683.0551120011215,3.8877665045169736,35.64627658245387,20.370270146197655,25.127915388405253,74.97314580623073,761.0147406736133,4.926550809338883,41.41989956769335,23.93205215784808,29.358176370697223,82.94623096578427
e4726608_,-370.5102913023426,4.207168814705611,36.05407790484283,33.076188796703754,35.10035488912485,-93.4545507433262,370.5102913023426,5.33733572786841,36.05407790484283,33.076946200532014,35.10036568609101,93.4545507433262,387.68781525150655,6.271487164710907,39.549610885209,36.15213078197757,38.46071482169305,102.63551068950692
e5864244_,-1015.5872366313124,-25.145218169612196,108.95478183100948,108.02832638484513,110.6515573406551,91.16320321963319,1015.5872366313124,25.145218169612196,108.95478183100948,108.02843669636405,110.6515573406551,91.16320321963319,1132.2501066661841,26.806032670999695,129.2834544942181,128.21550300441024,131.2394504250091,104.3583390107236
e5c92e59_,879.6075831267989,4.667264260768193,11.697082442793135,24.648626637017806,24.99822608546199,-131.48628502681535,879.6075831267989,6.54059138533168,12.015652873503717,24.648626637017806,24.99822608546199,131.48628502681535,994.9374875992663,7.71135994039849,14.41516999231887,28.741825571605165,29.137286844106885,146.7100795844562
e5ff9fd2_,482.7980012772863,-7.172599830076653,-22.515781648293597,-25.65203682376926,-23.05485553231528,-58.287231706824166,482.7980012772863,7.338028887000971,22.515783965432703,25.65203682376926,23.05485553231528,58.287231706824166,533.2576856444404,8.891230852152741,25.894933822947134,29.47391479504947,26.50929223497329,63.4119426406729
e6c55748_,905.1955145164146,-1.0738618067986012,-70.33758907970092,-77.52820834145562,-112.69803323535105,77.79585130260062,905.1955145164146,8.536911896243318,70.33758907970092,77.52820834145562,112.69803323535105,77.79585130260062,987.1680885769882,9.397103554297912,84.88253056359608,93.1493010072878,133.64657574413147,84.14375952260006
e730c32b_,587.2283191258673,-10.405145939084909,16.249217697791842,2.662671582658903,15.29608911496891,-115.82768701838074,587.2283191258673,10.558796531301683,16.24954649336149,4.754779909282922,15.296927696086566,115.82768701838074,672.0278704364213,11.654671854511827,20.6511054710835,6.451204328571653,19.58102840309408,130.88991689255013
e737965a_,455.47800900125026,1.1671989924423671,23.36683535498309,-3.1292338908248056,2.2840383682485887,-123.18356493111283,455.6910833844123,8.568905121746369,26.158399602145135,7.5973090096111555,9.131507293527452,123.18356493111283,534.5979968032836,9.897022674368223,31.444883059766827,8.792913643762915,10.5534618867659,135.99407205337937
e748dd88_,665.2465416640529,-0.7043599334997944,62.44803400725758,23.65854642713257,49.20985903402727,68.15210936919927,665.2465416640529,4.007098919368324,62.46290622065796,24.23583052075408,49.31371697321351,68.15210936919927,723.8286050239585,4.989931749983482,74.54076409124356,29.98180926456273,59.29480340235619,73.3073391783611
e7818f7a_,967.4555460257669,4.6391063116744675,-18.313984598230856,-0.3923285518188992,-10.575326341359032,141.3416408926048,967.4555460257669,5.336350772668605,19.29180433713458,4.266334119358492,12.602518429593362,141.3416408926048,1106.2153042420143,6.312633342217896,23.878003846295375,5.989847518250455,15.30991447771132,158.7516906200881
e7c36e81_,-1127.6515405146292,4.294582271310303,63.05421863386858,66.97364713780118,65.33500484034634,-73.11238587074087,1127.6515405146292,6.742993486263975,63.05421873685255,66.97364713780118,65.33500484034634,73.11238587074087,1199.1455587181447,7.349841849963589,73.45459177456902,77.97039155097407,76.0822777508935,79.6439935871538
e7d0c1de_,-587.7580946495251,5.65603693483357,-14.33426609537278,24.147208611956934,3.827803561555215,96.02072494629245,587.7580946495251,5.9556039057526515,14.819529984535016,24.147208611956934,4.648901488148477,96.02072494629245,627.3176911667285,6.860255388151551,18.19347465684067,27.075324592395482,5.363124000308622,107.86395361861828
e85074c5_,436.4176054328579,-10.506704845815658,13.573295152776902,32.75333871849011,22.200137891146852,60.78507140630262,436.4176054328579,10.506704845815658,16.715162353650797,33.71982891465013,24.12966132273872,60.78507140630262,473.2972558493712,11.347685731962262,20.80094639249667,42.201372765827976,30.294110497001224,65.36962789483651
e97032ad_,-700.3917502661576,-11.261762039660342,45.234237960075426,47.794610237560555,46.14051383063702,-79.61936832221213,700.3917502661576,11.261762039660342,45.236892917584115,47.794610237560555,46.14051383063702,79.61936832221213,725.2949383149407,11.959144677460708,56.71519259294829,59.644670072305125,57.75180586554007,86.27838334720145
e9949a23_,566.8392679342247,3.6977955692036915,-29.880386248559674,-27.115244934805382,-33.45881427473335,-87.92169180359284,566.8392679342247,9.005753454704939,29.880392549782034,27.115286578943476,33.45881638614602,87.92169180359284,628.8288091030416,11.580872171010277,39.141046529345324,36.10144330349691,43.107538401631516,95.37774351380395
ea0b99b7_,876.1982602345282,-10.420311722047261,181.0996882782214,103.74317342644565,159.7997891182564,141.1444081428469,876.1982602345282,10.500710033552888,181.0997189387612,104.44256864319682,159.80003000638564,141.1444081428469,997.3156282598973,12.15975654126152,212.16021267285356,122.94942215920592,187.585789571361,160.1022720816043
ea3a0e38_,1671.4219217218526,3.6127258257062516,-184.65254690182272,-243.23683421030705,-195.08910346612038,134.8818673900304,1671.4219217218526,7.6227178670911,184.65254690182272,243.23683421030705,195.08910346612038,134.8818673900304,1850.5924044922936,9.232672132138227,211.1445050142792,278.76428821326255,223.1895525084509,148.43293484792284
ea41324e_,824.3717394303252,1.3112179104483952,-15.594418453296807,5.582488537474717,0.22275404478753033,80.84994306849715,824.3717394303252,4.4084079601990345,16.877610131254748,5.727136525265748,4.757548461049774,80.84994306849715,957.0816473123843,5.294230079936561,20.62430515278663,6.944946995000897,5.536974734158003,92.84442727035864
eabc711b_,941.5522690706304,4.097544876589735,53.535272148869545,56.37266548868051,68.61817176730665,-79.81235594889907,941.5522690706304,9.239968212415832,53.53527384874035,56.372665998305145,68.61817176730665,79.81235594889907,1022.1471949835233,11.698478022871637,63.95489513010551,67.19281220380276,81.20210541332301,86.51267839045138
eac10e86_,2304.042573410503,4.565320586780065,-18.419527898469845,22.89712544727961,1.3266257488534723,61.38882804724027,2304.042573410503,4.897573759682777,18.429879777236255,22.89712544727961,2.8695151263897163,61.38882804724027,2639.1107191971614,5.617579051148656,22.45728009372552,25.773785240355686,3.593254057590317,70.0375624250532
eafb863e_,2541.0091885074257,-11.767323430494246,33.11555535696302,36.15857491932545,36.041852319763535,-44.17672058819065,2541.0091885074257,11.767323430494246,33.11555535696302,36.15857491932545,36.041852319763535,44.17672058819065,2854.597689283473,13.457858083605023,39.674933399960096,43.16212392123321,43.028285000154675,49.42781976620578
eb06a4e7_,686.8039392959688,1.6381345093716144,110.50213450917062,127.77921821775368,138.14831938325477,-120.56353332023845,686.8039392959688,7.761689084895237,110.5023814771972,127.77921821775368,138.14831938325477,120.56353332023845,747.1018680229694,9.669099026629615,131.55618714437387,151.47394757419912,163.43152142077346,130.73195569534317
eb640a35_,1813.7532415493154,-2.6304836839489028,8.896607223902087,-14.43492766832161,-1.789657753578591,117.93594105266766,1813.7532415493154,8.304672850753693,15.723689007801202,14.43492766832161,8.743243936102504,117.93594105266766,2129.638582285346,9.969896905690025,17.7411181269948,15.686286227834518,10.155181514335013,136.63396518158675
eb934281_,1722.363928118537,1.6520197621846113,16.1295955201971,-0.26339217901338846,13.432560458495136,-90.81138480637851,1722.363928118537,2.628630045218813,16.129938288019147,2.832126680798588,13.434526398634327,90.81138480637851,1916.9835324883409,3.1374200876783114,17.875758253538393,3.275947357132342,14.815156332271961,100.40869063026884
eba6605e_,-443.6035293043059,-12.745260770975865,108.89140589474509,152.08532602768855,110.82734211009075,11.043750554526978,689.1223639293221,12.747673469388538,108.93546457681276,152.08532602768855,110.85430346878466,21.210107234427245,868.8219512401887,15.631712662756936,127.16787332482119,176.9728366080495,129.39898874469316,25.888736406945174
ebe69318_,394.30598055106105,-0.1044614147909875,79.37672040372831,76.00869655101947,75.69411337509237,50.771393750039735,404.47519445695,3.8075763665594855,79.37683423496672,76.00904664949395,75.6944867952643,50.85057114408134,485.3435065574203,4.825325809935079,90.40382694977441,86.52020673202914,86.15748951730554,58.65587698181467
ec0d597b_,820.019335124343,-10.40349436741826,-6.206221640172176,-15.054571235155493,-14.222357512759077,78.27258922793482,820.019335124343,10.93068240901264,9.125431503076092,15.054571235155493,14.239885480615229,78.27258922793482,868.6646806950043,16.44325138720608,13.474216595579446,20.583411067320213,19.799257503171326,81.85533343963395
ec13af42_,556.604518856493,-6.453053826437364,96.18512799241682,33.69417749673047,86.17398026704716,66.00675878674237,556.604518856493,8.270241669718104,96.50800705768245,37.16420510476042,86.69498871102867,66.00675878674237,663.4340751947891,10.906432170405786,117.10336821269652,45.73367643333118,105.59805403846995,76.82398999042631
ecdab904_,2454.4206269347105,-15.088495200911888,-18.069343687700076,-39.181719563316776,-36.40500612527702,-141.4672581773711,2454.4206269347105,15.088495200911888,18.069343687700076,39.181719563316776,36.40500612527702,141.4672581773711,2749.114511707661,16.918396989500764,19.506877084226648,41.550944532753725,38.49130778857293,157.69078342620097
ecdaf714_,1735.562743688202,-11.615412621359862,-132.087503529993,-121.89970638069599,-125.07674779549804,-183.50363188961794,1735.562743688202,12.174802791262628,132.10015715973742,121.92195835756237,125.09577772125466,183.50363188961794,1930.5190990106078,15.351875762973165,151.26834701454968,139.5315188795219,143.19115401334867,202.5576640867108
ed6436d6_,773.992715286214,-1.1936672325972453,2.645060041102594,-1.5074476106200707,-2.6097277367902967,-57.90720273252728,773.992715286214,1.465979626485282,2.9927867890098723,1.734744128389472,2.7020872899435493,57.90720273252728,859.38907127347,1.6175417954726792,3.4334578885051967,1.8983428313578312,3.0253444776184164,63.35369062564583
ed6e6e54_,711.1853716111654,-5.643488756613606,-45.78685239427207,-95.98701881962715,-66.74347195002609,-109.84693865408043,711.1853716111654,7.716259920634858,45.78686682428649,95.98701881962715,66.74347195002609,109.84693865408043,795.7852587908574,11.951935194527213,53.21884623028606,110.64316428819481,77.09315531094022,122.61585933293175
edf885a3_,1330.8937243163089,-8.85183188963819,-26.709468252659583,-23.42270521698171,-26.466098876487102,-70.96920365052888,1330.8937243163089,9.82893166506286,26.709468252659583,23.42283636595799,26.466098876487102,70.96920365052888,1452.9813564360734,12.288723348140039,29.01247597977115,25.509830289207475,28.750578400828765,76.74043582798396
ee0300f7_,-555.3360719682106,-24.581472271127545,11.77852772856619,5.348027728921152,7.939557740800982,67.55897882739053,555.3360719682106,24.581472271127545,16.18888072159904,11.695198777224823,13.440282487202898,67.55897882739053,570.2608886369751,25.680311432467565,19.605166347405987,13.282742686521448,15.715126307641645,71.5981465509579
ee288beb_,615.0944827720359,-19.136455368693348,-188.3896674902793,-170.8517978529645,-194.64436053070938,88.0497411984715,615.0944827720359,24.19557999137557,188.3896674902793,170.85421323072478,194.64436053070938,88.0497411984715,649.6115633601403,27.522025330807587,221.72447103349603,201.49151150607938,228.9410634669928,92.60289280828245
ee4aecac_,299.00137979331987,-10.063441595440993,42.59655840369249,-19.313463677590534,-32.46764807802265,73.19218231188256,299.00137979331987,10.063441595440993,42.60096486143272,19.313463677590534,32.46764807802265,73.19218231188256,352.2513291061622,10.778813139095936,51.346683155261765,20.903696302169728,35.861495496028574,85.21404884610597
eeda36f5_,549.1000071383339,4.400750469042365,-81.38167377379028,-75.00075124111912,-80.31822095951117,108.7089308815962,549.1000071383339,4.9932916406080565,81.38189512425541,75.00395837459043,80.31875827152163,108.7089308815962,596.549114379585,5.470124457464137,94.65078026187152,87.28762108657892,93.42357721656947,117.32004779809068
eeed308d_,1028.6788007684945,-4.074988458579796,-12.820443004341778,-9.507724732184293,-4.346537078017302,80.67966354804338,1028.6788007684945,8.568084124134419,14.20669309171954,11.756046192140092,8.71598548215855,80.67966354804338,1131.6652827327323,9.69013148078532,18.55245958284043,15.013014162539676,9.929887505196616,87.8476264058244
ef04658e_,612.5399159668701,-13.303542884990184,7.2214571157547915,5.971359605261919,5.54693250514902,-103.41524497461616,612.5399159668701,13.303542884990184,7.791569201444709,6.691319563245586,6.324953632666857,103.41524497461616,691.0096735382132,15.448044048107809,9.783301531454205,8.502635463371448,8.08031465628667,114.34455091265473
ef8e3ed0_,770.8549193431109,11.766931470138282,15.566931470525667,46.931824209438574,28.803065923832232,-78.68218188692607,770.8549193431109,13.025013399694098,16.272690206379163,46.931824209438574,28.803065923832232,78.68218188692607,893.1530959687373,14.635089490374893,18.301991100755743,52.93672457466486,32.50047098944056,90.66413298943046
efde6ac3_,1024.5749445089264,7.416198727792634,-101.05652854527662,-127.9393224243349,-109.75992612213173,106.83385383807115,1024.5749445089264,7.4741412590493725,101.116199392817,127.95930751573285,109.80378209105153,106.83385383807115,1159.9351329625533,10.202375669006345,117.04687121784299,148.05590583658758,127.08450519056638,118.64912131643278
efe96181_,-973.5998252955778,27.02787138584314,-47.75985588630195,-57.74058300959377,-46.6263355769175,121.86067933186769,973.5998252955778,27.02787138584314,50.10190383341382,59.42550861307174,49.05481002440554,121.86067933186769,1041.3984310119235,27.539517372291407,63.00129930614361,74.33422550625212,61.718684084046274,133.36578125236733
f0188a48_,1450.8877685263471,1.270954436450045,-103.00404556368035,-89.00047307629308,-101.55195672805442,149.34361388747348,1450.8877685263471,4.850844124699986,103.00644844137791,89.09572401105558,101.55838543478872,149.34361388747348,1569.5523030379693,6.015986492439641,120.34198207902267,104.19634240133016,118.66747821012461,160.1113786031298
f021b650_,782.9348713515062,5.634982615672943,25.354982615453945,38.00881759921812,36.18983975846571,-135.79905747530003,782.9348713515062,5.649649638941174,25.354982615453945,38.00881759921812,36.18983975846571,135.79905747530003,879.8797979772303,6.684494210561717,27.722361794611793,42.179795350033565,40.09472683184337,148.69746778522006
f03f10fe_,677.7820495908395,6.66522074788924,-81.90841561572202,-68.88502479669317,-80.11608393404875,66.31712786012864,677.7820495908395,7.747252110977197,81.90846562120508,68.89997606662348,80.1164528249006,66.31712786012864,733.9690783133995,9.378929872264584,98.19998564344051,83.2258713538638,96.13801869990205,71.37116064231154
f053a1b9_,464.6147205934248,8.840516066211386,-67.11372635769443,-66.38648390379853,-68.42644191698483,-60.239831129274684,476.4868166969231,8.944654333007962,67.11375394613975,66.38653683058098,68.42644922039304,60.239831129274684,603.6475739797214,10.028295659116962,79.30561241339957,78.46775371075914,80.81809338964368,70.62975216665632
f074d277_,276.8746260308422,-10.263094170403269,-9.073275987785086,-13.51020812182164,-11.12096307798838,-102.01269456675668,276.8746260308422,10.561748878923515,9.452162249562024,13.629630198426987,11.366474592270794,102.01269456675668,305.22244445439014,12.187719616802815,11.009796194185592,15.566572259535313,13.060769841705557,108.17812741655402
f07d7037_,1074.6539972245225,-6.526395829588105,-25.24166855634986,-23.204707020705378,-25.636364617066736,-90.65653473897078,1074.6539972245225,6.607797950745775,25.2416718900645,23.20472755882966,25.636367338701863,90.65653473897078,1210.8089323149698,7.4960867974462735,28.71850458311955,26.378197393976855,29.172196097107324,99.87664668479928
f08774c3_,496.59796227753714,0.8500641025636091,5.223912588486238,0.751749071094835,5.3579903929917805,-106.1467420018266,496.59796227753714,10.447238461538399,9.60131358180279,10.46977457821909,9.580182067548325,106.1467420018266,573.4093044940414,11.44575716149874,10.960830539980236,11.481975356048325,10.982372669311157,117.83908585697455
f140c2fa_,678.3724517160118,11.637675159235965,55.43712970392995,68.6018340250869,65.72345571150737,-105.53993725031926,678.3724517160118,11.689933855953214,55.43712970392995,68.6018340250869,65.72345571150737,105.53993725031926,733.8000112396143,13.3161842942989,63.537302720081186,78.72005223074792,75.39983508386531,112.70833152015071
f16e25e3_,444.909547777595,-0.627325306386446,-39.534961670460746,-25.00726674050885,-36.84479277337189,-94.93657972621084,444.909547777595,2.4485809503333495,39.53500654839498,25.04487561690716,36.8475888220859,94.93657972621084,509.9516515754816,2.9647800324346743,45.22457077773427,28.507366700857226,42.12553846834496,103.30358094159286
f2d4c8c9_,-134.05690605837677,-2.489414306289815,-9.875777941990668,-76.59101196606024,-78.02512859203614,-87.67466931607655,134.05690605837677,3.4542246759486273,9.929427544126712,76.59101196606024,78.02512859203614,87.67466931607655,135.22154219319498,4.229551942410153,11.760825085012975,88.41452217794429,90.0693836081033,98.68395384197572
f321a31c_,1229.9661168710816,6.308325228554559,12.541052500346156,6.310176533673655,10.07871370394021,123.70314562036059,1229.9661168710816,10.301707838941793,13.635613280619497,10.302500993700736,12.17046294821895,123.70314562036059,1406.3479193453156,12.557281531880928,17.693637670566343,12.558506796373045,15.469396447607457,140.46369551743382
f40cd091_,1073.5444572578033,-1.7137301587303153,-108.96812409727902,-78.61769628532122,-101.83691599304699,-131.8906985922918,1073.5444572578033,6.415329074719366,109.44770809052974,79.49418979697238,102.39017405892159,131.8906985922918,1234.9341661400895,7.728760684292187,128.23153524108113,93.24897791253706,120.00873088334605,150.07075715421993
f439a621_,703.9739068681234,2.648759305211594,-2.909725542282804,7.797110100299718,6.067004203174069,-124.2582358369806,703.9739068681234,5.581953208082433,5.199309292641411,8.456001798102104,7.299282699257173,124.2582358369806,774.1040632502151,6.65613263851673,6.999204642169347,10.651230434232808,9.07352147903281,134.63608501203578
f49fdea3_,1484.002266316987,-11.886965312558637,6.739943777748415,-24.362820578085774,-3.7568908828411964,-152.04288759305862,1484.002266316987,11.886965312558637,10.033365406478065,24.362820578085774,3.9806287537145404,152.04288759305862,1676.0687436202415,12.40626946494166,11.223563010350139,26.267165677184163,5.285950058147378,169.37871783492795
f4d12d23_,352.90811663655734,14.709910834909206,126.7795471984307,68.0649164154721,117.78283472449144,-39.98275881591324,355.56389193002565,14.80777627668173,126.77955201285434,68.06941440561157,117.78294095008894,39.98275881591324,434.1578234502604,16.062842467413066,143.01699121292216,75.4759468621597,132.65113622195184,45.84453141537026
f56d3ace_,972.136937041339,-5.367533136965743,16.199830499430814,16.508890445367662,12.842474065959196,86.26288714408378,972.136937041339,5.486870397643287,16.954608001994174,17.238390200175704,13.893066375632877,86.26288714408378,1138.8814719087331,6.90314793936432,21.036907382515086,21.382805227752687,17.308067335553755,98.95896141197636
f5859199_,1886.5325959565835,-14.40799654576792,43.50200345380196,-69.50693776986,-17.415423436411647,-186.15211656905532,1886.5325959565835,14.468791018997658,44.14761312567519,69.50693776986,17.415423436411647,186.15211656905532,2094.897018991313,15.921573253079503,55.79900092593486,76.37937942040588,18.687400951872526,206.01181410529608
f5d8aab6_,1035.9803300530155,14.584207920791059,-64.88700420024057,-55.40913861384192,-60.702245860717156,-107.04006867377137,1035.9803300530155,14.584207920791059,64.89066402076824,55.43171900792091,60.71263413512678,107.04006867377137,1151.720909713043,15.698547978741031,77.10636707907713,66.19145657143203,72.28604570739776,117.34182699441598
f631da6e_,762.405386069431,6.57741754214497,-7.1933097309432705,2.149682228589357,-6.467354126543462,-108.73123377950432,762.405386069431,6.616288785731599,8.797148568782175,4.808013417896903,8.259856697231191,108.73123377950432,846.3429524621595,8.782664213746434,11.892739581704372,6.531416259347842,11.199214197145933,119.06783231244982
f6824bb0_,1544.7126965960229,17.75455234297154,57.274552342748706,104.68545927367784,66.25379267926682,-120.78693192642932,1544.7126965960229,18.410209371884655,57.27459729878974,104.68545927367784,66.25379294334853,120.78693192642932,1715.1416180623135,20.837423542758717,65.81777599896431,120.4274708474946,76.14575083230814,132.1343378242062
f6bc699b_,772.8795557073091,-6.788486140724997,-31.23984977622236,19.863331321002445,3.041400293893303,68.47418926634532,772.8795557073091,7.792340085287874,31.245615751541692,20.69483740240362,9.520905629994566,68.47418926634532,848.6312744040229,10.622157035929634,34.7478860059007,27.11988207979134,11.046952194588322,74.70368792271239
f6d009f4_,5294.62030294888,-40.277885331346255,898.5375086080047,1160.9400714643227,1041.069064008404,-224.9267981855761,5294.62030294888,40.277885331346255,898.5375087343613,1160.9400714643227,1041.069064008404,224.9267981855761,6154.60125204539,47.03924865295554,1044.9565054062223,1347.8703270762594,1209.48849468726,260.9650564080202
f72b268f_,1127.2101912600774,-9.336869144284885,27.34631267336772,-2.572704877910607,19.152693880914043,136.2478595065022,1127.2101912600774,11.054751717676488,27.353951649008263,4.882056071434214,19.16555800155294,136.2478595065022,1231.5874141898032,12.93812397222547,30.37658636351006,6.0712895101351645,21.04289246425621,147.7789452484164
f8662c22_,238.67801205311898,-13.85308159882216,24.979645674592998,9.472947204048163,15.514548653254817,80.80342522021873,238.67801205311898,13.865695339842576,27.72286760837676,13.630901524042983,19.00235869673678,80.80342522021873,285.42487944392263,15.629207250700455,34.35796195422687,18.010876545399373,24.11827995158738,91.81462221820411
f88ddb26_,861.1755024920933,46.50006613226367,-19.8953581102996,17.296950950688792,-2.6178447920019785,49.08591715589904,861.1755024920933,46.50006613226367,23.46224356597833,19.948256549385913,18.730009763185453,49.08591715589904,995.4989093400549,51.40308485650886,36.96269430731199,25.15949325935539,23.809501043680545,55.6759599950094
f8afa78a_,145.40620586376272,-13.611661140582164,-30.796570231660805,-43.92038157259792,-37.249722845306536,106.19463433997736,163.5808639930272,13.613219496019864,30.796572622947682,43.92038157259792,37.24972356272878,106.19463433997736,205.97413127552616,14.720946843240096,32.91776154309177,47.706446519309246,40.15558041911863,123.55900100158783
f8f59188_,1150.1787237728618,-4.804385271479895,1.1691904850633743,8.650802007239388,6.059501403212511,-98.54579955012777,1150.1787237728618,5.350613688371621,3.5665593228664343,8.815064044493997,6.350263341969332,98.54579955012777,1324.1250540093195,6.924261008500594,4.496549297767932,10.940793956501786,8.267417233508318,111.98677924570104
f9fc81aa_,1599.5546136219473,-0.06505001786454649,-14.826050017904429,-31.31210645355232,-27.72935277899925,89.89506578633453,1599.5546136219473,6.381291532690438,14.826050017904429,31.31210645355232,27.72935277899925,89.89506578633453,1874.3050027128936,8.639067487231838,17.327122952761837,35.199180354558756,31.198375193419054,104.55520519937946
fa16d114_,-307.70273807063296,16.341470277875704,37.88313694373989,46.707286119398155,56.73623810500696,99.32015095734495,307.70273807063296,17.92015476609229,37.96854501675291,46.707286119398155,56.73623810500696,99.32015095734495,329.0090819067654,20.815118518803075,44.53280790655102,54.54629635298103,65.99216667554636,109.60072603476114
fa31da94_,1210.862613890617,1.9403520986664078,-26.39928426557277,-39.389415678178224,-33.236332655294014,146.16656221936267,1210.862613890617,4.316588422518165,26.39928426557277,39.389415678178224,33.236332655294014,146.16656221936267,1356.6180706705875,5.188297076747949,29.9184358485251,44.820057139243644,37.75194220539571,160.90076680072235
fa667be2_,1182.2449550996964,7.083858278507971,-2.4243538434615517,20.281948527536716,11.372707258002839,-158.27166601749457,1182.2449550996964,7.083858278507971,4.207081149000101,20.281948527536716,11.372707258002839,158.27166601749457,1333.783137951123,8.802015991385062,5.240585507613148,23.3760808668725,13.3763518052442,177.80810846572928
fae0c593_,1242.4047708630421,0.79602089484348,-92.62216092266189,-90.18351033825115,-86.32281800072272,-107.73866421172585,1242.4047708630421,9.907594821712577,92.6321230008598,90.19574456826055,86.34847561635571,107.73866421172585,1443.6846812117867,10.97095627674098,111.7615627034566,108.95841067026758,104.52205134752222,124.4530308360108
fb03ae90_,268.7929193727117,41.45374591820928,-76.66116317185428,-138.60732482889097,-98.17238805538896,-16.374990339164494,720.010898286084,41.45374591820928,76.92538951869764,138.60732482889097,98.17238805538896,30.739234784455476,938.6648216990613,42.88755217158539,99.71829051027008,170.4849235102362,124.19385504006412,41.598012047849465
fb0904bd_,1038.1050879770464,1.2826532536940234,-12.602437655157805,47.73412508084451,43.678505834662275,-85.02537433847982,1038.1050879770464,1.2877459918266771,12.635716498290193,47.73412508084451,43.678505834662275,85.02537433847982,1165.8972322575105,1.7987576836953807,14.66555478289784,55.05367667175469,50.37207458015684,94.42265383916005
fb3848a1_,1064.3214590526065,-7.988214225375471,12.642088805822105,6.408415837647004,13.310993457745958,-132.81717120075913,1064.3214590526065,8.691991890521708,13.332665428522047,8.27452159412721,13.93690357079817,132.81717120075913,1182.6759560911532,9.958923975567506,17.557259856048354,11.199731726831743,18.276513603032072,146.5191385829136
fb73b13a_,1585.0375013819096,-4.154608156027798,131.0584524486753,136.01857207198918,132.3806163337734,-232.5617467357844,1585.0375013819096,8.33961524822683,131.16717619680878,136.07982588341287,132.47592539441882,232.5617467357844,1809.0308103090704,9.977934385041513,152.5173813559361,158.2345476904506,154.04126989598458,263.03399845098716
fba7683c_,58.64069182608294,1.1741523341520774,2.5836068796675327,0.5325163305505597,1.4976135586445731,-14.222350696317696,58.64069182608294,2.072039312039204,2.839620281479754,1.844871895739513,2.2154291235916386,14.222350696317696,60.06310941568841,2.555309739035002,3.435871327055718,2.4249834772776744,2.696763208609265,14.398572679627582
fbd68d27_,3582.4479025472565,20.107756626152227,165.1935142015687,155.92721447183305,169.71673381699742,110.54227957132323,3587.981606456158,20.190260653096196,165.1935142015687,155.92721688163329,169.71673381699742,110.62994787144486,4185.387536394993,22.09543667740266,188.47723740939867,177.78666343317767,193.69605173826272,128.71094449279687
fc03f21f_,1826.272344492145,10.16356235686,-53.59861946219626,-154.2750659059577,-290.1331512084655,-120.8095293358644,1826.272344492145,10.16356235686,53.59992273855717,154.2750659059577,290.1331512084655,120.8095293358644,2116.383844424757,12.90913373270699,63.098573214658124,179.0974525546257,335.90240615465194,138.00155567457915
fc0d20b2_,656.0411432645387,7.639097116845072,-12.135902882811825,-6.840973090164659,-10.40766758900929,-119.93021351781495,656.0411432645387,7.689668689935407,12.13732928645399,6.892309849395871,10.410407390848166,119.93021351781495,730.6123247298549,11.932087953866953,14.015266542129629,8.92969887417005,12.252493159866992,132.2498050514175
fcfcc902_,375.1687803643615,8.300408455750343,4.154711486415578,6.772473262240873,7.800999091924316,52.438964210342434,375.1687803643615,8.352662128269177,4.2174601048092315,6.828415523611402,7.8544363665119,52.438964210342434,394.4141754203121,8.80765155445474,4.677540275503939,7.1913571023611125,8.272717902701874,54.88578996717769
fd3b4faa_,1021.6964186928361,-3.357867383512628,-3.357867384400589,-9.180659192682786,-4.701354058157991,-105.51476764261751,1021.6964186928361,5.955967741935509,5.955967741975226,9.180659192682786,6.105668253533377,105.51476764261751,1170.5191112644056,7.446926041471426,7.446926041616198,10.714382013372587,7.818273944033458,118.39346808024786
fd710aea_,184.68696995376385,-5.428211999051679,45.82687890964348,23.501092231362772,34.44176207053197,-61.857561029604085,216.92526562404387,5.500780175480377,45.82687890964348,23.50280943960245,34.4418711607889,61.857561029604085,259.20902531836424,7.203999750290396,53.216134500267586,27.56730652118602,40.11572367288494,69.83383544100388
fd8f77fa_,-416.6355754296083,-25.256157056145966,19.484449003569686,-106.20216515694517,-121.2526096372449,98.79287481636085,416.6355754296083,25.256157056145966,22.289398306999725,106.20216515694517,121.2526096372449,98.79287481636085,424.9124122999387,27.415343744152285,29.963739385667722,118.53635403083214,135.83014390747093,113.07141186465397
fde20ecf_,-40.84284086582186,-14.830012856225276,-11.859467401550935,-6.436296204632268,-13.723814537000296,62.175956268091056,83.34383953199692,14.830012856225276,11.859809688790214,6.468206285777702,13.723828124985307,62.175956268091056,98.149123294154,16.31905728866344,13.205467808238938,8.200313103441644,15.143627335459614,69.63800897821183
fdfd57da_,1441.5510451175464,-2.348947669975688,-0.9206749432550543,4.769004235185355,-2.893394488713718,114.94120745450269,1441.5510451175464,3.7430271199382035,2.6787081397464716,4.818410393158872,4.17928923365387,114.94120745450269,1587.4433909001957,4.29522046585047,3.3232187126845885,5.961371331576127,4.764831461805483,125.60370735537151
febb4411_,1091.490293350886,10.888215210736416,49.50639702794853,39.87237146632862,49.37213741943273,75.35696042522385,1092.911869842163,11.221358606074439,49.50641500855519,39.87942297440865,49.37215766234978,75.35696042522385,1249.84836810848,13.027667980552959,56.620452810911125,45.56513740984518,56.466201416425285,85.44129003768836
fef8af96_,688.5876669817035,37.25376372190192,75.523763721918,86.10513740926223,79.83867176506187,68.67378967843807,688.5876669817035,37.32040773653871,75.52376372191802,86.10513740926223,79.83867176506187,68.67378967843807,806.7598266116879,44.55173272632465,88.53189045744871,100.72411473114313,93.50287918661034,78.88431928262573
ff0aea78_,255.23426314891083,-28.627770622508283,-63.62013425879158,-75.54576354181171,-68.83299751329244,-45.89873502557618,258.86860667360116,28.650873965041256,63.62013425879158,75.54576354181171,68.83299751329244,45.89873502557618,310.26990458799264,30.697786830378174,69.22092059605993,82.76039860276616,75.1289359032147,52.86373601657297
ff8bb73a_,1047.7091451722686,3.5298903323786472,-10.841018757704568,4.208239927337527,-8.035758647269184,-197.7040413122283,1047.7091451722686,7.215515437827343,12.279424615013504,7.5915744081647984,10.175567072895772,197.7040413122283,1151.5960296143421,9.861864748200674,14.851856352199297,10.249177681169156,12.379375351283924,216.22518696300187
ffefef30_,828.4175417458933,2.7894157549247924,33.53977939198717,33.209811614531944,35.56562583901409,100.54890732482158,828.4175417458933,5.830431072210213,33.53979562433247,33.209837681926416,35.565627569596906,100.54890732482158,901.9897413781159,7.035568765607176,40.92768062122323,40.54934701870426,43.251493732052836,108.68696102705289
