well_id,horizontal_path,typewell_path,horizontal_exists,typewell_exists
000d7d20,C:\Dev\Rogii Wellbore Geology\rogii-wellbore-geology\data\raw\train\000d7d20__horizontal_well.csv,C:\Dev\Rogii Wellbore Geology\rogii-wellbore-geology\data\raw\train\000d7d20__typewell.csv,True,True
00bbac68,C:\Dev\Rogii Wellbore Geology\rogii-wellbore-geology\data\raw\train\00bbac68__horizontal_well.csv,C:\Dev\Rogii Wellbore Geology\rogii-wellbore-geology\data\raw\train\00bbac68__typewell.csv,True,True
00e12e8b,C:\Dev\Rogii Wellbore Geology\rogii-wellbore-geology\data\raw\train\00e12e8b__horizontal_well.csv,C:\Dev\Rogii Wellbore Geology\rogii-wellbore-geology\data\raw\train\00e12e8b__typewell.csv,True,True
015fe0d2,C:\Dev\Rogii Wellbore Geology\rogii-wellbore-geology\data\raw\train\015fe0d2__horizontal_well.csv,C:\Dev\Rogii Wellbore Geology\rogii-wellbore-geology\data\raw\train\015fe0d2__typewell.csv,True,True
01869cd4,C:\Dev\Rogii Wellbore Geology\rogii-wellbore-geology\data\raw\train\01869cd4__horizontal_well.csv,C:\Dev\Rogii Wellbore Geology\rogii-wellbore-geology\data\raw\train\01869cd4__typewell.csv,True,True
01982c1d,C:\Dev\Rogii Wellbore Geology\rogii-wellbore-geology\data\raw\train\01982c1d__horizontal_well.csv,C:\Dev\Rogii Wellbore Geology\rogii-wellbore-geology\data\raw\train\01982c1d__typewell.csv,True,True
028d7b28,C:\Dev\Rogii Wellbore Geology\rogii-wellbore-geology\data\raw\train\028d7b28__horizontal_well.csv,C:\Dev\Rogii Wellbore Geology\rogii-wellbore-geology\data\raw\train\028d7b28__typewell.csv,True,True
02e7fe5a,C:\Dev\Rogii Wellbore Geology\rogii-wellbore-geology\data\raw\train\02e7fe5a__horizontal_well.csv,C:\Dev\Rogii Wellbore Geology\rogii-wellbore-geology\data\raw\train\02e7fe5a__typewell.csv,True,True
0390d174,C:\Dev\Rogii Wellbore Geology\rogii-wellbore-geology\data\raw\train\0390d174__horizontal_well.csv,C:\Dev\Rogii Wellbore Geology\rogii-wellbore-geology\data\raw\train\0390d174__typewell.csv,True,True
03a935ae,C:\Dev\Rogii Wellbore Geology\rogii-wellbore-geology\data\raw\train\03a935ae__horizontal_well.csv,C:\Dev\Rogii Wellbore Geology\rogii-wellbore-geology\data\raw\train\03a935ae__typewell.csv,True,True
044af7d1,C:\Dev\Rogii Wellbore Geology\rogii-wellbore-geology\data\raw\train\044af7d1__horizontal_well.csv,C:\Dev\Rogii Wellbore Geology\rogii-wellbore-geology\data\raw\train\044af7d1__typewell.csv,True,True
0498acab,C:\Dev\Rogii Wellbore Geology\rogii-wellbore-geology\data\raw\train\0498acab__horizontal_well.csv,C:\Dev\Rogii Wellbore Geology\rogii-wellbore-geology\data\raw\train\0498acab__typewell.csv,True,True
052d64df,C:\Dev\Rogii Wellbore Geology\rogii-wellbore-geology\data\raw\train\052d64df__horizontal_well.csv,C:\Dev\Rogii Wellbore Geology\rogii-wellbore-geology\data\raw\train\052d64df__typewell.csv,True,True
05948241,C:\Dev\Rogii Wellbore Geology\rogii-wellbore-geology\data\raw\train\05948241__horizontal_well.csv,C:\Dev\Rogii Wellbore Geology\rogii-wellbore-geology\data\raw\train\05948241__typewell.csv,True,True
059c8f24,C:\Dev\Rogii Wellbore Geology\rogii-wellbore-geology\data\raw\train\059c8f24__horizontal_well.csv,C:\Dev\Rogii Wellbore Geology\rogii-wellbore-geology\data\raw\train\059c8f24__typewell.csv,True,True
05a0ee4d,C:\Dev\Rogii Wellbore Geology\rogii-wellbore-geology\data\raw\train\05a0ee4d__horizontal_well.csv,C:\Dev\Rogii Wellbore Geology\rogii-wellbore-geology\data\raw\train\05a0ee4d__typewell.csv,True,True
060ab2b8,C:\Dev\Rogii Wellbore Geology\rogii-wellbore-geology\data\raw\train\060ab2b8__horizontal_well.csv,C:\Dev\Rogii Wellbore Geology\rogii-wellbore-geology\data\raw\train\060ab2b8__typewell.csv,True,True
06df5958,C:\Dev\Rogii Wellbore Geology\rogii-wellbore-geology\data\raw\train\06df5958__horizontal_well.csv,C:\Dev\Rogii Wellbore Geology\rogii-wellbore-geology\data\raw\train\06df5958__typewell.csv,True,True
071d7b45,C:\Dev\Rogii Wellbore Geology\rogii-wellbore-geology\data\raw\train\071d7b45__horizontal_well.csv,C:\Dev\Rogii Wellbore Geology\rogii-wellbore-geology\data\raw\train\071d7b45__typewell.csv,True,True
0849b4e2,C:\Dev\Rogii Wellbore Geology\rogii-wellbore-geology\data\raw\train\0849b4e2__horizontal_well.csv,C:\Dev\Rogii Wellbore Geology\rogii-wellbore-geology\data\raw\train\0849b4e2__typewell.csv,True,True
084d66f9,C:\Dev\Rogii Wellbore Geology\rogii-wellbore-geology\data\raw\train\084d66f9__horizontal_well.csv,C:\Dev\Rogii Wellbore Geology\rogii-wellbore-geology\data\raw\train\084d66f9__typewell.csv,True,True
08fecf00,C:\Dev\Rogii Wellbore Geology\rogii-wellbore-geology\data\raw\train\08fecf00__horizontal_well.csv,C:\Dev\Rogii Wellbore Geology\rogii-wellbore-geology\data\raw\train\08fecf00__typewell.csv,True,True
09053135,C:\Dev\Rogii Wellbore Geology\rogii-wellbore-geology\data\raw\train\09053135__horizontal_well.csv,C:\Dev\Rogii Wellbore Geology\rogii-wellbore-geology\data\raw\train\09053135__typewell.csv,True,True
09441b8d,C:\Dev\Rogii Wellbore Geology\rogii-wellbore-geology\data\raw\train\09441b8d__horizontal_well.csv,C:\Dev\Rogii Wellbore Geology\rogii-wellbore-geology\data\raw\train\09441b8d__typewell.csv,True,True
0955cd6c,C:\Dev\Rogii Wellbore Geology\rogii-wellbore-geology\data\raw\train\0955cd6c__horizontal_well.csv,C:\Dev\Rogii Wellbore Geology\rogii-wellbore-geology\data\raw\train\0955cd6c__typewell.csv,True,True
09ec2ca9,C:\Dev\Rogii Wellbore Geology\rogii-wellbore-geology\data\raw\train\09ec2ca9__horizontal_well.csv,C:\Dev\Rogii Wellbore Geology\rogii-wellbore-geology\data\raw\train\09ec2ca9__typewell.csv,True,True
0a57a29c,C:\Dev\Rogii Wellbore Geology\rogii-wellbore-geology\data\raw\train\0a57a29c__horizontal_well.csv,C:\Dev\Rogii Wellbore Geology\rogii-wellbore-geology\data\raw\train\0a57a29c__typewell.csv,True,True
0bbf5e67,C:\Dev\Rogii Wellbore Geology\rogii-wellbore-geology\data\raw\train\0bbf5e67__horizontal_well.csv,C:\Dev\Rogii Wellbore Geology\rogii-wellbore-geology\data\raw\train\0bbf5e67__typewell.csv,True,True
0be01c24,C:\Dev\Rogii Wellbore Geology\rogii-wellbore-geology\data\raw\train\0be01c24__horizontal_well.csv,C:\Dev\Rogii Wellbore Geology\rogii-wellbore-geology\data\raw\train\0be01c24__typewell.csv,True,True
0c1b160c,C:\Dev\Rogii Wellbore Geology\rogii-wellbore-geology\data\raw\train\0c1b160c__horizontal_well.csv,C:\Dev\Rogii Wellbore Geology\rogii-wellbore-geology\data\raw\train\0c1b160c__typewell.csv,True,True
0d99f8e4,C:\Dev\Rogii Wellbore Geology\rogii-wellbore-geology\data\raw\train\0d99f8e4__horizontal_well.csv,C:\Dev\Rogii Wellbore Geology\rogii-wellbore-geology\data\raw\train\0d99f8e4__typewell.csv,True,True
0dc5e64d,C:\Dev\Rogii Wellbore Geology\rogii-wellbore-geology\data\raw\train\0dc5e64d__horizontal_well.csv,C:\Dev\Rogii Wellbore Geology\rogii-wellbore-geology\data\raw\train\0dc5e64d__typewell.csv,True,True
0dc835f3,C:\Dev\Rogii Wellbore Geology\rogii-wellbore-geology\data\raw\train\0dc835f3__horizontal_well.csv,C:\Dev\Rogii Wellbore Geology\rogii-wellbore-geology\data\raw\train\0dc835f3__typewell.csv,True,True
0dd99dc5,C:\Dev\Rogii Wellbore Geology\rogii-wellbore-geology\data\raw\train\0dd99dc5__horizontal_well.csv,C:\Dev\Rogii Wellbore Geology\rogii-wellbore-geology\data\raw\train\0dd99dc5__typewell.csv,True,True
0e5e560d,C:\Dev\Rogii Wellbore Geology\rogii-wellbore-geology\data\raw\train\0e5e560d__horizontal_well.csv,C:\Dev\Rogii Wellbore Geology\rogii-wellbore-geology\data\raw\train\0e5e560d__typewell.csv,True,True
109d9d70,C:\Dev\Rogii Wellbore Geology\rogii-wellbore-geology\data\raw\train\109d9d70__horizontal_well.csv,C:\Dev\Rogii Wellbore Geology\rogii-wellbore-geology\data\raw\train\109d9d70__typewell.csv,True,True
10a1281a,C:\Dev\Rogii Wellbore Geology\rogii-wellbore-geology\data\raw\train\10a1281a__horizontal_well.csv,C:\Dev\Rogii Wellbore Geology\rogii-wellbore-geology\data\raw\train\10a1281a__typewell.csv,True,True
10b89021,C:\Dev\Rogii Wellbore Geology\rogii-wellbore-geology\data\raw\train\10b89021__horizontal_well.csv,C:\Dev\Rogii Wellbore Geology\rogii-wellbore-geology\data\raw\train\10b89021__typewell.csv,True,True
10be2420,C:\Dev\Rogii Wellbore Geology\rogii-wellbore-geology\data\raw\train\10be2420__horizontal_well.csv,C:\Dev\Rogii Wellbore Geology\rogii-wellbore-geology\data\raw\train\10be2420__typewell.csv,True,True
113011eb,C:\Dev\Rogii Wellbore Geology\rogii-wellbore-geology\data\raw\train\113011eb__horizontal_well.csv,C:\Dev\Rogii Wellbore Geology\rogii-wellbore-geology\data\raw\train\113011eb__typewell.csv,True,True
1131525f,C:\Dev\Rogii Wellbore Geology\rogii-wellbore-geology\data\raw\train\1131525f__horizontal_well.csv,C:\Dev\Rogii Wellbore Geology\rogii-wellbore-geology\data\raw\train\1131525f__typewell.csv,True,True
11d0f5ac,C:\Dev\Rogii Wellbore Geology\rogii-wellbore-geology\data\raw\train\11d0f5ac__horizontal_well.csv,C:\Dev\Rogii Wellbore Geology\rogii-wellbore-geology\data\raw\train\11d0f5ac__typewell.csv,True,True
12203f2a,C:\Dev\Rogii Wellbore Geology\rogii-wellbore-geology\data\raw\train\12203f2a__horizontal_well.csv,C:\Dev\Rogii Wellbore Geology\rogii-wellbore-geology\data\raw\train\12203f2a__typewell.csv,True,True
122bd617,C:\Dev\Rogii Wellbore Geology\rogii-wellbore-geology\data\raw\train\122bd617__horizontal_well.csv,C:\Dev\Rogii Wellbore Geology\rogii-wellbore-geology\data\raw\train\122bd617__typewell.csv,True,True
125be846,C:\Dev\Rogii Wellbore Geology\rogii-wellbore-geology\data\raw\train\125be846__horizontal_well.csv,C:\Dev\Rogii Wellbore Geology\rogii-wellbore-geology\data\raw\train\125be846__typewell.csv,True,True
1285a37b,C:\Dev\Rogii Wellbore Geology\rogii-wellbore-geology\data\raw\train\1285a37b__horizontal_well.csv,C:\Dev\Rogii Wellbore Geology\rogii-wellbore-geology\data\raw\train\1285a37b__typewell.csv,True,True
1295a25b,C:\Dev\Rogii Wellbore Geology\rogii-wellbore-geology\data\raw\train\1295a25b__horizontal_well.csv,C:\Dev\Rogii Wellbore Geology\rogii-wellbore-geology\data\raw\train\1295a25b__typewell.csv,True,True
12f0cd90,C:\Dev\Rogii Wellbore Geology\rogii-wellbore-geology\data\raw\train\12f0cd90__horizontal_well.csv,C:\Dev\Rogii Wellbore Geology\rogii-wellbore-geology\data\raw\train\12f0cd90__typewell.csv,True,True
137d1e44,C:\Dev\Rogii Wellbore Geology\rogii-wellbore-geology\data\raw\train\137d1e44__horizontal_well.csv,C:\Dev\Rogii Wellbore Geology\rogii-wellbore-geology\data\raw\train\137d1e44__typewell.csv,True,True
13ce113d,C:\Dev\Rogii Wellbore Geology\rogii-wellbore-geology\data\raw\train\13ce113d__horizontal_well.csv,C:\Dev\Rogii Wellbore Geology\rogii-wellbore-geology\data\raw\train\13ce113d__typewell.csv,True,True
13f598d9,C:\Dev\Rogii Wellbore Geology\rogii-wellbore-geology\data\raw\train\13f598d9__horizontal_well.csv,C:\Dev\Rogii Wellbore Geology\rogii-wellbore-geology\data\raw\train\13f598d9__typewell.csv,True,True
14a53cb3,C:\Dev\Rogii Wellbore Geology\rogii-wellbore-geology\data\raw\train\14a53cb3__horizontal_well.csv,C:\Dev\Rogii Wellbore Geology\rogii-wellbore-geology\data\raw\train\14a53cb3__typewell.csv,True,True
14ab73fb,C:\Dev\Rogii Wellbore Geology\rogii-wellbore-geology\data\raw\train\14ab73fb__horizontal_well.csv,C:\Dev\Rogii Wellbore Geology\rogii-wellbore-geology\data\raw\train\14ab73fb__typewell.csv,True,True
14ad5efb,C:\Dev\Rogii Wellbore Geology\rogii-wellbore-geology\data\raw\train\14ad5efb__horizontal_well.csv,C:\Dev\Rogii Wellbore Geology\rogii-wellbore-geology\data\raw\train\14ad5efb__typewell.csv,True,True
14fee784,C:\Dev\Rogii Wellbore Geology\rogii-wellbore-geology\data\raw\train\14fee784__horizontal_well.csv,C:\Dev\Rogii Wellbore Geology\rogii-wellbore-geology\data\raw\train\14fee784__typewell.csv,True,True
153552f5,C:\Dev\Rogii Wellbore Geology\rogii-wellbore-geology\data\raw\train\153552f5__horizontal_well.csv,C:\Dev\Rogii Wellbore Geology\rogii-wellbore-geology\data\raw\train\153552f5__typewell.csv,True,True
1550491d,C:\Dev\Rogii Wellbore Geology\rogii-wellbore-geology\data\raw\train\1550491d__horizontal_well.csv,C:\Dev\Rogii Wellbore Geology\rogii-wellbore-geology\data\raw\train\1550491d__typewell.csv,True,True
155887bb,C:\Dev\Rogii Wellbore Geology\rogii-wellbore-geology\data\raw\train\155887bb__horizontal_well.csv,C:\Dev\Rogii Wellbore Geology\rogii-wellbore-geology\data\raw\train\155887bb__typewell.csv,True,True
1590af81,C:\Dev\Rogii Wellbore Geology\rogii-wellbore-geology\data\raw\train\1590af81__horizontal_well.csv,C:\Dev\Rogii Wellbore Geology\rogii-wellbore-geology\data\raw\train\1590af81__typewell.csv,True,True
15e154a1,C:\Dev\Rogii Wellbore Geology\rogii-wellbore-geology\data\raw\train\15e154a1__horizontal_well.csv,C:\Dev\Rogii Wellbore Geology\rogii-wellbore-geology\data\raw\train\15e154a1__typewell.csv,True,True
1619e2ca,C:\Dev\Rogii Wellbore Geology\rogii-wellbore-geology\data\raw\train\1619e2ca__horizontal_well.csv,C:\Dev\Rogii Wellbore Geology\rogii-wellbore-geology\data\raw\train\1619e2ca__typewell.csv,True,True
16e4a047,C:\Dev\Rogii Wellbore Geology\rogii-wellbore-geology\data\raw\train\16e4a047__horizontal_well.csv,C:\Dev\Rogii Wellbore Geology\rogii-wellbore-geology\data\raw\train\16e4a047__typewell.csv,True,True
173ed841,C:\Dev\Rogii Wellbore Geology\rogii-wellbore-geology\data\raw\train\173ed841__horizontal_well.csv,C:\Dev\Rogii Wellbore Geology\rogii-wellbore-geology\data\raw\train\173ed841__typewell.csv,True,True
1770d7c6,C:\Dev\Rogii Wellbore Geology\rogii-wellbore-geology\data\raw\train\1770d7c6__horizontal_well.csv,C:\Dev\Rogii Wellbore Geology\rogii-wellbore-geology\data\raw\train\1770d7c6__typewell.csv,True,True
177622d7,C:\Dev\Rogii Wellbore Geology\rogii-wellbore-geology\data\raw\train\177622d7__horizontal_well.csv,C:\Dev\Rogii Wellbore Geology\rogii-wellbore-geology\data\raw\train\177622d7__typewell.csv,True,True
18d24f7b,C:\Dev\Rogii Wellbore Geology\rogii-wellbore-geology\data\raw\train\18d24f7b__horizontal_well.csv,C:\Dev\Rogii Wellbore Geology\rogii-wellbore-geology\data\raw\train\18d24f7b__typewell.csv,True,True
19137a89,C:\Dev\Rogii Wellbore Geology\rogii-wellbore-geology\data\raw\train\19137a89__horizontal_well.csv,C:\Dev\Rogii Wellbore Geology\rogii-wellbore-geology\data\raw\train\19137a89__typewell.csv,True,True
1944513c,C:\Dev\Rogii Wellbore Geology\rogii-wellbore-geology\data\raw\train\1944513c__horizontal_well.csv,C:\Dev\Rogii Wellbore Geology\rogii-wellbore-geology\data\raw\train\1944513c__typewell.csv,True,True
197f8a5a,C:\Dev\Rogii Wellbore Geology\rogii-wellbore-geology\data\raw\train\197f8a5a__horizontal_well.csv,C:\Dev\Rogii Wellbore Geology\rogii-wellbore-geology\data\raw\train\197f8a5a__typewell.csv,True,True
19871e7f,C:\Dev\Rogii Wellbore Geology\rogii-wellbore-geology\data\raw\train\19871e7f__horizontal_well.csv,C:\Dev\Rogii Wellbore Geology\rogii-wellbore-geology\data\raw\train\19871e7f__typewell.csv,True,True
198a5607,C:\Dev\Rogii Wellbore Geology\rogii-wellbore-geology\data\raw\train\198a5607__horizontal_well.csv,C:\Dev\Rogii Wellbore Geology\rogii-wellbore-geology\data\raw\train\198a5607__typewell.csv,True,True
19fb4f7b,C:\Dev\Rogii Wellbore Geology\rogii-wellbore-geology\data\raw\train\19fb4f7b__horizontal_well.csv,C:\Dev\Rogii Wellbore Geology\rogii-wellbore-geology\data\raw\train\19fb4f7b__typewell.csv,True,True
1a518997,C:\Dev\Rogii Wellbore Geology\rogii-wellbore-geology\data\raw\train\1a518997__horizontal_well.csv,C:\Dev\Rogii Wellbore Geology\rogii-wellbore-geology\data\raw\train\1a518997__typewell.csv,True,True
1a68190b,C:\Dev\Rogii Wellbore Geology\rogii-wellbore-geology\data\raw\train\1a68190b__horizontal_well.csv,C:\Dev\Rogii Wellbore Geology\rogii-wellbore-geology\data\raw\train\1a68190b__typewell.csv,True,True
1a730ac2,C:\Dev\Rogii Wellbore Geology\rogii-wellbore-geology\data\raw\train\1a730ac2__horizontal_well.csv,C:\Dev\Rogii Wellbore Geology\rogii-wellbore-geology\data\raw\train\1a730ac2__typewell.csv,True,True
1aaf1da0,C:\Dev\Rogii Wellbore Geology\rogii-wellbore-geology\data\raw\train\1aaf1da0__horizontal_well.csv,C:\Dev\Rogii Wellbore Geology\rogii-wellbore-geology\data\raw\train\1aaf1da0__typewell.csv,True,True
1b08ed48,C:\Dev\Rogii Wellbore Geology\rogii-wellbore-geology\data\raw\train\1b08ed48__horizontal_well.csv,C:\Dev\Rogii Wellbore Geology\rogii-wellbore-geology\data\raw\train\1b08ed48__typewell.csv,True,True
1b1c5372,C:\Dev\Rogii Wellbore Geology\rogii-wellbore-geology\data\raw\train\1b1c5372__horizontal_well.csv,C:\Dev\Rogii Wellbore Geology\rogii-wellbore-geology\data\raw\train\1b1c5372__typewell.csv,True,True
1b1eba53,C:\Dev\Rogii Wellbore Geology\rogii-wellbore-geology\data\raw\train\1b1eba53__horizontal_well.csv,C:\Dev\Rogii Wellbore Geology\rogii-wellbore-geology\data\raw\train\1b1eba53__typewell.csv,True,True
1b6ba517,C:\Dev\Rogii Wellbore Geology\rogii-wellbore-geology\data\raw\train\1b6ba517__horizontal_well.csv,C:\Dev\Rogii Wellbore Geology\rogii-wellbore-geology\data\raw\train\1b6ba517__typewell.csv,True,True
1b82b665,C:\Dev\Rogii Wellbore Geology\rogii-wellbore-geology\data\raw\train\1b82b665__horizontal_well.csv,C:\Dev\Rogii Wellbore Geology\rogii-wellbore-geology\data\raw\train\1b82b665__typewell.csv,True,True
1bcb2fcf,C:\Dev\Rogii Wellbore Geology\rogii-wellbore-geology\data\raw\train\1bcb2fcf__horizontal_well.csv,C:\Dev\Rogii Wellbore Geology\rogii-wellbore-geology\data\raw\train\1bcb2fcf__typewell.csv,True,True
1beca81d,C:\Dev\Rogii Wellbore Geology\rogii-wellbore-geology\data\raw\train\1beca81d__horizontal_well.csv,C:\Dev\Rogii Wellbore Geology\rogii-wellbore-geology\data\raw\train\1beca81d__typewell.csv,True,True
1d3fbf02,C:\Dev\Rogii Wellbore Geology\rogii-wellbore-geology\data\raw\train\1d3fbf02__horizontal_well.csv,C:\Dev\Rogii Wellbore Geology\rogii-wellbore-geology\data\raw\train\1d3fbf02__typewell.csv,True,True
1d78281a,C:\Dev\Rogii Wellbore Geology\rogii-wellbore-geology\data\raw\train\1d78281a__horizontal_well.csv,C:\Dev\Rogii Wellbore Geology\rogii-wellbore-geology\data\raw\train\1d78281a__typewell.csv,True,True
1e30dedf,C:\Dev\Rogii Wellbore Geology\rogii-wellbore-geology\data\raw\train\1e30dedf__horizontal_well.csv,C:\Dev\Rogii Wellbore Geology\rogii-wellbore-geology\data\raw\train\1e30dedf__typewell.csv,True,True
1e5e3573,C:\Dev\Rogii Wellbore Geology\rogii-wellbore-geology\data\raw\train\1e5e3573__horizontal_well.csv,C:\Dev\Rogii Wellbore Geology\rogii-wellbore-geology\data\raw\train\1e5e3573__typewell.csv,True,True
1f9afacb,C:\Dev\Rogii Wellbore Geology\rogii-wellbore-geology\data\raw\train\1f9afacb__horizontal_well.csv,C:\Dev\Rogii Wellbore Geology\rogii-wellbore-geology\data\raw\train\1f9afacb__typewell.csv,True,True
1fdbba44,C:\Dev\Rogii Wellbore Geology\rogii-wellbore-geology\data\raw\train\1fdbba44__horizontal_well.csv,C:\Dev\Rogii Wellbore Geology\rogii-wellbore-geology\data\raw\train\1fdbba44__typewell.csv,True,True
1fee2b62,C:\Dev\Rogii Wellbore Geology\rogii-wellbore-geology\data\raw\train\1fee2b62__horizontal_well.csv,C:\Dev\Rogii Wellbore Geology\rogii-wellbore-geology\data\raw\train\1fee2b62__typewell.csv,True,True
20096916,C:\Dev\Rogii Wellbore Geology\rogii-wellbore-geology\data\raw\train\20096916__horizontal_well.csv,C:\Dev\Rogii Wellbore Geology\rogii-wellbore-geology\data\raw\train\20096916__typewell.csv,True,True
200d233d,C:\Dev\Rogii Wellbore Geology\rogii-wellbore-geology\data\raw\train\200d233d__horizontal_well.csv,C:\Dev\Rogii Wellbore Geology\rogii-wellbore-geology\data\raw\train\200d233d__typewell.csv,True,True
201661b5,C:\Dev\Rogii Wellbore Geology\rogii-wellbore-geology\data\raw\train\201661b5__horizontal_well.csv,C:\Dev\Rogii Wellbore Geology\rogii-wellbore-geology\data\raw\train\201661b5__typewell.csv,True,True
203721ab,C:\Dev\Rogii Wellbore Geology\rogii-wellbore-geology\data\raw\train\203721ab__horizontal_well.csv,C:\Dev\Rogii Wellbore Geology\rogii-wellbore-geology\data\raw\train\203721ab__typewell.csv,True,True
20402d71,C:\Dev\Rogii Wellbore Geology\rogii-wellbore-geology\data\raw\train\20402d71__horizontal_well.csv,C:\Dev\Rogii Wellbore Geology\rogii-wellbore-geology\data\raw\train\20402d71__typewell.csv,True,True
2043abc5,C:\Dev\Rogii Wellbore Geology\rogii-wellbore-geology\data\raw\train\2043abc5__horizontal_well.csv,C:\Dev\Rogii Wellbore Geology\rogii-wellbore-geology\data\raw\train\2043abc5__typewell.csv,True,True
204cc64b,C:\Dev\Rogii Wellbore Geology\rogii-wellbore-geology\data\raw\train\204cc64b__horizontal_well.csv,C:\Dev\Rogii Wellbore Geology\rogii-wellbore-geology\data\raw\train\204cc64b__typewell.csv,True,True
206b6193,C:\Dev\Rogii Wellbore Geology\rogii-wellbore-geology\data\raw\train\206b6193__horizontal_well.csv,C:\Dev\Rogii Wellbore Geology\rogii-wellbore-geology\data\raw\train\206b6193__typewell.csv,True,True
2075c696,C:\Dev\Rogii Wellbore Geology\rogii-wellbore-geology\data\raw\train\2075c696__horizontal_well.csv,C:\Dev\Rogii Wellbore Geology\rogii-wellbore-geology\data\raw\train\2075c696__typewell.csv,True,True
22c5f93f,C:\Dev\Rogii Wellbore Geology\rogii-wellbore-geology\data\raw\train\22c5f93f__horizontal_well.csv,C:\Dev\Rogii Wellbore Geology\rogii-wellbore-geology\data\raw\train\22c5f93f__typewell.csv,True,True
230eaaa3,C:\Dev\Rogii Wellbore Geology\rogii-wellbore-geology\data\raw\train\230eaaa3__horizontal_well.csv,C:\Dev\Rogii Wellbore Geology\rogii-wellbore-geology\data\raw\train\230eaaa3__typewell.csv,True,True
2364716c,C:\Dev\Rogii Wellbore Geology\rogii-wellbore-geology\data\raw\train\2364716c__horizontal_well.csv,C:\Dev\Rogii Wellbore Geology\rogii-wellbore-geology\data\raw\train\2364716c__typewell.csv,True,True
23b9beb0,C:\Dev\Rogii Wellbore Geology\rogii-wellbore-geology\data\raw\train\23b9beb0__horizontal_well.csv,C:\Dev\Rogii Wellbore Geology\rogii-wellbore-geology\data\raw\train\23b9beb0__typewell.csv,True,True
24d8997e,C:\Dev\Rogii Wellbore Geology\rogii-wellbore-geology\data\raw\train\24d8997e__horizontal_well.csv,C:\Dev\Rogii Wellbore Geology\rogii-wellbore-geology\data\raw\train\24d8997e__typewell.csv,True,True
25050f63,C:\Dev\Rogii Wellbore Geology\rogii-wellbore-geology\data\raw\train\25050f63__horizontal_well.csv,C:\Dev\Rogii Wellbore Geology\rogii-wellbore-geology\data\raw\train\25050f63__typewell.csv,True,True
25939962,C:\Dev\Rogii Wellbore Geology\rogii-wellbore-geology\data\raw\train\25939962__horizontal_well.csv,C:\Dev\Rogii Wellbore Geology\rogii-wellbore-geology\data\raw\train\25939962__typewell.csv,True,True
25fd32b3,C:\Dev\Rogii Wellbore Geology\rogii-wellbore-geology\data\raw\train\25fd32b3__horizontal_well.csv,C:\Dev\Rogii Wellbore Geology\rogii-wellbore-geology\data\raw\train\25fd32b3__typewell.csv,True,True
261785ee,C:\Dev\Rogii Wellbore Geology\rogii-wellbore-geology\data\raw\train\261785ee__horizontal_well.csv,C:\Dev\Rogii Wellbore Geology\rogii-wellbore-geology\data\raw\train\261785ee__typewell.csv,True,True
264feceb,C:\Dev\Rogii Wellbore Geology\rogii-wellbore-geology\data\raw\train\264feceb__horizontal_well.csv,C:\Dev\Rogii Wellbore Geology\rogii-wellbore-geology\data\raw\train\264feceb__typewell.csv,True,True
26623a50,C:\Dev\Rogii Wellbore Geology\rogii-wellbore-geology\data\raw\train\26623a50__horizontal_well.csv,C:\Dev\Rogii Wellbore Geology\rogii-wellbore-geology\data\raw\train\26623a50__typewell.csv,True,True
26d3a96a,C:\Dev\Rogii Wellbore Geology\rogii-wellbore-geology\data\raw\train\26d3a96a__horizontal_well.csv,C:\Dev\Rogii Wellbore Geology\rogii-wellbore-geology\data\raw\train\26d3a96a__typewell.csv,True,True
272abef3,C:\Dev\Rogii Wellbore Geology\rogii-wellbore-geology\data\raw\train\272abef3__horizontal_well.csv,C:\Dev\Rogii Wellbore Geology\rogii-wellbore-geology\data\raw\train\272abef3__typewell.csv,True,True
27300fd5,C:\Dev\Rogii Wellbore Geology\rogii-wellbore-geology\data\raw\train\27300fd5__horizontal_well.csv,C:\Dev\Rogii Wellbore Geology\rogii-wellbore-geology\data\raw\train\27300fd5__typewell.csv,True,True
276b012a,C:\Dev\Rogii Wellbore Geology\rogii-wellbore-geology\data\raw\train\276b012a__horizontal_well.csv,C:\Dev\Rogii Wellbore Geology\rogii-wellbore-geology\data\raw\train\276b012a__typewell.csv,True,True
27c3155b,C:\Dev\Rogii Wellbore Geology\rogii-wellbore-geology\data\raw\train\27c3155b__horizontal_well.csv,C:\Dev\Rogii Wellbore Geology\rogii-wellbore-geology\data\raw\train\27c3155b__typewell.csv,True,True
27ebb9b9,C:\Dev\Rogii Wellbore Geology\rogii-wellbore-geology\data\raw\train\27ebb9b9__horizontal_well.csv,C:\Dev\Rogii Wellbore Geology\rogii-wellbore-geology\data\raw\train\27ebb9b9__typewell.csv,True,True
283269ac,C:\Dev\Rogii Wellbore Geology\rogii-wellbore-geology\data\raw\train\283269ac__horizontal_well.csv,C:\Dev\Rogii Wellbore Geology\rogii-wellbore-geology\data\raw\train\283269ac__typewell.csv,True,True
28473855,C:\Dev\Rogii Wellbore Geology\rogii-wellbore-geology\data\raw\train\28473855__horizontal_well.csv,C:\Dev\Rogii Wellbore Geology\rogii-wellbore-geology\data\raw\train\28473855__typewell.csv,True,True
28f4eda9,C:\Dev\Rogii Wellbore Geology\rogii-wellbore-geology\data\raw\train\28f4eda9__horizontal_well.csv,C:\Dev\Rogii Wellbore Geology\rogii-wellbore-geology\data\raw\train\28f4eda9__typewell.csv,True,True
29b24409,C:\Dev\Rogii Wellbore Geology\rogii-wellbore-geology\data\raw\train\29b24409__horizontal_well.csv,C:\Dev\Rogii Wellbore Geology\rogii-wellbore-geology\data\raw\train\29b24409__typewell.csv,True,True
29de15c8,C:\Dev\Rogii Wellbore Geology\rogii-wellbore-geology\data\raw\train\29de15c8__horizontal_well.csv,C:\Dev\Rogii Wellbore Geology\rogii-wellbore-geology\data\raw\train\29de15c8__typewell.csv,True,True
2ab29395,C:\Dev\Rogii Wellbore Geology\rogii-wellbore-geology\data\raw\train\2ab29395__horizontal_well.csv,C:\Dev\Rogii Wellbore Geology\rogii-wellbore-geology\data\raw\train\2ab29395__typewell.csv,True,True
2ac7cb6b,C:\Dev\Rogii Wellbore Geology\rogii-wellbore-geology\data\raw\train\2ac7cb6b__horizontal_well.csv,C:\Dev\Rogii Wellbore Geology\rogii-wellbore-geology\data\raw\train\2ac7cb6b__typewell.csv,True,True
2acc78d4,C:\Dev\Rogii Wellbore Geology\rogii-wellbore-geology\data\raw\train\2acc78d4__horizontal_well.csv,C:\Dev\Rogii Wellbore Geology\rogii-wellbore-geology\data\raw\train\2acc78d4__typewell.csv,True,True
2b034622,C:\Dev\Rogii Wellbore Geology\rogii-wellbore-geology\data\raw\train\2b034622__horizontal_well.csv,C:\Dev\Rogii Wellbore Geology\rogii-wellbore-geology\data\raw\train\2b034622__typewell.csv,True,True
2b06ad65,C:\Dev\Rogii Wellbore Geology\rogii-wellbore-geology\data\raw\train\2b06ad65__horizontal_well.csv,C:\Dev\Rogii Wellbore Geology\rogii-wellbore-geology\data\raw\train\2b06ad65__typewell.csv,True,True
2b547943,C:\Dev\Rogii Wellbore Geology\rogii-wellbore-geology\data\raw\train\2b547943__horizontal_well.csv,C:\Dev\Rogii Wellbore Geology\rogii-wellbore-geology\data\raw\train\2b547943__typewell.csv,True,True
2be5c96a,C:\Dev\Rogii Wellbore Geology\rogii-wellbore-geology\data\raw\train\2be5c96a__horizontal_well.csv,C:\Dev\Rogii Wellbore Geology\rogii-wellbore-geology\data\raw\train\2be5c96a__typewell.csv,True,True
2bff06cf,C:\Dev\Rogii Wellbore Geology\rogii-wellbore-geology\data\raw\train\2bff06cf__horizontal_well.csv,C:\Dev\Rogii Wellbore Geology\rogii-wellbore-geology\data\raw\train\2bff06cf__typewell.csv,True,True
2c0c4a4e,C:\Dev\Rogii Wellbore Geology\rogii-wellbore-geology\data\raw\train\2c0c4a4e__horizontal_well.csv,C:\Dev\Rogii Wellbore Geology\rogii-wellbore-geology\data\raw\train\2c0c4a4e__typewell.csv,True,True
2cee0cba,C:\Dev\Rogii Wellbore Geology\rogii-wellbore-geology\data\raw\train\2cee0cba__horizontal_well.csv,C:\Dev\Rogii Wellbore Geology\rogii-wellbore-geology\data\raw\train\2cee0cba__typewell.csv,True,True
2d0c268a,C:\Dev\Rogii Wellbore Geology\rogii-wellbore-geology\data\raw\train\2d0c268a__horizontal_well.csv,C:\Dev\Rogii Wellbore Geology\rogii-wellbore-geology\data\raw\train\2d0c268a__typewell.csv,True,True
2d179ded,C:\Dev\Rogii Wellbore Geology\rogii-wellbore-geology\data\raw\train\2d179ded__horizontal_well.csv,C:\Dev\Rogii Wellbore Geology\rogii-wellbore-geology\data\raw\train\2d179ded__typewell.csv,True,True
2d196986,C:\Dev\Rogii Wellbore Geology\rogii-wellbore-geology\data\raw\train\2d196986__horizontal_well.csv,C:\Dev\Rogii Wellbore Geology\rogii-wellbore-geology\data\raw\train\2d196986__typewell.csv,True,True
2d2d0c6b,C:\Dev\Rogii Wellbore Geology\rogii-wellbore-geology\data\raw\train\2d2d0c6b__horizontal_well.csv,C:\Dev\Rogii Wellbore Geology\rogii-wellbore-geology\data\raw\train\2d2d0c6b__typewell.csv,True,True
2d35f86d,C:\Dev\Rogii Wellbore Geology\rogii-wellbore-geology\data\raw\train\2d35f86d__horizontal_well.csv,C:\Dev\Rogii Wellbore Geology\rogii-wellbore-geology\data\raw\train\2d35f86d__typewell.csv,True,True
2d9f6cb9,C:\Dev\Rogii Wellbore Geology\rogii-wellbore-geology\data\raw\train\2d9f6cb9__horizontal_well.csv,C:\Dev\Rogii Wellbore Geology\rogii-wellbore-geology\data\raw\train\2d9f6cb9__typewell.csv,True,True
2ddad940,C:\Dev\Rogii Wellbore Geology\rogii-wellbore-geology\data\raw\train\2ddad940__horizontal_well.csv,C:\Dev\Rogii Wellbore Geology\rogii-wellbore-geology\data\raw\train\2ddad940__typewell.csv,True,True
2e29e833,C:\Dev\Rogii Wellbore Geology\rogii-wellbore-geology\data\raw\train\2e29e833__horizontal_well.csv,C:\Dev\Rogii Wellbore Geology\rogii-wellbore-geology\data\raw\train\2e29e833__typewell.csv,True,True
2e43c2ea,C:\Dev\Rogii Wellbore Geology\rogii-wellbore-geology\data\raw\train\2e43c2ea__horizontal_well.csv,C:\Dev\Rogii Wellbore Geology\rogii-wellbore-geology\data\raw\train\2e43c2ea__typewell.csv,True,True
2e63d9de,C:\Dev\Rogii Wellbore Geology\rogii-wellbore-geology\data\raw\train\2e63d9de__horizontal_well.csv,C:\Dev\Rogii Wellbore Geology\rogii-wellbore-geology\data\raw\train\2e63d9de__typewell.csv,True,True
2ee0235b,C:\Dev\Rogii Wellbore Geology\rogii-wellbore-geology\data\raw\train\2ee0235b__horizontal_well.csv,C:\Dev\Rogii Wellbore Geology\rogii-wellbore-geology\data\raw\train\2ee0235b__typewell.csv,True,True
2f19d536,C:\Dev\Rogii Wellbore Geology\rogii-wellbore-geology\data\raw\train\2f19d536__horizontal_well.csv,C:\Dev\Rogii Wellbore Geology\rogii-wellbore-geology\data\raw\train\2f19d536__typewell.csv,True,True
2f8e53c3,C:\Dev\Rogii Wellbore Geology\rogii-wellbore-geology\data\raw\train\2f8e53c3__horizontal_well.csv,C:\Dev\Rogii Wellbore Geology\rogii-wellbore-geology\data\raw\train\2f8e53c3__typewell.csv,True,True
2fa01aa6,C:\Dev\Rogii Wellbore Geology\rogii-wellbore-geology\data\raw\train\2fa01aa6__horizontal_well.csv,C:\Dev\Rogii Wellbore Geology\rogii-wellbore-geology\data\raw\train\2fa01aa6__typewell.csv,True,True
2fd68f7b,C:\Dev\Rogii Wellbore Geology\rogii-wellbore-geology\data\raw\train\2fd68f7b__horizontal_well.csv,C:\Dev\Rogii Wellbore Geology\rogii-wellbore-geology\data\raw\train\2fd68f7b__typewell.csv,True,True
2fe023be,C:\Dev\Rogii Wellbore Geology\rogii-wellbore-geology\data\raw\train\2fe023be__horizontal_well.csv,C:\Dev\Rogii Wellbore Geology\rogii-wellbore-geology\data\raw\train\2fe023be__typewell.csv,True,True
30d75030,C:\Dev\Rogii Wellbore Geology\rogii-wellbore-geology\data\raw\train\30d75030__horizontal_well.csv,C:\Dev\Rogii Wellbore Geology\rogii-wellbore-geology\data\raw\train\30d75030__typewell.csv,True,True
310c71a5,C:\Dev\Rogii Wellbore Geology\rogii-wellbore-geology\data\raw\train\310c71a5__horizontal_well.csv,C:\Dev\Rogii Wellbore Geology\rogii-wellbore-geology\data\raw\train\310c71a5__typewell.csv,True,True
32fe84c9,C:\Dev\Rogii Wellbore Geology\rogii-wellbore-geology\data\raw\train\32fe84c9__horizontal_well.csv,C:\Dev\Rogii Wellbore Geology\rogii-wellbore-geology\data\raw\train\32fe84c9__typewell.csv,True,True
33c40295,C:\Dev\Rogii Wellbore Geology\rogii-wellbore-geology\data\raw\train\33c40295__horizontal_well.csv,C:\Dev\Rogii Wellbore Geology\rogii-wellbore-geology\data\raw\train\33c40295__typewell.csv,True,True
3407f5bf,C:\Dev\Rogii Wellbore Geology\rogii-wellbore-geology\data\raw\train\3407f5bf__horizontal_well.csv,C:\Dev\Rogii Wellbore Geology\rogii-wellbore-geology\data\raw\train\3407f5bf__typewell.csv,True,True
3417285d,C:\Dev\Rogii Wellbore Geology\rogii-wellbore-geology\data\raw\train\3417285d__horizontal_well.csv,C:\Dev\Rogii Wellbore Geology\rogii-wellbore-geology\data\raw\train\3417285d__typewell.csv,True,True
347242c8,C:\Dev\Rogii Wellbore Geology\rogii-wellbore-geology\data\raw\train\347242c8__horizontal_well.csv,C:\Dev\Rogii Wellbore Geology\rogii-wellbore-geology\data\raw\train\347242c8__typewell.csv,True,True
353e5502,C:\Dev\Rogii Wellbore Geology\rogii-wellbore-geology\data\raw\train\353e5502__horizontal_well.csv,C:\Dev\Rogii Wellbore Geology\rogii-wellbore-geology\data\raw\train\353e5502__typewell.csv,True,True
357c12f9,C:\Dev\Rogii Wellbore Geology\rogii-wellbore-geology\data\raw\train\357c12f9__horizontal_well.csv,C:\Dev\Rogii Wellbore Geology\rogii-wellbore-geology\data\raw\train\357c12f9__typewell.csv,True,True
3584a6eb,C:\Dev\Rogii Wellbore Geology\rogii-wellbore-geology\data\raw\train\3584a6eb__horizontal_well.csv,C:\Dev\Rogii Wellbore Geology\rogii-wellbore-geology\data\raw\train\3584a6eb__typewell.csv,True,True
35b30c7f,C:\Dev\Rogii Wellbore Geology\rogii-wellbore-geology\data\raw\train\35b30c7f__horizontal_well.csv,C:\Dev\Rogii Wellbore Geology\rogii-wellbore-geology\data\raw\train\35b30c7f__typewell.csv,True,True
35b3ef6a,C:\Dev\Rogii Wellbore Geology\rogii-wellbore-geology\data\raw\train\35b3ef6a__horizontal_well.csv,C:\Dev\Rogii Wellbore Geology\rogii-wellbore-geology\data\raw\train\35b3ef6a__typewell.csv,True,True
367456ce,C:\Dev\Rogii Wellbore Geology\rogii-wellbore-geology\data\raw\train\367456ce__horizontal_well.csv,C:\Dev\Rogii Wellbore Geology\rogii-wellbore-geology\data\raw\train\367456ce__typewell.csv,True,True
368131f9,C:\Dev\Rogii Wellbore Geology\rogii-wellbore-geology\data\raw\train\368131f9__horizontal_well.csv,C:\Dev\Rogii Wellbore Geology\rogii-wellbore-geology\data\raw\train\368131f9__typewell.csv,True,True
368fe682,C:\Dev\Rogii Wellbore Geology\rogii-wellbore-geology\data\raw\train\368fe682__horizontal_well.csv,C:\Dev\Rogii Wellbore Geology\rogii-wellbore-geology\data\raw\train\368fe682__typewell.csv,True,True
3690a146,C:\Dev\Rogii Wellbore Geology\rogii-wellbore-geology\data\raw\train\3690a146__horizontal_well.csv,C:\Dev\Rogii Wellbore Geology\rogii-wellbore-geology\data\raw\train\3690a146__typewell.csv,True,True
37344c2a,C:\Dev\Rogii Wellbore Geology\rogii-wellbore-geology\data\raw\train\37344c2a__horizontal_well.csv,C:\Dev\Rogii Wellbore Geology\rogii-wellbore-geology\data\raw\train\37344c2a__typewell.csv,True,True
373ef48b,C:\Dev\Rogii Wellbore Geology\rogii-wellbore-geology\data\raw\train\373ef48b__horizontal_well.csv,C:\Dev\Rogii Wellbore Geology\rogii-wellbore-geology\data\raw\train\373ef48b__typewell.csv,True,True
374be387,C:\Dev\Rogii Wellbore Geology\rogii-wellbore-geology\data\raw\train\374be387__horizontal_well.csv,C:\Dev\Rogii Wellbore Geology\rogii-wellbore-geology\data\raw\train\374be387__typewell.csv,True,True
37d36812,C:\Dev\Rogii Wellbore Geology\rogii-wellbore-geology\data\raw\train\37d36812__horizontal_well.csv,C:\Dev\Rogii Wellbore Geology\rogii-wellbore-geology\data\raw\train\37d36812__typewell.csv,True,True
38991fd4,C:\Dev\Rogii Wellbore Geology\rogii-wellbore-geology\data\raw\train\38991fd4__horizontal_well.csv,C:\Dev\Rogii Wellbore Geology\rogii-wellbore-geology\data\raw\train\38991fd4__typewell.csv,True,True
389ae58f,C:\Dev\Rogii Wellbore Geology\rogii-wellbore-geology\data\raw\train\389ae58f__horizontal_well.csv,C:\Dev\Rogii Wellbore Geology\rogii-wellbore-geology\data\raw\train\389ae58f__typewell.csv,True,True
3932faa6,C:\Dev\Rogii Wellbore Geology\rogii-wellbore-geology\data\raw\train\3932faa6__horizontal_well.csv,C:\Dev\Rogii Wellbore Geology\rogii-wellbore-geology\data\raw\train\3932faa6__typewell.csv,True,True
398dce4b,C:\Dev\Rogii Wellbore Geology\rogii-wellbore-geology\data\raw\train\398dce4b__horizontal_well.csv,C:\Dev\Rogii Wellbore Geology\rogii-wellbore-geology\data\raw\train\398dce4b__typewell.csv,True,True
39b51819,C:\Dev\Rogii Wellbore Geology\rogii-wellbore-geology\data\raw\train\39b51819__horizontal_well.csv,C:\Dev\Rogii Wellbore Geology\rogii-wellbore-geology\data\raw\train\39b51819__typewell.csv,True,True
3a0af893,C:\Dev\Rogii Wellbore Geology\rogii-wellbore-geology\data\raw\train\3a0af893__horizontal_well.csv,C:\Dev\Rogii Wellbore Geology\rogii-wellbore-geology\data\raw\train\3a0af893__typewell.csv,True,True
3a223519,C:\Dev\Rogii Wellbore Geology\rogii-wellbore-geology\data\raw\train\3a223519__horizontal_well.csv,C:\Dev\Rogii Wellbore Geology\rogii-wellbore-geology\data\raw\train\3a223519__typewell.csv,True,True
3a7dd95d,C:\Dev\Rogii Wellbore Geology\rogii-wellbore-geology\data\raw\train\3a7dd95d__horizontal_well.csv,C:\Dev\Rogii Wellbore Geology\rogii-wellbore-geology\data\raw\train\3a7dd95d__typewell.csv,True,True
3a824aa7,C:\Dev\Rogii Wellbore Geology\rogii-wellbore-geology\data\raw\train\3a824aa7__horizontal_well.csv,C:\Dev\Rogii Wellbore Geology\rogii-wellbore-geology\data\raw\train\3a824aa7__typewell.csv,True,True
3a86fe8d,C:\Dev\Rogii Wellbore Geology\rogii-wellbore-geology\data\raw\train\3a86fe8d__horizontal_well.csv,C:\Dev\Rogii Wellbore Geology\rogii-wellbore-geology\data\raw\train\3a86fe8d__typewell.csv,True,True
3aaa2b30,C:\Dev\Rogii Wellbore Geology\rogii-wellbore-geology\data\raw\train\3aaa2b30__horizontal_well.csv,C:\Dev\Rogii Wellbore Geology\rogii-wellbore-geology\data\raw\train\3aaa2b30__typewell.csv,True,True
3ac16ad0,C:\Dev\Rogii Wellbore Geology\rogii-wellbore-geology\data\raw\train\3ac16ad0__horizontal_well.csv,C:\Dev\Rogii Wellbore Geology\rogii-wellbore-geology\data\raw\train\3ac16ad0__typewell.csv,True,True
3b21ea64,C:\Dev\Rogii Wellbore Geology\rogii-wellbore-geology\data\raw\train\3b21ea64__horizontal_well.csv,C:\Dev\Rogii Wellbore Geology\rogii-wellbore-geology\data\raw\train\3b21ea64__typewell.csv,True,True
3bbe1f5d,C:\Dev\Rogii Wellbore Geology\rogii-wellbore-geology\data\raw\train\3bbe1f5d__horizontal_well.csv,C:\Dev\Rogii Wellbore Geology\rogii-wellbore-geology\data\raw\train\3bbe1f5d__typewell.csv,True,True
3bfee975,C:\Dev\Rogii Wellbore Geology\rogii-wellbore-geology\data\raw\train\3bfee975__horizontal_well.csv,C:\Dev\Rogii Wellbore Geology\rogii-wellbore-geology\data\raw\train\3bfee975__typewell.csv,True,True
3c3dbcbc,C:\Dev\Rogii Wellbore Geology\rogii-wellbore-geology\data\raw\train\3c3dbcbc__horizontal_well.csv,C:\Dev\Rogii Wellbore Geology\rogii-wellbore-geology\data\raw\train\3c3dbcbc__typewell.csv,True,True
3d96d897,C:\Dev\Rogii Wellbore Geology\rogii-wellbore-geology\data\raw\train\3d96d897__horizontal_well.csv,C:\Dev\Rogii Wellbore Geology\rogii-wellbore-geology\data\raw\train\3d96d897__typewell.csv,True,True
3df4b19e,C:\Dev\Rogii Wellbore Geology\rogii-wellbore-geology\data\raw\train\3df4b19e__horizontal_well.csv,C:\Dev\Rogii Wellbore Geology\rogii-wellbore-geology\data\raw\train\3df4b19e__typewell.csv,True,True
3e011332,C:\Dev\Rogii Wellbore Geology\rogii-wellbore-geology\data\raw\train\3e011332__horizontal_well.csv,C:\Dev\Rogii Wellbore Geology\rogii-wellbore-geology\data\raw\train\3e011332__typewell.csv,True,True
3e678ea7,C:\Dev\Rogii Wellbore Geology\rogii-wellbore-geology\data\raw\train\3e678ea7__horizontal_well.csv,C:\Dev\Rogii Wellbore Geology\rogii-wellbore-geology\data\raw\train\3e678ea7__typewell.csv,True,True
3ef6372a,C:\Dev\Rogii Wellbore Geology\rogii-wellbore-geology\data\raw\train\3ef6372a__horizontal_well.csv,C:\Dev\Rogii Wellbore Geology\rogii-wellbore-geology\data\raw\train\3ef6372a__typewell.csv,True,True
3ef98781,C:\Dev\Rogii Wellbore Geology\rogii-wellbore-geology\data\raw\train\3ef98781__horizontal_well.csv,C:\Dev\Rogii Wellbore Geology\rogii-wellbore-geology\data\raw\train\3ef98781__typewell.csv,True,True
3f603129,C:\Dev\Rogii Wellbore Geology\rogii-wellbore-geology\data\raw\train\3f603129__horizontal_well.csv,C:\Dev\Rogii Wellbore Geology\rogii-wellbore-geology\data\raw\train\3f603129__typewell.csv,True,True
404c4384,C:\Dev\Rogii Wellbore Geology\rogii-wellbore-geology\data\raw\train\404c4384__horizontal_well.csv,C:\Dev\Rogii Wellbore Geology\rogii-wellbore-geology\data\raw\train\404c4384__typewell.csv,True,True
4121c517,C:\Dev\Rogii Wellbore Geology\rogii-wellbore-geology\data\raw\train\4121c517__horizontal_well.csv,C:\Dev\Rogii Wellbore Geology\rogii-wellbore-geology\data\raw\train\4121c517__typewell.csv,True,True
41fb0192,C:\Dev\Rogii Wellbore Geology\rogii-wellbore-geology\data\raw\train\41fb0192__horizontal_well.csv,C:\Dev\Rogii Wellbore Geology\rogii-wellbore-geology\data\raw\train\41fb0192__typewell.csv,True,True
42669188,C:\Dev\Rogii Wellbore Geology\rogii-wellbore-geology\data\raw\train\42669188__horizontal_well.csv,C:\Dev\Rogii Wellbore Geology\rogii-wellbore-geology\data\raw\train\42669188__typewell.csv,True,True
42c538a1,C:\Dev\Rogii Wellbore Geology\rogii-wellbore-geology\data\raw\train\42c538a1__horizontal_well.csv,C:\Dev\Rogii Wellbore Geology\rogii-wellbore-geology\data\raw\train\42c538a1__typewell.csv,True,True
43b06c70,C:\Dev\Rogii Wellbore Geology\rogii-wellbore-geology\data\raw\train\43b06c70__horizontal_well.csv,C:\Dev\Rogii Wellbore Geology\rogii-wellbore-geology\data\raw\train\43b06c70__typewell.csv,True,True
43c7f85a,C:\Dev\Rogii Wellbore Geology\rogii-wellbore-geology\data\raw\train\43c7f85a__horizontal_well.csv,C:\Dev\Rogii Wellbore Geology\rogii-wellbore-geology\data\raw\train\43c7f85a__typewell.csv,True,True
43e16325,C:\Dev\Rogii Wellbore Geology\rogii-wellbore-geology\data\raw\train\43e16325__horizontal_well.csv,C:\Dev\Rogii Wellbore Geology\rogii-wellbore-geology\data\raw\train\43e16325__typewell.csv,True,True
44441e54,C:\Dev\Rogii Wellbore Geology\rogii-wellbore-geology\data\raw\train\44441e54__horizontal_well.csv,C:\Dev\Rogii Wellbore Geology\rogii-wellbore-geology\data\raw\train\44441e54__typewell.csv,True,True
445af6c2,C:\Dev\Rogii Wellbore Geology\rogii-wellbore-geology\data\raw\train\445af6c2__horizontal_well.csv,C:\Dev\Rogii Wellbore Geology\rogii-wellbore-geology\data\raw\train\445af6c2__typewell.csv,True,True
4463446c,C:\Dev\Rogii Wellbore Geology\rogii-wellbore-geology\data\raw\train\4463446c__horizontal_well.csv,C:\Dev\Rogii Wellbore Geology\rogii-wellbore-geology\data\raw\train\4463446c__typewell.csv,True,True
44a94013,C:\Dev\Rogii Wellbore Geology\rogii-wellbore-geology\data\raw\train\44a94013__horizontal_well.csv,C:\Dev\Rogii Wellbore Geology\rogii-wellbore-geology\data\raw\train\44a94013__typewell.csv,True,True
45fb3e21,C:\Dev\Rogii Wellbore Geology\rogii-wellbore-geology\data\raw\train\45fb3e21__horizontal_well.csv,C:\Dev\Rogii Wellbore Geology\rogii-wellbore-geology\data\raw\train\45fb3e21__typewell.csv,True,True
460f859e,C:\Dev\Rogii Wellbore Geology\rogii-wellbore-geology\data\raw\train\460f859e__horizontal_well.csv,C:\Dev\Rogii Wellbore Geology\rogii-wellbore-geology\data\raw\train\460f859e__typewell.csv,True,True
4630ab92,C:\Dev\Rogii Wellbore Geology\rogii-wellbore-geology\data\raw\train\4630ab92__horizontal_well.csv,C:\Dev\Rogii Wellbore Geology\rogii-wellbore-geology\data\raw\train\4630ab92__typewell.csv,True,True
463c38f2,C:\Dev\Rogii Wellbore Geology\rogii-wellbore-geology\data\raw\train\463c38f2__horizontal_well.csv,C:\Dev\Rogii Wellbore Geology\rogii-wellbore-geology\data\raw\train\463c38f2__typewell.csv,True,True
4654e7de,C:\Dev\Rogii Wellbore Geology\rogii-wellbore-geology\data\raw\train\4654e7de__horizontal_well.csv,C:\Dev\Rogii Wellbore Geology\rogii-wellbore-geology\data\raw\train\4654e7de__typewell.csv,True,True
466fc788,C:\Dev\Rogii Wellbore Geology\rogii-wellbore-geology\data\raw\train\466fc788__horizontal_well.csv,C:\Dev\Rogii Wellbore Geology\rogii-wellbore-geology\data\raw\train\466fc788__typewell.csv,True,True
46a301e9,C:\Dev\Rogii Wellbore Geology\rogii-wellbore-geology\data\raw\train\46a301e9__horizontal_well.csv,C:\Dev\Rogii Wellbore Geology\rogii-wellbore-geology\data\raw\train\46a301e9__typewell.csv,True,True
46a7190b,C:\Dev\Rogii Wellbore Geology\rogii-wellbore-geology\data\raw\train\46a7190b__horizontal_well.csv,C:\Dev\Rogii Wellbore Geology\rogii-wellbore-geology\data\raw\train\46a7190b__typewell.csv,True,True
46d24a09,C:\Dev\Rogii Wellbore Geology\rogii-wellbore-geology\data\raw\train\46d24a09__horizontal_well.csv,C:\Dev\Rogii Wellbore Geology\rogii-wellbore-geology\data\raw\train\46d24a09__typewell.csv,True,True
46d41ff6,C:\Dev\Rogii Wellbore Geology\rogii-wellbore-geology\data\raw\train\46d41ff6__horizontal_well.csv,C:\Dev\Rogii Wellbore Geology\rogii-wellbore-geology\data\raw\train\46d41ff6__typewell.csv,True,True
46dfcfca,C:\Dev\Rogii Wellbore Geology\rogii-wellbore-geology\data\raw\train\46dfcfca__horizontal_well.csv,C:\Dev\Rogii Wellbore Geology\rogii-wellbore-geology\data\raw\train\46dfcfca__typewell.csv,True,True
47222616,C:\Dev\Rogii Wellbore Geology\rogii-wellbore-geology\data\raw\train\47222616__horizontal_well.csv,C:\Dev\Rogii Wellbore Geology\rogii-wellbore-geology\data\raw\train\47222616__typewell.csv,True,True
47ee27ab,C:\Dev\Rogii Wellbore Geology\rogii-wellbore-geology\data\raw\train\47ee27ab__horizontal_well.csv,C:\Dev\Rogii Wellbore Geology\rogii-wellbore-geology\data\raw\train\47ee27ab__typewell.csv,True,True
481de5fc,C:\Dev\Rogii Wellbore Geology\rogii-wellbore-geology\data\raw\train\481de5fc__horizontal_well.csv,C:\Dev\Rogii Wellbore Geology\rogii-wellbore-geology\data\raw\train\481de5fc__typewell.csv,True,True
48c1f673,C:\Dev\Rogii Wellbore Geology\rogii-wellbore-geology\data\raw\train\48c1f673__horizontal_well.csv,C:\Dev\Rogii Wellbore Geology\rogii-wellbore-geology\data\raw\train\48c1f673__typewell.csv,True,True
4936af16,C:\Dev\Rogii Wellbore Geology\rogii-wellbore-geology\data\raw\train\4936af16__horizontal_well.csv,C:\Dev\Rogii Wellbore Geology\rogii-wellbore-geology\data\raw\train\4936af16__typewell.csv,True,True
493b5b31,C:\Dev\Rogii Wellbore Geology\rogii-wellbore-geology\data\raw\train\493b5b31__horizontal_well.csv,C:\Dev\Rogii Wellbore Geology\rogii-wellbore-geology\data\raw\train\493b5b31__typewell.csv,True,True
49dbc14c,C:\Dev\Rogii Wellbore Geology\rogii-wellbore-geology\data\raw\train\49dbc14c__horizontal_well.csv,C:\Dev\Rogii Wellbore Geology\rogii-wellbore-geology\data\raw\train\49dbc14c__typewell.csv,True,True
4a035ec2,C:\Dev\Rogii Wellbore Geology\rogii-wellbore-geology\data\raw\train\4a035ec2__horizontal_well.csv,C:\Dev\Rogii Wellbore Geology\rogii-wellbore-geology\data\raw\train\4a035ec2__typewell.csv,True,True
4a335117,C:\Dev\Rogii Wellbore Geology\rogii-wellbore-geology\data\raw\train\4a335117__horizontal_well.csv,C:\Dev\Rogii Wellbore Geology\rogii-wellbore-geology\data\raw\train\4a335117__typewell.csv,True,True
4a8ecc0b,C:\Dev\Rogii Wellbore Geology\rogii-wellbore-geology\data\raw\train\4a8ecc0b__horizontal_well.csv,C:\Dev\Rogii Wellbore Geology\rogii-wellbore-geology\data\raw\train\4a8ecc0b__typewell.csv,True,True
4b462989,C:\Dev\Rogii Wellbore Geology\rogii-wellbore-geology\data\raw\train\4b462989__horizontal_well.csv,C:\Dev\Rogii Wellbore Geology\rogii-wellbore-geology\data\raw\train\4b462989__typewell.csv,True,True
4b831d20,C:\Dev\Rogii Wellbore Geology\rogii-wellbore-geology\data\raw\train\4b831d20__horizontal_well.csv,C:\Dev\Rogii Wellbore Geology\rogii-wellbore-geology\data\raw\train\4b831d20__typewell.csv,True,True
4c2208f5,C:\Dev\Rogii Wellbore Geology\rogii-wellbore-geology\data\raw\train\4c2208f5__horizontal_well.csv,C:\Dev\Rogii Wellbore Geology\rogii-wellbore-geology\data\raw\train\4c2208f5__typewell.csv,True,True
4c3168cf,C:\Dev\Rogii Wellbore Geology\rogii-wellbore-geology\data\raw\train\4c3168cf__horizontal_well.csv,C:\Dev\Rogii Wellbore Geology\rogii-wellbore-geology\data\raw\train\4c3168cf__typewell.csv,True,True
4c3df468,C:\Dev\Rogii Wellbore Geology\rogii-wellbore-geology\data\raw\train\4c3df468__horizontal_well.csv,C:\Dev\Rogii Wellbore Geology\rogii-wellbore-geology\data\raw\train\4c3df468__typewell.csv,True,True
4caa7289,C:\Dev\Rogii Wellbore Geology\rogii-wellbore-geology\data\raw\train\4caa7289__horizontal_well.csv,C:\Dev\Rogii Wellbore Geology\rogii-wellbore-geology\data\raw\train\4caa7289__typewell.csv,True,True
4cd1ac61,C:\Dev\Rogii Wellbore Geology\rogii-wellbore-geology\data\raw\train\4cd1ac61__horizontal_well.csv,C:\Dev\Rogii Wellbore Geology\rogii-wellbore-geology\data\raw\train\4cd1ac61__typewell.csv,True,True
4cecf7b3,C:\Dev\Rogii Wellbore Geology\rogii-wellbore-geology\data\raw\train\4cecf7b3__horizontal_well.csv,C:\Dev\Rogii Wellbore Geology\rogii-wellbore-geology\data\raw\train\4cecf7b3__typewell.csv,True,True
4ddde4c1,C:\Dev\Rogii Wellbore Geology\rogii-wellbore-geology\data\raw\train\4ddde4c1__horizontal_well.csv,C:\Dev\Rogii Wellbore Geology\rogii-wellbore-geology\data\raw\train\4ddde4c1__typewell.csv,True,True
4e050c92,C:\Dev\Rogii Wellbore Geology\rogii-wellbore-geology\data\raw\train\4e050c92__horizontal_well.csv,C:\Dev\Rogii Wellbore Geology\rogii-wellbore-geology\data\raw\train\4e050c92__typewell.csv,True,True
4ed93db6,C:\Dev\Rogii Wellbore Geology\rogii-wellbore-geology\data\raw\train\4ed93db6__horizontal_well.csv,C:\Dev\Rogii Wellbore Geology\rogii-wellbore-geology\data\raw\train\4ed93db6__typewell.csv,True,True
4f3eb9e9,C:\Dev\Rogii Wellbore Geology\rogii-wellbore-geology\data\raw\train\4f3eb9e9__horizontal_well.csv,C:\Dev\Rogii Wellbore Geology\rogii-wellbore-geology\data\raw\train\4f3eb9e9__typewell.csv,True,True
4f4ac5ce,C:\Dev\Rogii Wellbore Geology\rogii-wellbore-geology\data\raw\train\4f4ac5ce__horizontal_well.csv,C:\Dev\Rogii Wellbore Geology\rogii-wellbore-geology\data\raw\train\4f4ac5ce__typewell.csv,True,True
4f4afcc6,C:\Dev\Rogii Wellbore Geology\rogii-wellbore-geology\data\raw\train\4f4afcc6__horizontal_well.csv,C:\Dev\Rogii Wellbore Geology\rogii-wellbore-geology\data\raw\train\4f4afcc6__typewell.csv,True,True
4f69febf,C:\Dev\Rogii Wellbore Geology\rogii-wellbore-geology\data\raw\train\4f69febf__horizontal_well.csv,C:\Dev\Rogii Wellbore Geology\rogii-wellbore-geology\data\raw\train\4f69febf__typewell.csv,True,True
4fbe9c06,C:\Dev\Rogii Wellbore Geology\rogii-wellbore-geology\data\raw\train\4fbe9c06__horizontal_well.csv,C:\Dev\Rogii Wellbore Geology\rogii-wellbore-geology\data\raw\train\4fbe9c06__typewell.csv,True,True
504c8b08,C:\Dev\Rogii Wellbore Geology\rogii-wellbore-geology\data\raw\train\504c8b08__horizontal_well.csv,C:\Dev\Rogii Wellbore Geology\rogii-wellbore-geology\data\raw\train\504c8b08__typewell.csv,True,True
511e1db0,C:\Dev\Rogii Wellbore Geology\rogii-wellbore-geology\data\raw\train\511e1db0__horizontal_well.csv,C:\Dev\Rogii Wellbore Geology\rogii-wellbore-geology\data\raw\train\511e1db0__typewell.csv,True,True
512943b2,C:\Dev\Rogii Wellbore Geology\rogii-wellbore-geology\data\raw\train\512943b2__horizontal_well.csv,C:\Dev\Rogii Wellbore Geology\rogii-wellbore-geology\data\raw\train\512943b2__typewell.csv,True,True
5138a660,C:\Dev\Rogii Wellbore Geology\rogii-wellbore-geology\data\raw\train\5138a660__horizontal_well.csv,C:\Dev\Rogii Wellbore Geology\rogii-wellbore-geology\data\raw\train\5138a660__typewell.csv,True,True
516088b7,C:\Dev\Rogii Wellbore Geology\rogii-wellbore-geology\data\raw\train\516088b7__horizontal_well.csv,C:\Dev\Rogii Wellbore Geology\rogii-wellbore-geology\data\raw\train\516088b7__typewell.csv,True,True
521a7819,C:\Dev\Rogii Wellbore Geology\rogii-wellbore-geology\data\raw\train\521a7819__horizontal_well.csv,C:\Dev\Rogii Wellbore Geology\rogii-wellbore-geology\data\raw\train\521a7819__typewell.csv,True,True
5254b6db,C:\Dev\Rogii Wellbore Geology\rogii-wellbore-geology\data\raw\train\5254b6db__horizontal_well.csv,C:\Dev\Rogii Wellbore Geology\rogii-wellbore-geology\data\raw\train\5254b6db__typewell.csv,True,True
529e88ca,C:\Dev\Rogii Wellbore Geology\rogii-wellbore-geology\data\raw\train\529e88ca__horizontal_well.csv,C:\Dev\Rogii Wellbore Geology\rogii-wellbore-geology\data\raw\train\529e88ca__typewell.csv,True,True
52f1e77a,C:\Dev\Rogii Wellbore Geology\rogii-wellbore-geology\data\raw\train\52f1e77a__horizontal_well.csv,C:\Dev\Rogii Wellbore Geology\rogii-wellbore-geology\data\raw\train\52f1e77a__typewell.csv,True,True
5305524b,C:\Dev\Rogii Wellbore Geology\rogii-wellbore-geology\data\raw\train\5305524b__horizontal_well.csv,C:\Dev\Rogii Wellbore Geology\rogii-wellbore-geology\data\raw\train\5305524b__typewell.csv,True,True
53134831,C:\Dev\Rogii Wellbore Geology\rogii-wellbore-geology\data\raw\train\53134831__horizontal_well.csv,C:\Dev\Rogii Wellbore Geology\rogii-wellbore-geology\data\raw\train\53134831__typewell.csv,True,True
5397ceb1,C:\Dev\Rogii Wellbore Geology\rogii-wellbore-geology\data\raw\train\5397ceb1__horizontal_well.csv,C:\Dev\Rogii Wellbore Geology\rogii-wellbore-geology\data\raw\train\5397ceb1__typewell.csv,True,True
53f23031,C:\Dev\Rogii Wellbore Geology\rogii-wellbore-geology\data\raw\train\53f23031__horizontal_well.csv,C:\Dev\Rogii Wellbore Geology\rogii-wellbore-geology\data\raw\train\53f23031__typewell.csv,True,True
543198e8,C:\Dev\Rogii Wellbore Geology\rogii-wellbore-geology\data\raw\train\543198e8__horizontal_well.csv,C:\Dev\Rogii Wellbore Geology\rogii-wellbore-geology\data\raw\train\543198e8__typewell.csv,True,True
54753541,C:\Dev\Rogii Wellbore Geology\rogii-wellbore-geology\data\raw\train\54753541__horizontal_well.csv,C:\Dev\Rogii Wellbore Geology\rogii-wellbore-geology\data\raw\train\54753541__typewell.csv,True,True
54a7e3c2,C:\Dev\Rogii Wellbore Geology\rogii-wellbore-geology\data\raw\train\54a7e3c2__horizontal_well.csv,C:\Dev\Rogii Wellbore Geology\rogii-wellbore-geology\data\raw\train\54a7e3c2__typewell.csv,True,True
5542c301,C:\Dev\Rogii Wellbore Geology\rogii-wellbore-geology\data\raw\train\5542c301__horizontal_well.csv,C:\Dev\Rogii Wellbore Geology\rogii-wellbore-geology\data\raw\train\5542c301__typewell.csv,True,True
5567d551,C:\Dev\Rogii Wellbore Geology\rogii-wellbore-geology\data\raw\train\5567d551__horizontal_well.csv,C:\Dev\Rogii Wellbore Geology\rogii-wellbore-geology\data\raw\train\5567d551__typewell.csv,True,True
55efee7f,C:\Dev\Rogii Wellbore Geology\rogii-wellbore-geology\data\raw\train\55efee7f__horizontal_well.csv,C:\Dev\Rogii Wellbore Geology\rogii-wellbore-geology\data\raw\train\55efee7f__typewell.csv,True,True
5663b2b7,C:\Dev\Rogii Wellbore Geology\rogii-wellbore-geology\data\raw\train\5663b2b7__horizontal_well.csv,C:\Dev\Rogii Wellbore Geology\rogii-wellbore-geology\data\raw\train\5663b2b7__typewell.csv,True,True
5693dde2,C:\Dev\Rogii Wellbore Geology\rogii-wellbore-geology\data\raw\train\5693dde2__horizontal_well.csv,C:\Dev\Rogii Wellbore Geology\rogii-wellbore-geology\data\raw\train\5693dde2__typewell.csv,True,True
56b00794,C:\Dev\Rogii Wellbore Geology\rogii-wellbore-geology\data\raw\train\56b00794__horizontal_well.csv,C:\Dev\Rogii Wellbore Geology\rogii-wellbore-geology\data\raw\train\56b00794__typewell.csv,True,True
57796579,C:\Dev\Rogii Wellbore Geology\rogii-wellbore-geology\data\raw\train\57796579__horizontal_well.csv,C:\Dev\Rogii Wellbore Geology\rogii-wellbore-geology\data\raw\train\57796579__typewell.csv,True,True
577eec7c,C:\Dev\Rogii Wellbore Geology\rogii-wellbore-geology\data\raw\train\577eec7c__horizontal_well.csv,C:\Dev\Rogii Wellbore Geology\rogii-wellbore-geology\data\raw\train\577eec7c__typewell.csv,True,True
57f05c51,C:\Dev\Rogii Wellbore Geology\rogii-wellbore-geology\data\raw\train\57f05c51__horizontal_well.csv,C:\Dev\Rogii Wellbore Geology\rogii-wellbore-geology\data\raw\train\57f05c51__typewell.csv,True,True
58850d2c,C:\Dev\Rogii Wellbore Geology\rogii-wellbore-geology\data\raw\train\58850d2c__horizontal_well.csv,C:\Dev\Rogii Wellbore Geology\rogii-wellbore-geology\data\raw\train\58850d2c__typewell.csv,True,True
58fa8486,C:\Dev\Rogii Wellbore Geology\rogii-wellbore-geology\data\raw\train\58fa8486__horizontal_well.csv,C:\Dev\Rogii Wellbore Geology\rogii-wellbore-geology\data\raw\train\58fa8486__typewell.csv,True,True
591cc951,C:\Dev\Rogii Wellbore Geology\rogii-wellbore-geology\data\raw\train\591cc951__horizontal_well.csv,C:\Dev\Rogii Wellbore Geology\rogii-wellbore-geology\data\raw\train\591cc951__typewell.csv,True,True
593876b6,C:\Dev\Rogii Wellbore Geology\rogii-wellbore-geology\data\raw\train\593876b6__horizontal_well.csv,C:\Dev\Rogii Wellbore Geology\rogii-wellbore-geology\data\raw\train\593876b6__typewell.csv,True,True
59f8b2e8,C:\Dev\Rogii Wellbore Geology\rogii-wellbore-geology\data\raw\train\59f8b2e8__horizontal_well.csv,C:\Dev\Rogii Wellbore Geology\rogii-wellbore-geology\data\raw\train\59f8b2e8__typewell.csv,True,True
5a1a8fd8,C:\Dev\Rogii Wellbore Geology\rogii-wellbore-geology\data\raw\train\5a1a8fd8__horizontal_well.csv,C:\Dev\Rogii Wellbore Geology\rogii-wellbore-geology\data\raw\train\5a1a8fd8__typewell.csv,True,True
5a5269a9,C:\Dev\Rogii Wellbore Geology\rogii-wellbore-geology\data\raw\train\5a5269a9__horizontal_well.csv,C:\Dev\Rogii Wellbore Geology\rogii-wellbore-geology\data\raw\train\5a5269a9__typewell.csv,True,True
5a5d1982,C:\Dev\Rogii Wellbore Geology\rogii-wellbore-geology\data\raw\train\5a5d1982__horizontal_well.csv,C:\Dev\Rogii Wellbore Geology\rogii-wellbore-geology\data\raw\train\5a5d1982__typewell.csv,True,True
5a63b5d1,C:\Dev\Rogii Wellbore Geology\rogii-wellbore-geology\data\raw\train\5a63b5d1__horizontal_well.csv,C:\Dev\Rogii Wellbore Geology\rogii-wellbore-geology\data\raw\train\5a63b5d1__typewell.csv,True,True
5aa03df7,C:\Dev\Rogii Wellbore Geology\rogii-wellbore-geology\data\raw\train\5aa03df7__horizontal_well.csv,C:\Dev\Rogii Wellbore Geology\rogii-wellbore-geology\data\raw\train\5aa03df7__typewell.csv,True,True
5aa403d0,C:\Dev\Rogii Wellbore Geology\rogii-wellbore-geology\data\raw\train\5aa403d0__horizontal_well.csv,C:\Dev\Rogii Wellbore Geology\rogii-wellbore-geology\data\raw\train\5aa403d0__typewell.csv,True,True
5aef5c6c,C:\Dev\Rogii Wellbore Geology\rogii-wellbore-geology\data\raw\train\5aef5c6c__horizontal_well.csv,C:\Dev\Rogii Wellbore Geology\rogii-wellbore-geology\data\raw\train\5aef5c6c__typewell.csv,True,True
5b7b6324,C:\Dev\Rogii Wellbore Geology\rogii-wellbore-geology\data\raw\train\5b7b6324__horizontal_well.csv,C:\Dev\Rogii Wellbore Geology\rogii-wellbore-geology\data\raw\train\5b7b6324__typewell.csv,True,True
5bd25f59,C:\Dev\Rogii Wellbore Geology\rogii-wellbore-geology\data\raw\train\5bd25f59__horizontal_well.csv,C:\Dev\Rogii Wellbore Geology\rogii-wellbore-geology\data\raw\train\5bd25f59__typewell.csv,True,True
5beded95,C:\Dev\Rogii Wellbore Geology\rogii-wellbore-geology\data\raw\train\5beded95__horizontal_well.csv,C:\Dev\Rogii Wellbore Geology\rogii-wellbore-geology\data\raw\train\5beded95__typewell.csv,True,True
5cb483ac,C:\Dev\Rogii Wellbore Geology\rogii-wellbore-geology\data\raw\train\5cb483ac__horizontal_well.csv,C:\Dev\Rogii Wellbore Geology\rogii-wellbore-geology\data\raw\train\5cb483ac__typewell.csv,True,True
5cdd8dbc,C:\Dev\Rogii Wellbore Geology\rogii-wellbore-geology\data\raw\train\5cdd8dbc__horizontal_well.csv,C:\Dev\Rogii Wellbore Geology\rogii-wellbore-geology\data\raw\train\5cdd8dbc__typewell.csv,True,True
5d11dfb5,C:\Dev\Rogii Wellbore Geology\rogii-wellbore-geology\data\raw\train\5d11dfb5__horizontal_well.csv,C:\Dev\Rogii Wellbore Geology\rogii-wellbore-geology\data\raw\train\5d11dfb5__typewell.csv,True,True
5d7198fd,C:\Dev\Rogii Wellbore Geology\rogii-wellbore-geology\data\raw\train\5d7198fd__horizontal_well.csv,C:\Dev\Rogii Wellbore Geology\rogii-wellbore-geology\data\raw\train\5d7198fd__typewell.csv,True,True
5def1ce5,C:\Dev\Rogii Wellbore Geology\rogii-wellbore-geology\data\raw\train\5def1ce5__horizontal_well.csv,C:\Dev\Rogii Wellbore Geology\rogii-wellbore-geology\data\raw\train\5def1ce5__typewell.csv,True,True
5eae34a8,C:\Dev\Rogii Wellbore Geology\rogii-wellbore-geology\data\raw\train\5eae34a8__horizontal_well.csv,C:\Dev\Rogii Wellbore Geology\rogii-wellbore-geology\data\raw\train\5eae34a8__typewell.csv,True,True
5f4d2a52,C:\Dev\Rogii Wellbore Geology\rogii-wellbore-geology\data\raw\train\5f4d2a52__horizontal_well.csv,C:\Dev\Rogii Wellbore Geology\rogii-wellbore-geology\data\raw\train\5f4d2a52__typewell.csv,True,True
5f6756c5,C:\Dev\Rogii Wellbore Geology\rogii-wellbore-geology\data\raw\train\5f6756c5__horizontal_well.csv,C:\Dev\Rogii Wellbore Geology\rogii-wellbore-geology\data\raw\train\5f6756c5__typewell.csv,True,True
5f75f796,C:\Dev\Rogii Wellbore Geology\rogii-wellbore-geology\data\raw\train\5f75f796__horizontal_well.csv,C:\Dev\Rogii Wellbore Geology\rogii-wellbore-geology\data\raw\train\5f75f796__typewell.csv,True,True
5fb1c15f,C:\Dev\Rogii Wellbore Geology\rogii-wellbore-geology\data\raw\train\5fb1c15f__horizontal_well.csv,C:\Dev\Rogii Wellbore Geology\rogii-wellbore-geology\data\raw\train\5fb1c15f__typewell.csv,True,True
5fffa282,C:\Dev\Rogii Wellbore Geology\rogii-wellbore-geology\data\raw\train\5fffa282__horizontal_well.csv,C:\Dev\Rogii Wellbore Geology\rogii-wellbore-geology\data\raw\train\5fffa282__typewell.csv,True,True
60e37807,C:\Dev\Rogii Wellbore Geology\rogii-wellbore-geology\data\raw\train\60e37807__horizontal_well.csv,C:\Dev\Rogii Wellbore Geology\rogii-wellbore-geology\data\raw\train\60e37807__typewell.csv,True,True
61f27424,C:\Dev\Rogii Wellbore Geology\rogii-wellbore-geology\data\raw\train\61f27424__horizontal_well.csv,C:\Dev\Rogii Wellbore Geology\rogii-wellbore-geology\data\raw\train\61f27424__typewell.csv,True,True
62569ae3,C:\Dev\Rogii Wellbore Geology\rogii-wellbore-geology\data\raw\train\62569ae3__horizontal_well.csv,C:\Dev\Rogii Wellbore Geology\rogii-wellbore-geology\data\raw\train\62569ae3__typewell.csv,True,True
62a6f539,C:\Dev\Rogii Wellbore Geology\rogii-wellbore-geology\data\raw\train\62a6f539__horizontal_well.csv,C:\Dev\Rogii Wellbore Geology\rogii-wellbore-geology\data\raw\train\62a6f539__typewell.csv,True,True
633774dc,C:\Dev\Rogii Wellbore Geology\rogii-wellbore-geology\data\raw\train\633774dc__horizontal_well.csv,C:\Dev\Rogii Wellbore Geology\rogii-wellbore-geology\data\raw\train\633774dc__typewell.csv,True,True
63559d57,C:\Dev\Rogii Wellbore Geology\rogii-wellbore-geology\data\raw\train\63559d57__horizontal_well.csv,C:\Dev\Rogii Wellbore Geology\rogii-wellbore-geology\data\raw\train\63559d57__typewell.csv,True,True
647f2a41,C:\Dev\Rogii Wellbore Geology\rogii-wellbore-geology\data\raw\train\647f2a41__horizontal_well.csv,C:\Dev\Rogii Wellbore Geology\rogii-wellbore-geology\data\raw\train\647f2a41__typewell.csv,True,True
65156b96,C:\Dev\Rogii Wellbore Geology\rogii-wellbore-geology\data\raw\train\65156b96__horizontal_well.csv,C:\Dev\Rogii Wellbore Geology\rogii-wellbore-geology\data\raw\train\65156b96__typewell.csv,True,True
653612bc,C:\Dev\Rogii Wellbore Geology\rogii-wellbore-geology\data\raw\train\653612bc__horizontal_well.csv,C:\Dev\Rogii Wellbore Geology\rogii-wellbore-geology\data\raw\train\653612bc__typewell.csv,True,True
656a067b,C:\Dev\Rogii Wellbore Geology\rogii-wellbore-geology\data\raw\train\656a067b__horizontal_well.csv,C:\Dev\Rogii Wellbore Geology\rogii-wellbore-geology\data\raw\train\656a067b__typewell.csv,True,True
65a5466a,C:\Dev\Rogii Wellbore Geology\rogii-wellbore-geology\data\raw\train\65a5466a__horizontal_well.csv,C:\Dev\Rogii Wellbore Geology\rogii-wellbore-geology\data\raw\train\65a5466a__typewell.csv,True,True
660d9546,C:\Dev\Rogii Wellbore Geology\rogii-wellbore-geology\data\raw\train\660d9546__horizontal_well.csv,C:\Dev\Rogii Wellbore Geology\rogii-wellbore-geology\data\raw\train\660d9546__typewell.csv,True,True
6767c111,C:\Dev\Rogii Wellbore Geology\rogii-wellbore-geology\data\raw\train\6767c111__horizontal_well.csv,C:\Dev\Rogii Wellbore Geology\rogii-wellbore-geology\data\raw\train\6767c111__typewell.csv,True,True
67847288,C:\Dev\Rogii Wellbore Geology\rogii-wellbore-geology\data\raw\train\67847288__horizontal_well.csv,C:\Dev\Rogii Wellbore Geology\rogii-wellbore-geology\data\raw\train\67847288__typewell.csv,True,True
67a8da4a,C:\Dev\Rogii Wellbore Geology\rogii-wellbore-geology\data\raw\train\67a8da4a__horizontal_well.csv,C:\Dev\Rogii Wellbore Geology\rogii-wellbore-geology\data\raw\train\67a8da4a__typewell.csv,True,True
684a6fc1,C:\Dev\Rogii Wellbore Geology\rogii-wellbore-geology\data\raw\train\684a6fc1__horizontal_well.csv,C:\Dev\Rogii Wellbore Geology\rogii-wellbore-geology\data\raw\train\684a6fc1__typewell.csv,True,True
698930d1,C:\Dev\Rogii Wellbore Geology\rogii-wellbore-geology\data\raw\train\698930d1__horizontal_well.csv,C:\Dev\Rogii Wellbore Geology\rogii-wellbore-geology\data\raw\train\698930d1__typewell.csv,True,True
699ea575,C:\Dev\Rogii Wellbore Geology\rogii-wellbore-geology\data\raw\train\699ea575__horizontal_well.csv,C:\Dev\Rogii Wellbore Geology\rogii-wellbore-geology\data\raw\train\699ea575__typewell.csv,True,True
69c1bdad,C:\Dev\Rogii Wellbore Geology\rogii-wellbore-geology\data\raw\train\69c1bdad__horizontal_well.csv,C:\Dev\Rogii Wellbore Geology\rogii-wellbore-geology\data\raw\train\69c1bdad__typewell.csv,True,True
69e41fa6,C:\Dev\Rogii Wellbore Geology\rogii-wellbore-geology\data\raw\train\69e41fa6__horizontal_well.csv,C:\Dev\Rogii Wellbore Geology\rogii-wellbore-geology\data\raw\train\69e41fa6__typewell.csv,True,True
6a0ff78e,C:\Dev\Rogii Wellbore Geology\rogii-wellbore-geology\data\raw\train\6a0ff78e__horizontal_well.csv,C:\Dev\Rogii Wellbore Geology\rogii-wellbore-geology\data\raw\train\6a0ff78e__typewell.csv,True,True
6a8fa194,C:\Dev\Rogii Wellbore Geology\rogii-wellbore-geology\data\raw\train\6a8fa194__horizontal_well.csv,C:\Dev\Rogii Wellbore Geology\rogii-wellbore-geology\data\raw\train\6a8fa194__typewell.csv,True,True
6ae68655,C:\Dev\Rogii Wellbore Geology\rogii-wellbore-geology\data\raw\train\6ae68655__horizontal_well.csv,C:\Dev\Rogii Wellbore Geology\rogii-wellbore-geology\data\raw\train\6ae68655__typewell.csv,True,True
6d1d74e1,C:\Dev\Rogii Wellbore Geology\rogii-wellbore-geology\data\raw\train\6d1d74e1__horizontal_well.csv,C:\Dev\Rogii Wellbore Geology\rogii-wellbore-geology\data\raw\train\6d1d74e1__typewell.csv,True,True
6d590e26,C:\Dev\Rogii Wellbore Geology\rogii-wellbore-geology\data\raw\train\6d590e26__horizontal_well.csv,C:\Dev\Rogii Wellbore Geology\rogii-wellbore-geology\data\raw\train\6d590e26__typewell.csv,True,True
6d6d93af,C:\Dev\Rogii Wellbore Geology\rogii-wellbore-geology\data\raw\train\6d6d93af__horizontal_well.csv,C:\Dev\Rogii Wellbore Geology\rogii-wellbore-geology\data\raw\train\6d6d93af__typewell.csv,True,True
6dbe4b60,C:\Dev\Rogii Wellbore Geology\rogii-wellbore-geology\data\raw\train\6dbe4b60__horizontal_well.csv,C:\Dev\Rogii Wellbore Geology\rogii-wellbore-geology\data\raw\train\6dbe4b60__typewell.csv,True,True
6e6d122c,C:\Dev\Rogii Wellbore Geology\rogii-wellbore-geology\data\raw\train\6e6d122c__horizontal_well.csv,C:\Dev\Rogii Wellbore Geology\rogii-wellbore-geology\data\raw\train\6e6d122c__typewell.csv,True,True
6e9ccd38,C:\Dev\Rogii Wellbore Geology\rogii-wellbore-geology\data\raw\train\6e9ccd38__horizontal_well.csv,C:\Dev\Rogii Wellbore Geology\rogii-wellbore-geology\data\raw\train\6e9ccd38__typewell.csv,True,True
6ea22614,C:\Dev\Rogii Wellbore Geology\rogii-wellbore-geology\data\raw\train\6ea22614__horizontal_well.csv,C:\Dev\Rogii Wellbore Geology\rogii-wellbore-geology\data\raw\train\6ea22614__typewell.csv,True,True
6ede926a,C:\Dev\Rogii Wellbore Geology\rogii-wellbore-geology\data\raw\train\6ede926a__horizontal_well.csv,C:\Dev\Rogii Wellbore Geology\rogii-wellbore-geology\data\raw\train\6ede926a__typewell.csv,True,True
708caea9,C:\Dev\Rogii Wellbore Geology\rogii-wellbore-geology\data\raw\train\708caea9__horizontal_well.csv,C:\Dev\Rogii Wellbore Geology\rogii-wellbore-geology\data\raw\train\708caea9__typewell.csv,True,True
70925e23,C:\Dev\Rogii Wellbore Geology\rogii-wellbore-geology\data\raw\train\70925e23__horizontal_well.csv,C:\Dev\Rogii Wellbore Geology\rogii-wellbore-geology\data\raw\train\70925e23__typewell.csv,True,True
70e1788b,C:\Dev\Rogii Wellbore Geology\rogii-wellbore-geology\data\raw\train\70e1788b__horizontal_well.csv,C:\Dev\Rogii Wellbore Geology\rogii-wellbore-geology\data\raw\train\70e1788b__typewell.csv,True,True
71642c7d,C:\Dev\Rogii Wellbore Geology\rogii-wellbore-geology\data\raw\train\71642c7d__horizontal_well.csv,C:\Dev\Rogii Wellbore Geology\rogii-wellbore-geology\data\raw\train\71642c7d__typewell.csv,True,True
71ccf778,C:\Dev\Rogii Wellbore Geology\rogii-wellbore-geology\data\raw\train\71ccf778__horizontal_well.csv,C:\Dev\Rogii Wellbore Geology\rogii-wellbore-geology\data\raw\train\71ccf778__typewell.csv,True,True
7224331b,C:\Dev\Rogii Wellbore Geology\rogii-wellbore-geology\data\raw\train\7224331b__horizontal_well.csv,C:\Dev\Rogii Wellbore Geology\rogii-wellbore-geology\data\raw\train\7224331b__typewell.csv,True,True
722cf0d8,C:\Dev\Rogii Wellbore Geology\rogii-wellbore-geology\data\raw\train\722cf0d8__horizontal_well.csv,C:\Dev\Rogii Wellbore Geology\rogii-wellbore-geology\data\raw\train\722cf0d8__typewell.csv,True,True
7256229b,C:\Dev\Rogii Wellbore Geology\rogii-wellbore-geology\data\raw\train\7256229b__horizontal_well.csv,C:\Dev\Rogii Wellbore Geology\rogii-wellbore-geology\data\raw\train\7256229b__typewell.csv,True,True
726f3dc2,C:\Dev\Rogii Wellbore Geology\rogii-wellbore-geology\data\raw\train\726f3dc2__horizontal_well.csv,C:\Dev\Rogii Wellbore Geology\rogii-wellbore-geology\data\raw\train\726f3dc2__typewell.csv,True,True
7271dd80,C:\Dev\Rogii Wellbore Geology\rogii-wellbore-geology\data\raw\train\7271dd80__horizontal_well.csv,C:\Dev\Rogii Wellbore Geology\rogii-wellbore-geology\data\raw\train\7271dd80__typewell.csv,True,True
727a3a10,C:\Dev\Rogii Wellbore Geology\rogii-wellbore-geology\data\raw\train\727a3a10__horizontal_well.csv,C:\Dev\Rogii Wellbore Geology\rogii-wellbore-geology\data\raw\train\727a3a10__typewell.csv,True,True
729665c0,C:\Dev\Rogii Wellbore Geology\rogii-wellbore-geology\data\raw\train\729665c0__horizontal_well.csv,C:\Dev\Rogii Wellbore Geology\rogii-wellbore-geology\data\raw\train\729665c0__typewell.csv,True,True
729e9750,C:\Dev\Rogii Wellbore Geology\rogii-wellbore-geology\data\raw\train\729e9750__horizontal_well.csv,C:\Dev\Rogii Wellbore Geology\rogii-wellbore-geology\data\raw\train\729e9750__typewell.csv,True,True
729f4217,C:\Dev\Rogii Wellbore Geology\rogii-wellbore-geology\data\raw\train\729f4217__horizontal_well.csv,C:\Dev\Rogii Wellbore Geology\rogii-wellbore-geology\data\raw\train\729f4217__typewell.csv,True,True
72dd8501,C:\Dev\Rogii Wellbore Geology\rogii-wellbore-geology\data\raw\train\72dd8501__horizontal_well.csv,C:\Dev\Rogii Wellbore Geology\rogii-wellbore-geology\data\raw\train\72dd8501__typewell.csv,True,True
73348914,C:\Dev\Rogii Wellbore Geology\rogii-wellbore-geology\data\raw\train\73348914__horizontal_well.csv,C:\Dev\Rogii Wellbore Geology\rogii-wellbore-geology\data\raw\train\73348914__typewell.csv,True,True
739a914f,C:\Dev\Rogii Wellbore Geology\rogii-wellbore-geology\data\raw\train\739a914f__horizontal_well.csv,C:\Dev\Rogii Wellbore Geology\rogii-wellbore-geology\data\raw\train\739a914f__typewell.csv,True,True
73b1447d,C:\Dev\Rogii Wellbore Geology\rogii-wellbore-geology\data\raw\train\73b1447d__horizontal_well.csv,C:\Dev\Rogii Wellbore Geology\rogii-wellbore-geology\data\raw\train\73b1447d__typewell.csv,True,True
74b6186b,C:\Dev\Rogii Wellbore Geology\rogii-wellbore-geology\data\raw\train\74b6186b__horizontal_well.csv,C:\Dev\Rogii Wellbore Geology\rogii-wellbore-geology\data\raw\train\74b6186b__typewell.csv,True,True
75c20ec7,C:\Dev\Rogii Wellbore Geology\rogii-wellbore-geology\data\raw\train\75c20ec7__horizontal_well.csv,C:\Dev\Rogii Wellbore Geology\rogii-wellbore-geology\data\raw\train\75c20ec7__typewell.csv,True,True
75cd5f11,C:\Dev\Rogii Wellbore Geology\rogii-wellbore-geology\data\raw\train\75cd5f11__horizontal_well.csv,C:\Dev\Rogii Wellbore Geology\rogii-wellbore-geology\data\raw\train\75cd5f11__typewell.csv,True,True
75d20a82,C:\Dev\Rogii Wellbore Geology\rogii-wellbore-geology\data\raw\train\75d20a82__horizontal_well.csv,C:\Dev\Rogii Wellbore Geology\rogii-wellbore-geology\data\raw\train\75d20a82__typewell.csv,True,True
76201745,C:\Dev\Rogii Wellbore Geology\rogii-wellbore-geology\data\raw\train\76201745__horizontal_well.csv,C:\Dev\Rogii Wellbore Geology\rogii-wellbore-geology\data\raw\train\76201745__typewell.csv,True,True
764072a5,C:\Dev\Rogii Wellbore Geology\rogii-wellbore-geology\data\raw\train\764072a5__horizontal_well.csv,C:\Dev\Rogii Wellbore Geology\rogii-wellbore-geology\data\raw\train\764072a5__typewell.csv,True,True
77b0d905,C:\Dev\Rogii Wellbore Geology\rogii-wellbore-geology\data\raw\train\77b0d905__horizontal_well.csv,C:\Dev\Rogii Wellbore Geology\rogii-wellbore-geology\data\raw\train\77b0d905__typewell.csv,True,True
77e4821c,C:\Dev\Rogii Wellbore Geology\rogii-wellbore-geology\data\raw\train\77e4821c__horizontal_well.csv,C:\Dev\Rogii Wellbore Geology\rogii-wellbore-geology\data\raw\train\77e4821c__typewell.csv,True,True
7850c72e,C:\Dev\Rogii Wellbore Geology\rogii-wellbore-geology\data\raw\train\7850c72e__horizontal_well.csv,C:\Dev\Rogii Wellbore Geology\rogii-wellbore-geology\data\raw\train\7850c72e__typewell.csv,True,True
78a4a386,C:\Dev\Rogii Wellbore Geology\rogii-wellbore-geology\data\raw\train\78a4a386__horizontal_well.csv,C:\Dev\Rogii Wellbore Geology\rogii-wellbore-geology\data\raw\train\78a4a386__typewell.csv,True,True
79507629,C:\Dev\Rogii Wellbore Geology\rogii-wellbore-geology\data\raw\train\79507629__horizontal_well.csv,C:\Dev\Rogii Wellbore Geology\rogii-wellbore-geology\data\raw\train\79507629__typewell.csv,True,True
796dbd4c,C:\Dev\Rogii Wellbore Geology\rogii-wellbore-geology\data\raw\train\796dbd4c__horizontal_well.csv,C:\Dev\Rogii Wellbore Geology\rogii-wellbore-geology\data\raw\train\796dbd4c__typewell.csv,True,True
7987f2f2,C:\Dev\Rogii Wellbore Geology\rogii-wellbore-geology\data\raw\train\7987f2f2__horizontal_well.csv,C:\Dev\Rogii Wellbore Geology\rogii-wellbore-geology\data\raw\train\7987f2f2__typewell.csv,True,True
7993a768,C:\Dev\Rogii Wellbore Geology\rogii-wellbore-geology\data\raw\train\7993a768__horizontal_well.csv,C:\Dev\Rogii Wellbore Geology\rogii-wellbore-geology\data\raw\train\7993a768__typewell.csv,True,True
7a5660b0,C:\Dev\Rogii Wellbore Geology\rogii-wellbore-geology\data\raw\train\7a5660b0__horizontal_well.csv,C:\Dev\Rogii Wellbore Geology\rogii-wellbore-geology\data\raw\train\7a5660b0__typewell.csv,True,True
7acda2df,C:\Dev\Rogii Wellbore Geology\rogii-wellbore-geology\data\raw\train\7acda2df__horizontal_well.csv,C:\Dev\Rogii Wellbore Geology\rogii-wellbore-geology\data\raw\train\7acda2df__typewell.csv,True,True
7b2c7b3c,C:\Dev\Rogii Wellbore Geology\rogii-wellbore-geology\data\raw\train\7b2c7b3c__horizontal_well.csv,C:\Dev\Rogii Wellbore Geology\rogii-wellbore-geology\data\raw\train\7b2c7b3c__typewell.csv,True,True
7b38844c,C:\Dev\Rogii Wellbore Geology\rogii-wellbore-geology\data\raw\train\7b38844c__horizontal_well.csv,C:\Dev\Rogii Wellbore Geology\rogii-wellbore-geology\data\raw\train\7b38844c__typewell.csv,True,True
7bb17b96,C:\Dev\Rogii Wellbore Geology\rogii-wellbore-geology\data\raw\train\7bb17b96__horizontal_well.csv,C:\Dev\Rogii Wellbore Geology\rogii-wellbore-geology\data\raw\train\7bb17b96__typewell.csv,True,True
7c607683,C:\Dev\Rogii Wellbore Geology\rogii-wellbore-geology\data\raw\train\7c607683__horizontal_well.csv,C:\Dev\Rogii Wellbore Geology\rogii-wellbore-geology\data\raw\train\7c607683__typewell.csv,True,True
7cbbd047,C:\Dev\Rogii Wellbore Geology\rogii-wellbore-geology\data\raw\train\7cbbd047__horizontal_well.csv,C:\Dev\Rogii Wellbore Geology\rogii-wellbore-geology\data\raw\train\7cbbd047__typewell.csv,True,True
7cd4bb31,C:\Dev\Rogii Wellbore Geology\rogii-wellbore-geology\data\raw\train\7cd4bb31__horizontal_well.csv,C:\Dev\Rogii Wellbore Geology\rogii-wellbore-geology\data\raw\train\7cd4bb31__typewell.csv,True,True
7d50373e,C:\Dev\Rogii Wellbore Geology\rogii-wellbore-geology\data\raw\train\7d50373e__horizontal_well.csv,C:\Dev\Rogii Wellbore Geology\rogii-wellbore-geology\data\raw\train\7d50373e__typewell.csv,True,True
7d57c75d,C:\Dev\Rogii Wellbore Geology\rogii-wellbore-geology\data\raw\train\7d57c75d__horizontal_well.csv,C:\Dev\Rogii Wellbore Geology\rogii-wellbore-geology\data\raw\train\7d57c75d__typewell.csv,True,True
7e208414,C:\Dev\Rogii Wellbore Geology\rogii-wellbore-geology\data\raw\train\7e208414__horizontal_well.csv,C:\Dev\Rogii Wellbore Geology\rogii-wellbore-geology\data\raw\train\7e208414__typewell.csv,True,True
7e721392,C:\Dev\Rogii Wellbore Geology\rogii-wellbore-geology\data\raw\train\7e721392__horizontal_well.csv,C:\Dev\Rogii Wellbore Geology\rogii-wellbore-geology\data\raw\train\7e721392__typewell.csv,True,True
7ff89f8f,C:\Dev\Rogii Wellbore Geology\rogii-wellbore-geology\data\raw\train\7ff89f8f__horizontal_well.csv,C:\Dev\Rogii Wellbore Geology\rogii-wellbore-geology\data\raw\train\7ff89f8f__typewell.csv,True,True
8050c789,C:\Dev\Rogii Wellbore Geology\rogii-wellbore-geology\data\raw\train\8050c789__horizontal_well.csv,C:\Dev\Rogii Wellbore Geology\rogii-wellbore-geology\data\raw\train\8050c789__typewell.csv,True,True
807f0298,C:\Dev\Rogii Wellbore Geology\rogii-wellbore-geology\data\raw\train\807f0298__horizontal_well.csv,C:\Dev\Rogii Wellbore Geology\rogii-wellbore-geology\data\raw\train\807f0298__typewell.csv,True,True
811f52b3,C:\Dev\Rogii Wellbore Geology\rogii-wellbore-geology\data\raw\train\811f52b3__horizontal_well.csv,C:\Dev\Rogii Wellbore Geology\rogii-wellbore-geology\data\raw\train\811f52b3__typewell.csv,True,True
81bf5923,C:\Dev\Rogii Wellbore Geology\rogii-wellbore-geology\data\raw\train\81bf5923__horizontal_well.csv,C:\Dev\Rogii Wellbore Geology\rogii-wellbore-geology\data\raw\train\81bf5923__typewell.csv,True,True
81fc01c6,C:\Dev\Rogii Wellbore Geology\rogii-wellbore-geology\data\raw\train\81fc01c6__horizontal_well.csv,C:\Dev\Rogii Wellbore Geology\rogii-wellbore-geology\data\raw\train\81fc01c6__typewell.csv,True,True
8255c867,C:\Dev\Rogii Wellbore Geology\rogii-wellbore-geology\data\raw\train\8255c867__horizontal_well.csv,C:\Dev\Rogii Wellbore Geology\rogii-wellbore-geology\data\raw\train\8255c867__typewell.csv,True,True
82aab6d2,C:\Dev\Rogii Wellbore Geology\rogii-wellbore-geology\data\raw\train\82aab6d2__horizontal_well.csv,C:\Dev\Rogii Wellbore Geology\rogii-wellbore-geology\data\raw\train\82aab6d2__typewell.csv,True,True
82fcf37c,C:\Dev\Rogii Wellbore Geology\rogii-wellbore-geology\data\raw\train\82fcf37c__horizontal_well.csv,C:\Dev\Rogii Wellbore Geology\rogii-wellbore-geology\data\raw\train\82fcf37c__typewell.csv,True,True
833af382,C:\Dev\Rogii Wellbore Geology\rogii-wellbore-geology\data\raw\train\833af382__horizontal_well.csv,C:\Dev\Rogii Wellbore Geology\rogii-wellbore-geology\data\raw\train\833af382__typewell.csv,True,True
8382f4b6,C:\Dev\Rogii Wellbore Geology\rogii-wellbore-geology\data\raw\train\8382f4b6__horizontal_well.csv,C:\Dev\Rogii Wellbore Geology\rogii-wellbore-geology\data\raw\train\8382f4b6__typewell.csv,True,True
84633df4,C:\Dev\Rogii Wellbore Geology\rogii-wellbore-geology\data\raw\train\84633df4__horizontal_well.csv,C:\Dev\Rogii Wellbore Geology\rogii-wellbore-geology\data\raw\train\84633df4__typewell.csv,True,True
8478df29,C:\Dev\Rogii Wellbore Geology\rogii-wellbore-geology\data\raw\train\8478df29__horizontal_well.csv,C:\Dev\Rogii Wellbore Geology\rogii-wellbore-geology\data\raw\train\8478df29__typewell.csv,True,True
84815d5a,C:\Dev\Rogii Wellbore Geology\rogii-wellbore-geology\data\raw\train\84815d5a__horizontal_well.csv,C:\Dev\Rogii Wellbore Geology\rogii-wellbore-geology\data\raw\train\84815d5a__typewell.csv,True,True
84c3b497,C:\Dev\Rogii Wellbore Geology\rogii-wellbore-geology\data\raw\train\84c3b497__horizontal_well.csv,C:\Dev\Rogii Wellbore Geology\rogii-wellbore-geology\data\raw\train\84c3b497__typewell.csv,True,True
85380836,C:\Dev\Rogii Wellbore Geology\rogii-wellbore-geology\data\raw\train\85380836__horizontal_well.csv,C:\Dev\Rogii Wellbore Geology\rogii-wellbore-geology\data\raw\train\85380836__typewell.csv,True,True
8612b37f,C:\Dev\Rogii Wellbore Geology\rogii-wellbore-geology\data\raw\train\8612b37f__horizontal_well.csv,C:\Dev\Rogii Wellbore Geology\rogii-wellbore-geology\data\raw\train\8612b37f__typewell.csv,True,True
861e71df,C:\Dev\Rogii Wellbore Geology\rogii-wellbore-geology\data\raw\train\861e71df__horizontal_well.csv,C:\Dev\Rogii Wellbore Geology\rogii-wellbore-geology\data\raw\train\861e71df__typewell.csv,True,True
86454a6f,C:\Dev\Rogii Wellbore Geology\rogii-wellbore-geology\data\raw\train\86454a6f__horizontal_well.csv,C:\Dev\Rogii Wellbore Geology\rogii-wellbore-geology\data\raw\train\86454a6f__typewell.csv,True,True
8648abae,C:\Dev\Rogii Wellbore Geology\rogii-wellbore-geology\data\raw\train\8648abae__horizontal_well.csv,C:\Dev\Rogii Wellbore Geology\rogii-wellbore-geology\data\raw\train\8648abae__typewell.csv,True,True
865033f8,C:\Dev\Rogii Wellbore Geology\rogii-wellbore-geology\data\raw\train\865033f8__horizontal_well.csv,C:\Dev\Rogii Wellbore Geology\rogii-wellbore-geology\data\raw\train\865033f8__typewell.csv,True,True
87695469,C:\Dev\Rogii Wellbore Geology\rogii-wellbore-geology\data\raw\train\87695469__horizontal_well.csv,C:\Dev\Rogii Wellbore Geology\rogii-wellbore-geology\data\raw\train\87695469__typewell.csv,True,True
877ed19c,C:\Dev\Rogii Wellbore Geology\rogii-wellbore-geology\data\raw\train\877ed19c__horizontal_well.csv,C:\Dev\Rogii Wellbore Geology\rogii-wellbore-geology\data\raw\train\877ed19c__typewell.csv,True,True
87aa3730,C:\Dev\Rogii Wellbore Geology\rogii-wellbore-geology\data\raw\train\87aa3730__horizontal_well.csv,C:\Dev\Rogii Wellbore Geology\rogii-wellbore-geology\data\raw\train\87aa3730__typewell.csv,True,True
884ecb5f,C:\Dev\Rogii Wellbore Geology\rogii-wellbore-geology\data\raw\train\884ecb5f__horizontal_well.csv,C:\Dev\Rogii Wellbore Geology\rogii-wellbore-geology\data\raw\train\884ecb5f__typewell.csv,True,True
8902c3f6,C:\Dev\Rogii Wellbore Geology\rogii-wellbore-geology\data\raw\train\8902c3f6__horizontal_well.csv,C:\Dev\Rogii Wellbore Geology\rogii-wellbore-geology\data\raw\train\8902c3f6__typewell.csv,True,True
896d15b9,C:\Dev\Rogii Wellbore Geology\rogii-wellbore-geology\data\raw\train\896d15b9__horizontal_well.csv,C:\Dev\Rogii Wellbore Geology\rogii-wellbore-geology\data\raw\train\896d15b9__typewell.csv,True,True
8995c945,C:\Dev\Rogii Wellbore Geology\rogii-wellbore-geology\data\raw\train\8995c945__horizontal_well.csv,C:\Dev\Rogii Wellbore Geology\rogii-wellbore-geology\data\raw\train\8995c945__typewell.csv,True,True
89969c7a,C:\Dev\Rogii Wellbore Geology\rogii-wellbore-geology\data\raw\train\89969c7a__horizontal_well.csv,C:\Dev\Rogii Wellbore Geology\rogii-wellbore-geology\data\raw\train\89969c7a__typewell.csv,True,True
89f1085d,C:\Dev\Rogii Wellbore Geology\rogii-wellbore-geology\data\raw\train\89f1085d__horizontal_well.csv,C:\Dev\Rogii Wellbore Geology\rogii-wellbore-geology\data\raw\train\89f1085d__typewell.csv,True,True
89f36adf,C:\Dev\Rogii Wellbore Geology\rogii-wellbore-geology\data\raw\train\89f36adf__horizontal_well.csv,C:\Dev\Rogii Wellbore Geology\rogii-wellbore-geology\data\raw\train\89f36adf__typewell.csv,True,True
89fdb2f2,C:\Dev\Rogii Wellbore Geology\rogii-wellbore-geology\data\raw\train\89fdb2f2__horizontal_well.csv,C:\Dev\Rogii Wellbore Geology\rogii-wellbore-geology\data\raw\train\89fdb2f2__typewell.csv,True,True
8a3da6d1,C:\Dev\Rogii Wellbore Geology\rogii-wellbore-geology\data\raw\train\8a3da6d1__horizontal_well.csv,C:\Dev\Rogii Wellbore Geology\rogii-wellbore-geology\data\raw\train\8a3da6d1__typewell.csv,True,True
8a89da23,C:\Dev\Rogii Wellbore Geology\rogii-wellbore-geology\data\raw\train\8a89da23__horizontal_well.csv,C:\Dev\Rogii Wellbore Geology\rogii-wellbore-geology\data\raw\train\8a89da23__typewell.csv,True,True
8a9c8932,C:\Dev\Rogii Wellbore Geology\rogii-wellbore-geology\data\raw\train\8a9c8932__horizontal_well.csv,C:\Dev\Rogii Wellbore Geology\rogii-wellbore-geology\data\raw\train\8a9c8932__typewell.csv,True,True
8ac2f237,C:\Dev\Rogii Wellbore Geology\rogii-wellbore-geology\data\raw\train\8ac2f237__horizontal_well.csv,C:\Dev\Rogii Wellbore Geology\rogii-wellbore-geology\data\raw\train\8ac2f237__typewell.csv,True,True
8b12bab6,C:\Dev\Rogii Wellbore Geology\rogii-wellbore-geology\data\raw\train\8b12bab6__horizontal_well.csv,C:\Dev\Rogii Wellbore Geology\rogii-wellbore-geology\data\raw\train\8b12bab6__typewell.csv,True,True
8b5be31b,C:\Dev\Rogii Wellbore Geology\rogii-wellbore-geology\data\raw\train\8b5be31b__horizontal_well.csv,C:\Dev\Rogii Wellbore Geology\rogii-wellbore-geology\data\raw\train\8b5be31b__typewell.csv,True,True
8b95d6d1,C:\Dev\Rogii Wellbore Geology\rogii-wellbore-geology\data\raw\train\8b95d6d1__horizontal_well.csv,C:\Dev\Rogii Wellbore Geology\rogii-wellbore-geology\data\raw\train\8b95d6d1__typewell.csv,True,True
8b9d8326,C:\Dev\Rogii Wellbore Geology\rogii-wellbore-geology\data\raw\train\8b9d8326__horizontal_well.csv,C:\Dev\Rogii Wellbore Geology\rogii-wellbore-geology\data\raw\train\8b9d8326__typewell.csv,True,True
8bb9c1e6,C:\Dev\Rogii Wellbore Geology\rogii-wellbore-geology\data\raw\train\8bb9c1e6__horizontal_well.csv,C:\Dev\Rogii Wellbore Geology\rogii-wellbore-geology\data\raw\train\8bb9c1e6__typewell.csv,True,True
8bda1a11,C:\Dev\Rogii Wellbore Geology\rogii-wellbore-geology\data\raw\train\8bda1a11__horizontal_well.csv,C:\Dev\Rogii Wellbore Geology\rogii-wellbore-geology\data\raw\train\8bda1a11__typewell.csv,True,True
8bfa881d,C:\Dev\Rogii Wellbore Geology\rogii-wellbore-geology\data\raw\train\8bfa881d__horizontal_well.csv,C:\Dev\Rogii Wellbore Geology\rogii-wellbore-geology\data\raw\train\8bfa881d__typewell.csv,True,True
8c167025,C:\Dev\Rogii Wellbore Geology\rogii-wellbore-geology\data\raw\train\8c167025__horizontal_well.csv,C:\Dev\Rogii Wellbore Geology\rogii-wellbore-geology\data\raw\train\8c167025__typewell.csv,True,True
8c8348e8,C:\Dev\Rogii Wellbore Geology\rogii-wellbore-geology\data\raw\train\8c8348e8__horizontal_well.csv,C:\Dev\Rogii Wellbore Geology\rogii-wellbore-geology\data\raw\train\8c8348e8__typewell.csv,True,True
8cc21f01,C:\Dev\Rogii Wellbore Geology\rogii-wellbore-geology\data\raw\train\8cc21f01__horizontal_well.csv,C:\Dev\Rogii Wellbore Geology\rogii-wellbore-geology\data\raw\train\8cc21f01__typewell.csv,True,True
8cc800b3,C:\Dev\Rogii Wellbore Geology\rogii-wellbore-geology\data\raw\train\8cc800b3__horizontal_well.csv,C:\Dev\Rogii Wellbore Geology\rogii-wellbore-geology\data\raw\train\8cc800b3__typewell.csv,True,True
8d5d46d7,C:\Dev\Rogii Wellbore Geology\rogii-wellbore-geology\data\raw\train\8d5d46d7__horizontal_well.csv,C:\Dev\Rogii Wellbore Geology\rogii-wellbore-geology\data\raw\train\8d5d46d7__typewell.csv,True,True
8d92cb49,C:\Dev\Rogii Wellbore Geology\rogii-wellbore-geology\data\raw\train\8d92cb49__horizontal_well.csv,C:\Dev\Rogii Wellbore Geology\rogii-wellbore-geology\data\raw\train\8d92cb49__typewell.csv,True,True
8f201368,C:\Dev\Rogii Wellbore Geology\rogii-wellbore-geology\data\raw\train\8f201368__horizontal_well.csv,C:\Dev\Rogii Wellbore Geology\rogii-wellbore-geology\data\raw\train\8f201368__typewell.csv,True,True
90386ee4,C:\Dev\Rogii Wellbore Geology\rogii-wellbore-geology\data\raw\train\90386ee4__horizontal_well.csv,C:\Dev\Rogii Wellbore Geology\rogii-wellbore-geology\data\raw\train\90386ee4__typewell.csv,True,True
91abc4c7,C:\Dev\Rogii Wellbore Geology\rogii-wellbore-geology\data\raw\train\91abc4c7__horizontal_well.csv,C:\Dev\Rogii Wellbore Geology\rogii-wellbore-geology\data\raw\train\91abc4c7__typewell.csv,True,True
91b301ce,C:\Dev\Rogii Wellbore Geology\rogii-wellbore-geology\data\raw\train\91b301ce__horizontal_well.csv,C:\Dev\Rogii Wellbore Geology\rogii-wellbore-geology\data\raw\train\91b301ce__typewell.csv,True,True
91db7070,C:\Dev\Rogii Wellbore Geology\rogii-wellbore-geology\data\raw\train\91db7070__horizontal_well.csv,C:\Dev\Rogii Wellbore Geology\rogii-wellbore-geology\data\raw\train\91db7070__typewell.csv,True,True
925a7cd1,C:\Dev\Rogii Wellbore Geology\rogii-wellbore-geology\data\raw\train\925a7cd1__horizontal_well.csv,C:\Dev\Rogii Wellbore Geology\rogii-wellbore-geology\data\raw\train\925a7cd1__typewell.csv,True,True
9283ae69,C:\Dev\Rogii Wellbore Geology\rogii-wellbore-geology\data\raw\train\9283ae69__horizontal_well.csv,C:\Dev\Rogii Wellbore Geology\rogii-wellbore-geology\data\raw\train\9283ae69__typewell.csv,True,True
9298ad5b,C:\Dev\Rogii Wellbore Geology\rogii-wellbore-geology\data\raw\train\9298ad5b__horizontal_well.csv,C:\Dev\Rogii Wellbore Geology\rogii-wellbore-geology\data\raw\train\9298ad5b__typewell.csv,True,True
9314ff13,C:\Dev\Rogii Wellbore Geology\rogii-wellbore-geology\data\raw\train\9314ff13__horizontal_well.csv,C:\Dev\Rogii Wellbore Geology\rogii-wellbore-geology\data\raw\train\9314ff13__typewell.csv,True,True
93209a3d,C:\Dev\Rogii Wellbore Geology\rogii-wellbore-geology\data\raw\train\93209a3d__horizontal_well.csv,C:\Dev\Rogii Wellbore Geology\rogii-wellbore-geology\data\raw\train\93209a3d__typewell.csv,True,True
939d9c34,C:\Dev\Rogii Wellbore Geology\rogii-wellbore-geology\data\raw\train\939d9c34__horizontal_well.csv,C:\Dev\Rogii Wellbore Geology\rogii-wellbore-geology\data\raw\train\939d9c34__typewell.csv,True,True
93f5d2e6,C:\Dev\Rogii Wellbore Geology\rogii-wellbore-geology\data\raw\train\93f5d2e6__horizontal_well.csv,C:\Dev\Rogii Wellbore Geology\rogii-wellbore-geology\data\raw\train\93f5d2e6__typewell.csv,True,True
940a48d9,C:\Dev\Rogii Wellbore Geology\rogii-wellbore-geology\data\raw\train\940a48d9__horizontal_well.csv,C:\Dev\Rogii Wellbore Geology\rogii-wellbore-geology\data\raw\train\940a48d9__typewell.csv,True,True
940e709a,C:\Dev\Rogii Wellbore Geology\rogii-wellbore-geology\data\raw\train\940e709a__horizontal_well.csv,C:\Dev\Rogii Wellbore Geology\rogii-wellbore-geology\data\raw\train\940e709a__typewell.csv,True,True
9426ec1e,C:\Dev\Rogii Wellbore Geology\rogii-wellbore-geology\data\raw\train\9426ec1e__horizontal_well.csv,C:\Dev\Rogii Wellbore Geology\rogii-wellbore-geology\data\raw\train\9426ec1e__typewell.csv,True,True
94467f50,C:\Dev\Rogii Wellbore Geology\rogii-wellbore-geology\data\raw\train\94467f50__horizontal_well.csv,C:\Dev\Rogii Wellbore Geology\rogii-wellbore-geology\data\raw\train\94467f50__typewell.csv,True,True
944f36b9,C:\Dev\Rogii Wellbore Geology\rogii-wellbore-geology\data\raw\train\944f36b9__horizontal_well.csv,C:\Dev\Rogii Wellbore Geology\rogii-wellbore-geology\data\raw\train\944f36b9__typewell.csv,True,True
94d813a4,C:\Dev\Rogii Wellbore Geology\rogii-wellbore-geology\data\raw\train\94d813a4__horizontal_well.csv,C:\Dev\Rogii Wellbore Geology\rogii-wellbore-geology\data\raw\train\94d813a4__typewell.csv,True,True
95b559e7,C:\Dev\Rogii Wellbore Geology\rogii-wellbore-geology\data\raw\train\95b559e7__horizontal_well.csv,C:\Dev\Rogii Wellbore Geology\rogii-wellbore-geology\data\raw\train\95b559e7__typewell.csv,True,True
95c8427f,C:\Dev\Rogii Wellbore Geology\rogii-wellbore-geology\data\raw\train\95c8427f__horizontal_well.csv,C:\Dev\Rogii Wellbore Geology\rogii-wellbore-geology\data\raw\train\95c8427f__typewell.csv,True,True
96936c22,C:\Dev\Rogii Wellbore Geology\rogii-wellbore-geology\data\raw\train\96936c22__horizontal_well.csv,C:\Dev\Rogii Wellbore Geology\rogii-wellbore-geology\data\raw\train\96936c22__typewell.csv,True,True
96ae5806,C:\Dev\Rogii Wellbore Geology\rogii-wellbore-geology\data\raw\train\96ae5806__horizontal_well.csv,C:\Dev\Rogii Wellbore Geology\rogii-wellbore-geology\data\raw\train\96ae5806__typewell.csv,True,True
96b7eea1,C:\Dev\Rogii Wellbore Geology\rogii-wellbore-geology\data\raw\train\96b7eea1__horizontal_well.csv,C:\Dev\Rogii Wellbore Geology\rogii-wellbore-geology\data\raw\train\96b7eea1__typewell.csv,True,True
9719aa04,C:\Dev\Rogii Wellbore Geology\rogii-wellbore-geology\data\raw\train\9719aa04__horizontal_well.csv,C:\Dev\Rogii Wellbore Geology\rogii-wellbore-geology\data\raw\train\9719aa04__typewell.csv,True,True
974802e7,C:\Dev\Rogii Wellbore Geology\rogii-wellbore-geology\data\raw\train\974802e7__horizontal_well.csv,C:\Dev\Rogii Wellbore Geology\rogii-wellbore-geology\data\raw\train\974802e7__typewell.csv,True,True
97cd5bf9,C:\Dev\Rogii Wellbore Geology\rogii-wellbore-geology\data\raw\train\97cd5bf9__horizontal_well.csv,C:\Dev\Rogii Wellbore Geology\rogii-wellbore-geology\data\raw\train\97cd5bf9__typewell.csv,True,True
98177ced,C:\Dev\Rogii Wellbore Geology\rogii-wellbore-geology\data\raw\train\98177ced__horizontal_well.csv,C:\Dev\Rogii Wellbore Geology\rogii-wellbore-geology\data\raw\train\98177ced__typewell.csv,True,True
9896fc0b,C:\Dev\Rogii Wellbore Geology\rogii-wellbore-geology\data\raw\train\9896fc0b__horizontal_well.csv,C:\Dev\Rogii Wellbore Geology\rogii-wellbore-geology\data\raw\train\9896fc0b__typewell.csv,True,True
98bc6f66,C:\Dev\Rogii Wellbore Geology\rogii-wellbore-geology\data\raw\train\98bc6f66__horizontal_well.csv,C:\Dev\Rogii Wellbore Geology\rogii-wellbore-geology\data\raw\train\98bc6f66__typewell.csv,True,True
992c99e8,C:\Dev\Rogii Wellbore Geology\rogii-wellbore-geology\data\raw\train\992c99e8__horizontal_well.csv,C:\Dev\Rogii Wellbore Geology\rogii-wellbore-geology\data\raw\train\992c99e8__typewell.csv,True,True
992ce078,C:\Dev\Rogii Wellbore Geology\rogii-wellbore-geology\data\raw\train\992ce078__horizontal_well.csv,C:\Dev\Rogii Wellbore Geology\rogii-wellbore-geology\data\raw\train\992ce078__typewell.csv,True,True
99529c45,C:\Dev\Rogii Wellbore Geology\rogii-wellbore-geology\data\raw\train\99529c45__horizontal_well.csv,C:\Dev\Rogii Wellbore Geology\rogii-wellbore-geology\data\raw\train\99529c45__typewell.csv,True,True
995ff498,C:\Dev\Rogii Wellbore Geology\rogii-wellbore-geology\data\raw\train\995ff498__horizontal_well.csv,C:\Dev\Rogii Wellbore Geology\rogii-wellbore-geology\data\raw\train\995ff498__typewell.csv,True,True
999daf80,C:\Dev\Rogii Wellbore Geology\rogii-wellbore-geology\data\raw\train\999daf80__horizontal_well.csv,C:\Dev\Rogii Wellbore Geology\rogii-wellbore-geology\data\raw\train\999daf80__typewell.csv,True,True
9a6b0392,C:\Dev\Rogii Wellbore Geology\rogii-wellbore-geology\data\raw\train\9a6b0392__horizontal_well.csv,C:\Dev\Rogii Wellbore Geology\rogii-wellbore-geology\data\raw\train\9a6b0392__typewell.csv,True,True
9a8ae0d6,C:\Dev\Rogii Wellbore Geology\rogii-wellbore-geology\data\raw\train\9a8ae0d6__horizontal_well.csv,C:\Dev\Rogii Wellbore Geology\rogii-wellbore-geology\data\raw\train\9a8ae0d6__typewell.csv,True,True
9a95e33f,C:\Dev\Rogii Wellbore Geology\rogii-wellbore-geology\data\raw\train\9a95e33f__horizontal_well.csv,C:\Dev\Rogii Wellbore Geology\rogii-wellbore-geology\data\raw\train\9a95e33f__typewell.csv,True,True
9ab94eeb,C:\Dev\Rogii Wellbore Geology\rogii-wellbore-geology\data\raw\train\9ab94eeb__horizontal_well.csv,C:\Dev\Rogii Wellbore Geology\rogii-wellbore-geology\data\raw\train\9ab94eeb__typewell.csv,True,True
9ad5410a,C:\Dev\Rogii Wellbore Geology\rogii-wellbore-geology\data\raw\train\9ad5410a__horizontal_well.csv,C:\Dev\Rogii Wellbore Geology\rogii-wellbore-geology\data\raw\train\9ad5410a__typewell.csv,True,True
9ae248be,C:\Dev\Rogii Wellbore Geology\rogii-wellbore-geology\data\raw\train\9ae248be__horizontal_well.csv,C:\Dev\Rogii Wellbore Geology\rogii-wellbore-geology\data\raw\train\9ae248be__typewell.csv,True,True
9af1ffd0,C:\Dev\Rogii Wellbore Geology\rogii-wellbore-geology\data\raw\train\9af1ffd0__horizontal_well.csv,C:\Dev\Rogii Wellbore Geology\rogii-wellbore-geology\data\raw\train\9af1ffd0__typewell.csv,True,True
9b5b61c1,C:\Dev\Rogii Wellbore Geology\rogii-wellbore-geology\data\raw\train\9b5b61c1__horizontal_well.csv,C:\Dev\Rogii Wellbore Geology\rogii-wellbore-geology\data\raw\train\9b5b61c1__typewell.csv,True,True
9b9e3b49,C:\Dev\Rogii Wellbore Geology\rogii-wellbore-geology\data\raw\train\9b9e3b49__horizontal_well.csv,C:\Dev\Rogii Wellbore Geology\rogii-wellbore-geology\data\raw\train\9b9e3b49__typewell.csv,True,True
9bd2bba3,C:\Dev\Rogii Wellbore Geology\rogii-wellbore-geology\data\raw\train\9bd2bba3__horizontal_well.csv,C:\Dev\Rogii Wellbore Geology\rogii-wellbore-geology\data\raw\train\9bd2bba3__typewell.csv,True,True
9c211c53,C:\Dev\Rogii Wellbore Geology\rogii-wellbore-geology\data\raw\train\9c211c53__horizontal_well.csv,C:\Dev\Rogii Wellbore Geology\rogii-wellbore-geology\data\raw\train\9c211c53__typewell.csv,True,True
9c350a6a,C:\Dev\Rogii Wellbore Geology\rogii-wellbore-geology\data\raw\train\9c350a6a__horizontal_well.csv,C:\Dev\Rogii Wellbore Geology\rogii-wellbore-geology\data\raw\train\9c350a6a__typewell.csv,True,True
9c8375f7,C:\Dev\Rogii Wellbore Geology\rogii-wellbore-geology\data\raw\train\9c8375f7__horizontal_well.csv,C:\Dev\Rogii Wellbore Geology\rogii-wellbore-geology\data\raw\train\9c8375f7__typewell.csv,True,True
9d072e4c,C:\Dev\Rogii Wellbore Geology\rogii-wellbore-geology\data\raw\train\9d072e4c__horizontal_well.csv,C:\Dev\Rogii Wellbore Geology\rogii-wellbore-geology\data\raw\train\9d072e4c__typewell.csv,True,True
9d3ec64c,C:\Dev\Rogii Wellbore Geology\rogii-wellbore-geology\data\raw\train\9d3ec64c__horizontal_well.csv,C:\Dev\Rogii Wellbore Geology\rogii-wellbore-geology\data\raw\train\9d3ec64c__typewell.csv,True,True
9d4272e3,C:\Dev\Rogii Wellbore Geology\rogii-wellbore-geology\data\raw\train\9d4272e3__horizontal_well.csv,C:\Dev\Rogii Wellbore Geology\rogii-wellbore-geology\data\raw\train\9d4272e3__typewell.csv,True,True
9d5e14d4,C:\Dev\Rogii Wellbore Geology\rogii-wellbore-geology\data\raw\train\9d5e14d4__horizontal_well.csv,C:\Dev\Rogii Wellbore Geology\rogii-wellbore-geology\data\raw\train\9d5e14d4__typewell.csv,True,True
9da441ba,C:\Dev\Rogii Wellbore Geology\rogii-wellbore-geology\data\raw\train\9da441ba__horizontal_well.csv,C:\Dev\Rogii Wellbore Geology\rogii-wellbore-geology\data\raw\train\9da441ba__typewell.csv,True,True
9dede370,C:\Dev\Rogii Wellbore Geology\rogii-wellbore-geology\data\raw\train\9dede370__horizontal_well.csv,C:\Dev\Rogii Wellbore Geology\rogii-wellbore-geology\data\raw\train\9dede370__typewell.csv,True,True
9def2eb2,C:\Dev\Rogii Wellbore Geology\rogii-wellbore-geology\data\raw\train\9def2eb2__horizontal_well.csv,C:\Dev\Rogii Wellbore Geology\rogii-wellbore-geology\data\raw\train\9def2eb2__typewell.csv,True,True
9df1b1f9,C:\Dev\Rogii Wellbore Geology\rogii-wellbore-geology\data\raw\train\9df1b1f9__horizontal_well.csv,C:\Dev\Rogii Wellbore Geology\rogii-wellbore-geology\data\raw\train\9df1b1f9__typewell.csv,True,True
9dfff011,C:\Dev\Rogii Wellbore Geology\rogii-wellbore-geology\data\raw\train\9dfff011__horizontal_well.csv,C:\Dev\Rogii Wellbore Geology\rogii-wellbore-geology\data\raw\train\9dfff011__typewell.csv,True,True
9e3e364d,C:\Dev\Rogii Wellbore Geology\rogii-wellbore-geology\data\raw\train\9e3e364d__horizontal_well.csv,C:\Dev\Rogii Wellbore Geology\rogii-wellbore-geology\data\raw\train\9e3e364d__typewell.csv,True,True
9efc812e,C:\Dev\Rogii Wellbore Geology\rogii-wellbore-geology\data\raw\train\9efc812e__horizontal_well.csv,C:\Dev\Rogii Wellbore Geology\rogii-wellbore-geology\data\raw\train\9efc812e__typewell.csv,True,True
9f0c7bae,C:\Dev\Rogii Wellbore Geology\rogii-wellbore-geology\data\raw\train\9f0c7bae__horizontal_well.csv,C:\Dev\Rogii Wellbore Geology\rogii-wellbore-geology\data\raw\train\9f0c7bae__typewell.csv,True,True
9ffce529,C:\Dev\Rogii Wellbore Geology\rogii-wellbore-geology\data\raw\train\9ffce529__horizontal_well.csv,C:\Dev\Rogii Wellbore Geology\rogii-wellbore-geology\data\raw\train\9ffce529__typewell.csv,True,True
a0383629,C:\Dev\Rogii Wellbore Geology\rogii-wellbore-geology\data\raw\train\a0383629__horizontal_well.csv,C:\Dev\Rogii Wellbore Geology\rogii-wellbore-geology\data\raw\train\a0383629__typewell.csv,True,True
a056d01e,C:\Dev\Rogii Wellbore Geology\rogii-wellbore-geology\data\raw\train\a056d01e__horizontal_well.csv,C:\Dev\Rogii Wellbore Geology\rogii-wellbore-geology\data\raw\train\a056d01e__typewell.csv,True,True
a08d9e63,C:\Dev\Rogii Wellbore Geology\rogii-wellbore-geology\data\raw\train\a08d9e63__horizontal_well.csv,C:\Dev\Rogii Wellbore Geology\rogii-wellbore-geology\data\raw\train\a08d9e63__typewell.csv,True,True
a0b83014,C:\Dev\Rogii Wellbore Geology\rogii-wellbore-geology\data\raw\train\a0b83014__horizontal_well.csv,C:\Dev\Rogii Wellbore Geology\rogii-wellbore-geology\data\raw\train\a0b83014__typewell.csv,True,True
a0e92ed6,C:\Dev\Rogii Wellbore Geology\rogii-wellbore-geology\data\raw\train\a0e92ed6__horizontal_well.csv,C:\Dev\Rogii Wellbore Geology\rogii-wellbore-geology\data\raw\train\a0e92ed6__typewell.csv,True,True
a15bc102,C:\Dev\Rogii Wellbore Geology\rogii-wellbore-geology\data\raw\train\a15bc102__horizontal_well.csv,C:\Dev\Rogii Wellbore Geology\rogii-wellbore-geology\data\raw\train\a15bc102__typewell.csv,True,True
a247e7cf,C:\Dev\Rogii Wellbore Geology\rogii-wellbore-geology\data\raw\train\a247e7cf__horizontal_well.csv,C:\Dev\Rogii Wellbore Geology\rogii-wellbore-geology\data\raw\train\a247e7cf__typewell.csv,True,True
a2e8e7f6,C:\Dev\Rogii Wellbore Geology\rogii-wellbore-geology\data\raw\train\a2e8e7f6__horizontal_well.csv,C:\Dev\Rogii Wellbore Geology\rogii-wellbore-geology\data\raw\train\a2e8e7f6__typewell.csv,True,True
a3518960,C:\Dev\Rogii Wellbore Geology\rogii-wellbore-geology\data\raw\train\a3518960__horizontal_well.csv,C:\Dev\Rogii Wellbore Geology\rogii-wellbore-geology\data\raw\train\a3518960__typewell.csv,True,True
a3f71395,C:\Dev\Rogii Wellbore Geology\rogii-wellbore-geology\data\raw\train\a3f71395__horizontal_well.csv,C:\Dev\Rogii Wellbore Geology\rogii-wellbore-geology\data\raw\train\a3f71395__typewell.csv,True,True
a4719920,C:\Dev\Rogii Wellbore Geology\rogii-wellbore-geology\data\raw\train\a4719920__horizontal_well.csv,C:\Dev\Rogii Wellbore Geology\rogii-wellbore-geology\data\raw\train\a4719920__typewell.csv,True,True
a48640d9,C:\Dev\Rogii Wellbore Geology\rogii-wellbore-geology\data\raw\train\a48640d9__horizontal_well.csv,C:\Dev\Rogii Wellbore Geology\rogii-wellbore-geology\data\raw\train\a48640d9__typewell.csv,True,True
a4cdbb0f,C:\Dev\Rogii Wellbore Geology\rogii-wellbore-geology\data\raw\train\a4cdbb0f__horizontal_well.csv,C:\Dev\Rogii Wellbore Geology\rogii-wellbore-geology\data\raw\train\a4cdbb0f__typewell.csv,True,True
a4f989c2,C:\Dev\Rogii Wellbore Geology\rogii-wellbore-geology\data\raw\train\a4f989c2__horizontal_well.csv,C:\Dev\Rogii Wellbore Geology\rogii-wellbore-geology\data\raw\train\a4f989c2__typewell.csv,True,True
a5aa7973,C:\Dev\Rogii Wellbore Geology\rogii-wellbore-geology\data\raw\train\a5aa7973__horizontal_well.csv,C:\Dev\Rogii Wellbore Geology\rogii-wellbore-geology\data\raw\train\a5aa7973__typewell.csv,True,True
a5e6f7dc,C:\Dev\Rogii Wellbore Geology\rogii-wellbore-geology\data\raw\train\a5e6f7dc__horizontal_well.csv,C:\Dev\Rogii Wellbore Geology\rogii-wellbore-geology\data\raw\train\a5e6f7dc__typewell.csv,True,True
a612d5a0,C:\Dev\Rogii Wellbore Geology\rogii-wellbore-geology\data\raw\train\a612d5a0__horizontal_well.csv,C:\Dev\Rogii Wellbore Geology\rogii-wellbore-geology\data\raw\train\a612d5a0__typewell.csv,True,True
a622ce4d,C:\Dev\Rogii Wellbore Geology\rogii-wellbore-geology\data\raw\train\a622ce4d__horizontal_well.csv,C:\Dev\Rogii Wellbore Geology\rogii-wellbore-geology\data\raw\train\a622ce4d__typewell.csv,True,True
a645da9a,C:\Dev\Rogii Wellbore Geology\rogii-wellbore-geology\data\raw\train\a645da9a__horizontal_well.csv,C:\Dev\Rogii Wellbore Geology\rogii-wellbore-geology\data\raw\train\a645da9a__typewell.csv,True,True
a692b17e,C:\Dev\Rogii Wellbore Geology\rogii-wellbore-geology\data\raw\train\a692b17e__horizontal_well.csv,C:\Dev\Rogii Wellbore Geology\rogii-wellbore-geology\data\raw\train\a692b17e__typewell.csv,True,True
a6b8ac67,C:\Dev\Rogii Wellbore Geology\rogii-wellbore-geology\data\raw\train\a6b8ac67__horizontal_well.csv,C:\Dev\Rogii Wellbore Geology\rogii-wellbore-geology\data\raw\train\a6b8ac67__typewell.csv,True,True
a6ed2eff,C:\Dev\Rogii Wellbore Geology\rogii-wellbore-geology\data\raw\train\a6ed2eff__horizontal_well.csv,C:\Dev\Rogii Wellbore Geology\rogii-wellbore-geology\data\raw\train\a6ed2eff__typewell.csv,True,True
a6f967fb,C:\Dev\Rogii Wellbore Geology\rogii-wellbore-geology\data\raw\train\a6f967fb__horizontal_well.csv,C:\Dev\Rogii Wellbore Geology\rogii-wellbore-geology\data\raw\train\a6f967fb__typewell.csv,True,True
a76db406,C:\Dev\Rogii Wellbore Geology\rogii-wellbore-geology\data\raw\train\a76db406__horizontal_well.csv,C:\Dev\Rogii Wellbore Geology\rogii-wellbore-geology\data\raw\train\a76db406__typewell.csv,True,True
a7744f5b,C:\Dev\Rogii Wellbore Geology\rogii-wellbore-geology\data\raw\train\a7744f5b__horizontal_well.csv,C:\Dev\Rogii Wellbore Geology\rogii-wellbore-geology\data\raw\train\a7744f5b__typewell.csv,True,True
a783cc24,C:\Dev\Rogii Wellbore Geology\rogii-wellbore-geology\data\raw\train\a783cc24__horizontal_well.csv,C:\Dev\Rogii Wellbore Geology\rogii-wellbore-geology\data\raw\train\a783cc24__typewell.csv,True,True
a79fd2e7,C:\Dev\Rogii Wellbore Geology\rogii-wellbore-geology\data\raw\train\a79fd2e7__horizontal_well.csv,C:\Dev\Rogii Wellbore Geology\rogii-wellbore-geology\data\raw\train\a79fd2e7__typewell.csv,True,True
a7fc3e6b,C:\Dev\Rogii Wellbore Geology\rogii-wellbore-geology\data\raw\train\a7fc3e6b__horizontal_well.csv,C:\Dev\Rogii Wellbore Geology\rogii-wellbore-geology\data\raw\train\a7fc3e6b__typewell.csv,True,True
a85bb86f,C:\Dev\Rogii Wellbore Geology\rogii-wellbore-geology\data\raw\train\a85bb86f__horizontal_well.csv,C:\Dev\Rogii Wellbore Geology\rogii-wellbore-geology\data\raw\train\a85bb86f__typewell.csv,True,True
a85e4bc3,C:\Dev\Rogii Wellbore Geology\rogii-wellbore-geology\data\raw\train\a85e4bc3__horizontal_well.csv,C:\Dev\Rogii Wellbore Geology\rogii-wellbore-geology\data\raw\train\a85e4bc3__typewell.csv,True,True
a87433c9,C:\Dev\Rogii Wellbore Geology\rogii-wellbore-geology\data\raw\train\a87433c9__horizontal_well.csv,C:\Dev\Rogii Wellbore Geology\rogii-wellbore-geology\data\raw\train\a87433c9__typewell.csv,True,True
a8ed028a,C:\Dev\Rogii Wellbore Geology\rogii-wellbore-geology\data\raw\train\a8ed028a__horizontal_well.csv,C:\Dev\Rogii Wellbore Geology\rogii-wellbore-geology\data\raw\train\a8ed028a__typewell.csv,True,True
a959858c,C:\Dev\Rogii Wellbore Geology\rogii-wellbore-geology\data\raw\train\a959858c__horizontal_well.csv,C:\Dev\Rogii Wellbore Geology\rogii-wellbore-geology\data\raw\train\a959858c__typewell.csv,True,True
a9c9b150,C:\Dev\Rogii Wellbore Geology\rogii-wellbore-geology\data\raw\train\a9c9b150__horizontal_well.csv,C:\Dev\Rogii Wellbore Geology\rogii-wellbore-geology\data\raw\train\a9c9b150__typewell.csv,True,True
aa95015b,C:\Dev\Rogii Wellbore Geology\rogii-wellbore-geology\data\raw\train\aa95015b__horizontal_well.csv,C:\Dev\Rogii Wellbore Geology\rogii-wellbore-geology\data\raw\train\aa95015b__typewell.csv,True,True
aaaf3c03,C:\Dev\Rogii Wellbore Geology\rogii-wellbore-geology\data\raw\train\aaaf3c03__horizontal_well.csv,C:\Dev\Rogii Wellbore Geology\rogii-wellbore-geology\data\raw\train\aaaf3c03__typewell.csv,True,True
aaeffccb,C:\Dev\Rogii Wellbore Geology\rogii-wellbore-geology\data\raw\train\aaeffccb__horizontal_well.csv,C:\Dev\Rogii Wellbore Geology\rogii-wellbore-geology\data\raw\train\aaeffccb__typewell.csv,True,True
ab112491,C:\Dev\Rogii Wellbore Geology\rogii-wellbore-geology\data\raw\train\ab112491__horizontal_well.csv,C:\Dev\Rogii Wellbore Geology\rogii-wellbore-geology\data\raw\train\ab112491__typewell.csv,True,True
ab18d3fc,C:\Dev\Rogii Wellbore Geology\rogii-wellbore-geology\data\raw\train\ab18d3fc__horizontal_well.csv,C:\Dev\Rogii Wellbore Geology\rogii-wellbore-geology\data\raw\train\ab18d3fc__typewell.csv,True,True
ab3ced07,C:\Dev\Rogii Wellbore Geology\rogii-wellbore-geology\data\raw\train\ab3ced07__horizontal_well.csv,C:\Dev\Rogii Wellbore Geology\rogii-wellbore-geology\data\raw\train\ab3ced07__typewell.csv,True,True
ab6fe95d,C:\Dev\Rogii Wellbore Geology\rogii-wellbore-geology\data\raw\train\ab6fe95d__horizontal_well.csv,C:\Dev\Rogii Wellbore Geology\rogii-wellbore-geology\data\raw\train\ab6fe95d__typewell.csv,True,True
ab94878e,C:\Dev\Rogii Wellbore Geology\rogii-wellbore-geology\data\raw\train\ab94878e__horizontal_well.csv,C:\Dev\Rogii Wellbore Geology\rogii-wellbore-geology\data\raw\train\ab94878e__typewell.csv,True,True
abf460d2,C:\Dev\Rogii Wellbore Geology\rogii-wellbore-geology\data\raw\train\abf460d2__horizontal_well.csv,C:\Dev\Rogii Wellbore Geology\rogii-wellbore-geology\data\raw\train\abf460d2__typewell.csv,True,True
ac6f01d5,C:\Dev\Rogii Wellbore Geology\rogii-wellbore-geology\data\raw\train\ac6f01d5__horizontal_well.csv,C:\Dev\Rogii Wellbore Geology\rogii-wellbore-geology\data\raw\train\ac6f01d5__typewell.csv,True,True
ad2133a8,C:\Dev\Rogii Wellbore Geology\rogii-wellbore-geology\data\raw\train\ad2133a8__horizontal_well.csv,C:\Dev\Rogii Wellbore Geology\rogii-wellbore-geology\data\raw\train\ad2133a8__typewell.csv,True,True
add9c322,C:\Dev\Rogii Wellbore Geology\rogii-wellbore-geology\data\raw\train\add9c322__horizontal_well.csv,C:\Dev\Rogii Wellbore Geology\rogii-wellbore-geology\data\raw\train\add9c322__typewell.csv,True,True
ae069086,C:\Dev\Rogii Wellbore Geology\rogii-wellbore-geology\data\raw\train\ae069086__horizontal_well.csv,C:\Dev\Rogii Wellbore Geology\rogii-wellbore-geology\data\raw\train\ae069086__typewell.csv,True,True
ae0784a8,C:\Dev\Rogii Wellbore Geology\rogii-wellbore-geology\data\raw\train\ae0784a8__horizontal_well.csv,C:\Dev\Rogii Wellbore Geology\rogii-wellbore-geology\data\raw\train\ae0784a8__typewell.csv,True,True
ae35f33a,C:\Dev\Rogii Wellbore Geology\rogii-wellbore-geology\data\raw\train\ae35f33a__horizontal_well.csv,C:\Dev\Rogii Wellbore Geology\rogii-wellbore-geology\data\raw\train\ae35f33a__typewell.csv,True,True
ae8959c3,C:\Dev\Rogii Wellbore Geology\rogii-wellbore-geology\data\raw\train\ae8959c3__horizontal_well.csv,C:\Dev\Rogii Wellbore Geology\rogii-wellbore-geology\data\raw\train\ae8959c3__typewell.csv,True,True
aed44918,C:\Dev\Rogii Wellbore Geology\rogii-wellbore-geology\data\raw\train\aed44918__horizontal_well.csv,C:\Dev\Rogii Wellbore Geology\rogii-wellbore-geology\data\raw\train\aed44918__typewell.csv,True,True
aee6393a,C:\Dev\Rogii Wellbore Geology\rogii-wellbore-geology\data\raw\train\aee6393a__horizontal_well.csv,C:\Dev\Rogii Wellbore Geology\rogii-wellbore-geology\data\raw\train\aee6393a__typewell.csv,True,True
af7a59ce,C:\Dev\Rogii Wellbore Geology\rogii-wellbore-geology\data\raw\train\af7a59ce__horizontal_well.csv,C:\Dev\Rogii Wellbore Geology\rogii-wellbore-geology\data\raw\train\af7a59ce__typewell.csv,True,True
aff4e561,C:\Dev\Rogii Wellbore Geology\rogii-wellbore-geology\data\raw\train\aff4e561__horizontal_well.csv,C:\Dev\Rogii Wellbore Geology\rogii-wellbore-geology\data\raw\train\aff4e561__typewell.csv,True,True
b04b58a3,C:\Dev\Rogii Wellbore Geology\rogii-wellbore-geology\data\raw\train\b04b58a3__horizontal_well.csv,C:\Dev\Rogii Wellbore Geology\rogii-wellbore-geology\data\raw\train\b04b58a3__typewell.csv,True,True
b0d42b0d,C:\Dev\Rogii Wellbore Geology\rogii-wellbore-geology\data\raw\train\b0d42b0d__horizontal_well.csv,C:\Dev\Rogii Wellbore Geology\rogii-wellbore-geology\data\raw\train\b0d42b0d__typewell.csv,True,True
b0f53bf4,C:\Dev\Rogii Wellbore Geology\rogii-wellbore-geology\data\raw\train\b0f53bf4__horizontal_well.csv,C:\Dev\Rogii Wellbore Geology\rogii-wellbore-geology\data\raw\train\b0f53bf4__typewell.csv,True,True
b19b0395,C:\Dev\Rogii Wellbore Geology\rogii-wellbore-geology\data\raw\train\b19b0395__horizontal_well.csv,C:\Dev\Rogii Wellbore Geology\rogii-wellbore-geology\data\raw\train\b19b0395__typewell.csv,True,True
b1efb8a4,C:\Dev\Rogii Wellbore Geology\rogii-wellbore-geology\data\raw\train\b1efb8a4__horizontal_well.csv,C:\Dev\Rogii Wellbore Geology\rogii-wellbore-geology\data\raw\train\b1efb8a4__typewell.csv,True,True
b32902c0,C:\Dev\Rogii Wellbore Geology\rogii-wellbore-geology\data\raw\train\b32902c0__horizontal_well.csv,C:\Dev\Rogii Wellbore Geology\rogii-wellbore-geology\data\raw\train\b32902c0__typewell.csv,True,True
b32e4903,C:\Dev\Rogii Wellbore Geology\rogii-wellbore-geology\data\raw\train\b32e4903__horizontal_well.csv,C:\Dev\Rogii Wellbore Geology\rogii-wellbore-geology\data\raw\train\b32e4903__typewell.csv,True,True
b3388334,C:\Dev\Rogii Wellbore Geology\rogii-wellbore-geology\data\raw\train\b3388334__horizontal_well.csv,C:\Dev\Rogii Wellbore Geology\rogii-wellbore-geology\data\raw\train\b3388334__typewell.csv,True,True
b37fd114,C:\Dev\Rogii Wellbore Geology\rogii-wellbore-geology\data\raw\train\b37fd114__horizontal_well.csv,C:\Dev\Rogii Wellbore Geology\rogii-wellbore-geology\data\raw\train\b37fd114__typewell.csv,True,True
b38e3116,C:\Dev\Rogii Wellbore Geology\rogii-wellbore-geology\data\raw\train\b38e3116__horizontal_well.csv,C:\Dev\Rogii Wellbore Geology\rogii-wellbore-geology\data\raw\train\b38e3116__typewell.csv,True,True
b4d8dd4f,C:\Dev\Rogii Wellbore Geology\rogii-wellbore-geology\data\raw\train\b4d8dd4f__horizontal_well.csv,C:\Dev\Rogii Wellbore Geology\rogii-wellbore-geology\data\raw\train\b4d8dd4f__typewell.csv,True,True
b4f37e6e,C:\Dev\Rogii Wellbore Geology\rogii-wellbore-geology\data\raw\train\b4f37e6e__horizontal_well.csv,C:\Dev\Rogii Wellbore Geology\rogii-wellbore-geology\data\raw\train\b4f37e6e__typewell.csv,True,True
b56bc0aa,C:\Dev\Rogii Wellbore Geology\rogii-wellbore-geology\data\raw\train\b56bc0aa__horizontal_well.csv,C:\Dev\Rogii Wellbore Geology\rogii-wellbore-geology\data\raw\train\b56bc0aa__typewell.csv,True,True
b585b4fa,C:\Dev\Rogii Wellbore Geology\rogii-wellbore-geology\data\raw\train\b585b4fa__horizontal_well.csv,C:\Dev\Rogii Wellbore Geology\rogii-wellbore-geology\data\raw\train\b585b4fa__typewell.csv,True,True
b5aa9634,C:\Dev\Rogii Wellbore Geology\rogii-wellbore-geology\data\raw\train\b5aa9634__horizontal_well.csv,C:\Dev\Rogii Wellbore Geology\rogii-wellbore-geology\data\raw\train\b5aa9634__typewell.csv,True,True
b7974e66,C:\Dev\Rogii Wellbore Geology\rogii-wellbore-geology\data\raw\train\b7974e66__horizontal_well.csv,C:\Dev\Rogii Wellbore Geology\rogii-wellbore-geology\data\raw\train\b7974e66__typewell.csv,True,True
b7cdcecb,C:\Dev\Rogii Wellbore Geology\rogii-wellbore-geology\data\raw\train\b7cdcecb__horizontal_well.csv,C:\Dev\Rogii Wellbore Geology\rogii-wellbore-geology\data\raw\train\b7cdcecb__typewell.csv,True,True
b7fea9ef,C:\Dev\Rogii Wellbore Geology\rogii-wellbore-geology\data\raw\train\b7fea9ef__horizontal_well.csv,C:\Dev\Rogii Wellbore Geology\rogii-wellbore-geology\data\raw\train\b7fea9ef__typewell.csv,True,True
b85f7b06,C:\Dev\Rogii Wellbore Geology\rogii-wellbore-geology\data\raw\train\b85f7b06__horizontal_well.csv,C:\Dev\Rogii Wellbore Geology\rogii-wellbore-geology\data\raw\train\b85f7b06__typewell.csv,True,True
b881d27e,C:\Dev\Rogii Wellbore Geology\rogii-wellbore-geology\data\raw\train\b881d27e__horizontal_well.csv,C:\Dev\Rogii Wellbore Geology\rogii-wellbore-geology\data\raw\train\b881d27e__typewell.csv,True,True
b8c49c1a,C:\Dev\Rogii Wellbore Geology\rogii-wellbore-geology\data\raw\train\b8c49c1a__horizontal_well.csv,C:\Dev\Rogii Wellbore Geology\rogii-wellbore-geology\data\raw\train\b8c49c1a__typewell.csv,True,True
b95e7121,C:\Dev\Rogii Wellbore Geology\rogii-wellbore-geology\data\raw\train\b95e7121__horizontal_well.csv,C:\Dev\Rogii Wellbore Geology\rogii-wellbore-geology\data\raw\train\b95e7121__typewell.csv,True,True
b977be4a,C:\Dev\Rogii Wellbore Geology\rogii-wellbore-geology\data\raw\train\b977be4a__horizontal_well.csv,C:\Dev\Rogii Wellbore Geology\rogii-wellbore-geology\data\raw\train\b977be4a__typewell.csv,True,True
ba48188d,C:\Dev\Rogii Wellbore Geology\rogii-wellbore-geology\data\raw\train\ba48188d__horizontal_well.csv,C:\Dev\Rogii Wellbore Geology\rogii-wellbore-geology\data\raw\train\ba48188d__typewell.csv,True,True
bb2cdd83,C:\Dev\Rogii Wellbore Geology\rogii-wellbore-geology\data\raw\train\bb2cdd83__horizontal_well.csv,C:\Dev\Rogii Wellbore Geology\rogii-wellbore-geology\data\raw\train\bb2cdd83__typewell.csv,True,True
bb337fa0,C:\Dev\Rogii Wellbore Geology\rogii-wellbore-geology\data\raw\train\bb337fa0__horizontal_well.csv,C:\Dev\Rogii Wellbore Geology\rogii-wellbore-geology\data\raw\train\bb337fa0__typewell.csv,True,True
bb682ebd,C:\Dev\Rogii Wellbore Geology\rogii-wellbore-geology\data\raw\train\bb682ebd__horizontal_well.csv,C:\Dev\Rogii Wellbore Geology\rogii-wellbore-geology\data\raw\train\bb682ebd__typewell.csv,True,True
bc4381e2,C:\Dev\Rogii Wellbore Geology\rogii-wellbore-geology\data\raw\train\bc4381e2__horizontal_well.csv,C:\Dev\Rogii Wellbore Geology\rogii-wellbore-geology\data\raw\train\bc4381e2__typewell.csv,True,True
bcebcc5f,C:\Dev\Rogii Wellbore Geology\rogii-wellbore-geology\data\raw\train\bcebcc5f__horizontal_well.csv,C:\Dev\Rogii Wellbore Geology\rogii-wellbore-geology\data\raw\train\bcebcc5f__typewell.csv,True,True
bd2c2f34,C:\Dev\Rogii Wellbore Geology\rogii-wellbore-geology\data\raw\train\bd2c2f34__horizontal_well.csv,C:\Dev\Rogii Wellbore Geology\rogii-wellbore-geology\data\raw\train\bd2c2f34__typewell.csv,True,True
bd4ae5da,C:\Dev\Rogii Wellbore Geology\rogii-wellbore-geology\data\raw\train\bd4ae5da__horizontal_well.csv,C:\Dev\Rogii Wellbore Geology\rogii-wellbore-geology\data\raw\train\bd4ae5da__typewell.csv,True,True
bd6f0e19,C:\Dev\Rogii Wellbore Geology\rogii-wellbore-geology\data\raw\train\bd6f0e19__horizontal_well.csv,C:\Dev\Rogii Wellbore Geology\rogii-wellbore-geology\data\raw\train\bd6f0e19__typewell.csv,True,True
bd8f847e,C:\Dev\Rogii Wellbore Geology\rogii-wellbore-geology\data\raw\train\bd8f847e__horizontal_well.csv,C:\Dev\Rogii Wellbore Geology\rogii-wellbore-geology\data\raw\train\bd8f847e__typewell.csv,True,True
be063506,C:\Dev\Rogii Wellbore Geology\rogii-wellbore-geology\data\raw\train\be063506__horizontal_well.csv,C:\Dev\Rogii Wellbore Geology\rogii-wellbore-geology\data\raw\train\be063506__typewell.csv,True,True
be35c8f2,C:\Dev\Rogii Wellbore Geology\rogii-wellbore-geology\data\raw\train\be35c8f2__horizontal_well.csv,C:\Dev\Rogii Wellbore Geology\rogii-wellbore-geology\data\raw\train\be35c8f2__typewell.csv,True,True
be83e781,C:\Dev\Rogii Wellbore Geology\rogii-wellbore-geology\data\raw\train\be83e781__horizontal_well.csv,C:\Dev\Rogii Wellbore Geology\rogii-wellbore-geology\data\raw\train\be83e781__typewell.csv,True,True
beda8696,C:\Dev\Rogii Wellbore Geology\rogii-wellbore-geology\data\raw\train\beda8696__horizontal_well.csv,C:\Dev\Rogii Wellbore Geology\rogii-wellbore-geology\data\raw\train\beda8696__typewell.csv,True,True
bf39bc20,C:\Dev\Rogii Wellbore Geology\rogii-wellbore-geology\data\raw\train\bf39bc20__horizontal_well.csv,C:\Dev\Rogii Wellbore Geology\rogii-wellbore-geology\data\raw\train\bf39bc20__typewell.csv,True,True
bf70b410,C:\Dev\Rogii Wellbore Geology\rogii-wellbore-geology\data\raw\train\bf70b410__horizontal_well.csv,C:\Dev\Rogii Wellbore Geology\rogii-wellbore-geology\data\raw\train\bf70b410__typewell.csv,True,True
bffe3082,C:\Dev\Rogii Wellbore Geology\rogii-wellbore-geology\data\raw\train\bffe3082__horizontal_well.csv,C:\Dev\Rogii Wellbore Geology\rogii-wellbore-geology\data\raw\train\bffe3082__typewell.csv,True,True
c03b9305,C:\Dev\Rogii Wellbore Geology\rogii-wellbore-geology\data\raw\train\c03b9305__horizontal_well.csv,C:\Dev\Rogii Wellbore Geology\rogii-wellbore-geology\data\raw\train\c03b9305__typewell.csv,True,True
c03d4aed,C:\Dev\Rogii Wellbore Geology\rogii-wellbore-geology\data\raw\train\c03d4aed__horizontal_well.csv,C:\Dev\Rogii Wellbore Geology\rogii-wellbore-geology\data\raw\train\c03d4aed__typewell.csv,True,True
c03fba65,C:\Dev\Rogii Wellbore Geology\rogii-wellbore-geology\data\raw\train\c03fba65__horizontal_well.csv,C:\Dev\Rogii Wellbore Geology\rogii-wellbore-geology\data\raw\train\c03fba65__typewell.csv,True,True
c07fd0cd,C:\Dev\Rogii Wellbore Geology\rogii-wellbore-geology\data\raw\train\c07fd0cd__horizontal_well.csv,C:\Dev\Rogii Wellbore Geology\rogii-wellbore-geology\data\raw\train\c07fd0cd__typewell.csv,True,True
c1708b88,C:\Dev\Rogii Wellbore Geology\rogii-wellbore-geology\data\raw\train\c1708b88__horizontal_well.csv,C:\Dev\Rogii Wellbore Geology\rogii-wellbore-geology\data\raw\train\c1708b88__typewell.csv,True,True
c1d046f4,C:\Dev\Rogii Wellbore Geology\rogii-wellbore-geology\data\raw\train\c1d046f4__horizontal_well.csv,C:\Dev\Rogii Wellbore Geology\rogii-wellbore-geology\data\raw\train\c1d046f4__typewell.csv,True,True
c2717d4f,C:\Dev\Rogii Wellbore Geology\rogii-wellbore-geology\data\raw\train\c2717d4f__horizontal_well.csv,C:\Dev\Rogii Wellbore Geology\rogii-wellbore-geology\data\raw\train\c2717d4f__typewell.csv,True,True
c2c4db09,C:\Dev\Rogii Wellbore Geology\rogii-wellbore-geology\data\raw\train\c2c4db09__horizontal_well.csv,C:\Dev\Rogii Wellbore Geology\rogii-wellbore-geology\data\raw\train\c2c4db09__typewell.csv,True,True
c2c6fc71,C:\Dev\Rogii Wellbore Geology\rogii-wellbore-geology\data\raw\train\c2c6fc71__horizontal_well.csv,C:\Dev\Rogii Wellbore Geology\rogii-wellbore-geology\data\raw\train\c2c6fc71__typewell.csv,True,True
c36625df,C:\Dev\Rogii Wellbore Geology\rogii-wellbore-geology\data\raw\train\c36625df__horizontal_well.csv,C:\Dev\Rogii Wellbore Geology\rogii-wellbore-geology\data\raw\train\c36625df__typewell.csv,True,True
c3957531,C:\Dev\Rogii Wellbore Geology\rogii-wellbore-geology\data\raw\train\c3957531__horizontal_well.csv,C:\Dev\Rogii Wellbore Geology\rogii-wellbore-geology\data\raw\train\c3957531__typewell.csv,True,True
c42fe306,C:\Dev\Rogii Wellbore Geology\rogii-wellbore-geology\data\raw\train\c42fe306__horizontal_well.csv,C:\Dev\Rogii Wellbore Geology\rogii-wellbore-geology\data\raw\train\c42fe306__typewell.csv,True,True
c43812e2,C:\Dev\Rogii Wellbore Geology\rogii-wellbore-geology\data\raw\train\c43812e2__horizontal_well.csv,C:\Dev\Rogii Wellbore Geology\rogii-wellbore-geology\data\raw\train\c43812e2__typewell.csv,True,True
c472c0b5,C:\Dev\Rogii Wellbore Geology\rogii-wellbore-geology\data\raw\train\c472c0b5__horizontal_well.csv,C:\Dev\Rogii Wellbore Geology\rogii-wellbore-geology\data\raw\train\c472c0b5__typewell.csv,True,True
c47e0767,C:\Dev\Rogii Wellbore Geology\rogii-wellbore-geology\data\raw\train\c47e0767__horizontal_well.csv,C:\Dev\Rogii Wellbore Geology\rogii-wellbore-geology\data\raw\train\c47e0767__typewell.csv,True,True
c50b42f6,C:\Dev\Rogii Wellbore Geology\rogii-wellbore-geology\data\raw\train\c50b42f6__horizontal_well.csv,C:\Dev\Rogii Wellbore Geology\rogii-wellbore-geology\data\raw\train\c50b42f6__typewell.csv,True,True
c593337f,C:\Dev\Rogii Wellbore Geology\rogii-wellbore-geology\data\raw\train\c593337f__horizontal_well.csv,C:\Dev\Rogii Wellbore Geology\rogii-wellbore-geology\data\raw\train\c593337f__typewell.csv,True,True
c59b6c4a,C:\Dev\Rogii Wellbore Geology\rogii-wellbore-geology\data\raw\train\c59b6c4a__horizontal_well.csv,C:\Dev\Rogii Wellbore Geology\rogii-wellbore-geology\data\raw\train\c59b6c4a__typewell.csv,True,True
c66be2b8,C:\Dev\Rogii Wellbore Geology\rogii-wellbore-geology\data\raw\train\c66be2b8__horizontal_well.csv,C:\Dev\Rogii Wellbore Geology\rogii-wellbore-geology\data\raw\train\c66be2b8__typewell.csv,True,True
c6797dd7,C:\Dev\Rogii Wellbore Geology\rogii-wellbore-geology\data\raw\train\c6797dd7__horizontal_well.csv,C:\Dev\Rogii Wellbore Geology\rogii-wellbore-geology\data\raw\train\c6797dd7__typewell.csv,True,True
c6b782a4,C:\Dev\Rogii Wellbore Geology\rogii-wellbore-geology\data\raw\train\c6b782a4__horizontal_well.csv,C:\Dev\Rogii Wellbore Geology\rogii-wellbore-geology\data\raw\train\c6b782a4__typewell.csv,True,True
c6c96179,C:\Dev\Rogii Wellbore Geology\rogii-wellbore-geology\data\raw\train\c6c96179__horizontal_well.csv,C:\Dev\Rogii Wellbore Geology\rogii-wellbore-geology\data\raw\train\c6c96179__typewell.csv,True,True
c70c0e01,C:\Dev\Rogii Wellbore Geology\rogii-wellbore-geology\data\raw\train\c70c0e01__horizontal_well.csv,C:\Dev\Rogii Wellbore Geology\rogii-wellbore-geology\data\raw\train\c70c0e01__typewell.csv,True,True
c84c65be,C:\Dev\Rogii Wellbore Geology\rogii-wellbore-geology\data\raw\train\c84c65be__horizontal_well.csv,C:\Dev\Rogii Wellbore Geology\rogii-wellbore-geology\data\raw\train\c84c65be__typewell.csv,True,True
c8d9680c,C:\Dev\Rogii Wellbore Geology\rogii-wellbore-geology\data\raw\train\c8d9680c__horizontal_well.csv,C:\Dev\Rogii Wellbore Geology\rogii-wellbore-geology\data\raw\train\c8d9680c__typewell.csv,True,True
c908edd0,C:\Dev\Rogii Wellbore Geology\rogii-wellbore-geology\data\raw\train\c908edd0__horizontal_well.csv,C:\Dev\Rogii Wellbore Geology\rogii-wellbore-geology\data\raw\train\c908edd0__typewell.csv,True,True
c9578d27,C:\Dev\Rogii Wellbore Geology\rogii-wellbore-geology\data\raw\train\c9578d27__horizontal_well.csv,C:\Dev\Rogii Wellbore Geology\rogii-wellbore-geology\data\raw\train\c9578d27__typewell.csv,True,True
c96c018a,C:\Dev\Rogii Wellbore Geology\rogii-wellbore-geology\data\raw\train\c96c018a__horizontal_well.csv,C:\Dev\Rogii Wellbore Geology\rogii-wellbore-geology\data\raw\train\c96c018a__typewell.csv,True,True
c99f9fae,C:\Dev\Rogii Wellbore Geology\rogii-wellbore-geology\data\raw\train\c99f9fae__horizontal_well.csv,C:\Dev\Rogii Wellbore Geology\rogii-wellbore-geology\data\raw\train\c99f9fae__typewell.csv,True,True
c9e6734f,C:\Dev\Rogii Wellbore Geology\rogii-wellbore-geology\data\raw\train\c9e6734f__horizontal_well.csv,C:\Dev\Rogii Wellbore Geology\rogii-wellbore-geology\data\raw\train\c9e6734f__typewell.csv,True,True
c9e980e8,C:\Dev\Rogii Wellbore Geology\rogii-wellbore-geology\data\raw\train\c9e980e8__horizontal_well.csv,C:\Dev\Rogii Wellbore Geology\rogii-wellbore-geology\data\raw\train\c9e980e8__typewell.csv,True,True
c9fedcf3,C:\Dev\Rogii Wellbore Geology\rogii-wellbore-geology\data\raw\train\c9fedcf3__horizontal_well.csv,C:\Dev\Rogii Wellbore Geology\rogii-wellbore-geology\data\raw\train\c9fedcf3__typewell.csv,True,True
cad13e8f,C:\Dev\Rogii Wellbore Geology\rogii-wellbore-geology\data\raw\train\cad13e8f__horizontal_well.csv,C:\Dev\Rogii Wellbore Geology\rogii-wellbore-geology\data\raw\train\cad13e8f__typewell.csv,True,True
cb34231f,C:\Dev\Rogii Wellbore Geology\rogii-wellbore-geology\data\raw\train\cb34231f__horizontal_well.csv,C:\Dev\Rogii Wellbore Geology\rogii-wellbore-geology\data\raw\train\cb34231f__typewell.csv,True,True
cb879f40,C:\Dev\Rogii Wellbore Geology\rogii-wellbore-geology\data\raw\train\cb879f40__horizontal_well.csv,C:\Dev\Rogii Wellbore Geology\rogii-wellbore-geology\data\raw\train\cb879f40__typewell.csv,True,True
cbb406b5,C:\Dev\Rogii Wellbore Geology\rogii-wellbore-geology\data\raw\train\cbb406b5__horizontal_well.csv,C:\Dev\Rogii Wellbore Geology\rogii-wellbore-geology\data\raw\train\cbb406b5__typewell.csv,True,True
cbe51de1,C:\Dev\Rogii Wellbore Geology\rogii-wellbore-geology\data\raw\train\cbe51de1__horizontal_well.csv,C:\Dev\Rogii Wellbore Geology\rogii-wellbore-geology\data\raw\train\cbe51de1__typewell.csv,True,True
cbe62450,C:\Dev\Rogii Wellbore Geology\rogii-wellbore-geology\data\raw\train\cbe62450__horizontal_well.csv,C:\Dev\Rogii Wellbore Geology\rogii-wellbore-geology\data\raw\train\cbe62450__typewell.csv,True,True
cc08aa63,C:\Dev\Rogii Wellbore Geology\rogii-wellbore-geology\data\raw\train\cc08aa63__horizontal_well.csv,C:\Dev\Rogii Wellbore Geology\rogii-wellbore-geology\data\raw\train\cc08aa63__typewell.csv,True,True
cc8a1d57,C:\Dev\Rogii Wellbore Geology\rogii-wellbore-geology\data\raw\train\cc8a1d57__horizontal_well.csv,C:\Dev\Rogii Wellbore Geology\rogii-wellbore-geology\data\raw\train\cc8a1d57__typewell.csv,True,True
ccedb12b,C:\Dev\Rogii Wellbore Geology\rogii-wellbore-geology\data\raw\train\ccedb12b__horizontal_well.csv,C:\Dev\Rogii Wellbore Geology\rogii-wellbore-geology\data\raw\train\ccedb12b__typewell.csv,True,True
cd7f1687,C:\Dev\Rogii Wellbore Geology\rogii-wellbore-geology\data\raw\train\cd7f1687__horizontal_well.csv,C:\Dev\Rogii Wellbore Geology\rogii-wellbore-geology\data\raw\train\cd7f1687__typewell.csv,True,True
cda7eb37,C:\Dev\Rogii Wellbore Geology\rogii-wellbore-geology\data\raw\train\cda7eb37__horizontal_well.csv,C:\Dev\Rogii Wellbore Geology\rogii-wellbore-geology\data\raw\train\cda7eb37__typewell.csv,True,True
cdc31d65,C:\Dev\Rogii Wellbore Geology\rogii-wellbore-geology\data\raw\train\cdc31d65__horizontal_well.csv,C:\Dev\Rogii Wellbore Geology\rogii-wellbore-geology\data\raw\train\cdc31d65__typewell.csv,True,True
cdc60a53,C:\Dev\Rogii Wellbore Geology\rogii-wellbore-geology\data\raw\train\cdc60a53__horizontal_well.csv,C:\Dev\Rogii Wellbore Geology\rogii-wellbore-geology\data\raw\train\cdc60a53__typewell.csv,True,True
ce55ba43,C:\Dev\Rogii Wellbore Geology\rogii-wellbore-geology\data\raw\train\ce55ba43__horizontal_well.csv,C:\Dev\Rogii Wellbore Geology\rogii-wellbore-geology\data\raw\train\ce55ba43__typewell.csv,True,True
ce8399b7,C:\Dev\Rogii Wellbore Geology\rogii-wellbore-geology\data\raw\train\ce8399b7__horizontal_well.csv,C:\Dev\Rogii Wellbore Geology\rogii-wellbore-geology\data\raw\train\ce8399b7__typewell.csv,True,True
cf50c9d1,C:\Dev\Rogii Wellbore Geology\rogii-wellbore-geology\data\raw\train\cf50c9d1__horizontal_well.csv,C:\Dev\Rogii Wellbore Geology\rogii-wellbore-geology\data\raw\train\cf50c9d1__typewell.csv,True,True
d00e7eb9,C:\Dev\Rogii Wellbore Geology\rogii-wellbore-geology\data\raw\train\d00e7eb9__horizontal_well.csv,C:\Dev\Rogii Wellbore Geology\rogii-wellbore-geology\data\raw\train\d00e7eb9__typewell.csv,True,True
d011f41b,C:\Dev\Rogii Wellbore Geology\rogii-wellbore-geology\data\raw\train\d011f41b__horizontal_well.csv,C:\Dev\Rogii Wellbore Geology\rogii-wellbore-geology\data\raw\train\d011f41b__typewell.csv,True,True
d07aed8f,C:\Dev\Rogii Wellbore Geology\rogii-wellbore-geology\data\raw\train\d07aed8f__horizontal_well.csv,C:\Dev\Rogii Wellbore Geology\rogii-wellbore-geology\data\raw\train\d07aed8f__typewell.csv,True,True
d085e611,C:\Dev\Rogii Wellbore Geology\rogii-wellbore-geology\data\raw\train\d085e611__horizontal_well.csv,C:\Dev\Rogii Wellbore Geology\rogii-wellbore-geology\data\raw\train\d085e611__typewell.csv,True,True
d0a0e7b5,C:\Dev\Rogii Wellbore Geology\rogii-wellbore-geology\data\raw\train\d0a0e7b5__horizontal_well.csv,C:\Dev\Rogii Wellbore Geology\rogii-wellbore-geology\data\raw\train\d0a0e7b5__typewell.csv,True,True
d0a43760,C:\Dev\Rogii Wellbore Geology\rogii-wellbore-geology\data\raw\train\d0a43760__horizontal_well.csv,C:\Dev\Rogii Wellbore Geology\rogii-wellbore-geology\data\raw\train\d0a43760__typewell.csv,True,True
d0cb63ae,C:\Dev\Rogii Wellbore Geology\rogii-wellbore-geology\data\raw\train\d0cb63ae__horizontal_well.csv,C:\Dev\Rogii Wellbore Geology\rogii-wellbore-geology\data\raw\train\d0cb63ae__typewell.csv,True,True
d114d9c2,C:\Dev\Rogii Wellbore Geology\rogii-wellbore-geology\data\raw\train\d114d9c2__horizontal_well.csv,C:\Dev\Rogii Wellbore Geology\rogii-wellbore-geology\data\raw\train\d114d9c2__typewell.csv,True,True
d1457cc5,C:\Dev\Rogii Wellbore Geology\rogii-wellbore-geology\data\raw\train\d1457cc5__horizontal_well.csv,C:\Dev\Rogii Wellbore Geology\rogii-wellbore-geology\data\raw\train\d1457cc5__typewell.csv,True,True
d1ecf309,C:\Dev\Rogii Wellbore Geology\rogii-wellbore-geology\data\raw\train\d1ecf309__horizontal_well.csv,C:\Dev\Rogii Wellbore Geology\rogii-wellbore-geology\data\raw\train\d1ecf309__typewell.csv,True,True
d1ee630d,C:\Dev\Rogii Wellbore Geology\rogii-wellbore-geology\data\raw\train\d1ee630d__horizontal_well.csv,C:\Dev\Rogii Wellbore Geology\rogii-wellbore-geology\data\raw\train\d1ee630d__typewell.csv,True,True
d217e0c5,C:\Dev\Rogii Wellbore Geology\rogii-wellbore-geology\data\raw\train\d217e0c5__horizontal_well.csv,C:\Dev\Rogii Wellbore Geology\rogii-wellbore-geology\data\raw\train\d217e0c5__typewell.csv,True,True
d24ff243,C:\Dev\Rogii Wellbore Geology\rogii-wellbore-geology\data\raw\train\d24ff243__horizontal_well.csv,C:\Dev\Rogii Wellbore Geology\rogii-wellbore-geology\data\raw\train\d24ff243__typewell.csv,True,True
d273674e,C:\Dev\Rogii Wellbore Geology\rogii-wellbore-geology\data\raw\train\d273674e__horizontal_well.csv,C:\Dev\Rogii Wellbore Geology\rogii-wellbore-geology\data\raw\train\d273674e__typewell.csv,True,True
d2f3b1ab,C:\Dev\Rogii Wellbore Geology\rogii-wellbore-geology\data\raw\train\d2f3b1ab__horizontal_well.csv,C:\Dev\Rogii Wellbore Geology\rogii-wellbore-geology\data\raw\train\d2f3b1ab__typewell.csv,True,True
d3df146b,C:\Dev\Rogii Wellbore Geology\rogii-wellbore-geology\data\raw\train\d3df146b__horizontal_well.csv,C:\Dev\Rogii Wellbore Geology\rogii-wellbore-geology\data\raw\train\d3df146b__typewell.csv,True,True
d40f61d5,C:\Dev\Rogii Wellbore Geology\rogii-wellbore-geology\data\raw\train\d40f61d5__horizontal_well.csv,C:\Dev\Rogii Wellbore Geology\rogii-wellbore-geology\data\raw\train\d40f61d5__typewell.csv,True,True
d41beaf2,C:\Dev\Rogii Wellbore Geology\rogii-wellbore-geology\data\raw\train\d41beaf2__horizontal_well.csv,C:\Dev\Rogii Wellbore Geology\rogii-wellbore-geology\data\raw\train\d41beaf2__typewell.csv,True,True
d463e527,C:\Dev\Rogii Wellbore Geology\rogii-wellbore-geology\data\raw\train\d463e527__horizontal_well.csv,C:\Dev\Rogii Wellbore Geology\rogii-wellbore-geology\data\raw\train\d463e527__typewell.csv,True,True
d4f60a28,C:\Dev\Rogii Wellbore Geology\rogii-wellbore-geology\data\raw\train\d4f60a28__horizontal_well.csv,C:\Dev\Rogii Wellbore Geology\rogii-wellbore-geology\data\raw\train\d4f60a28__typewell.csv,True,True
d50c649a,C:\Dev\Rogii Wellbore Geology\rogii-wellbore-geology\data\raw\train\d50c649a__horizontal_well.csv,C:\Dev\Rogii Wellbore Geology\rogii-wellbore-geology\data\raw\train\d50c649a__typewell.csv,True,True
d543916f,C:\Dev\Rogii Wellbore Geology\rogii-wellbore-geology\data\raw\train\d543916f__horizontal_well.csv,C:\Dev\Rogii Wellbore Geology\rogii-wellbore-geology\data\raw\train\d543916f__typewell.csv,True,True
d5df0ff5,C:\Dev\Rogii Wellbore Geology\rogii-wellbore-geology\data\raw\train\d5df0ff5__horizontal_well.csv,C:\Dev\Rogii Wellbore Geology\rogii-wellbore-geology\data\raw\train\d5df0ff5__typewell.csv,True,True
d60430e6,C:\Dev\Rogii Wellbore Geology\rogii-wellbore-geology\data\raw\train\d60430e6__horizontal_well.csv,C:\Dev\Rogii Wellbore Geology\rogii-wellbore-geology\data\raw\train\d60430e6__typewell.csv,True,True
d63196fe,C:\Dev\Rogii Wellbore Geology\rogii-wellbore-geology\data\raw\train\d63196fe__horizontal_well.csv,C:\Dev\Rogii Wellbore Geology\rogii-wellbore-geology\data\raw\train\d63196fe__typewell.csv,True,True
d6c320d9,C:\Dev\Rogii Wellbore Geology\rogii-wellbore-geology\data\raw\train\d6c320d9__horizontal_well.csv,C:\Dev\Rogii Wellbore Geology\rogii-wellbore-geology\data\raw\train\d6c320d9__typewell.csv,True,True
d6dd7330,C:\Dev\Rogii Wellbore Geology\rogii-wellbore-geology\data\raw\train\d6dd7330__horizontal_well.csv,C:\Dev\Rogii Wellbore Geology\rogii-wellbore-geology\data\raw\train\d6dd7330__typewell.csv,True,True
d7ba4f9d,C:\Dev\Rogii Wellbore Geology\rogii-wellbore-geology\data\raw\train\d7ba4f9d__horizontal_well.csv,C:\Dev\Rogii Wellbore Geology\rogii-wellbore-geology\data\raw\train\d7ba4f9d__typewell.csv,True,True
d7eb0be8,C:\Dev\Rogii Wellbore Geology\rogii-wellbore-geology\data\raw\train\d7eb0be8__horizontal_well.csv,C:\Dev\Rogii Wellbore Geology\rogii-wellbore-geology\data\raw\train\d7eb0be8__typewell.csv,True,True
d84b621b,C:\Dev\Rogii Wellbore Geology\rogii-wellbore-geology\data\raw\train\d84b621b__horizontal_well.csv,C:\Dev\Rogii Wellbore Geology\rogii-wellbore-geology\data\raw\train\d84b621b__typewell.csv,True,True
d90aa14c,C:\Dev\Rogii Wellbore Geology\rogii-wellbore-geology\data\raw\train\d90aa14c__horizontal_well.csv,C:\Dev\Rogii Wellbore Geology\rogii-wellbore-geology\data\raw\train\d90aa14c__typewell.csv,True,True
d924e971,C:\Dev\Rogii Wellbore Geology\rogii-wellbore-geology\data\raw\train\d924e971__horizontal_well.csv,C:\Dev\Rogii Wellbore Geology\rogii-wellbore-geology\data\raw\train\d924e971__typewell.csv,True,True
d9ae59b2,C:\Dev\Rogii Wellbore Geology\rogii-wellbore-geology\data\raw\train\d9ae59b2__horizontal_well.csv,C:\Dev\Rogii Wellbore Geology\rogii-wellbore-geology\data\raw\train\d9ae59b2__typewell.csv,True,True
d9d6d94d,C:\Dev\Rogii Wellbore Geology\rogii-wellbore-geology\data\raw\train\d9d6d94d__horizontal_well.csv,C:\Dev\Rogii Wellbore Geology\rogii-wellbore-geology\data\raw\train\d9d6d94d__typewell.csv,True,True
d9eca87b,C:\Dev\Rogii Wellbore Geology\rogii-wellbore-geology\data\raw\train\d9eca87b__horizontal_well.csv,C:\Dev\Rogii Wellbore Geology\rogii-wellbore-geology\data\raw\train\d9eca87b__typewell.csv,True,True
da2d4d7c,C:\Dev\Rogii Wellbore Geology\rogii-wellbore-geology\data\raw\train\da2d4d7c__horizontal_well.csv,C:\Dev\Rogii Wellbore Geology\rogii-wellbore-geology\data\raw\train\da2d4d7c__typewell.csv,True,True
da3bfe4e,C:\Dev\Rogii Wellbore Geology\rogii-wellbore-geology\data\raw\train\da3bfe4e__horizontal_well.csv,C:\Dev\Rogii Wellbore Geology\rogii-wellbore-geology\data\raw\train\da3bfe4e__typewell.csv,True,True
da3cf798,C:\Dev\Rogii Wellbore Geology\rogii-wellbore-geology\data\raw\train\da3cf798__horizontal_well.csv,C:\Dev\Rogii Wellbore Geology\rogii-wellbore-geology\data\raw\train\da3cf798__typewell.csv,True,True
da940160,C:\Dev\Rogii Wellbore Geology\rogii-wellbore-geology\data\raw\train\da940160__horizontal_well.csv,C:\Dev\Rogii Wellbore Geology\rogii-wellbore-geology\data\raw\train\da940160__typewell.csv,True,True
dafc88c3,C:\Dev\Rogii Wellbore Geology\rogii-wellbore-geology\data\raw\train\dafc88c3__horizontal_well.csv,C:\Dev\Rogii Wellbore Geology\rogii-wellbore-geology\data\raw\train\dafc88c3__typewell.csv,True,True
dbee6c86,C:\Dev\Rogii Wellbore Geology\rogii-wellbore-geology\data\raw\train\dbee6c86__horizontal_well.csv,C:\Dev\Rogii Wellbore Geology\rogii-wellbore-geology\data\raw\train\dbee6c86__typewell.csv,True,True
dc5fbe29,C:\Dev\Rogii Wellbore Geology\rogii-wellbore-geology\data\raw\train\dc5fbe29__horizontal_well.csv,C:\Dev\Rogii Wellbore Geology\rogii-wellbore-geology\data\raw\train\dc5fbe29__typewell.csv,True,True
dc7da28f,C:\Dev\Rogii Wellbore Geology\rogii-wellbore-geology\data\raw\train\dc7da28f__horizontal_well.csv,C:\Dev\Rogii Wellbore Geology\rogii-wellbore-geology\data\raw\train\dc7da28f__typewell.csv,True,True
dc7f9757,C:\Dev\Rogii Wellbore Geology\rogii-wellbore-geology\data\raw\train\dc7f9757__horizontal_well.csv,C:\Dev\Rogii Wellbore Geology\rogii-wellbore-geology\data\raw\train\dc7f9757__typewell.csv,True,True
dd168de0,C:\Dev\Rogii Wellbore Geology\rogii-wellbore-geology\data\raw\train\dd168de0__horizontal_well.csv,C:\Dev\Rogii Wellbore Geology\rogii-wellbore-geology\data\raw\train\dd168de0__typewell.csv,True,True
dd64382d,C:\Dev\Rogii Wellbore Geology\rogii-wellbore-geology\data\raw\train\dd64382d__horizontal_well.csv,C:\Dev\Rogii Wellbore Geology\rogii-wellbore-geology\data\raw\train\dd64382d__typewell.csv,True,True
dd6bc5b2,C:\Dev\Rogii Wellbore Geology\rogii-wellbore-geology\data\raw\train\dd6bc5b2__horizontal_well.csv,C:\Dev\Rogii Wellbore Geology\rogii-wellbore-geology\data\raw\train\dd6bc5b2__typewell.csv,True,True
dd7d638e,C:\Dev\Rogii Wellbore Geology\rogii-wellbore-geology\data\raw\train\dd7d638e__horizontal_well.csv,C:\Dev\Rogii Wellbore Geology\rogii-wellbore-geology\data\raw\train\dd7d638e__typewell.csv,True,True
ddc790ff,C:\Dev\Rogii Wellbore Geology\rogii-wellbore-geology\data\raw\train\ddc790ff__horizontal_well.csv,C:\Dev\Rogii Wellbore Geology\rogii-wellbore-geology\data\raw\train\ddc790ff__typewell.csv,True,True
df71d1ff,C:\Dev\Rogii Wellbore Geology\rogii-wellbore-geology\data\raw\train\df71d1ff__horizontal_well.csv,C:\Dev\Rogii Wellbore Geology\rogii-wellbore-geology\data\raw\train\df71d1ff__typewell.csv,True,True
df73b8f3,C:\Dev\Rogii Wellbore Geology\rogii-wellbore-geology\data\raw\train\df73b8f3__horizontal_well.csv,C:\Dev\Rogii Wellbore Geology\rogii-wellbore-geology\data\raw\train\df73b8f3__typewell.csv,True,True
df8290be,C:\Dev\Rogii Wellbore Geology\rogii-wellbore-geology\data\raw\train\df8290be__horizontal_well.csv,C:\Dev\Rogii Wellbore Geology\rogii-wellbore-geology\data\raw\train\df8290be__typewell.csv,True,True
e0079ed1,C:\Dev\Rogii Wellbore Geology\rogii-wellbore-geology\data\raw\train\e0079ed1__horizontal_well.csv,C:\Dev\Rogii Wellbore Geology\rogii-wellbore-geology\data\raw\train\e0079ed1__typewell.csv,True,True
e03b45fd,C:\Dev\Rogii Wellbore Geology\rogii-wellbore-geology\data\raw\train\e03b45fd__horizontal_well.csv,C:\Dev\Rogii Wellbore Geology\rogii-wellbore-geology\data\raw\train\e03b45fd__typewell.csv,True,True
e0f36d98,C:\Dev\Rogii Wellbore Geology\rogii-wellbore-geology\data\raw\train\e0f36d98__horizontal_well.csv,C:\Dev\Rogii Wellbore Geology\rogii-wellbore-geology\data\raw\train\e0f36d98__typewell.csv,True,True
e149204f,C:\Dev\Rogii Wellbore Geology\rogii-wellbore-geology\data\raw\train\e149204f__horizontal_well.csv,C:\Dev\Rogii Wellbore Geology\rogii-wellbore-geology\data\raw\train\e149204f__typewell.csv,True,True
e14d641e,C:\Dev\Rogii Wellbore Geology\rogii-wellbore-geology\data\raw\train\e14d641e__horizontal_well.csv,C:\Dev\Rogii Wellbore Geology\rogii-wellbore-geology\data\raw\train\e14d641e__typewell.csv,True,True
e161bd0c,C:\Dev\Rogii Wellbore Geology\rogii-wellbore-geology\data\raw\train\e161bd0c__horizontal_well.csv,C:\Dev\Rogii Wellbore Geology\rogii-wellbore-geology\data\raw\train\e161bd0c__typewell.csv,True,True
e201fd6d,C:\Dev\Rogii Wellbore Geology\rogii-wellbore-geology\data\raw\train\e201fd6d__horizontal_well.csv,C:\Dev\Rogii Wellbore Geology\rogii-wellbore-geology\data\raw\train\e201fd6d__typewell.csv,True,True
e25f1537,C:\Dev\Rogii Wellbore Geology\rogii-wellbore-geology\data\raw\train\e25f1537__horizontal_well.csv,C:\Dev\Rogii Wellbore Geology\rogii-wellbore-geology\data\raw\train\e25f1537__typewell.csv,True,True
e2fc7745,C:\Dev\Rogii Wellbore Geology\rogii-wellbore-geology\data\raw\train\e2fc7745__horizontal_well.csv,C:\Dev\Rogii Wellbore Geology\rogii-wellbore-geology\data\raw\train\e2fc7745__typewell.csv,True,True
e32da4ec,C:\Dev\Rogii Wellbore Geology\rogii-wellbore-geology\data\raw\train\e32da4ec__horizontal_well.csv,C:\Dev\Rogii Wellbore Geology\rogii-wellbore-geology\data\raw\train\e32da4ec__typewell.csv,True,True
e3b34f5b,C:\Dev\Rogii Wellbore Geology\rogii-wellbore-geology\data\raw\train\e3b34f5b__horizontal_well.csv,C:\Dev\Rogii Wellbore Geology\rogii-wellbore-geology\data\raw\train\e3b34f5b__typewell.csv,True,True
e45a2a62,C:\Dev\Rogii Wellbore Geology\rogii-wellbore-geology\data\raw\train\e45a2a62__horizontal_well.csv,C:\Dev\Rogii Wellbore Geology\rogii-wellbore-geology\data\raw\train\e45a2a62__typewell.csv,True,True
e46f4ef4,C:\Dev\Rogii Wellbore Geology\rogii-wellbore-geology\data\raw\train\e46f4ef4__horizontal_well.csv,C:\Dev\Rogii Wellbore Geology\rogii-wellbore-geology\data\raw\train\e46f4ef4__typewell.csv,True,True
e4726608,C:\Dev\Rogii Wellbore Geology\rogii-wellbore-geology\data\raw\train\e4726608__horizontal_well.csv,C:\Dev\Rogii Wellbore Geology\rogii-wellbore-geology\data\raw\train\e4726608__typewell.csv,True,True
e5864244,C:\Dev\Rogii Wellbore Geology\rogii-wellbore-geology\data\raw\train\e5864244__horizontal_well.csv,C:\Dev\Rogii Wellbore Geology\rogii-wellbore-geology\data\raw\train\e5864244__typewell.csv,True,True
e5c92e59,C:\Dev\Rogii Wellbore Geology\rogii-wellbore-geology\data\raw\train\e5c92e59__horizontal_well.csv,C:\Dev\Rogii Wellbore Geology\rogii-wellbore-geology\data\raw\train\e5c92e59__typewell.csv,True,True
e5ff9fd2,C:\Dev\Rogii Wellbore Geology\rogii-wellbore-geology\data\raw\train\e5ff9fd2__horizontal_well.csv,C:\Dev\Rogii Wellbore Geology\rogii-wellbore-geology\data\raw\train\e5ff9fd2__typewell.csv,True,True
e6c55748,C:\Dev\Rogii Wellbore Geology\rogii-wellbore-geology\data\raw\train\e6c55748__horizontal_well.csv,C:\Dev\Rogii Wellbore Geology\rogii-wellbore-geology\data\raw\train\e6c55748__typewell.csv,True,True
e730c32b,C:\Dev\Rogii Wellbore Geology\rogii-wellbore-geology\data\raw\train\e730c32b__horizontal_well.csv,C:\Dev\Rogii Wellbore Geology\rogii-wellbore-geology\data\raw\train\e730c32b__typewell.csv,True,True
e737965a,C:\Dev\Rogii Wellbore Geology\rogii-wellbore-geology\data\raw\train\e737965a__horizontal_well.csv,C:\Dev\Rogii Wellbore Geology\rogii-wellbore-geology\data\raw\train\e737965a__typewell.csv,True,True
e748dd88,C:\Dev\Rogii Wellbore Geology\rogii-wellbore-geology\data\raw\train\e748dd88__horizontal_well.csv,C:\Dev\Rogii Wellbore Geology\rogii-wellbore-geology\data\raw\train\e748dd88__typewell.csv,True,True
e7818f7a,C:\Dev\Rogii Wellbore Geology\rogii-wellbore-geology\data\raw\train\e7818f7a__horizontal_well.csv,C:\Dev\Rogii Wellbore Geology\rogii-wellbore-geology\data\raw\train\e7818f7a__typewell.csv,True,True
e7c36e81,C:\Dev\Rogii Wellbore Geology\rogii-wellbore-geology\data\raw\train\e7c36e81__horizontal_well.csv,C:\Dev\Rogii Wellbore Geology\rogii-wellbore-geology\data\raw\train\e7c36e81__typewell.csv,True,True
e7d0c1de,C:\Dev\Rogii Wellbore Geology\rogii-wellbore-geology\data\raw\train\e7d0c1de__horizontal_well.csv,C:\Dev\Rogii Wellbore Geology\rogii-wellbore-geology\data\raw\train\e7d0c1de__typewell.csv,True,True
e85074c5,C:\Dev\Rogii Wellbore Geology\rogii-wellbore-geology\data\raw\train\e85074c5__horizontal_well.csv,C:\Dev\Rogii Wellbore Geology\rogii-wellbore-geology\data\raw\train\e85074c5__typewell.csv,True,True
e97032ad,C:\Dev\Rogii Wellbore Geology\rogii-wellbore-geology\data\raw\train\e97032ad__horizontal_well.csv,C:\Dev\Rogii Wellbore Geology\rogii-wellbore-geology\data\raw\train\e97032ad__typewell.csv,True,True
e9949a23,C:\Dev\Rogii Wellbore Geology\rogii-wellbore-geology\data\raw\train\e9949a23__horizontal_well.csv,C:\Dev\Rogii Wellbore Geology\rogii-wellbore-geology\data\raw\train\e9949a23__typewell.csv,True,True
ea0b99b7,C:\Dev\Rogii Wellbore Geology\rogii-wellbore-geology\data\raw\train\ea0b99b7__horizontal_well.csv,C:\Dev\Rogii Wellbore Geology\rogii-wellbore-geology\data\raw\train\ea0b99b7__typewell.csv,True,True
ea3a0e38,C:\Dev\Rogii Wellbore Geology\rogii-wellbore-geology\data\raw\train\ea3a0e38__horizontal_well.csv,C:\Dev\Rogii Wellbore Geology\rogii-wellbore-geology\data\raw\train\ea3a0e38__typewell.csv,True,True
ea41324e,C:\Dev\Rogii Wellbore Geology\rogii-wellbore-geology\data\raw\train\ea41324e__horizontal_well.csv,C:\Dev\Rogii Wellbore Geology\rogii-wellbore-geology\data\raw\train\ea41324e__typewell.csv,True,True
eabc711b,C:\Dev\Rogii Wellbore Geology\rogii-wellbore-geology\data\raw\train\eabc711b__horizontal_well.csv,C:\Dev\Rogii Wellbore Geology\rogii-wellbore-geology\data\raw\train\eabc711b__typewell.csv,True,True
eac10e86,C:\Dev\Rogii Wellbore Geology\rogii-wellbore-geology\data\raw\train\eac10e86__horizontal_well.csv,C:\Dev\Rogii Wellbore Geology\rogii-wellbore-geology\data\raw\train\eac10e86__typewell.csv,True,True
eafb863e,C:\Dev\Rogii Wellbore Geology\rogii-wellbore-geology\data\raw\train\eafb863e__horizontal_well.csv,C:\Dev\Rogii Wellbore Geology\rogii-wellbore-geology\data\raw\train\eafb863e__typewell.csv,True,True
eb06a4e7,C:\Dev\Rogii Wellbore Geology\rogii-wellbore-geology\data\raw\train\eb06a4e7__horizontal_well.csv,C:\Dev\Rogii Wellbore Geology\rogii-wellbore-geology\data\raw\train\eb06a4e7__typewell.csv,True,True
eb640a35,C:\Dev\Rogii Wellbore Geology\rogii-wellbore-geology\data\raw\train\eb640a35__horizontal_well.csv,C:\Dev\Rogii Wellbore Geology\rogii-wellbore-geology\data\raw\train\eb640a35__typewell.csv,True,True
eb934281,C:\Dev\Rogii Wellbore Geology\rogii-wellbore-geology\data\raw\train\eb934281__horizontal_well.csv,C:\Dev\Rogii Wellbore Geology\rogii-wellbore-geology\data\raw\train\eb934281__typewell.csv,True,True
eba6605e,C:\Dev\Rogii Wellbore Geology\rogii-wellbore-geology\data\raw\train\eba6605e__horizontal_well.csv,C:\Dev\Rogii Wellbore Geology\rogii-wellbore-geology\data\raw\train\eba6605e__typewell.csv,True,True
ebe69318,C:\Dev\Rogii Wellbore Geology\rogii-wellbore-geology\data\raw\train\ebe69318__horizontal_well.csv,C:\Dev\Rogii Wellbore Geology\rogii-wellbore-geology\data\raw\train\ebe69318__typewell.csv,True,True
ec0d597b,C:\Dev\Rogii Wellbore Geology\rogii-wellbore-geology\data\raw\train\ec0d597b__horizontal_well.csv,C:\Dev\Rogii Wellbore Geology\rogii-wellbore-geology\data\raw\train\ec0d597b__typewell.csv,True,True
ec13af42,C:\Dev\Rogii Wellbore Geology\rogii-wellbore-geology\data\raw\train\ec13af42__horizontal_well.csv,C:\Dev\Rogii Wellbore Geology\rogii-wellbore-geology\data\raw\train\ec13af42__typewell.csv,True,True
ecdab904,C:\Dev\Rogii Wellbore Geology\rogii-wellbore-geology\data\raw\train\ecdab904__horizontal_well.csv,C:\Dev\Rogii Wellbore Geology\rogii-wellbore-geology\data\raw\train\ecdab904__typewell.csv,True,True
ecdaf714,C:\Dev\Rogii Wellbore Geology\rogii-wellbore-geology\data\raw\train\ecdaf714__horizontal_well.csv,C:\Dev\Rogii Wellbore Geology\rogii-wellbore-geology\data\raw\train\ecdaf714__typewell.csv,True,True
ed6436d6,C:\Dev\Rogii Wellbore Geology\rogii-wellbore-geology\data\raw\train\ed6436d6__horizontal_well.csv,C:\Dev\Rogii Wellbore Geology\rogii-wellbore-geology\data\raw\train\ed6436d6__typewell.csv,True,True
ed6e6e54,C:\Dev\Rogii Wellbore Geology\rogii-wellbore-geology\data\raw\train\ed6e6e54__horizontal_well.csv,C:\Dev\Rogii Wellbore Geology\rogii-wellbore-geology\data\raw\train\ed6e6e54__typewell.csv,True,True
edf885a3,C:\Dev\Rogii Wellbore Geology\rogii-wellbore-geology\data\raw\train\edf885a3__horizontal_well.csv,C:\Dev\Rogii Wellbore Geology\rogii-wellbore-geology\data\raw\train\edf885a3__typewell.csv,True,True
ee0300f7,C:\Dev\Rogii Wellbore Geology\rogii-wellbore-geology\data\raw\train\ee0300f7__horizontal_well.csv,C:\Dev\Rogii Wellbore Geology\rogii-wellbore-geology\data\raw\train\ee0300f7__typewell.csv,True,True
ee288beb,C:\Dev\Rogii Wellbore Geology\rogii-wellbore-geology\data\raw\train\ee288beb__horizontal_well.csv,C:\Dev\Rogii Wellbore Geology\rogii-wellbore-geology\data\raw\train\ee288beb__typewell.csv,True,True
ee4aecac,C:\Dev\Rogii Wellbore Geology\rogii-wellbore-geology\data\raw\train\ee4aecac__horizontal_well.csv,C:\Dev\Rogii Wellbore Geology\rogii-wellbore-geology\data\raw\train\ee4aecac__typewell.csv,True,True
eeda36f5,C:\Dev\Rogii Wellbore Geology\rogii-wellbore-geology\data\raw\train\eeda36f5__horizontal_well.csv,C:\Dev\Rogii Wellbore Geology\rogii-wellbore-geology\data\raw\train\eeda36f5__typewell.csv,True,True
eeed308d,C:\Dev\Rogii Wellbore Geology\rogii-wellbore-geology\data\raw\train\eeed308d__horizontal_well.csv,C:\Dev\Rogii Wellbore Geology\rogii-wellbore-geology\data\raw\train\eeed308d__typewell.csv,True,True
ef04658e,C:\Dev\Rogii Wellbore Geology\rogii-wellbore-geology\data\raw\train\ef04658e__horizontal_well.csv,C:\Dev\Rogii Wellbore Geology\rogii-wellbore-geology\data\raw\train\ef04658e__typewell.csv,True,True
ef8e3ed0,C:\Dev\Rogii Wellbore Geology\rogii-wellbore-geology\data\raw\train\ef8e3ed0__horizontal_well.csv,C:\Dev\Rogii Wellbore Geology\rogii-wellbore-geology\data\raw\train\ef8e3ed0__typewell.csv,True,True
efde6ac3,C:\Dev\Rogii Wellbore Geology\rogii-wellbore-geology\data\raw\train\efde6ac3__horizontal_well.csv,C:\Dev\Rogii Wellbore Geology\rogii-wellbore-geology\data\raw\train\efde6ac3__typewell.csv,True,True
efe96181,C:\Dev\Rogii Wellbore Geology\rogii-wellbore-geology\data\raw\train\efe96181__horizontal_well.csv,C:\Dev\Rogii Wellbore Geology\rogii-wellbore-geology\data\raw\train\efe96181__typewell.csv,True,True
f0188a48,C:\Dev\Rogii Wellbore Geology\rogii-wellbore-geology\data\raw\train\f0188a48__horizontal_well.csv,C:\Dev\Rogii Wellbore Geology\rogii-wellbore-geology\data\raw\train\f0188a48__typewell.csv,True,True
f021b650,C:\Dev\Rogii Wellbore Geology\rogii-wellbore-geology\data\raw\train\f021b650__horizontal_well.csv,C:\Dev\Rogii Wellbore Geology\rogii-wellbore-geology\data\raw\train\f021b650__typewell.csv,True,True
f03f10fe,C:\Dev\Rogii Wellbore Geology\rogii-wellbore-geology\data\raw\train\f03f10fe__horizontal_well.csv,C:\Dev\Rogii Wellbore Geology\rogii-wellbore-geology\data\raw\train\f03f10fe__typewell.csv,True,True
f053a1b9,C:\Dev\Rogii Wellbore Geology\rogii-wellbore-geology\data\raw\train\f053a1b9__horizontal_well.csv,C:\Dev\Rogii Wellbore Geology\rogii-wellbore-geology\data\raw\train\f053a1b9__typewell.csv,True,True
f074d277,C:\Dev\Rogii Wellbore Geology\rogii-wellbore-geology\data\raw\train\f074d277__horizontal_well.csv,C:\Dev\Rogii Wellbore Geology\rogii-wellbore-geology\data\raw\train\f074d277__typewell.csv,True,True
f07d7037,C:\Dev\Rogii Wellbore Geology\rogii-wellbore-geology\data\raw\train\f07d7037__horizontal_well.csv,C:\Dev\Rogii Wellbore Geology\rogii-wellbore-geology\data\raw\train\f07d7037__typewell.csv,True,True
f08774c3,C:\Dev\Rogii Wellbore Geology\rogii-wellbore-geology\data\raw\train\f08774c3__horizontal_well.csv,C:\Dev\Rogii Wellbore Geology\rogii-wellbore-geology\data\raw\train\f08774c3__typewell.csv,True,True
f140c2fa,C:\Dev\Rogii Wellbore Geology\rogii-wellbore-geology\data\raw\train\f140c2fa__horizontal_well.csv,C:\Dev\Rogii Wellbore Geology\rogii-wellbore-geology\data\raw\train\f140c2fa__typewell.csv,True,True
f16e25e3,C:\Dev\Rogii Wellbore Geology\rogii-wellbore-geology\data\raw\train\f16e25e3__horizontal_well.csv,C:\Dev\Rogii Wellbore Geology\rogii-wellbore-geology\data\raw\train\f16e25e3__typewell.csv,True,True
f2d4c8c9,C:\Dev\Rogii Wellbore Geology\rogii-wellbore-geology\data\raw\train\f2d4c8c9__horizontal_well.csv,C:\Dev\Rogii Wellbore Geology\rogii-wellbore-geology\data\raw\train\f2d4c8c9__typewell.csv,True,True
f321a31c,C:\Dev\Rogii Wellbore Geology\rogii-wellbore-geology\data\raw\train\f321a31c__horizontal_well.csv,C:\Dev\Rogii Wellbore Geology\rogii-wellbore-geology\data\raw\train\f321a31c__typewell.csv,True,True
f40cd091,C:\Dev\Rogii Wellbore Geology\rogii-wellbore-geology\data\raw\train\f40cd091__horizontal_well.csv,C:\Dev\Rogii Wellbore Geology\rogii-wellbore-geology\data\raw\train\f40cd091__typewell.csv,True,True
f439a621,C:\Dev\Rogii Wellbore Geology\rogii-wellbore-geology\data\raw\train\f439a621__horizontal_well.csv,C:\Dev\Rogii Wellbore Geology\rogii-wellbore-geology\data\raw\train\f439a621__typewell.csv,True,True
f49fdea3,C:\Dev\Rogii Wellbore Geology\rogii-wellbore-geology\data\raw\train\f49fdea3__horizontal_well.csv,C:\Dev\Rogii Wellbore Geology\rogii-wellbore-geology\data\raw\train\f49fdea3__typewell.csv,True,True
f4d12d23,C:\Dev\Rogii Wellbore Geology\rogii-wellbore-geology\data\raw\train\f4d12d23__horizontal_well.csv,C:\Dev\Rogii Wellbore Geology\rogii-wellbore-geology\data\raw\train\f4d12d23__typewell.csv,True,True
f56d3ace,C:\Dev\Rogii Wellbore Geology\rogii-wellbore-geology\data\raw\train\f56d3ace__horizontal_well.csv,C:\Dev\Rogii Wellbore Geology\rogii-wellbore-geology\data\raw\train\f56d3ace__typewell.csv,True,True
f5859199,C:\Dev\Rogii Wellbore Geology\rogii-wellbore-geology\data\raw\train\f5859199__horizontal_well.csv,C:\Dev\Rogii Wellbore Geology\rogii-wellbore-geology\data\raw\train\f5859199__typewell.csv,True,True
f5d8aab6,C:\Dev\Rogii Wellbore Geology\rogii-wellbore-geology\data\raw\train\f5d8aab6__horizontal_well.csv,C:\Dev\Rogii Wellbore Geology\rogii-wellbore-geology\data\raw\train\f5d8aab6__typewell.csv,True,True
f631da6e,C:\Dev\Rogii Wellbore Geology\rogii-wellbore-geology\data\raw\train\f631da6e__horizontal_well.csv,C:\Dev\Rogii Wellbore Geology\rogii-wellbore-geology\data\raw\train\f631da6e__typewell.csv,True,True
f6824bb0,C:\Dev\Rogii Wellbore Geology\rogii-wellbore-geology\data\raw\train\f6824bb0__horizontal_well.csv,C:\Dev\Rogii Wellbore Geology\rogii-wellbore-geology\data\raw\train\f6824bb0__typewell.csv,True,True
f6bc699b,C:\Dev\Rogii Wellbore Geology\rogii-wellbore-geology\data\raw\train\f6bc699b__horizontal_well.csv,C:\Dev\Rogii Wellbore Geology\rogii-wellbore-geology\data\raw\train\f6bc699b__typewell.csv,True,True
f6d009f4,C:\Dev\Rogii Wellbore Geology\rogii-wellbore-geology\data\raw\train\f6d009f4__horizontal_well.csv,C:\Dev\Rogii Wellbore Geology\rogii-wellbore-geology\data\raw\train\f6d009f4__typewell.csv,True,True
f72b268f,C:\Dev\Rogii Wellbore Geology\rogii-wellbore-geology\data\raw\train\f72b268f__horizontal_well.csv,C:\Dev\Rogii Wellbore Geology\rogii-wellbore-geology\data\raw\train\f72b268f__typewell.csv,True,True
f8662c22,C:\Dev\Rogii Wellbore Geology\rogii-wellbore-geology\data\raw\train\f8662c22__horizontal_well.csv,C:\Dev\Rogii Wellbore Geology\rogii-wellbore-geology\data\raw\train\f8662c22__typewell.csv,True,True
f88ddb26,C:\Dev\Rogii Wellbore Geology\rogii-wellbore-geology\data\raw\train\f88ddb26__horizontal_well.csv,C:\Dev\Rogii Wellbore Geology\rogii-wellbore-geology\data\raw\train\f88ddb26__typewell.csv,True,True
f8afa78a,C:\Dev\Rogii Wellbore Geology\rogii-wellbore-geology\data\raw\train\f8afa78a__horizontal_well.csv,C:\Dev\Rogii Wellbore Geology\rogii-wellbore-geology\data\raw\train\f8afa78a__typewell.csv,True,True
f8f59188,C:\Dev\Rogii Wellbore Geology\rogii-wellbore-geology\data\raw\train\f8f59188__horizontal_well.csv,C:\Dev\Rogii Wellbore Geology\rogii-wellbore-geology\data\raw\train\f8f59188__typewell.csv,True,True
f9fc81aa,C:\Dev\Rogii Wellbore Geology\rogii-wellbore-geology\data\raw\train\f9fc81aa__horizontal_well.csv,C:\Dev\Rogii Wellbore Geology\rogii-wellbore-geology\data\raw\train\f9fc81aa__typewell.csv,True,True
fa16d114,C:\Dev\Rogii Wellbore Geology\rogii-wellbore-geology\data\raw\train\fa16d114__horizontal_well.csv,C:\Dev\Rogii Wellbore Geology\rogii-wellbore-geology\data\raw\train\fa16d114__typewell.csv,True,True
fa31da94,C:\Dev\Rogii Wellbore Geology\rogii-wellbore-geology\data\raw\train\fa31da94__horizontal_well.csv,C:\Dev\Rogii Wellbore Geology\rogii-wellbore-geology\data\raw\train\fa31da94__typewell.csv,True,True
fa667be2,C:\Dev\Rogii Wellbore Geology\rogii-wellbore-geology\data\raw\train\fa667be2__horizontal_well.csv,C:\Dev\Rogii Wellbore Geology\rogii-wellbore-geology\data\raw\train\fa667be2__typewell.csv,True,True
fae0c593,C:\Dev\Rogii Wellbore Geology\rogii-wellbore-geology\data\raw\train\fae0c593__horizontal_well.csv,C:\Dev\Rogii Wellbore Geology\rogii-wellbore-geology\data\raw\train\fae0c593__typewell.csv,True,True
fb03ae90,C:\Dev\Rogii Wellbore Geology\rogii-wellbore-geology\data\raw\train\fb03ae90__horizontal_well.csv,C:\Dev\Rogii Wellbore Geology\rogii-wellbore-geology\data\raw\train\fb03ae90__typewell.csv,True,True
fb0904bd,C:\Dev\Rogii Wellbore Geology\rogii-wellbore-geology\data\raw\train\fb0904bd__horizontal_well.csv,C:\Dev\Rogii Wellbore Geology\rogii-wellbore-geology\data\raw\train\fb0904bd__typewell.csv,True,True
fb3848a1,C:\Dev\Rogii Wellbore Geology\rogii-wellbore-geology\data\raw\train\fb3848a1__horizontal_well.csv,C:\Dev\Rogii Wellbore Geology\rogii-wellbore-geology\data\raw\train\fb3848a1__typewell.csv,True,True
fb73b13a,C:\Dev\Rogii Wellbore Geology\rogii-wellbore-geology\data\raw\train\fb73b13a__horizontal_well.csv,C:\Dev\Rogii Wellbore Geology\rogii-wellbore-geology\data\raw\train\fb73b13a__typewell.csv,True,True
fba7683c,C:\Dev\Rogii Wellbore Geology\rogii-wellbore-geology\data\raw\train\fba7683c__horizontal_well.csv,C:\Dev\Rogii Wellbore Geology\rogii-wellbore-geology\data\raw\train\fba7683c__typewell.csv,True,True
fbd68d27,C:\Dev\Rogii Wellbore Geology\rogii-wellbore-geology\data\raw\train\fbd68d27__horizontal_well.csv,C:\Dev\Rogii Wellbore Geology\rogii-wellbore-geology\data\raw\train\fbd68d27__typewell.csv,True,True
fc03f21f,C:\Dev\Rogii Wellbore Geology\rogii-wellbore-geology\data\raw\train\fc03f21f__horizontal_well.csv,C:\Dev\Rogii Wellbore Geology\rogii-wellbore-geology\data\raw\train\fc03f21f__typewell.csv,True,True
fc0d20b2,C:\Dev\Rogii Wellbore Geology\rogii-wellbore-geology\data\raw\train\fc0d20b2__horizontal_well.csv,C:\Dev\Rogii Wellbore Geology\rogii-wellbore-geology\data\raw\train\fc0d20b2__typewell.csv,True,True
fcfcc902,C:\Dev\Rogii Wellbore Geology\rogii-wellbore-geology\data\raw\train\fcfcc902__horizontal_well.csv,C:\Dev\Rogii Wellbore Geology\rogii-wellbore-geology\data\raw\train\fcfcc902__typewell.csv,True,True
fd3b4faa,C:\Dev\Rogii Wellbore Geology\rogii-wellbore-geology\data\raw\train\fd3b4faa__horizontal_well.csv,C:\Dev\Rogii Wellbore Geology\rogii-wellbore-geology\data\raw\train\fd3b4faa__typewell.csv,True,True
fd710aea,C:\Dev\Rogii Wellbore Geology\rogii-wellbore-geology\data\raw\train\fd710aea__horizontal_well.csv,C:\Dev\Rogii Wellbore Geology\rogii-wellbore-geology\data\raw\train\fd710aea__typewell.csv,True,True
fd8f77fa,C:\Dev\Rogii Wellbore Geology\rogii-wellbore-geology\data\raw\train\fd8f77fa__horizontal_well.csv,C:\Dev\Rogii Wellbore Geology\rogii-wellbore-geology\data\raw\train\fd8f77fa__typewell.csv,True,True
fde20ecf,C:\Dev\Rogii Wellbore Geology\rogii-wellbore-geology\data\raw\train\fde20ecf__horizontal_well.csv,C:\Dev\Rogii Wellbore Geology\rogii-wellbore-geology\data\raw\train\fde20ecf__typewell.csv,True,True
fdfd57da,C:\Dev\Rogii Wellbore Geology\rogii-wellbore-geology\data\raw\train\fdfd57da__horizontal_well.csv,C:\Dev\Rogii Wellbore Geology\rogii-wellbore-geology\data\raw\train\fdfd57da__typewell.csv,True,True
febb4411,C:\Dev\Rogii Wellbore Geology\rogii-wellbore-geology\data\raw\train\febb4411__horizontal_well.csv,C:\Dev\Rogii Wellbore Geology\rogii-wellbore-geology\data\raw\train\febb4411__typewell.csv,True,True
fef8af96,C:\Dev\Rogii Wellbore Geology\rogii-wellbore-geology\data\raw\train\fef8af96__horizontal_well.csv,C:\Dev\Rogii Wellbore Geology\rogii-wellbore-geology\data\raw\train\fef8af96__typewell.csv,True,True
ff0aea78,C:\Dev\Rogii Wellbore Geology\rogii-wellbore-geology\data\raw\train\ff0aea78__horizontal_well.csv,C:\Dev\Rogii Wellbore Geology\rogii-wellbore-geology\data\raw\train\ff0aea78__typewell.csv,True,True
ff8bb73a,C:\Dev\Rogii Wellbore Geology\rogii-wellbore-geology\data\raw\train\ff8bb73a__horizontal_well.csv,C:\Dev\Rogii Wellbore Geology\rogii-wellbore-geology\data\raw\train\ff8bb73a__typewell.csv,True,True
ffefef30,C:\Dev\Rogii Wellbore Geology\rogii-wellbore-geology\data\raw\train\ffefef30__horizontal_well.csv,C:\Dev\Rogii Wellbore Geology\rogii-wellbore-geology\data\raw\train\ffefef30__typewell.csv,True,True
