well_id,model,rmse,mae,n_rows
000d7d20,Linear Regression,247.78097445330422,247.6848688292458,5278
00bbac68,Linear Regression,38.17681273149477,36.25591170343562,7559
00e12e8b,Linear Regression,83.52460156753159,82.5441783504811,6384
015fe0d2,Linear Regression,101.55802625202712,99.53136117012959,5950
01869cd4,Linear Regression,80.90368930142078,80.62406625867898,6850
01982c1d,Linear Regression,31.170116775802096,27.640038193786097,5587
028d7b28,Linear Regression,20.637172907136605,15.906125060477889,7761
02e7fe5a,Linear Regression,36.30735269065635,33.022284405732975,6888
0390d174,Linear Regression,183.19543514415068,182.11319245752935,6101
03a935ae,Linear Regression,19.66780496204226,16.94700362708797,4430
044af7d1,Linear Regression,20.695045309953624,17.60693728598203,6067
0498acab,Linear Regression,59.80243890936388,58.98535983283986,6432
052d64df,Linear Regression,211.53286434065828,211.4540433687447,4590
05948241,Linear Regression,36.46725998869491,35.567017211028706,5428
059c8f24,Linear Regression,88.40980012292192,80.63257461042079,7998
05a0ee4d,Linear Regression,328.8660404412099,328.5416587803837,6098
060ab2b8,Linear Regression,128.11702939896702,127.73015090148756,7818
06df5958,Linear Regression,40.42788060970596,39.90923478685008,5039
071d7b45,Linear Regression,124.36565313920491,124.08124968172815,4720
0849b4e2,Linear Regression,60.350476965549355,58.80463013548373,7436
084d66f9,Linear Regression,15.338457079283526,13.779254619839577,5632
08fecf00,Linear Regression,177.92998482968244,176.9197757221884,7405
09053135,Linear Regression,205.1759035620747,205.03487557420138,7715
09441b8d,Linear Regression,30.33843920216446,29.09567078859261,7395
0955cd6c,Linear Regression,69.90721209248873,67.4153897670635,7125
09ec2ca9,Linear Regression,171.32610778201698,170.5190919331465,7824
0a57a29c,Linear Regression,27.390558180881808,26.918077901347843,7194
0bbf5e67,Linear Regression,40.32598739030089,37.91887736191778,6031
0be01c24,Linear Regression,148.72161833698846,148.63801437174,6385
0c1b160c,Linear Regression,69.26245868721404,68.29899065282801,6714
0d99f8e4,Linear Regression,125.91490379435854,125.8056427897151,7522
0dc5e64d,Linear Regression,371.9550596072478,371.0817520569255,6191
0dc835f3,Linear Regression,121.51134005349908,121.0589822060389,5279
0dd99dc5,Linear Regression,18.236386720723406,13.70858136650185,9182
0e5e560d,Linear Regression,287.68526164965715,287.6033449036095,4896
109d9d70,Linear Regression,65.73232861742429,60.76518223408485,5851
10a1281a,Linear Regression,49.39430518660774,47.39491090070879,7353
10b89021,Linear Regression,23.179581150846197,17.764927936985536,7166
10be2420,Linear Regression,104.62769634983181,104.39079133285404,5203
113011eb,Linear Regression,87.18542595731202,85.05625738550015,4561
1131525f,Linear Regression,7.3262045687910575,6.007693086468652,5548
11d0f5ac,Linear Regression,40.09818805218434,39.595016185724155,6378
12203f2a,Linear Regression,215.74371804754966,215.2715280250185,4991
122bd617,Linear Regression,32.49858454550709,31.358957711246198,6408
125be846,Linear Regression,197.39408259394176,197.25511308992398,8033
1285a37b,Linear Regression,84.73089425427418,80.21489673540957,7403
1295a25b,Linear Regression,38.15146830184863,37.422635618362534,7037
12f0cd90,Linear Regression,23.745050167301706,19.624649394133534,7431
137d1e44,Linear Regression,60.42686508261871,55.505024489689475,6313
13ce113d,Linear Regression,129.89257891459,127.83832553300653,4875
13f598d9,Linear Regression,20.729651199179035,13.154282467204363,8934
14a53cb3,Linear Regression,81.53284089699915,79.32718917686663,8780
14ab73fb,Linear Regression,62.7989023541332,60.108418858874614,5279
14ad5efb,Linear Regression,23.76215778562475,20.55532776897658,7352
14fee784,Linear Regression,49.55975009208396,48.381012467042595,6406
153552f5,Linear Regression,99.1525790212455,98.51497628080976,6498
1550491d,Linear Regression,236.17766942523352,235.98723992689293,5929
155887bb,Linear Regression,25.09444355697569,22.79307789739135,7062
1590af81,Linear Regression,157.63714359195112,157.35267917816765,5231
15e154a1,Linear Regression,67.10687511947866,66.2907786820994,7699
1619e2ca,Linear Regression,315.43523146190176,315.24516479834875,6002
16e4a047,Linear Regression,113.26658983043188,112.87948896421155,5684
173ed841,Linear Regression,188.31254365663602,186.67586703803184,6530
1770d7c6,Linear Regression,28.364473149041594,17.199629858714026,9121
177622d7,Linear Regression,30.863935688179186,26.671081577732824,4699
18d24f7b,Linear Regression,34.18506731962994,33.975546557870544,6260
19137a89,Linear Regression,32.08995861013439,22.776680776963648,7958
1944513c,Linear Regression,218.61231564543056,218.28557715838923,6599
197f8a5a,Linear Regression,77.9834702985237,76.61688391988187,8248
19871e7f,Linear Regression,141.69409712649224,138.75556521440075,7152
198a5607,Linear Regression,38.62022969645707,36.799564564467794,8094
19fb4f7b,Linear Regression,65.89716267896114,61.676438810226465,7923
1a518997,Linear Regression,12.160675351955671,6.308509378283944,6544
1a68190b,Linear Regression,63.2511894262397,59.16411102157682,6502
1a730ac2,Linear Regression,43.31728710835571,42.50738410525127,6049
1aaf1da0,Linear Regression,47.81685313068135,45.91924302884606,6321
1b08ed48,Linear Regression,11.30231606321792,9.344917572166057,7175
1b1c5372,Linear Regression,83.97105729497416,82.66524450990185,5792
1b1eba53,Linear Regression,50.66764933826299,45.10383279157118,6710
1b6ba517,Linear Regression,123.64342288569678,122.84080573249335,8611
1b82b665,Linear Regression,108.71766203870872,106.48816396216986,5364
1bcb2fcf,Linear Regression,119.02835039061297,117.94386261576312,6202
1beca81d,Linear Regression,66.76648852520857,65.52956605983111,6650
1d3fbf02,Linear Regression,152.6074731711791,152.0014611649243,4252
1d78281a,Linear Regression,23.665427921151615,22.95913382677717,6810
1e30dedf,Linear Regression,40.81393636378143,33.56185888946075,5474
1e5e3573,Linear Regression,106.86717027642464,104.59285261178458,7126
1f9afacb,Linear Regression,156.22639516629894,155.7988316480214,7054
1fdbba44,Linear Regression,37.033726664099476,31.5100489867901,6333
1fee2b62,Linear Regression,222.4497782754761,221.71097550668642,6323
20096916,Linear Regression,181.08464903567992,180.9112651565094,6880
200d233d,Linear Regression,126.60301117678003,125.83996017065422,5896
201661b5,Linear Regression,87.61621294008947,87.17233553744563,8136
203721ab,Linear Regression,102.29674594032063,101.21415119966902,7235
20402d71,Linear Regression,25.979876999026978,20.07061220577032,7930
2043abc5,Linear Regression,125.54029453722538,124.83026621619784,8513
204cc64b,Linear Regression,163.61339191167957,162.23442599823025,6454
206b6193,Linear Regression,179.10161240338127,178.9375566181914,8568
2075c696,Linear Regression,183.03874972789137,179.52828366082377,5580
22c5f93f,Linear Regression,185.55898557760082,185.32446707073842,6919
230eaaa3,Linear Regression,207.4688727394159,207.31607183878657,6451
2364716c,Linear Regression,37.09528811779909,32.534589886225724,6093
23b9beb0,Linear Regression,144.770973893054,144.61912789443846,8790
24d8997e,Linear Regression,54.299453674889634,52.05563616295284,5188
25050f63,Linear Regression,61.129214418833506,60.61673958237939,7155
25939962,Linear Regression,97.011545699792,96.59276444306352,6071
25fd32b3,Linear Regression,25.66169923864844,23.932190556432275,4546
261785ee,Linear Regression,97.4583547213774,96.88311309153967,5512
264feceb,Linear Regression,12.202022601715903,10.077079398101969,7408
26623a50,Linear Regression,98.1817926471384,97.78945649329916,7479
26d3a96a,Linear Regression,141.2876839034838,139.05276734125852,6465
272abef3,Linear Regression,78.85656084841047,78.58701844778949,5682
27300fd5,Linear Regression,76.58122980697927,73.4314053213421,7386
276b012a,Linear Regression,76.3735636449163,75.31489893589486,6291
27c3155b,Linear Regression,32.370029786176424,29.621545721171678,6941
27ebb9b9,Linear Regression,106.17178855762002,105.60702748616129,7651
283269ac,Linear Regression,228.42955490101448,228.35793178351383,4567
28473855,Linear Regression,85.26677613540572,84.7234342778582,6620
28f4eda9,Linear Regression,36.606482815201566,33.49982775121347,6824
29b24409,Linear Regression,15.48113051369902,14.89929432302026,7417
29de15c8,Linear Regression,226.7352935208011,226.44587180965303,5164
2ab29395,Linear Regression,160.24190750820802,158.665182368131,3325
2ac7cb6b,Linear Regression,11.188950073967838,8.602556621546617,6451
2acc78d4,Linear Regression,48.09661555776524,46.545153923106724,6109
2b034622,Linear Regression,79.33839498689049,76.693197044759,6761
2b06ad65,Linear Regression,251.19786519304293,251.00917222647215,5706
2b547943,Linear Regression,187.9315130455874,187.10925457960485,5131
2be5c96a,Linear Regression,190.13497472633253,189.93835222519408,5753
2bff06cf,Linear Regression,134.1191858854374,131.25935441416664,9174
2c0c4a4e,Linear Regression,16.69725332367902,14.97701536922679,6719
2cee0cba,Linear Regression,110.38753429804414,109.81912526954622,7335
2d0c268a,Linear Regression,59.61624956907922,59.16612307230275,6289
2d179ded,Linear Regression,44.1060127588555,31.667129674939083,9225
2d196986,Linear Regression,66.26931020522409,63.853000981687764,8316
2d2d0c6b,Linear Regression,58.41656161379497,56.69799835725759,6967
2d35f86d,Linear Regression,220.68653735842867,220.23901516821277,6628
2d9f6cb9,Linear Regression,41.90121298854249,38.91556820332146,8627
2ddad940,Linear Regression,24.483956420943006,22.827718071795516,6812
2e29e833,Linear Regression,75.30812983120116,73.26288265538838,7254
2e43c2ea,Linear Regression,88.15991724628674,87.16835095059945,7349
2e63d9de,Linear Regression,22.290186348187227,15.53085305456579,6505
2ee0235b,Linear Regression,13.343326942975015,10.912589281446154,7256
2f19d536,Linear Regression,62.73604206154829,56.583398190154185,4744
2f8e53c3,Linear Regression,28.40205467949479,24.872189457098735,4133
2fa01aa6,Linear Regression,86.39360226612885,82.00953802244518,3860
2fd68f7b,Linear Regression,49.12155220301019,46.94094530002835,6381
2fe023be,Linear Regression,196.09396758982504,195.91578594862472,6060
30d75030,Linear Regression,56.978033408690834,56.06645040259595,5009
310c71a5,Linear Regression,9.470132298940188,8.299292086030858,6988
32fe84c9,Linear Regression,56.41751766556276,51.61713607347535,8163
33c40295,Linear Regression,141.03248587670848,140.71155272233634,5989
3407f5bf,Linear Regression,19.867307219130605,17.162111421956705,5309
3417285d,Linear Regression,19.922132846397723,16.90827053031218,7458
347242c8,Linear Regression,258.634546560295,257.9739429339544,5437
353e5502,Linear Regression,51.43247303999894,50.22628491866592,7901
357c12f9,Linear Regression,37.47269725843084,34.81016661527944,5770
3584a6eb,Linear Regression,43.96706864881562,43.14223641353428,6150
35b30c7f,Linear Regression,66.98329927515098,61.448069554962444,11270
35b3ef6a,Linear Regression,16.84216157802783,15.089776703844784,5736
367456ce,Linear Regression,89.39600533200851,87.83080275231985,7312
368131f9,Linear Regression,183.7451872421594,183.18285109433745,6568
368fe682,Linear Regression,7.69572011180096,6.362204515329508,6416
3690a146,Linear Regression,31.93874701867446,29.450359620389957,5761
37344c2a,Linear Regression,23.537035403921823,16.646480704782217,6943
373ef48b,Linear Regression,35.16884056854503,34.451984418605775,4992
374be387,Linear Regression,92.23214973065144,90.24627707701244,11802
37d36812,Linear Regression,69.27516711614874,68.73678850538649,6017
38991fd4,Linear Regression,69.42493293545294,68.95481145657972,6545
389ae58f,Linear Regression,30.037547089096662,21.619869219011758,8201
3932faa6,Linear Regression,88.02979975117535,86.97019763660863,7388
398dce4b,Linear Regression,64.37284529056707,63.80700579018051,5005
39b51819,Linear Regression,19.841499755625417,18.316590107484608,6382
3a0af893,Linear Regression,86.00333794132993,82.23376310026275,4580
3a223519,Linear Regression,21.622525428374857,20.501128843102045,6581
3a7dd95d,Linear Regression,206.83270254005373,206.2995559753938,4320
3a824aa7,Linear Regression,121.21181671920917,120.97626478038028,5678
3a86fe8d,Linear Regression,16.32513243352884,14.930969735212813,6572
3aaa2b30,Linear Regression,86.20110703254427,84.70069044587348,6396
3ac16ad0,Linear Regression,53.29183966650706,51.737314511147254,7412
3b21ea64,Linear Regression,26.87072152134429,22.373239885152206,9103
3bbe1f5d,Linear Regression,13.977715849936624,9.939225649917521,8184
3bfee975,Linear Regression,87.32141113435752,85.96922737074941,5088
3c3dbcbc,Linear Regression,162.91235726791922,160.25927693947642,6911
3d96d897,Linear Regression,41.17112577773787,40.638966954643884,7147
3df4b19e,Linear Regression,99.7390894896104,99.54892067209231,6658
3e011332,Linear Regression,78.48972143186691,78.06656950410472,4842
3e678ea7,Linear Regression,35.803746853808136,25.274906605739737,8737
3ef6372a,Linear Regression,212.47524359461656,212.3214719488659,6666
3ef98781,Linear Regression,249.72702467582985,249.58482651209437,5343
3f603129,Linear Regression,93.02046810193937,92.3576345605292,6599
404c4384,Linear Regression,33.02021850714891,30.172314717718965,2612
4121c517,Linear Regression,149.31065813715165,149.17530448486588,5471
41fb0192,Linear Regression,49.908233175720504,45.5771638303596,4381
42669188,Linear Regression,59.41068723955102,58.618097397963375,6080
42c538a1,Linear Regression,113.01070437683298,109.80774924325264,4762
43b06c70,Linear Regression,88.76730970005144,87.43877473205694,6590
43c7f85a,Linear Regression,64.36841459889015,63.561267553959205,7484
43e16325,Linear Regression,89.04481795453226,84.09637179823706,5845
44441e54,Linear Regression,31.627769701677934,28.451297088723802,5568
445af6c2,Linear Regression,17.67393230031625,12.707380694010782,7998
4463446c,Linear Regression,202.05109584156642,201.01916634465735,4729
44a94013,Linear Regression,43.416635153217555,42.60973331719178,6492
45fb3e21,Linear Regression,173.30809420170038,173.14969143158436,5626
460f859e,Linear Regression,47.18178940878264,45.925571615205236,4982
4630ab92,Linear Regression,72.80430651875736,72.27039216175092,5307
463c38f2,Linear Regression,57.36736136711849,55.776362186770065,6048
4654e7de,Linear Regression,57.65026092242406,57.421459609878795,7010
466fc788,Linear Regression,49.56734100557905,48.57078280149334,7767
46a301e9,Linear Regression,58.57324471090949,55.92609195025624,9962
46a7190b,Linear Regression,112.99157339861172,106.8760504073434,5646
46d24a09,Linear Regression,38.307155514337026,33.212490982963764,6123
46d41ff6,Linear Regression,38.31059985572323,36.24351794263786,9226
46dfcfca,Linear Regression,112.62881228085742,107.38184834845173,4921
47222616,Linear Regression,20.989456663244436,18.8468259338206,5835
47ee27ab,Linear Regression,166.90846888429562,166.64839697076948,8274
481de5fc,Linear Regression,120.4113039026068,119.85695440728836,7694
48c1f673,Linear Regression,20.768230050637317,17.677267030144446,4666
4936af16,Linear Regression,66.9490714492793,66.40033783819204,5559
493b5b31,Linear Regression,48.34061000187579,44.61568732538341,6884
49dbc14c,Linear Regression,15.474440126813157,14.474049258906465,5198
4a035ec2,Linear Regression,70.64291830937869,67.7271648840004,4522
4a335117,Linear Regression,30.116422991886445,21.93811205184848,6727
4a8ecc0b,Linear Regression,84.76303104263597,84.36314716614076,7374
4b462989,Linear Regression,13.095712793697226,9.849179150904245,4738
4b831d20,Linear Regression,42.386116083891686,34.91254982965487,9433
4c2208f5,Linear Regression,29.46967219227771,23.535271200698702,7248
4c3168cf,Linear Regression,230.7491413645829,230.4912005284227,5959
4c3df468,Linear Regression,25.36108505366431,19.58227819960504,6903
4caa7289,Linear Regression,28.402414783569277,27.800869432353817,6854
4cd1ac61,Linear Regression,122.11852941379973,120.19504636846115,6709
4cecf7b3,Linear Regression,80.1508582974041,79.81934180031435,7676
4ddde4c1,Linear Regression,122.24126857406763,121.82081604346375,6417
4e050c92,Linear Regression,38.6658214970128,36.185462631521226,5236
4ed93db6,Linear Regression,96.02618592198087,95.46152880327034,6496
4f3eb9e9,Linear Regression,133.90026261304618,133.80103306690617,5911
4f4ac5ce,Linear Regression,50.17910684810383,49.83299724831188,6899
4f4afcc6,Linear Regression,10.31608957514096,8.738470445486866,7184
4f69febf,Linear Regression,106.62851266609705,105.28933866894461,7599
4fbe9c06,Linear Regression,19.170646271852217,16.962205101548097,7938
504c8b08,Linear Regression,87.75487802354841,86.18919208974756,8012
511e1db0,Linear Regression,162.83899852550067,160.4393049085699,5645
512943b2,Linear Regression,99.20622455291046,98.99400690307571,6681
5138a660,Linear Regression,94.61672400780691,93.41479334237559,4829
516088b7,Linear Regression,193.2574087540148,193.0057413647086,8300
521a7819,Linear Regression,22.461565341903306,21.580585868428965,7224
5254b6db,Linear Regression,74.73090143974684,70.47756460692874,5115
529e88ca,Linear Regression,28.690377717717617,20.32011656195925,5253
52f1e77a,Linear Regression,39.631789355986946,35.101517021898836,6053
5305524b,Linear Regression,8.42193972093293,6.950633592828788,6457
53134831,Linear Regression,153.45881901600174,151.61391481983574,7214
5397ceb1,Linear Regression,226.42092980115248,226.28725710222432,6811
53f23031,Linear Regression,100.52095296206758,99.82782141589914,10200
543198e8,Linear Regression,115.05493414678479,113.64816170118051,8311
54753541,Linear Regression,91.85206816169634,90.8942495912263,5679
54a7e3c2,Linear Regression,39.576348001099426,38.6552057604389,7893
5542c301,Linear Regression,29.775180425777744,28.3105559821965,5433
5567d551,Linear Regression,6.203941179393751,5.18240630896866,8390
55efee7f,Linear Regression,84.57917537489838,83.3310522800876,6577
5663b2b7,Linear Regression,135.44692060002242,134.7674334022447,6907
5693dde2,Linear Regression,171.0732511941683,170.581958695394,4846
56b00794,Linear Regression,12.98873737086307,10.182331787457592,7293
57796579,Linear Regression,82.40264522479912,80.78241647212754,7622
577eec7c,Linear Regression,39.66131761123069,37.564250074086196,6085
57f05c51,Linear Regression,40.26189463831199,27.81707903040381,6478
58850d2c,Linear Regression,84.1177325606272,81.21790514578034,6918
58fa8486,Linear Regression,81.18614213011759,79.60788570490534,6126
591cc951,Linear Regression,82.34656318091145,81.43245699739352,6669
593876b6,Linear Regression,146.2839780332472,146.1592642374845,6366
59f8b2e8,Linear Regression,53.47197094175536,49.11918620387834,5668
5a1a8fd8,Linear Regression,257.8818394232876,257.4319724473775,6814
5a5269a9,Linear Regression,92.27067614343136,90.44957008367469,8053
5a5d1982,Linear Regression,29.116748302827638,27.32969003482112,5446
5a63b5d1,Linear Regression,108.53971157290401,104.26997595574784,8052
5aa03df7,Linear Regression,34.999819340363054,34.11421786976578,6752
5aa403d0,Linear Regression,12.36326706028845,10.000720224941658,4702
5aef5c6c,Linear Regression,134.1897450622193,133.89493540687923,4853
5b7b6324,Linear Regression,160.83106455404888,159.4770161534585,8197
5bd25f59,Linear Regression,27.694546992564735,20.57626697018611,6120
5beded95,Linear Regression,108.8882598750333,108.46106379149074,4779
5cb483ac,Linear Regression,64.33643107723383,63.245143455727664,5206
5cdd8dbc,Linear Regression,126.15630523620409,124.53610364736427,5751
5d11dfb5,Linear Regression,25.810851880301428,24.08933329193566,7643
5d7198fd,Linear Regression,26.571416600412988,25.340537394669987,4797
5def1ce5,Linear Regression,34.52916209191837,33.268657064899024,7997
5eae34a8,Linear Regression,187.08957246911612,186.63338533832584,6652
5f4d2a52,Linear Regression,163.8433704704278,163.45146875778002,7112
5f6756c5,Linear Regression,136.37826180268027,135.64946665366665,8064
5f75f796,Linear Regression,29.028102610046513,16.959438669889693,7324
5fb1c15f,Linear Regression,33.567522407091616,32.591625737335214,4857
5fffa282,Linear Regression,84.69549824796903,84.32974182130111,6223
60e37807,Linear Regression,105.38532689527645,104.82371000641265,4641
61f27424,Linear Regression,29.230113618098358,26.65348867771399,8341
62569ae3,Linear Regression,18.766979617719056,17.86967226840672,5242
62a6f539,Linear Regression,66.19403049741952,65.07750487469907,5253
633774dc,Linear Regression,53.410578456385764,52.97706962542843,7972
63559d57,Linear Regression,310.06614798968246,309.7353678026461,5810
647f2a41,Linear Regression,180.35264439851045,180.21560937742473,5836
65156b96,Linear Regression,93.80328376581102,89.91380586622768,5046
653612bc,Linear Regression,34.111284503095895,26.597311107711125,5946
656a067b,Linear Regression,165.69503969270434,165.56696450232528,4896
65a5466a,Linear Regression,104.61220839364448,103.93184182441883,6117
660d9546,Linear Regression,19.138745707543723,15.17932978206809,6140
6767c111,Linear Regression,40.946063176930565,36.123002201712666,8354
67847288,Linear Regression,20.151912994798145,12.0542631730498,9174
67a8da4a,Linear Regression,174.27847361277847,173.11229026645265,6645
684a6fc1,Linear Regression,55.81061753586994,53.68260412025836,11449
698930d1,Linear Regression,171.54393063608717,171.43748284939107,6498
699ea575,Linear Regression,72.01237837611673,71.23875301590094,5474
69c1bdad,Linear Regression,206.19420680650185,206.08588821463317,4645
69e41fa6,Linear Regression,34.51642529771744,31.716989365037808,7167
6a0ff78e,Linear Regression,6.769313181897546,4.648184693149627,7890
6a8fa194,Linear Regression,299.5901044350929,298.69228729966335,4657
6ae68655,Linear Regression,230.49301223086138,229.12252268608714,5948
6d1d74e1,Linear Regression,26.475968478136785,20.974862443508083,7316
6d590e26,Linear Regression,120.88087120974808,120.79654090323368,7842
6d6d93af,Linear Regression,75.14968500515032,72.21737494213548,5305
6dbe4b60,Linear Regression,107.93396103587064,107.72023974767889,6673
6e6d122c,Linear Regression,25.779064891215377,25.305087798957675,7083
6e9ccd38,Linear Regression,46.77526880394589,43.79661551039786,9619
6ea22614,Linear Regression,24.405034539312936,21.61809792061691,7894
6ede926a,Linear Regression,15.825009010937762,14.993828181365355,6621
708caea9,Linear Regression,38.15001992101207,33.65652847669228,8482
70925e23,Linear Regression,111.40690818806493,108.5249777017705,8072
70e1788b,Linear Regression,24.256397324383002,22.255327453647563,11338
71642c7d,Linear Regression,21.776679682722744,19.62404273632388,6657
71ccf778,Linear Regression,237.08979508457955,236.60481527766945,4623
7224331b,Linear Regression,77.30224254182511,74.05249539883853,7566
722cf0d8,Linear Regression,21.695011582341856,15.365547231738228,7275
7256229b,Linear Regression,85.24121230850835,84.00312257816827,6972
726f3dc2,Linear Regression,202.3130879890881,202.23042692768442,8619
7271dd80,Linear Regression,17.906571676546942,13.022134307074225,5765
727a3a10,Linear Regression,74.59285968239557,70.25730092172165,6342
729665c0,Linear Regression,171.84647346792562,171.65076646978505,5775
729e9750,Linear Regression,19.893071361555997,17.70635796473889,7427
729f4217,Linear Regression,10.07323220539643,8.356331763263173,7592
72dd8501,Linear Regression,156.622430411414,156.32787618564168,6928
73348914,Linear Regression,51.39557951264668,47.925658012443,5686
739a914f,Linear Regression,145.36852101198596,144.59947472662589,7319
73b1447d,Linear Regression,20.395174088835716,16.417668405542987,7522
74b6186b,Linear Regression,55.35734788857537,54.5552698234104,5148
75c20ec7,Linear Regression,29.657107602438934,27.903417536106645,7205
75cd5f11,Linear Regression,7.383717099606123,4.607015316188405,6410
75d20a82,Linear Regression,128.10571192851205,127.60043795195521,7002
76201745,Linear Regression,86.98595913829601,84.10997383336615,5858
764072a5,Linear Regression,18.26016487572003,17.01781308527634,4594
77b0d905,Linear Regression,60.28726545210719,59.80537019621153,5923
77e4821c,Linear Regression,62.68759236356465,61.91896118017938,6540
7850c72e,Linear Regression,46.47492645028779,34.65425166542973,7712
78a4a386,Linear Regression,140.01568322184534,139.8382249810979,6246
79507629,Linear Regression,130.0527544171247,128.577004661892,7320
796dbd4c,Linear Regression,27.745432059033906,25.282108176244247,8069
7987f2f2,Linear Regression,315.76140843730946,315.3655407377196,5714
7993a768,Linear Regression,108.99983652998785,108.26062228642823,7047
7a5660b0,Linear Regression,19.80454303517919,16.341856990068962,6936
7acda2df,Linear Regression,61.23028703219424,60.68668227008628,4552
7b2c7b3c,Linear Regression,92.4101754168272,92.21602327277685,4231
7b38844c,Linear Regression,93.77877938911945,92.77724510203493,5197
7bb17b96,Linear Regression,87.84054249902432,87.36771366854306,5295
7c607683,Linear Regression,11.530518230432637,7.883538438495443,7001
7cbbd047,Linear Regression,134.86688566605028,134.2716021676711,6790
7cd4bb31,Linear Regression,10.87434460471973,9.403812845017097,7959
7d50373e,Linear Regression,64.98323839485911,64.12072482626107,6494
7d57c75d,Linear Regression,76.18389469735658,74.17895057803915,6147
7e208414,Linear Regression,131.45803424704258,130.76901639210035,5732
7e721392,Linear Regression,144.30666586543268,141.29271358865805,8301
7ff89f8f,Linear Regression,35.9329230981136,32.91660530770182,9539
8050c789,Linear Regression,35.94589231524523,32.56784242770452,4940
807f0298,Linear Regression,31.692259127823625,23.21337877396647,5499
811f52b3,Linear Regression,7.75778110764598,6.032003448584127,6674
81bf5923,Linear Regression,45.098494395929656,37.734864393807875,6386
81fc01c6,Linear Regression,12.680176886890198,11.061239802525561,7655
8255c867,Linear Regression,80.79912224006415,79.7041124762616,5338
82aab6d2,Linear Regression,16.083863241099525,11.699908475706858,7889
82fcf37c,Linear Regression,42.459008815505214,38.534652577090725,7397
833af382,Linear Regression,113.11225447799252,111.2419642024009,5377
8382f4b6,Linear Regression,157.5045427434932,156.97287546650625,6680
84633df4,Linear Regression,17.33259853701565,14.08111410619753,6719
8478df29,Linear Regression,23.692563492079508,21.63471701086027,6698
84815d5a,Linear Regression,82.20938170370752,80.8541538320082,5286
84c3b497,Linear Regression,80.29295961101072,79.78846673324071,6887
85380836,Linear Regression,17.932294410628245,14.145980949933563,8175
8612b37f,Linear Regression,130.30543263144716,129.73366088679305,6807
861e71df,Linear Regression,111.38917532456402,111.04497764900202,6284
86454a6f,Linear Regression,92.62198433242772,90.0382075460016,9100
8648abae,Linear Regression,55.032287007772226,54.191113373958125,6086
865033f8,Linear Regression,54.10815833387632,53.31385160538305,5303
87695469,Linear Regression,211.33521454656875,210.62125862469236,8654
877ed19c,Linear Regression,317.96947384639265,317.32962940289747,5631
87aa3730,Linear Regression,26.662180451701044,23.81976726231944,7293
884ecb5f,Linear Regression,10.540679091008025,6.244517240516996,8054
8902c3f6,Linear Regression,116.86309297129381,116.2101686276046,6533
896d15b9,Linear Regression,127.55640467351884,109.98526241674162,5698
8995c945,Linear Regression,56.2445156567451,48.92951636677921,8198
89969c7a,Linear Regression,81.26601385610711,80.83601468468639,6317
89f1085d,Linear Regression,100.48720872897812,93.03728176962896,7497
89f36adf,Linear Regression,152.89859594063734,150.57611265932866,7041
89fdb2f2,Linear Regression,39.54185950366042,36.817977636721004,3570
8a3da6d1,Linear Regression,192.50768581339787,192.19113070924965,6334
8a89da23,Linear Regression,7.808989540339127,6.1596014250837685,5575
8a9c8932,Linear Regression,29.26111767161164,28.822146684441623,6344
8ac2f237,Linear Regression,152.42637004697087,151.4299329310967,6775
8b12bab6,Linear Regression,159.93075491942804,159.7164840469922,6980
8b5be31b,Linear Regression,75.20346614460486,74.4082663148563,7439
8b95d6d1,Linear Regression,129.22988938575858,128.5948763683463,2783
8b9d8326,Linear Regression,65.74203003661549,63.58760544187879,7832
8bb9c1e6,Linear Regression,8.948641172498268,7.973506922263552,6382
8bda1a11,Linear Regression,45.521196815479854,44.79616307765242,7438
8bfa881d,Linear Regression,88.45347115758408,87.94422385087654,5843
8c167025,Linear Regression,114.98003059633959,113.63845422572683,7113
8c8348e8,Linear Regression,103.64153451777253,97.20634551804291,5581
8cc21f01,Linear Regression,131.4171882541532,131.02824660454192,5806
8cc800b3,Linear Regression,99.00034072406164,94.07012170805062,8091
8d5d46d7,Linear Regression,46.62268433623593,46.20566619694245,7282
8d92cb49,Linear Regression,190.1118746776545,190.03680675019365,4839
8f201368,Linear Regression,20.89674632139321,18.53760059923789,8151
90386ee4,Linear Regression,60.38417077059824,59.9126654177611,5304
91abc4c7,Linear Regression,135.88315984258583,135.2509301844105,7787
91b301ce,Linear Regression,76.1268874758531,73.20129755560086,8512
91db7070,Linear Regression,104.26055146229426,102.4280071165838,5646
925a7cd1,Linear Regression,111.97036999838706,111.17369823235907,6501
9283ae69,Linear Regression,154.63107229360062,154.31066154482247,5118
9298ad5b,Linear Regression,27.196850775250283,26.0264177759639,5807
9314ff13,Linear Regression,200.83816119008364,199.56389328479295,4494
93209a3d,Linear Regression,76.91724330196213,72.95266459810603,6300
939d9c34,Linear Regression,364.53200262637654,364.26576500918486,6627
93f5d2e6,Linear Regression,49.62537936667499,48.31545545229361,5171
940a48d9,Linear Regression,63.99560946187099,62.50775825280011,5627
940e709a,Linear Regression,139.47279798875647,139.0193364219268,4989
9426ec1e,Linear Regression,17.464702181971756,12.48714788303371,3923
94467f50,Linear Regression,11.275519626915534,9.552955605312711,5116
944f36b9,Linear Regression,97.36265248704841,96.80870539340887,6035
94d813a4,Linear Regression,148.02355501559285,145.92457418610513,6591
95b559e7,Linear Regression,19.391800417091833,15.166852805753726,4638
95c8427f,Linear Regression,60.07225669952313,57.00729136019152,8051
96936c22,Linear Regression,17.29976899775486,15.733445841685707,4997
96ae5806,Linear Regression,106.1477267310587,105.72899937349713,11527
96b7eea1,Linear Regression,146.86251547152168,146.6275980753398,6078
9719aa04,Linear Regression,123.82779395452569,123.43807510699175,6665
974802e7,Linear Regression,51.83719083764227,48.29180556907026,7537
97cd5bf9,Linear Regression,15.865569314756977,13.049470468478233,5099
98177ced,Linear Regression,38.493683092296706,25.55777268857386,6789
9896fc0b,Linear Regression,53.82603104548579,52.1368866719471,5109
98bc6f66,Linear Regression,63.875265820290934,62.907830474361695,7720
992c99e8,Linear Regression,108.24157273064273,107.6262578335382,6740
992ce078,Linear Regression,222.82156567568202,222.29164778258902,4661
99529c45,Linear Regression,58.313273865313235,55.70307654117032,7591
995ff498,Linear Regression,31.616042882881068,31.156830369715927,6127
999daf80,Linear Regression,53.281325829779334,50.182538627990084,5439
9a6b0392,Linear Regression,91.50956218784538,88.86665684878206,5802
9a8ae0d6,Linear Regression,88.49613023568902,88.09067693686895,7835
9a95e33f,Linear Regression,110.9656707814037,110.08063082422159,8156
9ab94eeb,Linear Regression,29.445096768027874,26.422912571553773,6372
9ad5410a,Linear Regression,166.7004826276749,165.16943652042326,5749
9ae248be,Linear Regression,37.918800436029336,29.109102166627512,6655
9af1ffd0,Linear Regression,140.38115875682624,140.06555326608344,5454
9b5b61c1,Linear Regression,48.36167450449532,45.60204658645587,7215
9b9e3b49,Linear Regression,93.65512400727133,92.94661013104584,6875
9bd2bba3,Linear Regression,26.994784311012637,19.248259962173798,9092
9c211c53,Linear Regression,122.83987144956139,121.9149743400336,8842
9c350a6a,Linear Regression,159.04029925134205,157.92836594877826,7794
9c8375f7,Linear Regression,102.25810851560423,100.77082111379943,5432
9d072e4c,Linear Regression,324.91551046349724,324.3444421362267,6798
9d3ec64c,Linear Regression,104.50236721507126,102.22401622020075,4937
9d4272e3,Linear Regression,118.2567750509828,115.99633324142188,5771
9d5e14d4,Linear Regression,49.73228769327956,49.31500728623822,6565
9da441ba,Linear Regression,15.838364978940804,11.766331654829763,7283
9dede370,Linear Regression,20.543058235786305,13.045627354955526,8057
9def2eb2,Linear Regression,140.48968947170815,140.1488432569549,7750
9df1b1f9,Linear Regression,77.85566616061661,75.29994531352564,6444
9dfff011,Linear Regression,1048.7584701830035,964.0476508053839,6067
9e3e364d,Linear Regression,343.0220209092675,342.90968267951666,5809
9efc812e,Linear Regression,20.58836926104461,17.869202986726833,6100
9f0c7bae,Linear Regression,96.2110970020542,90.37562484433356,4040
9ffce529,Linear Regression,128.05101073475967,126.60729060930406,6675
a0383629,Linear Regression,132.97315875643415,132.85543329838632,7687
a056d01e,Linear Regression,41.83495259740411,40.732831678283475,8292
a08d9e63,Linear Regression,43.06789858723099,41.30346624415435,5199
a0b83014,Linear Regression,93.64744163846682,92.81109212048656,6873
a0e92ed6,Linear Regression,273.55741944509964,273.2590711548804,6446
a15bc102,Linear Regression,36.4713392172509,35.024545205360965,5124
a247e7cf,Linear Regression,58.92569467420576,58.403243965788356,7237
a2e8e7f6,Linear Regression,120.63119944738789,120.04927108716933,5812
a3518960,Linear Regression,27.966911897911892,24.8878375704941,6992
a3f71395,Linear Regression,52.198461362134246,47.408231658873504,7040
a4719920,Linear Regression,219.32137490524428,219.2470400080452,7495
a48640d9,Linear Regression,32.180820477047895,26.51110173521798,6586
a4cdbb0f,Linear Regression,13.433002616584469,11.119438178403847,6759
a4f989c2,Linear Regression,52.166949410121596,51.6657088387659,7024
a5aa7973,Linear Regression,172.66347090172863,172.35698677667173,6449
a5e6f7dc,Linear Regression,85.87402433314624,82.36613122341116,7331
a612d5a0,Linear Regression,59.1458354109994,57.39993798583816,7160
a622ce4d,Linear Regression,56.11046863917181,53.11169547524537,8047
a645da9a,Linear Regression,118.02229831513479,116.92119252322297,6766
a692b17e,Linear Regression,38.48995302385052,37.26649734986316,5409
a6b8ac67,Linear Regression,58.720186201518004,53.55546385586127,7017
a6ed2eff,Linear Regression,189.07917103874334,188.6522454615171,7054
a6f967fb,Linear Regression,89.76295628872379,81.47224076284235,7032
a76db406,Linear Regression,107.72817914286183,106.66086549559397,6451
a7744f5b,Linear Regression,17.52684129224664,15.850684173210803,6017
a783cc24,Linear Regression,32.14990595361714,28.293450415464214,3275
a79fd2e7,Linear Regression,187.60116147622196,187.44462158968435,6327
a7fc3e6b,Linear Regression,78.33589140905039,76.06717466009734,6378
a85bb86f,Linear Regression,32.252191065234804,29.927683262617062,5100
a85e4bc3,Linear Regression,148.76812126817137,144.34790448567432,5993
a87433c9,Linear Regression,144.76571484021673,144.2386368035231,7460
a8ed028a,Linear Regression,58.29809694902126,54.108452315759784,7310
a959858c,Linear Regression,141.00053436089385,139.8874430919284,5770
a9c9b150,Linear Regression,112.81378805527663,112.68791820145182,5826
aa95015b,Linear Regression,28.4640003493944,27.50161402240163,5761
aaaf3c03,Linear Regression,321.3694834379307,320.4308076799493,4728
aaeffccb,Linear Regression,39.92882618564633,34.72200809017982,4586
ab112491,Linear Regression,208.1501000151517,207.5697849294368,7178
ab18d3fc,Linear Regression,21.48700658803466,20.41222564783117,7337
ab3ced07,Linear Regression,110.99645593648553,110.60102246388844,6008
ab6fe95d,Linear Regression,49.65439782457662,44.510452220922325,7424
ab94878e,Linear Regression,63.89705567365464,61.96487462673855,7652
abf460d2,Linear Regression,35.38347904410416,34.29580172896107,4763
ac6f01d5,Linear Regression,107.96736675190228,106.5374700459741,6729
ad2133a8,Linear Regression,126.3714827158235,125.31550044302644,7187
add9c322,Linear Regression,83.67421078673037,83.11897899789288,5519
ae069086,Linear Regression,103.94500948339478,103.00772872700088,6741
ae0784a8,Linear Regression,72.71204483291916,71.64076667657275,9171
ae35f33a,Linear Regression,20.91774391515322,19.340401306859437,6469
ae8959c3,Linear Regression,46.158664177446205,38.88172896669105,6645
aed44918,Linear Regression,73.54370955855423,66.65460985734282,4020
aee6393a,Linear Regression,20.674082620202554,19.14802127717816,7146
af7a59ce,Linear Regression,73.25697936859339,73.04623585669528,4330
aff4e561,Linear Regression,54.398140894535054,50.3737932254392,7723
b04b58a3,Linear Regression,41.273957468964724,35.82512569283871,5229
b0d42b0d,Linear Regression,131.97243828648965,131.52357595981385,6357
b0f53bf4,Linear Regression,182.02985109558884,180.95402697366924,4202
b19b0395,Linear Regression,98.63502132241796,97.61503382549718,7196
b1efb8a4,Linear Regression,73.16482389870905,72.43800939383026,7562
b32902c0,Linear Regression,81.63805946980709,80.87233422351834,5737
b32e4903,Linear Regression,8.103978339876686,5.720362642831994,7420
b3388334,Linear Regression,92.94779396763941,92.49417812795315,7807
b37fd114,Linear Regression,130.00477559454413,129.44678124750806,9786
b38e3116,Linear Regression,97.62317933035952,96.83152456447458,7954
b4d8dd4f,Linear Regression,16.575787150301412,11.87317784095661,5909
b4f37e6e,Linear Regression,74.63165441728354,73.4330811580626,4499
b56bc0aa,Linear Regression,63.41676282766859,61.586717302982215,7431
b585b4fa,Linear Regression,10.29364310551956,6.839597305992069,5999
b5aa9634,Linear Regression,76.40490552826236,74.04177184285179,8747
b7974e66,Linear Regression,14.050265165860928,11.165353537768397,7170
b7cdcecb,Linear Regression,16.77980188688659,13.552173738468753,7620
b7fea9ef,Linear Regression,33.24547035618092,29.65670345628305,5575
b85f7b06,Linear Regression,342.4494154859074,342.10983704872837,5453
b881d27e,Linear Regression,52.00988463757359,51.37897798999025,5442
b8c49c1a,Linear Regression,76.01320322773724,74.64575614270393,6254
b95e7121,Linear Regression,31.162893229564006,24.427003749587293,7492
b977be4a,Linear Regression,63.66113128289932,58.96171741344752,7495
ba48188d,Linear Regression,17.749546119077614,12.854190278390405,5534
bb2cdd83,Linear Regression,14.071288937121798,9.972250957893714,5665
bb337fa0,Linear Regression,38.18779151537248,37.208638161116944,8216
bb682ebd,Linear Regression,154.07512883430095,153.9204415731865,5931
bc4381e2,Linear Regression,22.60550167243197,20.353136075519746,6885
bcebcc5f,Linear Regression,59.716429712842505,58.70468087923696,7889
bd2c2f34,Linear Regression,53.23730227252171,49.82997449232851,11621
bd4ae5da,Linear Regression,107.60001563973466,107.00617842094543,6905
bd6f0e19,Linear Regression,33.745049820056316,32.912608971916214,6979
bd8f847e,Linear Regression,32.78039584860571,28.90450112168476,6161
be063506,Linear Regression,210.2204703787517,209.8356921367071,6539
be35c8f2,Linear Regression,111.23096845687141,109.37091934012295,5898
be83e781,Linear Regression,57.545638845541454,57.240235380125156,4776
beda8696,Linear Regression,42.146079247047794,37.50116731720403,7868
bf39bc20,Linear Regression,56.20066848589454,54.73482698830536,5047
bf70b410,Linear Regression,56.74317850539577,50.44300167694414,8000
bffe3082,Linear Regression,282.6789867615817,282.25517030195925,7186
c03b9305,Linear Regression,36.084729882126545,32.59265759049545,6067
c03d4aed,Linear Regression,44.07020361941299,39.90686539991746,6375
c03fba65,Linear Regression,13.180826374946106,11.41653963585709,5669
c07fd0cd,Linear Regression,24.527100992617644,21.640382551041558,6035
c1708b88,Linear Regression,26.039811461377848,20.321788397585326,7960
c1d046f4,Linear Regression,62.838498477568045,62.646481304744704,6917
c2717d4f,Linear Regression,223.52281642545935,223.4702452897376,6682
c2c4db09,Linear Regression,62.48639273305435,59.103374626385865,7851
c2c6fc71,Linear Regression,44.40966779960584,42.775458625910176,8840
c36625df,Linear Regression,90.29823281744963,89.81119107152088,6386
c3957531,Linear Regression,29.315276757795445,26.017565629499607,7254
c42fe306,Linear Regression,102.10416447620042,101.44050136552117,7023
c43812e2,Linear Regression,95.18558919856866,91.63117777289938,7293
c472c0b5,Linear Regression,14.85420126375862,11.80167556607759,4867
c47e0767,Linear Regression,64.63875188070743,63.879389093429374,6099
c50b42f6,Linear Regression,28.53554201594646,26.307596595058484,7920
c593337f,Linear Regression,127.55484381548169,126.65003356787328,7118
c59b6c4a,Linear Regression,90.09347098743427,87.27962670917124,7460
c66be2b8,Linear Regression,117.40190562328971,116.52210892770282,6207
c6797dd7,Linear Regression,154.31645864446878,153.93044609344116,6281
c6b782a4,Linear Regression,26.897880341055135,26.192140377211125,6675
c6c96179,Linear Regression,34.30004979448451,31.449031519044002,5813
c70c0e01,Linear Regression,135.77105763404538,134.19476531957915,6057
c84c65be,Linear Regression,205.97788889140884,205.55692454099054,10243
c8d9680c,Linear Regression,123.31494866602122,122.70024717143815,7741
c908edd0,Linear Regression,141.30488063865897,140.42746205771485,6751
c9578d27,Linear Regression,39.407572580077016,38.37223850068141,6202
c96c018a,Linear Regression,106.62337300867063,106.15279049889882,7679
c99f9fae,Linear Regression,222.652335057249,221.85023814751096,8394
c9e6734f,Linear Regression,66.26798568934865,64.01927619062117,6388
c9e980e8,Linear Regression,167.64836878463458,166.68109832679804,6262
c9fedcf3,Linear Regression,24.97901736483334,19.83988417111908,5210
cad13e8f,Linear Regression,51.26071914565817,35.722090332663555,6866
cb34231f,Linear Regression,113.32992282890784,109.50326734461106,7510
cb879f40,Linear Regression,155.915431101665,155.73098335025128,7904
cbb406b5,Linear Regression,35.05899930691783,34.07946652606549,8135
cbe51de1,Linear Regression,381.10096810060645,380.9574329802339,5362
cbe62450,Linear Regression,163.68729354274632,163.56129434999968,7858
cc08aa63,Linear Regression,104.9686829060936,103.6665810630855,5018
cc8a1d57,Linear Regression,152.4349943533887,151.81672145255715,8321
ccedb12b,Linear Regression,156.6282301987959,155.04971584334342,6427
cd7f1687,Linear Regression,166.17368266223696,165.964440886218,5981
cda7eb37,Linear Regression,145.74006421644245,145.30714534778033,7620
cdc31d65,Linear Regression,13.362095979425485,12.289266796873413,6608
cdc60a53,Linear Regression,19.726562526036634,18.578480093558543,7631
ce55ba43,Linear Regression,8.365968532628758,7.051368635163906,5658
ce8399b7,Linear Regression,163.57010733931762,163.11628123895926,3548
cf50c9d1,Linear Regression,56.0096224181731,55.837552134648575,6634
d00e7eb9,Linear Regression,15.502121772090916,8.796452972231611,7321
d011f41b,Linear Regression,50.526549407801106,49.51895242321248,3906
d07aed8f,Linear Regression,81.83899792795347,75.99273918010309,4709
d085e611,Linear Regression,84.9498360509561,83.03325208209267,7852
d0a0e7b5,Linear Regression,120.77199263253853,120.34649941168423,5423
d0a43760,Linear Regression,65.9308052053368,63.060576930359616,5502
d0cb63ae,Linear Regression,32.52684368505237,21.904963025933117,6859
d114d9c2,Linear Regression,21.121499188901236,18.245276438158744,7543
d1457cc5,Linear Regression,26.831514047421823,24.84239795332602,8443
d1ecf309,Linear Regression,223.9444036696984,223.54389053824468,7864
d1ee630d,Linear Regression,51.4405488322118,47.15821372124533,7879
d217e0c5,Linear Regression,22.34271710897365,21.702940395641928,5713
d24ff243,Linear Regression,57.63526105801165,56.10952371821615,7116
d273674e,Linear Regression,64.76839017001817,63.576283325311415,5738
d2f3b1ab,Linear Regression,38.65633385663576,38.050242839601786,7018
d3df146b,Linear Regression,90.30703319171536,88.1745902552132,7252
d40f61d5,Linear Regression,19.0582638142244,16.609300827715824,5880
d41beaf2,Linear Regression,71.0672730950373,70.77546981283652,6592
d463e527,Linear Regression,33.37218852597207,32.09432024685619,6991
d4f60a28,Linear Regression,19.046627220350228,16.834786626292736,6435
d50c649a,Linear Regression,83.57384516632227,82.26573393980165,6548
d543916f,Linear Regression,47.452000764685096,46.178306877219526,6281
d5df0ff5,Linear Regression,82.88714085095707,81.83122802134014,5490
d60430e6,Linear Regression,23.694250715552553,22.994574696155073,4176
d63196fe,Linear Regression,73.26513837884528,71.37373983050291,5881
d6c320d9,Linear Regression,74.50007723121143,74.33423860303485,6946
d6dd7330,Linear Regression,54.9753759345706,54.25875445410699,7660
d7ba4f9d,Linear Regression,27.995269840463017,24.58589779047619,7771
d7eb0be8,Linear Regression,30.27910237780339,24.776957462133563,7208
d84b621b,Linear Regression,12.324974502211784,10.77253984807786,5746
d90aa14c,Linear Regression,45.07438759433746,43.243017164944625,12141
d924e971,Linear Regression,216.20730173473612,215.16500551986587,5308
d9ae59b2,Linear Regression,408.491086400861,407.9193134758628,5150
d9d6d94d,Linear Regression,127.17230988513103,125.36250202468196,6660
d9eca87b,Linear Regression,75.28216707565653,71.38250110145322,7932
da2d4d7c,Linear Regression,188.88697791510415,188.1812710153601,3567
da3bfe4e,Linear Regression,68.3792474563139,67.96971692178002,7107
da3cf798,Linear Regression,15.34600819139587,12.805142957348512,7591
da940160,Linear Regression,110.53275351383438,109.72447629629758,6792
dafc88c3,Linear Regression,100.29694084848884,98.59753390745048,7187
dbee6c86,Linear Regression,25.258174494402095,13.289625979347171,9114
dc5fbe29,Linear Regression,17.82553993661937,16.685764980589916,6555
dc7da28f,Linear Regression,43.58904221343326,40.7361125504301,6672
dc7f9757,Linear Regression,193.95173454293342,192.92192540684238,6203
dd168de0,Linear Regression,167.0259038495835,166.78871973858165,5095
dd64382d,Linear Regression,51.662992716638435,50.503876307275945,5058
dd6bc5b2,Linear Regression,32.84936919475673,30.37053147291595,5764
dd7d638e,Linear Regression,124.02974243337471,122.21496705875097,6046
ddc790ff,Linear Regression,204.80673426662298,204.3611521347818,6468
df71d1ff,Linear Regression,28.71488373653578,24.3675993069367,7879
df73b8f3,Linear Regression,94.03185383344665,92.26927686805537,7150
df8290be,Linear Regression,35.53032188412607,34.40477287658272,5675
e0079ed1,Linear Regression,74.10542301416722,69.51474283331811,5257
e03b45fd,Linear Regression,65.96536201170623,58.83846563620909,7083
e0f36d98,Linear Regression,41.04098540784853,40.16123730928464,6714
e149204f,Linear Regression,38.43826570542151,36.434828072854245,7549
e14d641e,Linear Regression,13.94468758447008,11.859808139116353,4978
e161bd0c,Linear Regression,62.969509978571786,61.14751480599572,4813
e201fd6d,Linear Regression,37.874143741619584,35.54324386713086,6912
e25f1537,Linear Regression,15.470362194631848,13.447431096004214,5018
e2fc7745,Linear Regression,225.69083809826662,225.27809472899688,5343
e32da4ec,Linear Regression,251.68984537239183,251.4108713894349,6148
e3b34f5b,Linear Regression,104.01319789098393,102.6264920329994,7293
e45a2a62,Linear Regression,9.844442583768162,7.560670586547995,6697
e46f4ef4,Linear Regression,61.57714843518901,54.17479195843657,8930
e4726608,Linear Regression,221.54166348584505,221.32575798536087,6268
e5864244,Linear Regression,28.936873148699494,27.858420164008425,6037
e5c92e59,Linear Regression,29.56935669083512,26.50941914066209,5927
e5ff9fd2,Linear Regression,204.23249890981225,203.94647854294334,4198
e6c55748,Linear Regression,16.799973011051367,15.27553819009475,5959
e730c32b,Linear Regression,304.93810015912317,304.63647708871525,6469
e737965a,Linear Regression,129.67358128356292,129.2943252712443,7694
e748dd88,Linear Regression,87.43497433623486,84.94007112027317,6264
e7818f7a,Linear Regression,376.14091301118697,375.0608209427399,6829
e7c36e81,Linear Regression,38.78053478638873,36.873771842953595,5655
e7d0c1de,Linear Regression,127.69549229035735,127.43173826859342,6455
e85074c5,Linear Regression,23.025671805728557,20.057364628395444,7236
e97032ad,Linear Regression,38.14117987325465,36.11455726486131,5654
e9949a23,Linear Regression,116.53593311138825,115.97304850379416,6407
ea0b99b7,Linear Regression,322.6255004139127,322.1047975358582,10939
ea3a0e38,Linear Regression,44.83211756299286,42.25904182462864,11794
ea41324e,Linear Regression,75.6635507249579,75.22750716494869,6839
eabc711b,Linear Regression,192.98537558202446,192.32267622212913,7314
eac10e86,Linear Regression,12.711775746186497,11.026842093145973,7501
eafb863e,Linear Regression,77.44409409609187,75.93500384514519,5317
eb06a4e7,Linear Regression,234.2618101852119,233.83228567276768,6379
eb640a35,Linear Regression,16.448740517817036,14.1541398048673,7782
eb934281,Linear Regression,35.740170877831105,33.48567138017911,7812
eba6605e,Linear Regression,41.94485952377379,37.46851263278257,5719
ebe69318,Linear Regression,78.09836704357156,77.10997404097235,6718
ec0d597b,Linear Regression,41.24175317317152,38.53093386373928,6452
ec13af42,Linear Regression,20.429371103914676,19.67528653582393,7362
ecdab904,Linear Regression,23.49567856313915,22.01997201432579,8176
ecdaf714,Linear Regression,73.73460014099518,72.22512631621872,8240
ed6436d6,Linear Regression,143.48672474545188,142.96457180717107,5027
ed6e6e54,Linear Regression,93.14684254531193,92.45643226699711,7385
edf885a3,Linear Regression,17.012957384937064,14.720435179259837,4863
ee0300f7,Linear Regression,40.60387708856194,38.2692184007715,6161
ee288beb,Linear Regression,65.19984257101876,61.43014904166234,6190
ee4aecac,Linear Regression,11.786151310982131,10.699726261194005,6596
eeda36f5,Linear Regression,53.72788892088927,50.729983769311644,6198
eeed308d,Linear Regression,36.18320392721447,34.831787236371476,5503
ef04658e,Linear Regression,62.05498231466829,61.32370510204926,5664
ef8e3ed0,Linear Regression,21.776986368508965,19.917451616833187,6637
efde6ac3,Linear Regression,103.10427531444024,101.53723573255577,6220
efe96181,Linear Regression,78.91516145637321,74.77468410779396,5464
f0188a48,Linear Regression,32.462586729266405,24.91770481616981,6139
f021b650,Linear Regression,95.32317301357979,91.74418032303521,5610
f03f10fe,Linear Regression,15.464266765569572,13.01873959534688,5823
f053a1b9,Linear Regression,45.64141336977256,44.86581301500943,5952
f074d277,Linear Regression,144.06000188422794,141.28998573532104,3868
f07d7037,Linear Regression,14.082867241685328,12.056177384867453,7688
f08774c3,Linear Regression,46.492818193444954,41.15206688533825,5645
f140c2fa,Linear Regression,76.9249209497828,74.63891431423693,6024
f16e25e3,Linear Regression,18.590673119234232,16.709104832609867,6585
f2d4c8c9,Linear Regression,35.456835055474684,29.664425763322505,7908
f321a31c,Linear Regression,49.74331227958475,45.84907059536225,6555
f40cd091,Linear Regression,156.6400909575978,156.05841684352515,6776
f439a621,Linear Regression,16.062954115686818,12.013532089162764,4695
f49fdea3,Linear Regression,248.4909654378504,247.27468368292875,7027
f4d12d23,Linear Regression,96.44674592913479,94.51472053911952,5448
f56d3ace,Linear Regression,182.36688063496993,181.99260399877738,7383
f5859199,Linear Regression,198.67147588200595,197.0828657699144,7438
f5d8aab6,Linear Regression,116.06836992211294,115.41239033427757,6576
f631da6e,Linear Regression,116.96358048228079,116.87222881443984,5604
f6824bb0,Linear Regression,5.392038502957701,3.3851984115512614,6864
f6bc699b,Linear Regression,44.28492276298534,40.41854168245493,5501
f6d009f4,Linear Regression,35.675326121489995,28.208220642554558,8003
f72b268f,Linear Regression,16.607726579139058,10.456495284563575,7918
f8662c22,Linear Regression,21.445620720950956,19.958904483994004,6957
f88ddb26,Linear Regression,28.277883089743938,25.781994468076007,6585
f8afa78a,Linear Regression,37.19497879867336,36.041173277468246,7367
f8f59188,Linear Regression,8.765273972757143,7.985965601455051,6740
f9fc81aa,Linear Regression,7.848482897902266,5.784928493181364,7113
fa16d114,Linear Regression,36.87161937277746,36.278769382702855,6928
fa31da94,Linear Regression,279.59869498193996,279.0856035984565,6681
fa667be2,Linear Regression,37.03570103233289,30.438814136431173,8798
fae0c593,Linear Regression,81.5136511728049,80.50910039094397,6147
fb03ae90,Linear Regression,59.47633983139345,47.66684198967298,8129
fb0904bd,Linear Regression,18.64350891410123,16.440124062143315,5087
fb3848a1,Linear Regression,123.13144766606251,122.82440038824815,7859
fb73b13a,Linear Regression,70.21775276908546,64.08170614343794,7465
fba7683c,Linear Regression,91.86511769830258,89.5378839434824,2058
fbd68d27,Linear Regression,19.300361871673797,18.41378648806474,8552
fc03f21f,Linear Regression,171.11360759114268,170.61379228056276,6202
fc0d20b2,Linear Regression,20.104378462445197,19.10583146578159,5308
fcfcc902,Linear Regression,84.88841590051987,81.40192365895372,4665
fd3b4faa,Linear Regression,9.855117172069418,8.171880232186238,6956
fd710aea,Linear Regression,65.34780869791,64.81293739705394,5960
fd8f77fa,Linear Regression,78.81152977745995,78.08213834548879,6756
fde20ecf,Linear Regression,35.8548902718356,32.126337063862614,6386
fdfd57da,Linear Regression,17.178492020946365,11.562344603265535,7364
febb4411,Linear Regression,22.816399145637153,18.025545853078416,6275
fef8af96,Linear Regression,12.927293781484346,10.728598469406418,5068
ff0aea78,Linear Regression,207.72269487643652,207.4046388978933,4976
ff8bb73a,Linear Regression,63.515652421686674,60.02917436524548,7670
ffefef30,Linear Regression,24.88199088746777,23.851731175474022,6421
000d7d20,Random Forest,12.729587496178675,11.152593905505764,5278
00bbac68,Random Forest,53.5296769091131,41.765223284578866,7559
00e12e8b,Random Forest,12.758036368254285,8.19420429246586,6384
015fe0d2,Random Forest,44.892984712351094,30.690350141822773,5950
01869cd4,Random Forest,9.320934649681513,6.3339081910178985,6850
01982c1d,Random Forest,191.3071567677997,154.99603483215319,5587
028d7b28,Random Forest,101.75619548460884,83.33045876640637,7761
02e7fe5a,Random Forest,17.395994435177844,15.17307759855855,6888
0390d174,Random Forest,53.423359100877526,32.319825119897644,6101
03a935ae,Random Forest,34.941621420036945,31.828393232690775,4430
044af7d1,Random Forest,85.49670315540604,75.64286712992715,6067
0498acab,Random Forest,18.17852187872519,15.3460379145192,6432
052d64df,Random Forest,7.980148881660329,6.1579085535301985,4590
05948241,Random Forest,21.137071918795954,14.583243133088995,5428
059c8f24,Random Forest,635.6091660760926,567.5558996652293,7998
05a0ee4d,Random Forest,173.2637438829241,152.68420185795108,6098
060ab2b8,Random Forest,25.065107567915124,13.829189848836196,7818
06df5958,Random Forest,106.51901828886608,90.72248470551688,5039
071d7b45,Random Forest,176.592187765033,145.69270336982152,4720
0849b4e2,Random Forest,173.46256456830665,160.4266947317045,7436
084d66f9,Random Forest,18.46489148789046,13.322670777104946,5632
08fecf00,Random Forest,158.6070571733874,143.95088161965688,7405
09053135,Random Forest,35.500275946010866,31.887593512873742,7715
09441b8d,Random Forest,6.031417656462311,4.234482044425112,7395
0955cd6c,Random Forest,38.29802272211183,35.8339898868817,7125
09ec2ca9,Random Forest,14.189886842692072,10.314470596729995,7824
0a57a29c,Random Forest,14.797952178119145,7.946020356221903,7194
0bbf5e67,Random Forest,27.202966451432754,16.31383218930112,6031
0be01c24,Random Forest,22.515051121197803,17.329345965550033,6385
0c1b160c,Random Forest,10.631937341393213,6.819052328819928,6714
0d99f8e4,Random Forest,116.3040524880461,51.516797957252095,7522
0dc5e64d,Random Forest,206.13998832409465,182.3688394766843,6191
0dc835f3,Random Forest,170.98756674927947,156.07274788740682,5279
0dd99dc5,Random Forest,31.94787673472225,22.34102969443269,9182
0e5e560d,Random Forest,216.51780780449127,169.12014801458608,4896
109d9d70,Random Forest,155.84440595428816,88.84858027135148,5851
10a1281a,Random Forest,63.12959467555898,55.86192261329828,7353
10b89021,Random Forest,71.14035703569812,58.2885120363296,7166
10be2420,Random Forest,10.592766006108851,7.490196665262568,5203
113011eb,Random Forest,37.64604962368185,14.986477287996294,4561
1131525f,Random Forest,77.17048275116196,65.45177652727675,5548
11d0f5ac,Random Forest,19.540654365543624,15.27491686122976,6378
12203f2a,Random Forest,45.47148762034652,33.00350856047742,4991
122bd617,Random Forest,21.42430401964318,14.598362521406113,6408
125be846,Random Forest,20.867348345432298,14.187902248455385,8033
1285a37b,Random Forest,91.45167198408438,54.33573359465555,7403
1295a25b,Random Forest,36.8375554646825,30.601943296821943,7037
12f0cd90,Random Forest,25.642598296810853,23.29797609032553,7431
137d1e44,Random Forest,18.836207844530414,14.149832439499889,6313
13ce113d,Random Forest,185.0464614738036,164.86551637502035,4875
13f598d9,Random Forest,33.91673481729043,14.620722177174867,8934
14a53cb3,Random Forest,14.002123113320343,11.079054207791788,8780
14ab73fb,Random Forest,49.686388659196446,45.85359863464272,5279
14ad5efb,Random Forest,25.93647630533158,23.551388210203925,7352
14fee784,Random Forest,21.450104966260515,17.512164942802944,6406
153552f5,Random Forest,11.305306130349795,8.317907478835536,6498
1550491d,Random Forest,177.6859422429367,114.40761016600166,5929
155887bb,Random Forest,51.21621845045247,45.31807077476827,7062
1590af81,Random Forest,21.061399258404144,17.606806521559633,5231
15e154a1,Random Forest,3.0932368869224938,1.3331750547672954,7699
1619e2ca,Random Forest,339.1835328302476,288.7956772374121,6002
16e4a047,Random Forest,15.520788857891578,11.897848567234496,5684
173ed841,Random Forest,47.47741044067482,42.76245528420102,6530
1770d7c6,Random Forest,13.703719272600104,11.20144062473052,9121
177622d7,Random Forest,32.190356186083314,26.462015578603097,4699
18d24f7b,Random Forest,15.070094262299294,11.052389278671056,6260
19137a89,Random Forest,99.24192078515748,72.390367604231,7958
1944513c,Random Forest,36.440876619671336,31.51910862635284,6599
197f8a5a,Random Forest,28.89870492664897,21.922972879300065,8248
19871e7f,Random Forest,52.91753343541653,36.88460223352148,7152
198a5607,Random Forest,25.90547228530836,17.92742581277971,8094
19fb4f7b,Random Forest,105.245882687026,66.50787949145762,7923
1a518997,Random Forest,11.413211801554649,8.14150729219315,6544
1a68190b,Random Forest,12.330432737595487,9.381243193903837,6502
1a730ac2,Random Forest,12.331292497484155,9.819954677457412,6049
1aaf1da0,Random Forest,35.83900874759262,18.901292142380626,6321
1b08ed48,Random Forest,8.928033628584414,7.430633407654447,7175
1b1c5372,Random Forest,13.348726536608194,10.922807267567496,5792
1b1eba53,Random Forest,38.40347705971392,27.91442864670663,6710
1b6ba517,Random Forest,38.493060649607735,18.53541707076634,8611
1b82b665,Random Forest,50.94857382371354,32.66961058473016,5364
1bcb2fcf,Random Forest,109.28859155774394,80.4390249086076,6202
1beca81d,Random Forest,77.82012363038312,60.510148577594364,6650
1d3fbf02,Random Forest,19.370456683393293,13.808580349449073,4252
1d78281a,Random Forest,11.623295432792302,9.691026806056941,6810
1e30dedf,Random Forest,103.2510852064859,85.26427224346018,5474
1e5e3573,Random Forest,39.31059387742675,36.50658883554147,7126
1f9afacb,Random Forest,18.658926185062207,14.642006614676468,7054
1fdbba44,Random Forest,31.0205158525312,23.92316000601871,6333
1fee2b62,Random Forest,334.9517881595675,309.7269347668233,6323
20096916,Random Forest,33.38522150255203,28.105544844805653,6880
200d233d,Random Forest,19.57685465138017,17.83040628915356,5896
201661b5,Random Forest,207.00349505110725,166.98844331685325,8136
203721ab,Random Forest,26.631625171731642,17.579610203970258,7235
20402d71,Random Forest,7.024509528526945,4.434883287573466,7930
2043abc5,Random Forest,30.83017184382483,24.346254047074954,8513
204cc64b,Random Forest,68.19210819536144,62.87163085938756,6454
206b6193,Random Forest,132.78720954070187,98.20121369241059,8568
2075c696,Random Forest,241.1417618533407,207.52363576734143,5580
22c5f93f,Random Forest,12.426243138461473,9.065023038242954,6919
230eaaa3,Random Forest,52.74125113312332,33.839163151,6451
2364716c,Random Forest,9.265555837410725,6.631129045871922,6093
23b9beb0,Random Forest,36.74156509470745,30.762692147164632,8790
24d8997e,Random Forest,5.2473320828770005,4.033214559446337,5188
25050f63,Random Forest,19.55149384127645,16.092315443102915,7155
25939962,Random Forest,89.24319345877579,62.65504306285908,6071
25fd32b3,Random Forest,49.87076953973195,27.694456910553097,4546
261785ee,Random Forest,82.55391325913453,73.44121185816583,5512
264feceb,Random Forest,5.701885949292853,4.353468027264849,7408
26623a50,Random Forest,38.88309089089828,26.90988575607002,7479
26d3a96a,Random Forest,42.788085204960446,30.769760344937318,6465
272abef3,Random Forest,299.15374872993357,253.82648313438688,5682
27300fd5,Random Forest,86.43036443354102,70.05848160339345,7386
276b012a,Random Forest,52.08062065995154,34.775249338583635,6291
27c3155b,Random Forest,18.945297733526086,12.449268317704414,6941
27ebb9b9,Random Forest,82.15523662030532,78.02541166134803,7651
283269ac,Random Forest,14.442468134832275,11.838501797035613,4567
28473855,Random Forest,162.1679997767277,132.32711191897712,6620
28f4eda9,Random Forest,28.417134248447272,20.956882669604497,6824
29b24409,Random Forest,7.354854421192558,6.3358369771696035,7417
29de15c8,Random Forest,97.07262013387755,78.24577126679708,5164
2ab29395,Random Forest,20.28067182294794,17.627260243854707,3325
2ac7cb6b,Random Forest,28.60603429187837,15.578981202006435,6451
2acc78d4,Random Forest,54.34031620066785,37.135841321826675,6109
2b034622,Random Forest,9.914081682381724,6.6992973579811945,6761
2b06ad65,Random Forest,13.76414160689454,4.757711827113947,5706
2b547943,Random Forest,32.47066120086108,27.889998804541467,5131
2be5c96a,Random Forest,75.4873853138713,45.74187195061908,5753
2bff06cf,Random Forest,38.563943717407895,30.80877816200145,9174
2c0c4a4e,Random Forest,25.052939837108653,14.367268548601219,6719
2cee0cba,Random Forest,159.1073995247953,138.45463858211968,7335
2d0c268a,Random Forest,102.58278751742064,89.14372850924576,6289
2d179ded,Random Forest,16.336366906425944,8.500021433298556,9225
2d196986,Random Forest,9.130909724434773,5.581585425042522,8316
2d2d0c6b,Random Forest,127.31026652170706,115.01658362152057,6967
2d35f86d,Random Forest,13.944698946462225,12.076394448446912,6628
2d9f6cb9,Random Forest,7.775342254913588,6.170061034668556,8627
2ddad940,Random Forest,38.749934831505186,30.11655634110545,6812
2e29e833,Random Forest,18.084852780044088,15.34723763800298,7254
2e43c2ea,Random Forest,8.555880746795761,6.496230886883926,7349
2e63d9de,Random Forest,100.9874919641249,76.05061061658216,6505
2ee0235b,Random Forest,24.832309443402593,18.62500698074481,7256
2f19d536,Random Forest,210.36492238749938,183.0760510608542,4744
2f8e53c3,Random Forest,4.512201450955116,3.178374075336288,4133
2fa01aa6,Random Forest,27.921786391370752,22.978489202545028,3860
2fd68f7b,Random Forest,94.92075599658449,47.73340930734873,6381
2fe023be,Random Forest,49.063125294478645,34.75326951683467,6060
30d75030,Random Forest,81.34685306317671,54.316708693300406,5009
310c71a5,Random Forest,14.640869873595015,11.077612527137598,6988
32fe84c9,Random Forest,169.73367490470127,133.06900306593838,8163
33c40295,Random Forest,39.4239247370048,31.96182954463114,5989
3407f5bf,Random Forest,10.348760174657075,7.985849220622871,5309
3417285d,Random Forest,37.527597210413894,27.62013091647834,7458
347242c8,Random Forest,326.4163664008994,231.91611864727125,5437
353e5502,Random Forest,129.97403791263085,113.30943987329209,7901
357c12f9,Random Forest,51.35452136091395,40.72194247678252,5770
3584a6eb,Random Forest,14.37390178823166,7.1676430701275216,6150
35b30c7f,Random Forest,105.46178079569364,74.40503201098576,11270
35b3ef6a,Random Forest,26.12923959857633,20.91340891784023,5736
367456ce,Random Forest,27.875642965665637,21.45658306020841,7312
368131f9,Random Forest,18.71374230157371,13.326893379662845,6568
368fe682,Random Forest,38.11222270358864,28.012762153936862,6416
3690a146,Random Forest,9.875564359518904,6.608724660294424,5761
37344c2a,Random Forest,144.4971606661701,126.174520038951,6943
373ef48b,Random Forest,7.251993648948151,5.2203899541237195,4992
374be387,Random Forest,31.710610118909607,27.082681162877666,11802
37d36812,Random Forest,32.18502121685354,24.737953406598194,6017
38991fd4,Random Forest,6.996680681149732,5.292766362623614,6545
389ae58f,Random Forest,112.05978900253771,81.3008857586806,8201
3932faa6,Random Forest,14.518413624746213,11.58808491609949,7388
398dce4b,Random Forest,4.853991593526769,3.380831597449732,5005
39b51819,Random Forest,141.42499581454032,111.30335684446459,6382
3a0af893,Random Forest,116.23712479108393,90.62167187549905,4580
3a223519,Random Forest,45.48487522188854,33.946833234980616,6581
3a7dd95d,Random Forest,543.5747229036031,481.8242346908219,4320
3a824aa7,Random Forest,24.792451037563193,12.751601199681831,5678
3a86fe8d,Random Forest,50.16681883185192,45.46337377645892,6572
3aaa2b30,Random Forest,24.72148906901252,20.09462874019503,6396
3ac16ad0,Random Forest,8.827008171573896,6.865376048282033,7412
3b21ea64,Random Forest,77.88285270612857,60.962148585823584,9103
3bbe1f5d,Random Forest,17.30323609578879,11.235523542558672,8184
3bfee975,Random Forest,49.978323073170614,42.73762112445124,5088
3c3dbcbc,Random Forest,14.561431196299091,10.918269024948993,6911
3d96d897,Random Forest,13.302445583898846,10.64270141166114,7147
3df4b19e,Random Forest,11.284394775007685,9.210883343319981,6658
3e011332,Random Forest,22.69791504874255,18.873861128046904,4842
3e678ea7,Random Forest,24.690244089143413,19.46125514390176,8737
3ef6372a,Random Forest,39.857621562867855,27.41192359382731,6666
3ef98781,Random Forest,13.363297710228602,9.773525208879972,5343
3f603129,Random Forest,33.962791194816106,29.39532036086594,6599
404c4384,Random Forest,4.961122244982221,3.7069433417062605,2612
4121c517,Random Forest,42.642583369743335,27.801878901374543,5471
41fb0192,Random Forest,23.311851364851005,21.465447509861853,4381
42669188,Random Forest,35.859133203952595,25.84945915030597,6080
42c538a1,Random Forest,366.1706482285964,349.072280290416,4762
43b06c70,Random Forest,12.93480193756201,9.33299710533267,6590
43c7f85a,Random Forest,6.647417899564225,4.883556168507076,7484
43e16325,Random Forest,176.57080010181812,151.2992825613228,5845
44441e54,Random Forest,16.64235191447152,11.679713750102948,5568
445af6c2,Random Forest,15.444725390768852,11.62857181981814,7998
4463446c,Random Forest,191.68833200332267,159.1291431885656,4729
44a94013,Random Forest,19.758045230509072,15.43473833742837,6492
45fb3e21,Random Forest,31.638207047275937,24.215705581079504,5626
460f859e,Random Forest,20.184627283807412,16.395587919109524,4982
4630ab92,Random Forest,81.87295132143369,65.45657633247572,5307
463c38f2,Random Forest,24.16398185345226,20.61221377581242,6048
4654e7de,Random Forest,22.992020148557057,18.19370323273858,7010
466fc788,Random Forest,23.446740922052207,20.235801850454948,7767
46a301e9,Random Forest,177.80221363053113,161.72072404021907,9962
46a7190b,Random Forest,29.286834369174983,15.155568271309692,5646
46d24a09,Random Forest,17.253885751891826,12.327403735020498,6123
46d41ff6,Random Forest,17.134321714844035,12.054529428174087,9226
46dfcfca,Random Forest,12.457946346022856,10.148626323358037,4921
47222616,Random Forest,8.59986438222549,7.230079261790478,5835
47ee27ab,Random Forest,122.1463871882696,81.6645542013733,8274
481de5fc,Random Forest,7.926503262079691,5.784941298688157,7694
48c1f673,Random Forest,35.88595400959686,27.814360437310928,4666
4936af16,Random Forest,36.89819960388786,33.617130879500095,5559
493b5b31,Random Forest,23.58412230693926,16.726741816635666,6884
49dbc14c,Random Forest,51.66757478452161,41.45122444631802,5198
4a035ec2,Random Forest,26.9050769013365,24.324038493323272,4522
4a335117,Random Forest,159.2193624862956,141.219402647759,6727
4a8ecc0b,Random Forest,92.45339816252353,74.96738684171693,7374
4b462989,Random Forest,22.725155423400683,17.7626413878258,4738
4b831d20,Random Forest,28.85353306450949,23.819118271679258,9433
4c2208f5,Random Forest,20.53035611488824,17.761310560891918,7248
4c3168cf,Random Forest,79.30764025432667,57.31066929264905,5959
4c3df468,Random Forest,18.11490836002071,13.394049178040284,6903
4caa7289,Random Forest,6.117963938134213,4.795670023375999,6854
4cd1ac61,Random Forest,40.41765727539156,25.92376470703561,6709
4cecf7b3,Random Forest,60.46539241735611,44.67439846621749,7676
4ddde4c1,Random Forest,23.581640935313924,17.62243112847198,6417
4e050c92,Random Forest,11.328221563069683,9.480100474077744,5236
4ed93db6,Random Forest,8.228938358875082,7.125142765272233,6496
4f3eb9e9,Random Forest,34.681694278314794,26.384178802799823,5911
4f4ac5ce,Random Forest,197.78507346566943,173.66084633494432,6899
4f4afcc6,Random Forest,18.186468551840314,16.43233686500505,7184
4f69febf,Random Forest,18.506731627865342,13.760881836934713,7599
4fbe9c06,Random Forest,11.986157559374037,8.723017858402098,7938
504c8b08,Random Forest,5.7473332907147014,4.411488553267653,8012
511e1db0,Random Forest,146.93386052022055,75.59319543281397,5645
512943b2,Random Forest,9.921324606050385,7.748798922332535,6681
5138a660,Random Forest,37.41831620660818,32.80762002415895,4829
516088b7,Random Forest,38.005248299043366,30.664538313487494,8300
521a7819,Random Forest,10.355776317237126,7.98278312654346,7224
5254b6db,Random Forest,15.959849639175642,9.820231850964198,5115
529e88ca,Random Forest,12.629609498547364,9.63247901123695,5253
52f1e77a,Random Forest,10.885821154494804,7.536124197267177,6053
5305524b,Random Forest,14.062377728642387,11.063343796063307,6457
53134831,Random Forest,28.667013292029935,23.96740065898607,7214
5397ceb1,Random Forest,173.05805128794597,107.42775184293272,6811
53f23031,Random Forest,25.738049279161437,12.785050187956893,10200
543198e8,Random Forest,23.64077249739136,16.97694851950945,8311
54753541,Random Forest,38.64158704374578,12.517649828736875,5679
54a7e3c2,Random Forest,12.374325346274185,9.193172509490156,7893
5542c301,Random Forest,27.033345017105283,20.092430495754563,5433
5567d551,Random Forest,34.16643258551821,30.466146863627362,8390
55efee7f,Random Forest,17.58287773228685,12.74725580389765,6577
5663b2b7,Random Forest,8.205147545107472,3.7317770468583342,6907
5693dde2,Random Forest,205.56232096431165,196.87253790392222,4846
56b00794,Random Forest,54.42889403173423,23.10984860032059,7293
57796579,Random Forest,39.349014416882625,15.932832811142701,7622
577eec7c,Random Forest,12.17200806637525,9.960748129686115,6085
57f05c51,Random Forest,27.384084239561666,20.557867842054165,6478
58850d2c,Random Forest,33.93166079254938,21.15206951111329,6918
58fa8486,Random Forest,7.825100843318365,4.231580806716963,6126
591cc951,Random Forest,6.42293955287121,4.758473704803486,6669
593876b6,Random Forest,54.02665151380064,41.360400057381185,6366
59f8b2e8,Random Forest,40.75708922314322,22.184021527592485,5668
5a1a8fd8,Random Forest,51.76843654288472,37.34321564405338,6814
5a5269a9,Random Forest,22.61636734742454,16.22627899928309,8053
5a5d1982,Random Forest,8.643208391596016,7.631346379094403,5446
5a63b5d1,Random Forest,42.76364299498886,40.717726320078015,8052
5aa03df7,Random Forest,60.723248453411124,48.5564184292199,6752
5aa403d0,Random Forest,17.217716272069346,12.16336653830194,4702
5aef5c6c,Random Forest,170.1604236161769,136.64532847405738,4853
5b7b6324,Random Forest,162.75653540224556,126.19124561207778,8197
5bd25f59,Random Forest,41.40454616170768,30.741048313822354,6120
5beded95,Random Forest,51.624123881360056,37.619405602753744,4779
5cb483ac,Random Forest,14.378999662489825,11.708865309994984,5206
5cdd8dbc,Random Forest,11.845106201106713,8.393767393178742,5751
5d11dfb5,Random Forest,39.939439561952625,32.79460116846361,7643
5d7198fd,Random Forest,128.64468050499278,114.19940683879898,4797
5def1ce5,Random Forest,19.422971459671423,16.33668717356894,7997
5eae34a8,Random Forest,134.99722755417983,95.63246870932048,6652
5f4d2a52,Random Forest,302.82668642328866,262.10062114260535,7112
5f6756c5,Random Forest,186.7404116922351,178.25944097843666,8064
5f75f796,Random Forest,17.183083593695645,13.045732589441606,7324
5fb1c15f,Random Forest,19.178543083137644,13.625748895435963,4857
5fffa282,Random Forest,65.85399624631047,49.51134120183967,6223
60e37807,Random Forest,13.0228770810985,10.057387693598702,4641
61f27424,Random Forest,135.80829507093537,75.05438453506063,8341
62569ae3,Random Forest,108.00463039835142,99.50545040238235,5242
62a6f539,Random Forest,14.10059350230221,11.418699709675959,5253
633774dc,Random Forest,42.94567625652977,27.000023876350078,7972
63559d57,Random Forest,86.40641733444947,52.81877318919336,5810
647f2a41,Random Forest,133.7436681344983,84.74291621982944,5836
65156b96,Random Forest,33.0662540067597,29.011044283302386,5046
653612bc,Random Forest,210.4481273681738,199.7952410457765,5946
656a067b,Random Forest,66.46769728561914,40.065169438789304,4896
65a5466a,Random Forest,36.71113785500338,21.62447122505135,6117
660d9546,Random Forest,32.01261693318903,24.659240831251495,6140
6767c111,Random Forest,43.047976520499645,38.76086530867747,8354
67847288,Random Forest,14.515868796541817,11.296067842609917,9174
67a8da4a,Random Forest,28.783094503335125,23.53542025461998,6645
684a6fc1,Random Forest,4.41379046862923,3.0282227105115442,11449
698930d1,Random Forest,72.59081596710969,47.11591738704146,6498
699ea575,Random Forest,18.07697530159837,15.077869615915716,5474
69c1bdad,Random Forest,44.65136080525397,32.52367389805496,4645
69e41fa6,Random Forest,42.97410028028822,34.160506375558434,7167
6a0ff78e,Random Forest,9.393727154204111,6.772334544824268,7890
6a8fa194,Random Forest,68.0592611641617,36.61506839744267,4657
6ae68655,Random Forest,21.14833118243188,14.814691154979444,5948
6d1d74e1,Random Forest,42.3266635119596,27.86524479638237,7316
6d590e26,Random Forest,334.9938316760235,285.84503199149503,7842
6d6d93af,Random Forest,149.04923728018142,102.43003228296072,5305
6dbe4b60,Random Forest,27.254773453563384,20.838783343765396,6673
6e6d122c,Random Forest,48.547655123487914,33.16050725411771,7083
6e9ccd38,Random Forest,13.699401998732553,10.766413438946966,9619
6ea22614,Random Forest,23.498605464692215,20.164333296886447,7894
6ede926a,Random Forest,7.0744820754593505,5.269071714072095,6621
708caea9,Random Forest,34.021891815076465,19.228368152660547,8482
70925e23,Random Forest,50.99514011501541,45.78182370124994,8072
70e1788b,Random Forest,32.68004776562079,27.48358784722547,11338
71642c7d,Random Forest,39.309646285730615,31.27849546211655,6657
71ccf778,Random Forest,38.31274084243525,26.186371866438574,4623
7224331b,Random Forest,23.017321765138682,18.42377484441324,7566
722cf0d8,Random Forest,17.758788025622763,14.9662252515935,7275
7256229b,Random Forest,41.539234030208625,21.461591826747018,6972
726f3dc2,Random Forest,23.317204375261955,17.56982832841881,8619
7271dd80,Random Forest,6.538694849909108,3.7343488768067834,5765
727a3a10,Random Forest,19.825080525659533,16.814831920036298,6342
729665c0,Random Forest,30.708622654503767,25.747800480023802,5775
729e9750,Random Forest,7.677319802944415,5.528352695606381,7427
729f4217,Random Forest,13.333688296023002,8.554382463902199,7592
72dd8501,Random Forest,27.236220639299667,22.020542998902652,6928
73348914,Random Forest,58.292466236481225,50.6624166030097,5686
739a914f,Random Forest,72.35008998322168,37.07083613833995,7319
73b1447d,Random Forest,28.622673061191325,21.21951276503732,7522
74b6186b,Random Forest,20.709485101323924,16.29247885873789,5148
75c20ec7,Random Forest,251.2017550005759,217.638750351807,7205
75cd5f11,Random Forest,9.00692747695452,7.482269932468197,6410
75d20a82,Random Forest,5.756007914229169,3.1009141475510305,7002
76201745,Random Forest,123.54942032858173,70.13154683234019,5858
764072a5,Random Forest,22.66382153075427,18.09960339972392,4594
77b0d905,Random Forest,15.725286202568848,8.309955430376686,5923
77e4821c,Random Forest,99.90044480429803,75.347300176821,6540
7850c72e,Random Forest,161.5058703351645,147.56871331879736,7712
78a4a386,Random Forest,30.465429563406587,25.84455463156747,6246
79507629,Random Forest,12.549706005379749,8.020738803995844,7320
796dbd4c,Random Forest,25.539847967525397,21.859329209050923,8069
7987f2f2,Random Forest,159.5007388428034,91.01409361097005,5714
7993a768,Random Forest,17.330221058832702,15.923105985546089,7047
7a5660b0,Random Forest,81.54119869585602,70.37745976060958,6936
7acda2df,Random Forest,9.313268122158718,7.827362976482279,4552
7b2c7b3c,Random Forest,18.041652868855092,11.91886814237054,4231
7b38844c,Random Forest,39.32562406573413,32.09101605390654,5197
7bb17b96,Random Forest,18.033089574788374,14.808424411567206,5295
7c607683,Random Forest,5.829462011111732,4.674294817902745,7001
7cbbd047,Random Forest,64.80309529325527,42.94470332816741,6790
7cd4bb31,Random Forest,6.731805825013068,5.256053427662143,7959
7d50373e,Random Forest,31.18976687451474,23.438406136606133,6494
7d57c75d,Random Forest,44.799012472235525,27.205965473801342,6147
7e208414,Random Forest,179.96810356029872,103.50331949050269,5732
7e721392,Random Forest,41.39825132868613,26.085325739688415,8301
7ff89f8f,Random Forest,13.333961251481686,7.438011604933678,9539
8050c789,Random Forest,28.254548072075487,23.941095734957525,4940
807f0298,Random Forest,16.826978095112697,12.36447170285583,5499
811f52b3,Random Forest,15.288402229508257,9.383794245299661,6674
81bf5923,Random Forest,36.29818522666659,29.807847871591704,6386
81fc01c6,Random Forest,17.872489764002147,14.482220966557064,7655
8255c867,Random Forest,10.777867282818619,7.331659509452388,5338
82aab6d2,Random Forest,85.36495715514091,74.44060546780672,7889
82fcf37c,Random Forest,10.857380720149576,8.446910848023693,7397
833af382,Random Forest,20.49692461662747,16.138378119805065,5377
8382f4b6,Random Forest,154.21442831582013,82.69335923177144,6680
84633df4,Random Forest,16.878031418035533,14.071281259994027,6719
8478df29,Random Forest,27.749806135961556,23.141576067095283,6698
84815d5a,Random Forest,44.151705939295475,35.51886928020314,5286
84c3b497,Random Forest,82.05852132661664,74.67415908793929,6887
85380836,Random Forest,12.33509309937421,10.613070850175705,8175
8612b37f,Random Forest,11.562441785442855,9.023678498127229,6807
861e71df,Random Forest,21.859400428290574,17.576800110287905,6284
86454a6f,Random Forest,50.49287647992146,34.4873065133978,9100
8648abae,Random Forest,153.64856033799379,138.2805941268272,6086
865033f8,Random Forest,10.307177919728623,7.774503774366698,5303
87695469,Random Forest,356.3570808097098,245.24612354200855,8654
877ed19c,Random Forest,603.0792145824804,521.071323498502,5631
87aa3730,Random Forest,11.699904537589978,10.463774923519031,7293
884ecb5f,Random Forest,15.303917607552831,11.676109485184094,8054
8902c3f6,Random Forest,6.280882861823646,5.02131455712013,6533
896d15b9,Random Forest,106.66605680722337,72.775306013563,5698
8995c945,Random Forest,48.26066767536408,39.85782306317007,8198
89969c7a,Random Forest,66.40326768742158,43.22615575815743,6317
89f1085d,Random Forest,178.23063784902328,152.01260286916576,7497
89f36adf,Random Forest,64.55534133238652,50.937657381391396,7041
89fdb2f2,Random Forest,7.3798502115578035,3.9762398323715282,3570
8a3da6d1,Random Forest,54.808993153049876,47.13155744422271,6334
8a89da23,Random Forest,15.268446982124066,12.935658168119573,5575
8a9c8932,Random Forest,16.895685912046286,9.899656502221886,6344
8ac2f237,Random Forest,19.51547469312511,17.06301540807514,6775
8b12bab6,Random Forest,44.54644156226355,14.40156919462929,6980
8b5be31b,Random Forest,26.474623447473977,15.000787158964814,7439
8b95d6d1,Random Forest,2.203636071491965,1.2125749287746623,2783
8b9d8326,Random Forest,73.1921671130188,65.7666491538394,7832
8bb9c1e6,Random Forest,18.23706145954028,15.016286138502817,6382
8bda1a11,Random Forest,10.851912581022818,8.535742251562136,7438
8bfa881d,Random Forest,70.93683232459315,44.91135849844481,5843
8c167025,Random Forest,165.3897266348258,80.37219568312376,7113
8c8348e8,Random Forest,96.42835828227258,86.80184355137825,5581
8cc21f01,Random Forest,104.61534255392864,89.2954223796663,5806
8cc800b3,Random Forest,349.1252579517381,274.60153239023674,8091
8d5d46d7,Random Forest,27.190293106167008,13.061621964055321,7282
8d92cb49,Random Forest,19.430884463499265,16.86402432218134,4839
8f201368,Random Forest,11.852000777917274,8.118144467171591,8151
90386ee4,Random Forest,9.265981101221314,6.54981437724937,5304
91abc4c7,Random Forest,62.49932456826623,37.357076477949775,7787
91b301ce,Random Forest,35.11300442519915,20.99545299960569,8512
91db7070,Random Forest,239.64206740559288,226.12271186014485,5646
925a7cd1,Random Forest,40.787897324070364,16.136325208277547,6501
9283ae69,Random Forest,39.06543765436565,24.459792972727307,5118
9298ad5b,Random Forest,238.01780045849995,219.37025667120932,5807
9314ff13,Random Forest,34.284909719735225,27.731118676993834,4494
93209a3d,Random Forest,37.99242685780978,33.174448789568004,6300
939d9c34,Random Forest,74.66579559607526,55.16805458498138,6627
93f5d2e6,Random Forest,98.34506914374234,73.59404483007454,5171
940a48d9,Random Forest,39.1350655142878,32.620106700283095,5627
940e709a,Random Forest,22.954920658564955,20.466476583711373,4989
9426ec1e,Random Forest,30.6289491589226,26.524276665267955,3923
94467f50,Random Forest,34.853433195834604,25.727732922250432,5116
944f36b9,Random Forest,23.07834283533541,16.351628772281384,6035
94d813a4,Random Forest,31.39926552474132,24.282093276932972,6591
95b559e7,Random Forest,12.469310491519892,9.244328171195871,4638
95c8427f,Random Forest,8.079228105305884,6.191632696069183,8051
96936c22,Random Forest,19.296321408388383,14.707640737689669,4997
96ae5806,Random Forest,382.4027218679705,366.04197167464645,11527
96b7eea1,Random Forest,46.63607069442465,30.386327085688972,6078
9719aa04,Random Forest,31.09347417677735,18.96462376759273,6665
974802e7,Random Forest,18.656707775574414,13.605081822167644,7537
97cd5bf9,Random Forest,12.73310530473525,10.116753602479992,5099
98177ced,Random Forest,24.89104603487613,19.50076090308708,6789
9896fc0b,Random Forest,28.519961642545358,23.278437749354985,5109
98bc6f66,Random Forest,12.010896446005718,9.906063161287467,7720
992c99e8,Random Forest,15.908282214907192,12.899989205075805,6740
992ce078,Random Forest,19.032610776426996,12.349699953138536,4661
99529c45,Random Forest,126.28095766732771,110.65580405984377,7591
995ff498,Random Forest,10.72837731256052,9.144979172025362,6127
999daf80,Random Forest,31.78413876978939,25.423134507737036,5439
9a6b0392,Random Forest,127.05942563615037,105.0304278048557,5802
9a8ae0d6,Random Forest,43.137294753951934,38.40289836034814,7835
9a95e33f,Random Forest,53.025819448959076,42.16799869900019,8156
9ab94eeb,Random Forest,134.1933894858105,106.18232213039849,6372
9ad5410a,Random Forest,15.521421757759953,13.611531889075021,5749
9ae248be,Random Forest,31.39428278337616,24.806164724475728,6655
9af1ffd0,Random Forest,17.080141985731846,11.581928515429825,5454
9b5b61c1,Random Forest,50.17327997256873,31.74188566838463,7215
9b9e3b49,Random Forest,50.28566776018201,37.43418767268886,6875
9bd2bba3,Random Forest,10.287955773403406,8.168057949018083,9092
9c211c53,Random Forest,24.925881657830615,18.30573963259601,8842
9c350a6a,Random Forest,425.76261578714104,406.97226999170977,7794
9c8375f7,Random Forest,9.32947736697652,7.134287044776924,5432
9d072e4c,Random Forest,68.78485358337997,42.22342364490249,6798
9d3ec64c,Random Forest,140.6345969349656,119.42879218071472,4937
9d4272e3,Random Forest,68.78709857086643,41.72582688548341,5771
9d5e14d4,Random Forest,23.416423428061478,18.84669785619482,6565
9da441ba,Random Forest,14.834243627972816,13.180787249938025,7283
9dede370,Random Forest,41.8040274432898,35.212358495027324,8057
9def2eb2,Random Forest,36.27622278406375,32.46967688665677,7750
9df1b1f9,Random Forest,159.57520861585485,137.275348304426,6444
9dfff011,Random Forest,19.701115611204585,16.025191462487403,6067
9e3e364d,Random Forest,80.47648183112271,58.89536969603841,5809
9efc812e,Random Forest,13.772174915380578,11.60069881926211,6100
9f0c7bae,Random Forest,52.67088747016613,48.04078313345764,4040
9ffce529,Random Forest,11.248735689791113,8.630215229584216,6675
a0383629,Random Forest,151.24129198561357,139.22437600321365,7687
a056d01e,Random Forest,24.38830755275729,18.595837804889946,8292
a08d9e63,Random Forest,32.42031642756289,13.673443643837535,5199
a0b83014,Random Forest,52.25753186403379,36.75032465885508,6873
a0e92ed6,Random Forest,259.9028782315415,187.33177671272296,6446
a15bc102,Random Forest,17.472971380425307,13.108750174563085,5124
a247e7cf,Random Forest,9.786009356968115,7.358763276973402,7237
a2e8e7f6,Random Forest,8.792624423317106,6.129046338106392,5812
a3518960,Random Forest,28.499574164486468,22.018183285044163,6992
a3f71395,Random Forest,12.706431431352279,9.7338009447493,7040
a4719920,Random Forest,21.502308454847903,17.092568038257276,7495
a48640d9,Random Forest,45.70260662728423,37.16330287461024,6586
a4cdbb0f,Random Forest,33.36764983465487,28.71350505336504,6759
a4f989c2,Random Forest,6.321497017464811,4.201143788759663,7024
a5aa7973,Random Forest,35.602113239761664,23.37277944686834,6449
a5e6f7dc,Random Forest,114.98694632690567,44.18748340644182,7331
a612d5a0,Random Forest,26.85470849912378,23.446372117495766,7160
a622ce4d,Random Forest,24.745466759367766,18.98292822092369,8047
a645da9a,Random Forest,79.4127311118771,52.41959955162369,6766
a692b17e,Random Forest,17.138535103853688,13.932256886111823,5409
a6b8ac67,Random Forest,13.380136053015221,8.846474007181715,7017
a6ed2eff,Random Forest,53.812552608711776,47.38556319803605,7054
a6f967fb,Random Forest,138.9605195597091,126.74966443674386,7032
a76db406,Random Forest,3.097831708553342,2.0795030474712095,6451
a7744f5b,Random Forest,6.177066965901024,4.735404960398313,6017
a783cc24,Random Forest,30.33206692386604,21.133932086935307,3275
a79fd2e7,Random Forest,24.664666089331245,19.75316853333947,6327
a7fc3e6b,Random Forest,112.02815834427344,57.63401902670187,6378
a85bb86f,Random Forest,20.617513332747805,14.829920337964762,5100
a85e4bc3,Random Forest,9.886258569975876,8.163468246036032,5993
a87433c9,Random Forest,157.93608657380256,127.1011323401564,7460
a8ed028a,Random Forest,38.780211038909144,34.873119544566094,7310
a959858c,Random Forest,79.47029369561584,60.76369890119853,5770
a9c9b150,Random Forest,18.076612196622776,14.34239714284467,5826
aa95015b,Random Forest,33.04101773988534,29.163827366137806,5761
aaaf3c03,Random Forest,188.96792415511473,110.61733714676849,4728
aaeffccb,Random Forest,10.539032313280334,8.12209231642064,4586
ab112491,Random Forest,200.8996572045155,159.39898275963867,7178
ab18d3fc,Random Forest,55.64472780391442,32.006386543278126,7337
ab3ced07,Random Forest,42.84805859300497,25.247402103856857,6008
ab6fe95d,Random Forest,15.829959808756058,7.762130594793548,7424
ab94878e,Random Forest,23.393911576657455,20.783874933337813,7652
abf460d2,Random Forest,15.238276084083335,11.362281103037812,4763
ac6f01d5,Random Forest,163.40194396004998,108.56082095000005,6729
ad2133a8,Random Forest,14.649098329869057,12.094232471855804,7187
add9c322,Random Forest,34.481317433740045,26.728277161467336,5519
ae069086,Random Forest,9.890350418302923,7.250066293413692,6741
ae0784a8,Random Forest,158.72135787948048,94.54920035620889,9171
ae35f33a,Random Forest,102.41900428389796,85.51506513054035,6469
ae8959c3,Random Forest,50.359415047200315,38.81050590088427,6645
aed44918,Random Forest,193.20674204007184,163.9430616203537,4020
aee6393a,Random Forest,78.82669409032066,55.99957141719024,7146
af7a59ce,Random Forest,56.929583715124075,42.91655432322054,4330
aff4e561,Random Forest,11.334579414207646,9.827422126105832,7723
b04b58a3,Random Forest,136.1089524549902,108.12754394506446,5229
b0d42b0d,Random Forest,196.41876174411195,159.91594643688163,6357
b0f53bf4,Random Forest,94.58604735833136,86.65071487158247,4202
b19b0395,Random Forest,11.009499157474174,9.161596615805244,7196
b1efb8a4,Random Forest,34.37858032971816,22.968590747684555,7562
b32902c0,Random Forest,33.11301792306029,28.90736639318903,5737
b32e4903,Random Forest,17.108514926701982,14.580734311346745,7420
b3388334,Random Forest,42.86048070681612,38.48705569242958,7807
b37fd114,Random Forest,36.720235144915755,32.33811520193217,9786
b38e3116,Random Forest,27.513886039177503,14.179050434074686,7954
b4d8dd4f,Random Forest,18.060719316761432,12.230485196136275,5909
b4f37e6e,Random Forest,13.169168423869001,6.848459883231786,4499
b56bc0aa,Random Forest,11.043878898181859,9.5256850188273,7431
b585b4fa,Random Forest,19.013487666578524,15.273925150059942,5999
b5aa9634,Random Forest,12.31359452906587,7.529442195919433,8747
b7974e66,Random Forest,9.46333605625387,7.177151691955368,7170
b7cdcecb,Random Forest,15.583280841754302,10.45496567048744,7620
b7fea9ef,Random Forest,28.469239338109688,21.905148373135166,5575
b85f7b06,Random Forest,601.0842667953905,531.369727894369,5453
b881d27e,Random Forest,30.287211996461703,17.794374837258047,5442
b8c49c1a,Random Forest,15.211946193240568,11.443165452156519,6254
b95e7121,Random Forest,25.67392663941417,22.750905471275527,7492
b977be4a,Random Forest,17.795674218196407,13.059908765656424,7495
ba48188d,Random Forest,85.28578858551752,70.85472229506856,5534
bb2cdd83,Random Forest,8.261135134691017,5.514150311629515,5665
bb337fa0,Random Forest,58.72505616278289,39.09488529113784,8216
bb682ebd,Random Forest,75.73254295136036,53.26444997142301,5931
bc4381e2,Random Forest,17.680112939119518,13.529641103460508,6885
bcebcc5f,Random Forest,6.057690155780921,2.5795939853528327,7889
bd2c2f34,Random Forest,20.696902595225243,17.492176234699087,11621
bd4ae5da,Random Forest,79.95477290579701,64.40122575175687,6905
bd6f0e19,Random Forest,41.6871639226889,27.347181059088044,6979
bd8f847e,Random Forest,30.73131361415965,23.97440026566382,6161
be063506,Random Forest,10.6040275323353,8.516735451397278,6539
be35c8f2,Random Forest,140.45489825764633,100.24534831443921,5898
be83e781,Random Forest,47.160493081111696,36.07617289825069,4776
beda8696,Random Forest,12.833845663666393,10.389756739491848,7868
bf39bc20,Random Forest,7.261069845498515,5.508113239102149,5047
bf70b410,Random Forest,17.26985640982352,14.715989320452023,8000
bffe3082,Random Forest,424.3209945702504,399.0524701057169,7186
c03b9305,Random Forest,32.281533247374284,23.09740459918654,6067
c03d4aed,Random Forest,9.360484472197426,7.694370741125756,6375
c03fba65,Random Forest,50.95903333648928,41.64653525412271,5669
c07fd0cd,Random Forest,30.873172025961342,26.53576889944772,6035
c1708b88,Random Forest,46.59633579870695,41.53403258401463,7960
c1d046f4,Random Forest,29.214443473710197,26.64268079446348,6917
c2717d4f,Random Forest,32.980894417221805,28.181155195536082,6682
c2c4db09,Random Forest,12.458917559270875,9.987973699020023,7851
c2c6fc71,Random Forest,41.77957579628404,32.35910502581263,8840
c36625df,Random Forest,86.08129365793226,64.17974351863485,6386
c3957531,Random Forest,42.58165617503674,34.75229353629075,7254
c42fe306,Random Forest,56.2918827025414,29.373305575341504,7023
c43812e2,Random Forest,25.292608227705298,19.28956011903376,7293
c472c0b5,Random Forest,29.115378701528574,21.724390928115735,4867
c47e0767,Random Forest,25.510649047483305,18.4301400136111,6099
c50b42f6,Random Forest,40.751843472413476,18.89639856072594,7920
c593337f,Random Forest,209.30807894241588,184.65596847977233,7118
c59b6c4a,Random Forest,22.38792710556098,17.18473138731645,7460
c66be2b8,Random Forest,144.97472751528227,108.93300381582448,6207
c6797dd7,Random Forest,14.202519525155166,11.534649276193088,6281
c6b782a4,Random Forest,11.843231422828477,8.08435875820139,6675
c6c96179,Random Forest,61.63523105375736,53.022641731950436,5813
c70c0e01,Random Forest,59.39925530164775,36.59382773944246,6057
c84c65be,Random Forest,308.0845725924175,191.6284101374018,10243
c8d9680c,Random Forest,502.81081293952934,450.82964902494564,7741
c908edd0,Random Forest,21.585919733228668,20.06852700941657,6751
c9578d27,Random Forest,14.806761095398699,10.915436868209309,6202
c96c018a,Random Forest,13.016589060980971,10.056007072343041,7679
c99f9fae,Random Forest,61.18943326266282,54.635210528747514,8394
c9e6734f,Random Forest,26.338040710136735,23.4765727361426,6388
c9e980e8,Random Forest,5.96469138598515,4.7171902356127395,6262
c9fedcf3,Random Forest,17.078185064102332,13.555222141944984,5210
cad13e8f,Random Forest,33.479481753804166,12.205528470888778,6866
cb34231f,Random Forest,48.36962510593783,40.318192093024265,7510
cb879f40,Random Forest,433.78443320119084,364.31444233424173,7904
cbb406b5,Random Forest,197.12706298139767,163.71651943665034,8135
cbe51de1,Random Forest,672.7714170382553,613.4739391525318,5362
cbe62450,Random Forest,440.59052492280813,374.95989843726755,7858
cc08aa63,Random Forest,11.794795887457845,9.122198998055833,5018
cc8a1d57,Random Forest,20.56070815649139,17.52261894717903,8321
ccedb12b,Random Forest,16.07408892239459,13.122683666101844,6427
cd7f1687,Random Forest,22.431603788665974,20.42012092513407,5981
cda7eb37,Random Forest,9.671589628332805,6.834127303197955,7620
cdc31d65,Random Forest,52.25687366361585,44.797419681030206,6608
cdc60a53,Random Forest,6.77053649576435,5.444177808507322,7631
ce55ba43,Random Forest,99.58771644471247,64.27568617302155,5658
ce8399b7,Random Forest,23.216519560181222,11.397015129316967,3548
cf50c9d1,Random Forest,16.134386686566227,13.248515440107022,6634
d00e7eb9,Random Forest,236.1883078773482,205.75239936594596,7321
d011f41b,Random Forest,8.177709426158776,6.559513606488845,3906
d07aed8f,Random Forest,123.66848267418726,115.2976373638891,4709
d085e611,Random Forest,69.10689220853965,32.29211903784707,7852
d0a0e7b5,Random Forest,39.11033926898871,31.82161675046899,5423
d0a43760,Random Forest,23.13053085784721,18.610638560642098,5502
d0cb63ae,Random Forest,15.122645254080638,10.655216980541656,6859
d114d9c2,Random Forest,6.266469101426006,4.876730609067585,7543
d1457cc5,Random Forest,23.594693529876142,10.337453142687162,8443
d1ecf309,Random Forest,125.47682029755953,58.581727098777165,7864
d1ee630d,Random Forest,37.35896912039541,33.89621252382928,7879
d217e0c5,Random Forest,13.386608872386713,9.63766840044931,5713
d24ff243,Random Forest,11.71105841614864,6.981798449611051,7116
d273674e,Random Forest,18.831708442572275,12.747162153819538,5738
d2f3b1ab,Random Forest,32.45570453112781,21.62930173587567,7018
d3df146b,Random Forest,35.010525189478116,32.975266360340655,7252
d40f61d5,Random Forest,6.343074275975275,4.897749373497031,5880
d41beaf2,Random Forest,11.816319654290565,9.825245108783257,6592
d463e527,Random Forest,176.70167320784222,134.53404150705117,6991
d4f60a28,Random Forest,40.971420740151075,29.94316185463894,6435
d50c649a,Random Forest,18.527670399967658,16.60054222495881,6548
d543916f,Random Forest,15.207570001503617,10.915125333448172,6281
d5df0ff5,Random Forest,64.67997563082048,59.578877236292634,5490
d60430e6,Random Forest,220.80047076895423,194.3608515616745,4176
d63196fe,Random Forest,8.949036558941122,6.266598555376336,5881
d6c320d9,Random Forest,16.121123445328337,12.478707903162237,6946
d6dd7330,Random Forest,10.97517403137241,8.230160872928286,7660
d7ba4f9d,Random Forest,45.32796904631306,39.4438229650397,7771
d7eb0be8,Random Forest,33.75873213782414,22.47371322025199,7208
d84b621b,Random Forest,16.23766860260349,9.285898881749711,5746
d90aa14c,Random Forest,29.059124154693308,24.225746703173705,12141
d924e971,Random Forest,129.45585725120466,115.81881400227894,5308
d9ae59b2,Random Forest,54.884314258402114,27.079287236362674,5150
d9d6d94d,Random Forest,43.1715811309026,32.9700141905164,6660
d9eca87b,Random Forest,13.85422306610534,11.867842951464043,7932
da2d4d7c,Random Forest,49.36495719759411,39.33166287804617,3567
da3bfe4e,Random Forest,19.40809730989633,14.532007151874343,7107
da3cf798,Random Forest,40.89866730988332,25.252872975183394,7591
da940160,Random Forest,11.479549742960138,9.346467292467295,6792
dafc88c3,Random Forest,44.084623697874925,23.311327897819282,7187
dbee6c86,Random Forest,20.511532466282507,16.484347938825437,9114
dc5fbe29,Random Forest,91.37621078869041,85.46082817104501,6555
dc7da28f,Random Forest,5.778329341808679,4.123177254999293,6672
dc7f9757,Random Forest,79.98897240851805,73.81288037251771,6203
dd168de0,Random Forest,9.857644574705004,7.870240853346278,5095
dd64382d,Random Forest,7.954683303077814,6.537426412577151,5058
dd6bc5b2,Random Forest,63.643290472353776,34.36415930666989,5764
dd7d638e,Random Forest,4.093823001290929,3.172826408412435,6046
ddc790ff,Random Forest,43.075185044167284,30.12741064214793,6468
df71d1ff,Random Forest,13.308288526608495,9.39584369978873,7879
df73b8f3,Random Forest,61.80057526100363,45.28043798664911,7150
df8290be,Random Forest,19.04172838372804,15.817501329598079,5675
e0079ed1,Random Forest,115.97110645328958,92.74684826932476,5257
e03b45fd,Random Forest,43.39893209201509,30.59284602186756,7083
e0f36d98,Random Forest,55.75535580558024,47.874750033221154,6714
e149204f,Random Forest,4.285751107730132,3.3539505328802908,7549
e14d641e,Random Forest,23.883748262815704,19.9492266174315,4978
e161bd0c,Random Forest,43.910522164247446,27.121417290196778,4813
e201fd6d,Random Forest,167.94471770879363,157.00444556272535,6912
e25f1537,Random Forest,58.17177340126458,38.70674632185285,5018
e2fc7745,Random Forest,24.184926471269343,16.506171707726303,5343
e32da4ec,Random Forest,47.64165959247242,36.953912171530206,6148
e3b34f5b,Random Forest,116.9853808213584,99.40246242706402,7293
e45a2a62,Random Forest,21.63125045523013,16.58522064925374,6697
e46f4ef4,Random Forest,80.69852576998706,63.001743445888046,8930
e4726608,Random Forest,63.616872756765055,41.31541202524555,6268
e5864244,Random Forest,61.03290034864102,45.98602625011412,6037
e5c92e59,Random Forest,50.11967714230784,33.31512475384008,5927
e5ff9fd2,Random Forest,335.01649211916884,313.38315323255875,4198
e6c55748,Random Forest,12.249712197478072,9.76190095354688,5959
e730c32b,Random Forest,485.8691599811332,458.96497197275755,6469
e737965a,Random Forest,208.88355392381334,178.89128533464776,7694
e748dd88,Random Forest,19.235091535773932,17.65661169757958,6264
e7818f7a,Random Forest,142.82820504388684,84.08623991973177,6829
e7c36e81,Random Forest,12.014311010972326,8.336881850613716,5655
e7d0c1de,Random Forest,12.819824115403582,8.508711952845305,6455
e85074c5,Random Forest,156.09568717307332,140.3130674315171,7236
e97032ad,Random Forest,25.98844212251292,14.79358206771582,5654
e9949a23,Random Forest,12.319304298989596,8.216955925530188,6407
ea0b99b7,Random Forest,390.2828839005713,382.02495340025996,10939
ea3a0e38,Random Forest,17.023861063139353,10.583829328892394,11794
ea41324e,Random Forest,8.654950690710823,6.830031021016668,6839
eabc711b,Random Forest,40.32121531165977,16.985725431229685,7314
eac10e86,Random Forest,17.137839921163994,15.066848986396428,7501
eafb863e,Random Forest,13.191490038858358,9.743394028614555,5317
eb06a4e7,Random Forest,248.51053056823253,185.4406719787351,6379
eb640a35,Random Forest,33.34439883560749,25.82287246152414,7782
eb934281,Random Forest,106.10588795407136,82.28564209011796,7812
eba6605e,Random Forest,42.98661056544445,38.255513642573256,5719
ebe69318,Random Forest,106.74229242599932,82.01347554803496,6718
ec0d597b,Random Forest,23.07963246571246,15.695880966854796,6452
ec13af42,Random Forest,22.15213220386339,18.86261164978102,7362
ecdab904,Random Forest,31.928646941123855,26.530421106475544,8176
ecdaf714,Random Forest,25.21400369689397,19.068981131566165,8240
ed6436d6,Random Forest,13.258616452129212,8.752528201693174,5027
ed6e6e54,Random Forest,14.029031829980312,9.85178651183985,7385
edf885a3,Random Forest,37.19990507577338,33.199240646878195,4863
ee0300f7,Random Forest,31.732693971070304,25.92002313529912,6161
ee288beb,Random Forest,176.43719397904383,168.6036437548157,6190
ee4aecac,Random Forest,60.37458056712826,40.238109584918,6596
eeda36f5,Random Forest,31.424024278011085,24.537611124561035,6198
eeed308d,Random Forest,10.211801303551445,8.202340526662953,5503
ef04658e,Random Forest,20.52716656404893,8.548025025702678,5664
ef8e3ed0,Random Forest,13.312834572807633,8.71932612671325,6637
efde6ac3,Random Forest,10.603911036246213,7.047402809930704,6220
efe96181,Random Forest,93.65776152009488,42.42597415803461,5464
f0188a48,Random Forest,60.01778583499274,50.59985464359994,6139
f021b650,Random Forest,93.12827454831705,87.57462091789763,5610
f03f10fe,Random Forest,6.998130863384895,5.36500010237165,5823
f053a1b9,Random Forest,44.216314159644305,31.844785051523623,5952
f074d277,Random Forest,179.9966595266295,178.37010773680547,3868
f07d7037,Random Forest,43.97036933212018,35.776145399943836,7688
f08774c3,Random Forest,25.75282993469703,14.308190337676756,5645
f140c2fa,Random Forest,12.698137568095952,7.941090817385147,6024
f16e25e3,Random Forest,5.243170970197512,3.502432800616529,6585
f2d4c8c9,Random Forest,21.89190443419244,17.87897692235311,7908
f321a31c,Random Forest,54.83337396057836,41.569239177486615,6555
f40cd091,Random Forest,45.44393386414688,20.45227298617166,6776
f439a621,Random Forest,25.199444684639122,19.622331813225575,4695
f49fdea3,Random Forest,80.63218136331984,55.295842882326184,7027
f4d12d23,Random Forest,5.148688547199838,3.8294025584082627,5448
f56d3ace,Random Forest,46.54299621335935,43.61084505552378,7383
f5859199,Random Forest,164.74301387063542,130.5013807352077,7438
f5d8aab6,Random Forest,19.142185419238963,12.434302425987662,6576
f631da6e,Random Forest,122.43752373303968,93.1058733271482,5604
f6824bb0,Random Forest,5.189212541309291,3.7307414065293054,6864
f6bc699b,Random Forest,16.133944037674567,12.498245742577785,5501
f6d009f4,Random Forest,107.68678449083781,83.40904212105816,8003
f72b268f,Random Forest,12.514185032630676,7.6547154025583835,7918
f8662c22,Random Forest,28.600759035610697,24.091350282232572,6957
f88ddb26,Random Forest,23.142393291606698,17.24262792961107,6585
f8afa78a,Random Forest,12.936786886427372,11.286753527514286,7367
f8f59188,Random Forest,75.17974691803207,51.692810933816645,6740
f9fc81aa,Random Forest,13.41938834996205,11.46400759271438,7113
fa16d114,Random Forest,35.58262271699941,32.042814986097135,6928
fa31da94,Random Forest,63.99184984847168,48.28299685329953,6681
fa667be2,Random Forest,26.68862124641668,22.129596202438016,8798
fae0c593,Random Forest,23.399624689230325,17.59174700835345,6147
fb03ae90,Random Forest,40.837852729259104,36.96927568610113,8129
fb0904bd,Random Forest,35.724428952308635,25.37756060134691,5087
fb3848a1,Random Forest,83.25262040776194,48.33249332319951,7859
fb73b13a,Random Forest,119.47421532820084,93.73118182533969,7465
fba7683c,Random Forest,28.964781171713376,16.79758619787205,2058
fbd68d27,Random Forest,12.847017622325005,10.535092794037821,8552
fc03f21f,Random Forest,16.02644704937861,12.733831758825096,6202
fc0d20b2,Random Forest,27.142964135003176,14.69089018273456,5308
fcfcc902,Random Forest,38.61746606985209,30.15374400866131,4665
fd3b4faa,Random Forest,32.54133246132459,26.745686241749137,6956
fd710aea,Random Forest,14.168286871955035,11.401352693320517,5960
fd8f77fa,Random Forest,26.40357270091277,22.819252197126623,6756
fde20ecf,Random Forest,17.037178087418184,11.550571674439835,6386
fdfd57da,Random Forest,19.223409795941983,16.062876566498062,7364
febb4411,Random Forest,48.91224214798634,43.25686646528464,6275
fef8af96,Random Forest,47.349548852581826,33.94062005690519,5068
ff0aea78,Random Forest,129.07338041518454,116.80610745472379,4976
ff8bb73a,Random Forest,25.092604027255366,21.168231534087557,7670
ffefef30,Random Forest,36.82011905421097,27.82974894309521,6421
