id,tvt
000d7d20_1442,11770.38003587173
000d7d20_1443,11770.38003587173
000d7d20_1444,11770.38003587173
000d7d20_1445,11773.155031275466
000d7d20_1446,11773.13194531103
000d7d20_1447,11770.659877417944
000d7d20_1448,11770.659877417944
000d7d20_1449,11770.659877417944
000d7d20_1450,11773.434872821677
000d7d20_1451,11773.50236816571
000d7d20_1452,11770.813065073255
000d7d20_1453,11770.890408823256
000d7d20_1454,11773.50236816571
000d7d20_1455,11770.719364949477
000d7d20_1456,11770.719364949477
000d7d20_1457,11772.98459472821
000d7d20_1458,11772.545346164925
000d7d20_1459,11770.136941594497
000d7d20_1460,11772.91193699823
000d7d20_1461,11772.91994481073
000d7d20_1462,11772.91193699823
000d7d20_1463,11773.628118267323
000d7d20_1464,11770.486644354765
000d7d20_1465,11770.315600480983
000d7d20_1466,11770.315600480983
000d7d20_1467,11770.315600480983
000d7d20_1468,11770.315600480983
000d7d20_1469,11769.481225992207
000d7d20_1470,11769.3372213955
000d7d20_1471,11769.57193431059
000d7d20_1472,11769.3372213955
000d7d20_1473,11777.733404070663
000d7d20_1474,11777.57791872932
000d7d20_1475,11777.333617188753
000d7d20_1476,11778.235126155785
000d7d20_1477,11768.564078018473
000d7d20_1478,11767.881782843873
000d7d20_1479,11767.881782843873
000d7d20_1480,11767.881782843873
000d7d20_1481,11780.346095939256
000d7d20_1482,11766.918926220249
000d7d20_1483,11766.918926220249
000d7d20_1484,11766.918926220249
000d7d20_1485,11780.346095939256
000d7d20_1486,11781.662563706188
000d7d20_1487,11766.918926220249
000d7d20_1488,11766.918926220249
000d7d20_1489,11766.918926220249
000d7d20_1490,11766.918926220249
000d7d20_1491,11771.388138814484
000d7d20_1492,11767.374558415057
000d7d20_1493,11767.374558415057
000d7d20_1494,11766.760597526192
000d7d20_1495,11766.760597526192
000d7d20_1496,11766.92381151515
000d7d20_1497,11766.85017870265
000d7d20_1498,11766.689098600058
000d7d20_1499,11766.92381151515
000d7d20_1500,11766.686950162559
000d7d20_1501,11766.707718079047
000d7d20_1502,11771.176930673282
000d7d20_1503,11766.680263994964
000d7d20_1504,11766.660745562984
000d7d20_1505,11766.571577364788
000d7d20_1506,11778.395723370506
000d7d20_1507,11766.571577364788
000d7d20_1508,11766.571577364788
000d7d20_1509,11766.571577364788
000d7d20_1510,11766.571577364788
000d7d20_1511,11766.571577364788
000d7d20_1512,11766.806290279876
000d7d20_1513,11767.166121051061
000d7d20_1514,11775.544746477546
000d7d20_1515,11780.66490171959
000d7d20_1516,11767.148563802384
000d7d20_1517,11776.705181557629
000d7d20_1518,11775.803144776744
000d7d20_1519,11765.055444884443
000d7d20_1520,11765.06520010522
000d7d20_1521,11777.456891813092
000d7d20_1522,11775.143385957295
000d7d20_1523,11770.404145296434
000d7d20_1524,11775.214834553128
000d7d20_1525,11765.077901452194
000d7d20_1526,11775.482394588002
000d7d20_1527,11777.456891813092
000d7d20_1528,11775.84255649883
000d7d20_1529,11765.077901452194
000d7d20_1530,11775.185349072366
000d7d20_1531,11765.077901452194
000d7d20_1532,11765.187840363793
000d7d20_1533,11775.073822344651
000d7d20_1534,11775.290288958462
000d7d20_1535,11765.168746374029
000d7d20_1536,11765.168746374029
000d7d20_1537,11765.168746374029
000d7d20_1538,11765.168746374029
000d7d20_1539,11774.474026558968
000d7d20_1540,11770.494990218267
000d7d20_1541,11765.45870151759
000d7d20_1542,11765.69341443268
000d7d20_1543,11766.143991531628
000d7d20_1544,11765.36846714259
000d7d20_1545,11763.787316025788
000d7d20_1546,11764.194285727324
000d7d20_1547,11763.713215015687
000d7d20_1548,11763.713215015687
000d7d20_1549,11763.713215015687
000d7d20_1550,11763.73593403065
000d7d20_1551,11764.285280786888
000d7d20_1552,11764.388405786887
000d7d20_1553,11763.61288139785
000d7d20_1554,11762.205519526657
000d7d20_1555,11762.044861270228
000d7d20_1556,11766.602313425698
000d7d20_1557,11762.053608643964
000d7d20_1558,11762.063151952603
000d7d20_1559,11762.221302367694
000d7d20_1560,11762.625464945244
000d7d20_1561,11761.850269632745
000d7d20_1562,11761.335719435563
000d7d20_1563,11761.823121725065
000d7d20_1564,11762.309097341744
000d7d20_1565,11762.358120779245
000d7d20_1566,11762.97546689989
000d7d20_1567,11762.309097341744
000d7d20_1568,11762.983837842137
000d7d20_1569,11762.805712842139
000d7d20_1570,11762.066296408995
000d7d20_1571,11762.075085471495
000d7d20_1572,11763.593949433474
000d7d20_1573,11762.818425044437
000d7d20_1574,11762.829464576602
000d7d20_1575,11762.837423219877
000d7d20_1576,11762.837423219877
000d7d20_1577,11762.171053661732
000d7d20_1578,11762.106795849233
000d7d20_1579,11762.220077099233
000d7d20_1580,11762.249217354833
000d7d20_1581,11762.249217354833
000d7d20_1582,11762.061691601233
000d7d20_1583,11761.931138920163
000d7d20_1584,11763.373143825822
000d7d20_1585,11763.13514181939
000d7d20_1586,11761.866992066138
000d7d20_1587,11763.085373584703
000d7d20_1588,11761.847497268951
000d7d20_1589,11763.409043764761
000d7d20_1590,11763.17104175833
000d7d20_1591,11763.30591876476
000d7d20_1592,11763.04048907726
000d7d20_1593,11763.178238956914
000d7d20_1594,11763.416240963343
000d7d20_1595,11763.203816070387
000d7d20_1596,11763.203816070387
000d7d20_1597,11763.203816070387
000d7d20_1598,11763.203816070387
000d7d20_1599,11763.198216496907
000d7d20_1600,11762.675848078607
000d7d20_1601,11762.810725085035
000d7d20_1602,11762.675848078607
000d7d20_1603,11762.572389716644
000d7d20_1604,11762.733047973074
000d7d20_1605,11762.572389716644
000d7d20_1606,11762.572389716644
000d7d20_1607,11762.506221196958
000d7d20_1608,11762.506221196958
000d7d20_1609,11762.506221196958
000d7d20_1610,11762.66997046172
000d7d20_1611,11763.102069645118
000d7d20_1612,11763.10037610114
000d7d20_1613,11763.354371742827
000d7d20_1614,11763.362367559823
000d7d20_1615,11763.597080474912
000d7d20_1616,11763.366855237933
000d7d20_1617,11763.376449230851
000d7d20_1618,11763.376449230851
000d7d20_1619,11763.376449230851
000d7d20_1620,11763.01238673085
000d7d20_1621,11763.247099645941
000d7d20_1622,11763.177385236802
000d7d20_1623,11763.01718746818
000d7d20_1624,11761.872022561975
000d7d20_1625,11761.872022561975
000d7d20_1626,11761.876425017
000d7d20_1627,11761.349528638884
000d7d20_1628,11761.3551830563
000d7d20_1629,11761.3551830563
000d7d20_1630,11761.515841312728
000d7d20_1631,11761.58802506273
000d7d20_1632,11761.3500230563
000d7d20_1633,11761.3500230563
000d7d20_1634,11761.587179034654
000d7d20_1635,11761.353198024326
000d7d20_1636,11761.353198024326
000d7d20_1637,11761.19648708692
000d7d20_1638,11761.356684855546
000d7d20_1639,11760.654995884024
000d7d20_1640,11760.654995884024
000d7d20_1641,11760.654995884024
000d7d20_1642,11760.66297813988
000d7d20_1643,11760.823175908507
000d7d20_1644,11760.821128554973
000d7d20_1645,11760.66297813988
000d7d20_1646,11760.42113890776
000d7d20_1647,11760.408302506243
000d7d20_1648,11760.247644249814
000d7d20_1649,11760.247644249814
000d7d20_1650,11760.247644249814
000d7d20_1651,11760.247644249814
000d7d20_1652,11760.247644249814
000d7d20_1653,11760.262360586998
000d7d20_1654,11760.480647773991
000d7d20_1655,11760.262360586998
000d7d20_1656,11760.262360586998
000d7d20_1657,11760.400796182654
000d7d20_1658,11760.262360586998
000d7d20_1659,11760.262360586998
000d7d20_1660,11760.480647773991
000d7d20_1661,11760.263464970365
000d7d20_1662,11760.35618651416
000d7d20_1663,11760.497129951156
000d7d20_1664,11760.339113246366
000d7d20_1665,11760.339113246366
000d7d20_1666,11760.478329909842
000d7d20_1667,11761.44642159018
000d7d20_1668,11761.44642159018
000d7d20_1669,11761.417536072666
000d7d20_1670,11761.637466014663
000d7d20_1671,11761.42282665023
000d7d20_1672,11762.943287674027
000d7d20_1673,11762.943287674027
000d7d20_1674,11761.984452823692
000d7d20_1675,11760.613324279742
000d7d20_1676,11761.989357721319
000d7d20_1677,11761.989357721319
000d7d20_1678,11761.989357721319
000d7d20_1679,11761.989357721319
000d7d20_1680,11761.989357721319
000d7d20_1681,11761.996483381534
000d7d20_1682,11761.996483381534
000d7d20_1683,11761.994775942605
000d7d20_1684,11761.996530418795
000d7d20_1685,11761.996530418795
000d7d20_1686,11761.997588474698
000d7d20_1687,11763.722835388277
000d7d20_1688,11763.939856289557
000d7d20_1689,11763.855823517984
000d7d20_1690,11763.849551926716
000d7d20_1691,11762.78379573315
000d7d20_1692,11763.709920493611
000d7d20_1693,11763.709920493611
000d7d20_1694,11763.930081910179
000d7d20_1695,11763.931223307865
000d7d20_1696,11762.7881233643
000d7d20_1697,11761.41537004212
000d7d20_1698,11763.714202406587
000d7d20_1699,11762.805591916824
000d7d20_1700,11763.716700282046
000d7d20_1701,11763.716700282046
000d7d20_1702,11763.646692824903
000d7d20_1703,11763.731896830173
000d7d20_1704,11763.691744424485
000d7d20_1705,11763.685763327729
000d7d20_1706,11763.685763327729
000d7d20_1707,11763.611233549951
000d7d20_1708,11763.611233549951
000d7d20_1709,11763.611233549951
000d7d20_1710,11763.82825445123
000d7d20_1711,11762.975886192959
000d7d20_1712,11762.975105125139
000d7d20_1713,11762.836669529483
000d7d20_1714,11761.145930541203
000d7d20_1715,11761.148668222564
000d7d20_1716,11761.008991071283
000d7d20_1717,11761.226011972563
000d7d20_1718,11760.992852374678
000d7d20_1719,11761.009061691042
000d7d20_1720,11761.226082592322
000d7d20_1721,11761.143319766285
000d7d20_1722,11761.221124004087
000d7d20_1723,11761.004103102809
000d7d20_1724,11760.84863435281
000d7d20_1725,11760.846223019476
000d7d20_1726,11760.973065306487
000d7d20_1727,11760.973065306487
000d7d20_1728,11760.83183370968
000d7d20_1729,11750.796598239494
000d7d20_1730,11750.873941989496
000d7d20_1731,11750.698530705187
000d7d20_1732,11750.638652416299
000d7d20_1733,11750.698530705187
000d7d20_1734,11751.0633711699
000d7d20_1735,11751.161438704206
000d7d20_1736,11751.05791563388
000d7d20_1737,11751.06006407138
000d7d20_1738,11751.201374945169
000d7d20_1739,11751.280733628502
000d7d20_1740,11751.277015749716
000d7d20_1741,11751.197657066383
000d7d20_1742,11751.09940268158
000d7d20_1743,11751.194674214736
000d7d20_1744,11751.09940268158
000d7d20_1745,11751.09902004959
000d7d20_1746,11751.09902004959
000d7d20_1747,11751.09902004959
000d7d20_1748,11751.153360138593
000d7d20_1749,11756.47392919419
000d7d20_1750,11751.064492951093
000d7d20_1751,11751.064299217904
000d7d20_1752,11751.063080976357
000d7d20_1753,11751.06185696659
000d7d20_1754,11751.06185696659
000d7d20_1755,11751.031130431435
000d7d20_1756,11751.02849094726
000d7d20_1757,11751.123102519157
000d7d20_1758,11751.027635855684
000d7d20_1759,11751.123102519157
000d7d20_1760,11751.122321451337
000d7d20_1761,11751.027635855684
000d7d20_1762,11751.027635855684
000d7d20_1763,11751.21413854737
000d7d20_1764,11751.03931320056
000d7d20_1765,11751.03931320056
000d7d20_1766,11755.16412646285
000d7d20_1767,11751.03931320056
000d7d20_1768,11751.035601581514
000d7d20_1769,11751.035601581514
000d7d20_1770,11751.700612009314
000d7d20_1771,11751.130287177168
000d7d20_1772,11751.035601581514
000d7d20_1773,11751.031579417013
000d7d20_1774,11751.030524153854
000d7d20_1775,11751.728961653855
000d7d20_1776,11751.728961653855
000d7d20_1777,11751.901642437515
000d7d20_1778,11751.726817090708
000d7d20_1779,11751.726245436943
000d7d20_1780,11751.821712100416
000d7d20_1781,11751.726245436943
000d7d20_1782,11751.726245436943
000d7d20_1783,11751.902571657596
000d7d20_1784,11751.922286477033
000d7d20_1785,11751.726245436943
000d7d20_1786,11751.726245436943
000d7d20_1787,11751.726245436943
000d7d20_1788,11751.726245436943
000d7d20_1789,11751.726245436943
000d7d20_1790,11751.726245436943
000d7d20_1791,11751.724096999442
000d7d20_1792,11751.726245436943
000d7d20_1793,11751.701506682364
000d7d20_1794,11751.776292352552
000d7d20_1795,11751.701506682364
000d7d20_1796,11751.701506682364
000d7d20_1797,11751.701506682364
000d7d20_1798,11751.699678198975
000d7d20_1799,11751.692021637773
000d7d20_1800,11751.769603309116
000d7d20_1801,11752.266106240406
000d7d20_1802,11752.10816041721
000d7d20_1803,11750.735407095028
000d7d20_1804,11752.188524569065
000d7d20_1805,11752.184083223892
000d7d20_1806,11752.184083223892
000d7d20_1807,11752.184083223892
000d7d20_1808,11752.285797635475
000d7d20_1809,11752.285797635475
000d7d20_1810,11752.440723056818
000d7d20_1811,11752.360583305663
000d7d20_1812,11752.237012608315
000d7d20_1813,11752.237012608315
000d7d20_1814,11752.20455573378
000d7d20_1815,11752.20455573378
000d7d20_1816,11752.35948115512
000d7d20_1817,11752.12404256986
000d7d20_1818,11752.106574017336
000d7d20_1819,11752.34186359053
000d7d20_1820,11751.885923244567
000d7d20_1821,11752.151352932065
000d7d20_1822,11751.885923244567
000d7d20_1823,11752.151352932065
000d7d20_1824,11751.989535464727
000d7d20_1825,11752.18221917656
000d7d20_1826,11750.807110334812
000d7d20_1827,11752.335794546852
000d7d20_1828,11752.415153230188
000d7d20_1829,11751.914433969494
000d7d20_1830,11752.402508006766
000d7d20_1831,11751.901788746074
000d7d20_1832,11752.247582585424
000d7d20_1833,11751.392023121074
000d7d20_1834,11750.790837050388
000d7d20_1835,11752.33883887087
000d7d20_1836,11751.993045031519
000d7d20_1837,11752.258474719018
000d7d20_1838,11752.291764994037
000d7d20_1839,11752.228869394708
000d7d20_1840,11752.443266868402
000d7d20_1841,11752.284463554839
000d7d20_1842,11752.284463554839
000d7d20_1843,11754.10653386734
000d7d20_1844,11754.10653386734
000d7d20_1845,11754.10653386734
000d7d20_1846,11754.10653386734
000d7d20_1847,11754.013669715487
000d7d20_1848,11754.103050091235
000d7d20_1849,11754.103050091235
000d7d20_1850,11754.05989066315
000d7d20_1851,11754.05989066315
000d7d20_1852,11754.05989066315
000d7d20_1853,11753.528354636295
000d7d20_1854,11753.628476679587
000d7d20_1855,11753.982449952111
000d7d20_1856,11754.124875373454
000d7d20_1857,11754.124875373454
000d7d20_1858,11753.982449952111
000d7d20_1859,11754.124875373454
000d7d20_1860,11754.124875373454
000d7d20_1861,11753.982449952111
000d7d20_1862,11753.982449952111
000d7d20_1863,11753.975840689738
000d7d20_1864,11754.118266111082
000d7d20_1865,11753.971573317605
000d7d20_1866,11754.113998738949
000d7d20_1867,11754.10800830127
000d7d20_1868,11753.95568058879
000d7d20_1869,11753.95568058879
000d7d20_1870,11754.052462425137
000d7d20_1871,11754.052462425137
000d7d20_1872,11753.959598273283
000d7d20_1873,11753.999661959453
000d7d20_1874,11753.999661959453
000d7d20_1875,11754.064743630795
000d7d20_1876,11753.999661959453
000d7d20_1877,11754.00742373696
000d7d20_1878,11754.00742373696
000d7d20_1879,11754.094966345803
000d7d20_1880,11753.85967677261
000d7d20_1881,11753.948150975746
000d7d20_1882,11752.687479301614
000d7d20_1883,11754.153096775648
000d7d20_1884,11754.153096775648
000d7d20_1885,11754.290901063203
000d7d20_1886,11754.144326125073
000d7d20_1887,11754.144326125073
000d7d20_1888,11753.78603228572
000d7d20_1889,11754.068930525742
000d7d20_1890,11754.286751546411
000d7d20_1891,11754.14010761838
000d7d20_1892,11754.27504089593
000d7d20_1893,11754.275878357501
000d7d20_1894,11754.275878357501
000d7d20_1895,11754.233333464947
000d7d20_1896,11754.22806505915
000d7d20_1897,11754.223725647384
000d7d20_1898,11754.215114805986
000d7d20_1899,11754.165224266304
000d7d20_1900,11754.175065472586
000d7d20_1901,11753.93904042742
000d7d20_1902,11754.226864531058
000d7d20_1903,11753.256107159006
000d7d20_1904,11752.627885086822
000d7d20_1905,11753.765872784006
000d7d20_1906,11754.224047152142
000d7d20_1907,11754.142853912746
000d7d20_1908,11754.245978912746
000d7d20_1909,11754.20343402019
000d7d20_1910,11754.20343402019
000d7d20_1911,11754.010689339553
000d7d20_1912,11754.310529246171
000d7d20_1913,11754.269341923042
000d7d20_1914,11754.372466923041
000d7d20_1915,11754.310529246171
000d7d20_1916,11754.220421337834
000d7d20_1917,11754.000772616588
000d7d20_1918,11754.321090350646
000d7d20_1919,11754.227134008199
000d7d20_1920,11754.317241916537
000d7d20_1921,11755.701469453852
000d7d20_1922,11754.31269545321
000d7d20_1923,11754.133274136508
000d7d20_1924,11754.303521796
000d7d20_1925,11754.314424984406
000d7d20_1926,11754.314424984406
000d7d20_1927,11754.14016154446
000d7d20_1928,11754.304023962675
000d7d20_1929,11753.977607290666
000d7d20_1930,11754.208670518778
000d7d20_1931,11754.298778427115
000d7d20_1932,11754.298778427115
000d7d20_1933,11758.195286726539
000d7d20_1934,11770.214533159979
000d7d20_1935,11772.822605143423
000d7d20_1936,11754.298778427115
000d7d20_1937,11764.761632285814
000d7d20_1938,11757.924990482185
000d7d20_1939,11754.294611887242
000d7d20_1940,11754.87193686472
000d7d20_1941,11754.491572040946
000d7d20_1942,11754.288638216543
000d7d20_1943,11758.494126486077
000d7d20_1944,11761.568095845318
000d7d20_1945,11754.4423072505
000d7d20_1946,11754.4423072505
000d7d20_1947,11754.4423072505
000d7d20_1948,11761.794886020252
000d7d20_1949,11758.452624644131
000d7d20_1950,11754.434915684644
000d7d20_1951,11754.434915684644
000d7d20_1952,11754.500478263459
000d7d20_1953,11761.707976894686
000d7d20_1954,11754.498358136474
000d7d20_1955,11753.76020934568
000d7d20_1956,11760.492084726495
000d7d20_1957,11753.32173278318
000d7d20_1958,11753.171245403253
000d7d20_1959,11753.341392380873
000d7d20_1960,11753.341392380873
000d7d20_1961,11753.191468145425
000d7d20_1962,11753.189183984041
000d7d20_1963,11753.251687176415
000d7d20_1964,11753.131093623893
000d7d20_1965,11753.322861333138
000d7d20_1966,11753.317435415927
000d7d20_1967,11753.166902575873
000d7d20_1968,11758.00896891474
000d7d20_1969,11754.175454735372
000d7d20_1970,11753.214375020316
000d7d20_1971,11753.364907860372
000d7d20_1972,11753.364907860372
000d7d20_1973,11753.364907860372
000d7d20_1974,11753.410679872932
000d7d20_1975,11753.410679872932
000d7d20_1976,11753.416044872933
000d7d20_1977,11753.416044872933
000d7d20_1978,11753.265512032878
000d7d20_1979,11753.416044872933
000d7d20_1980,11753.414768526512
000d7d20_1981,11753.411727672752
000d7d20_1982,11753.614661497157
000d7d20_1983,11753.411727672752
000d7d20_1984,11753.284778548568
000d7d20_1985,11753.135697201173
000d7d20_1986,11753.09244739865
000d7d20_1987,11753.218765492764
000d7d20_1988,11753.289939649487
000d7d20_1989,11753.289939649487
000d7d20_1990,11753.289939649487
000d7d20_1991,11753.289939649487
000d7d20_1992,11753.289939649487
000d7d20_1993,11753.28055042883
000d7d20_1994,11753.28055042883
000d7d20_1995,11753.28055042883
000d7d20_1996,11753.28055042883
000d7d20_1997,11753.28055042883
000d7d20_1998,11753.357060721228
000d7d20_1999,11753.347048988759
000d7d20_2000,11753.347048988759
000d7d20_2001,11753.196516148702
000d7d20_2002,11757.71535136702
000d7d20_2003,11753.347048988759
000d7d20_2004,11753.349864082233
000d7d20_2005,11753.347715644732
000d7d20_2006,11753.349864082233
000d7d20_2007,11760.73645620552
000d7d20_2008,11756.161695228318
000d7d20_2009,11759.117097506643
000d7d20_2010,11758.453351194097
000d7d20_2011,11754.28499950565
000d7d20_2012,11758.928257177296
000d7d20_2013,11761.801015663641
000d7d20_2014,11758.40482871409
000d7d20_2015,11758.308500565461
000d7d20_2016,11758.499702768986
000d7d20_2017,11764.39439657667
000d7d20_2018,11765.259895840873
000d7d20_2019,11762.239125879063
000d7d20_2020,11754.025170412526
000d7d20_2021,11758.76218456422
000d7d20_2022,11756.151868196486
000d7d20_2023,11754.025170412526
000d7d20_2024,11754.025170412526
000d7d20_2025,11759.109937949559
000d7d20_2026,11754.025689449772
000d7d20_2027,11756.16286898773
000d7d20_2028,11758.775712515959
000d7d20_2029,11756.165396148228
000d7d20_2030,11755.368811837894
000d7d20_2031,11758.791596548515
000d7d20_2032,11754.879571360523
000d7d20_2033,11757.603351437803
000d7d20_2034,11759.734111490245
000d7d20_2035,11755.738612956231
000d7d20_2036,11755.719826554503
000d7d20_2037,11755.719826554503
000d7d20_2038,11758.131972352661
000d7d20_2039,11755.959571443702
000d7d20_2040,11756.818981491491
000d7d20_2041,11755.971050734723
000d7d20_2042,11755.974245715306
000d7d20_2043,11758.146646624267
000d7d20_2044,11755.974245715306
000d7d20_2045,11755.975991389143
000d7d20_2046,11756.330784972068
000d7d20_2047,11755.975991389143
000d7d20_2048,11755.975991389143
000d7d20_2049,11755.973842951644
000d7d20_2050,11755.977355658506
000d7d20_2051,11755.980521559579
000d7d20_2052,11755.980697510302
000d7d20_2053,11755.945084073448
000d7d20_2054,11755.985539431287
000d7d20_2055,11755.987391754286
000d7d20_2056,11755.987391754286
000d7d20_2057,11755.987391754286
000d7d20_2058,11755.987391754286
000d7d20_2059,11755.788563629287
000d7d20_2060,11755.893348669688
000d7d20_2061,11756.087077762428
000d7d20_2062,11755.766414906462
000d7d20_2063,11756.085926794687
000d7d20_2064,11755.893348669688
000d7d20_2065,11755.785971181596
000d7d20_2066,11755.78729236517
000d7d20_2067,11755.78729236517
000d7d20_2068,11756.11163256433
000d7d20_2069,11756.111044119887
000d7d20_2070,11755.790381263922
000d7d20_2071,11755.921312862893
000d7d20_2072,11755.793790655225
000d7d20_2073,11755.793790655225
000d7d20_2074,11755.793790655225
000d7d20_2075,11755.793790655225
000d7d20_2076,11755.661455189307
000d7d20_2077,11754.310297063363
000d7d20_2078,11755.81538585146
000d7d20_2079,11754.329047063362
000d7d20_2080,11755.817960755177
000d7d20_2081,11755.817960755177
000d7d20_2082,11755.817960755177
000d7d20_2083,11755.685625289258
000d7d20_2084,11755.819233921542
000d7d20_2085,11755.981994780697
000d7d20_2086,11755.666067249527
000d7d20_2087,11755.873211172986
000d7d20_2088,11755.948262707268
000d7d20_2089,11755.876784640828
000d7d20_2090,11754.226079254511
000d7d20_2091,11755.599495515762
000d7d20_2092,11755.334065828261
000d7d20_2093,11755.64969082826
000d7d20_2094,11755.859353189348
000d7d20_2095,11755.827706255785
000d7d20_2096,11756.053082282091
000d7d20_2097,11755.56768028895
000d7d20_2098,11755.600318881206
000d7d20_2099,11755.393031424304
000d7d20_2100,11755.713694280272
000d7d20_2101,11755.603035183722
000d7d20_2102,11755.531557117289
000d7d20_2103,11755.531557117289
000d7d20_2104,11755.725286210032
000d7d20_2105,11755.499910183722
000d7d20_2106,11755.531557117289
000d7d20_2107,11755.394092920902
000d7d20_2108,11753.897291315598
000d7d20_2109,11755.00461495028
000d7d20_2110,11755.529902311366
000d7d20_2111,11757.169027872143
000d7d20_2112,11757.54115648632
000d7d20_2113,11757.4391785157
000d7d20_2114,11758.019751767994
000d7d20_2115,11757.254626965472
000d7d20_2116,11757.748267392994
000d7d20_2117,11757.520056652971
000d7d20_2118,11758.019751767994
000d7d20_2119,11758.019751767994
000d7d20_2120,11757.254626965472
000d7d20_2121,11757.956867451556
000d7d20_2122,11757.258244515328
000d7d20_2123,11757.860067161271
000d7d20_2124,11757.647040820442
000d7d20_2125,11756.171907763934
000d7d20_2126,11758.044356201137
000d7d20_2127,11757.646639056735
000d7d20_2128,11757.875996826137
000d7d20_2129,11758.044356201137
000d7d20_2130,11756.769465773616
000d7d20_2131,11757.279231398616
000d7d20_2132,11758.044356201137
000d7d20_2133,11757.544661086115
000d7d20_2134,11758.044356201137
000d7d20_2135,11757.880564631014
000d7d20_2136,11757.38886556072
000d7d20_2137,11756.242991916852
000d7d20_2138,11756.755509141363
000d7d20_2139,11757.449155877452
000d7d20_2140,11757.769447470193
000d7d20_2141,11757.04158720922
000d7d20_2142,11757.349142314179
000d7d20_2143,11757.349142314179
000d7d20_2144,11756.960853322073
000d7d20_2145,11757.14208920085
000d7d20_2146,11757.390902727155
000d7d20_2147,11757.066874309015
000d7d20_2148,11757.138352375452
000d7d20_2149,11757.066874309015
000d7d20_2150,11756.638657260432
000d7d20_2151,11756.759449098552
000d7d20_2152,11756.759449098552
000d7d20_2153,11756.759449098552
000d7d20_2154,11756.759449098552
000d7d20_2155,11757.138352375452
000d7d20_2156,11757.066874309015
000d7d20_2157,11756.692457809797
000d7d20_2158,11755.161266684936
000d7d20_2159,11756.369572566928
000d7d20_2160,11756.369572566928
000d7d20_2161,11757.57653460354
000d7d20_2162,11757.57653460354
000d7d20_2163,11759.49508929104
000d7d20_2164,11759.49508929104
000d7d20_2165,11759.49508929104
000d7d20_2166,11759.49508929104
000d7d20_2167,11759.216710194569
000d7d20_2168,11759.488194569569
000d7d20_2169,11759.53370804527
000d7d20_2170,11758.988499454546
000d7d20_2171,11757.514763885054
000d7d20_2172,11759.538060351782
000d7d20_2173,11759.492546876083
000d7d20_2174,11759.538060351782
000d7d20_2175,11759.667260351784
000d7d20_2176,11759.87056040239
000d7d20_2177,11759.621746876082
000d7d20_2178,11759.667260351784
000d7d20_2179,11759.665111914284
000d7d20_2180,11759.667260351784
000d7d20_2181,11759.87056040239
000d7d20_2182,11759.12205176106
000d7d20_2183,11759.669322112244
000d7d20_2184,11759.623808636547
000d7d20_2185,11759.552072093918
000d7d20_2186,11759.648799242115
000d7d20_2187,11759.851764850231
000d7d20_2188,11759.852915817972
000d7d20_2189,11759.595173516978
000d7d20_2190,11759.666651583415
000d7d20_2191,11759.712165059114
000d7d20_2192,11759.712905030052
000d7d20_2193,11759.916205080659
000d7d20_2194,11759.712905030052
000d7d20_2195,11759.70669169672
000d7d20_2196,11759.73231104957
000d7d20_2197,11759.744724068933
000d7d20_2198,11759.74043241179
000d7d20_2199,11760.734420476305
000d7d20_2200,11759.74043241179
000d7d20_2201,11760.734420476305
000d7d20_2202,11759.934856835156
000d7d20_2203,11759.757684658702
000d7d20_2204,11760.429435259795
000d7d20_2205,11760.429435259795
000d7d20_2206,11760.612922682536
000d7d20_2207,11760.292631089793
000d7d20_2208,11760.426874878844
000d7d20_2209,11760.4231781283
000d7d20_2210,11760.4231781283
000d7d20_2211,11760.635756694832
000d7d20_2212,11760.458584518381
000d7d20_2213,11760.395818795767
000d7d20_2214,11760.435935324605
000d7d20_2215,11760.435935324605
000d7d20_2216,11760.435935324605
000d7d20_2217,11760.4346907762
000d7d20_2218,11760.290286026579
000d7d20_2219,11760.43281699842
000d7d20_2220,11760.092328936405
000d7d20_2221,11760.092328936405
000d7d20_2222,11760.092328936405
000d7d20_2223,11760.092328936405
000d7d20_2224,11760.092328936405
000d7d20_2225,11760.08975403269
000d7d20_2226,11760.085187055945
000d7d20_2227,11760.248366097898
000d7d20_2228,11760.053839836613
000d7d20_2229,11760.053839836613
000d7d20_2230,11760.053839836613
000d7d20_2231,11760.231012013064
000d7d20_2232,11760.231012013064
000d7d20_2233,11760.03920773479
000d7d20_2234,11760.012697450318
000d7d20_2235,11760.012697450318
000d7d20_2236,11760.010549012819
000d7d20_2237,11760.012697450318
000d7d20_2238,11760.006018890503
000d7d20_2239,11760.006018890503
000d7d20_2240,11763.257504172827
000d7d20_2241,11759.988992227962
000d7d20_2242,11759.988992227962
000d7d20_2243,11767.783337832254
000d7d20_2244,11759.988504094114
000d7d20_2245,11759.988504094114
000d7d20_2246,11759.960627511851
000d7d20_2247,11761.927302846707
000d7d20_2248,11760.151695374578
000d7d20_2249,11760.94940669273
000d7d20_2250,11763.229403395546
000d7d20_2251,11759.972670875128
000d7d20_2252,11759.972670875128
000d7d20_2253,11767.453722056078
000d7d20_2254,11759.971306605767
000d7d20_2255,11759.964268330077
000d7d20_2256,11759.964268330077
000d7d20_2257,11759.948303144893
000d7d20_2258,11759.944952781258
000d7d20_2259,11760.12212495771
000d7d20_2260,11759.944952781258
000d7d20_2261,11759.944952781258
000d7d20_2262,11760.921688598859
000d7d20_2263,11760.918767179082
000d7d20_2264,11759.942031361481
000d7d20_2265,11759.938770162891
000d7d20_2266,11759.809863912891
000d7d20_2267,11759.804581335378
000d7d20_2268,11759.804581335378
000d7d20_2269,11760.769560431017
000d7d20_2270,11759.918209913716
000d7d20_2271,11759.74526505398
000d7d20_2272,11759.747413491481
000d7d20_2273,11760.71228614746
000d7d20_2274,11759.741926084072
000d7d20_2275,11759.738128223376
000d7d20_2276,11759.738128223376
000d7d20_2277,11759.084431382755
000d7d20_2278,11759.084431382755
000d7d20_2279,11759.008153690871
000d7d20_2280,11758.936675624436
000d7d20_2281,11758.885144700833
000d7d20_2282,11759.204285325832
000d7d20_2283,11760.003260522535
000d7d20_2284,11759.225377105478
000d7d20_2285,11758.885144700833
000d7d20_2286,11759.203696881388
000d7d20_2287,11758.456927652245
000d7d20_2288,11758.956622767268
000d7d20_2289,11758.456927652245
000d7d20_2290,11757.66778101083
000d7d20_2291,11758.162661327171
000d7d20_2292,11758.927786129692
000d7d20_2293,11760.094192379693
000d7d20_2294,11760.194884134075
000d7d20_2295,11758.811706796449
000d7d20_2296,11758.811706796449
000d7d20_2297,11759.646591905132
000d7d20_2298,11759.330966905132
000d7d20_2299,11758.821201280132
000d7d20_2300,11759.596396592631
000d7d20_2301,11758.821201280132
000d7d20_2302,11759.405785120187
000d7d20_2303,11758.896019495187
000d7d20_2304,11758.474823161649
000d7d20_2305,11760.269850279243
000d7d20_2306,11760.269850279243
000d7d20_2307,11760.269850279243
000d7d20_2308,11758.474823161649
000d7d20_2309,11760.269850279243
000d7d20_2310,11760.269850279243
000d7d20_2311,11760.795447512279
000d7d20_2312,11760.795447512279
000d7d20_2313,11760.26842341166
000d7d20_2314,11760.26842341166
000d7d20_2315,11760.26842341166
000d7d20_2316,11760.257056926483
000d7d20_2317,11760.21703057354
000d7d20_2318,11759.646219266473
000d7d20_2319,11759.314071778035
000d7d20_2320,11760.181149913677
000d7d20_2321,11760.181149913677
000d7d20_2322,11760.26350328266
000d7d20_2323,11759.723630622811
000d7d20_2324,11760.209626609889
000d7d20_2325,11760.209626609889
000d7d20_2326,11759.359924218228
000d7d20_2327,11760.209626609889
000d7d20_2328,11759.474010359865
000d7d20_2329,11760.249205672366
000d7d20_2330,11760.294439575224
000d7d20_2331,11760.51586129373
000d7d20_2332,11760.652940485375
000d7d20_2333,11760.226229475966
000d7d20_2334,11760.226229475966
000d7d20_2335,11760.877990228098
000d7d20_2336,11760.226229475966
000d7d20_2337,11760.226229475966
000d7d20_2338,11760.226229475966
000d7d20_2339,11760.226229475966
000d7d20_2340,11760.223627123025
000d7d20_2341,11760.845909830714
000d7d20_2342,11760.526769205715
000d7d20_2343,11760.193560634138
000d7d20_2344,11762.02989223536
000d7d20_2345,11762.220106788869
000d7d20_2346,11761.274810634137
000d7d20_2347,11761.90968278829
000d7d20_2348,11761.257333591711
000d7d20_2349,11761.93312209565
000d7d20_2350,11761.61398147065
000d7d20_2351,11761.280772899072
000d7d20_2352,11761.280772899072
000d7d20_2353,11761.932533651205
000d7d20_2354,11762.226069053804
000d7d20_2355,11761.932533651205
000d7d20_2356,11761.217000525703
000d7d20_2357,11761.167335834343
000d7d20_2358,11761.167335834343
000d7d20_2359,11761.819685030921
000d7d20_2360,11761.467943102218
000d7d20_2361,11761.786495282773
000d7d20_2362,11761.13473453064
000d7d20_2363,11761.127426799241
000d7d20_2364,11761.062743086824
000d7d20_2365,11760.92912113524
000d7d20_2366,11760.15568363524
000d7d20_2367,11760.992034007542
000d7d20_2368,11760.879136928383
000d7d20_2369,11757.415270319885
000d7d20_2370,11757.177191659022
000d7d20_2371,11756.16687088151
000d7d20_2372,11757.03532327317
000d7d20_2373,11757.002102671862
000d7d20_2374,11756.112340521593
000d7d20_2375,11756.099449896592
000d7d20_2376,11758.016480988661
000d7d20_2377,11757.657794222001
000d7d20_2378,11757.121978853227
000d7d20_2379,11757.351196654166
000d7d20_2380,11757.123736665728
000d7d20_2381,11758.531188317878
000d7d20_2382,11758.471703471456
000d7d20_2383,11758.488695658956
000d7d20_2384,11758.482836283956
000d7d20_2385,11758.45416027113
000d7d20_2386,11758.96392589613
000d7d20_2387,11758.455918083631
000d7d20_2388,11758.446311256355
000d7d20_2389,11758.761466557293
000d7d20_2390,11758.427561256354
000d7d20_2391,11759.252951881355
000d7d20_2392,11758.343418617269
000d7d20_2393,11758.853184242269
000d7d20_2394,11758.36216861727
000d7d20_2395,11758.320183168558
000d7d20_2396,11758.318230043558
000d7d20_2397,11759.518133194295
000d7d20_2398,11759.366117019037
000d7d20_2399,11758.760351856732
000d7d20_2400,11759.053803283472
000d7d20_2401,11759.053803283472
000d7d20_2402,11759.088689376375
000d7d20_2403,11759.112687205028
000d7d20_2404,11758.799920624591
000d7d20_2405,11758.787416771913
000d7d20_2406,11758.724276215416
000d7d20_2407,11758.709089024514
000d7d20_2408,11758.414018276104
000d7d20_2409,11758.669752781194
000d7d20_2410,11758.669752781194
000d7d20_2411,11759.15087873663
000d7d20_2412,11758.669752781194
000d7d20_2413,11759.453028775624
000d7d20_2414,11759.702937080725
000d7d20_2415,11758.725991659472
000d7d20_2416,11758.695515133293
000d7d20_2417,11758.695515133293
000d7d20_2418,11759.421364741116
000d7d20_2419,11758.667149289322
000d7d20_2420,11758.628884400432
000d7d20_2421,11758.628884400432
000d7d20_2422,11758.516189087932
000d7d20_2423,11757.616609194763
000d7d20_2424,11758.137200998415
000d7d20_2425,11757.473570002174
000d7d20_2426,11757.55759509438
000d7d20_2427,11757.853270017378
000d7d20_2428,11758.124754392378
000d7d20_2429,11757.53093312444
000d7d20_2430,11757.50429944825
000d7d20_2431,11757.800323701964
000d7d20_2432,11756.971547391693
000d7d20_2433,11756.971547391693
000d7d20_2434,11756.886295193955
000d7d20_2435,11756.855674241575
000d7d20_2436,11757.945314975328
000d7d20_2437,11756.855674241575
000d7d20_2438,11756.855674241575
000d7d20_2439,11757.376266045227
000d7d20_2440,11757.09217385814
000d7d20_2441,11757.09217385814
000d7d20_2442,11757.09217385814
000d7d20_2443,11757.09217385814
000d7d20_2444,11757.059859065686
000d7d20_2445,11758.788981826336
000d7d20_2446,11761.061187201038
000d7d20_2447,11757.699341092582
000d7d20_2448,11757.669430599231
000d7d20_2449,11757.667282161732
000d7d20_2450,11757.707863074718
000d7d20_2451,11757.707863074718
000d7d20_2452,11757.682391271806
000d7d20_2453,11758.745413878396
000d7d20_2454,11757.648745372817
000d7d20_2455,11757.648745372817
000d7d20_2456,11757.650866191367
000d7d20_2457,11757.503877283569
000d7d20_2458,11758.343021267776
000d7d20_2459,11758.343021267776
000d7d20_2460,11758.09711010706
000d7d20_2461,11758.09711010706
000d7d20_2462,11758.065628419987
000d7d20_2463,11757.679187206997
000d7d20_2464,11758.093457742712
000d7d20_2465,11758.064805638996
000d7d20_2466,11758.031060309275
000d7d20_2467,11757.78514914856
000d7d20_2468,11757.51366477356
000d7d20_2469,11757.742995185901
000d7d20_2470,11757.669765721614
000d7d20_2471,11757.968737326644
000d7d20_2472,11757.72282616593
000d7d20_2473,11757.968737326644
000d7d20_2474,11756.026634155996
000d7d20_2475,11756.50006794717
000d7d20_2476,11756.914338482884
000d7d20_2477,11756.57423404836
000d7d20_2478,11755.910603052118
000d7d20_2479,11755.88774444406
000d7d20_2480,11755.377395952875
000d7d20_2481,11756.330596711021
000d7d20_2482,11755.865220625496
000d7d20_2483,11756.528851621737
000d7d20_2484,11756.51907022677
000d7d20_2485,11756.592299691056
000d7d20_2486,11756.418294520086
000d7d20_2487,11755.970943490947
000d7d20_2488,11756.292691939441
000d7d20_2489,11756.564176314441
000d7d20_2490,11756.564176314441
000d7d20_2491,11756.292691939441
000d7d20_2492,11756.426205825577
000d7d20_2493,11755.98439213899
000d7d20_2494,11756.823536123195
000d7d20_2495,11756.038912805654
000d7d20_2496,11756.848294829864
000d7d20_2497,11756.58540813854
000d7d20_2498,11755.992175315047
000d7d20_2499,11756.831087357861
000d7d20_2500,11756.802303044136
000d7d20_2501,11755.961865066774
000d7d20_2502,11755.970930979143
000d7d20_2503,11756.094027022764
000d7d20_2504,11755.894119550343
000d7d20_2505,11755.930591415889
000d7d20_2506,11755.930591415889
000d7d20_2507,11755.903861525438
000d7d20_2508,11755.903861525438
000d7d20_2509,11756.315000565359
000d7d20_2510,11755.880414481244
000d7d20_2511,11756.476240913595
000d7d20_2512,11756.476240913595
000d7d20_2513,11755.880414481244
000d7d20_2514,11756.055005453069
000d7d20_2515,11755.739380453067
000d7d20_2516,11755.880414481244
000d7d20_2517,11755.880414481244
000d7d20_2518,11756.078521218365
000d7d20_2519,11756.00529175408
000d7d20_2520,11755.48399440172
000d7d20_2521,11754.831895132838
000d7d20_2522,11755.48399440172
000d7d20_2523,11755.48399440172
000d7d20_2524,11755.910161843365
000d7d20_2525,11755.48399440172
000d7d20_2526,11755.455093701765
000d7d20_2527,11756.25827184064
000d7d20_2528,11755.401832237507
000d7d20_2529,11756.241671150985
000d7d20_2530,11755.923129589868
000d7d20_2531,11755.35760794307
000d7d20_2532,11755.35760794307
000d7d20_2533,11755.35760794307
000d7d20_2534,11756.197446856548
000d7d20_2535,11755.35760794307
000d7d20_2536,11755.35760794307
000d7d20_2537,11755.35760794307
000d7d20_2538,11755.35760794307
000d7d20_2539,11756.07289737181
000d7d20_2540,11756.343458557167
000d7d20_2541,11755.224129103013
000d7d20_2542,11756.320145590982
000d7d20_2543,11755.224129103013
000d7d20_2544,11755.224129103013
000d7d20_2545,11755.224129103013
000d7d20_2546,11755.191598746971
000d7d20_2547,11755.191598746971
000d7d20_2548,11755.191598746971
000d7d20_2549,11755.191598746971
000d7d20_2550,11755.191598746971
000d7d20_2551,11755.191598746971
000d7d20_2552,11755.191598746971
000d7d20_2553,11755.779789730368
000d7d20_2554,11755.127802787201
000d7d20_2555,11755.127802787201
000d7d20_2556,11755.127802787201
000d7d20_2557,11755.127802787201
000d7d20_2558,11755.127802787201
000d7d20_2559,11755.127802787201
000d7d20_2560,11755.107742974928
000d7d20_2561,11755.107742974928
000d7d20_2562,11755.105594537428
000d7d20_2563,11757.210648815391
000d7d20_2564,11756.163573330306
000d7d20_2565,11755.91377151003
000d7d20_2566,11755.048941457722
000d7d20_2567,11755.05478358816
000d7d20_2568,11756.11780619475
000d7d20_2569,11761.011916304402
000d7d20_2570,11755.045877933238
000d7d20_2571,11755.021895959077
000d7d20_2572,11757.124801799542
000d7d20_2573,11754.994356694942
000d7d20_2574,11754.983600432315
000d7d20_2575,11754.983600432315
000d7d20_2576,11754.952356906892
000d7d20_2577,11754.952356906892
000d7d20_2578,11756.033871044841
000d7d20_2579,11754.882085955594
000d7d20_2580,11755.439470743164
000d7d20_2581,11755.966231672022
000d7d20_2582,11755.439470743164
000d7d20_2583,11755.439470743164
000d7d20_2584,11755.439470743164
000d7d20_2585,11756.28477323314
000d7d20_2586,11757.531213955634
000d7d20_2587,11756.52145824655
000d7d20_2588,11756.274209669029
000d7d20_2589,11756.028298508314
000d7d20_2590,11756.273610605145
000d7d20_2591,11756.274209669029
000d7d20_2592,11756.26463569177
000d7d20_2593,11756.265234755654
000d7d20_2594,11756.014394585927
000d7d20_2595,11755.941165121643
000d7d20_2596,11756.014394585927
000d7d20_2597,11756.260305746644
000d7d20_2598,11756.014394585927
000d7d20_2599,11756.307349727214
000d7d20_2600,11761.41741430466
000d7d20_2601,11755.978136862353
000d7d20_2602,11756.26762586025
000d7d20_2603,11755.847902395473
000d7d20_2604,11756.500502226627
000d7d20_2605,11756.251959655952
000d7d20_2606,11756.251959655952
000d7d20_2607,11756.251959655952
000d7d20_2608,11755.534617722209
000d7d20_2609,11755.932819030952
000d7d20_2610,11755.837689120237
000d7d20_2611,11756.251959655952
000d7d20_2612,11755.837689120237
000d7d20_2613,11755.58481303471
000d7d20_2614,11756.006048495237
000d7d20_2615,11755.534617722209
000d7d20_2616,11755.395164550973
000d7d20_2617,11755.98834435572
000d7d20_2618,11756.202773721892
000d7d20_2619,11755.592569152837
000d7d20_2620,11756.438470706695
000d7d20_2621,11755.592569152837
000d7d20_2622,11756.14129763017
000d7d20_2623,11756.268112418902
000d7d20_2624,11755.832367115045
000d7d20_2625,11755.832367115045
000d7d20_2626,11756.359128043901
000d7d20_2627,11755.830218677545
000d7d20_2628,11755.821604143772
000d7d20_2629,11756.050063089138
000d7d20_2630,11755.719582045202
000d7d20_2631,11755.192821116345
000d7d20_2632,11755.185559047379
000d7d20_2633,11755.185559047379
000d7d20_2634,11755.18306471784
000d7d20_2635,11755.31573862367
000d7d20_2636,11755.214542160575
000d7d20_2637,11755.214542160575
000d7d20_2638,11755.81864683943
000d7d20_2639,11755.214542160575
000d7d20_2640,11755.214542160575
000d7d20_2641,11755.214542160575
000d7d20_2642,11755.214542160575
000d7d20_2643,11755.205112000227
000d7d20_2644,11755.205112000227
000d7d20_2645,11755.202033723583
000d7d20_2646,11755.330994105607
000d7d20_2647,11755.414511927705
000d7d20_2648,11755.281756146036
000d7d20_2649,11754.771990521036
000d7d20_2650,11754.771990521036
000d7d20_2651,11755.405525964587
000d7d20_2652,11755.366516937476
000d7d20_2653,11755.366516937476
000d7d20_2654,11755.366516937476
000d7d20_2655,11755.233761155807
000d7d20_2656,11755.798343651442
000d7d20_2657,11755.695218651443
000d7d20_2658,11755.695218651443
000d7d20_2659,11755.545467565915
000d7d20_2660,11755.229842565914
000d7d20_2661,11755.545467565915
000d7d20_2662,11755.627910594605
000d7d20_2663,11755.899394969605
000d7d20_2664,11755.427964196579
000d7d20_2665,11754.647743475272
000d7d20_2666,11755.615929044478
000d7d20_2667,11754.653677958953
000d7d20_2668,11754.640787333952
000d7d20_2669,11755.810069669478
000d7d20_2670,11755.609403513445
000d7d20_2671,11755.880887888445
000d7d20_2672,11755.27738227347
000d7d20_2673,11755.803544138445
000d7d20_2674,11755.627451628283
000d7d20_2675,11755.206216167757
000d7d20_2676,11755.627451628283
000d7d20_2677,11755.206216167757
000d7d20_2678,11755.627451628283
000d7d20_2679,11755.156020855256
000d7d20_2680,11755.355967253283
000d7d20_2681,11755.627451628283
000d7d20_2682,11754.88831655078
000d7d20_2683,11755.15374623828
000d7d20_2684,11755.456817636306
000d7d20_2685,11755.021671396331
000d7d20_2686,11755.625177011305
000d7d20_2687,11755.626811297021
000d7d20_2688,11755.023305682047
000d7d20_2689,11755.868608172023
000d7d20_2690,11756.116455813426
000d7d20_2691,11755.023305682047
000d7d20_2692,11755.155380523996
000d7d20_2693,11755.023305682047
000d7d20_2694,11755.164360510329
000d7d20_2695,11755.164360510329
000d7d20_2696,11755.031005664778
000d7d20_2697,11754.521240039778
000d7d20_2698,11755.164360510329
000d7d20_2699,11755.293169515891
000d7d20_2700,11755.676708897801
000d7d20_2701,11755.146289106902
000d7d20_2702,11755.991591596876
000d7d20_2703,11755.987662939717
000d7d20_2704,11755.142360449743
000d7d20_2705,11755.139110134498
000d7d20_2706,11755.144755930469
000d7d20_2707,11755.144755930469
000d7d20_2708,11755.144755930469
000d7d20_2709,11755.14083726858
000d7d20_2710,11755.14083726858
000d7d20_2711,11755.14083726858
000d7d20_2712,11773.486998457982
000d7d20_2713,11756.286716913744
000d7d20_2714,11755.256550377793
000d7d20_2715,11756.518910881397
000d7d20_2716,11761.168126880317
000d7d20_2717,11755.207608245162
000d7d20_2718,11757.316613975821
000d7d20_2719,11755.205459807663
000d7d20_2720,11755.207608245162
000d7d20_2721,11755.205214330714
000d7d20_2722,11756.298364462096
000d7d20_2723,11755.205214330714
000d7d20_2724,11755.205214330714
000d7d20_2725,11756.265370580713
000d7d20_2726,11755.203065893214
000d7d20_2727,11755.205214330714
000d7d20_2728,11755.205214330714
000d7d20_2729,11755.205214330714
000d7d20_2730,11761.097626503179
000d7d20_2731,11766.625616466863
000d7d20_2732,11755.205214330714
000d7d20_2733,11761.15211869068
000d7d20_2734,11755.203516149626
000d7d20_2735,11755.178744850591
000d7d20_2736,11757.211808479193
000d7d20_2737,11761.092055460556
000d7d20_2738,11755.175367570511
000d7d20_2739,11755.175367570511
000d7d20_2740,11755.173219133012
000d7d20_2741,11755.169880574931
000d7d20_2742,11755.169880574931
000d7d20_2743,11761.044909934897
000d7d20_2744,11755.169880574931
000d7d20_2745,11762.074506722987
000d7d20_2746,11764.001409061912
000d7d20_2747,11755.168638529078
000d7d20_2748,11755.168638529078
000d7d20_2749,11755.168638529078
000d7d20_2750,11755.168638529078
000d7d20_2751,11755.16575085231
000d7d20_2752,11761.993336472891
000d7d20_2753,11761.079061462275
000d7d20_2754,11755.16575085231
000d7d20_2755,11755.16575085231
000d7d20_2756,11755.16575085231
000d7d20_2757,11755.16575085231
000d7d20_2758,11761.152889587274
000d7d20_2759,11761.079591946751
000d7d20_2760,11754.985617274288
000d7d20_2761,11754.432738580086
000d7d20_2762,11756.762802907326
000d7d20_2763,11754.434851864167
000d7d20_2764,11754.434851864167
000d7d20_2765,11760.296374667201
000d7d20_2766,11754.426973620066
000d7d20_2767,11754.923457995066
000d7d20_2768,11754.923457995066
000d7d20_2769,11754.923457995066
000d7d20_2770,11755.67606240308
000d7d20_2771,11756.01427638301
000d7d20_2772,11754.944174190641
000d7d20_2773,11755.987065844489
000d7d20_2774,11754.90802819064
000d7d20_2775,11754.945528190641
000d7d20_2776,11756.003851840294
000d7d20_2777,11755.756004198889
000d7d20_2778,11754.945528190641
000d7d20_2779,11754.948175778414
000d7d20_2780,11756.006499428066
000d7d20_2781,11754.948175778414
000d7d20_2782,11754.90247977523
000d7d20_2783,11755.712955783476
000d7d20_2784,11755.712955783476
000d7d20_2785,11754.919667293954
000d7d20_2786,11754.919667293954
000d7d20_2787,11754.919667293954
000d7d20_2788,11754.919667293954
000d7d20_2789,11754.919667293954
000d7d20_2790,11754.919667293954
000d7d20_2791,11756.222569969252
000d7d20_2792,11760.933443899496
000d7d20_2793,11754.960209465651
000d7d20_2794,11754.960209465651
000d7d20_2795,11755.770685473899
000d7d20_2796,11754.960209465651
000d7d20_2797,11754.960209465651
000d7d20_2798,11754.921849341916
000d7d20_2799,11754.921849341916
000d7d20_2800,11755.980172991569
000d7d20_2801,11756.735363259708
000d7d20_2802,11754.672780630095
000d7d20_2803,11754.672780630095
000d7d20_2804,11754.672780630095
000d7d20_2805,11754.672780630095
000d7d20_2806,11754.672780630095
000d7d20_2807,11754.672780630095
000d7d20_2808,11755.729809493025
000d7d20_2809,11755.556231423394
000d7d20_2810,11754.701630171225
000d7d20_2811,11755.944809557892
000d7d20_2812,11756.249845154902
000d7d20_2813,11755.221665833102
000d7d20_2814,11754.99309890524
000d7d20_2815,11755.248886272568
000d7d20_2816,11755.248886272568
000d7d20_2817,11756.277065594366
000d7d20_2818,11755.254595242666
000d7d20_2819,11755.02029482144
000d7d20_2820,11755.02029482144
000d7d20_2821,11755.02029482144
000d7d20_2822,11755.748474143238
000d7d20_2823,11755.02029482144
000d7d20_2824,11755.879931000187
000d7d20_2825,11756.914334308001
000d7d20_2826,11754.869405235811
000d7d20_2827,11756.131765739412
000d7d20_2828,11754.831905235811
000d7d20_2829,11755.927728885465
000d7d20_2830,11755.899951449719
000d7d20_2831,11754.87177212792
000d7d20_2832,11754.87177212792
000d7d20_2833,11754.87177212792
000d7d20_2834,11754.843914069155
000d7d20_2835,11754.843914069155
000d7d20_2836,11754.849837350263
000d7d20_2837,11755.909454993069
000d7d20_2838,11754.811658038365
000d7d20_2839,11754.853755657778
000d7d20_2840,11755.963575604577
000d7d20_2841,11755.886785265291
000d7d20_2842,11754.84395497575
000d7d20_2843,11754.88145497575
000d7d20_2844,11754.884533763628
000d7d20_2845,11755.915396296312
000d7d20_2846,11754.899482444358
000d7d20_2847,11755.957806094011
000d7d20_2848,11756.96206507397
000d7d20_2849,11754.899482444358
000d7d20_2850,11754.904560867297
000d7d20_2851,11756.1669213709
000d7d20_2852,11754.867060867296
000d7d20_2853,11754.916604467298
000d7d20_2854,11754.916604467298
000d7d20_2855,11754.889236191564
000d7d20_2856,11754.889236191564
000d7d20_2857,11754.894037785061
000d7d20_2858,11754.894037785061
000d7d20_2859,11755.92221710686
000d7d20_2860,11755.62221710686
000d7d20_2861,11754.875190506866
000d7d20_2862,11755.903369828664
000d7d20_2863,11755.933514156519
000d7d20_2864,11754.875190506866
000d7d20_2865,11755.903369828664
000d7d20_2866,11755.898151134035
000d7d20_2867,11754.875190506866
000d7d20_2868,11755.903369828664
000d7d20_2869,11754.837690506865
000d7d20_2870,11754.835276042802
000d7d20_2871,11754.844840955084
000d7d20_2872,11754.844840955084
000d7d20_2873,11754.844840955084
000d7d20_2874,11754.847084190827
000d7d20_2875,11754.847084190827
000d7d20_2876,11756.90966682044
000d7d20_2877,11754.847084190827
000d7d20_2878,11754.85152721305
000d7d20_2879,11755.686889863291
000d7d20_2880,11754.828337674262
000d7d20_2881,11754.865837674262
000d7d20_2882,11755.894016996062
000d7d20_2883,11754.865837674262
000d7d20_2884,11754.865837674262
000d7d20_2885,11754.828337674262
000d7d20_2886,11751.036466595831
000d7d20_2887,11751.00292299871
000d7d20_2888,11751.187474442475
000d7d20_2889,11751.216985351968
000d7d20_2890,11751.216985351968
000d7d20_2891,11751.216985351968
000d7d20_2892,11752.275309001621
000d7d20_2893,11752.245164673768
000d7d20_2894,11751.216985351968
000d7d20_2895,11751.216985351968
000d7d20_2896,11752.284852575289
000d7d20_2897,11751.226528925636
000d7d20_2898,11751.226528925636
000d7d20_2899,11752.261030434009
000d7d20_2900,11751.232851112207
000d7d20_2901,11751.232851112207
000d7d20_2902,11751.165589755557
000d7d20_2903,11751.165589755557
000d7d20_2904,11751.165589755557
000d7d20_2905,11751.165589755557
000d7d20_2906,11751.165589755557
000d7d20_2907,11751.165589755557
000d7d20_2908,11751.165589755557
000d7d20_2909,11751.165589755557
000d7d20_2910,11751.165589755557
000d7d20_2911,11751.165589755557
000d7d20_2912,11751.165589755557
000d7d20_2913,11751.165589755557
000d7d20_2914,11751.17352536139
000d7d20_2915,11751.17352536139
000d7d20_2916,11751.184371747944
000d7d20_2917,11752.212551069744
000d7d20_2918,11752.204010842986
000d7d20_2919,11751.175831521186
000d7d20_2920,11752.204010842986
000d7d20_2921,11751.91245888617
000d7d20_2922,11751.19064678872
000d7d20_2923,11751.197971849131
000d7d20_2924,11751.197971849131
000d7d20_2925,11752.226151170933
000d7d20_2926,11751.197971849131
000d7d20_2927,11751.197971849131
000d7d20_2928,11752.1521824763
000d7d20_2929,11751.926151170932
000d7d20_2930,11752.226151170933
000d7d20_2931,11752.226151170933
000d7d20_2932,11752.226151170933
000d7d20_2933,11752.255840398302
000d7d20_2934,11752.274981023302
000d7d20_2935,11752.274981023302
000d7d20_2936,11751.978646068772
000d7d20_2937,11752.27587079833
000d7d20_2938,11752.27587079833
000d7d20_2939,11751.25291017116
000d7d20_2940,11752.27587079833
000d7d20_2941,11752.28108949296
000d7d20_2942,11751.995395213391
000d7d20_2943,11751.995395213391
000d7d20_2944,11752.299252285957
000d7d20_2945,11752.299252285957
000d7d20_2946,11752.299252285957
000d7d20_2947,11752.004470980586
000d7d20_2948,11752.323611605587
000d7d20_2949,11752.004470980586
000d7d20_2950,11752.004470980586
000d7d20_2951,11752.299252285957
000d7d20_2952,11751.291199634117
000d7d20_2953,11752.338519580917
000d7d20_2954,11752.314160261285
000d7d20_2955,11752.019528885108
000d7d20_2956,11753.442159304495
000d7d20_2957,11752.930714537422
000d7d20_2958,11753.294264237757
000d7d20_2959,11753.294264237757
000d7d20_2960,11753.298671248333
000d7d20_2961,11753.329975714294
000d7d20_2962,11753.325399074118
000d7d20_2963,11753.335836551596
000d7d20_2964,11753.330617856966
000d7d20_2965,11753.361517773337
000d7d20_2966,11752.61943861818
000d7d20_2967,11753.356299078707
000d7d20_2968,11753.187939703706
000d7d20_2969,11752.61943861818
000d7d20_2970,11752.333338451539
000d7d20_2971,11752.333338451539
000d7d20_2972,11752.894811824099
000d7d20_2973,11752.353811347246
000d7d20_2974,11752.353811347246
000d7d20_2975,11753.376771974417
000d7d20_2976,11752.353811347246
000d7d20_2977,11752.353811347246
000d7d20_2978,11752.353811347246
000d7d20_2979,11753.401131294046
000d7d20_2980,11753.391091706082
000d7d20_2981,11752.36226253813
000d7d20_2982,11752.374779632146
000d7d20_2983,11753.238703370911
000d7d20_2984,11752.383452272588
000d7d20_2985,11752.421849219354
000d7d20_2986,11752.421849219354
000d7d20_2987,11752.421849219354
000d7d20_2988,11752.421849219354
000d7d20_2989,11752.70859923215
000d7d20_2990,11752.421849219354
000d7d20_2991,11752.421849219354
000d7d20_2992,11752.988279645577
000d7d20_2993,11752.449044636964
000d7d20_2994,11752.449044636964
000d7d20_2995,11752.449044636964
000d7d20_2996,11752.449044636964
000d7d20_2997,11752.24477902476
000d7d20_2998,11752.449044636964
000d7d20_2999,11752.449044636964
000d7d20_3000,11752.364250009368
000d7d20_3001,11752.364250009368
000d7d20_3002,11752.364250009368
000d7d20_3003,11751.762169059639
000d7d20_3004,11751.762169059639
000d7d20_3005,11751.762169059639
000d7d20_3006,11751.762169059639
000d7d20_3007,11751.787919950406
000d7d20_3008,11751.787919950406
000d7d20_3009,11751.800455471774
000d7d20_3010,11751.800455471774
000d7d20_3011,11751.817824548525
000d7d20_3012,11751.817824548525
000d7d20_3013,11751.817824548525
000d7d20_3014,11751.817824548525
000d7d20_3015,11752.698363495587
000d7d20_3016,11752.445487410061
000d7d20_3017,11752.29081956881
000d7d20_3018,11752.004069556013
000d7d20_3019,11752.004069556013
000d7d20_3020,11752.55624925631
000d7d20_3021,11751.18925467558
000d7d20_3022,11751.203638076939
000d7d20_3023,11752.234233636942
000d7d20_3024,11752.234233636942
000d7d20_3025,11751.939452331573
000d7d20_3026,11751.964971323892
000d7d20_3027,11752.271394143303
000d7d20_3028,11751.248711357464
000d7d20_3029,11751.248711357464
000d7d20_3030,11751.263431055646
000d7d20_3031,11751.263431055646
000d7d20_3032,11752.290966230448
000d7d20_3033,11752.318394038244
000d7d20_3034,11752.141366381462
000d7d20_3035,11751.2791220935
000d7d20_3036,11752.309725756462
000d7d20_3037,11751.2791220935
000d7d20_3038,11752.014944451093
000d7d20_3039,11752.314944451095
000d7d20_3040,11751.2791220935
000d7d20_3041,11751.2817889795
000d7d20_3042,11752.32268351938
000d7d20_3043,11752.354121840386
000d7d20_3044,11752.354121840386
000d7d20_3045,11752.32268351938
000d7d20_3046,11751.29514834458
000d7d20_3047,11751.588891547017
000d7d20_3048,11751.322554435428
000d7d20_3049,11751.322554435428
000d7d20_3050,11752.350089610229
000d7d20_3051,11751.338492309082
000d7d20_3052,11752.074314666675
000d7d20_3053,11751.338492309082
000d7d20_3054,11752.374314666677
000d7d20_3055,11752.397465804886
000d7d20_3056,11751.353396300165
000d7d20_3057,11752.380931474961
000d7d20_3058,11751.353396300165
000d7d20_3059,11752.426812941656
000d7d20_3060,11751.382292779184
000d7d20_3061,11751.396295636325
000d7d20_3062,11751.410089895766
000d7d20_3063,11752.28235432087
000d7d20_3064,11752.155932390498
000d7d20_3065,11752.47237764959
000d7d20_3066,11751.444842474786
000d7d20_3067,11751.444842474786
000d7d20_3068,11751.455498526593
000d7d20_3069,11752.528173057333
000d7d20_3070,11752.55331453008
000d7d20_3071,11751.494341034271
000d7d20_3072,11751.494184111445
000d7d20_3073,11751.494184111445
000d7d20_3074,11751.494184111445
000d7d20_3075,11751.494184111445
000d7d20_3076,11751.494184111445
000d7d20_3077,11751.494184111445
000d7d20_3078,11751.494184111445
000d7d20_3079,11751.790128639888
000d7d20_3080,11753.121385717186
000d7d20_3081,11752.223294394891
000d7d20_3082,11751.482969512808
000d7d20_3083,11751.520469512809
000d7d20_3084,11752.579443008615
000d7d20_3085,11752.548004687607
000d7d20_3086,11751.5322427973
000d7d20_3087,11753.148672382671
000d7d20_3088,11757.976771886359
000d7d20_3089,11751.5322427973
000d7d20_3090,11752.56786486468
000d7d20_3091,11751.54032968988
000d7d20_3092,11752.599303185687
000d7d20_3093,11751.502829689882
000d7d20_3094,11751.54032968988
000d7d20_3095,11751.555923185817
000d7d20_3096,11751.555923185817
000d7d20_3097,11752.591745543412
000d7d20_3098,11751.555923185817
000d7d20_3099,11751.555923185817
000d7d20_3100,11751.555923185817
000d7d20_3101,11752.583458360616
000d7d20_3102,11751.882011128562
000d7d20_3103,11758.04136770955
000d7d20_3104,11751.596838620491
000d7d20_3105,11757.883707868052
000d7d20_3106,11751.596838620491
000d7d20_3107,11753.213268205862
000d7d20_3108,11751.596838620491
000d7d20_3109,11758.083498770156
000d7d20_3110,11763.665249536141
000d7d20_3111,11751.596838620491
000d7d20_3112,11761.048122287506
000d7d20_3113,11757.904161211523
000d7d20_3114,11751.617291963965
000d7d20_3115,11752.67626545977
000d7d20_3116,11751.617291963965
000d7d20_3117,11751.902464472034
000d7d20_3118,11757.904161211523
000d7d20_3119,11751.617291963965
000d7d20_3120,11751.627983168444
000d7d20_3121,11757.04229811688
000d7d20_3122,11753.379959628815
000d7d20_3123,11751.625834730945
000d7d20_3124,11761.908542591473
000d7d20_3125,11751.642400724106
000d7d20_3126,11758.056274079685
000d7d20_3127,11751.642400724106
000d7d20_3128,11758.117229712307
000d7d20_3129,11758.241295803808
000d7d20_3130,11751.669762606729
000d7d20_3131,11756.467132147554
000d7d20_3132,11751.661781011566
000d7d20_3133,11751.699281011566
000d7d20_3134,11751.699281011566
000d7d20_3135,11758.116859417649
000d7d20_3136,11751.723717144707
000d7d20_3137,11751.723717144707
000d7d20_3138,11752.751252319507
000d7d20_3139,11751.723717144707
000d7d20_3140,11752.592857769707
000d7d20_3141,11758.137590500284
000d7d20_3142,11751.761031311125
000d7d20_3143,11753.515156208996
000d7d20_3144,11751.761031311125
000d7d20_3145,11751.761031311125
000d7d20_3146,11751.750062503666
000d7d20_3147,11751.787562503667
000d7d20_3148,11751.787562503667
000d7d20_3149,11753.53186532183
000d7d20_3150,11758.26588724354
000d7d20_3151,11751.796318518003
000d7d20_3152,11765.622944801362
000d7d20_3153,11751.796318518003
000d7d20_3154,11751.796318518003
000d7d20_3155,11758.26588724354
000d7d20_3156,11751.796318518003
000d7d20_3157,11757.637725836687
000d7d20_3158,11753.551363911123
000d7d20_3159,11751.807061092959
000d7d20_3160,11751.807061092959
000d7d20_3161,11751.807061092959
000d7d20_3162,11751.807061092959
000d7d20_3163,11751.807061092959
000d7d20_3164,11752.872431731623
000d7d20_3165,11751.813458235816
000d7d20_3166,11752.86056020038
000d7d20_3167,11751.718972014944
000d7d20_3168,11751.756472014944
000d7d20_3169,11752.81544551075
000d7d20_3170,11751.772929478873
000d7d20_3171,11752.891709439275
000d7d20_3172,11752.810068814275
000d7d20_3173,11751.779098276755
000d7d20_3174,11752.838071772563
000d7d20_3175,11751.741598276754
000d7d20_3176,11751.779098276755
000d7d20_3177,11751.779098276755
000d7d20_3178,11751.783151893915
000d7d20_3179,11752.81761639222
000d7d20_3180,11751.790825903538
000d7d20_3181,11751.761787061118
000d7d20_3182,11751.799287061118
000d7d20_3183,11752.533367287986
000d7d20_3184,11751.55935707315
000d7d20_3185,11751.794109567669
000d7d20_3186,11752.718483158678
000d7d20_3187,11752.833367287985
000d7d20_3188,11751.794109567669
000d7d20_3189,11752.315802385652
000d7d20_3190,11751.794109567669
000d7d20_3191,11751.794109567669
000d7d20_3192,11751.79595152005
000d7d20_3193,11751.79595152005
000d7d20_3194,11751.386126569632
000d7d20_3195,11752.384083974153
000d7d20_3196,11752.130218103463
000d7d20_3197,11751.393611049809
000d7d20_3198,11752.4580350849
000d7d20_3199,11751.399061589093
000d7d20_3200,11752.430032126616
000d7d20_3201,11752.43831930941
000d7d20_3202,11751.399061589093
000d7d20_3203,11752.511672751618
000d7d20_3204,11752.458356890897
000d7d20_3205,11757.045086520091
000d7d20_3206,11757.045086520091
000d7d20_3207,11757.387484245888
000d7d20_3208,11757.472990741582
000d7d20_3209,11757.049593713073
000d7d20_3210,11757.065036531054
000d7d20_3211,11756.83641132353
000d7d20_3212,11757.174301856347
000d7d20_3213,11757.393833106347
000d7d20_3214,11756.83641132353
000d7d20_3215,11756.83641132353
000d7d20_3216,11756.83641132353
000d7d20_3217,11756.83641132353
000d7d20_3218,11756.83641132353
000d7d20_3219,11757.18397940096
000d7d20_3220,11757.269485896652
000d7d20_3221,11756.846088868144
000d7d20_3222,11757.437845271652
000d7d20_3223,11757.437845271652
000d7d20_3224,11756.819944183222
000d7d20_3225,11757.111775932059
000d7d20_3226,11756.839402609712
000d7d20_3227,11757.431159013222
000d7d20_3228,11757.416540168018
000d7d20_3229,11756.839402609712
000d7d20_3230,11757.382371359712
000d7d20_3231,11756.801902609712
000d7d20_3232,11756.839402609712
000d7d20_3233,11756.839402609712
000d7d20_3234,11757.382371359712
000d7d20_3235,11757.410500440126
000d7d20_3236,11756.833362881822
000d7d20_3237,11756.829180345234
000d7d20_3238,11756.829180345234
000d7d20_3239,11756.829180345234
000d7d20_3240,11757.20218067956
000d7d20_3241,11756.774601114466
000d7d20_3242,11756.783488126443
000d7d20_3243,11756.745988126444
000d7d20_3244,11756.783488126443
000d7d20_3245,11756.783488126443
000d7d20_3246,11761.148128255269
000d7d20_3247,11756.780333766179
000d7d20_3248,11756.781357119853
000d7d20_3249,11756.781357119853
000d7d20_3250,11757.356344945993
000d7d20_3251,11756.690233909254
000d7d20_3252,11756.690233909254
000d7d20_3253,11757.259553055395
000d7d20_3254,11756.690233909254
000d7d20_3255,11761.712593204998
000d7d20_3256,11756.692489498997
000d7d20_3257,11756.692489498997
000d7d20_3258,11756.692489498997
000d7d20_3259,11757.325551180067
000d7d20_3260,11756.692489498997
000d7d20_3261,11757.176302149448
000d7d20_3262,11756.692489498997
000d7d20_3263,11756.692700029922
000d7d20_3264,11756.692700029922
000d7d20_3265,11757.338231430374
000d7d20_3266,11756.692700029922
000d7d20_3267,11756.692700029922
000d7d20_3268,11757.325761710992
000d7d20_3269,11756.692700029922
000d7d20_3270,11757.338231430374
000d7d20_3271,11756.68632416304
000d7d20_3272,11756.68632416304
000d7d20_3273,11756.313740747059
000d7d20_3274,11756.313740747059
000d7d20_3275,11756.313740747059
000d7d20_3276,11757.0514192682
000d7d20_3277,11756.318129182993
000d7d20_3278,11756.3165961725
000d7d20_3279,11756.3165961725
000d7d20_3280,11756.892041041152
000d7d20_3281,11756.314903482848
000d7d20_3282,11756.314903482848
000d7d20_3283,11756.799173821108
000d7d20_3284,11756.315361170655
000d7d20_3285,11756.957642372468
000d7d20_3286,11756.312110972018
000d7d20_3287,11756.307872219964
000d7d20_3288,11756.307872219964
000d7d20_3289,11756.940933901034
000d7d20_3290,11756.885009778269
000d7d20_3291,11756.307872219964
000d7d20_3292,11756.306967331077
000d7d20_3293,11761.32932662682
000d7d20_3294,11756.306967331077
000d7d20_3295,11756.269467331076
000d7d20_3296,11756.306967331077
000d7d20_3297,11756.052174992568
000d7d20_3298,11756.298106549404
000d7d20_3299,11756.763145611903
000d7d20_3300,11756.875244107709
000d7d20_3301,11756.298106549404
000d7d20_3302,11756.325966561959
000d7d20_3303,11756.341200936959
000d7d20_3304,11756.341200936959
000d7d20_3305,11757.001771399911
000d7d20_3306,11756.341200936959
000d7d20_3307,11756.949262618029
000d7d20_3308,11756.905634123443
000d7d20_3309,11756.894367513014
000d7d20_3310,11756.965344080098
000d7d20_3311,11756.279743336527
000d7d20_3312,11756.317243336527
000d7d20_3313,11759.114556422644
000d7d20_3314,11761.338162358
000d7d20_3315,11760.804271316085
000d7d20_3316,11760.770677566084
000d7d20_3317,11756.311566765098
000d7d20_3318,11756.888704323403
000d7d20_3319,11756.368456889353
000d7d20_3320,11755.832685390138
000d7d20_3321,11763.020428284133
000d7d20_3322,11764.899163104865
000d7d20_3323,11756.364561524273
000d7d20_3324,11756.364561524273
000d7d20_3325,11756.364561524273
000d7d20_3326,11756.364561524273
000d7d20_3327,11760.810690565657
000d7d20_3328,11756.357256336101
000d7d20_3329,11759.93657099471
000d7d20_3330,11760.465022097931
000d7d20_3331,11755.4219581299
000d7d20_3332,11755.176026573063
000d7d20_3333,11755.417210344352
000d7d20_3334,11758.46236374391
000d7d20_3335,11760.400899165776
000d7d20_3336,11755.411844783677
000d7d20_3337,11755.406884480644
000d7d20_3338,11758.364847190165
000d7d20_3339,11755.160952923809
000d7d20_3340,11759.222855002667
000d7d20_3341,11760.395938862745
000d7d20_3342,11755.399749242551
000d7d20_3343,11755.144518545054
000d7d20_3344,11755.39045010189
000d7d20_3345,11755.167066056954
000d7d20_3346,11763.065424181377
000d7d20_3347,11755.148612604646
000d7d20_3348,11760.868229560387
000d7d20_3349,11759.531900944829
000d7d20_3350,11755.148612604646
000d7d20_3351,11755.113827978608
000d7d20_3352,11755.05794543982
000d7d20_3353,11755.275170755183
000d7d20_3354,11758.109983841303
000d7d20_3355,11759.700451282864
000d7d20_3356,11759.772326282864
000d7d20_3357,11759.738732532864
000d7d20_3358,11755.326734520033
000d7d20_3359,11755.336977327943
000d7d20_3360,11755.341517593064
000d7d20_3361,11755.341517593064
000d7d20_3362,11759.724805933245
000d7d20_3363,11755.341517593064
000d7d20_3364,11754.989822442334
000d7d20_3365,11754.989822442334
000d7d20_3366,11754.73364684124
000d7d20_3367,11754.979578398077
000d7d20_3368,11754.44770226394
000d7d20_3369,11754.935314685661
000d7d20_3370,11754.972814685661
000d7d20_3371,11754.966051443971
000d7d20_3372,11755.152361590608
000d7d20_3373,11755.07069068499
000d7d20_3374,11754.960727592119
000d7d20_3375,11755.081398405344
000d7d20_3376,11755.28516635027
000d7d20_3377,11755.28516635027
000d7d20_3378,11755.28516635027
000d7d20_3379,11755.39512944314
000d7d20_3380,11755.27972847543
000d7d20_3381,11755.27211128793
000d7d20_3382,11755.392782101157
000d7d20_3383,11755.27211128793
000d7d20_3384,11755.82612765043
000d7d20_3385,11755.22827608793
000d7d20_3386,11755.26577608793
000d7d20_3387,11755.463912446183
000d7d20_3388,11755.447115571184
000d7d20_3389,11754.543724617748
000d7d20_3390,11754.747828335618
000d7d20_3391,11754.535640691007
000d7d20_3392,11754.535640691007
000d7d20_3393,11754.535640691007
000d7d20_3394,11754.7272746895
000d7d20_3395,11754.656311504234
000d7d20_3396,11754.535640691007
000d7d20_3397,11754.739744408878
000d7d20_3398,11754.52819154815
000d7d20_3399,11754.751435891021
000d7d20_3400,11754.638154641021
000d7d20_3401,11754.52819154815
000d7d20_3402,11754.67978648414
000d7d20_3403,11754.49069154815
000d7d20_3404,11754.52043112462
000d7d20_3405,11754.52043112462
000d7d20_3406,11754.52043112462
000d7d20_3407,11754.179222342489
000d7d20_3408,11753.957907543137
000d7d20_3409,11753.954657276005
000d7d20_3410,11753.064813526005
000d7d20_3411,11753.064813526005
000d7d20_3412,11753.056673335874
000d7d20_3413,11753.056673335874
000d7d20_3414,11757.351422232332
000d7d20_3415,11753.037737367235
000d7d20_3416,11752.977348190605
000d7d20_3417,11752.977348190605
000d7d20_3418,11755.660012839222
000d7d20_3419,11752.61676819627
000d7d20_3420,11756.643266877953
000d7d20_3421,11752.566521049099
000d7d20_3422,11756.635382259085
000d7d20_3423,11757.281338789664
000d7d20_3424,11763.190028842637
000d7d20_3425,11761.532331115954
000d7d20_3426,11761.020503091404
000d7d20_3427,11765.930186853187
000d7d20_3428,11758.456192861642
000d7d20_3429,11757.233116332227
000d7d20_3430,11755.738823514781
000d7d20_3431,11759.225792414925
000d7d20_3432,11757.225370470158
000d7d20_3433,11758.205829226621
000d7d20_3434,11752.370825095924
000d7d20_3435,11755.799696217762
000d7d20_3436,11752.863311982608
000d7d20_3437,11757.918238957674
000d7d20_3438,11757.170746847707
000d7d20_3439,11752.863311982608
000d7d20_3440,11752.487888238273
000d7d20_3441,11754.529245739714
000d7d20_3442,11752.85879779069
000d7d20_3443,11752.85879779069
000d7d20_3444,11752.849194528451
000d7d20_3445,11752.849194528451
000d7d20_3446,11752.844696387861
000d7d20_3447,11752.844696387861
000d7d20_3448,11752.807196387861
000d7d20_3449,11752.844696387861
000d7d20_3450,11752.844696387861
000d7d20_3451,11752.844696387861
000d7d20_3452,11752.80714129999
000d7d20_3453,11752.80714129999
000d7d20_3454,11752.808046188879
000d7d20_3455,11752.808046188879
000d7d20_3456,11753.41273368888
000d7d20_3457,11754.395061233257
000d7d20_3458,11752.808046188879
000d7d20_3459,11752.823671188879
000d7d20_3460,11752.823671188879
000d7d20_3461,11752.324998179743
000d7d20_3462,11752.457767410759
000d7d20_3463,11752.818347405097
000d7d20_3464,11754.48879535412
000d7d20_3465,11752.818347405097
000d7d20_3466,11752.818347405097
000d7d20_3467,11754.50793597912
000d7d20_3468,11754.393071689527
000d7d20_3469,11752.816764365505
000d7d20_3470,11752.816764365505
000d7d20_3471,11754.403779409882
000d7d20_3472,11752.816764365505
000d7d20_3473,11752.816764365505
000d7d20_3474,11754.46628937892
000d7d20_3475,11752.812638304898
000d7d20_3476,11752.812638304898
000d7d20_3477,11752.812638304898
000d7d20_3478,11754.48308625392
000d7d20_3479,11752.8044454638
000d7d20_3480,11752.443865469464
000d7d20_3481,11752.8044454638
000d7d20_3482,11753.420160387412
000d7d20_3483,11754.375959898935
000d7d20_3484,11752.788867719635
000d7d20_3485,11752.788867719635
000d7d20_3486,11752.72901643853
000d7d20_3487,11752.725220147804
000d7d20_3488,11754.716956409156
000d7d20_3489,11752.725220147804
000d7d20_3490,11752.725220147804
000d7d20_3491,11752.725220147804
000d7d20_3492,11754.664760927595
000d7d20_3493,11752.743987851507
000d7d20_3494,11752.743987851507
000d7d20_3495,11758.045921609462
000d7d20_3496,11752.727982663164
000d7d20_3497,11757.392688072092
000d7d20_3498,11753.325222310697
000d7d20_3499,11752.67563758803
000d7d20_3500,11754.59043369112
000d7d20_3501,11754.656935190638
000d7d20_3502,11752.669660615033
000d7d20_3503,11752.669660615033
000d7d20_3504,11752.650894908304
000d7d20_3505,11754.041186956676
000d7d20_3506,11754.296791517147
000d7d20_3507,11752.636533852317
000d7d20_3508,11752.636533852317
000d7d20_3509,11752.636533852317
000d7d20_3510,11752.636533852317
000d7d20_3511,11753.958799646041
000d7d20_3512,11754.052940271042
000d7d20_3513,11752.078135414818
000d7d20_3514,11752.078135414818
000d7d20_3515,11751.943604464761
000d7d20_3516,11753.864377540847
000d7d20_3517,11751.934333353649
000d7d20_3518,11751.934333353649
000d7d20_3519,11753.909138209872
000d7d20_3520,11751.923437212574
000d7d20_3521,11751.923437212574
000d7d20_3522,11752.567358792383
000d7d20_3523,11751.917774069718
000d7d20_3524,11751.91505880435
000d7d20_3525,11754.492442061088
000d7d20_3526,11753.697856871659
000d7d20_3527,11751.886106014052
000d7d20_3528,11751.387433004915
000d7d20_3529,11751.848606014051
000d7d20_3530,11751.879207422504
000d7d20_3531,11751.879207422504
000d7d20_3532,11751.879207422504
000d7d20_3533,11753.79998049859
000d7d20_3534,11751.872385786262
000d7d20_3535,11751.872385786262
000d7d20_3536,11755.935334001211
000d7d20_3537,11751.863657927026
000d7d20_3538,11751.442675649116
000d7d20_3539,11753.346093660699
000d7d20_3540,11751.425320584614
000d7d20_3541,11751.425320584614
000d7d20_3542,11753.225969132853
000d7d20_3543,11751.425320584614
000d7d20_3544,11751.411933360188
000d7d20_3545,11754.125946028855
000d7d20_3546,11752.074905307281
000d7d20_3547,11751.406937158168
000d7d20_3548,11751.406937158168
000d7d20_3549,11751.406937158168
000d7d20_3550,11755.49200045678
000d7d20_3551,11751.406937158168
000d7d20_3552,11751.406937158168
000d7d20_3553,11750.911776015431
000d7d20_3554,11753.317834876229
000d7d20_3555,11751.391041546787
000d7d20_3556,11752.05401349388
000d7d20_3557,11751.391041546787
000d7d20_3558,11751.391041546787
000d7d20_3559,11753.267965667204
000d7d20_3560,11754.09302410706
000d7d20_3561,11751.359761625343
000d7d20_3562,11751.359761625343
000d7d20_3563,11751.351918163544
000d7d20_3564,11751.019156229659
000d7d20_3565,11751.019156229659
000d7d20_3566,11751.004759488917
000d7d20_3567,11750.994777669897
000d7d20_3568,11752.96626221362
000d7d20_3569,11750.979596056095
000d7d20_3570,11750.979596056095
000d7d20_3571,11750.921608444209
000d7d20_3572,11750.959108444209
000d7d20_3573,11750.959108444209
000d7d20_3574,11753.132739330555
000d7d20_3575,11751.157934474331
000d7d20_3576,11751.157934474331
000d7d20_3577,11753.132739330555
000d7d20_3578,11751.157934474331
000d7d20_3579,11751.157934474331
000d7d20_3580,11752.535756803325
000d7d20_3581,11751.735787903785
000d7d20_3582,11751.832913480233
000d7d20_3583,11751.832913480233
000d7d20_3584,11753.713577711458
000d7d20_3585,11751.82058694532
000d7d20_3586,11751.82058694532
000d7d20_3587,11753.480386922338
000d7d20_3588,11751.80815733493
000d7d20_3589,11751.80815733493
000d7d20_3590,11751.80815733493
000d7d20_3591,11751.769479201173
000d7d20_3592,11751.769479201173
000d7d20_3593,11751.769479201173
000d7d20_3594,11751.769479201173
000d7d20_3595,11751.769479201173
000d7d20_3596,11751.769479201173
000d7d20_3597,11751.737012078667
000d7d20_3598,11751.737012078667
000d7d20_3599,11753.215219597978
000d7d20_3600,11753.68395851885
000d7d20_3601,11751.709153662627
000d7d20_3602,11751.709153662627
000d7d20_3603,11753.368953639647
000d7d20_3604,11753.0657893757
000d7d20_3605,11753.1239925007
000d7d20_3606,11753.576639090434
000d7d20_3607,11751.67632988173
000d7d20_3608,11751.643273003861
000d7d20_3609,11751.643273003861
000d7d20_3610,11751.643273003861
000d7d20_3611,11751.643273003861
000d7d20_3612,11751.643273003861
000d7d20_3613,11751.643273003861
000d7d20_3614,11751.629262833692
000d7d20_3615,11751.629262833692
000d7d20_3616,11753.000053912683
000d7d20_3617,11751.615673855651
000d7d20_3618,11751.615673855651
000d7d20_3619,11753.609619336876
000d7d20_3620,11753.15635514278
000d7d20_3621,11753.034729057255
000d7d20_3622,11753.092932182255
000d7d20_3623,11753.092932182255
000d7d20_3624,11753.07283064899
000d7d20_3625,11753.304612984515
000d7d20_3626,11753.304612984515
000d7d20_3627,11753.07283064899
000d7d20_3628,11753.005693635101
000d7d20_3629,11752.481812936809
000d7d20_3630,11752.055703153259
000d7d20_3631,11753.261625016274
000d7d20_3632,11753.016435621927
000d7d20_3633,11752.944615929093
000d7d20_3634,11754.498297026144
000d7d20_3635,11754.424503765487
000d7d20_3636,11754.424503765487
000d7d20_3637,11754.471911101013
000d7d20_3638,11754.40522649417
000d7d20_3639,11754.511939902235
000d7d20_3640,11754.39832162921
000d7d20_3641,11751.940372648663
000d7d20_3642,11753.938841956591
000d7d20_3643,11753.302123206591
000d7d20_3644,11751.333822663544
000d7d20_3645,11751.319548100237
000d7d20_3646,11751.319548100237
000d7d20_3647,11751.319548100237
000d7d20_3648,11751.304597506296
000d7d20_3649,11753.783747764073
000d7d20_3650,11751.292651665131
000d7d20_3651,11753.369427325963
000d7d20_3652,11753.837552913501
000d7d20_3653,11751.264262030723
000d7d20_3654,11753.72602889412
000d7d20_3655,11750.788788887867
000d7d20_3656,11750.788788887867
000d7d20_3657,11750.776898636015
000d7d20_3658,11750.28104126872
000d7d20_3659,11751.332216403218
000d7d20_3660,11749.424959589727
000d7d20_3661,11749.424959589727
000d7d20_3662,11751.401267945275
000d7d20_3663,11749.408285684964
000d7d20_3664,11749.408285684964
000d7d20_3665,11749.392987223426
000d7d20_3666,11751.651273226998
000d7d20_3667,11753.521665851997
000d7d20_3668,11753.400039766471
000d7d20_3669,11749.207606956757
000d7d20_3670,11753.40804757897
000d7d20_3671,11749.188299930702
000d7d20_3672,11749.170013795505
000d7d20_3673,11749.170013795505
000d7d20_3674,11749.149208594266
000d7d20_3675,11752.42451599543
000d7d20_3676,11749.130961089577
000d7d20_3677,11753.32339389929
000d7d20_3678,11753.32339389929
000d7d20_3679,11752.387518490741
000d7d20_3680,11749.11080246592
000d7d20_3681,11749.11080246592
000d7d20_3682,11749.11080246592
000d7d20_3683,11749.77771097963
000d7d20_3684,11749.756339862835
000d7d20_3685,11749.756339862835
000d7d20_3686,11754.238758133075
000d7d20_3687,11749.756339862835
000d7d20_3688,11749.739742650885
000d7d20_3689,11749.628325906358
000d7d20_3690,11749.628325906358
000d7d20_3691,11752.093273147546
000d7d20_3692,11752.122056440694
000d7d20_3693,11749.548765557918
000d7d20_3694,11754.031183828158
000d7d20_3695,11749.548765557918
000d7d20_3696,11749.600523370418
000d7d20_3697,11752.06202142227
000d7d20_3698,11749.582871164494
000d7d20_3699,11749.582871164494
000d7d20_3700,11752.156162047271
000d7d20_3701,11749.545371164493
000d7d20_3702,11749.582871164494
000d7d20_3703,11749.582871164494
000d7d20_3704,11752.121181820305
000d7d20_3705,11749.529052475753
000d7d20_3706,11749.529052475753
000d7d20_3707,11749.5342181967
000d7d20_3708,11749.5342181967
000d7d20_3709,11752.934471921672
000d7d20_3710,11752.934471921672
000d7d20_3711,11749.458301913464
000d7d20_3712,11749.458301913464
000d7d20_3713,11749.397117880297
000d7d20_3714,11749.419439946827
000d7d20_3715,11749.419439946827
000d7d20_3716,11749.559806287523
000d7d20_3717,11751.460994968775
000d7d20_3718,11749.269715850563
000d7d20_3719,11749.269715850563
000d7d20_3720,11751.58836157405
000d7d20_3721,11752.473438774996
000d7d20_3722,11749.246496158257
000d7d20_3723,11749.225856676474
000d7d20_3724,11749.544950997462
000d7d20_3725,11749.544950997462
000d7d20_3726,11749.544950997462
000d7d20_3727,11750.81629090217
000d7d20_3728,11748.985756755532
000d7d20_3729,11749.499947290204
000d7d20_3730,11748.057100323293
000d7d20_3731,11753.031620677712
000d7d20_3732,11749.470511108002
000d7d20_3733,11752.15752745785
000d7d20_3734,11749.470511108002
000d7d20_3735,11749.40270373469
000d7d20_3736,11749.384414037719
000d7d20_3737,11749.384414037719
000d7d20_3738,11752.385481879614
000d7d20_3739,11752.16461762541
000d7d20_3740,11749.363293462238
000d7d20_3741,11749.733344932902
000d7d20_3742,11752.366309721072
000d7d20_3743,11749.733344932902
000d7d20_3744,11749.733344932902
000d7d20_3745,11749.733344932902
000d7d20_3746,11752.534669096072
000d7d20_3747,11749.733344932902
000d7d20_3748,11752.416597262481
000d7d20_3749,11751.839537830368
000d7d20_3750,11751.636605796613
000d7d20_3751,11748.710593356996
000d7d20_3752,11753.315798592519
000d7d20_3753,11748.686394711023
000d7d20_3754,11748.669576133789
000d7d20_3755,11753.337847202783
000d7d20_3756,11753.337847202783
000d7d20_3757,11748.669576133789
000d7d20_3758,11753.343901890283
000d7d20_3759,11753.317730015282
000d7d20_3760,11753.343901890283
000d7d20_3761,11748.669576133789
000d7d20_3762,11753.169970013578
000d7d20_3763,11748.567517358306
000d7d20_3764,11748.52759699887
000d7d20_3765,11753.179692956752
000d7d20_3766,11753.159575769252
000d7d20_3767,11748.501191861045
000d7d20_3768,11748.501191861045
000d7d20_3769,11753.132926264234
000d7d20_3770,11748.131579653213
000d7d20_3771,11748.106677749063
000d7d20_3772,11752.75877370695
000d7d20_3773,11752.73865651945
000d7d20_3774,11748.092152835412
000d7d20_3775,11752.724131605795
000d7d20_3776,11748.092152835412
000d7d20_3777,11748.077013452696
000d7d20_3778,11752.72910941058
000d7d20_3779,11752.606325416558
000d7d20_3780,11748.05831884952
000d7d20_3781,11748.05831884952
000d7d20_3782,11748.05831884952
000d7d20_3783,11748.017805031175
000d7d20_3784,11751.623510981768
000d7d20_3785,11754.557640866537
000d7d20_3786,11750.093953175834
000d7d20_3787,11754.387906375487
000d7d20_3788,11750.093953175834
000d7d20_3789,11753.862504386849
000d7d20_3790,11753.843485577325
000d7d20_3791,11751.030027526482
000d7d20_3792,11755.3712354194
000d7d20_3793,11754.756441957394
000d7d20_3794,11750.995560474696
000d7d20_3795,11750.995560474696
000d7d20_3796,11750.6903145673
000d7d20_3797,11750.6903145673
000d7d20_3798,11754.992275579452
000d7d20_3799,11750.6903145673
000d7d20_3800,11754.952333022018
000d7d20_3801,11754.38925318731
000d7d20_3802,11750.575582247144
000d7d20_3803,11754.869535446795
000d7d20_3804,11755.129762159935
000d7d20_3805,11754.062340114357
000d7d20_3806,11753.186828903628
000d7d20_3807,11753.092688278628
000d7d20_3808,11750.510399893448
000d7d20_3809,11750.510399893448
000d7d20_3810,11753.165650641
000d7d20_3811,11750.482045082283
000d7d20_3812,11757.751665032702
000d7d20_3813,11750.482045082283
000d7d20_3814,11753.137295829834
000d7d20_3815,11750.482045082283
000d7d20_3816,11753.137295829834
000d7d20_3817,11753.987879438082
000d7d20_3818,11755.526141161103
000d7d20_3819,11750.457117479798
000d7d20_3820,11750.457117479798
000d7d20_3821,11772.370294685255
000d7d20_3822,11777.356258215887
000d7d20_3823,11779.784334466487
000d7d20_3824,11750.442073994951
000d7d20_3825,11757.53728946581
000d7d20_3826,11750.442073994951
000d7d20_3827,11758.31404121085
000d7d20_3828,11759.526827612992
000d7d20_3829,11762.655562001291
000d7d20_3830,11772.370294685255
000d7d20_3831,11750.442073994951
000d7d20_3832,11749.444430802578
000d7d20_3833,11777.640573449107
000d7d20_3834,11779.485585152383
000d7d20_3835,11749.428090305844
000d7d20_3836,11774.411059060518
000d7d20_3837,11772.221496658567
000d7d20_3838,11790.586882498754
000d7d20_3839,11808.29130917504
000d7d20_3840,11749.2944236687
000d7d20_3841,11749.28092440944
000d7d20_3842,11749.28092440944
000d7d20_3843,11749.28092440944
000d7d20_3844,11749.238937978007
000d7d20_3845,11749.212493351226
000d7d20_3846,11749.212493351226
000d7d20_3847,11802.470882515398
000d7d20_3848,11800.920277226774
000d7d20_3849,11749.212493351226
000d7d20_3850,11749.469271748163
000d7d20_3851,11749.469271748163
000d7d20_3852,11749.469271748163
000d7d20_3853,11785.420803659863
000d7d20_3854,11749.700305810778
000d7d20_3855,11779.742929805363
000d7d20_3856,11770.065046367587
000d7d20_3857,11749.59689983765
000d7d20_3858,11773.403923271333
000d7d20_3859,11779.427617292544
000d7d20_3860,11748.693521511472
000d7d20_3861,11749.06891213647
000d7d20_3862,11749.06891213647
000d7d20_3863,11749.06891213647
000d7d20_3864,11749.047512944195
000d7d20_3865,11757.548629284522
000d7d20_3866,11749.01567822721
000d7d20_3867,11756.310937514463
000d7d20_3868,11756.226052033864
000d7d20_3869,11748.897840437425
000d7d20_3870,11748.897840437425
000d7d20_3871,11748.821639868485
000d7d20_3872,11748.50578533526
000d7d20_3873,11748.50578533526
000d7d20_3874,11748.466441124987
000d7d20_3875,11748.466441124987
000d7d20_3876,11748.441686215894
000d7d20_3877,11748.441686215894
000d7d20_3878,11748.441686215894
000d7d20_3879,11748.428573580972
000d7d20_3880,11748.428573580972
000d7d20_3881,11758.161580133554
000d7d20_3882,11751.75412507126
000d7d20_3883,11748.481339939011
000d7d20_3884,11751.512783232018
000d7d20_3885,11748.459380689015
000d7d20_3886,11748.708988130444
000d7d20_3887,11751.86201571373
000d7d20_3888,11748.446097505443
000d7d20_3889,11751.876008431365
000d7d20_3890,11751.849454347073
000d7d20_3891,11751.849454347073
000d7d20_3892,11748.374243409518
000d7d20_3893,11747.13068532361
000d7d20_3894,11750.090420469734
000d7d20_3895,11749.346450449195
000d7d20_3896,11747.13068532361
000d7d20_3897,11747.068110972588
000d7d20_3898,11747.068110972588
000d7d20_3899,11750.202775006119
000d7d20_3900,11750.33104620057
000d7d20_3901,11749.26857182281
000d7d20_3902,11750.458504952616
000d7d20_3903,11747.007072620563
000d7d20_3904,11747.007072620563
000d7d20_3905,11750.495925736364
000d7d20_3906,11750.481152797216
000d7d20_3907,11750.329766798315
000d7d20_3908,11749.17504865488
000d7d20_3909,11749.602399403091
000d7d20_3910,11746.932011923498
000d7d20_3911,11749.973091242231
000d7d20_3912,11746.910467447626
000d7d20_3913,11749.550651952859
000d7d20_3914,11747.889764322625
000d7d20_3915,11747.889764322625
000d7d20_3916,11747.889764322625
000d7d20_3917,11751.120326767152
000d7d20_3918,11747.889764322625
000d7d20_3919,11747.889764322625
000d7d20_3920,11750.940638262047
000d7d20_3921,11747.180319204072
000d7d20_3922,11750.231193143492
000d7d20_3923,11750.596237412354
000d7d20_3924,11747.162462614007
000d7d20_3925,11746.44389801267
000d7d20_3926,11745.11385604511
000d7d20_3927,11747.126329801507
000d7d20_3928,11747.158466603112
000d7d20_3929,11747.197622063599
000d7d20_3930,11749.627189308772
000d7d20_3931,11747.18002990267
000d7d20_3932,11747.18002990267
000d7d20_3933,11747.18002990267
000d7d20_3934,11751.989559522444
000d7d20_3935,11749.335776622098
000d7d20_3936,11746.135900704125
000d7d20_3937,11749.532780272322
000d7d20_3938,11746.09707502299
000d7d20_3939,11746.09707502299
000d7d20_3940,11748.320614990776
000d7d20_3941,11746.74881757089
000d7d20_3942,11749.746172982788
000d7d20_3943,11749.977235459213
000d7d20_3944,11746.726223166128
000d7d20_3945,11746.669340756558
000d7d20_3946,11746.697727305147
000d7d20_3947,11746.697727305147
000d7d20_3948,11746.697727305147
000d7d20_3949,11746.697727305147
000d7d20_3950,11745.956269119139
000d7d20_3951,11748.91655301536
000d7d20_3952,11749.104538681353
000d7d20_3953,11746.61167801831
000d7d20_3954,11746.639039275255
000d7d20_3955,11744.59043270636
000d7d20_3956,11745.89071252071
000d7d20_3957,11748.85099641693
000d7d20_3958,11746.609277122046
000d7d20_3959,11748.85494393192
000d7d20_3960,11745.811699288965
000d7d20_3961,11746.501030374002
000d7d20_3962,11745.726240973096
000d7d20_3963,11748.245275379199
000d7d20_3964,11750.811030902394
000d7d20_3965,11748.245275379199
000d7d20_3966,11745.007676371762
000d7d20_3967,11749.08429520694
000d7d20_3968,11749.089506479242
000d7d20_3969,11748.822369580352
000d7d20_3970,11748.656122971339
000d7d20_3971,11748.827658149708
000d7d20_3972,11745.336433377768
000d7d20_3973,11747.403475220523
000d7d20_3974,11748.78848439855
000d7d20_3975,11748.793772967903
000d7d20_3976,11748.792354977038
000d7d20_3977,11748.386927826694
000d7d20_3978,11748.360351030442
000d7d20_3979,11745.3304287122
000d7d20_3980,11737.556169455596
000d7d20_3981,11736.44702291387
000d7d20_3982,11734.610381743983
000d7d20_3983,11737.538959593252
000d7d20_3984,11737.348005507783
000d7d20_3985,11734.090093060031
000d7d20_3986,11737.047467309223
000d7d20_3987,11737.020979606094
000d7d20_3988,11736.922198657772
000d7d20_3989,11733.991057287849
000d7d20_3990,11733.991057287849
000d7d20_3991,11737.240728887118
000d7d20_3992,11733.945422131419
000d7d20_3993,11737.347178985528
000d7d20_3994,11733.92739019876
000d7d20_3995,11733.868633009117
000d7d20_3996,11733.868633009117
000d7d20_3997,11742.3860124
000d7d20_3998,11736.276836134117
000d7d20_3999,11740.3122364377
000d7d20_4000,11738.865792415218
000d7d20_4001,11736.276836134117
000d7d20_4002,11736.240703321617
000d7d20_4003,11736.2659479523
000d7d20_4004,11736.2659479523
000d7d20_4005,11735.547383350964
000d7d20_4006,11736.2659479523
000d7d20_4007,11738.579484849623
000d7d20_4008,11739.813520917514
000d7d20_4009,11736.22609389275
000d7d20_4010,11739.552416743802
000d7d20_4011,11736.209215888975
000d7d20_4012,11736.209215888975
000d7d20_4013,11741.523114471802
000d7d20_4014,11746.08329874624
000d7d20_4015,11736.195455558918
000d7d20_4016,11742.822466617423
000d7d20_4017,11737.996988072455
000d7d20_4018,11735.44639343751
000d7d20_4019,11734.106796186901
000d7d20_4020,11736.119269943298
000d7d20_4021,11736.141453198688
000d7d20_4022,11736.141453198688
000d7d20_4023,11736.141453198688
000d7d20_4024,11739.556030713155
000d7d20_4025,11739.733507610457
000d7d20_4026,11739.738636538823
000d7d20_4027,11739.724810230025
000d7d20_4028,11736.308892021741
000d7d20_4029,11739.558563621009
000d7d20_4030,11736.308892021741
000d7d20_4031,11736.308892021741
000d7d20_4032,11739.620557129976
000d7d20_4033,11735.217494081255
000d7d20_4034,11738.2474163995
000d7d20_4035,11735.217494081255
000d7d20_4036,11738.2474163995
000d7d20_4037,11738.297819472737
000d7d20_4038,11735.04814787347
000d7d20_4039,11738.078070191714
000d7d20_4040,11737.979289243392
000d7d20_4041,11738.078070191714
000d7d20_4042,11738.297819472737
000d7d20_4043,11735.050062194816
000d7d20_4044,11738.471268972451
000d7d20_4045,11738.4659804031
000d7d20_4046,11735.050062194816
000d7d20_4047,11735.040331855831
000d7d20_4048,11735.040331855831
000d7d20_4049,11735.027892966944
000d7d20_4050,11738.277564566211
000d7d20_4051,11735.018348275586
000d7d20_4052,11738.429400571127
000d7d20_4053,11735.009611784357
000d7d20_4054,11735.009611784357
000d7d20_4055,11738.00901052649
000d7d20_4056,11734.979088208245
000d7d20_4057,11738.001793859825
000d7d20_4058,11737.888894406638
000d7d20_4059,11734.96098265269
000d7d20_4060,11738.220915238973
000d7d20_4061,11738.391032426473
000d7d20_4062,11738.410173051472
000d7d20_4063,11738.410173051472
000d7d20_4064,11737.684943336253
000d7d20_4065,11735.80502976535
000d7d20_4066,11732.202865527324
000d7d20_4067,11736.253045732381
000d7d20_4068,11730.195378303742
000d7d20_4069,11736.159437401115
000d7d20_4070,11736.254321327695
000d7d20_4071,11735.863036868303
000d7d20_4072,11735.761026304008
000d7d20_4073,11735.803825879775
000d7d20_4074,11736.235604051757
000d7d20_4075,11736.23666041805
000d7d20_4076,11736.21751979305
000d7d20_4077,11736.21751979305
000d7d20_4078,11732.17246851636
000d7d20_4079,11732.20860132886
000d7d20_4080,11736.048517578729
000d7d20_4081,11735.827653324526
000d7d20_4082,11735.109709402408
000d7d20_4083,11731.568001156746
000d7d20_4084,11735.135237900613
000d7d20_4085,11734.870830530715
000d7d20_4086,11735.135237900613
000d7d20_4087,11735.576919620933
000d7d20_4088,11735.18705315241
000d7d20_4089,11732.070292467452
000d7d20_4090,11731.519511217452
000d7d20_4091,11735.56456249414
000d7d20_4092,11731.555644029952
000d7d20_4093,11734.287882499626
000d7d20_4094,11734.057646404572
000d7d20_4095,11734.060975872271
000d7d20_4096,11733.958965307975
000d7d20_4097,11730.441923876606
000d7d20_4098,11734.469982965795
000d7d20_4099,11733.99222587227
000d7d20_4100,11734.280725153294
000d7d20_4101,11734.469982965795
000d7d20_4102,11730.31248895269
000d7d20_4103,11733.959882921703
000d7d20_4104,11734.427093140228
000d7d20_4105,11733.413353089334
000d7d20_4106,11734.304095834625
000d7d20_4107,11733.999823648368
000d7d20_4108,11733.989971045257
000d7d20_4109,11730.772676862094
000d7d20_4110,11730.772676862094
000d7d20_4111,11730.772676862094
000d7d20_4112,11730.772676862094
000d7d20_4113,11730.772676862094
000d7d20_4114,11734.298370327277
000d7d20_4115,11734.5954633583
000d7d20_4116,11730.756662081612
000d7d20_4117,11734.775431198139
000d7d20_4118,11734.73616765905
000d7d20_4119,11730.727249194859
000d7d20_4120,11730.727249194859
000d7d20_4121,11730.727249194859
000d7d20_4122,11734.346301190528
000d7d20_4123,11730.712145773428
000d7d20_4124,11734.331197769094
000d7d20_4125,11734.323040075928
000d7d20_4126,11730.703988080262
000d7d20_4127,11734.277433147363
000d7d20_4128,11734.92544912692
000d7d20_4129,11731.389441694188
000d7d20_4130,11733.828745327646
000d7d20_4131,11730.805873877467
000d7d20_4132,11730.774698373138
000d7d20_4133,11734.393750368803
000d7d20_4134,11734.78307341263
000d7d20_4135,11730.768022669476
000d7d20_4136,11730.768022669476
000d7d20_4137,11730.760395945767
000d7d20_4138,11729.972669982559
000d7d20_4139,11729.972669982559
000d7d20_4140,11733.495064973433
000d7d20_4141,11729.972669982559
000d7d20_4142,11729.972669982559
000d7d20_4143,11729.972669982559
000d7d20_4144,11729.972669982559
000d7d20_4145,11729.972669982559
000d7d20_4146,11729.972669982559
000d7d20_4147,11729.972669982559
000d7d20_4148,11729.972669982559
000d7d20_4149,11733.581632238496
000d7d20_4150,11733.808627575652
000d7d20_4151,11730.190430343717
000d7d20_4152,11730.190430343717
000d7d20_4153,11733.808627575652
000d7d20_4154,11733.212447030168
000d7d20_4155,11734.250901738542
000d7d20_4156,11730.17604831884
000d7d20_4157,11730.163485117724
000d7d20_4158,11730.163485117724
000d7d20_4159,11730.163485117724
000d7d20_4160,11730.158107242265
000d7d20_4161,11730.158107242265
000d7d20_4162,11730.158107242265
000d7d20_4163,11730.158107242265
000d7d20_4164,11730.1519411047
000d7d20_4165,11730.141680117686
000d7d20_4166,11730.49050801512
000d7d20_4167,11730.49050801512
000d7d20_4168,11735.928325671515
000d7d20_4169,11735.950833298079
000d7d20_4170,11736.208956721326
000d7d20_4171,11736.206467169537
000d7d20_4172,11729.7464612851
000d7d20_4173,11729.128488927441
000d7d20_4174,11735.130114295764
000d7d20_4175,11728.87330256051
000d7d20_4176,11728.87330256051
000d7d20_4177,11734.886319422858
000d7d20_4178,11734.876992296598
000d7d20_4179,11728.825544833879
000d7d20_4180,11728.825544833879
000d7d20_4181,11728.825544833879
000d7d20_4182,11734.876992296598
000d7d20_4183,11728.825544833879
000d7d20_4184,11734.84996259985
000d7d20_4185,11728.803094442565
000d7d20_4186,11734.881704183952
000d7d20_4187,11734.881704183952
000d7d20_4188,11734.887758871451
000d7d20_4189,11734.861586996452
000d7d20_4190,11728.779909525456
000d7d20_4191,11728.537865299413
000d7d20_4192,11728.532998466446
000d7d20_4193,11734.625878004352
000d7d20_4194,11734.618389362147
000d7d20_4195,11728.90416179978
000d7d20_4196,11734.98955269548
000d7d20_4197,11734.95068550798
000d7d20_4198,11728.90416179978
000d7d20_4199,11728.899998529938
000d7d20_4200,11734.992878067844
000d7d20_4201,11728.887136579198
000d7d20_4202,11728.879376082297
000d7d20_4203,11734.937462143535
000d7d20_4204,11728.879376082297
000d7d20_4205,11728.879376082297
000d7d20_4206,11728.879376082297
000d7d20_4207,11733.570137930328
000d7d20_4208,11729.282952203796
000d7d20_4209,11729.282952203796
000d7d20_4210,11733.982250696432
000d7d20_4211,11729.269093930106
000d7d20_4212,11733.940016757877
000d7d20_4213,11733.958766757878
000d7d20_4214,11729.269093930106
000d7d20_4215,11733.978883945378
000d7d20_4216,11733.950255561065
000d7d20_4217,11729.269093930106
000d7d20_4218,11729.253460342688
000d7d20_4219,11733.970739000162
000d7d20_4220,11729.240751903302
000d7d20_4221,11729.235569185803
000d7d20_4222,11733.948174097626
000d7d20_4223,11733.838538639964
000d7d20_4224,11729.23227085247
000d7d20_4225,11733.883460514964
000d7d20_4226,11733.857288639963
000d7d20_4227,11729.23227085247
000d7d20_4228,11733.877405827465
000d7d20_4229,11733.868724725851
000d7d20_4230,11729.220509158262
000d7d20_4231,11729.220509158262
000d7d20_4232,11733.845526945759
000d7d20_4233,11729.220509158262
000d7d20_4234,11733.826776945758
000d7d20_4235,11733.486516255687
000d7d20_4236,11728.841381280688
000d7d20_4237,11728.388040310992
000d7d20_4238,11728.39366259523
000d7d20_4239,11733.033175285987
000d7d20_4240,11733.033175285987
000d7d20_4241,11728.39366259523
000d7d20_4242,11728.39366259523
000d7d20_4243,11732.981229283672
000d7d20_4244,11728.379165789549
000d7d20_4245,11733.020096471173
000d7d20_4246,11733.027585113376
000d7d20_4247,11727.474650676188
000d7d20_4248,11732.067516536421
000d7d20_4249,11732.086266536422
000d7d20_4250,11727.4704503324
000d7d20_4251,11732.067516536421
000d7d20_4252,11732.07775533961
000d7d20_4253,11727.4704503324
000d7d20_4254,11727.4704503324
000d7d20_4255,11727.4704503324
000d7d20_4256,11727.476252221002
000d7d20_4257,11727.47377796757
000d7d20_4258,11727.47377796757
000d7d20_4259,11732.089662738425
000d7d20_4260,11728.098595770152
000d7d20_4261,11728.995844474472
000d7d20_4262,11733.610222716037
000d7d20_4263,11733.636394591038
000d7d20_4264,11729.011428130312
000d7d20_4265,11733.054947951976
000d7d20_4266,11733.012129582705
000d7d20_4267,11733.032442082706
000d7d20_4268,11733.055048821992
000d7d20_4269,11733.058613957704
000d7d20_4270,11733.012129582705
000d7d20_4271,11733.032442082706
000d7d20_4272,11733.058613957704
000d7d20_4273,11733.026515147481
000d7d20_4274,11733.026515147481
000d7d20_4275,11732.986085459983
000d7d20_4276,11733.026515147481
000d7d20_4277,11732.986085459983
000d7d20_4278,11732.956596144157
000d7d20_4279,11732.974381331656
000d7d20_4280,11732.994227045787
000d7d20_4281,11733.014344233288
000d7d20_4282,11732.975477045788
000d7d20_4283,11729.114878283632
000d7d20_4284,11733.120398920788
000d7d20_4285,11733.140711420787
000d7d20_4286,11733.166883295788
000d7d20_4287,11728.819524417388
000d7d20_4288,11725.040148909788
000d7d20_4289,11728.779325308848
000d7d20_4290,11728.814325262258
000d7d20_4291,11728.843566028178
000d7d20_4292,11728.817394153179
000d7d20_4293,11728.837511340678
000d7d20_4294,11728.798644153178
000d7d20_4295,11728.837511340678
000d7d20_4296,11728.817394153179
000d7d20_4297,11728.817394153179
000d7d20_4298,11728.817394153179
000d7d20_4299,11728.843566028178
000d7d20_4300,11728.817394153179
000d7d20_4301,11728.817394153179
000d7d20_4302,11728.837511340678
000d7d20_4303,11725.03769639995
000d7d20_4304,11728.837511340678
000d7d20_4305,11728.798903877914
000d7d20_4306,11725.037956124686
000d7d20_4307,11725.037956124686
000d7d20_4308,11728.797341377915
000d7d20_4309,11725.03781473841
000d7d20_4310,11725.03781473841
000d7d20_4311,11725.033421167922
000d7d20_4312,11728.846513123981
000d7d20_4313,11728.840458436482
000d7d20_4314,11725.028820518315
000d7d20_4315,11725.028820518315
000d7d20_4316,11728.429181198944
000d7d20_4317,11725.031270042125
000d7d20_4318,11728.429181198944
000d7d20_4319,11728.443849949728
000d7d20_4320,11728.423732762229
000d7d20_4321,11728.406245564289
000d7d20_4322,11725.0490133099
000d7d20_4323,11725.049539399068
000d7d20_4324,11728.44667525179
000d7d20_4325,11725.049539399068
000d7d20_4326,11725.049539399068
000d7d20_4327,11725.049539399068
000d7d20_4328,11728.452729939288
000d7d20_4329,11728.42655806429
000d7d20_4330,11725.049539399068
000d7d20_4331,11728.406245564289
000d7d20_4332,11728.406245564289
000d7d20_4333,11725.049539399068
000d7d20_4334,11726.02481266506
000d7d20_4335,11726.02481266506
000d7d20_4336,11726.02481266506
000d7d20_4337,11727.477701321865
000d7d20_4338,11726.02481266506
000d7d20_4339,11726.025871610063
000d7d20_4340,11727.47876026687
000d7d20_4341,11727.47876026687
000d7d20_4342,11726.016066237418
000d7d20_4343,11727.469328174384
000d7d20_4344,11727.489640674383
000d7d20_4345,11726.020190719924
000d7d20_4346,11727.47307937673
000d7d20_4347,11727.45296218923
000d7d20_4348,11727.493391876731
000d7d20_4349,11726.020190719924
000d7d20_4350,11727.51956375173
000d7d20_4351,11726.020190719924
000d7d20_4352,11727.493391876731
000d7d20_4353,11726.020190719924
000d7d20_4354,11727.472938115468
000d7d20_4355,11727.472938115468
000d7d20_4356,11727.49325061547
000d7d20_4357,11727.476423464308
000d7d20_4358,11727.475315553194
000d7d20_4359,11727.491000815226
000d7d20_4360,11727.511118002725
000d7d20_4361,11727.511118002725
000d7d20_4362,11727.470688315225
000d7d20_4363,11727.520518946634
000d7d20_4364,11727.512913664279
000d7d20_4365,11727.497982654175
000d7d20_4366,11727.476302966676
000d7d20_4367,11727.542904529175
000d7d20_4368,11727.516382651924
000d7d20_4369,11726.043181495117
000d7d20_4370,11727.516382651924
000d7d20_4371,11727.545919975697
000d7d20_4372,11727.539865288198
000d7d20_4373,11727.545919975697
000d7d20_4374,11727.539865288198
000d7d20_4375,11727.539865288198
000d7d20_4376,11727.425795938183
000d7d20_4377,11727.500998100697
000d7d20_4378,11727.545717813184
000d7d20_4379,11727.425795938183
000d7d20_4380,11727.542354839987
000d7d20_4381,11727.437518884279
000d7d20_4382,11727.419580920641
000d7d20_4383,11727.287912185302
000d7d20_4384,11727.486877814476
000d7d20_4385,11727.470583495939
000d7d20_4386,11727.309898086256
000d7d20_4387,11727.259873655594
000d7d20_4388,11726.060206153454
000d7d20_4389,11727.259873655594
000d7d20_4390,11725.974291019664
000d7d20_4391,11726.813244536237
000d7d20_4392,11726.178120906687
000d7d20_4393,11726.814072410554
000d7d20_4394,11726.074537399152
000d7d20_4395,11726.078079592702
000d7d20_4396,11726.078079592702
000d7d20_4397,11726.078079592702
000d7d20_4398,11726.499759592702
000d7d20_4399,11726.499759592702
000d7d20_4400,11726.499759592702
000d7d20_4401,11725.8631737703
000d7d20_4402,11726.60364708785
000d7d20_4403,11725.962650217702
000d7d20_4404,11725.962650217702
000d7d20_4405,11727.361038450663
000d7d20_4406,11725.944443492039
000d7d20_4407,11726.07548738529
000d7d20_4408,11725.988695753935
000d7d20_4409,11725.962650217702
000d7d20_4410,11725.988695753935
000d7d20_4411,11725.988695753935
000d7d20_4412,11725.214409399223
000d7d20_4413,11726.702185229102
000d7d20_4414,11725.655815649223
000d7d20_4415,11725.962650217702
000d7d20_4416,11725.943308946584
000d7d20_4417,11725.988695753935
000d7d20_4418,11725.947922158704
000d7d20_4419,11725.94962241431
000d7d20_4420,11725.971485538197
000d7d20_4421,11725.971485538197
000d7d20_4422,11725.94413645458
000d7d20_4423,11725.73793220968
000d7d20_4424,11725.971485538197
000d7d20_4425,11725.66465096972
000d7d20_4426,11725.971485538197
000d7d20_4427,11726.720250542783
000d7d20_4428,11726.61629420322
000d7d20_4429,11725.970574190545
000d7d20_4430,11726.710109201946
000d7d20_4431,11725.970574190545
000d7d20_4432,11725.970574190545
000d7d20_4433,11725.970574190545
000d7d20_4434,11725.972831082841
000d7d20_4435,11725.972831082841
000d7d20_4436,11725.677372237249
000d7d20_4437,11725.665996514363
000d7d20_4438,11725.972831082841
000d7d20_4439,11725.968078759608
000d7d20_4440,11725.970799817082
000d7d20_4441,11725.973529070465
000d7d20_4442,11726.713064081867
000d7d20_4443,11727.410734955567
000d7d20_4444,11727.417288675824
000d7d20_4445,11726.009139263075
000d7d20_4446,11726.011659981987
000d7d20_4447,11725.960361768219
000d7d20_4448,11725.956125768524
000d7d20_4449,11726.013405788437
000d7d20_4450,11726.016182187443
000d7d20_4451,11726.016182187443
000d7d20_4452,11726.01865507633
000d7d20_4453,11725.968974559533
000d7d20_4454,11726.046318309534
000d7d20_4455,11726.023614799446
000d7d20_4456,11725.716780230965
000d7d20_4457,11726.023614799446
000d7d20_4458,11726.023614799446
000d7d20_4459,11725.966334779532
000d7d20_4460,11726.108782824795
000d7d20_4461,11726.190101798527
000d7d20_4462,11726.299347680535
000d7d20_4463,11726.060469762266
000d7d20_4464,11726.176078772369
000d7d20_4465,11726.075564014534
000d7d20_4466,11726.075564014534
000d7d20_4467,11725.003826533786
000d7d20_4468,11726.078513117096
000d7d20_4469,11726.057567436974
000d7d20_4470,11726.050196113663
000d7d20_4471,11724.562420283786
000d7d20_4472,11725.336706638496
000d7d20_4473,11726.078513117096
000d7d20_4474,11726.107863415054
000d7d20_4475,11726.078513117096
000d7d20_4476,11726.078513117096
000d7d20_4477,11724.566579503244
000d7d20_4478,11726.052201277684
000d7d20_4479,11726.059572600996
000d7d20_4480,11725.079112937765
000d7d20_4481,11726.078513117096
000d7d20_4482,11724.566579503244
000d7d20_4483,11725.005831697807
000d7d20_4484,11726.079988203866
000d7d20_4485,11726.079988203866
000d7d20_4486,11726.079988203866
000d7d20_4487,11724.568195851276
000d7d20_4488,11725.0807292858
000d7d20_4489,11726.080129465128
000d7d20_4490,11726.083334598634
000d7d20_4491,11725.0821308517
000d7d20_4492,11725.090138664202
000d7d20_4493,11725.875326786134
000d7d20_4494,11725.875326786134
000d7d20_4495,11725.66754726801
000d7d20_4496,11725.877000280498
000d7d20_4497,11725.624325731591
000d7d20_4498,11725.878491582083
000d7d20_4499,11725.878491582083
000d7d20_4500,11725.88033997289
000d7d20_4501,11724.986254695978
000d7d20_4502,11725.221842245457
000d7d20_4503,11725.88033997289
000d7d20_4504,11725.854028133477
000d7d20_4505,11725.88033997289
000d7d20_4506,11725.222756859835
000d7d20_4507,11725.880195642261
000d7d20_4508,11724.880795462934
000d7d20_4509,11725.880195642261
000d7d20_4510,11725.887259052532
000d7d20_4511,11725.887259052532
000d7d20_4512,11725.887259052532
000d7d20_4513,11724.814577633242
000d7d20_4514,11725.891204749843
000d7d20_4515,11725.891204749843
000d7d20_4516,11725.891204749843
000d7d20_4517,11725.864892910431
000d7d20_4518,11725.891204749843
000d7d20_4519,11724.891804570514
000d7d20_4520,11725.891204749843
000d7d20_4521,11725.891204749843
000d7d20_4522,11726.540814124844
000d7d20_4523,11725.75805693023
000d7d20_4524,11725.804950937581
000d7d20_4525,11726.544752252163
000d7d20_4526,11726.518440412747
000d7d20_4527,11726.544752252163
000d7d20_4528,11725.886254524728
000d7d20_4529,11726.546938235068
000d7d20_4530,11725.548269687426
000d7d20_4531,11726.521358027341
000d7d20_4532,11726.547669866755
000d7d20_4533,11725.548269687426
000d7d20_4534,11725.762481744823
000d7d20_4535,11725.754473932324
000d7d20_4536,11725.548269687426
000d7d20_4537,11726.533204493635
000d7d20_4538,11726.53488696518
000d7d20_4539,11726.53488696518
000d7d20_4540,11726.53911778352
000d7d20_4541,11726.543250422003
000d7d20_4542,11726.466086982164
000d7d20_4543,11726.543250422003
000d7d20_4544,11726.568972360505
000d7d20_4545,11725.546383999528
000d7d20_4546,11726.571701249393
000d7d20_4547,11725.713271463312
000d7d20_4548,11726.47626095954
000d7d20_4549,11726.5692147072
000d7d20_4550,11726.47626095954
000d7d20_4551,11726.536843091963
000d7d20_4552,11726.514006848487
000d7d20_4553,11726.454436535987
000d7d20_4554,11726.45561663527
000d7d20_4555,11726.47292191823
000d7d20_4556,11726.47292191823
000d7d20_4557,11726.47292191823
000d7d20_4558,11726.475107081944
000d7d20_4559,11726.475107081944
000d7d20_4560,11726.475107081944
000d7d20_4561,11726.535830600644
000d7d20_4562,11726.568202215884
000d7d20_4563,11726.475248468221
000d7d20_4564,11726.475248468221
000d7d20_4565,11726.511381280721
000d7d20_4566,11725.201799257888
000d7d20_4567,11726.475248468221
000d7d20_4568,11726.475248468221
000d7d20_4569,11726.48141058453
000d7d20_4570,11726.47646834701
000d7d20_4571,11726.39930490717
000d7d20_4572,11726.569422094672
000d7d20_4573,11726.47646834701
000d7d20_4574,11726.514393678019
000d7d20_4575,11726.515528742955
000d7d20_4576,11726.608482490617
000d7d20_4577,11726.438902053476
000d7d20_4578,11726.516065493315
000d7d20_4579,11726.445801092328
000d7d20_4580,11726.52314484233
000d7d20_4581,11726.51698272602
000d7d20_4582,11726.43981928618
000d7d20_4583,11726.518427383598
000d7d20_4584,11726.447245749905
000d7d20_4585,11726.524888496251
000d7d20_4586,11725.508214799916
000d7d20_4587,11725.502232993771
000d7d20_4588,11725.672350181272
000d7d20_4589,11725.638966746108
000d7d20_4590,11725.579396433608
000d7d20_4591,11725.63134955861
000d7d20_4592,11725.46767768361
000d7d20_4593,11725.639978566032
000d7d20_4594,11725.40690187518
000d7d20_4595,11725.313948127518
000d7d20_4596,11725.236784687679
000d7d20_4597,11725.313959896823
000d7d20_4598,11724.507531218334
000d7d20_4599,11725.313959896823
000d7d20_4600,11725.236796456986
000d7d20_4601,11725.313959896823
000d7d20_4602,11725.313959896823
000d7d20_4603,11723.756144825838
000d7d20_4604,11725.313955674603
000d7d20_4605,11724.508232392938
000d7d20_4606,11724.509366938393
000d7d20_4607,11724.501489846167
000d7d20_4608,11725.31522094033
000d7d20_4609,11725.31522094033
000d7d20_4610,11724.55293684093
000d7d20_4611,11725.315538133313
000d7d20_4612,11724.553254033914
000d7d20_4613,11725.32240564645
000d7d20_4614,11725.409197277802
000d7d20_4615,11725.315538133313
000d7d20_4616,11725.239080090301
000d7d20_4617,11725.32287696504
000d7d20_4618,11725.245533215038
000d7d20_4619,11725.239551408893
000d7d20_4620,11724.548643384402
000d7d20_4621,11724.505204202138
000d7d20_4622,11725.328202510998
000d7d20_4623,11724.565918411598
000d7d20_4624,11725.235566004772
000d7d20_4625,11725.229584198627
000d7d20_4626,11725.308497439773
000d7d20_4627,11725.308497439773
000d7d20_4628,11725.308497439773
000d7d20_4629,11725.40706183915
000d7d20_4630,11724.072965707197
000d7d20_4631,11724.072965707197
000d7d20_4632,11724.072965707197
000d7d20_4633,11723.97930656271
000d7d20_4634,11723.86758781271
000d7d20_4635,11723.97984199481
000d7d20_4636,11723.97984199481
000d7d20_4637,11723.97984199481
000d7d20_4638,11724.090094899495
000d7d20_4639,11724.087442053282
000d7d20_4640,11722.252916353242
000d7d20_4641,11724.013321961094
000d7d20_4642,11724.040123648241
000d7d20_4643,11723.899922877845
000d7d20_4644,11723.899922877845
000d7d20_4645,11722.188478925542
000d7d20_4646,11724.573010824624
000d7d20_4647,11723.128006726925
000d7d20_4648,11724.839450679228
000d7d20_4649,11724.606453959386
000d7d20_4650,11724.622669063669
000d7d20_4651,11725.491654170286
000d7d20_4652,11724.757541670944
000d7d20_4653,11725.258251865966
000d7d20_4654,11725.227588597492
000d7d20_4655,11725.202525547407
000d7d20_4656,11724.528096358219
000d7d20_4657,11724.217744795718
000d7d20_4658,11725.25996021273
000d7d20_4659,11725.25996021273
000d7d20_4660,11725.254754576465
000d7d20_4661,11725.223212609279
000d7d20_4662,11725.22483815936
000d7d20_4663,11725.22483815936
000d7d20_4664,11725.254754576465
000d7d20_4665,11725.223212609279
000d7d20_4666,11724.059163030017
000d7d20_4667,11725.568947827636
000d7d20_4668,11725.570021043222
000d7d20_4669,11725.23016319086
000d7d20_4670,11725.577233503358
000d7d20_4671,11725.46498849892
000d7d20_4672,11725.576707248918
000d7d20_4673,11724.066922451299
000d7d20_4674,11725.860722847397
000d7d20_4675,11725.569902534899
000d7d20_4676,11725.569902534899
000d7d20_4677,11725.458183784898
000d7d20_4678,11725.569902534899
000d7d20_4679,11725.569902534899
000d7d20_4680,11725.569902534899
000d7d20_4681,11725.568966578312
000d7d20_4682,11726.36117262179
000d7d20_4683,11725.570405032418
000d7d20_4684,11725.255553272826
000d7d20_4685,11725.224130856217
000d7d20_4686,11723.854524446784
000d7d20_4687,11725.364309244402
000d7d20_4688,11725.111221399502
000d7d20_4689,11725.220383031192
000d7d20_4690,11724.873312718692
000d7d20_4691,11725.220383031192
000d7d20_4692,11725.201120231768
000d7d20_4693,11724.886268472175
000d7d20_4694,11725.255948734415
000d7d20_4695,11724.904407180144
000d7d20_4696,11725.143244997214
000d7d20_4697,11725.254963747215
000d7d20_4698,11725.234781117839
000d7d20_4699,11724.689921291872
000d7d20_4700,11724.37173634004
000d7d20_4701,11724.687311663001
000d7d20_4702,11724.363640250685
000d7d20_4703,11724.331316626625
000d7d20_4704,11724.680626502875
000d7d20_4705,11724.680626502875
000d7d20_4706,11723.813606924135
000d7d20_4707,11723.821614736635
000d7d20_4708,11724.635363995087
000d7d20_4709,11724.669827809514
000d7d20_4710,11723.148603329737
000d7d20_4711,11724.006844447931
000d7d20_4712,11722.170663582461
000d7d20_4713,11722.686906654215
000d7d20_4714,11722.170663582461
000d7d20_4715,11723.002910983349
000d7d20_4716,11723.85214495571
000d7d20_4717,11723.85214495571
000d7d20_4718,11723.001911650015
000d7d20_4719,11723.85214495571
000d7d20_4720,11723.850664750582
000d7d20_4721,11723.850664750582
000d7d20_4722,11723.850664750582
000d7d20_4723,11723.84856481379
000d7d20_4724,11723.846975922233
000d7d20_4725,11723.846975922233
000d7d20_4726,11723.846975922233
000d7d20_4727,11723.846975922233
000d7d20_4728,11723.84607514834
000d7d20_4729,11723.84607514834
000d7d20_4730,11722.987834030147
000d7d20_4731,11723.035761336338
000d7d20_4732,11722.524686267669
000d7d20_4733,11722.536061990553
000d7d20_4734,11722.98638294319
000d7d20_4735,11723.684472941433
000d7d20_4736,11724.070504376456
000d7d20_4737,11723.034310249383
000d7d20_4738,11724.92333630773
000d7d20_4739,11725.49549794182
000d7d20_4740,11724.070504376456
000d7d20_4741,11722.98638294319
000d7d20_4742,11722.517702615554
000d7d20_4743,11725.287417413127
000d7d20_4744,11724.121676251456
000d7d20_4745,11724.070504376456
000d7d20_4746,11725.533650174968
000d7d20_4747,11723.67481895402
000d7d20_4748,11725.537788725975
000d7d20_4749,11725.527484281954
000d7d20_4750,11724.076087585043
000d7d20_4751,11722.982534579807
000d7d20_4752,11725.933043842479
000d7d20_4753,11725.935776026945
000d7d20_4754,11725.361375454397
000d7d20_4755,11725.935776026945
000d7d20_4756,11725.924037156841
000d7d20_4757,11725.777719928916
000d7d20_4758,11725.362673673584
000d7d20_4759,11725.37811850115
000d7d20_4760,11725.931620850766
000d7d20_4761,11726.05597402712
000d7d20_4762,11725.461024382927
000d7d20_4763,11725.46114905251
000d7d20_4764,11725.46114905251
000d7d20_4765,11725.949138561436
000d7d20_4766,11724.810655205625
000d7d20_4767,11725.459965758666
000d7d20_4768,11725.941962454692
000d7d20_4769,11725.459025763592
000d7d20_4770,11725.459025763592
000d7d20_4771,11725.459025763592
000d7d20_4772,11725.459025763592
000d7d20_4773,11726.408067186285
000d7d20_4774,11726.323895061123
000d7d20_4775,11726.408067186285
000d7d20_4776,11726.153606533173
000d7d20_4777,11726.116898957605
000d7d20_4778,11725.775196213357
000d7d20_4779,11725.775322508362
000d7d20_4780,11724.5659670071
000d7d20_4781,11725.774513721177
000d7d20_4782,11725.774513721177
000d7d20_4783,11725.905503648133
000d7d20_4784,11725.771881432576
000d7d20_4785,11724.562525931315
000d7d20_4786,11725.771881432576
000d7d20_4787,11725.771881432576
000d7d20_4788,11724.975100821013
000d7d20_4789,11725.7545077278
000d7d20_4790,11725.592850745785
000d7d20_4791,11725.590162219181
000d7d20_4792,11725.7545077278
000d7d20_4793,11725.7545077278
000d7d20_4794,11725.7545077278
000d7d20_4795,11725.523977599862
000d7d20_4796,11725.754436489702
000d7d20_4797,11725.754436489702
000d7d20_4798,11726.096423123288
000d7d20_4799,11725.755305366618
000d7d20_4800,11725.938952012839
000d7d20_4801,11725.590959858002
000d7d20_4802,11725.755305366618
000d7d20_4803,11725.598479557199
000d7d20_4804,11726.049491064186
000d7d20_4805,11726.796026717513
000d7d20_4806,11726.796026717513
000d7d20_4807,11726.796026717513
000d7d20_4808,11726.792484570944
000d7d20_4809,11724.483026777109
000d7d20_4810,11723.735367951369
000d7d20_4811,11723.743375763868
000d7d20_4812,11724.483026777109
000d7d20_4813,11723.787973409784
000d7d20_4814,11723.79135817169
000d7d20_4815,11724.482471089264
000d7d20_4816,11724.486411539014
000d7d20_4817,11724.486411539014
000d7d20_4818,11723.790503414551
000d7d20_4819,11724.48575851456
000d7d20_4820,11724.490631487877
000d7d20_4821,11724.490631487877
000d7d20_4822,11724.490631487877
000d7d20_4823,11724.541087429914
000d7d20_4824,11724.492681890808
000d7d20_4825,11723.77263076234
000d7d20_4826,11723.720025303925
000d7d20_4827,11723.323028604349
000d7d20_4828,11727.202692002651
000d7d20_4829,11723.4296057353
000d7d20_4830,11723.429898280103
000d7d20_4831,11723.429898280103
000d7d20_4832,11723.429898280103
000d7d20_4833,11723.4294969764
000d7d20_4834,11722.658038541647
000d7d20_4835,11723.428820179222
000d7d20_4836,11722.658038541647
000d7d20_4837,11722.666246481132
000d7d20_4838,11723.532682161684
000d7d20_4839,11722.555880198894
000d7d20_4840,11723.483445252938
000d7d20_4841,11723.532682161684
000d7d20_4842,11723.539059949146
000d7d20_4843,11723.532682161684
000d7d20_4844,11723.532682161684
000d7d20_4845,11724.994784021606
000d7d20_4846,11723.532682161684
000d7d20_4847,11723.532682161684
000d7d20_4848,11724.42780150035
000d7d20_4849,11723.950555735817
000d7d20_4850,11722.989323015925
000d7d20_4851,11723.575209736731
000d7d20_4852,11722.525996315366
000d7d20_4853,11723.575654109201
000d7d20_4854,11724.251148018284
000d7d20_4855,11722.99194757422
000d7d20_4856,11723.884827974429
000d7d20_4857,11723.887066912886
000d7d20_4858,11722.43923340723
000d7d20_4859,11723.995280689358
000d7d20_4860,11725.71729943655
000d7d20_4861,11723.905567219097
000d7d20_4862,11725.511874042246
000d7d20_4863,11725.40915066672
000d7d20_4864,11725.316896280798
000d7d20_4865,11724.95654341161
000d7d20_4866,11725.315170875392
000d7d20_4867,11725.520657960686
000d7d20_4868,11725.315170875392
000d7d20_4869,11725.563687215863
000d7d20_4870,11725.318899111602
000d7d20_4871,11725.021378502921
000d7d20_4872,11725.29051706531
000d7d20_4873,11724.165421241578
000d7d20_4874,11725.29309486179
000d7d20_4875,11725.290047080125
000d7d20_4876,11725.290047080125
000d7d20_4877,11725.290047080125
000d7d20_4878,11724.995127137618
000d7d20_4879,11725.290047080125
000d7d20_4880,11725.290047080125
000d7d20_4881,11725.290047080125
000d7d20_4882,11725.290047080125
000d7d20_4883,11724.929013756393
000d7d20_4884,11725.49485371087
000d7d20_4885,11725.292403357258
000d7d20_4886,11725.444970485158
000d7d20_4887,11724.167307533526
000d7d20_4888,11725.50340537261
000d7d20_4889,11725.497209988005
000d7d20_4890,11725.294055980887
000d7d20_4891,11725.294055980887
000d7d20_4892,11725.294055980887
000d7d20_4893,11725.236841831227
000d7d20_4894,11724.903725126876
000d7d20_4895,11724.903725126876
000d7d20_4896,11724.9238282111
000d7d20_4897,11724.715873977411
000d7d20_4898,11724.883984534923
000d7d20_4899,11724.888459611848
000d7d20_4900,11724.888459611848
000d7d20_4901,11725.021973991807
000d7d20_4902,11724.888459611848
000d7d20_4903,11725.018139872685
000d7d20_4904,11724.890344397827
000d7d20_4905,11724.890344397827
000d7d20_4906,11725.020024658665
000d7d20_4907,11725.023858777786
000d7d20_4908,11725.020024658665
000d7d20_4909,11724.890344397827
000d7d20_4910,11724.151796352455
000d7d20_4911,11724.138203847497
000d7d20_4912,11724.138203847497
000d7d20_4913,11724.138203847497
000d7d20_4914,11724.138203847497
000d7d20_4915,11723.958167668026
000d7d20_4916,11724.147424867204
000d7d20_4917,11723.432050211164
000d7d20_4918,11723.90995910097
000d7d20_4919,11723.915049634305
000d7d20_4920,11722.610119252375
000d7d20_4921,11724.986336340748
000d7d20_4922,11724.831290542044
000d7d20_4923,11724.80873430788
000d7d20_4924,11724.812235597701
000d7d20_4925,11724.812235597701
000d7d20_4926,11724.138340169471
000d7d20_4927,11724.149627567062
000d7d20_4928,11724.817327610688
000d7d20_4929,11724.145118704824
000d7d20_4930,11724.81956646755
000d7d20_4931,11724.81956646755
000d7d20_4932,11724.25730531627
000d7d20_4933,11724.13738344127
000d7d20_4934,11724.81956646755
000d7d20_4935,11724.15895605085
000d7d20_4936,11725.065489678971
000d7d20_4937,11724.287621459853
000d7d20_4938,11725.065489678971
000d7d20_4939,11724.187862300849
000d7d20_4940,11725.065489678971
000d7d20_4941,11725.065489678971
000d7d20_4942,11725.068843214323
000d7d20_4943,11724.301303628703
000d7d20_4944,11725.068843214323
000d7d20_4945,11724.195312401858
000d7d20_4946,11725.071089452418
000d7d20_4947,11724.655263421151
000d7d20_4948,11725.071089452418
000d7d20_4949,11725.090300862517
000d7d20_4950,11725.090300862517
000d7d20_4951,11724.345567627357
000d7d20_4952,11725.099140520273
000d7d20_4953,11725.08314833305
000d7d20_4954,11724.592235065957
000d7d20_4955,11725.08314833305
000d7d20_4956,11725.08314833305
000d7d20_4957,11724.69199422496
000d7d20_4958,11724.588360314712
000d7d20_4959,11724.428915906225
000d7d20_4960,11725.1143880401
000d7d20_4961,11723.602045638272
000d7d20_4962,11724.405383961017
000d7d20_4963,11724.411685021421
000d7d20_4964,11725.117468597413
000d7d20_4965,11724.828855370548
000d7d20_4966,11723.56920955885
000d7d20_4967,11725.091215423177
000d7d20_4968,11725.117468597413
000d7d20_4969,11724.43698299635
000d7d20_4970,11725.117468597413
000d7d20_4971,11724.408464518328
000d7d20_4972,11725.466459456879
000d7d20_4973,11724.828855370548
000d7d20_4974,11725.117468597413
000d7d20_4975,11724.62528031948
000d7d20_4976,11725.10014696738
000d7d20_4977,11724.828855370548
000d7d20_4978,11725.132295521036
000d7d20_4979,11725.111137963748
000d7d20_4980,11725.111137963748
000d7d20_4981,11725.119145776249
000d7d20_4982,11725.13646740628
000d7d20_4983,11725.48741139075
000d7d20_4984,11724.139187644763
000d7d20_4985,11724.442355417907
000d7d20_4986,11725.12955180655
000d7d20_4987,11724.659039644772
000d7d20_4988,11724.490865540993
000d7d20_4989,11724.686349801079
000d7d20_4990,11725.161216448978
000d7d20_4991,11725.151807636477
000d7d20_4992,11724.499467012221
000d7d20_4993,11724.480275326814
000d7d20_4994,11724.48657638722
000d7d20_4995,11725.18288800856
000d7d20_4996,11725.236184932579
000d7d20_4997,11725.253794509063
000d7d20_4998,11724.535939675856
000d7d20_4999,11725.272850895051
000d7d20_5000,11725.25524131857
000d7d20_5001,11724.96599796242
000d7d20_5002,11725.263016104755
000d7d20_5003,11725.251872248518
000d7d20_5004,11725.418617806014
000d7d20_5005,11725.286659560692
000d7d20_5006,11725.243864436019
000d7d20_5007,11725.268890172034
000d7d20_5008,11724.461212600934
000d7d20_5009,11725.268890172034
000d7d20_5010,11724.493287897976
000d7d20_5011,11725.157171422034
000d7d20_5012,11724.443548351108
000d7d20_5013,11724.466985851108
000d7d20_5014,11724.895246288557
000d7d20_5015,11723.696361308397
000d7d20_5016,11723.685895784005
000d7d20_5017,11723.529941071718
000d7d20_5018,11724.984622489548
000d7d20_5019,11725.792300060646
000d7d20_5020,11724.034865875283
000d7d20_5021,11725.175330388656
000d7d20_5022,11726.7815238251
000d7d20_5023,11725.024089639739
000d7d20_5024,11726.792604413315
000d7d20_5025,11725.002457514427
000d7d20_5026,11726.698074303626
000d7d20_5027,11725.20831358055
000d7d20_5028,11727.395978727189
000d7d20_5029,11726.58830115609
000d7d20_5030,11727.00959517177
000d7d20_5031,11727.400036069237
000d7d20_5032,11727.40602064531
000d7d20_5033,11725.609324601517
000d7d20_5034,11727.29430189531
000d7d20_5035,11727.411446785129
000d7d20_5036,11726.60376921403
000d7d20_5037,11726.871513407892
000d7d20_5038,11726.751005595392
000d7d20_5039,11727.544377258106
000d7d20_5040,11727.527116055218
000d7d20_5041,11727.532034885626
000d7d20_5042,11726.755924425801
000d7d20_5043,11727.420316135627
000d7d20_5044,11727.22006539271
000d7d20_5045,11726.755924425801
000d7d20_5046,11727.532034885626
000d7d20_5047,11727.532034885626
000d7d20_5048,11727.001762146336
000d7d20_5049,11727.549296088517
000d7d20_5050,11727.681254333835
000d7d20_5051,11726.724357314528
000d7d20_5052,11727.4252632097
000d7d20_5053,11726.988113156813
000d7d20_5054,11727.686201407909
000d7d20_5055,11725.95586711151
000d7d20_5056,11725.92305461151
000d7d20_5057,11726.145294759403
000d7d20_5058,11726.15123143894
000d7d20_5059,11726.143223626439
000d7d20_5060,11726.190713071555
000d7d20_5061,11725.396646463878
000d7d20_5062,11726.195813223998
000d7d20_5063,11726.183628352734
000d7d20_5064,11726.266002262193
000d7d20_5065,11726.266002262193
000d7d20_5066,11726.251145910044
000d7d20_5067,11725.676336924513
000d7d20_5068,11726.270216741286
000d7d20_5069,11726.270216741286
000d7d20_5070,11725.462539170188
000d7d20_5071,11726.270216741286
000d7d20_5072,11725.670762000898
000d7d20_5073,11725.689691635922
000d7d20_5074,11726.369183823423
000d7d20_5075,11726.219964375216
000d7d20_5076,11725.249507489267
000d7d20_5077,11725.217940377997
000d7d20_5078,11725.193000761594
000d7d20_5079,11724.2289219053
000d7d20_5080,11724.39015410102
000d7d20_5081,11724.74748063873
000d7d20_5082,11725.784407011593
000d7d20_5083,11725.901596116204
000d7d20_5084,11725.907883189591
000d7d20_5085,11725.912455050131
000d7d20_5086,11725.934822610456
000d7d20_5087,11725.918471790874
000d7d20_5088,11725.806753040873
000d7d20_5089,11724.44052979301
000d7d20_5090,11722.70125276146
000d7d20_5091,11726.212225249068
000d7d20_5092,11724.905081713492
000d7d20_5093,11726.827192676183
000d7d20_5094,11724.280589411312
000d7d20_5095,11726.047517874144
000d7d20_5096,11724.76908527607
000d7d20_5097,11722.830298844734
000d7d20_5098,11727.201931197595
000d7d20_5099,11724.756585276069
000d7d20_5100,11724.594096770557
000d7d20_5101,11725.632789055911
000d7d20_5102,11725.86003071285
000d7d20_5103,11726.102650213947
000d7d20_5104,11724.759177855163
000d7d20_5105,11726.071648894615
000d7d20_5106,11726.076195067859
000d7d20_5107,11726.076195067859
000d7d20_5108,11726.097380759238
000d7d20_5109,11726.081029939654
000d7d20_5110,11724.612654208362
000d7d20_5111,11724.978396174985
000d7d20_5112,11726.16610784378
000d7d20_5113,11726.202436666987
000d7d20_5114,11726.171015160851
000d7d20_5115,11725.737482826025
000d7d20_5116,11726.059296410851
000d7d20_5117,11724.892582562778
000d7d20_5118,11722.953796131444
000d7d20_5119,11726.171015160851
000d7d20_5120,11724.70263942956
000d7d20_5121,11725.052156880945
000d7d20_5122,11724.681973884892
000d7d20_5123,11724.357260026994
000d7d20_5124,11724.905997322392
000d7d20_5125,11724.436136164357
000d7d20_5126,11724.869668499183
000d7d20_5127,11724.663377821296
000d7d20_5128,11724.774039077072
000d7d20_5129,11724.41205308246
000d7d20_5130,11724.96528186715
000d7d20_5131,11723.282277175886
000d7d20_5132,11721.85695699151
000d7d20_5133,11722.246055576392
000d7d20_5134,11724.431127148177
000d7d20_5135,11724.463939648176
000d7d20_5136,11724.980809404171
000d7d20_5137,11724.884742805807
000d7d20_5138,11724.865328248725
000d7d20_5139,11724.448549198647
000d7d20_5140,11724.415736698647
000d7d20_5141,11724.960957670837
000d7d20_5142,11724.448549198647
000d7d20_5143,11725.827692928111
000d7d20_5144,11725.28247195592
000d7d20_5145,11725.28247195592
000d7d20_5146,11725.827692928111
000d7d20_5147,11725.827692928111
000d7d20_5148,11725.827692928111
000d7d20_5149,11725.827692928111
000d7d20_5150,11725.315284455919
000d7d20_5151,11725.732063505999
000d7d20_5152,11725.827692928111
000d7d20_5153,11725.864021751317
000d7d20_5154,11725.62140225022
000d7d20_5155,11725.864021751317
000d7d20_5156,11725.732063505999
000d7d20_5157,11725.318012348802
000d7d20_5158,11725.285199848802
000d7d20_5159,11725.73435422263
000d7d20_5160,11725.8667496442
000d7d20_5161,11725.830420820992
000d7d20_5162,11725.277192036303
000d7d20_5163,11725.680357833202
000d7d20_5164,11725.734791398881
000d7d20_5165,11725.624130143104
000d7d20_5166,11725.830420820992
000d7d20_5167,11725.8667496442
000d7d20_5168,11725.680357833202
000d7d20_5169,11725.285199848802
000d7d20_5170,11724.527045835246
000d7d20_5171,11725.080274619933
000d7d20_5172,11725.080274619933
000d7d20_5173,11722.753685513484
000d7d20_5174,11722.357434854655
000d7d20_5175,11722.345520792156
000d7d20_5176,11724.535053647745
000d7d20_5177,11725.080274619933
000d7d20_5178,11725.080274619933
000d7d20_5179,11725.080274619933
000d7d20_5180,11723.512400490994
000d7d20_5181,11723.512400490994
000d7d20_5182,11723.243242975599
000d7d20_5183,11724.101060737468
000d7d20_5184,11724.101060737468
000d7d20_5185,11723.653185886784
000d7d20_5186,11723.410566385688
000d7d20_5187,11722.967249321313
000d7d20_5188,11723.095116619294
000d7d20_5189,11722.486753383617
000d7d20_5190,11722.729372884714
000d7d20_5191,11721.410598731942
000d7d20_5192,11722.096535297413
000d7d20_5193,11722.096201725984
000d7d20_5194,11722.12953797246
000d7d20_5195,11721.538132458494
000d7d20_5196,11719.756764324235
000d7d20_5197,11722.12953797246
000d7d20_5198,11719.360513665404
000d7d20_5199,11719.348599602905
000d7d20_5200,11722.13531830088
000d7d20_5201,11722.13531830088
000d7d20_5202,11722.132433027373
000d7d20_5203,11721.541027513404
000d7d20_5204,11722.132433027373
000d7d20_5205,11721.533019700904
000d7d20_5206,11722.132433027373
000d7d20_5207,11721.829939265503
000d7d20_5208,11722.132433027373
000d7d20_5209,11719.351494657816
000d7d20_5210,11722.132433027373
000d7d20_5211,11722.132433027373
000d7d20_5212,11721.541027513404
000d7d20_5213,11718.89255613611
000d7d20_5214,11721.673494505665
000d7d20_5215,11721.371000743797
000d7d20_5216,11721.673494505665
000d7d20_5217,11721.397538758094
000d7d20_5218,11721.41613482169
000d7d20_5219,11719.707431453353
000d7d20_5220,11719.74076769983
000d7d20_5221,11719.493039010662
000d7d20_5222,11719.23757029532
000d7d20_5223,11719.438273937962
000d7d20_5224,11719.483952577257
000d7d20_5225,11719.23757029532
000d7d20_5226,11719.74076769983
000d7d20_5227,11719.74076769983
000d7d20_5228,11719.438273937962
000d7d20_5229,11719.74076769983
000d7d20_5230,11720.675977607445
000d7d20_5231,11720.675977607445
000d7d20_5232,11720.352386526374
000d7d20_5233,11720.117908339953
000d7d20_5234,11720.447896827898
000d7d20_5235,11720.17049199609
000d7d20_5236,11719.985983699926
000d7d20_5237,11720.105843185405
000d7d20_5238,11720.429300764301
000d7d20_5239,11720.700013587897
000d7d20_5240,11720.700013587897
000d7d20_5241,11720.588294837897
000d7d20_5242,11720.700013587897
000d7d20_5243,11720.66667734142
000d7d20_5244,11720.66667734142
000d7d20_5245,11720.397519826027
000d7d20_5246,11720.66667734142
000d7d20_5247,11721.508081223721
000d7d20_5248,11721.541417470198
000d7d20_5249,11720.977527353327
000d7d20_5250,11721.48072475784
000d7d20_5251,11721.447388511362
000d7d20_5252,11716.677301917065
000d7d20_5253,11721.474951507666
000d7d20_5254,11718.452896801151
000d7d20_5255,11721.198995760093
000d7d20_5256,11721.363232757665
000d7d20_5257,11720.971754103155
000d7d20_5258,11721.172457745797
000d7d20_5259,11721.441615261188
000d7d20_5260,11721.198995760093
000d7d20_5261,11721.469077440386
000d7d20_5262,11721.44433494391
000d7d20_5263,11720.74980462844
000d7d20_5264,11722.789036121616
000d7d20_5265,11723.258897279651
000d7d20_5266,11723.273177140136
000d7d20_5267,11723.273177140136
000d7d20_5268,11723.273177140136
000d7d20_5269,11722.91624981259
000d7d20_5270,11723.260119840415
000d7d20_5271,11722.90319251287
000d7d20_5272,11722.222649064583
000d7d20_5273,11722.168215498907
000d7d20_5274,11719.85544533289
000d7d20_5275,11718.078199450983
000d7d20_5276,11722.515154555003
000d7d20_5277,11719.85544533289
00bbac68_1545,12228.22313734865
00bbac68_1546,12228.22313734865
00bbac68_1547,12228.364756844707
00bbac68_1548,12228.22313734865
00bbac68_1549,12228.22313734865
00bbac68_1550,12228.077562226157
00bbac68_1551,12227.935942730099
00bbac68_1552,12227.210555897025
00bbac68_1553,12227.935942730099
00bbac68_1554,12227.880101288658
00bbac68_1555,12227.65372819376
00bbac68_1556,12227.65372819376
00bbac68_1557,12227.597886752315
00bbac68_1558,12227.82400562085
00bbac68_1559,12227.58927506876
00bbac68_1560,12227.65372819376
00bbac68_1561,12229.235160683846
00bbac68_1562,12229.291002125286
00bbac68_1563,12229.291002125286
00bbac68_1564,12229.381346522845
00bbac68_1565,12229.291002125286
00bbac68_1566,12228.897056812788
00bbac68_1567,12229.23775384003
00bbac68_1568,12229.5132712839
00bbac68_1569,12229.45742984246
00bbac68_1570,12229.248027317353
00bbac68_1571,12229.192185875912
00bbac68_1572,12229.389646813412
00bbac68_1573,12229.248027317353
00bbac68_1574,12229.248027317353
00bbac68_1575,12229.06891275325
00bbac68_1576,12228.343525920176
00bbac68_1577,12229.300752482677
00bbac68_1578,12229.159257150806
00bbac68_1579,12229.159257150806
00bbac68_1580,12229.178061814077
00bbac68_1581,12229.22933691258
00bbac68_1582,12229.087717416522
00bbac68_1583,12228.978027356014
00bbac68_1584,12228.978027356014
00bbac68_1585,12229.072949231013
00bbac68_1586,12229.017107789572
00bbac68_1587,12229.204113941068
00bbac68_1588,12229.214873357556
00bbac68_1589,12229.072099920057
00bbac68_1590,12229.29365614794
00bbac68_1591,12228.763576208754
00bbac68_1592,12229.339792814608
00bbac68_1593,12229.29365614794
00bbac68_1594,12228.578081359788
00bbac68_1595,12229.29365614794
00bbac68_1596,12229.072099920057
00bbac68_1597,12229.27627333544
00bbac68_1598,12229.34398722321
00bbac68_1599,12229.214873357556
00bbac68_1600,12229.29365614794
00bbac68_1601,12229.339792814608
00bbac68_1602,12228.918604449507
00bbac68_1603,12228.918604449507
00bbac68_1604,12228.96987954801
00bbac68_1605,12228.827410740992
00bbac68_1606,12228.707756031377
00bbac68_1607,12228.400724781377
00bbac68_1608,12228.608416676478
00bbac68_1609,12228.915873162936
00bbac68_1610,12228.347766835983
00bbac68_1611,12228.335462148483
00bbac68_1612,12228.162857924517
00bbac68_1613,12228.701305271106
00bbac68_1614,12229.487693402407
00bbac68_1615,12228.838805271107
00bbac68_1616,12228.671617771106
00bbac68_1617,12228.529100573778
00bbac68_1618,12228.312688492184
00bbac68_1619,12228.325579117185
00bbac68_1620,12228.510488028653
00bbac68_1621,12228.466933341151
00bbac68_1622,12228.366398714408
00bbac68_1623,12228.851686387232
00bbac68_1624,12229.071805388918
00bbac68_1625,12228.852858262231
00bbac68_1626,12228.697441538267
00bbac68_1627,12229.459152993082
00bbac68_1628,12229.282653807044
00bbac68_1629,12229.136467968048
00bbac68_1630,12229.362586836582
00bbac68_1631,12229.413016326416
00bbac68_1632,12229.333928905548
00bbac68_1633,12229.09738753449
00bbac68_1634,12229.549661706467
00bbac68_1635,12229.69115703834
00bbac68_1636,12229.28684125563
00bbac68_1637,12229.733639365346
00bbac68_1638,12229.861872567313
00bbac68_1639,12229.952216964868
00bbac68_1640,12230.003492063372
00bbac68_1641,12229.952216964868
00bbac68_1642,12229.766950692312
00bbac68_1643,12229.748200692313
00bbac68_1644,12229.739280254114
00bbac68_1645,12229.802884068156
00bbac68_1646,12229.747891937674
00bbac68_1647,12229.803733379114
00bbac68_1648,12229.739280254114
00bbac68_1649,12229.803733379114
00bbac68_1650,12229.803733379114
00bbac68_1651,12229.462249450582
00bbac68_1652,12230.398362550099
00bbac68_1653,12229.803733379114
00bbac68_1654,12229.739280254114
00bbac68_1655,12229.690061504114
00bbac68_1656,12229.601980838159
00bbac68_1657,12229.822850118926
00bbac68_1658,12229.822850118926
00bbac68_1659,12229.080173319457
00bbac68_1660,12229.913194516483
00bbac68_1661,12229.49618713027
00bbac68_1662,12229.964774245467
00bbac68_1663,12229.822000807968
00bbac68_1664,12230.771500864985
00bbac68_1665,12230.574039927484
00bbac68_1666,12230.629881368925
00bbac68_1667,12230.771805495468
00bbac68_1668,12230.629032057968
00bbac68_1669,12230.692618217645
00bbac68_1670,12230.692618217645
00bbac68_1671,12230.748459659086
00bbac68_1672,12230.748459659086
00bbac68_1673,12230.766232673917
00bbac68_1674,12230.785496007251
00bbac68_1675,12230.91148804401
00bbac68_1676,12230.836746958073
00bbac68_1677,12230.769008593481
00bbac68_1678,12230.768796439634
00bbac68_1679,12230.768796439634
00bbac68_1680,12230.795266310843
00bbac68_1681,12230.166286146392
00bbac68_1682,12230.88293062556
00bbac68_1683,12230.753816759905
00bbac68_1684,12230.800465833892
00bbac68_1685,12230.847926771392
00bbac68_1686,12230.85248240504
00bbac68_1687,12230.85248240504
00bbac68_1688,12230.898619071708
00bbac68_1689,12230.93216876075
00bbac68_1690,12231.260086145096
00bbac68_1691,12231.260086145096
00bbac68_1692,12230.803022467398
00bbac68_1693,12230.790717779899
00bbac68_1694,12230.790717779899
00bbac68_1695,12231.233414788014
00bbac68_1696,12231.064171535358
00bbac68_1697,12231.253849504996
00bbac68_1698,12230.671218683314
00bbac68_1699,12230.790615830238
00bbac68_1700,12230.657654907105
00bbac68_1701,12230.851602241873
00bbac68_1702,12230.741055366874
00bbac68_1703,12230.753360054374
00bbac68_1704,12230.741055366874
00bbac68_1705,12230.555560517909
00bbac68_1706,12230.910209315894
00bbac68_1707,12231.676330420407
00bbac68_1708,12230.588499831383
00bbac68_1709,12230.786299367848
00bbac68_1710,12230.263058994535
00bbac68_1711,12231.243363045545
00bbac68_1712,12230.786299367848
00bbac68_1713,12230.793834841637
00bbac68_1714,12230.89416783184
00bbac68_1715,12230.762584841637
00bbac68_1716,12231.72080316535
00bbac68_1717,12231.790539854814
00bbac68_1718,12231.374855405831
00bbac68_1719,12230.912315938614
00bbac68_1720,12231.769219439677
00bbac68_1721,12231.82049453818
00bbac68_1722,12231.82049453818
00bbac68_1723,12231.821824424547
00bbac68_1724,12231.731759922699
00bbac68_1725,12231.92143789234
00bbac68_1726,12231.835153565096
00bbac68_1727,12230.776639962363
00bbac68_1728,12231.747655007894
00bbac68_1729,12230.776639962363
00bbac68_1730,12230.807193162727
00bbac68_1731,12230.807193162727
00bbac68_1732,12230.807193162727
00bbac68_1733,12231.172214922808
00bbac68_1734,12230.841131948797
00bbac68_1735,12230.841131948797
00bbac68_1736,12230.841131948797
00bbac68_1737,12231.404174640034
00bbac68_1738,12231.352067634612
00bbac68_1739,12231.83317357557
00bbac68_1740,12230.852869524555
00bbac68_1741,12229.790352042328
00bbac68_1742,12231.944751101915
00bbac68_1743,12232.484026847971
00bbac68_1744,12232.493315853455
00bbac68_1745,12231.920139272339
00bbac68_1746,12231.527365834838
00bbac68_1747,12232.261934966871
00bbac68_1748,12232.090808228822
00bbac68_1749,12232.371679906975
00bbac68_1750,12231.27780335677
00bbac68_1751,12231.670576794271
00bbac68_1752,12231.27780335677
00bbac68_1753,12231.286523532206
00bbac68_1754,12231.666992282208
00bbac68_1755,12231.666992282208
00bbac68_1756,12231.679296969707
00bbac68_1757,12232.36404785953
00bbac68_1758,12232.129312848043
00bbac68_1759,12232.410184526198
00bbac68_1760,12231.531148773323
00bbac68_1761,12231.531148773323
00bbac68_1762,12231.68924317203
00bbac68_1763,12231.30076660953
00bbac68_1764,12231.531148773323
00bbac68_1765,12232.370181003487
00bbac68_1766,12232.35113905296
00bbac68_1767,12232.23746717796
00bbac68_1768,12231.231757263235
00bbac68_1769,12232.242685133522
00bbac68_1770,12232.322399191364
00bbac68_1771,12231.65163236746
00bbac68_1772,12231.526578444962
00bbac68_1773,12231.67607909367
00bbac68_1774,12232.378996869784
00bbac68_1775,12231.665142820726
00bbac68_1776,12231.665142820726
00bbac68_1777,12232.335650633226
00bbac68_1778,12231.665142820726
00bbac68_1779,12231.429673864208
00bbac68_1780,12231.318962051148
00bbac68_1781,12231.506628147738
00bbac68_1782,12231.482483381445
00bbac68_1783,12231.487682448906
00bbac68_1784,12231.470219576144
00bbac68_1785,12232.196842110052
00bbac68_1786,12231.470683373493
00bbac68_1787,12231.327956025141
00bbac68_1788,12231.504819266065
00bbac68_1789,12231.517123953565
00bbac68_1790,12231.124350516064
00bbac68_1791,12231.124350516064
00bbac68_1792,12231.124350516064
00bbac68_1793,12231.522432783224
00bbac68_1794,12231.490114917713
00bbac68_1795,12231.141964033224
00bbac68_1796,12231.52560190145
00bbac68_1797,12231.059958578322
00bbac68_1798,12231.141964033224
00bbac68_1799,12232.119477654129
00bbac68_1800,12231.982530448404
00bbac68_1801,12231.132344925714
00bbac68_1802,12232.254423630335
00bbac68_1803,12231.960686768776
00bbac68_1804,12231.528264893777
00bbac68_1805,12231.540569581277
00bbac68_1806,12232.254423630335
00bbac68_1807,12231.752678956276
00bbac68_1808,12231.973551952182
00bbac68_1809,12231.875409965392
00bbac68_1810,12231.88524814721
00bbac68_1811,12232.166119825364
00bbac68_1812,12231.942730533674
00bbac68_1813,12231.942730533674
00bbac68_1814,12231.365019683602
00bbac68_1815,12231.361842393688
00bbac68_1816,12231.395979465342
00bbac68_1817,12232.049104465343
00bbac68_1818,12232.109833514402
00bbac68_1819,12231.106135715341
00bbac68_1820,12231.13156903919
00bbac68_1821,12231.735678148143
00bbac68_1822,12231.70702021711
00bbac68_1823,12231.732327635293
00bbac68_1824,12231.861441500947
00bbac68_1825,12231.580569822792
00bbac68_1826,12231.74203612649
00bbac68_1827,12231.15004393899
00bbac68_1828,12231.16234862649
00bbac68_1829,12231.897589430444
00bbac68_1830,12231.940935667002
00bbac68_1831,12230.834308180443
00bbac68_1832,12230.781990225541
00bbac68_1833,12231.210447244215
00bbac68_1834,12231.936880499288
00bbac68_1835,12231.210721762729
00bbac68_1836,12231.245881056908
00bbac68_1837,12230.853107619407
00bbac68_1838,12231.9822710454
00bbac68_1839,12231.9822710454
00bbac68_1840,12230.940932525089
00bbac68_1841,12231.082273703016
00bbac68_1842,12231.40340672999
00bbac68_1843,12231.415711417492
00bbac68_1844,12231.415711417492
00bbac68_1845,12232.086219229992
00bbac68_1846,12233.087377966549
00bbac68_1847,12231.957523074752
00bbac68_1848,12233.236624637251
00bbac68_1849,12233.36872350879
00bbac68_1850,12233.318827518282
00bbac68_1851,12232.10192663379
00bbac68_1852,12232.965400654948
00bbac68_1853,12233.368941721543
00bbac68_1854,12233.006932511682
00bbac68_1855,12233.053612319154
00bbac68_1856,12233.19710193458
00bbac68_1857,12232.5062398586
00bbac68_1858,12233.375126041718
00bbac68_1859,12233.49390148331
00bbac68_1860,12233.363573395987
00bbac68_1861,12233.594200805299
00bbac68_1862,12233.546252779764
00bbac68_1863,12233.517594848732
00bbac68_1864,12233.635270123874
00bbac68_1865,12232.528642637315
00bbac68_1866,12233.394631995427
00bbac68_1867,12233.279673377849
00bbac68_1868,12232.593775407197
00bbac68_1869,12233.700402893755
00bbac68_1870,12233.809791032196
00bbac68_1871,12232.746509782195
00bbac68_1872,12234.368632026613
00bbac68_1873,12233.641727134836
00bbac68_1874,12232.746509782195
00bbac68_1875,12234.025611344696
00bbac68_1876,12234.013306657196
00bbac68_1877,12234.02560306876
00bbac68_1878,12234.02560306876
00bbac68_1879,12232.75880619376
00bbac68_1880,12232.75880619376
00bbac68_1881,12232.75880619376
00bbac68_1882,12233.485980426361
00bbac68_1883,12234.353246022074
00bbac68_1884,12236.581868956484
00bbac68_1885,12232.761264589833
00bbac68_1886,12232.761264589833
00bbac68_1887,12233.605692128835
00bbac68_1888,12234.020785841158
00bbac68_1889,12232.763559278657
00bbac68_1890,12233.614838765508
00bbac68_1891,12233.791309640545
00bbac68_1892,12233.760510818465
00bbac68_1893,12233.866494319313
00bbac68_1894,12233.549259296055
00bbac68_1895,12233.408187506779
00bbac68_1896,12233.596377131813
00bbac68_1897,12233.414756946571
00bbac68_1898,12233.194028379978
00bbac68_1899,12233.446970370629
00bbac68_1900,12233.607139759071
00bbac68_1901,12233.607139759071
00bbac68_1902,12233.408612102734
00bbac68_1903,12233.19901634864
00bbac68_1904,12232.345330852735
00bbac68_1905,12232.345330852735
00bbac68_1906,12232.345330852735
00bbac68_1907,12234.069116970402
00bbac68_1908,12233.057215597739
00bbac68_1909,12233.257708874371
00bbac68_1910,12232.345330852735
00bbac68_1911,12233.028442311741
00bbac68_1912,12233.028442311741
00bbac68_1913,12233.01545898912
00bbac68_1914,12232.406321236209
00bbac68_1915,12233.39358398912
00bbac68_1916,12233.355742872001
00bbac68_1917,12233.587890316978
00bbac68_1918,12233.496696608465
00bbac68_1919,12233.68890955006
00bbac68_1920,12233.909807987558
00bbac68_1921,12233.935401958131
00bbac68_1922,12232.96295013528
00bbac68_1923,12231.79263763528
00bbac68_1924,12232.844548089699
00bbac68_1925,12232.86733686163
00bbac68_1926,12231.823448436946
00bbac68_1927,12233.037107173503
00bbac68_1928,12231.826669445076
00bbac68_1929,12231.82872277841
00bbac68_1930,12232.913267649314
00bbac68_1931,12231.82872277841
00bbac68_1932,12232.854633400606
00bbac68_1933,12232.863524950619
00bbac68_1934,12232.992565960196
00bbac68_1935,12233.152136272696
00bbac68_1936,12233.164440960196
00bbac68_1937,12232.932340081343
00bbac68_1938,12231.779410393843
00bbac68_1939,12231.779410393843
00bbac68_1940,12233.104215081343
00bbac68_1941,12233.104215081343
00bbac68_1942,12232.870530028333
00bbac68_1943,12232.766540518633
00bbac68_1944,12233.0022512816
00bbac68_1945,12233.099385496655
00bbac68_1946,12231.984444082605
00bbac68_1947,12233.041693524492
00bbac68_1948,12232.89965288454
00bbac68_1949,12232.89965288454
00bbac68_1950,12231.938936138631
00bbac68_1951,12233.070779622589
00bbac68_1952,12233.152594875191
00bbac68_1953,12233.263740826133
00bbac68_1954,12233.263740826133
00bbac68_1955,12231.938936138631
00bbac68_1956,12231.938936138631
00bbac68_1957,12231.943933387309
00bbac68_1958,12231.943933387309
00bbac68_1959,12233.028478258215
00bbac68_1960,12233.11424588731
00bbac68_1961,12233.294632658306
00bbac68_1962,12233.248314373937
00bbac68_1963,12233.303696311592
00bbac68_1964,12232.090037575035
00bbac68_1965,12232.843876166635
00bbac68_1966,12233.19565942073
00bbac68_1967,12232.97427905522
00bbac68_1968,12231.88315942073
00bbac68_1969,12233.096818157288
00bbac68_1970,12233.057921957394
00bbac68_1971,12233.095695968172
00bbac68_1972,12232.988460033934
00bbac68_1973,12233.016481810431
00bbac68_1974,12231.685864183595
00bbac68_1975,12231.685864183595
00bbac68_1976,12232.660409253238
00bbac68_1977,12232.84632854747
00bbac68_1978,12232.666268628238
00bbac68_1979,12232.665608320694
00bbac68_1980,12232.695295820695
00bbac68_1981,12232.630819946404
00bbac68_1982,12231.826113707431
00bbac68_1983,12232.881357641705
00bbac68_1984,12232.881357641705
00bbac68_1985,12232.875820488549
00bbac68_1986,12233.148714721632
00bbac68_1987,12232.833341671234
00bbac68_1988,12232.818890800043
00bbac68_1989,12231.838486355404
00bbac68_1990,12231.728500884139
00bbac68_1991,12232.813045755043
00bbac68_1992,12232.780411338557
00bbac68_1993,12232.9421596207
00bbac68_1994,12233.041000884139
00bbac68_1995,12233.047625281964
00bbac68_1996,12233.059929969464
00bbac68_1997,12232.826244916452
00bbac68_1998,12233.283104918944
00bbac68_1999,12234.156356762449
00bbac68_2000,12237.931861606565
00bbac68_2001,12237.27486665494
00bbac68_2002,12235.190378671592
00bbac68_2003,12238.201579665212
00bbac68_2004,12238.179812159338
00bbac68_2005,12237.047215295022
00bbac68_2006,12237.24242378553
00bbac68_2007,12235.269517134648
00bbac68_2008,12237.071379342458
00bbac68_2009,12238.096769967458
00bbac68_2010,12238.312267708456
00bbac68_2011,12238.225743712646
00bbac68_2012,12238.232057021214
00bbac68_2013,12237.272901141532
00bbac68_2014,12236.633643329033
00bbac68_2015,12235.298733038027
00bbac68_2016,12238.216004224336
00bbac68_2017,12238.158475789412
00bbac68_2018,12237.330442092425
00bbac68_2019,12238.195378386728
00bbac68_2020,12238.555338433
00bbac68_2021,12235.581817246693
00bbac68_2022,12231.174217434249
00bbac68_2023,12231.192772121749
00bbac68_2024,12235.463396283843
00bbac68_2025,12237.449465337559
00bbac68_2026,12238.955825868736
00bbac68_2027,12235.180744392545
00bbac68_2028,12238.119783084723
00bbac68_2029,12238.119783084723
00bbac68_2030,12235.180744392545
00bbac68_2031,12237.96941779733
00bbac68_2032,12237.165513451582
00bbac68_2033,12236.43931204444
00bbac68_2034,12236.35670786861
00bbac68_2035,12236.541521875643
00bbac68_2036,12236.541521875643
00bbac68_2037,12236.541521875643
00bbac68_2038,12237.198737536472
00bbac68_2039,12238.129189000554
00bbac68_2040,12238.133947577426
00bbac68_2041,12238.132264134963
00bbac68_2042,12238.288164007503
00bbac68_2043,12237.311500318301
00bbac68_2044,12237.400181580031
00bbac68_2045,12238.381515266337
00bbac68_2046,12238.433556768021
00bbac68_2047,12237.180125504998
00bbac68_2048,12235.41459180801
00bbac68_2049,12235.442782619948
00bbac68_2050,12235.442782619948
00bbac68_2051,12236.789477277602
00bbac68_2052,12238.867016340102
00bbac68_2053,12238.830688215103
00bbac68_2054,12239.437914777602
00bbac68_2055,12240.29913127641
00bbac68_2056,12239.079200361168
00bbac68_2057,12238.859935197534
00bbac68_2058,12238.687919946391
00bbac68_2059,12238.779113654906
00bbac68_2060,12238.744560571391
00bbac68_2061,12239.456877562046
00bbac68_2062,12237.471366842088
00bbac68_2063,12239.25604116408
00bbac68_2064,12239.451249654589
00bbac68_2065,12237.483108236604
00bbac68_2066,12238.892092611602
00bbac68_2067,12238.892092611602
00bbac68_2068,12237.483108236604
00bbac68_2069,12238.901941433105
00bbac68_2070,12237.540579969951
00bbac68_2071,12237.540579969951
00bbac68_2072,12238.742343045851
00bbac68_2073,12238.668585316682
00bbac68_2074,12238.749249379181
00bbac68_2075,12238.933253393
00bbac68_2076,12238.956470678286
00bbac68_2077,12238.833598267176
00bbac68_2078,12238.700114399873
00bbac68_2079,12238.141308108388
00bbac68_2080,12238.050114399874
00bbac68_2081,12238.813050783298
00bbac68_2082,12239.64179700138
00bbac68_2083,12238.242152345796
00bbac68_2084,12238.022503691978
00bbac68_2085,12238.147591563658
00bbac68_2086,12238.481576225411
00bbac68_2087,12238.352462359759
00bbac68_2088,12238.295821734759
00bbac68_2089,12238.453023953884
00bbac68_2090,12238.233102078882
00bbac68_2091,12239.04835162114
00bbac68_2092,12238.42882037114
00bbac68_2093,12238.46514849614
00bbac68_2094,12238.413273279823
00bbac68_2095,12238.297293496133
00bbac68_2096,12237.031077295234
00bbac68_2097,12237.035327453965
00bbac68_2098,12237.039285963194
00bbac68_2099,12237.98263303504
00bbac68_2100,12238.031829167567
00bbac68_2101,12238.160943033221
00bbac68_2102,12238.160943033221
00bbac68_2103,12236.89902975919
00bbac68_2104,12238.32051413419
00bbac68_2105,12238.94509579967
00bbac68_2106,12239.6260893763
00bbac68_2107,12239.625561968893
00bbac68_2108,12239.624559449061
00bbac68_2109,12239.232762574062
00bbac68_2110,12239.220780715534
00bbac68_2111,12239.203926979193
00bbac68_2112,12237.761856883013
00bbac68_2113,12239.208315784539
00bbac68_2114,12237.766245688359
00bbac68_2115,12239.33340365622
00bbac68_2116,12239.33340365622
00bbac68_2117,12237.766245688359
00bbac68_2118,12237.766245688359
00bbac68_2119,12237.766245688359
00bbac68_2120,12237.766245688359
00bbac68_2121,12239.242209947706
00bbac68_2122,12237.766245688359
00bbac68_2123,12239.75530818836
00bbac68_2124,12239.75530818836
00bbac68_2125,12239.36233943836
00bbac68_2126,12239.743003500858
00bbac68_2127,12239.743003500858
00bbac68_2128,12239.743003500858
00bbac68_2129,12239.75530818836
00bbac68_2130,12239.351206625859
00bbac68_2131,12239.404747153074
00bbac68_2132,12238.986689890744
00bbac68_2133,12239.129580732062
00bbac68_2134,12237.550117364302
00bbac68_2135,12238.923453933468
00bbac68_2136,12239.043583424122
00bbac68_2137,12238.903336745969
00bbac68_2138,12238.889559770305
00bbac68_2139,12239.379214080816
00bbac68_2140,12239.966122217988
00bbac68_2141,12238.918920600367
00bbac68_2142,12238.812007816392
00bbac68_2143,12238.812007816392
00bbac68_2144,12238.921004494547
00bbac68_2145,12238.791890628892
00bbac68_2146,12238.903201524907
00bbac68_2147,12237.290903039277
00bbac68_2148,12238.770417191306
00bbac68_2149,12238.879413869461
00bbac68_2150,12238.812148153213
00bbac68_2151,12238.952394831367
00bbac68_2152,12240.039477957853
00bbac68_2153,12240.039477957853
00bbac68_2154,12240.051545083528
00bbac68_2155,12238.927912271029
00bbac68_2156,12237.475574446355
00bbac68_2157,12240.15875132284
00bbac68_2158,12240.15875132284
00bbac68_2159,12237.475574446355
00bbac68_2160,12240.072102560618
00bbac68_2161,12239.619425175908
00bbac68_2162,12239.17926017556
00bbac68_2163,12239.070263497406
00bbac68_2164,12237.59429923806
00bbac68_2165,12241.18481967714
00bbac68_2166,12240.109970199117
00bbac68_2167,12240.364307571655
00bbac68_2168,12237.588438280378
00bbac68_2169,12237.588438280378
00bbac68_2170,12239.040776105048
00bbac68_2171,12239.691062720558
00bbac68_2172,12239.691590127964
00bbac68_2173,12239.495854230048
00bbac68_2174,12239.691590127964
00bbac68_2175,12239.173399217878
00bbac68_2176,12239.157911496724
00bbac68_2177,12239.06671778821
00bbac68_2178,12239.06671778821
00bbac68_2179,12239.175714466362
00bbac68_2180,12239.175714466362
00bbac68_2181,12237.591568807991
00bbac68_2182,12240.315787557991
00bbac68_2183,12240.206790879838
00bbac68_2184,12238.655631307991
00bbac68_2185,12240.24977719639
00bbac68_2186,12240.289947837651
00bbac68_2187,12240.750218997471
00bbac68_2188,12240.684600752802
00bbac68_2189,12240.13541128956
00bbac68_2190,12240.227172724646
00bbac68_2191,12239.92197387382
00bbac68_2192,12235.259574673895
00bbac68_2193,12238.553134118116
00bbac68_2194,12240.213290368116
00bbac68_2195,12244.025446600983
00bbac68_2196,12268.21519579794
00bbac68_2197,12261.94122561409
00bbac68_2198,12238.55874199526
00bbac68_2199,12238.55874199526
00bbac68_2200,12242.538771744697
00bbac68_2201,12240.535499807762
00bbac68_2202,12240.204465814695
00bbac68_2203,12238.55874199526
00bbac68_2204,12240.661366435443
00bbac68_2205,12240.535499807762
00bbac68_2206,12238.55874199526
00bbac68_2207,12239.796262689695
00bbac68_2208,12239.796262689695
00bbac68_2209,12238.521827932762
00bbac68_2210,12240.193116995262
00bbac68_2211,12240.498585745261
00bbac68_2212,12238.521827932762
00bbac68_2213,12240.075790317109
00bbac68_2214,12240.095907504608
00bbac68_2215,12240.095907504608
00bbac68_2216,12238.525867297842
00bbac68_2217,12234.57901826382
00bbac68_2218,12239.558244435948
00bbac68_2219,12239.870919054016
00bbac68_2220,12238.210762804016
00bbac68_2221,12239.779606143731
00bbac68_2222,12239.918109730208
00bbac68_2223,12239.883305199848
00bbac68_2224,12240.188773949847
00bbac68_2225,12240.524314899518
00bbac68_2226,12240.201078637347
00bbac68_2227,12239.918109730208
00bbac68_2228,12239.765978521695
00bbac68_2229,12240.201078637347
00bbac68_2230,12240.315167984934
00bbac68_2231,12240.315668004956
00bbac68_2232,12240.104443889446
00bbac68_2233,12238.93950142292
00bbac68_2234,12238.93950142292
00bbac68_2235,12242.882812422355
00bbac68_2236,12241.80796294433
00bbac68_2237,12240.493463807266
00bbac68_2238,12240.493463807266
00bbac68_2239,12238.93950142292
00bbac68_2240,12238.93950142292
00bbac68_2241,12241.80796294433
00bbac68_2242,12242.882812422355
00bbac68_2243,12241.919723873842
00bbac68_2244,12238.93950142292
00bbac68_2245,12240.794182997592
00bbac68_2246,12241.909026747591
00bbac68_2247,12238.937523645141
00bbac68_2248,12238.937523645141
00bbac68_2249,12238.937523645141
00bbac68_2250,12238.937523645141
00bbac68_2251,12238.937523645141
00bbac68_2252,12238.937523645141
00bbac68_2253,12238.937523645141
00bbac68_2254,12241.268963032313
00bbac68_2255,12240.211958402075
00bbac68_2256,12240.419380277075
00bbac68_2257,12238.937523645141
00bbac68_2258,12238.935718519846
00bbac68_2259,12243.43356224019
00bbac68_2260,12243.85440906749
00bbac68_2261,12245.088888585597
00bbac68_2262,12244.008799063256
00bbac68_2263,12242.824074677166
00bbac68_2264,12242.617842401884
00bbac68_2265,12243.28932492324
00bbac68_2266,12242.981369804485
00bbac68_2267,12242.617842401884
00bbac68_2268,12241.887662747951
00bbac68_2269,12242.475832450407
00bbac68_2270,12244.747215529733
00bbac68_2271,12239.146694373958
00bbac68_2272,12243.02313222506
00bbac68_2273,12244.18428993435
00bbac68_2274,12244.908160666482
00bbac68_2275,12241.981206216557
00bbac68_2276,12240.83235305428
00bbac68_2277,12240.755472574561
00bbac68_2278,12244.88441601562
00bbac68_2279,12242.549093115598
00bbac68_2280,12242.0980191647
00bbac68_2281,12242.00439825072
00bbac68_2282,12239.172051586469
00bbac68_2283,12239.172051586469
00bbac68_2284,12239.113634202607
00bbac68_2285,12242.304020383483
00bbac68_2286,12242.304020383483
00bbac68_2287,12239.113634202607
00bbac68_2288,12239.113634202607
00bbac68_2289,12239.049017335168
00bbac68_2290,12241.705179246776
00bbac68_2291,12241.681351121777
00bbac68_2292,12241.974984913399
00bbac68_2293,12242.068477278532
00bbac68_2294,12242.022156036437
00bbac68_2295,12242.01197225627
00bbac68_2296,12238.792918619078
00bbac68_2297,12241.449080530685
00bbac68_2298,12241.936983557858
00bbac68_2299,12238.725754412877
00bbac68_2300,12238.725754412877
00bbac68_2301,12238.725754412877
00bbac68_2302,12243.822383455154
00bbac68_2303,12244.340853217029
00bbac68_2304,12241.63121106363
00bbac68_2305,12241.865901990044
00bbac68_2306,12238.725754412877
00bbac68_2307,12238.723405896752
00bbac68_2308,12238.723405896752
00bbac68_2309,12238.723405896752
00bbac68_2310,12240.277368281098
00bbac68_2311,12238.720744563416
00bbac68_2312,12235.303778341893
00bbac68_2313,12234.874676779393
00bbac68_2314,12238.717610602063
00bbac68_2315,12238.715455693862
00bbac68_2316,12238.715455693862
00bbac68_2317,12238.715455693862
00bbac68_2318,12238.715455693862
00bbac68_2319,12238.715455693862
00bbac68_2320,12238.715455693862
00bbac68_2321,12241.855603271026
00bbac68_2322,12241.859520632643
00bbac68_2323,12241.620912344613
00bbac68_2324,12241.905841874734
00bbac68_2325,12238.91886443429
00bbac68_2326,12238.917069643372
00bbac68_2327,12238.917069643372
00bbac68_2328,12240.32758277845
00bbac68_2329,12238.295361487493
00bbac68_2330,12234.999658362492
00bbac68_2331,12235.450048987494
00bbac68_2332,12240.49144996595
00bbac68_2333,12241.926401260856
00bbac68_2334,12238.91278842949
00bbac68_2335,12241.705928476336
00bbac68_2336,12241.705928476336
00bbac68_2337,12238.67275671782
00bbac68_2338,12239.155357616219
00bbac68_2339,12239.149517149552
00bbac68_2340,12239.144705850627
00bbac68_2341,12239.144705850627
00bbac68_2342,12239.330574646603
00bbac68_2343,12240.770809021602
00bbac68_2344,12240.762134977693
00bbac68_2345,12240.924791384834
00bbac68_2346,12242.175564341662
00bbac68_2347,12239.245787034932
00bbac68_2348,12241.222544847431
00bbac68_2349,12241.218292775358
00bbac68_2350,12240.865659866584
00bbac68_2351,12240.659223570963
00bbac68_2352,12238.843195915953
00bbac68_2353,12238.843195915953
00bbac68_2354,12238.840451900356
00bbac68_2355,12241.82866130253
00bbac68_2356,12241.738250022323
00bbac68_2357,12238.961085547573
00bbac68_2358,12238.961085547573
00bbac68_2359,12238.961085547573
00bbac68_2360,12238.956724587977
00bbac68_2361,12238.956724587977
00bbac68_2362,12238.956724587977
00bbac68_2363,12238.956724587977
00bbac68_2364,12238.956724587977
00bbac68_2365,12240.530804159824
00bbac68_2366,12240.924988641358
00bbac68_2367,12238.967720479472
00bbac68_2368,12240.963814229472
00bbac68_2369,12240.963814229472
00bbac68_2370,12238.987056416972
00bbac68_2371,12240.9595621574
00bbac68_2372,12238.987056416972
00bbac68_2373,12241.442591996485
00bbac68_2374,12241.424427933985
00bbac68_2375,12241.692352188926
00bbac68_2376,12241.238528850285
00bbac68_2377,12240.693753793517
00bbac68_2378,12240.90548457353
00bbac68_2379,12240.676669626537
00bbac68_2380,12240.693753793517
00bbac68_2381,12240.52071894853
00bbac68_2382,12240.88634394853
00bbac68_2383,12238.704691293517
00bbac68_2384,12240.681449106018
00bbac68_2385,12240.693753793517
00bbac68_2386,12238.876774442293
00bbac68_2387,12240.853532254794
00bbac68_2388,12238.876774442293
00bbac68_2389,12241.391958255097
00bbac68_2390,12241.504262942597
00bbac68_2391,12241.624303195616
00bbac68_2392,12241.071959445617
00bbac68_2393,12241.20315992228
00bbac68_2394,12240.869628764487
00bbac68_2395,12240.348132359475
00bbac68_2396,12240.670120573677
00bbac68_2397,12240.292398228688
00bbac68_2398,12238.681058073676
00bbac68_2399,12240.314741553118
00bbac68_2400,12238.685844534826
00bbac68_2401,12240.854791274367
00bbac68_2402,12240.542969191347
00bbac68_2403,12240.65428008736
00bbac68_2404,12238.902039418535
00bbac68_2405,12240.57534036125
00bbac68_2406,12239.104734419327
00bbac68_2407,12239.104734419327
00bbac68_2408,12241.088125850383
00bbac68_2409,12240.779336787882
00bbac68_2410,12238.88586295689
00bbac68_2411,12235.594448887114
00bbac68_2412,12240.493271740568
00bbac68_2413,12240.996241690847
00bbac68_2414,12238.997008869972
00bbac68_2415,12241.629597914007
00bbac68_2416,12242.621402526225
00bbac68_2417,12241.830602179514
00bbac68_2418,12238.997008869972
00bbac68_2419,12241.373777612669
00bbac68_2420,12240.348726419694
00bbac68_2421,12235.60556762874
00bbac68_2422,12238.997008869972
00bbac68_2423,12240.646968607194
00bbac68_2424,12240.657165119972
00bbac68_2425,12238.997008869972
00bbac68_2426,12238.997008869972
00bbac68_2427,12241.830602179514
00bbac68_2428,12241.404234992015
00bbac68_2429,12238.997008869972
00bbac68_2430,12241.822195889301
00bbac68_2431,12240.608349024984
00bbac68_2432,12241.624497370276
00bbac68_2433,12241.619424885428
00bbac68_2434,12240.599590571883
00bbac68_2435,12238.988250416869
00bbac68_2436,12242.042042602427
00bbac68_2437,12242.013303365628
00bbac68_2438,12241.528252430577
00bbac68_2439,12239.175311812874
00bbac68_2440,12240.786651967888
00bbac68_2441,12241.356964467888
00bbac68_2442,12242.073741019703
00bbac68_2443,12242.073741019703
00bbac68_2444,12240.786651967888
00bbac68_2445,12239.175311812874
00bbac68_2446,12239.175311812874
00bbac68_2447,12239.175311812874
00bbac68_2448,12235.847397730819
00bbac68_2449,12238.57278835582
00bbac68_2450,12240.768876834276
00bbac68_2451,12241.280085148639
00bbac68_2452,12241.271860126573
00bbac68_2453,12241.644547474893
00bbac68_2454,12241.773883399568
00bbac68_2455,12242.700334273373
00bbac68_2456,12239.797713461607
00bbac68_2457,12242.252103387349
00bbac68_2458,12242.296634637349
00bbac68_2459,12239.797713461607
00bbac68_2460,12239.797713461607
00bbac68_2461,12239.797713461607
00bbac68_2462,12239.797713461607
00bbac68_2463,12242.309739688382
00bbac68_2464,12242.247816801351
00bbac68_2465,12242.150067067776
00bbac68_2466,12242.137291892974
00bbac68_2467,12242.234166892975
00bbac68_2468,12242.278698142974
00bbac68_2469,12242.613081752077
00bbac68_2470,12242.151612386335
00bbac68_2471,12242.104565623395
00bbac68_2472,12242.50313568788
00bbac68_2473,12241.41040875046
00bbac68_2474,12241.37596752385
00bbac68_2475,12242.535129353437
00bbac68_2476,12242.535129353437
00bbac68_2477,12242.134348103436
00bbac68_2478,12242.575766974462
00bbac68_2479,12243.189652032977
00bbac68_2480,12242.567312994039
00bbac68_2481,12242.797124638768
00bbac68_2482,12242.400944645162
00bbac68_2483,12242.398055385902
00bbac68_2484,12240.146476301048
00bbac68_2485,12243.014614517717
00bbac68_2486,12242.978433540295
00bbac68_2487,12242.973458516823
00bbac68_2488,12243.009639494245
00bbac68_2489,12242.577278523213
00bbac68_2490,12242.634040090674
00bbac68_2491,12242.577278523213
00bbac68_2492,12242.973458516823
00bbac68_2493,12245.015455538238
00bbac68_2494,12242.78320288444
00bbac68_2495,12242.015999680369
00bbac68_2496,12243.091343805288
00bbac68_2497,12242.328349170795
00bbac68_2498,12242.015999680369
00bbac68_2499,12242.32014469666
00bbac68_2500,12243.091973422588
00bbac68_2501,12242.319408475596
00bbac68_2502,12242.328978788097
00bbac68_2503,12242.333230860171
00bbac68_2504,12242.326265316835
00bbac68_2505,12242.323032097785
00bbac68_2506,12240.350526357359
00bbac68_2507,12242.010682607359
00bbac68_2508,12241.93536618482
00bbac68_2509,12243.157386903042
00bbac68_2510,12243.16619651426
00bbac68_2511,12243.202377491682
00bbac68_2512,12242.317707495731
00bbac68_2513,12241.943795036485
00bbac68_2514,12242.351222417377
00bbac68_2515,12241.880802094096
00bbac68_2516,12241.880802094096
00bbac68_2517,12242.273424943643
00bbac68_2518,12242.820673740887
00bbac68_2519,12239.97039898276
00bbac68_2520,12242.474338686
00bbac68_2521,12241.60921967018
00bbac68_2522,12241.95946148276
00bbac68_2523,12239.97039898276
00bbac68_2524,12239.696469019857
00bbac68_2525,12242.309690963679
00bbac68_2526,12241.665952313368
00bbac68_2527,12241.202218406455
00bbac68_2528,12241.464913718955
00bbac68_2529,12241.510001635359
00bbac68_2530,12242.118370287548
00bbac68_2531,12241.665952313368
00bbac68_2532,12241.351305348193
00bbac68_2533,12241.46261624421
00bbac68_2534,12241.351305348193
00bbac68_2535,12241.680211598194
00bbac68_2536,12242.426649473113
00bbac68_2537,12241.714208583462
00bbac68_2538,12241.285520350566
00bbac68_2539,12239.737295392053
00bbac68_2540,12241.362100079552
00bbac68_2541,12241.38052353045
00bbac68_2542,12241.362100079552
00bbac68_2543,12241.396605227106
00bbac68_2544,12241.30541151859
00bbac68_2545,12241.28529433109
00bbac68_2546,12241.24896620609
00bbac68_2547,12241.657520022498
00bbac68_2548,12242.510728708807
00bbac68_2549,12242.583970896307
00bbac68_2550,12241.434140819878
00bbac68_2551,12241.225547069878
00bbac68_2552,12241.124223004475
00bbac68_2553,12241.01291210846
00bbac68_2554,12241.01291210846
00bbac68_2555,12240.8478177555
00bbac68_2556,12235.517940214544
00bbac68_2557,12235.560323027044
00bbac68_2558,12240.954145993992
00bbac68_2559,12240.187515092115
00bbac68_2560,12240.031719793014
00bbac68_2561,12240.36132598813
00bbac68_2562,12240.19202366174
00bbac68_2563,12240.47716098627
00bbac68_2564,12240.56359356076
00bbac68_2565,12238.504218560762
00bbac68_2566,12240.543476373261
00bbac68_2567,12240.487013831775
00bbac68_2568,12240.654787269275
00bbac68_2569,12240.650735315434
00bbac68_2570,12240.580422815434
00bbac68_2571,12240.568273506844
00bbac68_2572,12238.591360315435
00bbac68_2573,12241.046873365416
00bbac68_2574,12241.530662427916
00bbac68_2575,12238.591360315435
00bbac68_2576,12240.630618127934
00bbac68_2577,12240.747234746632
00bbac68_2578,12240.684734746632
00bbac68_2579,12240.68489012554
00bbac68_2580,12238.707976934133
00bbac68_2581,12240.726699208553
00bbac68_2582,12238.749786017146
00bbac68_2583,12240.726543829645
00bbac68_2584,12241.362846802527
00bbac68_2585,12241.937993488935
00bbac68_2586,12240.667386182491
00bbac68_2587,12240.876824523231
00bbac68_2588,12240.93227965731
00bbac68_2589,12240.86977965731
00bbac68_2590,12241.850488019794
00bbac68_2591,12240.869935036219
00bbac68_2592,12240.93227965731
00bbac68_2593,12240.869935036219
00bbac68_2594,12241.600763285616
00bbac68_2595,12241.711948814755
00bbac68_2596,12241.917575331106
00bbac68_2597,12241.708105295114
00bbac68_2598,12241.9106573461
00bbac68_2599,12240.870203681803
00bbac68_2600,12240.920398994302
00bbac68_2601,12240.940516181803
00bbac68_2602,12240.920398994302
00bbac68_2603,12240.870203681803
00bbac68_2604,12241.021473835077
00bbac68_2605,12241.021473835077
00bbac68_2606,12241.021629213985
00bbac68_2607,12241.021629213985
00bbac68_2608,12239.044716022578
00bbac68_2609,12239.044716022578
00bbac68_2610,12241.015384490176
00bbac68_2611,12239.038471298769
00bbac68_2612,12240.927598469925
00bbac68_2613,12241.333479027115
00bbac68_2614,12242.2124264829
00bbac68_2615,12241.81979922898
00bbac68_2616,12241.122025429548
00bbac68_2617,12241.18437005064
00bbac68_2618,12239.14511223814
00bbac68_2619,12241.600625288123
00bbac68_2620,12241.965158366445
00bbac68_2621,12242.090995452141
00bbac68_2622,12242.004762976474
00bbac68_2623,12241.538312426492
00bbac68_2624,12241.526163117898
00bbac68_2625,12242.525061312768
00bbac68_2626,12242.465566517414
00bbac68_2627,12242.465566517414
00bbac68_2628,12242.379769135954
00bbac68_2629,12241.409760641218
00bbac68_2630,12241.397455953718
00bbac68_2631,12241.388041020125
00bbac68_2632,12242.450214305516
00bbac68_2633,12239.415176617047
00bbac68_2634,12241.526074804042
00bbac68_2635,12239.375506095528
00bbac68_2636,12241.434881095527
00bbac68_2637,12242.195552223831
00bbac68_2638,12242.083247536331
00bbac68_2639,12241.363476690767
00bbac68_2640,12241.424804815766
00bbac68_2641,12241.55159995638
00bbac68_2642,12241.463824036418
00bbac68_2643,12241.387244307432
00bbac68_2644,12239.402732313636
00bbac68_2645,12241.382977108458
00bbac68_2646,12241.550750545959
00bbac68_2647,12239.451549024945
00bbac68_2648,12242.244269464914
00bbac68_2649,12242.244269464914
00bbac68_2650,12239.702394463347
00bbac68_2651,12241.679307654758
00bbac68_2652,12241.832914385737
00bbac68_2653,12241.845219073237
00bbac68_2654,12241.845219073237
00bbac68_2655,12241.845219073237
00bbac68_2656,12241.841703448237
00bbac68_2657,12241.932897156752
00bbac68_2658,12241.841703448237
00bbac68_2659,12241.785258135737
00bbac68_2660,12241.833069764645
00bbac68_2661,12241.845219073237
00bbac68_2662,12241.841703448237
00bbac68_2663,12241.931399464116
00bbac68_2664,12241.840205755605
00bbac68_2665,12241.093916693104
00bbac68_2666,12241.820088568104
00bbac68_2667,12241.840205755605
00bbac68_2668,12241.840205755605
00bbac68_2669,12241.843721380605
00bbac68_2670,12241.931399464116
00bbac68_2671,12241.931399464116
00bbac68_2672,12242.108833377033
00bbac68_2673,12242.12603810602
00bbac68_2674,12242.14967091852
00bbac68_2675,12242.772049683937
00bbac68_2676,12243.242243753888
00bbac68_2677,12241.684199709212
00bbac68_2678,12241.971190963588
00bbac68_2679,12241.957769678158
00bbac68_2680,12242.324117648835
00bbac68_2681,12242.17647862782
00bbac68_2682,12242.169279278227
00bbac68_2683,12242.027613538728
00bbac68_2684,12242.027613538728
00bbac68_2685,12242.088536436015
00bbac68_2686,12241.923381498707
00bbac68_2687,12242.013702028133
00bbac68_2688,12241.957256715632
00bbac68_2689,12242.004912965633
00bbac68_2690,12241.74863737082
00bbac68_2691,12242.230888379507
00bbac68_2692,12242.343193067007
00bbac68_2693,12241.703530114835
00bbac68_2694,12241.703530114835
00bbac68_2695,12241.681810493743
00bbac68_2696,12241.691225427336
00bbac68_2697,12241.385366052335
00bbac68_2698,12241.588720618514
00bbac68_2699,12239.640673743514
00bbac68_2700,12239.634208154286
00bbac68_2701,12239.634208154286
00bbac68_2702,12239.62442584917
00bbac68_2703,12241.546806397399
00bbac68_2704,12241.192626055705
00bbac68_2705,12241.380350940479
00bbac68_2706,12241.28542906548
00bbac68_2707,12239.553326075313
00bbac68_2708,12241.630066658825
00bbac68_2709,12241.518755762812
00bbac68_2710,12241.248916767123
00bbac68_2711,12242.031716587175
00bbac68_2712,12242.002432990468
00bbac68_2713,12238.949648649841
00bbac68_2714,12238.840147320894
00bbac68_2715,12239.095278111345
00bbac68_2716,12239.031854635965
00bbac68_2717,12239.166299315877
00bbac68_2718,12239.010869256535
00bbac68_2719,12239.89740576654
00bbac68_2720,12240.226146489353
00bbac68_2721,12239.247960509252
00bbac68_2722,12239.235655821753
00bbac68_2723,12239.245593505779
00bbac68_2724,12237.258898009251
00bbac68_2725,12239.423472634317
00bbac68_2726,12239.402206825293
00bbac68_2727,12239.453574012792
00bbac68_2728,12237.436777137791
00bbac68_2729,12239.423472634317
00bbac68_2730,12240.296103544628
00bbac68_2731,12239.865900773566
00bbac68_2732,12239.21855646247
00bbac68_2733,12239.20722833747
00bbac68_2734,12239.386440995622
00bbac68_2735,12239.386440995622
00bbac68_2736,12237.176907416919
00bbac68_2737,12237.176907416919
00bbac68_2738,12239.363562322147
00bbac68_2739,12239.144226384647
00bbac68_2740,12239.011188551567
00bbac68_2741,12238.663430189225
00bbac68_2742,12238.639797376723
00bbac68_2743,12238.861022594452
00bbac68_2744,12238.8914023753
00bbac68_2745,12238.641310676327
00bbac68_2746,12238.619650120458
00bbac68_2747,12238.597695000819
00bbac68_2748,12233.782332041243
00bbac68_2749,12232.940905467893
00bbac68_2750,12232.961022655392
00bbac68_2751,12236.354641839875
00bbac68_2752,12236.345283334002
00bbac68_2753,12233.508272636802
00bbac68_2754,12238.002165210371
00bbac68_2755,12238.183257959345
00bbac68_2756,12238.371651269945
00bbac68_2757,12236.263660686429
00bbac68_2758,12238.246735102155
00bbac68_2759,12238.270367914656
00bbac68_2760,12237.900092556976
00bbac68_2761,12232.548903999636
00bbac68_2762,12237.563072209632
00bbac68_2763,12237.845757566318
00bbac68_2764,12237.785796628817
00bbac68_2765,12238.037896201578
00bbac68_2766,12237.679348436814
00bbac68_2767,12237.704098286353
00bbac68_2768,12235.618691597034
00bbac68_2769,12238.443313474323
00bbac68_2770,12237.522970870952
00bbac68_2771,12237.522970870952
00bbac68_2772,12235.533492819897
00bbac68_2773,12238.15744040205
00bbac68_2774,12237.348930400305
00bbac68_2775,12237.44369433555
00bbac68_2776,12237.36860938988
00bbac68_2777,12235.513405674727
00bbac68_2778,12237.495061523052
00bbac68_2779,12237.444492863626
00bbac68_2780,12235.513405674727
00bbac68_2781,12237.915473520683
00bbac68_2782,12237.821439692621
00bbac68_2783,12237.76452358372
00bbac68_2784,12238.130150112805
00bbac68_2785,12237.07991414339
00bbac68_2786,12237.03307164479
00bbac68_2787,12237.021140304212
00bbac68_2788,12237.808037511051
00bbac68_2789,12239.171430491097
00bbac68_2790,12237.64946220035
00bbac68_2791,12236.91450282266
00bbac68_2792,12237.088335067256
00bbac68_2793,12236.82806523126
00bbac68_2794,12237.04740116876
00bbac68_2795,12236.802649864154
00bbac68_2796,12236.716495803843
00bbac68_2797,12237.451536336477
00bbac68_2798,12237.769098776731
00bbac68_2799,12236.66008896814
00bbac68_2800,12236.71145615564
00bbac68_2801,12234.729800307314
00bbac68_2802,12234.729123749737
00bbac68_2803,12236.584327464889
00bbac68_2804,12236.752836387901
00bbac68_2805,12236.39843765947
00bbac68_2806,12236.34707047197
00bbac68_2807,12236.34707047197
00bbac68_2808,12236.323548026296
00bbac68_2809,12236.177063651296
00bbac68_2810,12236.304510436206
00bbac68_2811,12236.37940006938
00bbac68_2812,12236.367375491807
00bbac68_2813,12236.367375491807
00bbac68_2814,12234.385719643484
00bbac68_2815,12236.176470233631
00bbac68_2816,12236.012314016914
00bbac68_2817,12234.126730520917
00bbac68_2818,12234.126730520917
00bbac68_2819,12236.108386369242
00bbac68_2820,12236.057019181742
00bbac68_2821,12236.057019181742
00bbac68_2822,12235.8843321132
00bbac68_2823,12235.934900772625
00bbac68_2824,12235.838828420296
00bbac68_2825,12235.87151458368
00bbac68_2826,12235.718177607381
00bbac68_2827,12235.574218736027
00bbac68_2828,12235.845985555849
00bbac68_2829,12235.445556869376
00bbac68_2830,12235.53172774335
00bbac68_2831,12236.698265896985
00bbac68_2832,12235.616600912881
00bbac68_2833,12235.712673265207
00bbac68_2834,12235.661306077705
00bbac68_2835,12235.507969101407
00bbac68_2836,12235.616600912881
00bbac68_2837,12235.552147787881
00bbac68_2838,12235.636414424194
00bbac68_2839,12235.687976924193
00bbac68_2840,12235.33379304798
00bbac68_2841,12235.159575464368
00bbac68_2842,12235.299202504197
00bbac68_2843,12235.345671655872
00bbac68_2844,12235.355609339898
00bbac68_2845,12235.299202504197
00bbac68_2846,12235.299202504197
00bbac68_2847,12235.203907282272
00bbac68_2848,12234.418085857626
00bbac68_2849,12234.952596351906
00bbac68_2850,12234.86313854678
00bbac68_2851,12234.73286510928
00bbac68_2852,12234.777308870891
00bbac68_2853,12232.672389437395
00bbac68_2854,12234.601759199602
00bbac68_2855,12234.579455361218
00bbac68_2856,12234.630024020644
00bbac68_2857,12234.578656833142
00bbac68_2858,12234.579455361218
00bbac68_2859,12232.648368172318
00bbac68_2860,12232.64958457636
00bbac68_2861,12234.426536260882
00bbac68_2862,12234.535168072358
00bbac68_2863,12234.587263661317
00bbac68_2864,12234.598077964856
00bbac68_2865,12234.590512392084
00bbac68_2866,12234.644994790811
00bbac68_2867,12234.600484938484
00bbac68_2868,12234.652401442487
00bbac68_2869,12235.472663902994
00bbac68_2870,12235.337010882815
00bbac68_2871,12234.2410889833
00bbac68_2872,12232.581455488396
00bbac68_2873,12234.511744149222
00bbac68_2874,12236.269344411126
00bbac68_2875,12232.581455488396
00bbac68_2876,12235.855724962777
00bbac68_2877,12235.709672486648
00bbac68_2878,12235.082109209003
00bbac68_2879,12235.260171783179
00bbac68_2880,12234.584451997189
00bbac68_2881,12234.519208723195
00bbac68_2882,12234.472207303497
00bbac68_2883,12234.533236933126
00bbac68_2884,12232.5985825045
00bbac68_2885,12232.5985825045
00bbac68_2886,12234.58410810721
00bbac68_2887,12234.58410810721
00bbac68_2888,12234.541740961953
00bbac68_2889,12234.709514399452
00bbac68_2890,12234.58625081428
00bbac68_2891,12234.53488362678
00bbac68_2892,12234.535682154856
00bbac68_2893,12232.604594965955
00bbac68_2894,12234.464054842247
00bbac68_2895,12234.464054842247
00bbac68_2896,12234.590113857837
00bbac68_2897,12234.73502390333
00bbac68_2898,12234.56475889846
00bbac68_2899,12234.611760318156
00bbac68_2900,12234.578883376542
00bbac68_2901,12233.850335250141
00bbac68_2902,12234.567750564041
00bbac68_2903,12234.618319223466
00bbac68_2904,12234.566952035966
00bbac68_2905,12234.49612325143
00bbac68_2906,12234.708817455603
00bbac68_2907,12234.779646240138
00bbac68_2908,12234.831013427638
00bbac68_2909,12234.779646240138
00bbac68_2910,12234.831013427638
00bbac68_2911,12232.849357579315
00bbac68_2912,12232.849357579315
00bbac68_2913,12232.849357579315
00bbac68_2914,12234.903061246485
00bbac68_2915,12234.903636381618
00bbac68_2916,12234.839183256618
00bbac68_2917,12234.839183256618
00bbac68_2918,12232.96898195299
00bbac68_2919,12234.66781007799
00bbac68_2920,12234.95804445299
00bbac68_2921,12232.96898195299
00bbac68_2922,12234.950637801316
00bbac68_2923,12235.073901386488
00bbac68_2924,12234.693877612934
00bbac68_2925,12234.693877612934
00bbac68_2926,12234.688760366034
00bbac68_2927,12234.665535366908
00bbac68_2928,12234.46041581595
00bbac68_2929,12232.735246706085
00bbac68_2930,12234.808096262921
00bbac68_2931,12234.741641754394
00bbac68_2932,12234.571376749525
00bbac68_2933,12232.7853551334
00bbac68_2934,12234.890274566895
00bbac68_2935,12234.6801141973
00bbac68_2936,12234.858204690237
00bbac68_2937,12234.630457443123
00bbac68_2938,12234.725379318124
00bbac68_2939,12234.727683288882
00bbac68_2940,12234.741215049258
00bbac68_2941,12234.642637483112
00bbac68_2942,12234.628237527722
00bbac68_2943,12234.668276590222
00bbac68_2944,12234.758158401697
00bbac68_2945,12232.827529677534
00bbac68_2946,12234.762184106163
00bbac68_2947,12234.663513377518
00bbac68_2948,12234.9103403172
00bbac68_2949,12234.691580880557
00bbac68_2950,12234.942410193858
00bbac68_2951,12234.788092509423
00bbac68_2952,12234.835093929116
00bbac68_2953,12234.788092509423
00bbac68_2954,12234.788092509423
00bbac68_2955,12234.595416899287
00bbac68_2956,12232.665128238461
00bbac68_2957,12235.229596972707
00bbac68_2958,12234.641886050962
00bbac68_2959,12234.646784086788
00bbac68_2960,12234.64294049363
00bbac68_2961,12234.82204205613
00bbac68_2962,12234.777863369654
00bbac68_2963,12234.790658521171
00bbac68_2964,12234.946481139228
00bbac68_2965,12235.08652547327
00bbac68_2966,12234.94503043082
00bbac68_2967,12234.792641051876
00bbac68_2968,12235.233074858976
00bbac68_2969,12235.039952305819
00bbac68_2970,12235.076462074247
00bbac68_2971,12235.097954392608
00bbac68_2972,12234.955393496593
00bbac68_2973,12234.955393496593
00bbac68_2974,12235.130024269267
00bbac68_2975,12235.130024269267
00bbac68_2976,12232.990762337171
00bbac68_2977,12233.032106764906
00bbac68_2978,12235.04810511183
00bbac68_2979,12234.961208327406
00bbac68_2980,12234.99673792433
00bbac68_2981,12235.171368697003
00bbac68_2982,12235.020943273285
00bbac68_2983,12234.956490148285
00bbac68_2984,12233.074803894342
00bbac68_2985,12232.960166097384
00bbac68_2986,12234.976164444308
00bbac68_2987,12234.976164444308
00bbac68_2988,12232.960166097384
00bbac68_2989,12234.877421444795
00bbac68_2990,12235.119614930578
00bbac68_2991,12233.02485863867
00bbac68_2992,12233.02485863867
00bbac68_2993,12235.001616451169
00bbac68_2994,12234.744657992434
00bbac68_2995,12233.02485863867
00bbac68_2996,12235.024401706047
00bbac68_2997,12235.174601138142
00bbac68_2998,12234.981478584989
00bbac68_2999,12234.99151510468
00bbac68_3000,12235.184637657838
00bbac68_3001,12234.91471166324
00bbac68_3002,12235.079881413236
00bbac68_3003,12235.13045007266
00bbac68_3004,12235.253713657834
00bbac68_3005,12235.221643781175
00bbac68_3006,12235.091209538235
00bbac68_3007,12235.100546232914
00bbac68_3008,12235.071835295414
00bbac68_3009,12235.020529797013
00bbac68_3010,12235.082834484512
00bbac68_3011,12235.682639678575
00bbac68_3012,12235.834785744439
00bbac68_3013,12235.275957037667
00bbac68_3014,12235.102124793071
00bbac68_3015,12235.102124793071
00bbac68_3016,12235.082834484512
00bbac68_3017,12235.082834484512
00bbac68_3018,12235.101326264996
00bbac68_3019,12235.11345291807
00bbac68_3020,12235.890283521838
00bbac68_3021,12236.040986178965
00bbac68_3022,12233.287397762699
00bbac68_3023,12235.16908401664
00bbac68_3024,12235.201855508063
00bbac68_3025,12235.270216749252
00bbac68_3026,12235.281544874251
00bbac68_3027,12233.304787061752
00bbac68_3028,12235.281544874251
00bbac68_3029,12235.158877181944
00bbac68_3030,12235.158877181944
00bbac68_3031,12235.411979117187
00bbac68_3032,12235.276275556349
00bbac68_3033,12233.304787061752
00bbac68_3034,12235.250926440694
00bbac68_3035,12235.269418221176
00bbac68_3036,12235.270216749252
00bbac68_3037,12235.250926440694
00bbac68_3038,12235.444048993848
00bbac68_3039,12235.29384956175
00bbac68_3040,12235.38646050446
00bbac68_3041,12235.341950652133
00bbac68_3042,12235.335891845036
00bbac68_3043,12235.505098222853
00bbac68_3044,12233.614214955804
00bbac68_3045,12233.403498596574
00bbac68_3046,12235.392561096573
00bbac68_3047,12235.511615096451
00bbac68_3048,12235.321976516885
00bbac68_3049,12236.148691306082
00bbac68_3050,12234.998824398726
00bbac68_3051,12235.286810882235
00bbac68_3052,12236.186324547889
00bbac68_3053,12236.289116642069
00bbac68_3054,12235.364221486008
00bbac68_3055,12235.352893361009
00bbac68_3056,12235.40314351147
00bbac68_3057,12235.494337219983
00bbac68_3058,12235.52640709664
00bbac68_3059,12235.40314351147
00bbac68_3060,12235.2415537937
00bbac68_3061,12236.214678325669
00bbac68_3062,12235.758938911855
00bbac68_3063,12236.23551908915
00bbac68_3064,12236.140289132189
00bbac68_3065,12236.525077468606
00bbac68_3066,12236.157395971326
00bbac68_3067,12235.38852779769
00bbac68_3068,12235.38852779769
00bbac68_3069,12235.403710159777
00bbac68_3070,12235.45396031024
00bbac68_3071,12235.40259312274
00bbac68_3072,12235.427342972276
00bbac68_3073,12233.47391686726
00bbac68_3074,12233.47391686726
00bbac68_3075,12230.270975393743
00bbac68_3076,12235.307023875283
00bbac68_3077,12235.42222930461
00bbac68_3078,12235.438229517724
00bbac68_3079,12233.47391686726
00bbac68_3080,12235.17274499226
00bbac68_3081,12235.169535471505
00bbac68_3082,12236.32236503542
00bbac68_3083,12236.263146224992
00bbac68_3084,12235.501707308245
00bbac68_3085,12235.540629333711
00bbac68_3086,12235.497242917774
00bbac68_3087,12235.690365470928
00bbac68_3088,12236.379832828854
00bbac68_3089,12235.45631983069
00bbac68_3090,12235.548050580477
00bbac68_3091,12233.602229710497
00bbac68_3092,12235.74117313363
00bbac68_3093,12235.29784831474
00bbac68_3094,12235.29784831474
00bbac68_3095,12235.365009745941
00bbac68_3096,12235.209747750749
00bbac68_3097,12235.476349313249
00bbac68_3098,12235.495024833774
00bbac68_3099,12235.50076513191
00bbac68_3100,12235.668538569409
00bbac68_3101,12235.495024833774
00bbac68_3102,12235.63646869275
00bbac68_3103,12235.668538569409
00bbac68_3104,12235.668538569409
00bbac68_3105,12235.383685266466
00bbac68_3106,12236.262775970374
00bbac68_3107,12235.86228512504
00bbac68_3108,12235.545274984237
00bbac68_3109,12235.612611806215
00bbac68_3110,12235.612611806215
00bbac68_3111,12235.787242578886
00bbac68_3112,12235.577604096552
00bbac68_3113,12235.577604096552
00bbac68_3114,12236.358564728695
00bbac68_3115,12236.358564728695
00bbac68_3116,12236.369979955818
00bbac68_3117,12236.458997878733
00bbac68_3118,12236.236191617081
00bbac68_3119,12236.39391477681
00bbac68_3120,12236.246260041195
00bbac68_3121,12236.460194007634
00bbac68_3122,12236.10407102681
00bbac68_3123,12236.209234861974
00bbac68_3124,12236.164703611972
00bbac68_3125,12236.39391477681
00bbac68_3126,12236.067828611973
00bbac68_3127,12236.060441009922
00bbac68_3128,12236.584769362258
00bbac68_3129,12236.866514011646
00bbac68_3130,12236.093601781957
00bbac68_3131,12235.106698009939
00bbac68_3132,12235.473984658069
00bbac68_3133,12236.267257651441
00bbac68_3134,12235.162431912626
00bbac68_3135,12236.149335684646
00bbac68_3136,12236.531474485575
00bbac68_3137,12236.446201580093
00bbac68_3138,12236.391770754524
00bbac68_3139,12237.380092842846
00bbac68_3140,12233.978166199213
00bbac68_3141,12237.644847272673
00bbac68_3142,12237.161778792983
00bbac68_3143,12237.091809336558
00bbac68_3144,12236.835082467484
00bbac68_3145,12234.650140732176
00bbac68_3146,12237.084637780106
00bbac68_3147,12234.650140732176
00bbac68_3148,12234.71947038735
00bbac68_3149,12234.749472020003
00bbac68_3150,12236.215794742468
00bbac68_3151,12234.755638492468
00bbac68_3152,12234.832754635157
00bbac68_3153,12236.556427095955
00bbac68_3154,12236.287495839695
00bbac68_3155,12234.849145532007
00bbac68_3156,12236.703012764536
00bbac68_3157,12237.26096616322
00bbac68_3158,12236.516630225718
00bbac68_3159,12234.76321076509
00bbac68_3160,12237.263032012383
00bbac68_3161,12237.355516993715
00bbac68_3162,12237.143622441405
00bbac68_3163,12237.364594512383
00bbac68_3164,12234.792957764921
00bbac68_3165,12237.606476139375
00bbac68_3166,12237.527236355385
00bbac68_3167,12237.414931667885
00bbac68_3168,12237.627669505424
00bbac68_3169,12237.815547187265
00bbac68_3170,12237.044415436787
00bbac68_3171,12236.968153536704
00bbac68_3172,12237.12700269812
00bbac68_3173,12237.08852613562
00bbac68_3174,12237.08852613562
00bbac68_3175,12235.12309644812
00bbac68_3176,12237.727855495106
00bbac68_3177,12237.070591051372
00bbac68_3178,12237.186980072382
00bbac68_3179,12237.109089011543
00bbac68_3180,12237.136234016045
00bbac68_3181,12237.305281497323
00bbac68_3182,12235.16522103715
00bbac68_3183,12236.989674185665
00bbac68_3184,12237.010999087252
00bbac68_3185,12235.186545938735
00bbac68_3186,12235.186545938735
00bbac68_3187,12237.191296345754
00bbac68_3188,12235.186545938735
00bbac68_3189,12235.186545938735
00bbac68_3190,12237.096374470755
00bbac68_3191,12235.186545938735
00bbac68_3192,12235.186545938735
00bbac68_3193,12232.100541814756
00bbac68_3194,12231.570659002256
00bbac68_3195,12231.617312080461
00bbac68_3196,12231.617312080461
00bbac68_3197,12231.646096118991
00bbac68_3198,12231.689272777887
00bbac68_3199,12231.694741527888
00bbac68_3200,12231.667007152888
00bbac68_3201,12231.688260949517
00bbac68_3202,12231.765104376034
00bbac68_3203,12235.346530698496
00bbac68_3204,12237.373418482575
00bbac68_3205,12231.848798218893
00bbac68_3206,12231.837565586133
00bbac68_3207,12231.837565586133
00bbac68_3208,12231.885144149352
00bbac68_3209,12231.905261336851
00bbac68_3210,12232.500006901791
00bbac68_3211,12232.38008502679
00bbac68_3212,12235.50916759925
00bbac68_3213,12232.096766028946
00bbac68_3214,12232.525867591447
00bbac68_3215,12232.525867591447
00bbac68_3216,12232.525867591447
00bbac68_3217,12232.001453528947
00bbac68_3218,12231.944617591445
00bbac68_3219,12231.957703528946
00bbac68_3220,12232.469031653945
00bbac68_3221,12235.456317351407
00bbac68_3222,12232.472284304646
00bbac68_3223,12237.50833278619
00bbac68_3224,12237.346413452144
00bbac68_3225,12235.532209900535
00bbac68_3226,12232.015041390576
00bbac68_3227,12232.015041390576
00bbac68_3228,12232.033596078076
00bbac68_3229,12232.147986701591
00bbac68_3230,12232.614254601753
00bbac68_3231,12232.537598743442
00bbac68_3232,12235.644806315902
00bbac68_3233,12237.517502645818
00bbac68_3234,12232.423446351779
00bbac68_3235,12233.106241210447
00bbac68_3236,12237.578806848385
00bbac68_3237,12239.470214107947
00bbac68_3238,12239.575819576023
00bbac68_3239,12237.611951378962
00bbac68_3240,12239.548888377263
00bbac68_3241,12234.59043711052
00bbac68_3242,12234.320275210226
00bbac68_3243,12237.732098660661
00bbac68_3244,12239.579175254266
00bbac68_3245,12239.627998107722
00bbac68_3246,12239.679169982723
00bbac68_3247,12237.765930869324
00bbac68_3248,12237.793472456628
00bbac68_3249,12237.810213567736
00bbac68_3250,12239.954379023302
00bbac68_3251,12239.954379023302
00bbac68_3252,12237.810213567736
00bbac68_3253,12239.655270656322
00bbac68_3254,12239.775643255238
00bbac68_3255,12239.954379023302
00bbac68_3256,12239.699863014797
00bbac68_3257,12239.774081764797
00bbac68_3258,12239.774081764797
00bbac68_3259,12237.552882304803
00bbac68_3260,12237.573283024441
00bbac68_3261,12239.910326617943
00bbac68_3262,12239.81323248444
00bbac68_3263,12239.722021546939
00bbac68_3264,12239.421855740313
00bbac68_3265,12239.268175060522
00bbac68_3266,12239.522691069023
00bbac68_3267,12239.269932873021
00bbac68_3268,12233.966702163023
00bbac68_3269,12239.246765310629
00bbac68_3270,12239.30516211121
00bbac68_3271,12239.601107529237
00bbac68_3272,12239.723869978217
00bbac68_3273,12237.628775455287
00bbac68_3274,12239.506185654236
00bbac68_3275,12239.601107529237
00bbac68_3276,12239.601107529237
00bbac68_3277,12239.420810270734
00bbac68_3278,12239.420810270734
00bbac68_3279,12239.647674424945
00bbac68_3280,12239.647674424945
00bbac68_3281,12239.552752549946
00bbac68_3282,12237.675342350993
00bbac68_3283,12237.675342350993
00bbac68_3284,12239.647674424945
00bbac68_3285,12239.855169858052
00bbac68_3286,12239.855169858052
00bbac68_3287,12239.640772038492
00bbac68_3288,12237.675342350993
00bbac68_3289,12239.640772038492
00bbac68_3290,12239.687132723015
00bbac68_3291,12239.647674424945
00bbac68_3292,12239.672693982859
00bbac68_3293,12239.665791596406
00bbac68_3294,12239.405784231338
00bbac68_3295,12239.570115122286
00bbac68_3296,12240.141866600723
00bbac68_3297,12237.929969217006
00bbac68_3298,12240.266907414167
00bbac68_3299,12240.550136498858
00bbac68_3300,12240.248962869879
00bbac68_3301,12240.039567449736
00bbac68_3302,12237.981913578256
00bbac68_3303,12240.590566186358
00bbac68_3304,12240.248962869879
00bbac68_3305,12240.514902779047
00bbac68_3306,12239.570371529046
00bbac68_3307,12237.981913578256
00bbac68_3308,12239.675535364207
00bbac68_3309,12238.528762462736
00bbac68_3310,12238.528762462736
00bbac68_3311,12239.4794611244
00bbac68_3312,12239.675535364207
00bbac68_3313,12239.570371529046
00bbac68_3314,12240.087754341546
00bbac68_3315,12240.174921982974
00bbac68_3316,12240.514902779047
00bbac68_3317,12238.726012932642
00bbac68_3318,12239.248406436898
00bbac68_3319,12240.601037495
00bbac68_3320,12240.6742796825
00bbac68_3321,12240.198750107975
00bbac68_3322,12240.370527602972
00bbac68_3323,12240.319870623673
00bbac68_3324,12240.027705288214
00bbac68_3325,12240.027705288214
00bbac68_3326,12240.315799616317
00bbac68_3327,12240.315799616317
00bbac68_3328,12240.398856142336
00bbac68_3329,12240.131265411614
00bbac68_3330,12240.429096623195
00bbac68_3331,12240.641834460737
00bbac68_3332,12240.429096623195
00bbac68_3333,12240.480511459351
00bbac68_3334,12240.668484789121
00bbac68_3335,12240.047136868516
00bbac68_3336,12240.102996243515
00bbac68_3337,12239.913208863707
00bbac68_3338,12240.126226243516
00bbac68_3339,12240.302147500573
00bbac68_3340,12240.334217377233
00bbac68_3341,12240.380877060385
00bbac68_3342,12240.159904533932
00bbac68_3343,12240.159904533932
00bbac68_3344,12240.36398941765
00bbac68_3345,12239.986509661881
00bbac68_3346,12240.374302353488
00bbac68_3347,12240.198381096432
00bbac68_3348,12240.200529533933
00bbac68_3349,12239.491740471432
00bbac68_3350,12240.217912346432
00bbac68_3351,12240.224814732885
00bbac68_3352,12239.99631659588
00bbac68_3353,12238.27674271793
00bbac68_3354,12240.068777533379
00bbac68_3355,12240.068777533379
00bbac68_3356,12240.068777533379
00bbac68_3357,12240.249074791882
00bbac68_3358,12240.273750751538
00bbac68_3359,12240.473727370394
00bbac68_3360,12238.508297682894
00bbac68_3361,12238.079133038345
00bbac68_3362,12240.416176631847
00bbac68_3363,12240.508212638637
00bbac68_3364,12240.778815069109
00bbac68_3365,12241.025233038219
00bbac68_3366,12241.25556795437
00bbac68_3367,12241.438215024076
00bbac68_3368,12241.64571045718
00bbac68_3369,12241.413678131672
00bbac68_3370,12241.66440407623
00bbac68_3371,12241.456908643124
00bbac68_3372,12241.432623444172
00bbac68_3373,12241.298695439365
00bbac68_3374,12242.053971364778
00bbac68_3375,12241.883943435267
00bbac68_3376,12242.98144543933
00bbac68_3377,12242.365055897584
00bbac68_3378,12242.361724926746
00bbac68_3379,12242.663818655514
00bbac68_3380,12242.741146259765
00bbac68_3381,12242.56754617859
00bbac68_3382,12242.735050801206
00bbac68_3383,12242.947788638743
00bbac68_3384,12243.090095884887
00bbac68_3385,12242.998689634886
00bbac68_3386,12243.114130145254
00bbac68_3387,12243.000267204745
00bbac68_3388,12242.939377353401
00bbac68_3389,12242.811001449787
00bbac68_3390,12242.894057975804
00bbac68_3391,12242.887962517245
00bbac68_3392,12242.72045789463
00bbac68_3393,12241.866470199788
00bbac68_3394,12242.383853012287
00bbac68_3395,12242.811001449787
00bbac68_3396,12241.859524659947
00bbac68_3397,12240.820021713185
00bbac68_3398,12240.752220132288
00bbac68_3399,12240.837571694788
00bbac68_3400,12240.026067743804
00bbac68_3401,12241.155582481477
00bbac68_3402,12239.695426231478
00bbac68_3403,12239.639687344292
00bbac68_3404,12239.695426231478
00bbac68_3405,12241.111697350285
00bbac68_3406,12241.133572186885
00bbac68_3407,12239.71730106808
00bbac68_3408,12239.71730106808
00bbac68_3409,12240.656394625474
00bbac68_3410,12240.656394625474
00bbac68_3411,12239.71730106808
00bbac68_3412,12241.65839202948
00bbac68_3413,12240.175655498328
00bbac68_3414,12239.764781941198
00bbac68_3415,12240.70451512869
00bbac68_3416,12248.187421427108
00bbac68_3417,12254.404028272851
00bbac68_3418,12257.063649516116
00bbac68_3419,12248.187421427108
00bbac68_3420,12241.147957499761
00bbac68_3421,12240.718126305435
00bbac68_3422,12240.640821054454
00bbac68_3423,12246.945116627447
00bbac68_3424,12239.635297905032
00bbac68_3425,12241.03442520128
00bbac68_3426,12240.604594006958
00bbac68_3427,12241.210031699562
00bbac68_3428,12241.900401493669
00bbac68_3429,12241.95240131861
00bbac68_3430,12240.617236678003
00bbac68_3431,12241.129608133942
00bbac68_3432,12241.34869726269
00bbac68_3433,12241.34869726269
00bbac68_3434,12242.681089527818
00bbac68_3435,12241.34869726269
00bbac68_3436,12241.69716456304
00bbac68_3437,12242.934654641473
00bbac68_3438,12243.409264016473
00bbac68_3439,12243.313497989071
00bbac68_3440,12243.49076960449
00bbac68_3441,12245.096829325545
00bbac68_3442,12245.085354601564
00bbac68_3443,12245.444071102564
00bbac68_3444,12245.355635311122
00bbac68_3445,12245.197359570415
00bbac68_3446,12245.572574086302
00bbac68_3447,12244.743972629043
00bbac68_3448,12244.933760008851
00bbac68_3449,12244.522627196351
00bbac68_3450,12245.111707882465
00bbac68_3451,12244.938743730729
00bbac68_3452,12245.430624839306
00bbac68_3453,12245.821054526805
00bbac68_3454,12245.696911343162
00bbac68_3455,12245.696911343162
00bbac68_3456,12244.911546116464
00bbac68_3457,12244.92482219339
00bbac68_3458,12244.92482219339
00bbac68_3459,12244.92482219339
00bbac68_3460,12244.950493259568
00bbac68_3461,12245.007915134569
00bbac68_3462,12244.961040134569
00bbac68_3463,12245.007915134569
00bbac68_3464,12244.868261625012
00bbac68_3465,12244.849511625012
00bbac68_3466,12244.868261625012
00bbac68_3467,12244.68599274027
00bbac68_3468,12244.71294586527
00bbac68_3469,12244.592229577607
00bbac68_3470,12244.587737390108
00bbac68_3471,12239.25989730511
00bbac68_3472,12239.099545742609
00bbac68_3473,12242.83553566632
00bbac68_3474,12244.534807702608
00bbac68_3475,12244.536565515107
00bbac68_3476,12244.51051133296
00bbac68_3477,12242.83277892687
00bbac68_3478,12239.820474239368
00bbac68_3479,12239.820474239368
00bbac68_3480,12239.940396114369
00bbac68_3481,12240.448243574685
00bbac68_3482,12239.857588680356
00bbac68_3483,12239.977510555356
00bbac68_3484,12239.145902301389
00bbac68_3485,12238.634574176389
00bbac68_3486,12238.616019488889
00bbac68_3487,12238.720421072223
00bbac68_3488,12238.959833659943
00bbac68_3489,12239.211091769
00bbac68_3490,12239.211091769
00bbac68_3491,12239.211091769
00bbac68_3492,12239.211091769
00bbac68_3493,12238.681208956501
00bbac68_3494,12238.6866777065
00bbac68_3495,12238.861721902776
00bbac68_3496,12239.39331844217
00bbac68_3497,12239.16520216806
00bbac68_3498,12242.17750685556
00bbac68_3499,12239.017216582162
00bbac68_3500,12242.178349394662
00bbac68_3501,12242.178349394662
00bbac68_3502,12244.094470729658
00bbac68_3503,12244.131384792157
00bbac68_3504,12243.90166642306
00bbac68_3505,12238.93643204806
00bbac68_3506,12242.104646410262
00bbac68_3507,12243.997203994699
00bbac68_3508,12243.893178383056
00bbac68_3509,12238.50733048556
00bbac68_3510,12238.409047063842
00bbac68_3511,12241.831312688842
00bbac68_3512,12243.74567621134
00bbac68_3513,12242.107144238544
00bbac68_3514,12243.784348086341
00bbac68_3515,12243.866392499003
00bbac68_3516,12242.107144238544
00bbac68_3517,12243.784348086341
00bbac68_3518,12243.830061512564
00bbac68_3519,12243.759278657853
00bbac68_3520,12238.682024510355
00bbac68_3521,12241.843157322855
00bbac68_3522,12243.759278657853
00bbac68_3523,12243.770207590453
00bbac68_3524,12243.844426340453
00bbac68_3525,12242.076940233716
00bbac68_3526,12242.010725214626
00bbac68_3527,12242.044229922876
00bbac68_3528,12244.091255187266
00bbac68_3529,12242.492622374766
00bbac68_3530,12242.233276569987
00bbac68_3531,12242.268823444985
00bbac68_3532,12242.252026569986
00bbac68_3533,12242.322474095152
00bbac68_3534,12242.34138658523
00bbac68_3535,12242.214256470937
00bbac68_3536,12242.355384280701
00bbac68_3537,12242.31916419726
00bbac68_3538,12242.31916419726
00bbac68_3539,12242.35123407392
00bbac68_3540,12242.175740037685
00bbac68_3541,12242.000053074276
00bbac68_3542,12242.052977588703
00bbac68_3543,12242.175740037685
00bbac68_3544,12242.059549640746
00bbac68_3545,12242.798493725224
00bbac68_3546,12242.65618647908
00bbac68_3547,12242.65618647908
00bbac68_3548,12242.063556038931
00bbac68_3549,12242.092412108203
00bbac68_3550,12242.068583983204
00bbac68_3551,12242.278067849038
00bbac68_3552,12241.811142602699
00bbac68_3553,12241.1564551027
00bbac68_3554,12242.969391699362
00bbac68_3555,12242.514683113088
00bbac68_3556,12240.817926528609
00bbac68_3557,12242.978192716906
00bbac68_3558,12238.515353737965
00bbac68_3559,12241.492931279887
00bbac68_3560,12242.464083209798
00bbac68_3561,12241.30602523472
00bbac68_3562,12241.27417121072
00bbac68_3563,12242.843975812406
00bbac68_3564,12242.934405656955
00bbac68_3565,12243.055051775962
00bbac68_3566,12241.873588753422
00bbac68_3567,12241.773667038016
00bbac68_3568,12242.963579037096
00bbac68_3569,12242.99633406418
00bbac68_3570,12242.45871841821
00bbac68_3571,12241.51544846501
00bbac68_3572,12241.398122894
00bbac68_3573,12243.121943311857
00bbac68_3574,12238.431713165422
00bbac68_3575,12237.88594210967
00bbac68_3576,12243.121943311857
00bbac68_3577,12243.472483536694
00bbac68_3578,12239.402275221457
00bbac68_3579,12238.92306770904
00bbac68_3580,12239.768613309792
00bbac68_3581,12238.851564307475
00bbac68_3582,12238.826078229757
00bbac68_3583,12239.085385475973
00bbac68_3584,12239.19447118995
00bbac68_3585,12240.825019671574
00bbac68_3586,12239.059979167865
00bbac68_3587,12244.191650363242
00bbac68_3588,12242.92641598824
00bbac68_3589,12239.314746281394
00bbac68_3590,12238.202497365613
00bbac68_3591,12239.992599325515
00bbac68_3592,12240.498482034667
00bbac68_3593,12246.669892439622
00bbac68_3594,12238.209594153095
00bbac68_3595,12237.801952600024
00bbac68_3596,12237.723725762482
00bbac68_3597,12239.256698926172
00bbac68_3598,12239.090226080805
00bbac68_3599,12244.143207202105
00bbac68_3600,12250.779240363256
00bbac68_3601,12242.864950538968
00bbac68_3602,12239.164986563961
00bbac68_3603,12238.739206472377
00bbac68_3604,12238.739206472377
00bbac68_3605,12237.62894933678
00bbac68_3606,12243.492926325565
00bbac68_3607,12237.897271434487
00bbac68_3608,12238.409354014051
00bbac68_3609,12240.199455973952
00bbac68_3610,12244.03430966854
00bbac68_3611,12243.97374406465
00bbac68_3612,12237.934537424751
00bbac68_3613,12239.040537863357
00bbac68_3614,12238.44236330732
00bbac68_3615,12239.3823356903
00bbac68_3616,12239.037584388952
00bbac68_3617,12239.369567398859
00bbac68_3618,12238.531334993197
00bbac68_3619,12238.37048745754
00bbac68_3620,12242.076453683629
00bbac68_3621,12238.385890444382
00bbac68_3622,12236.993436057275
00bbac68_3623,12238.955569699152
00bbac68_3624,12238.21345544587
00bbac68_3625,12236.993436057275
00bbac68_3626,12238.203306325398
00bbac68_3627,12236.983286936802
00bbac68_3628,12242.09757001715
00bbac68_3629,12239.61482054758
00bbac68_3630,12236.725392679482
00bbac68_3631,12236.747218932718
00bbac68_3632,12238.084598497193
00bbac68_3633,12242.310689006456
00bbac68_3634,12242.754240755277
00bbac68_3635,12241.951035317568
00bbac68_3636,12248.038931225812
00bbac68_3637,12245.910224230018
00bbac68_3638,12241.951035317568
00bbac68_3639,12239.598238875875
00bbac68_3640,12242.71534532365
00bbac68_3641,12242.71534532365
00bbac68_3642,12242.27179357483
00bbac68_3643,12242.27179357483
00bbac68_3644,12239.721758841708
00bbac68_3645,12236.870393732626
00bbac68_3646,12237.041072492053
00bbac68_3647,12239.528201869727
00bbac68_3648,12237.878908150831
00bbac68_3649,12238.375796651513
00bbac68_3650,12238.940962578727
00bbac68_3651,12238.209323806148
00bbac68_3652,12238.045875593813
00bbac68_3653,12237.375444828625
00bbac68_3654,12238.045875593813
00bbac68_3655,12236.777037848691
00bbac68_3656,12243.096439276505
00bbac68_3657,12239.64848962521
00bbac68_3658,12242.693294303315
00bbac68_3659,12238.30518284003
00bbac68_3660,12236.777037848691
00bbac68_3661,12244.293491328677
00bbac68_3662,12240.1405355524
00bbac68_3663,12238.12184354822
00bbac68_3664,12237.963262938696
00bbac68_3665,12243.879519393322
00bbac68_3666,12244.636749909452
00bbac68_3667,12240.745248509336
00bbac68_3668,12239.284581548278
00bbac68_3669,12239.429481153029
00bbac68_3670,12243.781144055789
00bbac68_3671,12244.6278407778
00bbac68_3672,12239.393032592503
00bbac68_3673,12238.526838384052
00bbac68_3674,12237.812835711338
00bbac68_3675,12238.738852209752
00bbac68_3676,12239.998697165249
00bbac68_3677,12250.97888566381
00bbac68_3678,12247.532859272462
00bbac68_3679,12243.446646816548
00bbac68_3680,12239.378943154457
00bbac68_3681,12238.647304381875
00bbac68_3682,12238.647304381875
00bbac68_3683,12240.108191696156
00bbac68_3684,12249.16680303771
00bbac68_3685,12243.026880530408
00bbac68_3686,12238.73478712353
00bbac68_3687,12238.475479877312
00bbac68_3688,12238.510912911715
00bbac68_3689,12237.250100630803
00bbac68_3690,12246.63025309472
00bbac68_3691,12249.016348777135
00bbac68_3692,12238.64251396181
00bbac68_3693,12238.686413137171
00bbac68_3694,12236.767248245293
00bbac68_3695,12239.447934594948
00bbac68_3696,12240.240409841532
00bbac68_3697,12238.141076370292
00bbac68_3698,12238.153520126036
00bbac68_3699,12247.128256209666
00bbac68_3700,12238.718686053246
00bbac68_3701,12238.823131887171
00bbac68_3702,12237.98726763389
00bbac68_3703,12236.767248245293
00bbac68_3704,12238.293249074672
00bbac68_3705,12240.597821140635
00bbac68_3706,12240.34457198496
00bbac68_3707,12240.634415734961
00bbac68_3708,12240.536150075164
00bbac68_3709,12240.50222768069
00bbac68_3710,12240.609553095299
00bbac68_3711,12240.768517179908
00bbac68_3712,12239.701751260262
00bbac68_3713,12237.137360177614
00bbac68_3714,12238.214597985756
00bbac68_3715,12239.089267399964
00bbac68_3716,12241.667691679277
00bbac68_3717,12240.949566593645
00bbac68_3718,12240.318421839054
00bbac68_3719,12239.057263294748
00bbac68_3720,12239.057263294748
00bbac68_3721,12238.967224232249
00bbac68_3722,12238.947366692046
00bbac68_3723,12239.099942711095
00bbac68_3724,12238.971182065896
00bbac68_3725,12240.208795598024
00bbac68_3726,12240.269428183185
00bbac68_3727,12240.136040495916
00bbac68_3728,12239.78833608566
00bbac68_3729,12240.074234366757
00bbac68_3730,12240.030484366756
00bbac68_3731,12239.888105791479
00bbac68_3732,12239.78909064984
00bbac68_3733,12236.69002040871
00bbac68_3734,12238.496224135903
00bbac68_3735,12241.626179032444
00bbac68_3736,12237.82000637612
00bbac68_3737,12239.488744224622
00bbac68_3738,12237.82000637612
00bbac68_3739,12237.694983885898
00bbac68_3740,12239.900374542867
00bbac68_3741,12240.359311555325
00bbac68_3742,12241.200374347809
00bbac68_3743,12241.15994466031
00bbac68_3744,12238.608963123377
00bbac68_3745,12238.608963123377
00bbac68_3746,12240.72404618185
00bbac68_3747,12240.72404618185
00bbac68_3748,12238.608963123377
00bbac68_3749,12241.188707946088
00bbac68_3750,12240.756610564866
00bbac68_3751,12240.509258799795
00bbac68_3752,12240.446797507468
00bbac68_3753,12240.651385577643
00bbac68_3754,12240.947092959113
00bbac68_3755,12238.480973367303
00bbac68_3756,12240.484879617303
00bbac68_3757,12240.32189081622
00bbac68_3758,12238.579290611222
00bbac68_3759,12238.579290611222
00bbac68_3760,12240.437391060139
00bbac68_3761,12238.570813952745
00bbac68_3762,12238.570813952745
00bbac68_3763,12239.74878973839
00bbac68_3764,12240.775750643696
00bbac68_3765,12238.130256524717
00bbac68_3766,12238.130256524717
00bbac68_3767,12239.726600428517
00bbac68_3768,12240.031037774064
00bbac68_3769,12238.129188275057
00bbac68_3770,12239.957004221778
00bbac68_3771,12234.627175814921
00bbac68_3772,12234.536060737753
00bbac68_3773,12234.536060737753
00bbac68_3774,12237.778145707889
00bbac68_3775,12239.814953043191
00bbac68_3776,12239.441080954015
00bbac68_3777,12237.565609965903
00bbac68_3778,12239.588759370767
00bbac68_3779,12239.590979746956
00bbac68_3780,12239.3938423012
00bbac68_3781,12239.443803674541
00bbac68_3782,12239.593576690704
00bbac68_3783,12239.41144276462
00bbac68_3784,12237.578835042012
00bbac68_3785,12239.42454114789
00bbac68_3786,12239.47141614789
00bbac68_3787,12239.41399427289
00bbac68_3788,12239.47141614789
00bbac68_3789,12239.41399427289
00bbac68_3790,12239.642967656146
00bbac68_3791,12239.630631227941
00bbac68_3792,12239.630631227941
00bbac68_3793,12239.454587532186
00bbac68_3794,12238.696314602234
00bbac68_3795,12237.20679101762
00bbac68_3796,12239.424599062722
00bbac68_3797,12239.633071248143
00bbac68_3798,12239.614321248144
00bbac68_3799,12239.540102498144
00bbac68_3800,12239.66615644168
00bbac68_3801,12237.468588654534
00bbac68_3802,12239.583170960803
00bbac68_3803,12237.053181298657
00bbac68_3804,12237.053181298657
00bbac68_3805,12233.868750251535
00bbac68_3806,12233.858180578703
00bbac68_3807,12233.866890761634
00bbac68_3808,12238.981439650146
00bbac68_3809,12239.1529911584
00bbac68_3810,12239.1529911584
00bbac68_3811,12238.981439650146
00bbac68_3812,12237.031204621255
00bbac68_3813,12239.234226949897
00bbac68_3814,12239.320141328883
00bbac68_3815,12239.392602266384
00bbac68_3816,12239.380498428
00bbac68_3817,12239.416787099459
00bbac68_3818,12237.626307283688
00bbac68_3819,12237.523680803031
00bbac68_3820,12239.370522757534
00bbac68_3821,12239.259111523335
00bbac68_3822,12239.279033398336
00bbac68_3823,12239.39318901184
00bbac68_3824,12239.39318901184
00bbac68_3825,12239.39318901184
00bbac68_3826,12239.292989384334
00bbac68_3827,12239.292989384334
00bbac68_3828,12239.246114384334
00bbac68_3829,12241.220696757227
00bbac68_3830,12241.669329569728
00bbac68_3831,12241.731465946834
00bbac68_3832,12241.543744605478
00bbac68_3833,12241.492572730478
00bbac68_3834,12241.275622496292
00bbac68_3835,12241.230848406773
00bbac68_3836,12241.12396534896
00bbac68_3837,12241.249764144866
00bbac68_3838,12239.204763823143
00bbac68_3839,12241.071368366522
00bbac68_3840,12241.113751179022
00bbac68_3841,12241.121329739863
00bbac68_3842,12240.907107573144
00bbac68_3843,12241.113751179022
00bbac68_3844,12239.204763823143
00bbac68_3845,12241.083762709559
00bbac68_3846,12241.23954997493
00bbac68_3847,12241.909081192733
00bbac68_3848,12241.249099760644
00bbac68_3849,12241.071368366522
00bbac68_3850,12241.309686352037
00bbac68_3851,12239.204763823143
00bbac68_3852,12239.193623439785
00bbac68_3853,12241.110189356506
00bbac68_3854,12239.193623439785
00bbac68_3855,12239.193623439785
00bbac68_3856,12241.345420968679
00bbac68_3857,12241.102610795666
00bbac68_3858,12241.179231113454
00bbac68_3859,12241.053800320147
00bbac68_3860,12241.798136121877
00bbac68_3861,12241.203059238454
00bbac68_3862,12241.043876580216
00bbac68_3863,12241.203059238454
00bbac68_3864,12241.922933029073
00bbac68_3865,12241.25838839032
00bbac68_3866,12240.485388075624
00bbac68_3867,12241.053800320147
00bbac68_3868,12241.203059238454
00bbac68_3869,12240.981775536327
00bbac68_3870,12241.044179184362
00bbac68_3871,12241.007395621862
00bbac68_3872,12241.007395621862
00bbac68_3873,12240.253396735447
00bbac68_3874,12241.071576361153
00bbac68_3875,12240.739379700755
00bbac68_3876,12240.781762513256
00bbac68_3877,12238.816696810158
00bbac68_3878,12238.858650550203
00bbac68_3879,12241.975834476394
00bbac68_3880,12241.618122251306
00bbac68_3881,12241.829264336657
00bbac68_3882,12241.816510788269
00bbac68_3883,12241.11574654227
00bbac68_3884,12239.14106536259
00bbac68_3885,12239.130661871346
00bbac68_3886,12239.098044683848
00bbac68_3887,12241.223638140727
00bbac68_3888,12241.216757073278
00bbac68_3889,12242.055685711242
00bbac68_3890,12241.318433771528
00bbac68_3891,12241.286895187204
00bbac68_3892,12240.875651850249
00bbac68_3893,12241.140476523944
00bbac68_3894,12240.637526309658
00bbac68_3895,12241.058842292898
00bbac68_3896,12241.061851259206
00bbac68_3897,12241.696417754054
00bbac68_3898,12241.3198320671
00bbac68_3899,12240.18778032251
00bbac68_3900,12239.008849078022
00bbac68_3901,12240.675360748286
00bbac68_3902,12240.647526143488
00bbac68_3903,12241.268627673793
00bbac68_3904,12241.168912632469
00bbac68_3905,12238.749065300464
00bbac68_3906,12240.79185145225
00bbac68_3907,12240.817876099129
00bbac68_3908,12240.658693440892
00bbac68_3909,12240.160368710367
00bbac68_3910,12239.812574042191
00bbac68_3911,12240.709390977578
00bbac68_3912,12240.709390977578
00bbac68_3913,12240.764720129448
00bbac68_3914,12240.708805040078
00bbac68_3915,12241.31331675948
00bbac68_3916,12240.335300829902
00bbac68_3917,12240.699802039282
00bbac68_3918,12240.675973914282
00bbac68_3919,12241.281686844497
00bbac68_3920,12241.029921251695
00bbac68_3921,12240.660585314194
00bbac68_3922,12240.187862469607
00bbac68_3923,12240.258610648336
00bbac68_3924,12240.772530592278
00bbac68_3925,12240.970879737137
00bbac68_3926,12241.21492008722
00bbac68_3927,12240.58886435504
00bbac68_3928,12240.159827821812
00bbac68_3929,12240.205291157657
00bbac68_3930,12240.316850588682
00bbac68_3931,12238.546078203253
00bbac68_3932,12240.331509333653
00bbac68_3933,12240.188521395135
00bbac68_3934,12240.230904207634
00bbac68_3935,12238.267896138746
00bbac68_3936,12240.31068229053
00bbac68_3937,12240.473642026423
00bbac68_3938,12240.765837306728
00bbac68_3939,12238.061519937139
00bbac68_3940,12240.37405507434
00bbac68_3941,12238.02236017065
00bbac68_3942,12234.802438295648
00bbac68_3943,12234.793770105174
00bbac68_3944,12235.322364829242
00bbac68_3945,12239.483212545078
00bbac68_3946,12237.54005704558
00bbac68_3947,12239.575332662804
00bbac68_3948,12237.509534515708
00bbac68_3949,12239.188491953813
00bbac68_3950,12239.299854256542
00bbac68_3951,12237.317944743607
00bbac68_3952,12237.317944743607
00bbac68_3953,12237.317944743607
00bbac68_3954,12237.385688149096
00bbac68_3955,12237.385688149096
00bbac68_3956,12237.271912813518
00bbac68_3957,12237.290415003621
00bbac68_3958,12238.940948184678
00bbac68_3959,12239.575433917309
00bbac68_3960,12240.196535447612
00bbac68_3961,12240.236965135113
00bbac68_3962,12239.94476985481
00bbac68_3963,12238.980596622177
00bbac68_3964,12239.199468639048
00bbac68_3965,12239.018804576548
00bbac68_3966,12238.949627958022
00bbac68_3967,12238.782264758871
00bbac68_3968,12237.241636369023
00bbac68_3969,12238.923326138682
00bbac68_3970,12238.93130173888
00bbac68_3971,12238.812125285047
00bbac68_3972,12238.854508097547
00bbac68_3973,12237.193640503327
00bbac68_3974,12238.97824133408
00bbac68_3975,12239.02511633408
00bbac68_3976,12239.084352183807
00bbac68_3977,12238.96769445908
00bbac68_3978,12238.790872710175
00bbac68_3979,12238.797831136213
00bbac68_3980,12237.169033418651
00bbac68_3981,12238.971536772675
00bbac68_3982,12237.404606267393
00bbac68_3983,12237.611744622372
00bbac68_3984,12237.611744622372
00bbac68_3985,12239.403701101395
00bbac68_3986,12239.427410701212
00bbac68_3987,12239.454363826211
00bbac68_3988,12239.407488826211
00bbac68_3989,12239.30585417752
00bbac68_3990,12239.447489937324
00bbac68_3991,12239.59456456483
00bbac68_3992,12239.52210362733
00bbac68_3993,12239.52210362733
00bbac68_3994,12239.504158777789
00bbac68_3995,12237.986450946963
00bbac68_3996,12235.20047746548
00bbac68_3997,12237.602932390999
00bbac68_3998,12239.363834182524
00bbac68_3999,12239.130624738256
00bbac68_4000,12239.169653040954
00bbac68_4001,12239.130624738256
00bbac68_4002,12239.358163800756
00bbac68_4003,12237.498787473
00bbac68_4004,12237.489883678125
00bbac68_4005,12237.489883678125
00bbac68_4006,12239.003601322906
00bbac68_4007,12239.052122213117
00bbac68_4008,12239.025241125471
00bbac68_4009,12237.403401833948
00bbac68_4010,12237.403401833948
00bbac68_4011,12237.403401833948
00bbac68_4012,12237.403401833948
00bbac68_4013,12239.319134161562
00bbac68_4014,12239.466812517809
00bbac68_4015,12239.426326668081
00bbac68_4016,12237.433798006288
00bbac68_4017,12239.283176360312
00bbac68_4018,12237.425075154239
00bbac68_4019,12239.38299331183
00bbac68_4020,12239.24570444773
00bbac68_4021,12239.354493510229
00bbac68_4022,12239.292713424606
00bbac68_4023,12239.17911701665
00bbac68_4024,12239.194535501128
00bbac68_4025,12237.06335215371
00bbac68_4026,12237.06335215371
00bbac68_4027,12238.73427471413
00bbac68_4028,12238.753246256154
00bbac68_4029,12238.780199381154
00bbac68_4030,12236.930213569018
00bbac68_4031,12239.483597845048
00bbac68_4032,12238.434058396368
00bbac68_4033,12238.522611024579
00bbac68_4034,12238.49214227458
00bbac68_4035,12236.699578337444
00bbac68_4036,12238.526486770272
00bbac68_4037,12238.547154626453
00bbac68_4038,12238.493218357604
00bbac68_4039,12238.451048435318
00bbac68_4040,12238.451048435318
00bbac68_4041,12236.870771607968
00bbac68_4042,12238.75447101556
00bbac68_4043,12234.471463203061
00bbac68_4044,12239.283241489205
00bbac68_4045,12236.872198331614
00bbac68_4046,12238.72552836453
00bbac68_4047,12238.880335709986
00bbac68_4048,12239.333460709986
00bbac68_4049,12234.357482200907
00bbac68_4050,12236.59559732213
00bbac68_4051,12238.410912764788
00bbac68_4052,12238.29575952738
00bbac68_4053,12236.445773715244
00bbac68_4054,12238.233266840467
00bbac68_4055,12238.351355832303
00bbac68_4056,12238.15417620799
00bbac68_4057,12238.15241839549
00bbac68_4058,12238.11452158325
00bbac68_4059,12238.338667509288
00bbac68_4060,12238.226603482237
00bbac68_4061,12238.37409189575
00bbac68_4062,12238.667180491208
00bbac68_4063,12238.430338374648
00bbac68_4064,12238.46080712465
00bbac68_4065,12238.521473845103
00bbac68_4066,12238.503219946844
00bbac68_4067,12238.536705922046
00bbac68_4068,12238.560972047046
00bbac68_4069,12238.607847047046
00bbac68_4070,12238.617053300255
00bbac68_4071,12238.733711024983
00bbac68_4072,12238.674475175256
00bbac68_4073,12238.627600175256
00bbac68_4074,12238.599688486176
00bbac68_4075,12239.12501320701
00bbac68_4076,12239.12501320701
00bbac68_4077,12239.132731025586
00bbac68_4078,12239.293328870024
00bbac68_4079,12237.67737692825
00bbac68_4080,12239.378248627763
00bbac68_4081,12239.380006440264
00bbac68_4082,12237.769068940263
00bbac68_4083,12239.805984130548
00bbac68_4084,12239.280984130548
00bbac68_4085,12239.18809084759
00bbac68_4086,12237.409006994061
00bbac68_4087,12239.198637722591
00bbac68_4088,12239.00825065452
00bbac68_4089,12239.016930427864
00bbac68_4090,12239.016930427864
00bbac68_4091,12237.409006994061
00bbac68_4092,12239.054178519566
00bbac68_4093,12239.195814279368
00bbac68_4094,12239.242689279368
00bbac68_4095,12239.015150216868
00bbac68_4096,12239.573729844053
00bbac68_4097,12239.180490813495
00bbac68_4098,12239.016690069997
00bbac68_4099,12239.017733302222
00bbac68_4100,12239.05676160492
00bbac68_4101,12239.334708955834
00bbac68_4102,12239.180282732686
00bbac68_4103,12238.858859520895
00bbac68_4104,12238.8572466955
00bbac68_4105,12239.452425305652
00bbac68_4106,12237.408089368151
00bbac68_4107,12239.009885130088
00bbac68_4108,12239.326860783698
00bbac68_4109,12239.819504873054
00bbac68_4110,12239.43893529592
00bbac68_4111,12238.746857136948
00bbac68_4112,12239.265603747097
00bbac68_4113,12238.366909511948
00bbac68_4114,12238.525657891563
00bbac68_4115,12237.0356388041
00bbac68_4116,12238.804936798675
00bbac68_4117,12238.436839807538
00bbac68_4118,12238.484940662787
00bbac68_4119,12238.516789439007
00bbac68_4120,12238.447501439565
00bbac68_4121,12240.22306607245
00bbac68_4122,12236.765892058382
00bbac68_4123,12238.407429904642
00bbac68_4124,12238.447501439565
00bbac68_4125,12236.765892058382
00bbac68_4126,12238.501583220643
00bbac68_4127,12236.819973839458
00bbac68_4128,12238.084622276958
00bbac68_4129,12238.757159887535
00bbac68_4130,12236.882943349334
00bbac68_4131,12238.37514160343
00bbac68_4132,12238.56455273052
00bbac68_4133,12238.610777277501
00bbac68_4134,12238.383238215001
00bbac68_4135,12236.567117034316
00bbac68_4136,12236.567117034316
00bbac68_4137,12238.330076864071
00bbac68_4138,12236.550567919958
00bbac68_4139,12238.533399027187
00bbac68_4140,12236.753890083073
00bbac68_4141,12239.405354608994
00bbac68_4142,12240.092539886135
00bbac68_4143,12238.31424215876
00bbac68_4144,12237.97732809626
00bbac68_4145,12238.064434469103
00bbac68_4146,12238.060927811537
00bbac68_4147,12238.02189950884
00bbac68_4148,12238.020856276615
00bbac68_4149,12237.93852217016
00bbac68_4150,12238.020856276615
00bbac68_4151,12238.060927811537
00bbac68_4152,12236.062144478972
00bbac68_4153,12237.974249986068
00bbac68_4154,12237.81242994504
00bbac68_4155,12237.894271754256
00bbac68_4156,12238.016026942616
00bbac68_4157,12238.03933638646
00bbac68_4158,12238.008867636461
00bbac68_4159,12237.889419689034
00bbac68_4160,12237.888376456809
00bbac68_4161,12235.929664659167
00bbac68_4162,12237.847801076392
00bbac68_4163,12237.801860789139
00bbac68_4164,12236.439397635539
00bbac68_4165,12236.258733573039
00bbac68_4166,12236.443402598363
00bbac68_4167,12236.439397635539
00bbac68_4168,12236.52675848527
00bbac68_4169,12236.538688448909
00bbac68_4170,12234.344944102997
00bbac68_4171,12234.149571553977
00bbac68_4172,12234.149571553977
00bbac68_4173,12236.129038862025
00bbac68_4174,12236.382432325883
00bbac68_4175,12236.335557325883
00bbac68_4176,12236.335557325883
00bbac68_4177,12236.441668175612
00bbac68_4178,12236.41614592134
00bbac68_4179,12234.643375512496
00bbac68_4180,12236.796315737502
00bbac68_4181,12236.728869241775
00bbac68_4182,12236.796315737502
00bbac68_4183,12237.897878237502
00bbac68_4184,12235.16682355
00bbac68_4185,12236.737547807252
00bbac68_4186,12236.852442250703
00bbac68_4187,12236.803745754978
00bbac68_4188,12236.803745754978
00bbac68_4189,12236.784995754977
00bbac68_4190,12234.699502025702
00bbac68_4191,12236.5556846592
00bbac68_4192,12236.5556846592
00bbac68_4193,12234.537629904653
00bbac68_4194,12236.616351379656
00bbac68_4195,12236.641873633931
00bbac68_4196,12236.58785571378
00bbac68_4197,12236.36031665128
00bbac68_4198,12234.542847834235
00bbac68_4199,12234.864599512704
00bbac68_4200,12237.01753973771
00bbac68_4201,12237.37203192521
00bbac68_4202,12237.053867862709
00bbac68_4203,12236.952027258772
00bbac68_4204,12236.852028487661
00bbac68_4205,12236.86257536266
00bbac68_4206,12237.022350766725
00bbac68_4207,12236.946259220133
00bbac68_4208,12236.606723390552
00bbac68_4209,12236.680942140552
00bbac68_4210,12234.532876390322
00bbac68_4211,12234.535503433635
00bbac68_4212,12234.527012945342
00bbac68_4213,12235.061413171397
00bbac68_4214,12234.617943779853
00bbac68_4215,12234.617943779853
00bbac68_4216,12234.681128765464
00bbac68_4217,12236.5883617157
00bbac68_4218,12236.531167257504
00bbac68_4219,12236.562586681144
00bbac68_4220,12236.963487776604
00bbac68_4221,12236.963487776604
00bbac68_4222,12237.062315901603
00bbac68_4223,12237.071401588262
00bbac68_4224,12237.031257299046
00bbac68_4225,12237.078913549047
00bbac68_4226,12237.078913549047
00bbac68_4227,12236.980085424046
00bbac68_4228,12236.978327611547
00bbac68_4229,12237.078913549047
00bbac68_4230,12236.97098120359
00bbac68_4231,12234.934653097387
00bbac68_4232,12238.520062558673
00bbac68_4233,12236.849985480458
00bbac68_4234,12236.926880816147
00bbac68_4235,12237.010764223618
00bbac68_4236,12237.059460719345
00bbac68_4237,12236.992014223619
00bbac68_4238,12236.958874781845
00bbac68_4239,12236.958874781845
00bbac68_4240,12236.92457524889
00bbac68_4241,12236.989992849652
00bbac68_4242,12236.961025436718
00bbac68_4243,12236.863117711988
00bbac68_4244,12236.980815682444
00bbac68_4245,12236.934628535932
00bbac68_4246,12236.966010165204
00bbac68_4247,12236.878649315477
00bbac68_4248,12236.88294317791
00bbac68_4249,12234.877968814877
00bbac68_4250,12236.859305434562
00bbac68_4251,12236.97700340502
00bbac68_4252,12236.925831530021
00bbac68_4253,12236.931567965748
00bbac68_4254,12237.35852109075
00bbac68_4255,12236.98169959502
00bbac68_4256,12237.03611544861
00bbac68_4257,12236.752963306159
00bbac68_4258,12236.572299243659
00bbac68_4259,12236.752963306159
00bbac68_4260,12236.799838306159
00bbac68_4261,12236.772885181159
00bbac68_4262,12236.772885181159
00bbac68_4263,12236.753613759178
00bbac68_4264,12236.752963306159
00bbac68_4265,12236.808942526615
00bbac68_4266,12236.85907415589
00bbac68_4267,12236.514030213151
00bbac68_4268,12236.309648021746
00bbac68_4269,12236.63551689906
00bbac68_4270,12236.517767000027
00bbac68_4271,12236.517767000027
00bbac68_4272,12236.397596700614
00bbac68_4273,12236.320262320996
00bbac68_4274,12236.320262320996
00bbac68_4275,12236.464453083698
00bbac68_4276,12236.850673523511
00bbac68_4277,12238.643296023507
00bbac68_4278,12238.602866336008
00bbac68_4279,12236.850673523511
00bbac68_4280,12236.86675310645
00bbac68_4281,12237.00256313293
00bbac68_4282,12237.070009628656
00bbac68_4283,12237.00256313293
00bbac68_4284,12234.711323367172
00bbac68_4285,12234.642576157295
00bbac68_4286,12236.612702257138
00bbac68_4287,12236.51897389724
00bbac68_4288,12236.7258801085
00bbac68_4289,12236.718921682463
00bbac68_4290,12234.553420616112
00bbac68_4291,12236.85266082461
00bbac68_4292,12236.920107320337
00bbac68_4293,12234.561421058854
00bbac68_4294,12234.561421058854
00bbac68_4295,12236.7659504279
00bbac68_4296,12234.565981634927
00bbac68_4297,12234.565981634927
00bbac68_4298,12236.589196488456
00bbac68_4299,12236.736167389923
00bbac68_4300,12234.57303279976
00bbac68_4301,12236.680833799344
00bbac68_4302,12236.285323107419
00bbac68_4303,12237.57485138949
00bbac68_4304,12236.785523270715
00bbac68_4305,12234.820577447697
00bbac68_4306,12235.643326209181
00bbac68_4307,12237.111817213456
00bbac68_4308,12237.94654945908
00bbac68_4309,12237.839741914902
00bbac68_4310,12234.822939579786
00bbac68_4311,12233.292076620564
00bbac68_4312,12236.547828454535
00bbac68_4313,12234.771862306023
00bbac68_4314,12237.066852130836
00bbac68_4315,12236.93525674094
00bbac68_4316,12236.98659803958
00bbac68_4317,12236.933313305159
00bbac68_4318,12236.854244747738
00bbac68_4319,12237.872281493102
00bbac68_4320,12234.767812238808
00bbac68_4321,12236.906106250348
00bbac68_4322,12236.899147824308
00bbac68_4323,12236.984400673988
00bbac68_4324,12236.851940406677
00bbac68_4325,12236.832018531677
00bbac68_4326,12236.832018531677
00bbac68_4327,12236.986825877135
00bbac68_4328,12236.800599108039
00bbac68_4329,12236.793640682
00bbac68_4330,12236.882227393467
00bbac68_4331,12236.824805518467
00bbac68_4332,12236.72176700032
00bbac68_4333,12236.73231387532
00bbac68_4334,12236.73231387532
00bbac68_4335,12236.89019407792
00bbac68_4336,12236.89019407792
00bbac68_4337,12236.841497582192
00bbac68_4338,12236.735386732464
00bbac68_4339,12236.735386732464
00bbac68_4340,12236.782261732464
00bbac68_4341,12237.081240995878
00bbac68_4342,12237.091201933377
00bbac68_4343,12234.792582415756
00bbac68_4344,12237.091201933377
00bbac68_4345,12234.792582415756
00bbac68_4346,12236.982412870877
00bbac68_4347,12237.081240995878
00bbac68_4348,12237.128785718625
00bbac68_4349,12236.990423668634
00bbac68_4350,12237.326333070723
00bbac68_4351,12234.912270570723
00bbac68_4352,12236.913810292945
00bbac68_4353,12236.932560292946
00bbac68_4354,12237.326333070723
00bbac68_4355,12236.932560292946
00bbac68_4356,12236.826449443215
00bbac68_4357,12236.815902568214
00bbac68_4358,12236.998208070723
00bbac68_4359,12236.999452554739
00bbac68_4360,12236.941943790489
00bbac68_4361,12236.615445871863
00bbac68_4362,12236.587614897184
00bbac68_4363,12236.79775137437
00bbac68_4364,12236.678280565868
00bbac68_4365,12236.727738243026
00bbac68_4366,12234.75597284931
00bbac68_4367,12236.591201553882
00bbac68_4368,12236.633584366382
00bbac68_4369,12236.801338031068
00bbac68_4370,12236.61903252856
00bbac68_4371,12236.59025518441
00bbac68_4372,12236.583296758374
00bbac68_4373,12236.793433235558
00bbac68_4374,12236.673038189923
00bbac68_4375,12236.673038189923
00bbac68_4376,12236.836503152283
00bbac68_4377,12234.422440652283
00bbac68_4378,12236.518339089784
00bbac68_4379,12237.194901589783
00bbac68_4380,12236.484335561214
00bbac68_4381,12236.201243113193
00bbac68_4382,12236.221164988194
00bbac68_4383,12236.201243113193
00bbac68_4384,12236.205248076014
00bbac68_4385,12236.248118113193
00bbac68_4386,12236.162865263515
00bbac68_4387,12236.179125842533
00bbac68_4388,12236.199047717531
00bbac68_4389,12236.138396681028
00bbac68_4390,12234.203730620738
00bbac68_4391,12235.847089995737
00bbac68_4392,12237.77065400066
00bbac68_4393,12234.186301933867
00bbac68_4394,12236.127926420198
00bbac68_4395,12235.978681781338
00bbac68_4396,12236.054272087087
00bbac68_4397,12236.507691053963
00bbac68_4398,12236.823163787218
00bbac68_4399,12236.898539058824
00bbac68_4400,12236.950294787644
00bbac68_4401,12236.975149042744
00bbac68_4402,12237.157454545253
00bbac68_4403,12234.99135967061
00bbac68_4404,12237.203783253422
00bbac68_4405,12237.144547403694
00bbac68_4406,12237.066252980054
00bbac68_4407,12237.866626281671
00bbac68_4408,12237.08940121267
00bbac68_4409,12237.080426677872
00bbac68_4410,12238.364029064009
00bbac68_4411,12237.037971041409
00bbac68_4412,12237.037363583298
00bbac68_4413,12237.828286088221
00bbac68_4414,12239.009114826127
00bbac68_4415,12239.207730456008
00bbac68_4416,12239.400503893508
00bbac68_4417,12239.309097643509
00bbac68_4418,12235.877284639215
00bbac68_4419,12239.268667956008
00bbac68_4420,12239.268667956008
00bbac68_4421,12239.382339831009
00bbac68_4422,12238.283121081009
00bbac68_4423,12239.078530261051
00bbac68_4424,12239.457495196159
00bbac68_4425,12239.309097643509
00bbac68_4426,12239.237819979819
00bbac68_4427,12239.268667956008
00bbac68_4428,12239.17306151105
00bbac68_4429,12239.244069979817
00bbac68_4430,12239.457495196159
00bbac68_4431,12238.598316538635
00bbac68_4432,12238.650886054216
00bbac68_4433,12238.806128008659
00bbac68_4434,12238.815556732377
00bbac68_4435,12238.741034875893
00bbac68_4436,12238.373652063394
00bbac68_4437,12233.953438229604
00bbac68_4438,12236.571840685003
00bbac68_4439,12238.554706750892
00bbac68_4440,12238.893769250893
00bbac68_4441,12235.833674851476
00bbac68_4442,12235.816110372078
00bbac68_4443,12235.792069173061
00bbac68_4444,12238.712174419554
00bbac68_4445,12238.523154579032
00bbac68_4446,12235.824190070543
00bbac68_4447,12235.824190070543
00bbac68_4448,12239.189792137335
00bbac68_4449,12239.250729637335
00bbac68_4450,12239.33905384328
00bbac68_4451,12238.25096790578
00bbac68_4452,12239.479486875352
00bbac68_4453,12238.399945388746
00bbac68_4454,12237.621192288003
00bbac68_4455,12238.755651861376
00bbac68_4456,12239.466605410693
00bbac68_4457,12239.435757434501
00bbac68_4458,12239.276467715734
00bbac68_4459,12239.507035098193
00bbac68_4460,12239.47494428182
00bbac68_4461,12239.403666618127
00bbac68_4462,12239.434514594319
00bbac68_4463,12239.434514594319
00bbac68_4464,12239.298633519516
00bbac68_4465,12239.392007099992
00bbac68_4466,12239.392007099992
00bbac68_4467,12238.651794344627
00bbac68_4468,12238.651794344627
00bbac68_4469,12238.914489657127
00bbac68_4470,12237.611866793282
00bbac68_4471,12237.58786313315
00bbac68_4472,12238.48501572193
00bbac68_4473,12238.153049695346
00bbac68_4474,12238.158213101578
00bbac68_4475,12237.936417785439
00bbac68_4476,12238.100870910439
00bbac68_4477,12238.024212490374
00bbac68_4478,12235.422402033735
00bbac68_4479,12237.538901732452
00bbac68_4480,12233.866431199776
00bbac68_4481,12235.401543479062
00bbac68_4482,12237.723472044952
00bbac68_4483,12237.570737669952
00bbac68_4484,12237.203354857453
00bbac68_4485,12236.42460175671
00bbac68_4486,12233.866431199776
00bbac68_4487,12233.66505824384
00bbac68_4488,12232.904281541925
00bbac68_4489,12233.574285837074
00bbac68_4490,12235.83669077438
00bbac68_4491,12237.358799420048
00bbac68_4492,12237.785947857548
00bbac68_4493,12237.621494732548
00bbac68_4494,12237.758686324436
00bbac68_4495,12234.723772067151
00bbac68_4496,12237.203427447832
00bbac68_4497,12237.695621332517
00bbac68_4498,12237.268472895019
00bbac68_4499,12235.39373453222
00bbac68_4500,12235.350405610301
00bbac68_4501,12235.144389137786
00bbac68_4502,12235.227018905593
00bbac68_4503,12235.499449390012
00bbac68_4504,12235.160386890013
00bbac68_4505,12235.85407056531
00bbac68_4506,12235.85407056531
00bbac68_4507,12235.271550155594
00bbac68_4508,12235.32453389114
00bbac68_4509,12235.209791320167
00bbac68_4510,12232.77827694796
00bbac68_4511,12233.037606458569
00bbac68_4512,12235.748534079912
00bbac68_4513,12235.38259759788
00bbac68_4514,12235.359046146585
00bbac68_4515,12235.837430139478
00bbac68_4516,12235.181570764478
00bbac68_4517,12232.865173447408
00bbac68_4518,12235.342583612804
00bbac68_4519,12235.966689267192
00bbac68_4520,12234.467956000644
00bbac68_4521,12234.451202938577
00bbac68_4522,12235.33570981425
00bbac68_4523,12235.862272314249
00bbac68_4524,12232.760756494463
00bbac68_4525,12235.97594418925
00bbac68_4526,12234.800574796132
00bbac68_4527,12234.870275899537
00bbac68_4528,12235.747033712036
00bbac68_4529,12232.645517892252
00bbac68_4530,12234.561830261617
00bbac68_4531,12234.815541199116
00bbac68_4532,12234.815541199116
00bbac68_4533,12234.534877136615
00bbac68_4534,12232.606212879331
00bbac68_4535,12235.691390322318
00bbac68_4536,12235.61705926075
00bbac68_4537,12235.097695021788
00bbac68_4538,12235.624257521788
00bbac68_4539,12235.563320021789
00bbac68_4540,12234.747499709289
00bbac68_4541,12234.747499709289
00bbac68_4542,12235.579744171404
00bbac68_4543,12235.620173858904
00bbac68_4544,12233.395025226619
00bbac68_4545,12234.168674795732
00bbac68_4546,12235.541663264125
00bbac68_4547,12235.277227024206
00bbac68_4548,12235.310961832707
00bbac68_4549,12234.776278424595
00bbac68_4550,12234.156430603034
00bbac68_4551,12232.135290883161
00bbac68_4552,12233.778276389774
00bbac68_4553,12234.191250401524
00bbac68_4554,12233.78413152421
00bbac68_4555,12233.031077730744
00bbac68_4556,12231.679395517096
00bbac68_4557,12233.608059774382
00bbac68_4558,12234.808172869993
00bbac68_4559,12234.808172869993
00bbac68_4560,12233.888723836882
00bbac68_4561,12233.746602003019
00bbac68_4562,12234.206607188878
00bbac68_4563,12231.497171544306
00bbac68_4564,12232.580068696807
00bbac68_4565,12232.69328303551
00bbac68_4566,12231.449108267898
00bbac68_4567,12232.596649388735
00bbac68_4568,12231.400537897527
00bbac68_4569,12233.247947037318
00bbac68_4570,12233.088768732112
00bbac68_4571,12230.973820598185
00bbac68_4572,12232.1152436048
00bbac68_4573,12232.43428175899
00bbac68_4574,12232.453422383991
00bbac68_4575,12232.43428175899
00bbac68_4576,12232.43428175899
00bbac68_4577,12232.634315606581
00bbac68_4578,12232.940530255071
00bbac68_4579,12234.616800158154
00bbac68_4580,12234.512225753764
00bbac68_4581,12232.59227131096
00bbac68_4582,12232.693724027191
00bbac68_4583,12232.641311505071
00bbac68_4584,12232.923147442572
00bbac68_4585,12232.622170880071
00bbac68_4586,12232.590025898167
00bbac68_4587,12231.415747362938
00bbac68_4588,12232.624449864436
00bbac68_4589,12233.597205583053
00bbac68_4590,12234.484520671318
00bbac68_4591,12231.323077761623
00bbac68_4592,12231.323077761623
00bbac68_4593,12232.5712747437
00bbac68_4594,12233.286515976257
00bbac68_4595,12232.574286659694
00bbac68_4596,12232.49119332914
00bbac68_4597,12233.281093674854
00bbac68_4598,12231.278830452658
00bbac68_4599,12234.39580041264
00bbac68_4600,12232.505745538949
00bbac68_4601,12232.505745538949
00bbac68_4602,12231.247525657334
00bbac68_4603,12232.591025070084
00bbac68_4604,12232.682580953446
00bbac68_4605,12231.424361071831
00bbac68_4606,12233.091919092749
00bbac68_4607,12233.683813995829
00bbac68_4608,12234.59369271644
00bbac68_4609,12234.652284693135
00bbac68_4610,12234.564351769151
00bbac68_4611,12234.66571895665
00bbac68_4612,12234.73896114415
00bbac68_4613,12232.734685193527
00bbac68_4614,12232.802883830842
00bbac68_4615,12232.789208207167
00bbac68_4616,12232.789208207167
00bbac68_4617,12233.081066000017
00bbac68_4618,12233.401022168708
00bbac68_4619,12234.54080791368
00bbac68_4620,12233.603698538678
00bbac68_4621,12233.603698538678
00bbac68_4622,12234.54080791368
00bbac68_4623,12234.581237601178
00bbac68_4624,12233.603698538678
00bbac68_4625,12233.81152135526
00bbac68_4626,12233.81152135526
00bbac68_4627,12234.129891131026
00bbac68_4628,12234.676408645548
00bbac68_4629,12234.107463333046
00bbac68_4630,12234.683691469356
00bbac68_4631,12234.69436569708
00bbac68_4632,12234.529912572081
00bbac68_4633,12233.128202682778
00bbac68_4634,12233.128202682778
00bbac68_4635,12233.594171830257
00bbac68_4636,12233.594171830257
00bbac68_4637,12231.482257767755
00bbac68_4638,12234.77924755245
00bbac68_4639,12234.586474114949
00bbac68_4640,12234.744500843599
00bbac68_4641,12234.762664906099
00bbac68_4642,12234.58816862671
00bbac68_4643,12234.671258656099
00bbac68_4644,12232.773568112407
00bbac68_4645,12233.105553605054
00bbac68_4646,12233.105553605054
00bbac68_4647,12232.784561341165
00bbac68_4648,12232.820648868776
00bbac68_4649,12233.786883699202
00bbac68_4650,12231.512755877771
00bbac68_4651,12233.707971219974
00bbac68_4652,12233.060095764547
00bbac68_4653,12232.956598936984
00bbac68_4654,12233.49117610704
00bbac68_4655,12231.373504846164
00bbac68_4656,12233.55740869336
00bbac68_4657,12234.8366568516
00bbac68_4658,12234.722984976599
00bbac68_4659,12231.395003432142
00bbac68_4660,12231.346924670517
00bbac68_4661,12233.485172298224
00bbac68_4662,12232.944954909644
00bbac68_4663,12232.07512819259
00bbac68_4664,12233.454369341489
00bbac68_4665,12233.623971765734
00bbac68_4666,12232.801177286168
00bbac68_4667,12233.748271491593
00bbac68_4668,12234.57136444063
00bbac68_4669,12233.519791539864
00bbac68_4670,12232.860514631258
00bbac68_4671,12232.984957498427
00bbac68_4672,12232.199019998428
00bbac68_4673,12233.523563017567
00bbac68_4674,12233.523563017567
00bbac68_4675,12233.523563017567
00bbac68_4676,12232.84173859432
00bbac68_4677,12232.516642083752
00bbac68_4678,12231.998147809065
00bbac68_4679,12232.316507184065
00bbac68_4680,12231.918575130563
00bbac68_4681,12230.889729014212
00bbac68_4682,12230.827596966594
00bbac68_4683,12232.017793796886
00bbac68_4684,12232.013106296887
00bbac68_4685,12232.986829019468
00bbac68_4686,12231.802556923361
00bbac68_4687,12231.821697548363
00bbac68_4688,12232.75263555328
00bbac68_4689,12233.692196136366
00bbac68_4690,12233.829387728254
00bbac68_4691,12232.75263555328
00bbac68_4692,12232.617013520456
00bbac68_4693,12232.123971447863
00bbac68_4694,12231.814205822864
00bbac68_4695,12230.207368440839
00bbac68_4696,12231.830820414685
00bbac68_4697,12231.512461039685
00bbac68_4698,12231.830820414685
00bbac68_4699,12233.562648232897
00bbac68_4700,12233.603077920397
00bbac68_4701,12231.516860835343
00bbac68_4702,12231.536001460343
00bbac68_4703,12232.077085594052
00bbac68_4704,12232.997402909707
00bbac68_4705,12232.997402909707
00bbac68_4706,12232.743229361959
00bbac68_4707,12233.210936685184
00bbac68_4708,12233.059764810183
00bbac68_4709,12234.343548235156
00bbac68_4710,12232.545519677149
00bbac68_4711,12232.246300927149
00bbac68_4712,12233.625599857814
00bbac68_4713,12233.638950398516
00bbac68_4714,12233.776141990405
00bbac68_4715,12232.078328567553
00bbac68_4716,12231.678824594968
00bbac68_4717,12231.217640736384
00bbac68_4718,12231.172625034995
00bbac68_4719,12231.314600063553
00bbac68_4720,12230.39058596624
00bbac68_4721,12230.522146100238
00bbac68_4722,12231.086508296665
00bbac68_4723,12231.094756444812
00bbac68_4724,12229.64340142392
00bbac68_4725,12230.149731914922
00bbac68_4726,12229.997089018994
00bbac68_4727,12230.687542599419
00bbac68_4728,12231.703357274393
00bbac68_4729,12231.78246447442
00bbac68_4730,12230.705979611668
00bbac68_4731,12230.872581174168
00bbac68_4732,12230.879234703005
00bbac68_4733,12232.00449137586
00bbac68_4734,12230.560012489921
00bbac68_4735,12230.560012489921
00bbac68_4736,12232.03533935205
00bbac68_4737,12230.561883596652
00bbac68_4738,12230.268133596654
00bbac68_4739,12230.561883596652
00bbac68_4740,12230.963754584485
00bbac68_4741,12229.193728325557
00bbac68_4742,12231.467856146986
00bbac68_4743,12231.467856146986
00bbac68_4744,12231.519223878078
00bbac68_4745,12231.519223878078
00bbac68_4746,12229.4511011855
00bbac68_4747,12231.605111819426
00bbac68_4748,12231.725229006926
00bbac68_4749,12232.704844553036
00bbac68_4750,12232.723014253066
00bbac68_4751,12229.649468106854
00bbac68_4752,12231.136544678626
00bbac68_4753,12231.6622100938
00bbac68_4754,12231.497158403601
00bbac68_4755,12231.638569582046
00bbac68_4756,12232.847938944516
00bbac68_4757,12232.908876444517
00bbac68_4758,12231.935639894547
00bbac68_4759,12229.343543323117
00bbac68_4760,12231.1074400264
00bbac68_4761,12231.124822838901
00bbac68_4762,12229.305015785398
00bbac68_4763,12230.849432213901
00bbac68_4764,12230.849432213901
00bbac68_4765,12231.2898745291
00bbac68_4766,12230.904441591536
00bbac68_4767,12230.912471351152
00bbac68_4768,12230.844272713837
00bbac68_4769,12230.912471351152
00bbac68_4770,12231.119663338837
00bbac68_4771,12231.581374063473
00bbac68_4772,12230.851662670546
00bbac68_4773,12230.849029781659
00bbac68_4774,12230.851662670546
00bbac68_4775,12230.600789029138
00bbac68_4776,12231.080476529138
00bbac68_4777,12232.383411844334
00bbac68_4778,12231.369745606864
00bbac68_4779,12229.095617785435
00bbac68_4780,12230.637401325048
00bbac68_4781,12230.928783779424
00bbac68_4782,12230.833228403204
00bbac68_4783,12231.213501840704
00bbac68_4784,12229.228643097002
00bbac68_4785,12230.628958802306
00bbac68_4786,12230.957287916108
00bbac68_4787,12231.088848050105
00bbac68_4788,12232.893178936562
00bbac68_4789,12226.639516424159
00bbac68_4790,12229.175119826317
00bbac68_4791,12232.69932186094
00bbac68_4792,12231.692786570837
00bbac68_4793,12231.692786570837
00bbac68_4794,12231.692786570837
00bbac68_4795,12231.692786570837
00bbac68_4796,12231.238465802911
00bbac68_4797,12230.963075177911
00bbac68_4798,12229.418658749408
00bbac68_4799,12231.224577364314
00bbac68_4800,12231.67142878526
00bbac68_4801,12224.690417291768
00bbac68_4802,12225.236197273865
00bbac68_4803,12233.03951299885
00bbac68_4804,12232.871312736263
00bbac68_4805,12233.062257988791
00bbac68_4806,12231.592673573523
00bbac68_4807,12231.066951564013
00bbac68_4808,12231.105930605312
00bbac68_4809,12231.315671564638
00bbac68_4810,12231.522863552322
00bbac68_4811,12231.247472927322
00bbac68_4812,12231.223644802321
00bbac68_4813,12232.046254630739
00bbac68_4814,12232.030824943238
00bbac68_4815,12231.269477798873
00bbac68_4816,12229.775962331612
00bbac68_4817,12231.631841726863
00bbac68_4818,12231.824875716276
00bbac68_4819,12229.97784183392
00bbac68_4820,12231.53919830336
00bbac68_4821,12231.756080724923
00bbac68_4822,12229.914740981865
00bbac68_4823,12231.656761513808
00bbac68_4824,12231.656761513808
00bbac68_4825,12231.214334380616
00bbac68_4826,12231.394998443116
00bbac68_4827,12229.652977911173
00bbac68_4828,12229.491675378646
00bbac68_4829,12229.498163674943
00bbac68_4830,12230.946305805679
00bbac68_4831,12230.914952753898
00bbac68_4832,12230.938780878898
00bbac68_4833,12230.938780878898
00bbac68_4834,12229.445265411638
00bbac68_4835,12230.938780878898
00bbac68_4836,12231.214171503898
00bbac68_4837,12231.225496395366
00bbac68_4838,12231.225496395366
00bbac68_4839,12230.950105770366
00bbac68_4840,12230.950105770366
00bbac68_4841,12230.959641108057
00bbac68_4842,12230.959641108057
00bbac68_4843,12230.959641108057
00bbac68_4844,12229.287880029078
00bbac68_4845,12230.781395496339
00bbac68_4846,12231.067895454671
00bbac68_4847,12229.29898936241
00bbac68_4848,12231.499767919448
00bbac68_4849,12230.994546190279
00bbac68_4850,12230.719155565279
00bbac68_4851,12230.716165041256
00bbac68_4852,12230.719155565279
00bbac68_4853,12230.97716337778
00bbac68_4854,12230.647515098019
00bbac68_4855,12231.142825150979
00bbac68_4856,12231.133322403155
00bbac68_4857,12230.762927913467
00bbac68_4858,12230.95806155894
00bbac68_4859,12229.21406954874
00bbac68_4860,12231.488197370167
00bbac68_4861,12231.488197370167
00bbac68_4862,12230.984947119261
00bbac68_4863,12230.693032270889
00bbac68_4864,12230.776683054246
00bbac68_4865,12230.708842052065
00bbac68_4866,12230.963059551528
00bbac68_4867,12231.294961428066
00bbac68_4868,12230.80300453313
00bbac68_4869,12229.040366860438
00bbac68_4870,12230.604052443276
00bbac68_4871,12230.604052443276
00bbac68_4872,12230.784716505776
00bbac68_4873,12231.03275429464
00bbac68_4874,12230.579433982139
00bbac68_4875,12230.349597782426
00bbac68_4876,12230.358576355115
00bbac68_4877,12230.571420367321
00bbac68_4878,12230.671247001937
00bbac68_4879,12230.603048364623
00bbac68_4880,12230.878438989623
00bbac68_4881,12229.104104701151
00bbac68_4882,12230.599591646673
00bbac68_4883,12230.599591646673
00bbac68_4884,12230.599591646673
00bbac68_4885,12230.554575945283
00bbac68_4886,12230.861432902206
00bbac68_4887,12231.080019823774
00bbac68_4888,12229.186483070544
00bbac68_4889,12231.403084633042
00bbac68_4890,12232.28435001842
00bbac68_4891,12232.24392033092
00bbac68_4892,12230.569891764579
00bbac68_4893,12230.371029398202
00bbac68_4894,12230.501693127264
00bbac68_4895,12230.570172008443
00bbac68_4896,12230.326374684326
00bbac68_4897,12228.863334088008
00bbac68_4898,12231.03154612897
00bbac68_4899,12231.991071100285
00bbac68_4900,12231.991071100285
00bbac68_4901,12232.676657678941
00bbac68_4902,12231.85127269147
00bbac68_4903,12232.012266336395
00bbac68_4904,12232.475442016012
00bbac68_4905,12232.381496703512
00bbac68_4906,12231.882774905533
00bbac68_4907,12232.07809734273
00bbac68_4908,12232.685853697802
00bbac68_4909,12232.148928868934
00bbac68_4910,12232.096201576647
00bbac68_4911,12232.844293792832
00bbac68_4912,12232.868547678609
00bbac68_4913,12232.823436128636
00bbac68_4914,12232.074367349951
00bbac68_4915,12232.379203883102
00bbac68_4916,12234.818757211578
00bbac68_4917,12234.917390024078
00bbac68_4918,12232.081061565637
00bbac68_4919,12232.063678753138
00bbac68_4920,12232.87956646147
00bbac68_4921,12232.233232057786
00bbac68_4922,12232.250614870285
00bbac68_4923,12232.11081646147
00bbac68_4924,12232.250614870285
00bbac68_4925,12232.99968364897
00bbac68_4926,12225.206565429666
00bbac68_4927,12224.163791789211
00bbac68_4928,12232.813182869466
00bbac68_4929,12231.980234823335
00bbac68_4930,12232.74125913281
00bbac68_4931,12231.700107780982
00bbac68_4932,12231.949136604137
00bbac68_4933,12232.052472603624
00bbac68_4934,12231.655878321715
00bbac68_4935,12232.442690786362
00bbac68_4936,12231.040542348861
00bbac68_4937,12231.79635638268
00bbac68_4938,12231.864117628402
00bbac68_4939,12231.724319219586
00bbac68_4940,12231.956144390719
00bbac68_4941,12231.887945753402
00bbac68_4942,12232.628283955211
00bbac68_4943,12231.861832364026
00bbac68_4944,12231.919323661888
00bbac68_4945,12231.919323661888
00bbac68_4946,12232.524447128071
00bbac68_4947,12232.66741587807
00bbac68_4948,12232.680347971364
00bbac68_4949,12231.919323661888
00bbac68_4950,12231.916690773
00bbac68_4951,12232.524447128071
00bbac68_4952,12231.519564504884
00bbac68_4953,12231.822409511733
00bbac68_4954,12231.682611102915
00bbac68_4955,12232.627453239911
00bbac68_4956,12232.344537336487
00bbac68_4957,12232.738328804777
00bbac68_4958,12232.968638463293
00bbac68_4959,12232.52760889879
00bbac68_4960,12232.550921603624
00bbac68_4961,12231.707971206884
00bbac68_4962,12232.541351291124
00bbac68_4963,12232.340058335252
00bbac68_4964,12231.908933567694
00bbac68_4965,12232.454773130446
00bbac68_4966,12231.780816021626
00bbac68_4967,12232.401360362024
00bbac68_4968,12232.857041126676
00bbac68_4969,12231.981671161398
00bbac68_4970,12232.916294323964
00bbac68_4971,12233.11342024711
00bbac68_4972,12233.107580426857
00bbac68_4973,12233.160825413674
00bbac68_4974,12233.07553170567
00bbac68_4975,12233.065559386396
00bbac68_4976,12232.129971043101
00bbac68_4977,12232.269458842977
00bbac68_4978,12233.029775730602
00bbac68_4979,12232.140908543102
00bbac68_4980,12232.140908543102
00bbac68_4981,12232.140908543102
00bbac68_4982,12233.046535777772
00bbac68_4983,12232.157668590273
00bbac68_4984,12232.157668590273
00bbac68_4985,12233.18936206534
00bbac68_4986,12233.18936206534
00bbac68_4987,12233.18936206534
00bbac68_4988,12231.919162914965
00bbac68_4989,12232.512030851698
00bbac68_4990,12233.230780851698
00bbac68_4991,12232.947761657422
00bbac68_4992,12233.070822610938
00bbac68_4993,12232.843800876997
00bbac68_4994,12233.268920055745
00bbac68_4995,12233.179466930746
00bbac68_4996,12232.844972751996
00bbac68_4997,12232.171015643178
00bbac68_4998,12233.105638805746
00bbac68_4999,12233.105638805746
00bbac68_5000,12232.987072736469
00bbac68_5001,12232.171015643178
00bbac68_5002,12233.105638805746
00bbac68_5003,12231.933289237752
00bbac68_5004,12231.951045323773
00bbac68_5005,12232.202103354814
00bbac68_5006,12233.113822104813
00bbac68_5007,12232.970853354815
00bbac68_5008,12234.443394195201
00bbac68_5009,12232.105323627055
00bbac68_5010,12234.33448517451
00bbac68_5011,12232.83065024534
00bbac68_5012,12232.903460339545
00bbac68_5013,12232.160526264419
00bbac68_5014,12232.18435438942
00bbac68_5015,12232.169066954073
00bbac68_5016,12232.912001029203
00bbac68_5017,12233.031585129269
00bbac68_5018,12232.853464423366
00bbac68_5019,12231.971867369713
00bbac68_5020,12232.714801444843
00bbac68_5021,12232.60722566436
00bbac68_5022,12232.562991460656
00bbac68_5023,12232.481828976184
00bbac68_5024,12232.603236481256
00bbac68_5025,12231.309835637967
00bbac68_5026,12232.02719923493
00bbac68_5027,12231.528799641941
00bbac68_5028,12231.705557454441
00bbac68_5029,12231.705557454441
00bbac68_5030,12231.705557454441
00bbac68_5031,12232.594424641942
00bbac68_5032,12231.345338339746
00bbac68_5033,12231.369166464745
00bbac68_5034,12231.199405227371
00bbac68_5035,12231.968155227372
00bbac68_5036,12232.015462320664
00bbac68_5037,12232.304132866655
00bbac68_5038,12231.205056579089
00bbac68_5039,12231.205056579089
00bbac68_5040,12231.205056579089
00bbac68_5041,12231.205056579089
00bbac68_5042,12231.220944700855
00bbac68_5043,12229.482383817283
00bbac68_5044,12228.174940874647
00bbac68_5045,12229.281602567284
00bbac68_5046,12231.036765013356
00bbac68_5047,12232.014942863423
00bbac68_5048,12232.082325675923
00bbac68_5049,12232.082325675923
00bbac68_5050,12231.917872550923
00bbac68_5051,12231.182698125727
00bbac68_5052,12231.183699664869
00bbac68_5053,12231.251898302184
00bbac68_5054,12231.237155638355
00bbac68_5055,12230.750370559676
00bbac68_5056,12231.001064294147
00bbac68_5057,12229.695324111994
00bbac68_5058,12230.702274892317
00bbac68_5059,12230.621112407845
00bbac68_5060,12230.219030299026
00bbac68_5061,12230.705737128472
00bbac68_5062,12230.166901104596
00bbac68_5063,12230.166901104596
00bbac68_5064,12230.166901104596
00bbac68_5065,12231.06182442613
00bbac68_5066,12230.57503934745
00bbac68_5067,12230.310510088697
00bbac68_5068,12230.0092542707
00bbac68_5069,12230.57503934745
00bbac68_5070,12231.47041817613
00bbac68_5071,12230.95269424431
00bbac68_5072,12230.611287581478
00bbac68_5073,12229.903402520256
00bbac68_5074,12230.069048052286
00bbac68_5075,12230.962353245639
00bbac68_5076,12230.729991744265
00bbac68_5077,12230.477115261492
00bbac68_5078,12230.624645332568
00bbac68_5079,12229.368158551775
00bbac68_5080,12230.969330426775
00bbac68_5081,12230.80240276861
00bbac68_5082,12230.92251995611
00bbac68_5083,12230.67349651861
00bbac68_5084,12230.844252493676
00bbac68_5085,12230.03365276861
00bbac68_5086,12230.212398380983
00bbac68_5087,12230.928904413062
00bbac68_5088,12230.584219318855
00bbac68_5089,12230.928904413062
00bbac68_5090,12230.808787225562
00bbac68_5091,12230.646488853614
00bbac68_5092,12230.849062590985
00bbac68_5093,12231.04439203709
00bbac68_5094,12231.505134378744
00bbac68_5095,12231.175878972035
00bbac68_5096,12231.176373622638
00bbac68_5097,12231.284967372638
00bbac68_5098,12230.632191529345
00bbac68_5099,12231.176373622638
00bbac68_5100,12229.919886841844
00bbac68_5101,12231.521058716844
00bbac68_5102,12230.455433716845
00bbac68_5103,12230.995793956707
00bbac68_5104,12230.995793956707
00bbac68_5105,12233.89765793345
00bbac68_5106,12233.46855637095
00bbac68_5107,12233.30195480845
00bbac68_5108,12230.980453411985
00bbac68_5109,12230.976292298026
00bbac68_5110,12231.359572669448
00bbac68_5111,12231.509168059994
00bbac68_5112,12231.424586365718
00bbac68_5113,12231.34739929014
00bbac68_5114,12230.274240493844
00bbac68_5115,12231.759537403565
00bbac68_5116,12231.094337703438
00bbac68_5117,12231.879654591065
00bbac68_5118,12231.519527373992
00bbac68_5119,12231.007062048864
00bbac68_5120,12231.874410186492
00bbac68_5121,12232.198535985026
00bbac68_5122,12231.419043797525
00bbac68_5123,12231.942125347397
00bbac68_5124,12231.965953472398
00bbac68_5125,12231.794442981447
00bbac68_5126,12231.869638293947
00bbac68_5127,12231.919546343821
00bbac68_5128,12232.058591652602
00bbac68_5129,12231.919546343821
00bbac68_5130,12230.193457860025
00bbac68_5131,12232.028574461023
00bbac68_5132,12231.524165664727
00bbac68_5133,12231.507619699618
00bbac68_5134,12230.791799387118
00bbac68_5135,12231.996598808411
00bbac68_5136,12231.888005058412
00bbac68_5137,12230.784161355476
00bbac68_5138,12231.83810228035
00bbac68_5139,12231.499981667976
00bbac68_5140,12232.060818585554
00bbac68_5141,12232.151248273054
00bbac68_5142,12232.039939907429
00bbac68_5143,12231.792219203488
00bbac68_5144,12231.947759091197
00bbac68_5145,12232.353383962345
00bbac68_5146,12232.788308703402
00bbac68_5147,12232.492581255156
00bbac68_5148,12232.492581255156
00bbac68_5149,12232.492581255156
00bbac68_5150,12230.903563757074
00bbac68_5151,12232.93315067465
00bbac68_5152,12232.76869754965
00bbac68_5153,12232.524633058403
00bbac68_5154,12232.524633058403
00bbac68_5155,12230.903563757074
00bbac68_5156,12232.026230794154
00bbac68_5157,12230.796648055191
00bbac68_5158,12228.517337411053
00bbac68_5159,12232.400642628496
00bbac68_5160,12232.119634553786
00bbac68_5161,12232.119634553786
00bbac68_5162,12232.481306690996
00bbac68_5163,12232.914508388934
00bbac68_5164,12231.95504944594
00bbac68_5165,12232.611009955155
00bbac68_5166,12232.248178697831
00bbac68_5167,12232.80944953342
00bbac68_5168,12232.566676095921
00bbac68_5169,12232.766658904704
00bbac68_5170,12232.247228237127
00bbac68_5171,12232.52180936137
00bbac68_5172,12230.896033260275
00bbac68_5173,12232.737764215533
00bbac68_5174,12230.903081981734
00bbac68_5175,12232.568232965534
00bbac68_5176,12232.932668899313
00bbac68_5177,12233.26621331801
00bbac68_5178,12232.352767332452
00bbac68_5179,12232.35562398054
00bbac68_5180,12232.33127616078
00bbac68_5181,12232.658269942514
00bbac68_5182,12233.33000859246
00bbac68_5183,12232.650469967839
00bbac68_5184,12232.550843811181
00bbac68_5185,12232.793459928165
00bbac68_5186,12232.614358365665
00bbac68_5187,12232.614358365665
00bbac68_5188,12231.325257873681
00bbac68_5189,12233.045393241151
00bbac68_5190,12232.973399478758
00bbac68_5191,12233.354844791258
00bbac68_5192,12233.354844791258
00bbac68_5193,12231.34661041754
00bbac68_5194,12233.08957237087
00bbac68_5195,12233.11392019063
00bbac68_5196,12233.33989666106
00bbac68_5197,12232.680521661061
00bbac68_5198,12233.018788723784
00bbac68_5199,12232.645358020452
00bbac68_5200,12233.34129409179
00bbac68_5201,12231.96609877929
00bbac68_5202,12233.591568969514
00bbac68_5203,12233.581412719515
00bbac68_5204,12233.553204328311
00bbac68_5205,12233.66179807831
00bbac68_5206,12233.59469136149
00bbac68_5207,12233.764528955384
00bbac68_5208,12233.133864892885
00bbac68_5209,12233.44789687205
00bbac68_5210,12233.295442090654
00bbac68_5211,12233.254220801364
00bbac68_5212,12233.557719235145
00bbac68_5213,12233.02055312205
00bbac68_5214,12233.30668593455
00bbac68_5215,12233.417101370836
00bbac68_5216,12232.4266109391
00bbac68_5217,12232.09142070326
00bbac68_5218,12232.803737269727
00bbac68_5219,12231.458034144727
00bbac68_5220,12233.53784470376
00bbac68_5221,12233.53784470376
00bbac68_5222,12233.184122628525
00bbac68_5223,12233.122308172784
00bbac68_5224,12232.623905908535
00bbac68_5225,12229.715492613212
00bbac68_5226,12231.45101523
00bbac68_5227,12227.956760686175
00bbac68_5228,12232.561014695497
00bbac68_5229,12233.340052906457
00bbac68_5230,12233.090996711504
00bbac68_5231,12233.499514327752
00bbac68_5232,12233.499514327752
00bbac68_5233,12233.16266572205
00bbac68_5234,12233.080478821776
00bbac68_5235,12233.080478821776
00bbac68_5236,12233.156801220623
00bbac68_5237,12232.759542392292
00bbac68_5238,12233.16094303118
00bbac68_5239,12232.02947506033
00bbac68_5240,12231.39959224783
00bbac68_5241,12232.573341809853
00bbac68_5242,12231.846349568816
00bbac68_5243,12233.0670906858
00bbac68_5244,12233.071858261812
00bbac68_5245,12232.677233154649
00bbac68_5246,12230.934271201319
00bbac68_5247,12232.088082789613
00bbac68_5248,12232.5400397949
00bbac68_5249,12232.925304901011
00bbac68_5250,12230.84549434198
00bbac68_5251,12232.571582825776
00bbac68_5252,12231.911143469604
00bbac68_5253,12232.570518469603
00bbac68_5254,12232.27381623581
00bbac68_5255,12230.706946455939
00bbac68_5256,12232.350829109628
00bbac68_5257,12232.498856172615
00bbac68_5258,12232.474256229027
00bbac68_5259,12232.489908778676
00bbac68_5260,12232.489908778676
00bbac68_5261,12230.697999061998
00bbac68_5262,12232.457762491653
00bbac68_5263,12232.457762491653
00bbac68_5264,12230.690452718565
00bbac68_5265,12232.457762491653
00bbac68_5266,12230.690452718565
00bbac68_5267,12232.48236243524
00bbac68_5268,12232.6964197185
00bbac68_5269,12230.821612101743
00bbac68_5270,12232.440690067935
00bbac68_5271,12232.47505534037
00bbac68_5272,12232.500250652869
00bbac68_5273,12232.20207112418
00bbac68_5274,12230.851362284895
00bbac68_5275,12230.831515754284
00bbac68_5276,12232.563708400423
00bbac68_5277,12232.612656163768
00bbac68_5278,12232.563708400423
00bbac68_5279,12232.588056220182
00bbac68_5280,12232.563708400423
00bbac68_5281,12232.612656163768
00bbac68_5282,12230.820746447092
00bbac68_5283,12232.559160350782
00bbac68_5284,12230.820746447092
00bbac68_5285,12232.54480380413
00bbac68_5286,12230.806389900441
00bbac68_5287,12230.806389900441
00bbac68_5288,12230.806389900441
00bbac68_5289,12231.406226791489
00bbac68_5290,12232.122047103989
00bbac68_5291,12230.776343978989
00bbac68_5292,12230.776343978989
00bbac68_5293,12232.420226632676
00bbac68_5294,12232.514757882676
00bbac68_5295,12232.519305932317
00bbac68_5296,12232.439645939843
00bbac68_5297,12232.475781300644
00bbac68_5298,12232.180470998928
00bbac68_5299,12232.2019621706
00bbac68_5300,12232.861264917134
00bbac68_5301,12233.310082824777
00bbac68_5302,12233.266296278649
00bbac68_5303,12233.219267107186
00bbac68_5304,12232.605780192896
00bbac68_5305,12232.885478830633
00bbac68_5306,12232.515629209098
00bbac68_5307,12232.095517014655
00bbac68_5308,12231.456259202154
00bbac68_5309,12231.456259202154
00bbac68_5310,12233.196802136425
00bbac68_5311,12233.183278945755
00bbac68_5312,12232.042958398193
00bbac68_5313,12232.54170313199
00bbac68_5314,12233.108893704786
00bbac68_5315,12233.118435360087
00bbac68_5316,12233.069487596742
00bbac68_5317,12233.045659471742
00bbac68_5318,12232.9704082971
00bbac68_5319,12233.064939547101
00bbac68_5320,12231.342345955909
00bbac68_5321,12233.118435360087
00bbac68_5322,12233.0938354165
00bbac68_5323,12232.226779117813
00bbac68_5324,12232.577755680311
00bbac68_5325,12233.290778959003
00bbac68_5326,12233.36361070949
00bbac68_5327,12233.41171642775
00bbac68_5328,12233.202146901198
00bbac68_5329,12232.895824031844
00bbac68_5330,12232.046048090357
00bbac68_5331,12232.030618402858
00bbac68_5332,12232.00172635044
00bbac68_5333,12231.09511628639
00bbac68_5334,12232.325117027129
00bbac68_5335,12232.752306500168
00bbac68_5336,12232.727523051894
00bbac68_5337,12231.85439278339
00bbac68_5338,12230.693788902467
00bbac68_5339,12231.671631105948
00bbac68_5340,12232.098820578989
00bbac68_5341,12232.02853855832
00bbac68_5342,12232.033976828989
00bbac68_5343,12231.704242497868
00bbac68_5344,12231.633960477197
00bbac68_5345,12230.669714541033
00bbac68_5346,12231.277053024827
00bbac68_5347,12231.704242497868
00bbac68_5348,12232.024216011452
00bbac68_5349,12230.937753965281
00bbac68_5350,12230.298496152782
00bbac68_5351,12231.933351190964
00bbac68_5352,12231.713566807957
00bbac68_5353,12231.808098057956
00bbac68_5354,12231.818084378268
00bbac68_5355,12231.17563722673
00bbac68_5356,12230.852166214214
00bbac68_5357,12230.83109765274
00bbac68_5358,12231.267202720843
00bbac68_5359,12231.130727051655
00bbac68_5360,12231.896790560411
00bbac68_5361,12230.376858993632
00bbac68_5362,12231.996379714987
00bbac68_5363,12232.230729740939
00bbac68_5364,12230.578278228924
00bbac68_5365,12232.157897990448
00bbac68_5366,12232.082702677948
00bbac68_5367,12232.252063998263
00bbac68_5368,12231.217536041426
00bbac68_5369,12231.097418853926
00bbac68_5370,12231.097418853926
00bbac68_5371,12231.181796220873
00bbac68_5372,12232.315010349677
00bbac68_5373,12232.244728329006
00bbac68_5374,12232.145649029368
00bbac68_5375,12232.233022943255
00bbac68_5376,12231.805833470216
00bbac68_5377,12231.19849498642
00bbac68_5378,12232.215640130755
00bbac68_5379,12232.225913986636
00bbac68_5380,12232.320024132307
00bbac68_5381,12231.982812711183
00bbac68_5382,12232.237191849032
00bbac68_5383,12232.26339778196
00bbac68_5384,12232.266370134523
00bbac68_5385,12231.231842177684
00bbac68_5386,12231.640435927684
00bbac68_5387,12230.845514052684
00bbac68_5388,12232.183537851244
00bbac68_5389,12232.278069101245
00bbac68_5390,12232.278069101245
00bbac68_5391,12232.196088113848
00bbac68_5392,12230.592584365184
00bbac68_5393,12230.547469717634
00bbac68_5394,12232.204148153096
00bbac68_5395,12231.066610342634
00bbac68_5396,12231.186727530134
00bbac68_5397,12230.485142879099
00bbac68_5398,12231.124400691599
00bbac68_5399,12231.124400691599
00bbac68_5400,12231.098764564173
00bbac68_5401,12232.133567999635
00bbac68_5402,12232.039457853962
00bbac68_5403,12232.133567999635
00bbac68_5404,12232.068724249635
00bbac68_5405,12230.459506751671
00bbac68_5406,12232.085392054878
00bbac68_5407,12232.112233742308
00bbac68_5408,12232.112233742308
00bbac68_5409,12232.104202343311
00bbac68_5410,12232.081738231365
00bbac68_5411,12232.017117134685
00bbac68_5412,12228.379262273098
00bbac68_5413,12228.401051247081
00bbac68_5414,12228.306519997082
00bbac68_5415,12228.383723542876
00bbac68_5416,12228.319102446194
00bbac68_5417,12228.268466246092
00bbac68_5418,12228.268466246092
00bbac68_5419,12228.338298004413
00bbac68_5420,12226.580883513776
00bbac68_5421,12228.289350241066
00bbac68_5422,12228.265426586482
00bbac68_5423,12228.309321636381
00bbac68_5424,12228.309321636381
00bbac68_5425,12228.32807163638
00bbac68_5426,12228.31437434983
00bbac68_5427,12228.226759378122
00bbac68_5428,12228.13405407775
00bbac68_5429,12228.13405407775
00bbac68_5430,12228.10807751525
00bbac68_5431,12228.13405407775
00bbac68_5432,12228.154780124532
00bbac68_5433,12228.132752842032
00bbac68_5434,12228.065397376966
00bbac68_5435,12228.065869075488
00bbac68_5436,12228.08927638712
00bbac68_5437,12227.88419826212
00bbac68_5438,12228.063299824618
00bbac68_5439,12228.144016311322
00bbac68_5440,12226.343784217821
00bbac68_5441,12227.215832644819
00bbac68_5442,12226.36759140636
00bbac68_5443,12224.832103639683
00bbac68_5444,12226.930985630319
00bbac68_5445,12227.796218939846
00bbac68_5446,12227.775989664486
00bbac68_5447,12227.54850368237
00bbac68_5448,12226.109311479806
00bbac68_5449,12226.509198505846
00bbac68_5450,12225.761068157015
00bbac68_5451,12227.45628330048
00bbac68_5452,12227.388700173933
00bbac68_5453,12227.266834996104
00bbac68_5454,12226.245521985322
00bbac68_5455,12225.60626417282
00bbac68_5456,12227.15711017908
00bbac68_5457,12227.062959046169
00bbac68_5458,12225.39955130966
00bbac68_5459,12225.495401732955
00bbac68_5460,12225.495401732955
00bbac68_5461,12226.651410529217
00bbac68_5462,12226.15673750961
00bbac68_5463,12225.517479697108
00bbac68_5464,12224.938971907319
00bbac68_5465,12225.618240538464
00bbac68_5466,12225.618240538464
00bbac68_5467,12225.618240538464
00bbac68_5468,12226.43585601161
00bbac68_5469,12225.493532084078
00bbac68_5470,12220.010720047834
00bbac68_5471,12222.608950662889
00bbac68_5472,12225.493532084078
00bbac68_5473,12224.443729217623
00bbac68_5474,12211.210854074423
00bbac68_5475,12204.848700683076
00bbac68_5476,12225.38986913123
00bbac68_5477,12225.098549106071
00bbac68_5478,12225.531339363602
00bbac68_5479,12226.999022949825
00bbac68_5480,12225.954714962048
00bbac68_5481,12225.954714962048
00bbac68_5482,12225.954714962048
00bbac68_5483,12226.971195584078
00bbac68_5484,12224.973349981983
00bbac68_5485,12226.681093344088
00bbac68_5486,12226.681093344088
00bbac68_5487,12226.44400144131
00bbac68_5488,12226.48755612881
00bbac68_5489,12226.485824335787
00bbac68_5490,12226.43851814531
00bbac68_5491,12226.603992799412
00bbac68_5492,12226.34403186191
00bbac68_5493,12226.34403186191
00bbac68_5494,12226.34403186191
00bbac68_5495,12226.34403186191
00bbac68_5496,12226.01406503343
00bbac68_5497,12226.14004159593
00bbac68_5498,12225.962821434769
00bbac68_5499,12226.157253446769
00bbac68_5500,12226.136590301952
00bbac68_5501,12226.580926239452
00bbac68_5502,12226.580926239452
00bbac68_5503,12226.486394989453
00bbac68_5504,12226.599676239453
00bbac68_5505,12226.580926239452
00bbac68_5506,12226.486394989453
00bbac68_5507,12226.52308068692
00bbac68_5508,12226.496271972674
00bbac68_5509,12226.516440061921
00bbac68_5510,12226.341789245082
00bbac68_5511,12226.615398057998
00bbac68_5512,12226.618474724668
00bbac68_5513,12226.347196334087
00bbac68_5514,12226.340555709088
00bbac68_5515,12226.386397828759
00bbac68_5516,12226.554009218851
00bbac68_5517,12226.527200504604
00bbac68_5518,12224.89350129338
00bbac68_5519,12226.119215782468
00bbac68_5520,12224.914187099475
00bbac68_5521,12224.523536031393
00bbac68_5522,12224.49418277986
00bbac68_5523,12224.480316870899
00bbac68_5524,12221.115039932622
00bbac68_5525,12224.369586851131
00bbac68_5526,12225.554190314962
00bbac68_5527,12220.960292440255
00bbac68_5528,12223.35520128824
00bbac68_5529,12222.551489094649
00bbac68_5530,12222.78665079249
00bbac68_5531,12222.475440962888
00bbac68_5532,12223.43054105364
00bbac68_5533,12223.283570301013
00bbac68_5534,12223.383421281484
00bbac68_5535,12223.256914326248
00bbac68_5536,12222.43968249309
00bbac68_5537,12220.522476118003
00bbac68_5538,12220.522476118003
00bbac68_5539,12220.522476118003
00bbac68_5540,12219.447111404535
00bbac68_5541,12218.179209621027
00bbac68_5542,12222.621278001407
00bbac68_5543,12216.510111320626
00bbac68_5544,12216.280172769899
00bbac68_5545,12218.690072885152
00bbac68_5546,12220.898973736324
00bbac68_5547,12221.431451929478
00bbac68_5548,12221.937494807347
00bbac68_5549,12222.602704993027
00bbac68_5550,12222.015095848332
00bbac68_5551,12223.026920059556
00bbac68_5552,12223.018422050896
00bbac68_5553,12222.771864875653
00bbac68_5554,12222.571298189134
00bbac68_5555,12222.571298189134
00bbac68_5556,12222.571298189134
00bbac68_5557,12222.058309607897
00bbac68_5558,12221.691387839877
00bbac68_5559,12221.848448665274
00bbac68_5560,12221.440195908239
00bbac68_5561,12220.679965430067
00bbac68_5562,12222.106697828425
00bbac68_5563,12221.945727063332
00bbac68_5564,12222.040258313331
00bbac68_5565,12221.952226007996
00bbac68_5566,12221.823319757996
00bbac68_5567,12222.028397882996
00bbac68_5568,12221.74815771059
00bbac68_5569,12221.800272721473
00bbac68_5570,12221.682013170717
00bbac68_5571,12220.079378579916
00bbac68_5572,12222.040085449375
00bbac68_5573,12221.94136492441
00bbac68_5574,12221.896460686065
00bbac68_5575,12221.755394165815
00bbac68_5576,12221.822784211403
00bbac68_5577,12221.757826658624
00bbac68_5578,12221.751186033624
00bbac68_5579,12221.748400756875
00bbac68_5580,12221.731017944374
00bbac68_5581,12220.626838490229
00bbac68_5582,12221.188095398564
00bbac68_5583,12220.892196961064
00bbac68_5584,12220.962704773563
00bbac68_5585,12221.188095398564
00bbac68_5586,12220.855447679263
00bbac68_5587,12220.616429849431
00bbac68_5588,12220.87379548951
00bbac68_5589,12221.561901777792
00bbac68_5590,12221.936824538749
00bbac68_5591,12220.81247699535
00bbac68_5592,12220.04333637035
00bbac68_5593,12221.916656449499
00bbac68_5594,12221.936824538749
00bbac68_5595,12221.943465163748
00bbac68_5596,12221.86356102143
00bbac68_5597,12221.242026723714
00bbac68_5598,12221.242026723714
00bbac68_5599,12220.17321918285
00bbac68_5600,12220.17321918285
00bbac68_5601,12220.17321918285
00bbac68_5602,12220.797047307851
00bbac68_5603,12220.81247699535
00bbac68_5604,12220.17321918285
00bbac68_5605,12221.943465163748
00bbac68_5606,12220.17321918285
00bbac68_5607,12220.17321918285
00bbac68_5608,12221.442064711151
00bbac68_5609,12221.80291475338
00bbac68_5610,12221.449163615405
00bbac68_5611,12221.762602664043
00bbac68_5612,12220.001782584895
00bbac68_5613,12221.660071605666
00bbac68_5614,12221.41399456473
00bbac68_5615,12221.3846185548
00bbac68_5616,12220.263056288153
00bbac68_5617,12221.39404445655
00bbac68_5618,12219.623798475654
00bbac68_5619,12221.380569789882
00bbac68_5620,12221.47039375518
00bbac68_5621,12221.47039375518
00bbac68_5622,12221.37586250518
00bbac68_5623,12221.47039375518
00bbac68_5624,12221.26531563018
00bbac68_5625,12221.26531563018
00bbac68_5626,12221.39422188018
00bbac68_5627,12221.26531563018
00bbac68_5628,12221.26531563018
00bbac68_5629,12221.26531563018
00bbac68_5630,12221.217034791018
00bbac68_5631,12219.655762164419
00bbac68_5632,12221.304433469642
00bbac68_5633,12220.870253782141
00bbac68_5634,12221.130800657142
00bbac68_5635,12220.886596051347
00bbac68_5636,12221.085814801347
00bbac68_5637,12221.272962741648
00bbac68_5638,12220.98610778368
00bbac68_5639,12220.84333434618
00bbac68_5640,12220.71989684618
00bbac68_5641,12220.786556575697
00bbac68_5642,12220.740648933539
00bbac68_5643,12219.269516690816
00bbac68_5644,12219.269516690816
00bbac68_5645,12219.269516690816
00bbac68_5646,12220.713892617558
00bbac68_5647,12219.194127562334
00bbac68_5648,12219.194127562334
00bbac68_5649,12220.842798867558
00bbac68_5650,12220.892994180056
00bbac68_5651,12219.194127562334
00bbac68_5652,12219.194127562334
00bbac68_5653,12220.598339159711
00bbac68_5654,12218.729743433762
00bbac68_5655,12220.62431572221
00bbac68_5656,12220.62431572221
00bbac68_5657,12218.729743433762
00bbac68_5658,12219.252001690042
00bbac68_5659,12219.252001690042
00bbac68_5660,12219.252001690042
00bbac68_5661,12219.51075224541
00bbac68_5662,12212.788234554006
00bbac68_5663,12208.902193493039
00bbac68_5664,12210.558882575975
00bbac68_5665,12215.90680775505
00bbac68_5666,12215.750608249487
00bbac68_5667,12213.989789591813
00bbac68_5668,12220.339979804627
00bbac68_5669,12218.330325387362
00bbac68_5670,12219.987103951125
00bbac68_5671,12220.502471615699
00bbac68_5672,12220.24799186362
00bbac68_5673,12220.24799186362
00bbac68_5674,12219.728851238619
00bbac68_5675,12220.44188003467
00bbac68_5676,12220.120671713663
00bbac68_5677,12219.39511491756
00bbac68_5678,12218.821029626471
00bbac68_5679,12219.460287438971
00bbac68_5680,12219.849019657951
00bbac68_5681,12219.738475866407
00bbac68_5682,12220.265079404855
00bbac68_5683,12220.265079404855
00bbac68_5684,12220.224154080524
00bbac68_5685,12218.318665010976
00bbac68_5686,12218.318665010976
00bbac68_5687,12219.882321780398
00bbac68_5688,12219.699056528381
00bbac68_5689,12219.442253746896
00bbac68_5690,12217.79659969783
00bbac68_5691,12219.101475612882
00bbac68_5692,12218.960345197536
00bbac68_5693,12218.893743635035
00bbac68_5694,12218.767376447537
00bbac68_5695,12218.737688947536
00bbac68_5696,12218.765701408034
00bbac68_5697,12218.765701408034
00bbac68_5698,12218.733084220534
00bbac68_5699,12218.635582127812
00bbac68_5700,12216.972276068547
00bbac68_5701,12218.623825339335
00bbac68_5702,12218.384567526835
00bbac68_5703,12218.298650190893
00bbac68_5704,12218.343476729955
00bbac68_5705,12218.292004325576
00bbac68_5706,12218.291418388075
00bbac68_5707,12218.134777763076
00bbac68_5708,12218.442589947395
00bbac68_5709,12218.438097759896
00bbac68_5710,12218.29207438434
00bbac68_5711,12218.113127762928
00bbac68_5712,12218.117034012928
00bbac68_5713,12216.178727774588
00bbac68_5714,12218.089014456145
00bbac68_5715,12218.093506643645
00bbac68_5716,12218.037644643646
00bbac68_5717,12216.122865774589
00bbac68_5718,12216.122865774589
00bbac68_5719,12216.069832082832
00bbac68_5720,12217.885587514389
00bbac68_5721,12217.885587514389
00bbac68_5722,12217.745462314224
00bbac68_5723,12217.667868984061
00bbac68_5724,12217.826126376724
00bbac68_5725,12217.534255109656
00bbac68_5726,12216.842090259453
00bbac68_5727,12215.061961186579
00bbac68_5728,12216.911292052955
00bbac68_5729,12216.490408288306
00bbac68_5730,12215.801609315018
00bbac68_5731,12216.817472828216
00bbac68_5732,12216.936533061971
00bbac68_5733,12217.249227607426
00bbac68_5734,12217.13016737367
00bbac68_5735,12217.249227607426
00bbac68_5736,12216.40624145887
00bbac68_5737,12216.40624145887
00bbac68_5738,12215.761568425736
00bbac68_5739,12214.379513487575
00bbac68_5740,12216.090025494328
00bbac68_5741,12216.261584714099
00bbac68_5742,12216.09459004857
00bbac68_5743,12216.071508464436
00bbac68_5744,12215.757166965459
00bbac68_5745,12215.415509006058
00bbac68_5746,12213.853506259316
00bbac68_5747,12215.383803384979
00bbac68_5748,12215.383803384979
00bbac68_5749,12215.123256509978
00bbac68_5750,12213.853506259316
00bbac68_5751,12214.651962118927
00bbac68_5752,12214.536313348937
00bbac68_5753,12214.57223618554
00bbac68_5754,12214.56872056054
00bbac68_5755,12214.565941289708
00bbac68_5756,12214.784165788886
00bbac68_5757,12213.246056163223
00bbac68_5758,12213.246056163223
00bbac68_5759,12215.186569729958
00bbac68_5760,12214.794132649793
00bbac68_5761,12214.950773274793
00bbac68_5762,12215.166363149348
00bbac68_5763,12215.057419721452
00bbac68_5764,12215.057419721452
00bbac68_5765,12214.870331829552
00bbac68_5766,12214.681279021841
00bbac68_5767,12214.523021629177
00bbac68_5768,12214.288256004176
00bbac68_5769,12214.368121807747
00bbac68_5770,12214.368121807747
00bbac68_5771,12214.141123694777
00bbac68_5772,12214.202429833576
00bbac68_5773,12213.82404192361
00bbac68_5774,12213.943102157366
00bbac68_5775,12213.766124751368
00bbac68_5776,12211.585662269541
00bbac68_5777,12213.557214084198
00bbac68_5778,12213.42879125733
00bbac68_5779,12210.728900777574
00bbac68_5780,12211.352728902573
00bbac68_5781,12210.986200364301
00bbac68_5782,12209.687064504236
00bbac68_5783,12207.629652002044
00bbac68_5784,12210.942077163056
00bbac68_5785,12211.72033553589
00bbac68_5786,12210.617015223392
00bbac68_5787,12210.861413100556
00bbac68_5788,12210.044682345879
00bbac68_5789,12208.791435495234
00bbac68_5790,12209.079476349822
00bbac68_5791,12210.446222948258
00bbac68_5792,12210.690620825426
00bbac68_5793,12210.361906929826
00bbac68_5794,12210.361906929826
00bbac68_5795,12211.375011368445
00bbac68_5796,12211.840649941942
00bbac68_5797,12210.97805101705
00bbac68_5798,12210.626212867264
00bbac68_5799,12210.771578636857
00bbac68_5800,12208.242460000953
00bbac68_5801,12209.762659287157
00bbac68_5802,12210.50656094295
00bbac68_5803,12210.50656094295
00bbac68_5804,12210.559448641867
00bbac68_5805,12210.50656094295
00bbac68_5806,12210.525200078648
00bbac68_5807,12210.170761782396
00bbac68_5808,12210.128650427085
00bbac68_5809,12211.852768441413
00bbac68_5810,12211.930160770571
00bbac68_5811,12211.769534817537
00bbac68_5812,12211.705843120275
00bbac68_5813,12210.375432105677
00bbac68_5814,12212.082676472994
00bbac68_5815,12209.459700496856
00bbac68_5816,12211.285909608452
00bbac68_5817,12211.25655846579
00bbac68_5818,12211.12765221579
00bbac68_5819,12210.02949312293
00bbac68_5820,12211.091201080904
00bbac68_5821,12211.16879441107
00bbac68_5822,12211.16879441107
00bbac68_5823,12211.033894270866
00bbac68_5824,12210.979098461346
00bbac68_5825,12210.967836556252
00bbac68_5826,12211.078047073916
00bbac68_5827,12210.980448164151
00bbac68_5828,12210.981009014613
00bbac68_5829,12210.735090675043
00bbac68_5830,12209.007905000946
00bbac68_5831,12208.781590627212
00bbac68_5832,12208.680601268099
00bbac68_5833,12210.145464297566
00bbac68_5834,12210.350785666067
00bbac68_5835,12210.350785666067
00bbac68_5836,12210.629396572702
00bbac68_5837,12210.842998259744
00bbac68_5838,12210.825615447244
00bbac68_5839,12210.783161777865
00bbac68_5840,12210.570613228789
00bbac68_5841,12210.570613228789
00bbac68_5842,12210.570613228789
00bbac68_5843,12210.570613228789
00bbac68_5844,12210.642443642584
00bbac68_5845,12210.376985630875
00bbac68_5846,12210.291634068375
00bbac68_5847,12210.376985630875
00bbac68_5848,12210.40127803187
00bbac68_5849,12210.349418851365
00bbac68_5850,12210.30674678187
00bbac68_5851,12210.42002803187
00bbac68_5852,12210.297478212564
00bbac68_5853,12210.191851477126
00bbac68_5854,12210.028608056125
00bbac68_5855,12210.014916797796
00bbac68_5856,12209.915326806125
00bbac68_5857,12209.95799887562
00bbac68_5858,12209.910215868918
00bbac68_5859,12209.960829293546
00bbac68_5860,12208.370447737925
00bbac68_5861,12209.880765141874
00bbac68_5862,12209.906741704373
00bbac68_5863,12209.885968569597
00bbac68_5864,12209.906741704373
00bbac68_5865,12209.830569829373
00bbac68_5866,12209.581603073355
00bbac68_5867,12209.548278682236
00bbac68_5868,12209.592653565696
00bbac68_5869,12208.40484885018
00bbac68_5870,12209.607280007416
00bbac68_5871,12207.920797152265
00bbac68_5872,12209.509135430446
00bbac68_5873,12209.454859733527
00bbac68_5874,12209.35220946863
00bbac68_5875,12208.164404753112
00bbac68_5876,12209.33381114767
00bbac68_5877,12209.180045942503
00bbac68_5878,12207.645264128112
00bbac68_5879,12207.645264128112
00bbac68_5880,12207.745280317504
00bbac68_5881,12207.827311567504
00bbac68_5882,12207.985568960168
00bbac68_5883,12207.981076772669
00bbac68_5884,12207.985568960168
00bbac68_5885,12207.52156148255
00bbac68_5886,12206.072084516682
00bbac68_5887,12207.595751239023
00bbac68_5888,12207.564262576443
00bbac68_5889,12205.910426997272
00bbac68_5890,12207.540761388036
00bbac68_5891,12207.618354718199
00bbac68_5892,12206.830383927285
00bbac68_5893,12206.908859108318
00bbac68_5894,12207.158132125984
00bbac68_5895,12207.04129289601
00bbac68_5896,12206.948312233319
00bbac68_5897,12207.837349304493
00bbac68_5898,12207.89097078668
00bbac68_5899,12206.023256725182
00bbac68_5900,12205.70547832956
00bbac68_5901,12207.329072255097
00bbac68_5902,12207.299189442598
00bbac68_5903,12207.376855261795
00bbac68_5904,12207.35357812174
00bbac68_5905,12207.27925345235
00bbac68_5906,12207.583435233279
00bbac68_5907,12207.583435233279
00bbac68_5908,12205.768425934502
00bbac68_5909,12205.768425934502
00bbac68_5910,12205.711721744026
00bbac68_5911,12205.711721744026
00bbac68_5912,12205.64783000326
00bbac68_5913,12205.64783000326
00bbac68_5914,12207.316955849794
00bbac68_5915,12206.82322062826
00bbac68_5916,12206.784020853393
00bbac68_5917,12205.64783000326
00bbac68_5918,12204.244241425622
00bbac68_5919,12205.926211736882
00bbac68_5920,12206.68635937612
00bbac68_5921,12205.56118131315
00bbac68_5922,12205.20962742391
00bbac68_5923,12205.20962742391
00bbac68_5924,12205.20962742391
00bbac68_5925,12205.20962742391
00bbac68_5926,12205.20962742391
00bbac68_5927,12205.20962742391
00bbac68_5928,12204.382049520591
00bbac68_5929,12204.817334962769
00bbac68_5930,12204.895121445887
00bbac68_5931,12204.949808945887
00bbac68_5932,12204.373484180036
00bbac68_5933,12204.32100315517
00bbac68_5934,12204.962216989707
00bbac68_5935,12205.403681277341
00bbac68_5936,12204.899283943058
00bbac68_5937,12205.852607526638
00bbac68_5938,12205.81319958062
00bbac68_5939,12205.811156303182
00bbac68_5940,12205.817834499961
00bbac68_5941,12204.646003138869
00bbac68_5942,12205.124772114
00bbac68_5943,12204.00674532637
00bbac68_5944,12205.633199103408
00bbac68_5945,12205.675871172902
00bbac68_5946,12207.43871403402
00bbac68_5947,12207.390150221509
00bbac68_5948,12207.016102340556
00bbac68_5949,12206.01816039646
00bbac68_5950,12205.511072716654
00bbac68_5951,12205.79451508673
00bbac68_5952,12205.516331851268
00bbac68_5953,12205.445864041349
00bbac68_5954,12205.276110914208
00bbac68_5955,12205.748213584175
00bbac68_5956,12205.667512230064
00bbac68_5957,12205.478849294337
00bbac68_5958,12204.700316509854
00bbac68_5959,12204.547179291421
00bbac68_5960,12204.514308753787
00bbac68_5961,12203.84614718189
00bbac68_5962,12205.534297359553
00bbac68_5963,12205.220296369318
00bbac68_5964,12205.239275247663
00bbac68_5965,12205.169272793795
00bbac68_5966,12205.080916440027
00bbac68_5967,12205.181060163004
00bbac68_5968,12204.912646520339
00bbac68_5969,12205.063122733995
00bbac68_5970,12205.089099296494
00bbac68_5971,12204.93533409133
00bbac68_5972,12205.089099296494
00bbac68_5973,12205.21469925575
00bbac68_5974,12205.172027186254
00bbac68_5975,12205.260611867616
00bbac68_5976,12204.896391122762
00bbac68_5977,12204.920084313913
00bbac68_5978,12203.488268495092
00bbac68_5979,12204.239697128382
00bbac68_5980,12204.19182936923
00bbac68_5981,12204.116787528248
00bbac68_5982,12204.519039371437
00bbac68_5983,12203.911635046015
00bbac68_5984,12204.773969846912
00bbac68_5985,12204.731297777416
00bbac68_5986,12204.709093733314
00bbac68_5987,12204.693054900914
00bbac68_5988,12204.628211150914
00bbac68_5989,12203.990993152674
00bbac68_5990,12204.372993070276
00bbac68_5991,12204.33032100078
00bbac68_5992,12204.420983029453
00bbac68_5993,12204.389330429556
00bbac68_5994,12204.386390383612
00bbac68_5995,12204.357404339618
00bbac68_5996,12204.370351551212
00bbac68_5997,12203.665895594866
00bbac68_5998,12203.226426405496
00bbac68_5999,12202.854233914728
00bbac68_6000,12202.88710445236
00bbac68_6001,12203.123086781907
00bbac68_6002,12202.939606194745
00bbac68_6003,12202.97762044695
00bbac68_6004,12202.944749909318
00bbac68_6005,12203.235520828897
00bbac68_6006,12202.987473953897
00bbac68_6007,12203.039577377733
00bbac68_6008,12203.187981817833
00bbac68_6009,12202.36171183508
00bbac68_6010,12202.472677750164
00bbac68_6011,12201.738336516495
00bbac68_6012,12202.366855549653
00bbac68_6013,12199.625253987153
00bbac68_6014,12199.515875578994
00bbac68_6015,12200.925691444967
00bbac68_6016,12198.996734953995
00bbac68_6017,12199.625253987153
00bbac68_6018,12199.916024906732
00bbac68_6019,12199.524233936903
00bbac68_6020,12199.625253987153
00bbac68_6021,12200.863396983263
00bbac68_6022,12201.006212775736
00bbac68_6023,12198.940750870941
00bbac68_6024,12198.940750870941
00bbac68_6025,12199.076641784086
00bbac68_6026,12199.87340931123
00bbac68_6027,12199.826775608493
00bbac68_6028,12201.185699508515
00bbac68_6029,12201.333007488487
00bbac68_6030,12201.185699508515
00bbac68_6031,12201.168866772041
00bbac68_6032,12201.165926726098
00bbac68_6033,12201.359391772043
00bbac68_6034,12201.304631483443
00bbac68_6035,12199.285807307226
00bbac68_6036,12199.731128123905
00bbac68_6037,12199.23649967863
00bbac68_6038,12201.19977458301
00bbac68_6039,12199.819112132955
00bbac68_6040,12199.574888407731
00bbac68_6041,12199.217066548626
00bbac68_6042,12198.999774826936
00bbac68_6043,12199.330837178137
00bbac68_6044,12199.330837178137
00bbac68_6045,12199.110740742024
00bbac68_6046,12199.91202243541
00bbac68_6047,12200.920413389627
00bbac68_6048,12200.920413389627
00bbac68_6049,12197.549869077548
00bbac68_6050,12197.549869077548
00bbac68_6051,12196.39132551579
00bbac68_6052,12197.668431441947
00bbac68_6053,12199.441742398707
00bbac68_6054,12198.096912723697
00bbac68_6055,12197.463760106872
00bbac68_6056,12197.094268136543
00bbac68_6057,12198.901969130859
00bbac68_6058,12198.901969130859
00bbac68_6059,12198.855383912378
00bbac68_6060,12197.92926303871
00bbac68_6061,12197.176588395698
00bbac68_6062,12198.331883324316
00bbac68_6063,12198.186064066687
00bbac68_6064,12198.18388938883
00bbac68_6065,12198.232173931301
00bbac68_6066,12198.072525402358
00bbac68_6067,12198.069585356414
00bbac68_6068,12198.232173931301
00bbac68_6069,12198.089358138832
00bbac68_6070,12198.186122254603
00bbac68_6071,12197.06038017994
00bbac68_6072,12198.784153999917
00bbac68_6073,12198.652302082355
00bbac68_6074,12196.926484984939
00bbac68_6075,12196.861108679954
00bbac68_6076,12198.58692577737
00bbac68_6077,12198.632297201679
00bbac68_6078,12196.8153226984
00bbac68_6079,12198.622248273816
00bbac68_6080,12198.454981880714
00bbac68_6081,12198.295333351767
00bbac68_6082,12198.312166088239
00bbac68_6083,12198.418254085842
00bbac68_6084,12198.21496008681
00bbac68_6085,12198.170679197921
00bbac68_6086,12198.468468948535
00bbac68_6087,12198.392297073535
00bbac68_6088,12198.143903832017
00bbac68_6089,12198.1241310496
00bbac68_6090,12197.229382406287
00bbac68_6091,12196.444375845698
00bbac68_6092,12197.115280188369
00bbac68_6093,12197.730333941423
00bbac68_6094,12197.513488595123
00bbac68_6095,12197.82948871295
00bbac68_6096,12197.922611696327
00bbac68_6097,12197.922611696327
00bbac68_6098,12197.617973137169
00bbac68_6099,12195.749478719947
00bbac68_6100,12197.484471322643
00bbac68_6101,12197.168471204815
00bbac68_6102,12196.98462609919
00bbac68_6103,12195.713823148304
00bbac68_6104,12197.407259293339
00bbac68_6105,12197.424092029809
00bbac68_6106,12197.498416699204
00bbac68_6107,12196.137596709312
00bbac68_6108,12196.471321036766
00bbac68_6109,12196.671379218584
00bbac68_6110,12196.671379218584
00bbac68_6111,12195.785710223096
00bbac68_6112,12196.945522068308
00bbac68_6113,12195.785710223096
00bbac68_6114,12195.718928108323
00bbac68_6115,12197.356091604495
00bbac68_6116,12196.380950597017
00bbac68_6117,12196.810098379732
00bbac68_6118,12196.133269610775
00bbac68_6119,12195.694011327389
00bbac68_6120,12197.368546163696
00bbac68_6121,12197.388318946114
00bbac68_6122,12197.368546163696
00bbac68_6123,12197.358109130511
00bbac68_6124,12197.34127639404
00bbac68_6125,12196.308052425506
00bbac68_6126,12195.4224101746
00bbac68_6127,12197.165060008489
00bbac68_6128,12197.165060008489
00bbac68_6129,12197.49730004073
00bbac68_6130,12195.771482943313
00bbac68_6131,12197.572746406322
00bbac68_6132,12196.565679308904
00bbac68_6133,12196.565679308904
00bbac68_6134,12197.572746406322
00bbac68_6135,12197.279890065895
00bbac68_6136,12197.279890065895
00bbac68_6137,12197.279890065895
00bbac68_6138,12197.227047990358
00bbac68_6139,12197.19065145366
00bbac68_6140,12193.709116515902
00bbac68_6141,12193.651940938631
00bbac68_6142,12195.44606602883
00bbac68_6143,12192.332257741593
00bbac68_6144,12193.253288265696
00bbac68_6145,12193.230238654498
00bbac68_6146,12193.338832404499
00bbac68_6147,12193.198491073072
00bbac68_6148,12193.38019985978
00bbac68_6149,12192.261418627393
00bbac68_6150,12192.24002041895
00bbac68_6151,12193.134028327424
00bbac68_6152,12192.991238514163
00bbac68_6153,12193.04714389782
00bbac68_6154,12192.710788211862
00bbac68_6155,12192.204444160887
00bbac68_6156,12192.821754126948
00bbac68_6157,12193.231760961457
00bbac68_6158,12191.949695941685
00bbac68_6159,12192.790081259947
00bbac68_6160,12192.4447646199
00bbac68_6161,12192.085106946008
00bbac68_6162,12192.57507890297
00bbac68_6163,12192.676518936909
00bbac68_6164,12191.887488367447
00bbac68_6165,12192.39383241842
00bbac68_6166,12192.040713791645
00bbac68_6167,12191.887488367447
00bbac68_6168,12192.609343838321
00bbac68_6169,12192.885442543678
00bbac68_6170,12191.53270738626
00bbac68_6171,12190.546606204218
00bbac68_6172,12188.978255062437
00bbac68_6173,12188.697299724441
00bbac68_6174,12192.521460850885
00bbac68_6175,12192.304921495479
00bbac68_6176,12192.304921495479
00bbac68_6177,12192.304921495479
00bbac68_6178,12193.000141660095
00bbac68_6179,12192.897616952123
00bbac68_6180,12192.750930575041
00bbac68_6181,12191.972824859527
00bbac68_6182,12191.972824859527
00bbac68_6183,12191.972824859527
00bbac68_6184,12192.875002642031
00bbac68_6185,12195.06804460126
00bbac68_6186,12195.051109000353
00bbac68_6187,12194.788804312853
00bbac68_6188,12192.60178740396
00bbac68_6189,12191.798708624176
00bbac68_6190,12192.677796950713
00bbac68_6191,12192.892295814305
00bbac68_6192,12192.638057754422
00bbac68_6193,12194.964761108504
00bbac68_6194,12194.98373998685
00bbac68_6195,12194.944358441837
00bbac68_6196,12192.73517128385
00bbac68_6197,12192.722924801106
00bbac68_6198,12194.95109083744
00bbac68_6199,12194.95109083744
00bbac68_6200,12191.737302153426
00bbac68_6201,12191.72281948676
00bbac68_6202,12191.60158357307
00bbac68_6203,12189.169257337198
00bbac68_6204,12191.825291387284
00bbac68_6205,12192.105879015122
00bbac68_6206,12192.17071739173
00bbac68_6207,12194.10923420465
00bbac68_6208,12194.358591680555
00bbac68_6209,12194.387577724548
00bbac68_6210,12191.276709483258
00bbac68_6211,12191.276709483258
00bbac68_6212,12192.374163815282
00bbac68_6213,12191.596948941838
00bbac68_6214,12192.40754497253
00bbac68_6215,12192.273120816837
00bbac68_6216,12191.341600985881
00bbac68_6217,12191.5154999989
00bbac68_6218,12192.367761092562
00bbac68_6219,12192.358189852464
00bbac68_6220,12192.535436766488
00bbac68_6221,12192.39368666728
00bbac68_6222,12192.218428758808
00bbac68_6223,12192.172430384711
00bbac68_6224,12192.125655321308
00bbac68_6225,12192.172430384711
00bbac68_6226,12192.446599979019
00bbac68_6227,12192.351412358077
00bbac68_6228,12192.351412358077
00bbac68_6229,12192.188923081709
00bbac68_6230,12192.054498926018
00bbac68_6231,12192.188923081709
00bbac68_6232,12194.398110239696
00bbac68_6233,12192.367905055073
00bbac68_6234,12192.453449193874
00bbac68_6235,12194.514153002632
00bbac68_6236,12192.254562694023
00bbac68_6237,12190.265504946969
00bbac68_6238,12191.87147283155
00bbac68_6239,12191.273356704532
00bbac68_6240,12192.519630622595
00bbac68_6241,12191.347578755962
00bbac68_6242,12191.255348349467
00bbac68_6243,12191.200660849467
00bbac68_6244,12191.002030586504
00bbac68_6245,12191.082694649003
00bbac68_6246,12191.255348349467
00bbac68_6247,12190.28023569331
00bbac68_6248,12191.031453788522
00bbac68_6249,12190.27666269611
00bbac68_6250,12190.21797322007
00bbac68_6251,12190.21797322007
00bbac68_6252,12191.183524519502
00bbac68_6253,12190.586649486486
00bbac68_6254,12190.20768429813
00bbac68_6255,12191.15437739873
00bbac68_6256,12191.158908210327
00bbac68_6257,12190.982235924304
00bbac68_6258,12190.982235924304
00bbac68_6259,12190.149475116028
00bbac68_6260,12191.124587772187
00bbac68_6261,12191.130837772187
00bbac68_6262,12191.035804226454
00bbac68_6263,12191.139279244713
00bbac68_6264,12190.00659562127
00bbac68_6265,12191.34036706269
00bbac68_6266,12191.117590891909
00bbac68_6267,12191.31185143769
00bbac68_6268,12193.243981138123
00bbac68_6269,12190.149151729229
00bbac68_6270,12189.9555238837
00bbac68_6271,12189.85061744118
00bbac68_6272,12191.19651587868
00bbac68_6273,12190.901826675912
00bbac68_6274,12191.034307566873
00bbac68_6275,12188.708029949388
00bbac68_6276,12190.226650703513
00bbac68_6277,12190.50487710769
00bbac68_6278,12190.39018696123
00bbac68_6279,12190.279221046141
00bbac68_6280,12189.742346387608
00bbac68_6281,12188.220997760467
00bbac68_6282,12189.548520953516
00bbac68_6283,12189.92337454635
00bbac68_6284,12190.51407225295
00bbac68_6285,12190.276493173127
00bbac68_6286,12183.964345268325
00bbac68_6287,12189.92337454635
00bbac68_6288,12190.590417086536
00bbac68_6289,12187.714340732278
00bbac68_6290,12190.169828409875
00bbac68_6291,12190.888578409875
00bbac68_6292,12190.888578409875
00bbac68_6293,12190.012257442586
00bbac68_6294,12191.900904652872
00bbac68_6295,12190.750736289807
00bbac68_6296,12193.79820722696
00bbac68_6297,12193.79820722696
00bbac68_6298,12191.469486289807
00bbac68_6299,12190.750736289807
00bbac68_6300,12190.750736289807
00bbac68_6301,12191.501954385016
00bbac68_6302,12191.559712763828
00bbac68_6303,12191.312572327279
00bbac68_6304,12191.5502562911
00bbac68_6305,12191.29686585455
00bbac68_6306,12190.772606395461
00bbac68_6307,12191.117710520157
00bbac68_6308,12191.77805747252
00bbac68_6309,12191.453354804577
00bbac68_6310,12191.98375970596
00bbac68_6311,12191.73903314346
00bbac68_6312,12191.421246009002
00bbac68_6313,12191.245555982756
00bbac68_6314,12190.934151044123
00bbac68_6315,12190.381119109086
00bbac68_6316,12191.131143348863
00bbac68_6317,12190.673785050722
00bbac68_6318,12190.591363175721
00bbac68_6319,12190.131647686374
00bbac68_6320,12191.01513019141
00bbac68_6321,12191.8020737412
00bbac68_6322,12190.494334410845
00bbac68_6323,12191.712396453786
00bbac68_6324,12191.309701793592
00bbac68_6325,12191.052049501424
00bbac68_6326,12189.082029469097
00bbac68_6327,12188.486388343723
00bbac68_6328,12191.057235865062
00bbac68_6329,12191.203922242143
00bbac68_6330,12191.289908691027
00bbac68_6331,12191.062558251448
00bbac68_6332,12191.062558251448
00bbac68_6333,12191.209244628528
00bbac68_6334,12191.373963190079
00bbac68_6335,12191.662479104294
00bbac68_6336,12190.620904491228
00bbac68_6337,12190.620904491228
00bbac68_6338,12191.50654674213
00bbac68_6339,12191.50654674213
00bbac68_6340,12191.50654674213
00bbac68_6341,12191.510949012218
00bbac68_6342,12191.813634231523
00bbac68_6343,12190.673693072105
00bbac68_6344,12190.644005572105
00bbac68_6345,12191.025450884605
00bbac68_6346,12191.172137261687
00bbac68_6347,12191.508789266347
00bbac68_6348,12190.625306761312
00bbac68_6349,12191.204994261312
00bbac68_6350,12191.37912690251
00bbac68_6351,12191.648717120042
00bbac68_6352,12191.374547525735
00bbac68_6353,12190.339071802491
00bbac68_6354,12191.154439185239
00bbac68_6355,12190.49664276978
00bbac68_6356,12191.232431177492
00bbac68_6357,12191.043473270154
00bbac68_6358,12188.745036663959
00bbac68_6359,12188.715917805112
00bbac68_6360,12190.50659861162
00bbac68_6361,12190.89752970747
00bbac68_6362,12191.069775469005
00bbac68_6363,12191.406427473665
00bbac68_6364,12191.713616188841
00bbac68_6365,12191.555327175634
00bbac68_6366,12191.250298206327
00bbac68_6367,12191.083405955422
00bbac68_6368,12191.81752160607
00bbac68_6369,12190.569865356068
00bbac68_6370,12190.569865356068
00bbac68_6371,12190.361259802108
00bbac68_6372,12190.082757085569
00bbac68_6373,12192.24282279714
00bbac68_6374,12192.088499260382
00bbac68_6375,12192.226213034197
00bbac68_6376,12192.252630432538
00bbac68_6377,12190.264473499772
00bbac68_6378,12189.997953361044
00bbac68_6379,12189.750812924494
00bbac68_6380,12189.397694297717
00bbac68_6381,12189.22268123491
00bbac68_6382,12190.087464929155
00bbac68_6383,12190.087464929155
00bbac68_6384,12189.397694297717
00bbac68_6385,12188.173342441754
00bbac68_6386,12189.203982424118
00bbac68_6387,12189.747935062858
00bbac68_6388,12190.26159563814
00bbac68_6389,12190.090411575293
00bbac68_6390,12190.354937687458
00bbac68_6391,12189.751599824764
00bbac68_6392,12189.493744039337
00bbac68_6393,12188.260861402216
00bbac68_6394,12189.299835509122
00bbac68_6395,12190.517253921955
00bbac68_6396,12190.29156783238
00bbac68_6397,12190.8121590671
00bbac68_6398,12192.620471657629
00bbac68_6399,12193.037699339577
00bbac68_6400,12190.861706945034
00bbac68_6401,12191.08739303461
00bbac68_6402,12190.738760968481
00bbac68_6403,12190.997881466501
00bbac68_6404,12190.222609340368
00bbac68_6405,12190.997881466501
00bbac68_6406,12190.997881466501
00bbac68_6407,12190.610602345176
00bbac68_6408,12190.001926251916
00bbac68_6409,12188.980964441816
00bbac68_6410,12190.777103913446
00bbac68_6411,12190.68258247243
00bbac68_6412,12190.751440663818
00bbac68_6413,12190.504300227269
00bbac68_6414,12190.612801226836
00bbac68_6415,12190.466114849754
00bbac68_6416,12189.882071165368
00bbac68_6417,12189.903048860153
00bbac68_6418,12193.077703720388
00bbac68_6419,12192.949915077723
00bbac68_6420,12192.949915077723
00bbac68_6421,12189.831867431578
00bbac68_6422,12192.861536561653
00bbac68_6423,12191.574864539569
00bbac68_6424,12190.347883056576
00bbac68_6425,12191.574864539569
00bbac68_6426,12192.374231874153
00bbac68_6427,12190.011750244077
00bbac68_6428,12190.514775307482
00bbac68_6429,12189.356086181577
00bbac68_6430,12190.514775307482
00bbac68_6431,12189.347456433496
00bbac68_6432,12190.512641954463
00bbac68_6433,12190.450069229784
00bbac68_6434,12191.582897366445
00bbac68_6435,12190.518047516474
00bbac68_6436,12190.363103794012
00bbac68_6437,12192.457329107718
00bbac68_6438,12192.480346860972
00bbac68_6439,12192.444868265662
00bbac68_6440,12190.589068043078
00bbac68_6441,12189.430378917174
00bbac68_6442,12192.073791088955
00bbac68_6443,12192.073791088955
00bbac68_6444,12188.985052718192
00bbac68_6445,12189.011669501791
00bbac68_6446,12190.003466376791
00bbac68_6447,12189.726357418558
00bbac68_6448,12189.731669127023
00bbac68_6449,12191.276334037415
00bbac68_6450,12191.505085275456
00bbac68_6451,12188.084338586072
00bbac68_6452,12189.366139403954
00bbac68_6453,12189.562366936823
00bbac68_6454,12191.32129778659
00bbac68_6455,12188.084338586072
00bbac68_6456,12189.165025299799
00bbac68_6457,12191.413460358905
00bbac68_6458,12189.560508184615
00bbac68_6459,12188.921318626082
00bbac68_6460,12189.493170974856
00bbac68_6461,12189.731798774463
00bbac68_6462,12189.731798774463
00bbac68_6463,12189.783174917737
00bbac68_6464,12189.666215685978
00bbac68_6465,12189.666215685978
00bbac68_6466,12189.490810798132
00bbac68_6467,12190.102476887996
00bbac68_6468,12189.67816613537
00bbac68_6469,12189.78786474246
00bbac68_6470,12189.511273884465
00bbac68_6471,12189.67816613537
00bbac68_6472,12190.024187160694
00bbac68_6473,12190.297429348195
00bbac68_6474,12191.556601580387
00bbac68_6475,12191.59698656123
00bbac68_6476,12189.67816613537
00bbac68_6477,12189.67816613537
00bbac68_6478,12188.86760849494
00bbac68_6479,12189.756236294546
00bbac68_6480,12189.5244796434
00bbac68_6481,12189.691371894303
00bbac68_6482,12190.40419209403
00bbac68_6483,12190.879901539409
00bbac68_6484,12189.706617916576
00bbac68_6485,12190.800280523308
00bbac68_6486,12192.646789878385
00bbac68_6487,12192.666478423314
00bbac68_6488,12192.404173735813
00bbac68_6489,12192.68341402422
00bbac68_6490,12191.181558506967
00bbac68_6491,12190.973385638696
00bbac68_6492,12190.627364613374
00bbac68_6493,12190.627364613374
00bbac68_6494,12190.706964821575
00bbac68_6495,12190.57079030011
00bbac68_6496,12190.459824385025
00bbac68_6497,12190.553050782284
00bbac68_6498,12192.442842304212
00bbac68_6499,12190.66301299418
00bbac68_6500,12190.856400727173
00bbac68_6501,12192.442842304212
00bbac68_6502,12192.423863425869
00bbac68_6503,12191.147410645404
00bbac68_6504,12189.789402832905
00bbac68_6505,12191.63466227118
00bbac68_6506,12190.84748665743
00bbac68_6507,12189.97907428296
00bbac68_6508,12191.169316742062
00bbac68_6509,12191.169316742062
00bbac68_6510,12190.904139107748
00bbac68_6511,12191.020162816854
00bbac68_6512,12191.093023335126
00bbac68_6513,12191.465580192755
00bbac68_6514,12190.810719547248
00bbac68_6515,12190.753680699256
00bbac68_6516,12191.009738822177
00bbac68_6517,12190.724692165879
00bbac68_6518,12190.63348390054
00bbac68_6519,12190.444599673163
00bbac68_6520,12190.940325449388
00bbac68_6521,12190.707044763903
00bbac68_6522,12190.970136312751
00bbac68_6523,12190.62411528743
00bbac68_6524,12190.687904512673
00bbac68_6525,12190.283242303958
00bbac68_6526,12188.624339285288
00bbac68_6527,12190.565114829418
00bbac68_6528,12191.330690849516
00bbac68_6529,12191.443891091329
00bbac68_6530,12190.172001723611
00bbac68_6531,12191.710576949361
00bbac68_6532,12191.923300728078
00bbac68_6533,12191.418881457612
00bbac68_6534,12191.45102257155
00bbac68_6535,12191.377702986345
00bbac68_6536,12191.377702986345
00bbac68_6537,12190.227006863644
00bbac68_6538,12191.498896231362
00bbac68_6539,12191.656988339395
00bbac68_6540,12191.498896231362
00bbac68_6541,12191.285878914614
00bbac68_6542,12191.285878914614
00bbac68_6543,12191.680589330019
00bbac68_6544,12190.60358904291
00bbac68_6545,12191.724238045756
00bbac68_6546,12191.540387104007
00bbac68_6547,12191.293246667457
00bbac68_6548,12191.293246667457
00bbac68_6549,12191.293246667457
00bbac68_6550,12191.340234427686
00bbac68_6551,12191.230856019529
00bbac68_6552,12193.24541738872
00bbac68_6553,12193.298446637433
00bbac68_6554,12191.724238045756
00bbac68_6555,12191.733006066108
00bbac68_6556,12193.251841659074
00bbac68_6557,12193.270820537418
00bbac68_6558,12193.267880491474
00bbac68_6559,12191.427118347212
00bbac68_6560,12193.466045612364
00bbac68_6561,12191.572458123454
00bbac68_6562,12187.471620093938
00bbac68_6563,12191.13700116044
00bbac68_6564,12191.461810230505
00bbac68_6565,12191.563734568665
00bbac68_6566,12191.502805737162
00bbac68_6567,12191.601587520003
00bbac68_6568,12191.27549685082
00bbac68_6569,12191.362588396336
00bbac68_6570,12191.473554311422
00bbac68_6571,12191.73838234916
00bbac68_6572,12191.434396812858
00bbac68_6573,12193.229888125277
00bbac68_6574,12193.271961086215
00bbac68_6575,12193.293279146823
00bbac68_6576,12193.259228776451
00bbac68_6577,12191.494418906075
00bbac68_6578,12191.431814648371
00bbac68_6579,12191.416548249475
00bbac68_6580,12191.321330044027
00bbac68_6581,12191.321330044027
00bbac68_6582,12191.607750903468
00bbac68_6583,12191.39004905868
00bbac68_6584,12191.39004905868
00bbac68_6585,12191.57748013813
00bbac68_6586,12191.765843011503
00bbac68_6587,12191.471827648746
00bbac68_6588,12192.858721936887
00bbac68_6589,12192.87166914848
00bbac68_6590,12191.071392553515
00bbac68_6591,12192.915702206776
00bbac68_6592,12190.951275366015
00bbac68_6593,12191.479694328696
00bbac68_6594,12189.959478491015
00bbac68_6595,12189.959478491015
00bbac68_6596,12191.293499636948
00bbac68_6597,12191.046359200398
00bbac68_6598,12191.157325115484
00bbac68_6599,12191.53074690322
00bbac68_6600,12189.959478491015
00bbac68_6601,12190.997621565131
00bbac68_6602,12191.164513816037
00bbac68_6603,12191.216688388005
00bbac68_6604,12191.743674121553
00bbac68_6605,12191.692621547027
00bbac68_6606,12192.86282287321
00bbac68_6607,12191.404050360423
00bbac68_6608,12191.293084445335
00bbac68_6609,12191.231733854496
00bbac68_6610,12193.19411741782
00bbac68_6611,12193.19616069526
00bbac68_6612,12192.709001977779
00bbac68_6613,12191.566913733117
00bbac68_6614,12191.483984256643
00bbac68_6615,12192.139228473889
00bbac68_6616,12192.925312269806
00bbac68_6617,12192.928252315753
00bbac68_6618,12192.938592530329
00bbac68_6619,12192.986173040365
00bbac68_6620,12192.986173040365
00bbac68_6621,12193.118085258244
00bbac68_6622,12191.162308103128
00bbac68_6623,12191.184937595648
00bbac68_6624,12191.564952411445
00bbac68_6625,12190.116374737929
00bbac68_6626,12193.053619575345
00bbac68_6627,12191.307757050286
00bbac68_6628,12190.519679166613
00bbac68_6629,12193.453806645262
00bbac68_6630,12193.456746691207
00bbac68_6631,12193.477684804413
00bbac68_6632,12190.540617279821
00bbac68_6633,12193.609774335117
00bbac68_6634,12193.550673418169
00bbac68_6635,12193.497263598718
00bbac68_6636,12193.437392168169
00bbac68_6637,12193.43271510219
00bbac68_6638,12193.45869166469
00bbac68_6639,12193.355382929847
00bbac68_6640,12191.57564734724
00bbac68_6641,12191.904480872563
00bbac68_6642,12193.321332559477
00bbac68_6643,12193.26163844175
00bbac68_6644,12193.310814695718
00bbac68_6645,12193.397494112387
00bbac68_6646,12193.310814695718
00bbac68_6647,12193.310814695718
00bbac68_6648,12193.453190115453
00bbac68_6649,12193.389062839295
00bbac68_6650,12193.392180198061
00bbac68_6651,12193.392180198061
00bbac68_6652,12191.646317673003
00bbac68_6653,12191.646349206028
00bbac68_6654,12190.205521298145
00bbac68_6655,12193.3600767953
00bbac68_6656,12193.434695486822
00bbac68_6657,12193.431755440875
00bbac68_6658,12193.468745857192
00bbac68_6659,12194.859163967034
00bbac68_6660,12191.577082960348
00bbac68_6661,12194.797614917814
00bbac68_6662,12194.761521270004
00bbac68_6663,12194.77671072129
00bbac68_6664,12194.908622939167
00bbac68_6665,12194.852902203651
00bbac68_6666,12194.772933155713
00bbac68_6667,12194.75757645433
00bbac68_6668,12194.789502544269
00bbac68_6669,12194.84186840182
00bbac68_6670,12194.93990756215
00bbac68_6671,12194.867598790204
00bbac68_6672,12194.86624547413
00bbac68_6673,12194.944531965202
00bbac68_6674,12194.772500986035
00bbac68_6675,12193.296590142569
00bbac68_6676,12194.926493557392
00bbac68_6677,12194.989101788467
00bbac68_6678,12194.895357300373
00bbac68_6679,12194.955051418097
00bbac68_6680,12194.588314568628
00bbac68_6681,12194.6409579461
00bbac68_6682,12194.74740555237
00bbac68_6683,12191.557353922562
00bbac68_6684,12194.663745519098
00bbac68_6685,12194.666862877864
00bbac68_6686,12191.95357929058
00bbac68_6687,12193.85406856576
00bbac68_6688,12193.696722702785
00bbac68_6689,12193.696722702785
00bbac68_6690,12193.9654679559
00bbac68_6691,12193.936752027841
00bbac68_6692,12191.982153014531
00bbac68_6693,12193.475806352213
00bbac68_6694,12193.55380876439
00bbac68_6695,12193.475806352213
00bbac68_6696,12193.489813844277
00bbac68_6697,12193.567816256455
00bbac68_6698,12194.896963038038
00bbac68_6699,12194.88652348054
00bbac68_6700,12194.88652348054
00bbac68_6701,12194.909018097826
00bbac68_6702,12192.189002934847
00bbac68_6703,12195.079730453033
00bbac68_6704,12195.156419469688
00bbac68_6705,12193.855437531394
00bbac68_6706,12193.741306454915
00bbac68_6707,12195.209180644113
00bbac68_6708,12195.209180644113
00bbac68_6709,12195.350679665458
00bbac68_6710,12195.409740513693
00bbac68_6711,12195.467238443112
00bbac68_6712,12193.999541566736
00bbac68_6713,12195.110137254787
00bbac68_6714,12195.58132051174
00bbac68_6715,12195.486629188421
00bbac68_6716,12195.520831119691
00bbac68_6717,12192.716198486884
00bbac68_6718,12194.25090213097
00bbac68_6719,12195.555265193088
00bbac68_6720,12194.17143388111
00bbac68_6721,12194.25090213097
00bbac68_6722,12195.555265193088
00bbac68_6723,12195.555265193088
00bbac68_6724,12195.495571075362
00bbac68_6725,12195.589315563459
00bbac68_6726,12195.57555852642
00bbac68_6727,12192.726691876062
00bbac68_6728,12195.708643877551
00bbac68_6729,12195.706926503502
00bbac68_6730,12195.693032192246
00bbac68_6731,12195.661000768054
00bbac68_6732,12192.774510628704
00bbac68_6733,12195.76622439221
00bbac68_6734,12195.76622439221
00bbac68_6735,12195.720694885778
00bbac68_6736,12195.678554949995
00bbac68_6737,12195.93054365995
00bbac68_6738,12195.93054365995
00bbac68_6739,12195.408731719806
00bbac68_6740,12195.935337242074
00bbac68_6741,12193.388506848285
00bbac68_6742,12196.35070618052
00bbac68_6743,12196.08410461802
00bbac68_6744,12196.502275929213
00bbac68_6745,12196.580791790104
00bbac68_6746,12196.57273416426
00bbac68_6747,12196.71674856943
00bbac68_6748,12196.80210013193
00bbac68_6749,12196.632373569431
00bbac68_6750,12196.849139878173
00bbac68_6751,12196.632373569431
00bbac68_6752,12196.726390939044
00bbac68_6753,12196.737152252666
00bbac68_6754,12196.968115087202
00bbac68_6755,12196.898193212202
00bbac68_6756,12196.58455190346
00bbac68_6757,12196.76580190346
00bbac68_6758,12196.85115346596
00bbac68_6759,12196.76580190346
00bbac68_6760,12196.898193212202
00bbac68_6761,12196.898615681805
00bbac68_6762,12196.936061983677
00bbac68_6763,12196.946754357832
00bbac68_6764,12196.966480920333
00bbac68_6765,12196.978061231834
00bbac68_6766,12197.008529981835
00bbac68_6767,12196.99876821982
00bbac68_6768,12197.008529981835
00bbac68_6769,12196.91412423498
00bbac68_6770,12196.94832616625
00bbac68_6771,12197.018864408763
00bbac68_6772,12197.017511092688
00bbac68_6773,12196.873824305323
00bbac68_6774,12193.927640048252
00bbac68_6775,12193.927640048252
00bbac68_6776,12197.062794289755
00bbac68_6777,12197.067286477257
00bbac68_6778,12196.9620628531
00bbac68_6779,12197.210821699451
00bbac68_6780,12194.061508727496
00bbac68_6781,12197.2840606249
00bbac68_6782,12197.360506147645
00bbac68_6783,12197.349027011584
00bbac68_6784,12197.349027011584
00bbac68_6785,12197.399674469676
00bbac68_6786,12196.345175606275
00bbac68_6787,12195.773990801481
00bbac68_6788,12197.200577900148
00bbac68_6789,12195.880353187236
00bbac68_6790,12195.880004356159
00bbac68_6791,12197.238123618496
00bbac68_6792,12197.272959215654
00bbac68_6793,12196.999842368496
00bbac68_6794,12197.067787223332
00bbac68_6795,12196.996725009729
00bbac68_6796,12197.026117323148
00bbac68_6797,12197.300742611968
00bbac68_6798,12195.68740664022
00bbac68_6799,12197.029234681919
00bbac68_6800,12197.33271654195
00bbac68_6801,12195.679594845667
00bbac68_6802,12196.013612249997
00bbac68_6803,12197.387707976524
00bbac68_6804,12197.387707976524
00bbac68_6805,12197.387707976524
00bbac68_6806,12197.489832745357
00bbac68_6807,12197.489832745357
00bbac68_6808,12197.228611857005
00bbac68_6809,12197.332077157636
00bbac68_6810,12197.522523865335
00bbac68_6811,12197.527016052834
00bbac68_6812,12197.552428800751
00bbac68_6813,12197.45789755075
00bbac68_6814,12197.331882934155
00bbac68_6815,12197.60811714008
00bbac68_6816,12197.60811714008
00bbac68_6817,12197.587758222973
00bbac68_6818,12197.606508222972
00bbac68_6819,12197.050547778157
00bbac68_6820,12195.832093213729
00bbac68_6821,12195.832093213729
00bbac68_6822,12196.04241743043
00bbac68_6823,12195.635267251992
00bbac68_6824,12197.644217426416
00bbac68_6825,12196.252559325694
00bbac68_6826,12196.149186333365
00bbac68_6827,12196.481197016958
00bbac68_6828,12195.742802433402
00bbac68_6829,12196.096203050127
00bbac68_6830,12196.178624925127
00bbac68_6831,12195.892437879882
00bbac68_6832,12196.178624925127
00bbac68_6833,12196.521890766957
00bbac68_6834,12196.257491170494
00bbac68_6835,12196.273885568457
00bbac68_6836,12196.09625453821
00bbac68_6837,12196.306578754911
00bbac68_6838,12196.01673879763
00bbac68_6839,12195.867103351151
00bbac68_6840,12196.220503967876
00bbac68_6841,12195.867103351151
00bbac68_6842,12191.37892799764
00bbac68_6843,12195.51534553865
00bbac68_6844,12197.993032795444
00bbac68_6845,12194.760172931592
00bbac68_6846,12196.486484527613
00bbac68_6847,12194.760172931592
00bbac68_6848,12194.760172931592
00bbac68_6849,12198.210391307504
00bbac68_6850,12198.210391307504
00bbac68_6851,12198.296577937203
00bbac68_6852,12195.587477903506
00bbac68_6853,12197.003557237502
00bbac68_6854,12198.332764783223
00bbac68_6855,12198.528248613231
00bbac68_6856,12198.377272050731
00bbac68_6857,12198.426526475188
00bbac68_6858,12196.288048965944
00bbac68_6859,12199.285854024973
00bbac68_6860,12199.268273621134
00bbac68_6861,12199.373782199204
00bbac68_6862,12199.041094744105
00bbac68_6863,12199.075392186453
00bbac68_6864,12199.05424650744
00bbac68_6865,12198.766754893497
00bbac68_6866,12199.11579168604
00bbac68_6867,12199.154803153873
00bbac68_6868,12199.144677333887
00bbac68_6869,12199.184062641052
00bbac68_6870,12199.194295738174
00bbac68_6871,12196.360833830038
00bbac68_6872,12198.95924093335
00bbac68_6873,12198.88565844522
00bbac68_6874,12198.969066578136
00bbac68_6875,12199.256558192077
00bbac68_6876,12199.009887728227
00bbac68_6877,12199.215059720547
00bbac68_6878,12196.072729941741
00bbac68_6879,12199.227993865741
00bbac68_6880,12199.285326865738
00bbac68_6881,12199.190431557769
00bbac68_6882,12199.321946368444
00bbac68_6883,12199.321946368444
00bbac68_6884,12199.10594177804
00bbac68_6885,12199.216928025584
00bbac68_6886,12199.398911061453
00bbac68_6887,12199.267396250778
00bbac68_6888,12199.420056740466
00bbac68_6889,12196.376346923664
00bbac68_6890,12199.530460027789
00bbac68_6891,12197.358075734954
00bbac68_6892,12196.017997562221
00bbac68_6893,12198.554257634525
00bbac68_6894,12196.10540958184
00bbac68_6895,12197.687804111041
00bbac68_6896,12197.687804111041
00bbac68_6897,12197.554874116484
00bbac68_6898,12197.79156692676
00bbac68_6899,12197.829807120701
00bbac68_6900,12197.829807120701
00bbac68_6901,12197.951406282378
00bbac68_6902,12198.015315067103
00bbac68_6903,12197.442507768437
00bbac68_6904,12197.181906406873
00bbac68_6905,12197.653544114066
00bbac68_6906,12198.09221241689
00bbac68_6907,12197.530308605556
00bbac68_6908,12199.130368361308
00bbac68_6909,12199.33368622733
00bbac68_6910,12199.312540548317
00bbac68_6911,12197.917866821881
00bbac68_6912,12198.013840124531
00bbac68_6913,12196.33547229268
00bbac68_6914,12197.395650112578
00bbac68_6915,12198.371911713893
00bbac68_6916,12199.40604148202
00bbac68_6917,12199.424427424048
00bbac68_6918,12197.855262564179
00bbac68_6919,12197.839832876678
00bbac68_6920,12197.103504751678
00bbac68_6921,12198.22223856203
00bbac68_6922,12197.462310751333
00bbac68_6923,12197.894320431435
00bbac68_6924,12199.509321623478
00bbac68_6925,12199.390643978657
00bbac68_6926,12199.332248963807
00bbac68_6927,12199.597382187172
00bbac68_6928,12199.630878074677
00bbac68_6929,12199.390310872817
00bbac68_6930,12198.127860439667
00bbac68_6931,12198.189650736558
00bbac68_6932,12198.618717398147
00bbac68_6933,12198.618717398147
00bbac68_6934,12198.618717398147
00bbac68_6935,12198.618717398147
00bbac68_6936,12198.414871007884
00bbac68_6937,12198.651643652836
00bbac68_6938,12198.767476462175
00bbac68_6939,12198.812965706622
00bbac68_6940,12197.456064041804
00bbac68_6941,12198.077951079686
00bbac68_6942,12198.955475473918
00bbac68_6943,12198.859502171266
00bbac68_6944,12198.859502171266
00bbac68_6945,12199.107444788562
00bbac68_6946,12198.649177954567
00bbac68_6947,12200.170198057162
00bbac68_6948,12200.220855433494
00bbac68_6949,12200.35237024417
00bbac68_6950,12198.897171090903
00bbac68_6951,12198.993144393553
00bbac68_6952,12199.206636859051
00bbac68_6953,12198.751653167077
00bbac68_6954,12197.785814128265
00bbac68_6955,12197.828334455751
00bbac68_6956,12198.478997859938
00bbac68_6957,12198.79089035254
00bbac68_6958,12200.28544153022
00bbac68_6959,12199.038872256317
00bbac68_6960,12198.865904441414
00bbac68_6961,12197.555370497343
00bbac68_6962,12198.32340295634
00bbac68_6963,12199.43668420634
00bbac68_6964,12199.137765026544
00bbac68_6965,12198.595294120194
00bbac68_6966,12199.994682653436
00bbac68_6967,12200.69082840077
00bbac68_6968,12200.676757299778
00bbac68_6969,12197.28378025265
00bbac68_6970,12198.891969644767
00bbac68_6971,12198.681645428065
00bbac68_6972,12198.891969644767
00bbac68_6973,12200.316859557657
00bbac68_6974,12201.150148119857
00bbac68_6975,12199.1696946269
00bbac68_6976,12199.061669230074
00bbac68_6977,12204.384177441058
00bbac68_6978,12205.089562264384
00bbac68_6979,12205.13664783273
00bbac68_6980,12205.005133022056
00bbac68_6981,12204.979881877756
00bbac68_6982,12205.067829076059
00bbac68_6983,12205.165136832731
00bbac68_6984,12205.190492535288
00bbac68_6985,12202.042614671842
00bbac68_6986,12202.077845973432
00bbac68_6987,12205.627405363217
00bbac68_6988,12205.477154218917
00bbac68_6989,12205.308381975148
00bbac68_6990,12205.426958906417
00bbac68_6991,12205.426958906417
00bbac68_6992,12205.397694174795
00bbac68_6993,12205.133772600147
00bbac68_6994,12205.392756975147
00bbac68_6995,12205.546498726855
00bbac68_6996,12202.182872797333
00bbac68_6997,12202.339932311606
00bbac68_6998,12205.844752920642
00bbac68_6999,12205.66451162652
00bbac68_7000,12205.810550989372
00bbac68_7001,12205.895902551872
00bbac68_7002,12205.726175989374
00bbac68_7003,12205.46212745996
00bbac68_7004,12205.496329391231
00bbac68_7005,12205.46212745996
00bbac68_7006,12205.070945580528
00bbac68_7007,12205.638187467677
00bbac68_7008,12205.491507780176
00bbac68_7009,12205.452054655176
00bbac68_7010,12205.638187467677
00bbac68_7011,12202.805467849965
00bbac68_7012,12205.491507780176
00bbac68_7013,12205.486570580528
00bbac68_7014,12205.6014365743
00bbac68_7015,12205.519007587329
00bbac68_7016,12205.284938649367
00bbac68_7017,12202.819716434155
00bbac68_7018,12205.675143356792
00bbac68_7019,12205.686337924337
00bbac68_7020,12202.819716434155
00bbac68_7021,12205.93860019117
00bbac68_7022,12205.760688557184
00bbac68_7023,12205.785939701482
00bbac68_7024,12202.96471983285
00bbac68_7025,12205.880470951482
00bbac68_7026,12206.340716274597
00bbac68_7027,12206.479248668893
00bbac68_7028,12204.688145537493
00bbac68_7029,12206.472392526619
00bbac68_7030,12205.507247781978
00bbac68_7031,12204.733115917006
00bbac68_7032,12203.620481512626
00bbac68_7033,12205.202876041829
00bbac68_7034,12205.53545393448
00bbac68_7035,12205.150046926363
00bbac68_7036,12204.891508497416
00bbac68_7037,12204.776927700272
00bbac68_7038,12206.463876902286
00bbac68_7039,12206.120896916027
00bbac68_7040,12203.698778560465
00bbac68_7041,12203.698778560465
00bbac68_7042,12205.218568831962
00bbac68_7043,12203.757812129548
00bbac68_7044,12203.757812129548
00bbac68_7045,12206.735503388454
00bbac68_7046,12206.582842898766
00bbac68_7047,12203.757812129548
00bbac68_7048,12206.766939478151
00bbac68_7049,12206.665820820892
00bbac68_7050,12203.810393898257
00bbac68_7051,12206.766939478151
00bbac68_7052,12206.635424667475
00bbac68_7053,12206.707206687412
00bbac68_7054,12203.91410748682
00bbac68_7055,12206.688480879706
00bbac68_7056,12206.784539877586
00bbac68_7057,12206.829777919473
00bbac68_7058,12205.331415841203
00bbac68_7059,12205.555607245406
00bbac68_7060,12205.88112401647
00bbac68_7061,12205.42793705285
00bbac68_7062,12205.082716438523
00bbac68_7063,12205.611510132425
00bbac68_7064,12206.98566118312
00bbac68_7065,12206.899547993991
00bbac68_7066,12206.8848375178
00bbac68_7067,12206.9146617035
00bbac68_7068,12206.947936832135
00bbac68_7069,12206.990303594592
00bbac68_7070,12205.741408093862
00bbac68_7071,12205.769756295882
00bbac68_7072,12207.133290710459
00bbac68_7073,12207.163307889947
00bbac68_7074,12205.414812537867
00bbac68_7075,12205.630683104915
00bbac68_7076,12205.871864950765
00bbac68_7077,12205.925093502403
00bbac68_7078,12206.286616939902
00bbac68_7079,12206.083671062755
00bbac68_7080,12206.292069500256
00bbac68_7081,12205.861035591788
00bbac68_7082,12206.315600835822
00bbac68_7083,12207.318985715125
00bbac68_7084,12207.5240200271
00bbac68_7085,12207.5240200271
00bbac68_7086,12207.392505216425
00bbac68_7087,12207.392505216425
00bbac68_7088,12207.4338557014
00bbac68_7089,12207.586516191088
00bbac68_7090,12207.586516191088
00bbac68_7091,12207.4338557014
00bbac68_7092,12207.565370512075
00bbac68_7093,12207.565370512075
00bbac68_7094,12204.676932534454
00bbac68_7095,12207.392237196287
00bbac68_7096,12207.392237196287
00bbac68_7097,12207.533567013817
00bbac68_7098,12207.533567013817
00bbac68_7099,12207.686420769705
00bbac68_7100,12207.730656202655
00bbac68_7101,12207.59914139198
00bbac68_7102,12207.75769968084
00bbac68_7103,12207.79644675917
00bbac68_7104,12207.672853464284
00bbac68_7105,12207.580799943633
00bbac68_7106,12207.321815568634
00bbac68_7107,12204.77079096307
00bbac68_7108,12207.597135181728
00bbac68_7109,12207.597135181728
00bbac68_7110,12207.827136040341
00bbac68_7111,12207.742761040341
00bbac68_7112,12207.827136040341
00bbac68_7113,12207.861337971613
00bbac68_7114,12208.004668685502
00bbac68_7115,12208.268630556953
00bbac68_7116,12208.160880707128
00bbac68_7117,12205.153023761954
00bbac68_7118,12207.954106679172
00bbac68_7119,12207.975395741672
00bbac68_7120,12205.238431771088
00bbac68_7121,12208.151819375806
00bbac68_7122,12207.920050624583
00bbac68_7123,12208.290558437084
00bbac68_7124,12208.004425624584
00bbac68_7125,12208.004425624584
00bbac68_7126,12208.379531066657
00bbac68_7127,12207.745441249583
00bbac68_7128,12208.004425624584
00bbac68_7129,12208.326752376477
00bbac68_7130,12205.299029043814
00bbac68_7131,12205.41098804745
00bbac68_7132,12205.41098804745
00bbac68_7133,12208.468225811384
00bbac68_7134,12208.463733623885
00bbac68_7135,12208.511272117448
00bbac68_7136,12208.511272117448
00bbac68_7137,12205.534179021883
00bbac68_7138,12207.96811127968
00bbac68_7139,12208.227095654682
00bbac68_7140,12208.227095654682
00bbac68_7141,12207.96811127968
00bbac68_7142,12208.222060730019
00bbac68_7143,12208.306435730019
00bbac68_7144,12208.306435730019
00bbac68_7145,12208.694876601285
00bbac68_7146,12208.690384413785
00bbac68_7147,12208.808149094908
00bbac68_7148,12208.808149094908
00bbac68_7149,12208.78105558201
00bbac68_7150,12208.132908907173
00bbac68_7151,12208.700391519511
00bbac68_7152,12208.983271732499
00bbac68_7153,12208.594109432664
00bbac68_7154,12208.594109432664
00bbac68_7155,12208.90260767
00bbac68_7156,12208.84744250581
00bbac68_7157,12208.84744250581
00bbac68_7158,12209.236604805646
00bbac68_7159,12209.433626513046
00bbac68_7160,12208.141697833995
00bbac68_7161,12207.739663587143
00bbac68_7162,12208.414020515775
00bbac68_7163,12207.833224906228
00bbac68_7164,12207.75023178729
00bbac68_7165,12208.844097863494
00bbac68_7166,12209.702354871282
00bbac68_7167,12208.16798438327
00bbac68_7168,12208.495432864249
00bbac68_7169,12208.49777661425
00bbac68_7170,12208.13390942675
00bbac68_7171,12209.788921762987
00bbac68_7172,12209.833383212292
00bbac68_7173,12208.208190353354
00bbac68_7174,12207.371321176674
00bbac68_7175,12207.451985239175
00bbac68_7176,12207.793052586901
00bbac68_7177,12207.770280783156
00bbac68_7178,12207.770280783156
00bbac68_7179,12207.770280783156
00bbac68_7180,12208.105422403245
00bbac68_7181,12207.621892087118
00bbac68_7182,12206.230654529587
00bbac68_7183,12206.324389710086
00bbac68_7184,12206.332120720062
00bbac68_7185,12207.082946331793
00bbac68_7186,12205.77678065718
00bbac68_7187,12205.77678065718
00bbac68_7188,12206.295711375473
00bbac68_7189,12205.87550088418
00bbac68_7190,12207.184888355358
00bbac68_7191,12207.752779185414
00bbac68_7192,12206.187612540632
00bbac68_7193,12201.168648599161
00bbac68_7194,12207.238336727667
00bbac68_7195,12208.549557822233
00bbac68_7196,12206.187612540632
00bbac68_7197,12200.473741708664
00bbac68_7198,12199.94240055326
00bbac68_7199,12206.187612540632
00bbac68_7200,12206.742923283971
00bbac68_7201,12206.943223257736
00bbac68_7202,12206.887974720252
00bbac68_7203,12206.738460361377
00bbac68_7204,12204.523104337768
00bbac68_7205,12207.412610500265
00bbac68_7206,12207.873306530979
00bbac68_7207,12206.686770069033
00bbac68_7208,12208.224777145308
00bbac68_7209,12208.218527145309
00bbac68_7210,12208.84871586852
00bbac68_7211,12208.80164555602
00bbac68_7212,12207.446201103437
00bbac68_7213,12208.312846179953
00bbac68_7214,12207.424074495655
00bbac68_7215,12208.000838602984
00bbac68_7216,12208.214160326032
00bbac68_7217,12208.924082776932
00bbac68_7218,12209.306772896154
00bbac68_7219,12209.457307761295
00bbac68_7220,12207.983067074842
00bbac68_7221,12209.656642977641
00bbac68_7222,12207.813207603687
00bbac68_7223,12209.974160173211
00bbac68_7224,12209.664309597232
00bbac68_7225,12211.91027581528
00bbac68_7226,12211.91027581528
00bbac68_7227,12211.65740300163
00bbac68_7228,12211.860531716515
00bbac68_7229,12211.773983226149
00bbac68_7230,12211.825264657346
00bbac68_7231,12211.822606249225
00bbac68_7232,12211.821280947339
00bbac68_7233,12211.818437746468
00bbac68_7234,12211.940217939658
00bbac68_7235,12208.533961755804
00bbac68_7236,12208.533961755804
00bbac68_7237,12211.823088494608
00bbac68_7238,12211.851677100756
00bbac68_7239,12211.851677100756
00bbac68_7240,12208.533961755804
00bbac68_7241,12211.055790708951
00bbac68_7242,12211.677965588962
00bbac68_7243,12211.677965588962
00bbac68_7244,12208.56871455126
00bbac68_7245,12211.857841290064
00bbac68_7246,12211.954851057648
00bbac68_7247,12211.92445490423
00bbac68_7248,12208.637135712695
00bbac68_7249,12211.954851057648
00bbac68_7250,12211.956731201499
00bbac68_7251,12211.986019097189
00bbac68_7252,12211.984860381912
00bbac68_7253,12212.048995478493
00bbac68_7254,12211.421708574659
00bbac68_7255,12211.509560673145
00bbac68_7256,12211.691379624646
00bbac68_7257,12211.761301499646
00bbac68_7258,12208.786213817935
00bbac68_7259,12211.65278566509
00bbac68_7260,12212.159489240743
00bbac68_7261,12212.085157086034
00bbac68_7262,12211.51341415877
00bbac68_7263,12211.779547180826
00bbac68_7264,12211.621322300753
00bbac68_7265,12211.621322300753
00bbac68_7266,12211.399744750504
00bbac68_7267,12211.512049438004
00bbac68_7268,12211.455819371535
00bbac68_7269,12208.342795484685
00bbac68_7270,12208.342795484685
00bbac68_7271,12211.337986807852
00bbac68_7272,12210.340171978
00bbac68_7273,12211.057274451154
00bbac68_7274,12210.742320415498
00bbac68_7275,12210.927594062554
00bbac68_7276,12210.37657031375
00bbac68_7277,12211.212271494382
00bbac68_7278,12211.13348757573
00bbac68_7279,12211.037767051008
00bbac68_7280,12211.036907885564
00bbac68_7281,12211.132025073064
00bbac68_7282,12211.382524075956
00bbac68_7283,12211.127836575955
00bbac68_7284,12210.709422759994
00bbac68_7285,12207.870553918237
00bbac68_7286,12211.150165157049
00bbac68_7287,12211.220087032048
00bbac68_7288,12211.397704009993
00bbac68_7289,12211.227163223784
00bbac68_7290,12211.482671663563
00bbac68_7291,12208.198712584905
00bbac68_7292,12211.061331927749
00bbac68_7293,12208.262573623253
00bbac68_7294,12208.262573623253
00bbac68_7295,12211.905579509925
00bbac68_7296,12211.84015899068
00bbac68_7297,12211.72785430318
00bbac68_7298,12211.67135000528
00bbac68_7299,12212.069096001913
00bbac68_7300,12211.790950073899
00bbac68_7301,12210.174455829807
00bbac68_7302,12210.254159250078
00bbac68_7303,12212.318423432687
00bbac68_7304,12212.089104322027
00bbac68_7305,12211.804548098375
00bbac68_7306,12208.605647672586
00bbac68_7307,12212.504558166649
00bbac68_7308,12212.504558166649
00bbac68_7309,12212.260484157556
00bbac68_7310,12212.527164852456
00bbac68_7311,12212.04589020956
00bbac68_7312,12210.440263181614
00bbac68_7313,12210.440263181614
00bbac68_7314,12211.325145890012
00bbac68_7315,12212.355905506229
00bbac68_7316,12211.994873325299
00bbac68_7317,12211.956279365742
00bbac68_7318,12211.984445183925
00bbac68_7319,12211.983586018481
00bbac68_7320,12212.127008764512
00bbac68_7321,12212.095532689727
00bbac68_7322,12212.630875363571
00bbac68_7323,12210.683454939295
00bbac68_7324,12212.262733833055
00bbac68_7325,12212.802136930848
00bbac68_7326,12212.653512851806
00bbac68_7327,12212.456564870656
00bbac68_7328,12212.153931510296
00bbac68_7329,12208.893131846491
00bbac68_7330,12212.262447344852
00bbac68_7331,12212.339205157352
00bbac68_7332,12212.421975110794
00bbac68_7333,12212.844073835995
00bbac68_7334,12209.544680212632
00bbac68_7335,12209.544680212632
00bbac68_7336,12211.228550743732
00bbac68_7337,12213.517740547784
00bbac68_7338,12213.425629553627
00bbac68_7339,12213.54131610334
00bbac68_7340,12212.920564483855
00bbac68_7341,12213.027246507598
00bbac68_7342,12211.357475715966
00bbac68_7343,12210.360689288795
00bbac68_7344,12209.632878914841
00bbac68_7345,12209.679051596038
00bbac68_7346,12213.112708833396
00bbac68_7347,12213.254937066991
00bbac68_7348,12213.679126597857
00bbac68_7349,12213.50786503058
00bbac68_7350,12212.966865926512
00bbac68_7351,12213.005459886068
00bbac68_7352,12209.706066262705
00bbac68_7353,12213.113785113077
00bbac68_7354,12212.777730216021
00bbac68_7355,12213.005269278521
00bbac68_7356,12213.223568768894
00bbac68_7357,12213.223568768894
00bbac68_7358,12213.437921262324
00bbac68_7359,12213.066452250232
00bbac68_7360,12212.86161830401
00bbac68_7361,12213.08915736651
00bbac68_7362,12213.08915736651
00bbac68_7363,12213.171636606898
00bbac68_7364,12212.730894209843
00bbac68_7365,12213.181291464713
00bbac68_7366,12213.489789702047
00bbac68_7367,12213.575429624056
00bbac68_7368,12209.949480612097
00bbac68_7369,12213.922540947246
00bbac68_7370,12213.94562539169
00bbac68_7371,12213.233364720345
00bbac68_7372,12213.267731706444
00bbac68_7373,12213.567531773235
00bbac68_7374,12213.646548308892
00bbac68_7375,12213.66944761048
00bbac68_7376,12213.900872383956
00bbac68_7377,12213.87920041315
00bbac68_7378,12213.507941810974
00bbac68_7379,12211.830484890575
00bbac68_7380,12213.551112911387
00bbac68_7381,12214.040422922693
00bbac68_7382,12213.477839325771
00bbac68_7383,12213.575447691997
00bbac68_7384,12213.591495802597
00bbac68_7385,12213.10982034173
00bbac68_7386,12213.555565037183
00bbac68_7387,12213.555565037183
00bbac68_7388,12213.475173962059
00bbac68_7389,12213.484779110426
00bbac68_7390,12213.623314959246
00bbac68_7391,12210.299622733904
00bbac68_7392,12214.156996519343
00bbac68_7393,12213.960048538192
00bbac68_7394,12213.246555210211
00bbac68_7395,12213.256160358576
00bbac68_7396,12213.048152546076
00bbac68_7397,12213.256160358576
00bbac68_7398,12213.424414371657
00bbac68_7399,12213.35750939598
00bbac68_7400,12212.875833935115
00bbac68_7401,12210.061189048613
00bbac68_7402,12213.670063142901
00bbac68_7403,12213.759180359353
00bbac68_7404,12213.36027564744
00bbac68_7405,12213.434746014254
00bbac68_7406,12213.456035076755
00bbac68_7407,12213.434746014254
00bbac68_7408,12213.456035076755
00bbac68_7409,12213.434746014254
00bbac68_7410,12210.173972541887
00bbac68_7411,12213.547050701754
00bbac68_7412,12213.547050701754
00bbac68_7413,12213.5647983208
00bbac68_7414,12213.496806220632
00bbac68_7415,12213.511062877522
00bbac68_7416,12213.689643197773
00bbac68_7417,12213.710932260274
00bbac68_7418,12213.801947885273
00bbac68_7419,12213.819942543394
00bbac68_7420,12213.655182674363
00bbac68_7421,12213.764557674363
00bbac68_7422,12210.47373336087
00bbac68_7423,12213.170633512658
00bbac68_7424,12213.149344450158
00bbac68_7425,12213.184891325158
00bbac68_7426,12213.261649137658
00bbac68_7427,12213.149344450158
00bbac68_7428,12213.149344450158
00bbac68_7429,12209.894067011664
00bbac68_7430,12213.105364301791
00bbac68_7431,12213.105364301791
00bbac68_7432,12212.599100175335
00bbac68_7433,12213.010853761203
00bbac68_7434,12213.157533448702
00bbac68_7435,12213.045228761202
00bbac68_7436,12213.110425067833
00bbac68_7437,12213.089136005332
00bbac68_7438,12213.089136005332
00bbac68_7439,12213.131336158462
00bbac68_7440,12213.11004709596
00bbac68_7441,12213.22235178346
00bbac68_7442,12213.22235178346
00bbac68_7443,12212.29188303346
00bbac68_7444,12213.075672095962
00bbac68_7445,12213.708718841433
00bbac68_7446,12213.075672095962
00bbac68_7447,12212.663918510094
00bbac68_7448,12213.066066947595
00bbac68_7449,12213.066066947595
00bbac68_7450,12213.42178584395
00bbac68_7451,12213.066066947595
00bbac68_7452,12213.075672095962
00bbac68_7453,12213.416572227878
00bbac68_7454,12213.066066947595
00bbac68_7455,12213.11004709596
00bbac68_7456,12213.11004709596
00bbac68_7457,12213.072333614262
00bbac68_7458,12213.537457274158
00bbac68_7459,12213.140157058195
00bbac68_7460,12211.580031073525
00bbac68_7461,12213.346276095754
00bbac68_7462,12213.770465626618
00bbac68_7463,12213.589831193214
00bbac68_7464,12213.709761124534
00bbac68_7465,12213.761092760491
00bbac68_7466,12213.761092760491
00bbac68_7467,12213.589831193214
00bbac68_7468,12213.702002459351
00bbac68_7469,12213.761092760491
00bbac68_7470,12213.336903229627
00bbac68_7471,12211.547106863496
00bbac68_7472,12209.863236332396
00bbac68_7473,12210.517443171428
00bbac68_7474,12211.70667170635
00bbac68_7475,12212.984718477252
00bbac68_7476,12213.192530977252
00bbac68_7477,12210.59104670635
00bbac68_7478,12211.60335139385
00bbac68_7479,12212.829249727252
00bbac68_7480,12209.908355344744
00bbac68_7481,12213.292142177097
00bbac68_7482,12213.237649989598
00bbac68_7483,12211.749446968697
00bbac68_7484,12210.886195212408
00bbac68_7485,12210.03005441504
00bbac68_7486,12209.908355344744
00bbac68_7487,12209.908355344744
00bbac68_7488,12209.955640352538
00bbac68_7489,12197.548620764781
00bbac68_7490,12203.186677728869
00bbac68_7491,12211.20139765172
00bbac68_7492,12210.903034465442
00bbac68_7493,12209.900213980574
00bbac68_7494,12205.051859845913
00bbac68_7495,12201.746495110114
00bbac68_7496,12207.183806478452
00bbac68_7497,12208.503369433078
00bbac68_7498,12205.630760061202
00bbac68_7499,12207.852839221945
00bbac68_7500,12209.773599095757
00bbac68_7501,12211.20139765172
00bbac68_7502,12211.513664426217
00bbac68_7503,12210.903034465442
00bbac68_7504,12210.903034465442
00bbac68_7505,12211.525943176232
00bbac68_7506,12211.312363566803
00bbac68_7507,12210.844043938003
00bbac68_7508,12211.227543342415
00bbac68_7509,12210.844043938003
00bbac68_7510,12203.4211060863
00bbac68_7511,12209.567840884063
00bbac68_7512,12209.62078995436
00bbac68_7513,12210.844043938003
00bbac68_7514,12211.292526258017
00bbac68_7515,12212.897135528918
00bbac68_7516,12209.567840884063
00bbac68_7517,12213.448858059124
00bbac68_7518,12213.024668528258
00bbac68_7519,12212.951627716418
00bbac68_7520,12211.307955945518
00bbac68_7521,12212.897135528918
00bbac68_7522,12213.17666943127
00bbac68_7523,12211.65651893715
00bbac68_7524,12210.644214249649
00bbac68_7525,12211.64108924965
00bbac68_7526,12215.12167508305
00bbac68_7527,12215.542175108478
00bbac68_7528,12215.096341580997
00bbac68_7529,12213.57427596972
00bbac68_7530,12213.983975266634
00bbac68_7531,12215.096341580997
00bbac68_7532,12214.998153806271
00bbac68_7533,12211.737888250695
00bbac68_7534,12215.618905425756
00bbac68_7535,12215.447643858479
00bbac68_7536,12215.618905425756
00bbac68_7537,12215.294812661265
00bbac68_7538,12211.837985017068
00bbac68_7539,12215.380365304667
00bbac68_7540,12214.71362587396
00bbac68_7541,12214.71362587396
00bbac68_7542,12215.486936242462
00bbac68_7543,12215.574663942238
00bbac68_7544,12211.864908334452
00bbac68_7545,12211.864908334452
00bbac68_7546,12211.864908334452
00bbac68_7547,12215.463939732868
00bbac68_7548,12215.463939732868
00bbac68_7549,12215.574663942238
00bbac68_7550,12215.574663942238
00bbac68_7551,12215.138006081217
00bbac68_7552,12215.193670143717
00bbac68_7553,12211.864908334452
00bbac68_7554,12215.284685768716
00bbac68_7555,12215.193670143717
00bbac68_7556,12215.427068581217
00bbac68_7557,12215.172381081216
00bbac68_7558,12215.172381081216
00e12e8b_2083,11609.709085308428
00e12e8b_2084,11609.709085308428
00e12e8b_2085,11609.709085308428
00e12e8b_2086,11609.709085308428
00e12e8b_2087,11609.709085308428
00e12e8b_2088,11609.750462086595
00e12e8b_2089,11609.714746278347
00e12e8b_2090,11610.913094110347
00e12e8b_2091,11610.948925965848
00e12e8b_2092,11619.272214426155
00e12e8b_2093,11610.948925965848
00e12e8b_2094,11610.948925965848
00e12e8b_2095,11610.948925965848
00e12e8b_2096,11610.948925965848
00e12e8b_2097,11619.26634471187
00e12e8b_2098,11610.943056251559
00e12e8b_2099,11612.120937230466
00e12e8b_2100,11612.023289853218
00e12e8b_2101,11612.045888018565
00e12e8b_2102,11612.157088192556
00e12e8b_2103,11612.010998007287
00e12e8b_2104,11612.376685430325
00e12e8b_2105,11612.355265661692
00e12e8b_2106,11613.008924679589
00e12e8b_2107,11612.544231389202
00e12e8b_2108,11613.215754245763
00e12e8b_2109,11619.278345402576
00e12e8b_2110,11617.233917842159
00e12e8b_2111,11621.513145684901
00e12e8b_2112,11620.630334227135
00e12e8b_2113,11622.611823035839
00e12e8b_2114,11622.939634134415
00e12e8b_2115,11621.744892958815
00e12e8b_2116,11619.07066164875
00e12e8b_2117,11620.976126313808
00e12e8b_2118,11622.759275149361
00e12e8b_2119,11619.243298917521
00e12e8b_2120,11617.452103772097
00e12e8b_2121,11618.425657732729
00e12e8b_2122,11618.331549491892
00e12e8b_2123,11617.419891956379
00e12e8b_2124,11617.16665954139
00e12e8b_2125,11616.439382178278
00e12e8b_2126,11616.42532075709
00e12e8b_2127,11617.559666562505
00e12e8b_2128,11616.42532075709
00e12e8b_2129,11618.057918214752
00e12e8b_2130,11618.393445917012
00e12e8b_2131,11620.634166128835
00e12e8b_2132,11619.091894149293
00e12e8b_2133,11621.609049248545
00e12e8b_2134,11614.14600465627
00e12e8b_2135,11618.109127135087
00e12e8b_2136,11617.49157040438
00e12e8b_2137,11616.49699920509
00e12e8b_2138,11617.513853556702
00e12e8b_2139,11616.511060626279
00e12e8b_2140,11617.631345010504
00e12e8b_2141,11615.820010571186
00e12e8b_2142,11613.85363162019
00e12e8b_2143,11613.964528831193
00e12e8b_2144,11614.410083438543
00e12e8b_2145,11613.462053164329
00e12e8b_2146,11613.111949767861
00e12e8b_2147,11613.4917107709
00e12e8b_2148,11612.312236699956
00e12e8b_2149,11612.610283354625
00e12e8b_2150,11612.565728100582
00e12e8b_2151,11612.99201151834
00e12e8b_2152,11612.285209422542
00e12e8b_2153,11612.506182185714
00e12e8b_2154,11613.237250957147
00e12e8b_2155,11613.501667447781
00e12e8b_2156,11612.281780061809
00e12e8b_2157,11612.05025284909
00e12e8b_2158,11612.05025284909
00e12e8b_2159,11612.303199830443
00e12e8b_2160,11612.054543035163
00e12e8b_2161,11612.307490016512
00e12e8b_2162,11612.067062974822
00e12e8b_2163,11611.920972789554
00e12e8b_2164,11618.963224548439
00e12e8b_2165,11612.013388547306
00e12e8b_2166,11612.104547667124
00e12e8b_2167,11612.048152906282
00e12e8b_2168,11612.45989251277
00e12e8b_2169,11612.371590406281
00e12e8b_2170,11619.315945882514
00e12e8b_2171,11612.422553927856
00e12e8b_2172,11612.478331978964
00e12e8b_2173,11619.276208555711
00e12e8b_2174,11612.48896622296
00e12e8b_2175,11612.595365787585
00e12e8b_2176,11612.884076702752
00e12e8b_2177,11612.508063255937
00e12e8b_2178,11612.884076702752
00e12e8b_2179,11612.54282761491
00e12e8b_2180,11612.54282761491
00e12e8b_2181,11612.64364966106
00e12e8b_2182,11611.329114780505
00e12e8b_2183,11612.64364966106
00e12e8b_2184,11611.329114780505
00e12e8b_2185,11611.364946636004
00e12e8b_2186,11611.364946636004
00e12e8b_2187,11612.54282761491
00e12e8b_2188,11611.364946636004
00e12e8b_2189,11611.329114780505
00e12e8b_2190,11611.386775355159
00e12e8b_2191,11612.564656334067
00e12e8b_2192,11612.542058168718
00e12e8b_2193,11611.386775355159
00e12e8b_2194,11611.399470667659
00e12e8b_2195,11611.363638812158
00e12e8b_2196,11612.577351646567
00e12e8b_2197,11619.452916963717
00e12e8b_2198,11611.399666918414
00e12e8b_2199,11611.399666918414
00e12e8b_2200,11611.400110473967
00e12e8b_2201,11611.400110473967
00e12e8b_2202,11611.428659807301
00e12e8b_2203,11611.428659807301
00e12e8b_2204,11612.723990123217
00e12e8b_2205,11611.546109144309
00e12e8b_2206,11611.546109144309
00e12e8b_2207,11611.546109144309
00e12e8b_2208,11612.723990123217
00e12e8b_2209,11611.546109144309
00e12e8b_2210,11612.824812169367
00e12e8b_2211,11612.73625495212
00e12e8b_2212,11612.73625495212
00e12e8b_2213,11612.771019311094
00e12e8b_2214,11612.73625495212
00e12e8b_2215,11612.772713955954
00e12e8b_2216,11612.908300361076
00e12e8b_2217,11612.807478314928
00e12e8b_2218,11612.807478314928
00e12e8b_2219,11612.896931035262
00e12e8b_2220,11612.659043974996
00e12e8b_2221,11612.760706874955
00e12e8b_2222,11612.798686201955
00e12e8b_2223,11613.24321598147
00e12e8b_2224,11613.277149493611
00e12e8b_2225,11613.071389059087
00e12e8b_2226,11613.87283797051
00e12e8b_2227,11619.51127355534
00e12e8b_2228,11614.53794645367
00e12e8b_2229,11614.508288847099
00e12e8b_2230,11614.93721474863
00e12e8b_2231,11618.50716947415
00e12e8b_2232,11617.498792324286
00e12e8b_2233,11618.50716947415
00e12e8b_2234,11618.512762666853
00e12e8b_2235,11618.60988561866
00e12e8b_2236,11618.747881128773
00e12e8b_2237,11615.29124399485
00e12e8b_2238,11618.803306382197
00e12e8b_2239,11615.640054795076
00e12e8b_2240,11615.414345460269
00e12e8b_2241,11614.942342682292
00e12e8b_2242,11620.044330841445
00e12e8b_2243,11614.923062621243
00e12e8b_2244,11614.473043780301
00e12e8b_2245,11614.441208707362
00e12e8b_2246,11614.803796210952
00e12e8b_2247,11614.514061637445
00e12e8b_2248,11613.742835856547
00e12e8b_2249,11620.09686244396
00e12e8b_2250,11619.83397181896
00e12e8b_2251,11613.77558227969
00e12e8b_2252,11613.77558227969
00e12e8b_2253,11619.83397181896
00e12e8b_2254,11614.436219029854
00e12e8b_2255,11613.641003248269
00e12e8b_2256,11613.929303850191
00e12e8b_2257,11613.873083808967
00e12e8b_2258,11613.652111045792
00e12e8b_2259,11613.873083808967
00e12e8b_2260,11619.883681430623
00e12e8b_2261,11613.4069906533
00e12e8b_2262,11613.668526996638
00e12e8b_2263,11613.670425211667
00e12e8b_2264,11613.713798231274
00e12e8b_2265,11613.399972951152
00e12e8b_2266,11619.844756382827
00e12e8b_2267,11613.684655207568
00e12e8b_2268,11613.355439031488
00e12e8b_2269,11619.865259942777
00e12e8b_2270,11613.382287997005
00e12e8b_2271,11612.37143473577
00e12e8b_2272,11613.549315714678
00e12e8b_2273,11613.549315714678
00e12e8b_2274,11613.549315714678
00e12e8b_2275,11612.37143473577
00e12e8b_2276,11612.42900893127
00e12e8b_2277,11612.42900893127
00e12e8b_2278,11620.096999730662
00e12e8b_2279,11612.466260461159
00e12e8b_2280,11612.466260461159
00e12e8b_2281,11612.466260461159
00e12e8b_2282,11612.466260461159
00e12e8b_2283,11612.466260461159
00e12e8b_2284,11612.495403108602
00e12e8b_2285,11612.495403108602
00e12e8b_2286,11612.495403108602
00e12e8b_2287,11612.547405785921
00e12e8b_2288,11612.547405785921
00e12e8b_2289,11612.575653106182
00e12e8b_2290,11620.2906718868
00e12e8b_2291,11612.645575105667
00e12e8b_2292,11620.2906718868
00e12e8b_2293,11612.684158927892
00e12e8b_2294,11612.71213901143
00e12e8b_2295,11612.751816077078
00e12e8b_2296,11612.789397311648
00e12e8b_2297,11612.789397311648
00e12e8b_2298,11612.789397311648
00e12e8b_2299,11612.789397311648
00e12e8b_2300,11620.32825312137
00e12e8b_2301,11612.812181666486
00e12e8b_2302,11612.812181666486
00e12e8b_2303,11612.83595638544
00e12e8b_2304,11612.866009799494
00e12e8b_2305,11612.866009799494
00e12e8b_2306,11620.77461921049
00e12e8b_2307,11620.77461921049
00e12e8b_2308,11620.77461921049
00e12e8b_2309,11612.922767289314
00e12e8b_2310,11612.922767289314
00e12e8b_2311,11620.802000412992
00e12e8b_2312,11612.922767289314
00e12e8b_2313,11612.951967941619
00e12e8b_2314,11612.951967941619
00e12e8b_2315,11613.068355641139
00e12e8b_2316,11613.05854839423
00e12e8b_2317,11620.91401919684
00e12e8b_2318,11612.999504017938
00e12e8b_2319,11613.04500626677
00e12e8b_2320,11613.070941341273
00e12e8b_2321,11613.070941341273
00e12e8b_2322,11613.093838777168
00e12e8b_2323,11613.093838777168
00e12e8b_2324,11613.093838777168
00e12e8b_2325,11613.093838777168
00e12e8b_2326,11613.080021345515
00e12e8b_2327,11613.080021345515
00e12e8b_2328,11613.080021345515
00e12e8b_2329,11613.09459012049
00e12e8b_2330,11613.09305017244
00e12e8b_2331,11613.09305017244
00e12e8b_2332,11613.09305017244
00e12e8b_2333,11613.120885581473
00e12e8b_2334,11613.120885581473
00e12e8b_2335,11613.120885581473
00e12e8b_2336,11613.15214069734
00e12e8b_2337,11613.15214069734
00e12e8b_2338,11613.15214069734
00e12e8b_2339,11613.15214069734
00e12e8b_2340,11613.15214069734
00e12e8b_2341,11613.18222958623
00e12e8b_2342,11613.18222958623
00e12e8b_2343,11620.891107915922
00e12e8b_2344,11613.18222958623
00e12e8b_2345,11613.18222958623
00e12e8b_2346,11613.213370996116
00e12e8b_2347,11613.213370996116
00e12e8b_2348,11613.24836126887
00e12e8b_2349,11613.26959481362
00e12e8b_2350,11613.26959481362
00e12e8b_2351,11613.26959481362
00e12e8b_2352,11613.311140085225
00e12e8b_2353,11620.986443074253
00e12e8b_2354,11614.523326822722
00e12e8b_2355,11613.301685166261
00e12e8b_2356,11614.523326822722
00e12e8b_2357,11614.573942592406
00e12e8b_2358,11613.352300935945
00e12e8b_2359,11613.407348680052
00e12e8b_2360,11621.050229412896
00e12e8b_2361,11613.420020783946
00e12e8b_2362,11614.64166244041
00e12e8b_2363,11613.495395200516
00e12e8b_2364,11614.738745709436
00e12e8b_2365,11613.517104052975
00e12e8b_2366,11613.558730606164
00e12e8b_2367,11614.836876275464
00e12e8b_2368,11614.872308327263
00e12e8b_2369,11613.674622471695
00e12e8b_2370,11613.674622471695
00e12e8b_2371,11613.674622471695
00e12e8b_2372,11613.668711043123
00e12e8b_2373,11613.69855113485
00e12e8b_2374,11613.722743032286
00e12e8b_2375,11613.722743032286
00e12e8b_2376,11613.730671854344
00e12e8b_2377,11613.737664497577
00e12e8b_2378,11613.75792237993
00e12e8b_2379,11613.75792237993
00e12e8b_2380,11614.971998587478
00e12e8b_2381,11613.861598211344
00e12e8b_2382,11613.861598211344
00e12e8b_2383,11621.954301024904
00e12e8b_2384,11613.891755865305
00e12e8b_2385,11613.918558491223
00e12e8b_2386,11613.918558491223
00e12e8b_2387,11613.918558491223
00e12e8b_2388,11621.954301024904
00e12e8b_2389,11613.918558491223
00e12e8b_2390,11615.132634698773
00e12e8b_2391,11615.132634698773
00e12e8b_2392,11613.918558491223
00e12e8b_2393,11615.125872032104
00e12e8b_2394,11614.02838968069
00e12e8b_2395,11615.259288975265
00e12e8b_2396,11614.053141589775
00e12e8b_2397,11614.06178196998
00e12e8b_2398,11615.351873906584
00e12e8b_2399,11615.396365373492
00e12e8b_2400,11615.198514427524
00e12e8b_2401,11613.98935353328
00e12e8b_2402,11615.323936936791
00e12e8b_2403,11615.279445469885
00e12e8b_2404,11614.0648149426
00e12e8b_2405,11614.0648149426
00e12e8b_2406,11615.241875677295
00e12e8b_2407,11621.981054901891
00e12e8b_2408,11615.267743852359
00e12e8b_2409,11615.388251048327
00e12e8b_2410,11615.377988973847
00e12e8b_2411,11615.232979493387
00e12e8b_2412,11615.377988973847
00e12e8b_2413,11615.648014483486
00e12e8b_2414,11615.283606546407
00e12e8b_2415,11615.433688538073
00e12e8b_2416,11615.686178247743
00e12e8b_2417,11615.454651035023
00e12e8b_2418,11615.337101342106
00e12e8b_2419,11615.717371973235
00e12e8b_2420,11615.302336983132
00e12e8b_2421,11615.743085769112
00e12e8b_2422,11615.448604852329
00e12e8b_2423,11616.006774872798
00e12e8b_2424,11615.496645337138
00e12e8b_2425,11616.050490394491
00e12e8b_2426,11615.798826643206
00e12e8b_2427,11622.082395833859
00e12e8b_2428,11616.10069215348
00e12e8b_2429,11615.835494686906
00e12e8b_2430,11616.060757437468
00e12e8b_2431,11616.060757437468
00e12e8b_2432,11615.842768412394
00e12e8b_2433,11615.425588559383
00e12e8b_2434,11615.894477910206
00e12e8b_2435,11615.460452941865
00e12e8b_2436,11615.679379049438
00e12e8b_2437,11615.615724496809
00e12e8b_2438,11615.485710392844
00e12e8b_2439,11615.683488863855
00e12e8b_2440,11615.132145979023
00e12e8b_2441,11615.319847515166
00e12e8b_2442,11615.308743295875
00e12e8b_2443,11615.305419732482
00e12e8b_2444,11615.29314337721
00e12e8b_2445,11615.14737873026
00e12e8b_2446,11615.322660878399
00e12e8b_2447,11615.189634013053
00e12e8b_2448,11615.39905321263
00e12e8b_2449,11615.180127105057
00e12e8b_2450,11621.891034496304
00e12e8b_2451,11615.428761839397
00e12e8b_2452,11615.428761839397
00e12e8b_2453,11615.46299123183
00e12e8b_2454,11615.28479660368
00e12e8b_2455,11615.494215803257
00e12e8b_2456,11615.46299123183
00e12e8b_2457,11615.776589623689
00e12e8b_2458,11615.780620306043
00e12e8b_2459,11615.773346580554
00e12e8b_2460,11615.459988089708
00e12e8b_2461,11615.780620306043
00e12e8b_2462,11615.472862208024
00e12e8b_2463,11615.999612917112
00e12e8b_2464,11615.468777649457
00e12e8b_2465,11615.302144528909
00e12e8b_2466,11615.809420026362
00e12e8b_2467,11621.959014381639
00e12e8b_2468,11615.808373082113
00e12e8b_2469,11615.812403764467
00e12e8b_2470,11615.325617040582
00e12e8b_2471,11615.824625280704
00e12e8b_2472,11615.32227840845
00e12e8b_2473,11615.551999857462
00e12e8b_2474,11616.075551710259
00e12e8b_2475,11616.074586560833
00e12e8b_2476,11616.084429286017
00e12e8b_2477,11615.862491373417
00e12e8b_2478,11616.083464136591
00e12e8b_2479,11616.083464136591
00e12e8b_2480,11616.131509052535
00e12e8b_2481,11615.86534643653
00e12e8b_2482,11616.112485195106
00e12e8b_2483,11616.1463679648
00e12e8b_2484,11616.187267830239
00e12e8b_2485,11615.921105214238
00e12e8b_2486,11615.925395201626
00e12e8b_2487,11616.1463679648
00e12e8b_2488,11616.1463679648
00e12e8b_2489,11615.91171341273
00e12e8b_2490,11622.058324029902
00e12e8b_2491,11616.609630310648
00e12e8b_2492,11616.184899049382
00e12e8b_2493,11616.563556075167
00e12e8b_2494,11616.15279142098
00e12e8b_2495,11615.945536174146
00e12e8b_2496,11615.941246186758
00e12e8b_2497,11616.207408802758
00e12e8b_2498,11622.061917760146
00e12e8b_2499,11616.15561275341
00e12e8b_2500,11616.62862789848
00e12e8b_2501,11616.164519978054
00e12e8b_2502,11615.942582065454
00e12e8b_2503,11616.024871540554
00e12e8b_2504,11614.325733242156
00e12e8b_2505,11614.455479046912
00e12e8b_2506,11614.374270487519
00e12e8b_2507,11620.37353729381
00e12e8b_2508,11614.461931128419
00e12e8b_2509,11615.53318029995
00e12e8b_2510,11616.37172149427
00e12e8b_2511,11615.53318029995
00e12e8b_2512,11614.428693890788
00e12e8b_2513,11614.515090355737
00e12e8b_2514,11615.675441918236
00e12e8b_2515,11614.428693890788
00e12e8b_2516,11615.666897963336
00e12e8b_2517,11617.791753718127
00e12e8b_2518,11614.547812839855
00e12e8b_2519,11618.21431717016
00e12e8b_2520,11614.46141637491
00e12e8b_2521,11614.478695233833
00e12e8b_2522,11620.403882405193
00e12e8b_2523,11614.39867974423
00e12e8b_2524,11614.539499612445
00e12e8b_2525,11620.422309000283
00e12e8b_2526,11615.56449937484
00e12e8b_2527,11617.59188288157
00e12e8b_2528,11614.551898455875
00e12e8b_2529,11614.272270511314
00e12e8b_2530,11614.280361898604
00e12e8b_2531,11614.31776387822
00e12e8b_2532,11616.207521755352
00e12e8b_2533,11614.247467187412
00e12e8b_2534,11614.261444070911
00e12e8b_2535,11614.320230104702
00e12e8b_2536,11613.900758987815
00e12e8b_2537,11613.900997083052
00e12e8b_2538,11614.320230104702
00e12e8b_2539,11614.265806701436
00e12e8b_2540,11614.265806701436
00e12e8b_2541,11614.357493880432
00e12e8b_2542,11620.625494889306
00e12e8b_2543,11613.869259527533
00e12e8b_2544,11620.625494889306
00e12e8b_2545,11613.418477173738
00e12e8b_2546,11613.735071895613
00e12e8b_2547,11613.415624006147
00e12e8b_2548,11613.850576547022
00e12e8b_2549,11613.851541696447
00e12e8b_2550,11620.614463310128
00e12e8b_2551,11620.614463310128
00e12e8b_2552,11613.731065177411
00e12e8b_2553,11613.734236092467
00e12e8b_2554,11614.130525154967
00e12e8b_2555,11614.363949643663
00e12e8b_2556,11614.278250184783
00e12e8b_2557,11614.309987740304
00e12e8b_2558,11614.309749645065
00e12e8b_2559,11614.736968153296
00e12e8b_2560,11614.441636918626
00e12e8b_2561,11620.967896721548
00e12e8b_2562,11614.165242841791
00e12e8b_2563,11613.842811214226
00e12e8b_2564,11614.477369331304
00e12e8b_2565,11613.91019803711
00e12e8b_2566,11614.489060552081
00e12e8b_2567,11614.4745806155
00e12e8b_2568,11613.908649359586
00e12e8b_2569,11613.939873931013
00e12e8b_2570,11614.19685159472
00e12e8b_2571,11613.845557051403
00e12e8b_2572,11614.195769102844
00e12e8b_2573,11614.478396771789
00e12e8b_2574,11614.350479188135
00e12e8b_2575,11614.472095200566
00e12e8b_2576,11614.19340103036
00e12e8b_2577,11614.503594660844
00e12e8b_2578,11614.189370348005
00e12e8b_2579,11614.47113005114
00e12e8b_2580,11614.18128630114
00e12e8b_2581,11614.07059088241
00e12e8b_2582,11613.621020502109
00e12e8b_2583,11620.869886623674
00e12e8b_2584,11613.900276229719
00e12e8b_2585,11614.853243297704
00e12e8b_2586,11620.849030743075
00e12e8b_2587,11614.172283484826
00e12e8b_2588,11614.979993314748
00e12e8b_2589,11620.852356039542
00e12e8b_2590,11613.898620947291
00e12e8b_2591,11613.352714548311
00e12e8b_2592,11614.839053533831
00e12e8b_2593,11614.164556673402
00e12e8b_2594,11614.034998791938
00e12e8b_2595,11613.611250951002
00e12e8b_2596,11613.868228614709
00e12e8b_2597,11613.580026379572
00e12e8b_2598,11613.54579698714
00e12e8b_2599,11614.02959675987
00e12e8b_2600,11614.02959675987
00e12e8b_2601,11614.02959675987
00e12e8b_2602,11613.866244236628
00e12e8b_2603,11614.031643064143
00e12e8b_2604,11613.589855637845
00e12e8b_2605,11613.846833301552
00e12e8b_2606,11613.493416356047
00e12e8b_2607,11614.02812304053
00e12e8b_2608,11613.750394019751
00e12e8b_2609,11613.911762164918
00e12e8b_2610,11614.029088189956
00e12e8b_2611,11613.90624665764
00e12e8b_2612,11614.026897520644
00e12e8b_2613,11614.026897520644
00e12e8b_2614,11613.762776275602
00e12e8b_2615,11614.8568429686
00e12e8b_2616,11614.747517291784
00e12e8b_2617,11614.051683770522
00e12e8b_2618,11614.725453576764
00e12e8b_2619,11613.952854219559
00e12e8b_2620,11614.070180244596
00e12e8b_2621,11620.547237258961
00e12e8b_2622,11614.070180244596
00e12e8b_2623,11614.070180244596
00e12e8b_2624,11614.7745938394
00e12e8b_2625,11614.085983924777
00e12e8b_2626,11614.759515635782
00e12e8b_2627,11614.91157205437
00e12e8b_2628,11614.08400057972
00e12e8b_2629,11615.241011949029
00e12e8b_2630,11614.064451977725
00e12e8b_2631,11614.73822178397
00e12e8b_2632,11614.06336882064
00e12e8b_2633,11614.710798078133
00e12e8b_2634,11614.088292324912
00e12e8b_2635,11614.735721582409
00e12e8b_2636,11614.76302728058
00e12e8b_2637,11614.78445076168
00e12e8b_2638,11614.76302728058
00e12e8b_2639,11615.251950660497
00e12e8b_2640,11617.142401043126
00e12e8b_2641,11614.862668507285
00e12e8b_2642,11614.732273665035
00e12e8b_2643,11621.421095217887
00e12e8b_2644,11616.409734772205
00e12e8b_2645,11615.145390003936
00e12e8b_2646,11615.256287214937
00e12e8b_2647,11615.164401724742
00e12e8b_2648,11617.052862629549
00e12e8b_2649,11618.511666400398
00e12e8b_2650,11615.254656647207
00e12e8b_2651,11618.393272552774
00e12e8b_2652,11615.175449175724
00e12e8b_2653,11614.931461485434
00e12e8b_2654,11617.04881339434
00e12e8b_2655,11616.99617839809
00e12e8b_2656,11616.406087454208
00e12e8b_2657,11621.417447899888
00e12e8b_2658,11618.508019082401
00e12e8b_2659,11617.143664853244
00e12e8b_2660,11615.241895015266
00e12e8b_2661,11615.213884066887
00e12e8b_2662,11618.53895608042
00e12e8b_2663,11617.131744179398
00e12e8b_2664,11615.20196339304
00e12e8b_2665,11614.773525649434
00e12e8b_2666,11614.958452798945
00e12e8b_2667,11615.12190326994
00e12e8b_2668,11615.187931932074
00e12e8b_2669,11614.864201067436
00e12e8b_2670,11615.187931932074
00e12e8b_2671,11621.44256620444
00e12e8b_2672,11613.959388159277
00e12e8b_2673,11614.07476142553
00e12e8b_2674,11615.224520502301
00e12e8b_2675,11613.945411913875
00e12e8b_2676,11622.068608022546
00e12e8b_2677,11613.461269302257
00e12e8b_2678,11613.873543129774
00e12e8b_2679,11613.990869154815
00e12e8b_2680,11613.98990400539
00e12e8b_2681,11613.873543129774
00e12e8b_2682,11613.403776547111
00e12e8b_2683,11623.277795178863
00e12e8b_2684,11614.520367326533
00e12e8b_2685,11614.354968499016
00e12e8b_2686,11614.091324560588
00e12e8b_2687,11614.533537793146
00e12e8b_2688,11614.542779894347
00e12e8b_2689,11614.044912320394
00e12e8b_2690,11613.823132848567
00e12e8b_2691,11613.825903324032
00e12e8b_2692,11614.108974518615
00e12e8b_2693,11623.275478349075
00e12e8b_2694,11614.0464109292
00e12e8b_2695,11623.237822049481
00e12e8b_2696,11614.59646357448
00e12e8b_2697,11614.292086511205
00e12e8b_2698,11614.03233055344
00e12e8b_2699,11613.692031433464
00e12e8b_2700,11614.440314393565
00e12e8b_2701,11614.444604380957
00e12e8b_2702,11614.557934799492
00e12e8b_2703,11614.03233055344
00e12e8b_2704,11614.440314393565
00e12e8b_2705,11623.199293274496
00e12e8b_2706,11615.509709473365
00e12e8b_2707,11614.653951995713
00e12e8b_2708,11614.649921313361
00e12e8b_2709,11615.57607981691
00e12e8b_2710,11614.40304631336
00e12e8b_2711,11614.40304631336
00e12e8b_2712,11614.649921313361
00e12e8b_2713,11614.047029501162
00e12e8b_2714,11614.913898016615
00e12e8b_2715,11614.112853230532
00e12e8b_2716,11614.796912878957
00e12e8b_2717,11614.377311252909
00e12e8b_2718,11614.79033708593
00e12e8b_2719,11614.624938258414
00e12e8b_2720,11614.79033708593
00e12e8b_2721,11614.79033708593
00e12e8b_2722,11614.614310047224
00e12e8b_2723,11614.600080971362
00e12e8b_2724,11623.530609986477
00e12e8b_2725,11614.857839759898
00e12e8b_2726,11614.257330813343
00e12e8b_2727,11614.740219353971
00e12e8b_2728,11623.480679408229
00e12e8b_2729,11614.580819464596
00e12e8b_2730,11614.855518028297
00e12e8b_2731,11614.703195068885
00e12e8b_2732,11615.517858510419
00e12e8b_2733,11614.832599220354
00e12e8b_2734,11614.682279149827
00e12e8b_2735,11623.35820501238
00e12e8b_2736,11614.154212042875
00e12e8b_2737,11614.760278114307
00e12e8b_2738,11615.644724452026
00e12e8b_2739,11614.971192741017
00e12e8b_2740,11615.003000592871
00e12e8b_2741,11614.453820064953
00e12e8b_2742,11614.704847223167
00e12e8b_2743,11614.991394489676
00e12e8b_2744,11614.881582728383
00e12e8b_2745,11614.460490655136
00e12e8b_2746,11614.385585954635
00e12e8b_2747,11615.683202894059
00e12e8b_2748,11614.856766070356
00e12e8b_2749,11614.406285084093
00e12e8b_2750,11614.657190766446
00e12e8b_2751,11614.386171316533
00e12e8b_2752,11614.92231886857
00e12e8b_2753,11614.808988450031
00e12e8b_2754,11623.530330021626
00e12e8b_2755,11614.631740919709
00e12e8b_2756,11614.636617792537
00e12e8b_2757,11614.810651679385
00e12e8b_2758,11614.924947247346
00e12e8b_2759,11614.636617792537
00e12e8b_2760,11614.820258304459
00e12e8b_2761,11615.109419590819
00e12e8b_2762,11614.496565319705
00e12e8b_2763,11614.968831742644
00e12e8b_2764,11614.219796777037
00e12e8b_2765,11614.560931672444
00e12e8b_2766,11615.101222326848
00e12e8b_2767,11616.05528241057
00e12e8b_2768,11615.805198340946
00e12e8b_2769,11615.071875493704
00e12e8b_2770,11615.659840651553
00e12e8b_2771,11615.83821266757
00e12e8b_2772,11623.303891829533
00e12e8b_2773,11615.76781018149
00e12e8b_2774,11615.106829064021
00e12e8b_2775,11614.990468188404
00e12e8b_2776,11615.719833007726
00e12e8b_2777,11614.781595238226
00e12e8b_2778,11615.08471780502
00e12e8b_2779,11614.959659807428
00e12e8b_2780,11623.336350263657
00e12e8b_2781,11623.336350263657
00e12e8b_2782,11614.778941631641
00e12e8b_2783,11615.065267178095
00e12e8b_2784,11615.04137802666
00e12e8b_2785,11615.6814495733
00e12e8b_2786,11615.255380063185
00e12e8b_2787,11615.3717409388
00e12e8b_2788,11615.080345951064
00e12e8b_2789,11615.24145479119
00e12e8b_2790,11623.651206969738
00e12e8b_2791,11614.863727778158
00e12e8b_2792,11615.401997765895
00e12e8b_2793,11615.110602778159
00e12e8b_2794,11615.401997765895
00e12e8b_2795,11614.863727778158
00e12e8b_2796,11615.28785998978
00e12e8b_2797,11615.415948444448
00e12e8b_2798,11615.2929708874
00e12e8b_2799,11615.2929708874
00e12e8b_2800,11614.868031318198
00e12e8b_2801,11615.406301305935
00e12e8b_2802,11615.276989390004
00e12e8b_2803,11616.60063744302
00e12e8b_2804,11615.345605934439
00e12e8b_2805,11614.809454181996
00e12e8b_2806,11615.056329181996
00e12e8b_2807,11615.234393751196
00e12e8b_2808,11614.809454181996
00e12e8b_2809,11615.238171168614
00e12e8b_2810,11615.060106599412
00e12e8b_2811,11615.092894803249
00e12e8b_2812,11615.559176620896
00e12e8b_2813,11615.27732022296
00e12e8b_2814,11615.851628186909
00e12e8b_2815,11615.313358199171
00e12e8b_2816,11615.863355765963
00e12e8b_2817,11615.852593336334
00e12e8b_2818,11615.278012806786
00e12e8b_2819,11616.494387144412
00e12e8b_2820,11616.511728604728
00e12e8b_2821,11615.828010373578
00e12e8b_2822,11615.699921918907
00e12e8b_2823,11624.009765209441
00e12e8b_2824,11615.25690927656
00e12e8b_2825,11615.569333757361
00e12e8b_2826,11616.366491039778
00e12e8b_2827,11615.69961990497
00e12e8b_2828,11615.586289486433
00e12e8b_2829,11614.762168782549
00e12e8b_2830,11614.879848925566
00e12e8b_2831,11615.54237094715
00e12e8b_2832,11621.792505593543
00e12e8b_2833,11615.663206535943
00e12e8b_2834,11615.606072272378
00e12e8b_2835,11614.967760725738
00e12e8b_2836,11621.825457669966
00e12e8b_2837,11614.970292829412
00e12e8b_2838,11614.839041532377
00e12e8b_2839,11614.970292829412
00e12e8b_2840,11621.827024624214
00e12e8b_2841,11621.193873738399
00e12e8b_2842,11616.042302893493
00e12e8b_2843,11614.93877937548
00e12e8b_2844,11615.636363344413
00e12e8b_2845,11615.667089761266
00e12e8b_2846,11615.579229080848
00e12e8b_2847,11621.16546359262
00e12e8b_2848,11621.16546359262
00e12e8b_2849,11615.645434267899
00e12e8b_2850,11614.3700948349
00e12e8b_2851,11614.9972773805
00e12e8b_2852,11614.869188925828
00e12e8b_2853,11614.985549801446
00e12e8b_2854,11614.907161591302
00e12e8b_2855,11615.023522466918
00e12e8b_2856,11615.707242562838
00e12e8b_2857,11615.678667887441
00e12e8b_2858,11616.240890684263
00e12e8b_2859,11614.910192048383
00e12e8b_2860,11615.707242562838
00e12e8b_2861,11615.04969668914
00e12e8b_2862,11622.351276173405
00e12e8b_2863,11615.15373770735
00e12e8b_2864,11615.901316631996
00e12e8b_2865,11615.052372953056
00e12e8b_2866,11615.32526869089
00e12e8b_2867,11615.339090597874
00e12e8b_2868,11615.992189976037
00e12e8b_2869,11616.329322400685
00e12e8b_2870,11616.472682371841
00e12e8b_2871,11615.99492632342
00e12e8b_2872,11616.49784802799
00e12e8b_2873,11616.332058748067
00e12e8b_2874,11616.44666886291
00e12e8b_2875,11616.524008212176
00e12e8b_2876,11616.62045626009
00e12e8b_2877,11619.032000259822
00e12e8b_2878,11616.452854683703
00e12e8b_2879,11616.47802033985
00e12e8b_2880,11616.487781989956
00e12e8b_2881,11616.586083884118
00e12e8b_2882,11622.58775244019
00e12e8b_2883,11616.266026156958
00e12e8b_2884,11616.368566445517
00e12e8b_2885,11622.54113795432
00e12e8b_2886,11615.270432605515
00e12e8b_2887,11616.445837049518
00e12e8b_2888,11615.897090718041
00e12e8b_2889,11622.536538036944
00e12e8b_2890,11615.1771278781
00e12e8b_2891,11615.82373405156
00e12e8b_2892,11615.1771278781
00e12e8b_2893,11615.834591974017
00e12e8b_2894,11615.835039096168
00e12e8b_2895,11616.515076336473
00e12e8b_2896,11615.198143459023
00e12e8b_2897,11615.85560755494
00e12e8b_2898,11616.026259454422
00e12e8b_2899,11615.210420198193
00e12e8b_2900,11615.23175829868
00e12e8b_2901,11615.10338189466
00e12e8b_2902,11615.26875917688
00e12e8b_2903,11615.23366804227
00e12e8b_2904,11622.503412457585
00e12e8b_2905,11614.946303736884
00e12e8b_2906,11615.120337623734
00e12e8b_2907,11614.487780867032
00e12e8b_2908,11615.26875917688
00e12e8b_2909,11616.626425171275
00e12e8b_2910,11616.004147702792
00e12e8b_2911,11616.010686464528
00e12e8b_2912,11616.605369494266
00e12e8b_2913,11616.010686464528
00e12e8b_2914,11615.213693544609
00e12e8b_2915,11615.87432035173
00e12e8b_2916,11615.672216414461
00e12e8b_2917,11615.891018282766
00e12e8b_2918,11616.101479905483
00e12e8b_2919,11623.601837243206
00e12e8b_2920,11616.392190461673
00e12e8b_2921,11615.347349887626
00e12e8b_2922,11615.684112562229
00e12e8b_2923,11615.388433805623
00e12e8b_2924,11614.292810621135
00e12e8b_2925,11615.399196235252
00e12e8b_2926,11616.033077932245
00e12e8b_2927,11615.35162331905
00e12e8b_2928,11615.440199739132
00e12e8b_2929,11615.189469674911
00e12e8b_2930,11614.699039459409
00e12e8b_2931,11614.732310741932
00e12e8b_2932,11614.732310741932
00e12e8b_2933,11614.775358807075
00e12e8b_2934,11614.775358807075
00e12e8b_2935,11615.916351515338
00e12e8b_2936,11615.284121427767
00e12e8b_2937,11615.916351515338
00e12e8b_2938,11624.246253785757
00e12e8b_2939,11615.21053410995
00e12e8b_2940,11615.21053410995
00e12e8b_2941,11615.212175342263
00e12e8b_2942,11615.184300035875
00e12e8b_2943,11615.980977402625
00e12e8b_2944,11615.691164567288
00e12e8b_2945,11615.212175342263
00e12e8b_2946,11615.876312775483
00e12e8b_2947,11615.184276584894
00e12e8b_2948,11615.876289324504
00e12e8b_2949,11615.244059236931
00e12e8b_2950,11615.980953951646
00e12e8b_2951,11615.17701783793
00e12e8b_2952,11614.889513010668
00e12e8b_2953,11615.247140618028
00e12e8b_2954,11615.694222497405
00e12e8b_2955,11615.17701783793
00e12e8b_2956,11624.131657666456
00e12e8b_2957,11615.92910892011
00e12e8b_2958,11615.926342347208
00e12e8b_2959,11615.691746085537
00e12e8b_2960,11615.249024825689
00e12e8b_2961,11615.696106705065
00e12e8b_2962,11615.138842847207
00e12e8b_2963,11615.115145402082
00e12e8b_2964,11615.795958816427
00e12e8b_2965,11615.89486464002
00e12e8b_2966,11615.814274441731
00e12e8b_2967,11615.022008813005
00e12e8b_2968,11615.857248885402
00e12e8b_2969,11615.544022519029
00e12e8b_2970,11615.728526356957
00e12e8b_2971,11615.012516336212
00e12e8b_2972,11614.915600958351
00e12e8b_2973,11623.915107347559
00e12e8b_2974,11615.640363103987
00e12e8b_2975,11614.966018997646
00e12e8b_2976,11617.191843599823
00e12e8b_2977,11615.646028653453
00e12e8b_2978,11615.603038275976
00e12e8b_2979,11615.173307407837
00e12e8b_2980,11615.776584412492
00e12e8b_2981,11623.350862110005
00e12e8b_2982,11615.15711604275
00e12e8b_2983,11615.766843233661
00e12e8b_2984,11615.15711604275
00e12e8b_2985,11615.069407144683
00e12e8b_2986,11615.172418957693
00e12e8b_2987,11615.069407144683
00e12e8b_2988,11615.066376687602
00e12e8b_2989,11614.843889676376
00e12e8b_2990,11615.097776625717
00e12e8b_2991,11615.080750445239
00e12e8b_2992,11614.75659814574
00e12e8b_2993,11614.285866076783
00e12e8b_2994,11615.691260506912
00e12e8b_2995,11624.011467550785
00e12e8b_2996,11614.954893242317
00e12e8b_2997,11615.045632597466
00e12e8b_2998,11614.256592976708
00e12e8b_2999,11614.299787791093
00e12e8b_3000,11615.713663835142
00e12e8b_3001,11614.942544259513
00e12e8b_3002,11614.621907585015
00e12e8b_3003,11614.582909716599
00e12e8b_3004,11614.152384452038
00e12e8b_3005,11613.532786364436
00e12e8b_3006,11614.821796928076
00e12e8b_3007,11614.546149787939
00e12e8b_3008,11614.793633574538
00e12e8b_3009,11622.55121834687
00e12e8b_3010,11614.771211959815
00e12e8b_3011,11622.55121834687
00e12e8b_3012,11614.545694491508
00e12e8b_3013,11614.798758930941
00e12e8b_3014,11614.85219751148
00e12e8b_3015,11614.877819031946
00e12e8b_3016,11615.575969498843
00e12e8b_3017,11615.514894105681
00e12e8b_3018,11613.911968040375
00e12e8b_3019,11614.570700996646
00e12e8b_3020,11613.79560716476
00e12e8b_3021,11613.973962212629
00e12e8b_3022,11615.684171524035
00e12e8b_3023,11613.85520800809
00e12e8b_3024,11615.67472698327
00e12e8b_3025,11614.470883625469
00e12e8b_3026,11613.821357982415
00e12e8b_3027,11621.692414229125
00e12e8b_3028,11614.61220291189
00e12e8b_3029,11615.401280677028
00e12e8b_3030,11615.890582688782
00e12e8b_3031,11615.484581923278
00e12e8b_3032,11615.56675920497
00e12e8b_3033,11615.388616997363
00e12e8b_3034,11616.344634186404
00e12e8b_3035,11615.833917985332
00e12e8b_3036,11616.543421384256
00e12e8b_3037,11615.334399235127
00e12e8b_3038,11620.960957724017
00e12e8b_3039,11615.40737922822
00e12e8b_3040,11614.325959588397
00e12e8b_3041,11615.174338445784
00e12e8b_3042,11615.311995353948
00e12e8b_3043,11613.676433945344
00e12e8b_3044,11614.751544589762
00e12e8b_3045,11614.679313733013
00e12e8b_3046,11615.635378024266
00e12e8b_3047,11614.679313733013
00e12e8b_3048,11614.73210059205
00e12e8b_3049,11614.73210059205
00e12e8b_3050,11613.273592587397
00e12e8b_3051,11614.040710655527
00e12e8b_3052,11614.226084135013
00e12e8b_3053,11613.267912307136
00e12e8b_3054,11613.981437254448
00e12e8b_3055,11620.743101632494
00e12e8b_3056,11612.967828640101
00e12e8b_3057,11613.120644312272
00e12e8b_3058,11613.666635965626
00e12e8b_3059,11613.167731439189
00e12e8b_3060,11613.12548396548
00e12e8b_3061,11613.167731439189
00e12e8b_3062,11613.568918940327
00e12e8b_3063,11613.946532936989
00e12e8b_3064,11612.971610431348
00e12e8b_3065,11612.949305450506
00e12e8b_3066,11613.006178252732
00e12e8b_3067,11613.760432170322
00e12e8b_3068,11620.677211099704
00e12e8b_3069,11612.937400681374
00e12e8b_3070,11612.393251886311
00e12e8b_3071,11612.335415549132
00e12e8b_3072,11620.04869586981
00e12e8b_3073,11620.090431647983
00e12e8b_3074,11612.881453591997
00e12e8b_3075,11612.381038734711
00e12e8b_3076,11613.133881994392
00e12e8b_3077,11612.623970801287
00e12e8b_3078,11613.378224718877
00e12e8b_3079,11613.122875327725
00e12e8b_3080,11613.528496108698
00e12e8b_3081,11613.356823886268
00e12e8b_3082,11613.339128536814
00e12e8b_3083,11612.588549815307
00e12e8b_3084,11613.342290197628
00e12e8b_3085,11612.274846977001
00e12e8b_3086,11612.131415850032
00e12e8b_3087,11612.231737286202
00e12e8b_3088,11612.242762570939
00e12e8b_3089,11612.541764579757
00e12e8b_3090,11612.940817244056
00e12e8b_3091,11612.55523239424
00e12e8b_3092,11612.203717564476
00e12e8b_3093,11612.030946725396
00e12e8b_3094,11611.923592564104
00e12e8b_3095,11611.17664692194
00e12e8b_3096,11612.368443796939
00e12e8b_3097,11611.25008442194
00e12e8b_3098,11612.368443796939
00e12e8b_3099,11612.368443796939
00e12e8b_3100,11612.368443796939
00e12e8b_3101,11612.337689666503
00e12e8b_3102,11612.337689666503
00e12e8b_3103,11611.219330291504
00e12e8b_3104,11612.261492243382
00e12e8b_3105,11612.259669679279
00e12e8b_3106,11612.259669679279
00e12e8b_3107,11611.05581475159
00e12e8b_3108,11612.084527530096
00e12e8b_3109,11610.901785737142
00e12e8b_3110,11610.809337151655
00e12e8b_3111,11610.775373892395
00e12e8b_3112,11610.775373892395
00e12e8b_3113,11610.775373892395
00e12e8b_3114,11610.775373892395
00e12e8b_3115,11611.874909324339
00e12e8b_3116,11620.110636977277
00e12e8b_3117,11620.110636977277
00e12e8b_3118,11610.073073648571
00e12e8b_3119,11609.369562689388
00e12e8b_3120,11609.345801370391
00e12e8b_3121,11609.33491188891
00e12e8b_3122,11609.22006813891
00e12e8b_3123,11609.22006813891
00e12e8b_3124,11610.59643532641
00e12e8b_3125,11609.176164235163
00e12e8b_3126,11610.518912101157
00e12e8b_3127,11609.035656261654
00e12e8b_3128,11610.412023449155
00e12e8b_3129,11609.007776696575
00e12e8b_3130,11609.007776696575
00e12e8b_3131,11609.007776696575
00e12e8b_3132,11610.241315652976
00e12e8b_3133,11610.241315652976
00e12e8b_3134,11608.79932146652
00e12e8b_3135,11608.79932146652
00e12e8b_3136,11610.17568865402
00e12e8b_3137,11610.791336583712
00e12e8b_3138,11608.71756490795
00e12e8b_3139,11608.130743976933
00e12e8b_3140,11608.130743976933
00e12e8b_3141,11608.130743976933
00e12e8b_3142,11608.20312114427
00e12e8b_3143,11608.17591294674
00e12e8b_3144,11608.146885578317
00e12e8b_3145,11608.146885578317
00e12e8b_3146,11608.146885578317
00e12e8b_3147,11608.146885578317
00e12e8b_3148,11608.307848438895
00e12e8b_3149,11608.307848438895
00e12e8b_3150,11608.288416735191
00e12e8b_3151,11617.786403120157
00e12e8b_3152,11608.242797436342
00e12e8b_3153,11617.733899499335
00e12e8b_3154,11608.21154714885
00e12e8b_3155,11608.21154714885
00e12e8b_3156,11617.675308887994
00e12e8b_3157,11608.082763375118
00e12e8b_3158,11608.082763375118
00e12e8b_3159,11608.056810271672
00e12e8b_3160,11608.056810271672
00e12e8b_3161,11608.056810271672
00e12e8b_3162,11608.056810271672
00e12e8b_3163,11608.056810271672
00e12e8b_3164,11608.029810449449
00e12e8b_3165,11608.029810449449
00e12e8b_3166,11608.039009423806
00e12e8b_3167,11608.025934990523
00e12e8b_3168,11608.025934990523
00e12e8b_3169,11607.843991354159
00e12e8b_3170,11607.843991354159
00e12e8b_3171,11607.843991354159
00e12e8b_3172,11607.843991354159
00e12e8b_3173,11607.843991354159
00e12e8b_3174,11609.412936666658
00e12e8b_3175,11609.446016253318
00e12e8b_3176,11617.185202566574
00e12e8b_3177,11617.143790055265
00e12e8b_3178,11609.324733872523
00e12e8b_3179,11609.324733872523
00e12e8b_3180,11609.30435837242
00e12e8b_3181,11609.338296868145
00e12e8b_3182,11609.338296868145
00e12e8b_3183,11617.087838686793
00e12e8b_3184,11609.338296868145
00e12e8b_3185,11609.30786463538
00e12e8b_3186,11609.234530717189
00e12e8b_3187,11609.234530717189
00e12e8b_3188,11616.952250199787
00e12e8b_3189,11609.149288331826
00e12e8b_3190,11609.149288331826
00e12e8b_3191,11616.931985403151
00e12e8b_3192,11609.149667984557
00e12e8b_3193,11609.162270923787
00e12e8b_3194,11609.162270923787
00e12e8b_3195,11609.131917279678
00e12e8b_3196,11609.131917279678
00e12e8b_3197,11609.106153763194
00e12e8b_3198,11609.117422334622
00e12e8b_3199,11609.117422334622
00e12e8b_3200,11609.901797334624
00e12e8b_3201,11609.8863652486
00e12e8b_3202,11609.8863652486
00e12e8b_3203,11609.8863652486
00e12e8b_3204,11609.831468118318
00e12e8b_3205,11609.780693135915
00e12e8b_3206,11609.75474118545
00e12e8b_3207,11611.315120630392
00e12e8b_3208,11611.328036693882
00e12e8b_3209,11611.249366552514
00e12e8b_3210,11611.192186643373
00e12e8b_3211,11611.694694498512
00e12e8b_3212,11612.524336293582
00e12e8b_3213,11611.996907861769
00e12e8b_3214,11612.56601357116
00e12e8b_3215,11613.35810214074
00e12e8b_3216,11613.407964637276
00e12e8b_3217,11613.409635579073
00e12e8b_3218,11613.222522897853
00e12e8b_3219,11612.97587174328
00e12e8b_3220,11612.62631082253
00e12e8b_3221,11612.484683106304
00e12e8b_3222,11612.618926591475
00e12e8b_3223,11615.445739295943
00e12e8b_3224,11612.569518914708
00e12e8b_3225,11613.241610386174
00e12e8b_3226,11613.2422480873
00e12e8b_3227,11612.60142573494
00e12e8b_3228,11613.258771018916
00e12e8b_3229,11612.463439470892
00e12e8b_3230,11612.622034440195
00e12e8b_3231,11612.534001727552
00e12e8b_3232,11613.195681892323
00e12e8b_3233,11613.481238156415
00e12e8b_3234,11613.426060319225
00e12e8b_3235,11615.428988815027
00e12e8b_3236,11615.428988815027
00e12e8b_3237,11614.721793741324
00e12e8b_3238,11614.502977949967
00e12e8b_3239,11613.14288067521
00e12e8b_3240,11614.189063019865
00e12e8b_3241,11613.46550256612
00e12e8b_3242,11613.473659367124
00e12e8b_3243,11613.41032472893
00e12e8b_3244,11613.203625284636
00e12e8b_3245,11612.049833159055
00e12e8b_3246,11610.474648677511
00e12e8b_3247,11611.32378565971
00e12e8b_3248,11611.333622221555
00e12e8b_3249,11610.483439367052
00e12e8b_3250,11610.838392891199
00e12e8b_3251,11607.923251415392
00e12e8b_3252,11610.084599550326
00e12e8b_3253,11610.03555885827
00e12e8b_3254,11610.018949384707
00e12e8b_3255,11608.111560359332
00e12e8b_3256,11610.075074450106
00e12e8b_3257,11608.111560359332
00e12e8b_3258,11608.111560359332
00e12e8b_3259,11608.111560359332
00e12e8b_3260,11613.47563610518
00e12e8b_3261,11610.075074450106
00e12e8b_3262,11610.080310359332
00e12e8b_3263,11613.441912365482
00e12e8b_3264,11608.07589631597
00e12e8b_3265,11609.991492324836
00e12e8b_3266,11608.022742324836
00e12e8b_3267,11613.441912365482
00e12e8b_3268,11609.958122890675
00e12e8b_3269,11607.989372890675
00e12e8b_3270,11607.932385520508
00e12e8b_3271,11607.932385520508
00e12e8b_3272,11610.393436151859
00e12e8b_3273,11609.86451395467
00e12e8b_3274,11607.904097252527
00e12e8b_3275,11609.858880073041
00e12e8b_3276,11607.854298504413
00e12e8b_3277,11607.85742364528
00e12e8b_3278,11609.788265615562
00e12e8b_3279,11607.77422541961
00e12e8b_3280,11613.301205592263
00e12e8b_3281,11607.724051718418
00e12e8b_3282,11607.702965837641
00e12e8b_3283,11607.702965837641
00e12e8b_3284,11607.702965837641
00e12e8b_3285,11607.702965837641
00e12e8b_3286,11609.666479928417
00e12e8b_3287,11607.648064672692
00e12e8b_3288,11607.62343961394
00e12e8b_3289,11607.62343961394
00e12e8b_3290,11607.62343961394
00e12e8b_3291,11607.62343961394
00e12e8b_3292,11607.627334563434
00e12e8b_3293,11607.627334563434
00e12e8b_3294,11607.657705639474
00e12e8b_3295,11607.657705639474
00e12e8b_3296,11607.640365857587
00e12e8b_3297,11607.603784877625
00e12e8b_3298,11607.587034655402
00e12e8b_3299,11607.582240814289
00e12e8b_3300,11607.582240814289
00e12e8b_3301,11609.549285312623
00e12e8b_3302,11607.580535312623
00e12e8b_3303,11607.558608285082
00e12e8b_3304,11613.46793232675
00e12e8b_3305,11607.923842660082
00e12e8b_3306,11609.86207544869
00e12e8b_3307,11609.84563697622
00e12e8b_3308,11607.824543226221
00e12e8b_3309,11607.824543226221
00e12e8b_3310,11607.824543226221
00e12e8b_3311,11609.812030338862
00e12e8b_3312,11607.800961687277
00e12e8b_3313,11607.800961687277
00e12e8b_3314,11607.704279296639
00e12e8b_3315,11609.67329581217
00e12e8b_3316,11607.686165205047
00e12e8b_3317,11609.637551878963
00e12e8b_3318,11607.578962501753
00e12e8b_3319,11609.606339349617
00e12e8b_3320,11609.622152630312
00e12e8b_3321,11607.601058880313
00e12e8b_3322,11609.555152695115
00e12e8b_3323,11607.551966485073
00e12e8b_3324,11607.551966485073
00e12e8b_3325,11613.204646750843
00e12e8b_3326,11609.604102396292
00e12e8b_3327,11607.562783995778
00e12e8b_3328,11609.57869862297
00e12e8b_3329,11609.448877020513
00e12e8b_3330,11609.454068668405
00e12e8b_3331,11607.404074055345
00e12e8b_3332,11607.404074055345
00e12e8b_3333,11609.41514270693
00e12e8b_3334,11609.38181530487
00e12e8b_3335,11609.429014310306
00e12e8b_3336,11609.416298418242
00e12e8b_3337,11607.432474173229
00e12e8b_3338,11609.910724507878
00e12e8b_3339,11609.417865148294
00e12e8b_3340,11613.207302904806
00e12e8b_3341,11610.432754951302
00e12e8b_3342,11609.41207696601
00e12e8b_3343,11609.35595190061
00e12e8b_3344,11610.000943616316
00e12e8b_3345,11609.920576541681
00e12e8b_3346,11609.450571099222
00e12e8b_3347,11609.929367231221
00e12e8b_3348,11609.469128116798
00e12e8b_3349,11609.413003051399
00e12e8b_3350,11609.453406619232
00e12e8b_3351,11609.443832597603
00e12e8b_3352,11609.449620779887
00e12e8b_3353,11609.43757021665
00e12e8b_3354,11609.99137603432
00e12e8b_3355,11609.568724441962
00e12e8b_3356,11610.114006948954
00e12e8b_3357,11609.601588779582
00e12e8b_3358,11609.599494520322
00e12e8b_3359,11614.153615596975
00e12e8b_3360,11609.54137457376
00e12e8b_3361,11614.153615596975
00e12e8b_3362,11610.024161846923
00e12e8b_3363,11610.015371157382
00e12e8b_3364,11610.024161846923
00e12e8b_3365,11610.001706081359
00e12e8b_3366,11609.997811535903
00e12e8b_3367,11609.509677261696
00e12e8b_3368,11610.08055471197
00e12e8b_3369,11610.009822891476
00e12e8b_3370,11610.081399276572
00e12e8b_3371,11610.081399276572
00e12e8b_3372,11614.145762428057
00e12e8b_3373,11610.081399276572
00e12e8b_3374,11609.513119219519
00e12e8b_3375,11610.720809592041
00e12e8b_3376,11609.496780269194
00e12e8b_3377,11609.388671828203
00e12e8b_3378,11610.443005545563
00e12e8b_3379,11609.426226443738
00e12e8b_3380,11610.48374268842
00e12e8b_3381,11610.649454271746
00e12e8b_3382,11610.766771833176
00e12e8b_3383,11610.766771833176
00e12e8b_3384,11610.15334334816
00e12e8b_3385,11614.155187641496
00e12e8b_3386,11610.763943987835
00e12e8b_3387,11610.738322467369
00e12e8b_3388,11610.031426689053
00e12e8b_3389,11610.10300307415
00e12e8b_3390,11610.598232404507
00e12e8b_3391,11610.10300307415
00e12e8b_3392,11610.561799635918
00e12e8b_3393,11610.10730744842
00e12e8b_3394,11610.60561780358
00e12e8b_3395,11610.615454365425
00e12e8b_3396,11614.12781727918
00e12e8b_3397,11610.557345790708
00e12e8b_3398,11610.07746729047
00e12e8b_3399,11610.768192275116
00e12e8b_3400,11610.034231040605
00e12e8b_3401,11610.56174354893
00e12e8b_3402,11610.092676415632
00e12e8b_3403,11610.10390287331
00e12e8b_3404,11610.069751806313
00e12e8b_3405,11610.062541603413
00e12e8b_3406,11609.994918638797
00e12e8b_3407,11609.44808304417
00e12e8b_3408,11610.0609553641
00e12e8b_3409,11610.00189042871
00e12e8b_3410,11610.010681118249
00e12e8b_3411,11614.06753466473
00e12e8b_3412,11610.059639130486
00e12e8b_3413,11609.500797616694
00e12e8b_3414,11609.955696974666
00e12e8b_3415,11609.40886138004
00e12e8b_3416,11609.942166159675
00e12e8b_3417,11610.02120307854
00e12e8b_3418,11614.020112602273
00e12e8b_3419,11609.956973447257
00e12e8b_3420,11610.506595847051
00e12e8b_3421,11609.987210545205
00e12e8b_3422,11610.482439875563
00e12e8b_3423,11614.020112602273
00e12e8b_3424,11609.447065290677
00e12e8b_3425,11609.392747319294
00e12e8b_3426,11609.941755266016
00e12e8b_3427,11609.932964576474
00e12e8b_3428,11607.443957173466
00e12e8b_3429,11609.44714338351
00e12e8b_3430,11609.465050923465
00e12e8b_3431,11609.36720491894
00e12e8b_3432,11609.472560738886
00e12e8b_3433,11607.455510332433
00e12e8b_3434,11609.964124671136
00e12e8b_3435,11609.487420328585
00e12e8b_3436,11609.955333981594
00e12e8b_3437,11609.493581814153
00e12e8b_3438,11614.12872050592
00e12e8b_3439,11609.500259853743
00e12e8b_3440,11609.415329265817
00e12e8b_3441,11609.475435419481
00e12e8b_3442,11609.40795831155
00e12e8b_3443,11609.460182023671
00e12e8b_3444,11614.08912043234
00e12e8b_3445,11609.478089563627
00e12e8b_3446,11607.456995813627
00e12e8b_3447,11609.465373671563
00e12e8b_3448,11609.460182023671
00e12e8b_3449,11609.444531223835
00e12e8b_3450,11607.433462572248
00e12e8b_3451,11609.399784111722
00e12e8b_3452,11609.379906150196
00e12e8b_3453,11613.962200579159
00e12e8b_3454,11607.368837498609
00e12e8b_3455,11609.843982356211
00e12e8b_3456,11609.406360171333
00e12e8b_3457,11609.403262782702
00e12e8b_3458,11607.42629866043
00e12e8b_3459,11607.42133377622
00e12e8b_3460,11607.406450784532
00e12e8b_3461,11609.427544534532
00e12e8b_3462,11607.42108795625
00e12e8b_3463,11609.44218170625
00e12e8b_3464,11613.280370946992
00e12e8b_3465,11609.429846860101
00e12e8b_3466,11607.424566390799
00e12e8b_3467,11609.429846860101
00e12e8b_3468,11609.445660140798
00e12e8b_3469,11607.424566390799
00e12e8b_3470,11607.424566390799
00e12e8b_3471,11607.387545109908
00e12e8b_3472,11607.387545109908
00e12e8b_3473,11609.611456643506
00e12e8b_3474,11607.621251599767
00e12e8b_3475,11607.621251599767
00e12e8b_3476,11607.621251599767
00e12e8b_3477,11607.612082456668
00e12e8b_3478,11609.682313943065
00e12e8b_3479,11609.679623149414
00e12e8b_3480,11607.67124529148
00e12e8b_3481,11607.67124529148
00e12e8b_3482,11613.4983908692
00e12e8b_3483,11609.676525760782
00e12e8b_3484,11607.67124529148
00e12e8b_3485,11613.506757218405
00e12e8b_3486,11607.679611640684
00e12e8b_3487,11607.679611640684
00e12e8b_3488,11607.65588835566
00e12e8b_3489,11607.65588835566
00e12e8b_3490,11607.65588835566
00e12e8b_3491,11607.646242031851
00e12e8b_3492,11609.654619889787
00e12e8b_3493,11607.646242031851
00e12e8b_3494,11609.66733578185
00e12e8b_3495,11607.633766055244
00e12e8b_3496,11607.626528160506
00e12e8b_3497,11613.180973102668
00e12e8b_3498,11613.180973102668
00e12e8b_3499,11613.180973102668
00e12e8b_3500,11607.608825924675
00e12e8b_3501,11613.121514056631
00e12e8b_3502,11607.608825924675
00e12e8b_3503,11607.607255496105
00e12e8b_3504,11607.58219331516
00e12e8b_3505,11607.58219331516
00e12e8b_3506,11607.535889488514
00e12e8b_3507,11613.080320324974
00e12e8b_3508,11607.54538957082
00e12e8b_3509,11607.53408738956
00e12e8b_3510,11607.338153690309
00e12e8b_3511,11607.338153690309
00e12e8b_3512,11607.338153690309
00e12e8b_3513,11607.338153690309
00e12e8b_3514,11607.338153690309
00e12e8b_3515,11607.319129115145
00e12e8b_3516,11612.873084444464
00e12e8b_3517,11612.869775100835
00e12e8b_3518,11608.479539893946
00e12e8b_3519,11606.44765480277
00e12e8b_3520,11606.468008901535
00e12e8b_3521,11606.468008901535
00e12e8b_3522,11606.468008901535
00e12e8b_3523,11606.468008901535
00e12e8b_3524,11606.470691254477
00e12e8b_3525,11606.473533921142
00e12e8b_3526,11606.473533921142
00e12e8b_3527,11608.494627671142
00e12e8b_3528,11606.46869547732
00e12e8b_3529,11606.46869547732
00e12e8b_3530,11606.484596205475
00e12e8b_3531,11606.47541056445
00e12e8b_3532,11608.46696983119
00e12e8b_3533,11608.468179718358
00e12e8b_3534,11606.457111066771
00e12e8b_3535,11606.457111066771
00e12e8b_3536,11611.713662399547
00e12e8b_3537,11606.149901900104
00e12e8b_3538,11606.149901900104
00e12e8b_3539,11606.149901900104
00e12e8b_3540,11606.129173868341
00e12e8b_3541,11606.129173868341
00e12e8b_3542,11608.138422854421
00e12e8b_3543,11612.042540875913
00e12e8b_3544,11606.117329104422
00e12e8b_3545,11606.105092764552
00e12e8b_3546,11612.717787316582
00e12e8b_3547,11606.078259158878
00e12e8b_3548,11606.049256118267
00e12e8b_3549,11606.049256118267
00e12e8b_3550,11606.049256118267
00e12e8b_3551,11606.049256118267
00e12e8b_3552,11606.039035688764
00e12e8b_3553,11605.823340515275
00e12e8b_3554,11605.823340515275
00e12e8b_3555,11607.844434265275
00e12e8b_3556,11607.834409166859
00e12e8b_3557,11612.477523979533
00e12e8b_3558,11605.806875682223
00e12e8b_3559,11607.710704256722
00e12e8b_3560,11612.352216021774
00e12e8b_3561,11607.716851723017
00e12e8b_3562,11607.161280541914
00e12e8b_3563,11607.184182345523
00e12e8b_3564,11607.629224173048
00e12e8b_3565,11607.155492279851
00e12e8b_3566,11607.145467181435
00e12e8b_3567,11607.142776387785
00e12e8b_3568,11606.909328183456
00e12e8b_3569,11607.393531106325
00e12e8b_3570,11606.868372184144
00e12e8b_3571,11607.369343514572
00e12e8b_3572,11606.859470842584
00e12e8b_3573,11606.854279194693
00e12e8b_3574,11607.369343514572
00e12e8b_3575,11607.369343514572
00e12e8b_3576,11606.83963133313
00e12e8b_3577,11607.375613144202
00e12e8b_3578,11607.356545673752
00e12e8b_3579,11606.783180125878
00e12e8b_3580,11607.342048160524
00e12e8b_3581,11606.497745206087
00e12e8b_3582,11607.204573077466
00e12e8b_3583,11607.18570589284
00e12e8b_3584,11607.130042261982
00e12e8b_3585,11606.957785384191
00e12e8b_3586,11607.527908921738
00e12e8b_3587,11612.416347897217
00e12e8b_3588,11607.53880855792
00e12e8b_3589,11608.171488596616
00e12e8b_3590,11608.168649574474
00e12e8b_3591,11602.114386042085
00e12e8b_3592,11602.093665092882
00e12e8b_3593,11602.764425405683
00e12e8b_3594,11602.036828784927
00e12e8b_3595,11607.050700631775
00e12e8b_3596,11602.839160240861
00e12e8b_3597,11602.62333952813
00e12e8b_3598,11604.664928305028
00e12e8b_3599,11604.328090292001
00e12e8b_3600,11604.637537032302
00e12e8b_3601,11603.17301839771
00e12e8b_3602,11605.051790345477
00e12e8b_3603,11606.497326388893
00e12e8b_3604,11605.959506500087
00e12e8b_3605,11606.609567965817
00e12e8b_3606,11607.775913782682
00e12e8b_3607,11608.721012978245
00e12e8b_3608,11606.442178149046
00e12e8b_3609,11608.36057690562
00e12e8b_3610,11607.215108511242
00e12e8b_3611,11606.932481005395
00e12e8b_3612,11608.627581815945
00e12e8b_3613,11607.07488937084
00e12e8b_3614,11605.953119586746
00e12e8b_3615,11606.931165922873
00e12e8b_3616,11606.057416461745
00e12e8b_3617,11606.931165922873
00e12e8b_3618,11607.093777834525
00e12e8b_3619,11607.398513995615
00e12e8b_3620,11607.050857745615
00e12e8b_3621,11608.279177092463
00e12e8b_3622,11608.287591658285
00e12e8b_3623,11606.08654529748
00e12e8b_3624,11607.915184756166
00e12e8b_3625,11608.244472228653
00e12e8b_3626,11608.055434395666
00e12e8b_3627,11607.08906957892
00e12e8b_3628,11609.42946204836
00e12e8b_3629,11609.27430438551
00e12e8b_3630,11608.265710176018
00e12e8b_3631,11606.846776333632
00e12e8b_3632,11607.203751598649
00e12e8b_3633,11604.794488404772
00e12e8b_3634,11606.846776333632
00e12e8b_3635,11607.203751598649
00e12e8b_3636,11604.790389684938
00e12e8b_3637,11604.790389684938
00e12e8b_3638,11606.846776333632
00e12e8b_3639,11607.113674185104
00e12e8b_3640,11604.7364180798
00e12e8b_3641,11604.465895532696
00e12e8b_3642,11604.46999425253
00e12e8b_3643,11604.46999425253
00e12e8b_3644,11604.46999425253
00e12e8b_3645,11604.46999425253
00e12e8b_3646,11606.798202758906
00e12e8b_3647,11606.510601193735
00e12e8b_3648,11607.115516436756
00e12e8b_3649,11607.131808692628
00e12e8b_3650,11607.317697201557
00e12e8b_3651,11608.051425427198
00e12e8b_3652,11606.365502059434
00e12e8b_3653,11604.8371055799
00e12e8b_3654,11604.122903956993
00e12e8b_3655,11605.011475459583
00e12e8b_3656,11606.587804529718
00e12e8b_3657,11602.462081975325
00e12e8b_3658,11602.831760318517
00e12e8b_3659,11601.334132461241
00e12e8b_3660,11601.363783434943
00e12e8b_3661,11601.65550168221
00e12e8b_3662,11604.693130878437
00e12e8b_3663,11601.37622471164
00e12e8b_3664,11602.71785255429
00e12e8b_3665,11604.371539384312
00e12e8b_3666,11604.122244886566
00e12e8b_3667,11604.642984043454
00e12e8b_3668,11604.499260595487
00e12e8b_3669,11601.720688044448
00e12e8b_3670,11601.675021424184
00e12e8b_3671,11601.620116015953
00e12e8b_3672,11600.532749806687
00e12e8b_3673,11601.642609734115
00e12e8b_3674,11601.163029393432
00e12e8b_3675,11601.62670959425
00e12e8b_3676,11601.100827973518
00e12e8b_3677,11601.093304163991
00e12e8b_3678,11601.555320161016
00e12e8b_3679,11600.582060542461
00e12e8b_3680,11598.057529559084
00e12e8b_3681,11598.281821667118
00e12e8b_3682,11597.996427063097
00e12e8b_3683,11599.982505602855
00e12e8b_3684,11598.254307037196
00e12e8b_3685,11597.82035929119
00e12e8b_3686,11598.070870844236
00e12e8b_3687,11597.812990870136
00e12e8b_3688,11599.79007947195
00e12e8b_3689,11597.791464073463
00e12e8b_3690,11600.663295489281
00e12e8b_3691,11601.125311486305
00e12e8b_3692,11600.073659763057
00e12e8b_3693,11600.991534572953
00e12e8b_3694,11600.661268411159
00e12e8b_3695,11601.48907589858
00e12e8b_3696,11601.248655498439
00e12e8b_3697,11601.27296018141
00e12e8b_3698,11601.329265277825
00e12e8b_3699,11601.288589241298
00e12e8b_3700,11600.805867835088
00e12e8b_3701,11600.822135718914
00e12e8b_3702,11600.774897621595
00e12e8b_3703,11600.312881624573
00e12e8b_3704,11599.661442276527
00e12e8b_3705,11604.454633875199
00e12e8b_3706,11604.86152690553
00e12e8b_3707,11603.8686019087
00e12e8b_3708,11604.381722530314
00e12e8b_3709,11603.78955729102
00e12e8b_3710,11604.975206462397
00e12e8b_3711,11604.598667773127
00e12e8b_3712,11605.246930023668
00e12e8b_3713,11605.131313545096
00e12e8b_3714,11603.85606844606
00e12e8b_3715,11604.140039589036
00e12e8b_3716,11606.270754527693
00e12e8b_3717,11608.332832676164
00e12e8b_3718,11603.94252008684
00e12e8b_3719,11605.510189113373
00e12e8b_3720,11605.31120944682
00e12e8b_3721,11605.333668316754
00e12e8b_3722,11605.01153553415
00e12e8b_3723,11605.31120944682
00e12e8b_3724,11604.876095384758
00e12e8b_3725,11605.885792605754
00e12e8b_3726,11605.48700045574
00e12e8b_3727,11606.280346094885
00e12e8b_3728,11606.014967992644
00e12e8b_3729,11606.050663251874
00e12e8b_3730,11604.952276222775
00e12e8b_3731,11605.585991819811
00e12e8b_3732,11606.024545070057
00e12e8b_3733,11604.142213353727
00e12e8b_3734,11606.123835885994
00e12e8b_3735,11603.095176300883
00e12e8b_3736,11605.744177737915
00e12e8b_3737,11605.485989212571
00e12e8b_3738,11605.70710160339
00e12e8b_3739,11602.835986678294
00e12e8b_3740,11601.717019460142
00e12e8b_3741,11603.558548950085
00e12e8b_3742,11602.599009864112
00e12e8b_3743,11603.007401182564
00e12e8b_3744,11604.390281464883
00e12e8b_3745,11601.835710454703
00e12e8b_3746,11603.774095025427
00e12e8b_3747,11601.956073867932
00e12e8b_3748,11601.916378331569
00e12e8b_3749,11602.126673716328
00e12e8b_3750,11602.235489489278
00e12e8b_3751,11601.16873032321
00e12e8b_3752,11601.872940552508
00e12e8b_3753,11601.586701408864
00e12e8b_3754,11602.208135249148
00e12e8b_3755,11601.476692791772
00e12e8b_3756,11602.001450546506
00e12e8b_3757,11601.476692791772
00e12e8b_3758,11601.398633763314
00e12e8b_3759,11601.513279772329
00e12e8b_3760,11601.420063097697
00e12e8b_3761,11601.32285468362
00e12e8b_3762,11600.399747051708
00e12e8b_3763,11600.657627025807
00e12e8b_3764,11600.400631333685
00e12e8b_3765,11600.596954409446
00e12e8b_3766,11600.324502045942
00e12e8b_3767,11600.31713362489
00e12e8b_3768,11600.57501359899
00e12e8b_3769,11600.514888128904
00e12e8b_3770,11600.514888128904
00e12e8b_3771,11600.502929720415
00e12e8b_3772,11601.419948641409
00e12e8b_3773,11600.478684109296
00e12e8b_3774,11601.358516182087
00e12e8b_3775,11600.361055998648
00e12e8b_3776,11600.084879286182
00e12e8b_3777,11601.282811979696
00e12e8b_3778,11600.982334317878
00e12e8b_3779,11600.81908107564
00e12e8b_3780,11600.853355141284
00e12e8b_3781,11599.93024750937
00e12e8b_3782,11600.16410202248
00e12e8b_3783,11600.152143613992
00e12e8b_3784,11600.104397987561
00e12e8b_3785,11600.094320467964
00e12e8b_3786,11600.094320467964
00e12e8b_3787,11600.029336920272
00e12e8b_3788,11599.930028377972
00e12e8b_3789,11599.840424583284
00e12e8b_3790,11599.840424583284
00e12e8b_3791,11601.43992243405
00e12e8b_3792,11599.852382991772
00e12e8b_3793,11599.840424583284
00e12e8b_3794,11599.824792235198
00e12e8b_3795,11599.824792235198
00e12e8b_3796,11601.424290085966
00e12e8b_3797,11599.824792235198
00e12e8b_3798,11599.81776917674
00e12e8b_3799,11599.788187232445
00e12e8b_3800,11599.724177406335
00e12e8b_3801,11599.724177406335
00e12e8b_3802,11599.690129729568
00e12e8b_3803,11599.656097921592
00e12e8b_3804,11599.656097921592
00e12e8b_3805,11601.271768612767
00e12e8b_3806,11599.640902013662
00e12e8b_3807,11599.60454113328
00e12e8b_3808,11599.582175061578
00e12e8b_3809,11599.582175061578
00e12e8b_3810,11599.594133470067
00e12e8b_3811,11601.22591437404
00e12e8b_3812,11599.478082770707
00e12e8b_3813,11599.478082770707
00e12e8b_3814,11599.082899035717
00e12e8b_3815,11599.094857444205
00e12e8b_3816,11599.065466585946
00e12e8b_3817,11599.065466585946
00e12e8b_3818,11599.065466585946
00e12e8b_3819,11598.974506380278
00e12e8b_3820,11598.931683460738
00e12e8b_3821,11599.603022458545
00e12e8b_3822,11599.56404550848
00e12e8b_3823,11599.552087099992
00e12e8b_3824,11599.52279847254
00e12e8b_3825,11599.52279847254
00e12e8b_3826,11599.519008587484
00e12e8b_3827,11600.496805816683
00e12e8b_3828,11601.132889984137
00e12e8b_3829,11601.863963701524
00e12e8b_3830,11600.758753917917
00e12e8b_3831,11601.554268811988
00e12e8b_3832,11600.401880730169
00e12e8b_3833,11600.39136210162
00e12e8b_3834,11600.313195760975
00e12e8b_3835,11589.660220133572
00e12e8b_3836,11594.92066198196
00e12e8b_3837,11594.867207520043
00e12e8b_3838,11589.597983802954
00e12e8b_3839,11594.788492230922
00e12e8b_3840,11594.73324076871
00e12e8b_3841,11594.680219285965
00e12e8b_3842,11594.432985763857
00e12e8b_3843,11594.670426518695
00e12e8b_3844,11594.658468110207
00e12e8b_3845,11594.62827191973
00e12e8b_3846,11594.640230328218
00e12e8b_3847,11595.09838910723
00e12e8b_3848,11595.09838910723
00e12e8b_3849,11595.09838910723
00e12e8b_3850,11595.09838910723
00e12e8b_3851,11595.036471676442
00e12e8b_3852,11594.996366808718
00e12e8b_3853,11594.952775222268
00e12e8b_3854,11594.952775222268
00e12e8b_3855,11594.964733630753
00e12e8b_3856,11594.952775222268
00e12e8b_3857,11594.83382884638
00e12e8b_3858,11594.821870437894
00e12e8b_3859,11594.83382884638
00e12e8b_3860,11587.44214957869
00e12e8b_3861,11594.83382884638
00e12e8b_3862,11594.574636915788
00e12e8b_3863,11594.746062472119
00e12e8b_3864,11594.718122964226
00e12e8b_3865,11594.6959506505
00e12e8b_3866,11594.328195866596
00e12e8b_3867,11594.587387797188
00e12e8b_3868,11594.587387797188
00e12e8b_3869,11594.578707419641
00e12e8b_3870,11594.497508746228
00e12e8b_3871,11594.485550337738
00e12e8b_3872,11594.497508746228
00e12e8b_3873,11594.466690250154
00e12e8b_3874,11594.454731841666
00e12e8b_3875,11594.348739245339
00e12e8b_3876,11594.336780836853
00e12e8b_3877,11594.319543784344
00e12e8b_3878,11594.30619511772
00e12e8b_3879,11594.320432859256
00e12e8b_3880,11586.858611381711
00e12e8b_3881,11594.317154828315
00e12e8b_3882,11594.270012069055
00e12e8b_3883,11594.281970477543
00e12e8b_3884,11594.281970477543
00e12e8b_3885,11594.25313084536
00e12e8b_3886,11593.986570493713
00e12e8b_3887,11593.993938914768
00e12e8b_3888,11586.811638368017
00e12e8b_3889,11593.900612097721
00e12e8b_3890,11586.679364199053
00e12e8b_3891,11592.989228063538
00e12e8b_3892,11585.760376050976
00e12e8b_3893,11591.900948681941
00e12e8b_3894,11591.902172130911
00e12e8b_3895,11592.675506449004
00e12e8b_3896,11593.545178276434
00e12e8b_3897,11591.930985569374
00e12e8b_3898,11591.776783380328
00e12e8b_3899,11594.149279838934
00e12e8b_3900,11593.3059338044
00e12e8b_3901,11594.156648259986
00e12e8b_3902,11594.36927916469
00e12e8b_3903,11585.57493730295
00e12e8b_3904,11593.999589496314
00e12e8b_3905,11594.272277456434
00e12e8b_3906,11594.21931518352
00e12e8b_3907,11594.232811213045
00e12e8b_3908,11594.21931518352
00e12e8b_3909,11594.232811213045
00e12e8b_3910,11594.21931518352
00e12e8b_3911,11585.31638774733
00e12e8b_3912,11594.120115010528
00e12e8b_3913,11593.982420459064
00e12e8b_3914,11593.960244051992
00e12e8b_3915,11592.82684482207
00e12e8b_3916,11592.76555436962
00e12e8b_3917,11592.742530981075
00e12e8b_3918,11591.676978646152
00e12e8b_3919,11591.522776457105
00e12e8b_3920,11591.636431111858
00e12e8b_3921,11591.752671260223
00e12e8b_3922,11588.560593788894
00e12e8b_3923,11588.392004018247
00e12e8b_3924,11588.395815576207
00e12e8b_3925,11591.632831099367
00e12e8b_3926,11591.632831099367
00e12e8b_3927,11591.479033145897
00e12e8b_3928,11591.446581854034
00e12e8b_3929,11592.427817332918
00e12e8b_3930,11592.36718544886
00e12e8b_3931,11591.422791605044
00e12e8b_3932,11591.08823340471
00e12e8b_3933,11592.201457113717
00e12e8b_3934,11590.999057573168
00e12e8b_3935,11591.118934641978
00e12e8b_3936,11592.10737799727
00e12e8b_3937,11590.90144006749
00e12e8b_3938,11591.184939131537
00e12e8b_3939,11591.155182983388
00e12e8b_3940,11590.8429980879
00e12e8b_3941,11587.576602494695
00e12e8b_3942,11587.42479506505
00e12e8b_3943,11587.146045933396
00e12e8b_3944,11590.633606808376
00e12e8b_3945,11587.003354066172
00e12e8b_3946,11587.315039192543
00e12e8b_3947,11587.995291889207
00e12e8b_3948,11587.241229034535
00e12e8b_3949,11587.108776670644
00e12e8b_3950,11586.945222091485
00e12e8b_3951,11581.80430746559
00e12e8b_3952,11588.960200506235
00e12e8b_3953,11587.15453030335
00e12e8b_3954,11587.153515969969
00e12e8b_3955,11587.05287123051
00e12e8b_3956,11589.089664315525
00e12e8b_3957,11590.347927861092
00e12e8b_3958,11590.363540700599
00e12e8b_3959,11591.932050552103
00e12e8b_3960,11591.946635030527
00e12e8b_3961,11591.946635030527
00e12e8b_3962,11592.740480677054
00e12e8b_3963,11590.980911531084
00e12e8b_3964,11590.982449152123
00e12e8b_3965,11590.916455720366
00e12e8b_3966,11590.90295969084
00e12e8b_3967,11590.809621782779
00e12e8b_3968,11590.821580191265
00e12e8b_3969,11590.771471182778
00e12e8b_3970,11590.720275077198
00e12e8b_3971,11590.694887771384
00e12e8b_3972,11590.70684617987
00e12e8b_3973,11577.533826623703
00e12e8b_3974,11590.710469080692
00e12e8b_3975,11590.468230366747
00e12e8b_3976,11590.940256508571
00e12e8b_3977,11590.926760479046
00e12e8b_3978,11589.825771673452
00e12e8b_3979,11590.86202278674
00e12e8b_3980,11590.5286955343
00e12e8b_3981,11590.748529832446
00e12e8b_3982,11590.735033802921
00e12e8b_3983,11590.399508243792
00e12e8b_3984,11590.399508243792
00e12e8b_3985,11590.388047298336
00e12e8b_3986,11589.453102996078
00e12e8b_3987,11588.283684150683
00e12e8b_3988,11588.43164398742
00e12e8b_3989,11588.113213555072
00e12e8b_3990,11588.261173391806
00e12e8b_3991,11587.698682552711
00e12e8b_3992,11584.25900000438
00e12e8b_3993,11587.658735886043
00e12e8b_3994,11577.582507388273
00e12e8b_3995,11584.253610701191
00e12e8b_3996,11587.618075991866
00e12e8b_3997,11587.59080962469
00e12e8b_3998,11586.146065880679
00e12e8b_3999,11587.599196538453
00e12e8b_4000,11587.573952538456
00e12e8b_4001,11587.558339698948
00e12e8b_4002,11585.216535482989
00e12e8b_4003,11586.123927731718
00e12e8b_4004,11588.344901980166
00e12e8b_4005,11585.32464616658
00e12e8b_4006,11585.226224504071
00e12e8b_4007,11585.223911013898
00e12e8b_4008,11585.044099878662
00e12e8b_4009,11585.073163296478
00e12e8b_4010,11585.6473458048
00e12e8b_4011,11585.272259055142
00e12e8b_4012,11585.302903079704
00e12e8b_4013,11584.060190370143
00e12e8b_4014,11583.341188911563
00e12e8b_4015,11585.155075435896
00e12e8b_4016,11584.992158268673
00e12e8b_4017,11584.012064400216
00e12e8b_4018,11585.35189463792
00e12e8b_4019,11577.566829199724
00e12e8b_4020,11584.165835026106
00e12e8b_4021,11584.453564406267
00e12e8b_4022,11584.591820234295
00e12e8b_4023,11584.497484296793
00e12e8b_4024,11584.255931915399
00e12e8b_4025,11587.792737927099
00e12e8b_4026,11588.2902505466
00e12e8b_4027,11588.114045134105
00e12e8b_4028,11589.998599187833
00e12e8b_4029,11577.371212516166
00e12e8b_4030,11577.371212516166
00e12e8b_4031,11589.9228244094
00e12e8b_4032,11589.9228244094
00e12e8b_4033,11589.156434464225
00e12e8b_4034,11589.87074753601
00e12e8b_4035,11590.129939466604
00e12e8b_4036,11589.87074753601
00e12e8b_4037,11577.301152433276
00e12e8b_4038,11577.389092705223
00e12e8b_4039,11589.773840268139
00e12e8b_4040,11589.732754934805
00e12e8b_4041,11589.712516918546
00e12e8b_4042,11589.971708849138
00e12e8b_4043,11589.679457870927
00e12e8b_4044,11589.93864980152
00e12e8b_4045,11589.93864980152
00e12e8b_4046,11589.93864980152
00e12e8b_4047,11589.93864980152
00e12e8b_4048,11589.65012289966
00e12e8b_4049,11589.900634452708
00e12e8b_4050,11589.595483394765
00e12e8b_4051,11589.826170930355
00e12e8b_4052,11589.53478691437
00e12e8b_4053,11589.742465937887
00e12e8b_4054,11589.95234176095
00e12e8b_4055,11589.698399498946
00e12e8b_4056,11588.912685256626
00e12e8b_4057,11589.661725180964
00e12e8b_4058,11589.912236734011
00e12e8b_4059,11588.916803305965
00e12e8b_4060,11589.626683929742
00e12e8b_4061,11577.218592433244
00e12e8b_4062,11589.811992432582
00e12e8b_4063,11589.81353005362
00e12e8b_4064,11589.810293214781
00e12e8b_4065,11589.810293214781
00e12e8b_4066,11589.77437758505
00e12e8b_4067,11589.77437758505
00e12e8b_4068,11589.752975115915
00e12e8b_4069,11589.768556425226
00e12e8b_4070,11589.752975115915
00e12e8b_4071,11589.724266598489
00e12e8b_4072,11589.922390593838
00e12e8b_4073,11589.911355417828
00e12e8b_4074,11578.333829216474
00e12e8b_4075,11590.988308542828
00e12e8b_4076,11590.974877551394
00e12e8b_4077,11590.93672647397
00e12e8b_4078,11590.88666495683
00e12e8b_4079,11590.88666495683
00e12e8b_4080,11591.12168193077
00e12e8b_4081,11591.12168193077
00e12e8b_4082,11591.12168193077
00e12e8b_4083,11591.106100621462
00e12e8b_4084,11591.12168193077
00e12e8b_4085,11591.08691704278
00e12e8b_4086,11591.047395511756
00e12e8b_4087,11591.041745485916
00e12e8b_4088,11578.2039673544
00e12e8b_4089,11591.017865666097
00e12e8b_4090,11591.002284356786
00e12e8b_4091,11590.988697416757
00e12e8b_4092,11590.988697416757
00e12e8b_4093,11590.988697416757
00e12e8b_4094,11590.976011765673
00e12e8b_4095,11590.96862586091
00e12e8b_4096,11590.930371148937
00e12e8b_4097,11590.923269525148
00e12e8b_4098,11590.938850834456
00e12e8b_4099,11578.083974551908
00e12e8b_4100,11590.871034453266
00e12e8b_4101,11590.620522900219
00e12e8b_4102,11590.89223668804
00e12e8b_4103,11590.595884468847
00e12e8b_4104,11590.582013183444
00e12e8b_4105,11590.878365402637
00e12e8b_4106,11590.663443583864
00e12e8b_4107,11578.056811202328
00e12e8b_4108,11589.874585962796
00e12e8b_4109,11589.864472082776
00e12e8b_4110,11588.239007407861
00e12e8b_4111,11577.949169833126
00e12e8b_4112,11588.706638792763
00e12e8b_4113,11584.862164988186
00e12e8b_4114,11584.840011504351
00e12e8b_4115,11588.161703431439
00e12e8b_4116,11584.873392627684
00e12e8b_4117,11584.844461800689
00e12e8b_4118,11584.84337000683
00e12e8b_4119,11584.730861799986
00e12e8b_4120,11584.824229381831
00e12e8b_4121,11577.695022054639
00e12e8b_4122,11588.054365595926
00e12e8b_4123,11584.790199669718
00e12e8b_4124,11584.790199669718
00e12e8b_4125,11584.879548400526
00e12e8b_4126,11584.738074614326
00e12e8b_4127,11588.029426235049
00e12e8b_4128,11588.555950187158
00e12e8b_4129,11588.021292789708
00e12e8b_4130,11588.572021583543
00e12e8b_4131,11588.555950187158
00e12e8b_4132,11588.536014596488
00e12e8b_4133,11588.51163516237
00e12e8b_4134,11587.983347882313
00e12e8b_4135,11587.955667389208
00e12e8b_4136,11587.941973113113
00e12e8b_4137,11587.952012986814
00e12e8b_4138,11586.794842910444
00e12e8b_4139,11584.809399067217
00e12e8b_4140,11584.809399067217
00e12e8b_4141,11585.728221543977
00e12e8b_4142,11584.715603464716
00e12e8b_4143,11587.922524727552
00e12e8b_4144,11585.705896866359
00e12e8b_4145,11584.711605033342
00e12e8b_4146,11584.711605033342
00e12e8b_4147,11584.679276121336
00e12e8b_4148,11584.64230306355
00e12e8b_4149,11584.679276121336
00e12e8b_4150,11584.773071723837
00e12e8b_4151,11584.67149986737
00e12e8b_4152,11587.870795675462
00e12e8b_4153,11588.403930529901
00e12e8b_4154,11587.830590726962
00e12e8b_4155,11584.64153062025
00e12e8b_4156,11584.349871930015
00e12e8b_4157,11577.48181792292
00e12e8b_4158,11584.782728579281
00e12e8b_4159,11584.624308967053
00e12e8b_4160,11584.704078603245
00e12e8b_4161,11577.541615429971
00e12e8b_4162,11588.46699138261
00e12e8b_4163,11587.91966879176
00e12e8b_4164,11587.91966879176
00e12e8b_4165,11586.755638131672
00e12e8b_4166,11584.815084256417
00e12e8b_4167,11585.715580486936
00e12e8b_4168,11588.455241859456
00e12e8b_4169,11577.54529490359
00e12e8b_4170,11587.903662722878
00e12e8b_4171,11584.798162517287
00e12e8b_4172,11586.738716392538
00e12e8b_4173,11584.715436899667
00e12e8b_4174,11584.72161653596
00e12e8b_4175,11584.447179498924
00e12e8b_4176,11584.81485324246
00e12e8b_4177,11584.756898531698
00e12e8b_4178,11587.933463588106
00e12e8b_4179,11588.468120985552
00e12e8b_4180,11577.575095768818
00e12e8b_4181,11584.766097947115
00e12e8b_4182,11584.439239051278
00e12e8b_4183,11584.50168557751
00e12e8b_4184,11584.833793275817
00e12e8b_4185,11584.844950043742
00e12e8b_4186,11585.849758216627
00e12e8b_4187,11584.860257437682
00e12e8b_4188,11584.82680833992
00e12e8b_4189,11588.004727447487
00e12e8b_4190,11584.846392282663
00e12e8b_4191,11588.601078135436
00e12e8b_4192,11589.58488137549
00e12e8b_4193,11588.453118298701
00e12e8b_4194,11589.624683543567
00e12e8b_4195,11588.59504127572
00e12e8b_4196,11588.051195711976
00e12e8b_4197,11577.634793786643
00e12e8b_4198,11590.371099601547
00e12e8b_4199,11577.634793786643
00e12e8b_4200,11577.653283199208
00e12e8b_4201,11589.618101471899
00e12e8b_4202,11589.64351135628
00e12e8b_4203,11590.405358364333
00e12e8b_4204,11589.618101471899
00e12e8b_4205,11590.405358364333
00e12e8b_4206,11590.405358364333
00e12e8b_4207,11589.64351135628
00e12e8b_4208,11590.701710583526
00e12e8b_4209,11588.486338395112
00e12e8b_4210,11589.646226118964
00e12e8b_4211,11589.677752116027
00e12e8b_4212,11590.675718393431
00e12e8b_4213,11589.637949947952
00e12e8b_4214,11588.510314662402
00e12e8b_4215,11589.681982271753
00e12e8b_4216,11590.441114517125
00e12e8b_4217,11588.540190137646
00e12e8b_4218,11588.672078577994
00e12e8b_4219,11589.671953214434
00e12e8b_4220,11588.682113114664
00e12e8b_4221,11585.065215736653
00e12e8b_4222,11588.169573169502
00e12e8b_4223,11588.5723421266
00e12e8b_4224,11588.583836394817
00e12e8b_4225,11588.731796231554
00e12e8b_4226,11577.895724215661
00e12e8b_4227,11589.735008269818
00e12e8b_4228,11588.583836394817
00e12e8b_4229,11589.716312664626
00e12e8b_4230,11589.755401639683
00e12e8b_4231,11588.725759371839
00e12e8b_4232,11588.583836394817
00e12e8b_4233,11588.583836394817
00e12e8b_4234,11588.725759371839
00e12e8b_4235,11589.729156065594
00e12e8b_4236,11589.83509946587
00e12e8b_4237,11589.82070718217
00e12e8b_4238,11589.838871516175
00e12e8b_4239,11589.867318512495
00e12e8b_4240,11590.629165520551
00e12e8b_4241,11590.878349651963
00e12e8b_4242,11589.884831090862
00e12e8b_4243,11590.652786295204
00e12e8b_4244,11590.921987577978
00e12e8b_4245,11590.967828244125
00e12e8b_4246,11590.98132427365
00e12e8b_4247,11590.975389095187
00e12e8b_4248,11590.975389095187
00e12e8b_4249,11590.981783500923
00e12e8b_4250,11591.06586875956
00e12e8b_4251,11591.092506508427
00e12e8b_4252,11591.171141175875
00e12e8b_4253,11591.166152223923
00e12e8b_4254,11591.234172795352
00e12e8b_4255,11591.270717133977
00e12e8b_4256,11591.270717133977
00e12e8b_4257,11591.317597303107
00e12e8b_4258,11591.317597303107
00e12e8b_4259,11591.356744929948
00e12e8b_4260,11591.390332851517
00e12e8b_4261,11591.439879081288
00e12e8b_4262,11591.439879081288
00e12e8b_4263,11591.429998128373
00e12e8b_4264,11591.557092287083
00e12e8b_4265,11591.557092287083
00e12e8b_4266,11591.557092287083
00e12e8b_4267,11591.592124509305
00e12e8b_4268,11591.56531857754
00e12e8b_4269,11591.629112953748
00e12e8b_4270,11591.629112953748
00e12e8b_4271,11591.629112953748
00e12e8b_4272,11591.629112953748
00e12e8b_4273,11591.663780024455
00e12e8b_4274,11591.6298724689
00e12e8b_4275,11591.6298724689
00e12e8b_4276,11591.691757936915
00e12e8b_4277,11591.729978047599
00e12e8b_4278,11591.747753303232
00e12e8b_4279,11591.747753303232
00e12e8b_4280,11591.720947371468
00e12e8b_4281,11591.747753303232
00e12e8b_4282,11591.747753303232
00e12e8b_4283,11591.769177017479
00e12e8b_4284,11591.769177017479
00e12e8b_4285,11591.755680987953
00e12e8b_4286,11591.797736491726
00e12e8b_4287,11591.797736491726
00e12e8b_4288,11578.569523971795
00e12e8b_4289,11590.718721442727
00e12e8b_4290,11592.080309794654
00e12e8b_4291,11592.859356354526
00e12e8b_4292,11592.842156802706
00e12e8b_4293,11593.109867907573
00e12e8b_4294,11592.137306750405
00e12e8b_4295,11592.98066800503
00e12e8b_4296,11593.259546173382
00e12e8b_4297,11592.994164034557
00e12e8b_4298,11593.051876282376
00e12e8b_4299,11593.097557778881
00e12e8b_4300,11593.091163373148
00e12e8b_4301,11593.372323605805
00e12e8b_4302,11593.104612500938
00e12e8b_4303,11593.18720015007
00e12e8b_4304,11593.518419281369
00e12e8b_4305,11592.474229851608
00e12e8b_4306,11593.236076859665
00e12e8b_4307,11593.33015260623
00e12e8b_4308,11593.312953054408
00e12e8b_4309,11579.85707626085
00e12e8b_4310,11591.586644576908
00e12e8b_4311,11579.90396495666
00e12e8b_4312,11592.600709504848
00e12e8b_4313,11592.622099627153
00e12e8b_4314,11592.68175331608
00e12e8b_4315,11591.525765411117
00e12e8b_4316,11592.672096842587
00e12e8b_4317,11592.679038553393
00e12e8b_4318,11592.697330655981
00e12e8b_4319,11592.716519190917
00e12e8b_4320,11593.49285098811
00e12e8b_4321,11593.764751119412
00e12e8b_4322,11593.475651436289
00e12e8b_4323,11593.552958773613
00e12e8b_4324,11593.539462744087
00e12e8b_4325,11593.81834091244
00e12e8b_4326,11593.764751119412
00e12e8b_4327,11580.029712724403
00e12e8b_4328,11593.475651436289
00e12e8b_4329,11593.777244274967
00e12e8b_4330,11592.726297583791
00e12e8b_4331,11593.777244274967
00e12e8b_4332,11593.488144591844
00e12e8b_4333,11592.739915260237
00e12e8b_4334,11592.802148449435
00e12e8b_4335,11591.788083521493
00e12e8b_4336,11591.38249394724
00e12e8b_4337,11590.144774768989
00e12e8b_4338,11580.064587835544
00e12e8b_4339,11580.149933568588
00e12e8b_4340,11588.906969996398
00e12e8b_4341,11588.894063249827
00e12e8b_4342,11588.875687840293
00e12e8b_4343,11588.861702861757
00e12e8b_4344,11589.045871791212
00e12e8b_4345,11589.088366124142
00e12e8b_4346,11589.069990714606
00e12e8b_4347,11588.656104151538
00e12e8b_4348,11588.658436226859
00e12e8b_4349,11589.198816701224
00e12e8b_4350,11588.090877804221
00e12e8b_4351,11588.803075627844
00e12e8b_4352,11580.639521937863
00e12e8b_4353,11589.238241564228
00e12e8b_4354,11589.368620968515
00e12e8b_4355,11589.448601045886
00e12e8b_4356,11589.481048808671
00e12e8b_4357,11580.735921722735
00e12e8b_4358,11589.6659147788
00e12e8b_4359,11589.569709029773
00e12e8b_4360,11589.668618899357
00e12e8b_4361,11590.65244637046
00e12e8b_4362,11593.046148389447
00e12e8b_4363,11591.848480458246
00e12e8b_4364,11593.14019663276
00e12e8b_4365,11589.95477912261
00e12e8b_4366,11590.352893601757
00e12e8b_4367,11593.644215927749
00e12e8b_4368,11592.455073624966
00e12e8b_4369,11593.619985296484
00e12e8b_4370,11590.569394714588
00e12e8b_4371,11594.234310516318
00e12e8b_4372,11594.259377537895
00e12e8b_4373,11594.91514671385
00e12e8b_4374,11594.232826207628
00e12e8b_4375,11594.904243800083
00e12e8b_4376,11595.712204170457
00e12e8b_4377,11582.747927767658
00e12e8b_4378,11595.855178821843
00e12e8b_4379,11595.89136226397
00e12e8b_4380,11595.922660803652
00e12e8b_4381,11595.92976242744
00e12e8b_4382,11596.277416642424
00e12e8b_4383,11596.039024508405
00e12e8b_4384,11596.055466680347
00e12e8b_4385,11596.068962709873
00e12e8b_4386,11596.106368832116
00e12e8b_4387,11596.079562900351
00e12e8b_4388,11596.072461276559
00e12e8b_4389,11596.066066870826
00e12e8b_4390,11582.929026780248
00e12e8b_4391,11596.106368832116
00e12e8b_4392,11596.084230933326
00e12e8b_4393,11596.09062533906
00e12e8b_4394,11596.09062533906
00e12e8b_4395,11596.084230933326
00e12e8b_4396,11582.947190842748
00e12e8b_4397,11596.195849324407
00e12e8b_4398,11596.260386587284
00e12e8b_4399,11596.311187591205
00e12e8b_4400,11596.318289214996
00e12e8b_4401,11596.348903718923
00e12e8b_4402,11595.511154312158
00e12e8b_4403,11596.625590110118
00e12e8b_4404,11596.31526199516
00e12e8b_4405,11594.819177332445
00e12e8b_4406,11583.133161383947
00e12e8b_4407,11583.133161383947
00e12e8b_4408,11595.624467071304
00e12e8b_4409,11595.131507254528
00e12e8b_4410,11595.084268709257
00e12e8b_4411,11592.597329541853
00e12e8b_4412,11591.663941888875
00e12e8b_4413,11591.516104341037
00e12e8b_4414,11591.567124212292
00e12e8b_4415,11591.567124212292
00e12e8b_4416,11593.673784257593
00e12e8b_4417,11591.677263563655
00e12e8b_4418,11591.760288475443
00e12e8b_4419,11591.494366685905
00e12e8b_4420,11595.166383450709
00e12e8b_4421,11595.634665464453
00e12e8b_4422,11584.209735804829
00e12e8b_4423,11595.151100487747
00e12e8b_4424,11595.151100487747
00e12e8b_4425,11595.151100487747
00e12e8b_4426,11595.66111114213
00e12e8b_4427,11595.53900261038
00e12e8b_4428,11595.83373162996
00e12e8b_4429,11595.647569592362
00e12e8b_4430,11595.86113687134
00e12e8b_4431,11595.822934670477
00e12e8b_4432,11595.674974833742
00e12e8b_4433,11595.86113687134
00e12e8b_4434,11595.91305327987
00e12e8b_4435,11584.43267023952
00e12e8b_4436,11595.419704244548
00e12e8b_4437,11595.874851079008
00e12e8b_4438,11592.262705213574
00e12e8b_4439,11592.262705213574
00e12e8b_4440,11584.623492855817
00e12e8b_4441,11592.437452589535
00e12e8b_4442,11584.65919864198
00e12e8b_4443,11596.194897949674
00e12e8b_4444,11596.083241759336
00e12e8b_4445,11584.751591436388
00e12e8b_4446,11596.316057476322
00e12e8b_4447,11596.808663538108
00e12e8b_4448,11597.372287970979
00e12e8b_4449,11596.855787113896
00e12e8b_4450,11596.927110158145
00e12e8b_4451,11596.922435732005
00e12e8b_4452,11597.86050830642
00e12e8b_4453,11597.56737974328
00e12e8b_4454,11584.994790779263
00e12e8b_4455,11584.994790779263
00e12e8b_4456,11584.994790779263
00e12e8b_4457,11597.660831919951
00e12e8b_4458,11597.70343936789
00e12e8b_4459,11597.731100869229
00e12e8b_4460,11597.787811040169
00e12e8b_4461,11597.780709416378
00e12e8b_4462,11597.780709416378
00e12e8b_4463,11597.866279376449
00e12e8b_4464,11597.866279376449
00e12e8b_4465,11597.872673782183
00e12e8b_4466,11597.885555534474
00e12e8b_4467,11598.15803929709
00e12e8b_4468,11597.913135228438
00e12e8b_4469,11597.898408628183
00e12e8b_4470,11597.921580516815
00e12e8b_4471,11597.944140909645
00e12e8b_4472,11597.978057144941
00e12e8b_4473,11598.018177661737
00e12e8b_4474,11598.05246030036
00e12e8b_4475,11598.115058719684
00e12e8b_4476,11598.159769530115
00e12e8b_4477,11598.213584639865
00e12e8b_4478,11598.179668404573
00e12e8b_4479,11598.220686263658
00e12e8b_4480,11598.287277666514
00e12e8b_4481,11598.361749717593
00e12e8b_4482,11598.368144123328
00e12e8b_4483,11585.618906012145
00e12e8b_4484,11598.391075905949
00e12e8b_4485,11598.432093765035
00e12e8b_4486,11598.444979778966
00e12e8b_4487,11598.47889601426
00e12e8b_4488,11598.472501608525
00e12e8b_4489,11598.494753606852
00e12e8b_4490,11598.501855230643
00e12e8b_4491,11598.501855230643
00e12e8b_4492,11598.523509293806
00e12e8b_4493,11598.592246947395
00e12e8b_4494,11598.676782178392
00e12e8b_4495,11598.683176584125
00e12e8b_4496,11598.739426584125
00e12e8b_4497,11598.746528207917
00e12e8b_4498,11598.746528207917
00e12e8b_4499,11585.82388725283
00e12e8b_4500,11598.739426584125
00e12e8b_4501,11598.746528207917
00e12e8b_4502,11598.788139334854
00e12e8b_4503,11598.760617505295
00e12e8b_4504,11598.794533740589
00e12e8b_4505,11598.892132051866
00e12e8b_4506,11598.93314991095
00e12e8b_4507,11598.976101793982
00e12e8b_4508,11598.976101793982
00e12e8b_4509,11598.942185558688
00e12e8b_4510,11598.999930044301
00e12e8b_4511,11598.966013809008
00e12e8b_4512,11598.966013809008
00e12e8b_4513,11598.979354315594
00e12e8b_4514,11599.013270550886
00e12e8b_4515,11586.00938385312
00e12e8b_4516,11599.013270550886
00e12e8b_4517,11599.020372174677
00e12e8b_4518,11599.006876145151
00e12e8b_4519,11599.016569863566
00e12e8b_4520,11598.975552004482
00e12e8b_4521,11599.117224400938
00e12e8b_4522,11599.110829995203
00e12e8b_4523,11599.150868194041
00e12e8b_4524,11599.153394978055
00e12e8b_4525,11599.244849825305
00e12e8b_4526,11599.246238225018
00e12e8b_4527,11599.246238225018
00e12e8b_4528,11599.246238225018
00e12e8b_4529,11599.34066009049
00e12e8b_4530,11599.425701755279
00e12e8b_4531,11599.412205725752
00e12e8b_4532,11599.372006424495
00e12e8b_4533,11599.714660402042
00e12e8b_4534,11599.449278263217
00e12e8b_4535,11599.43578223369
00e12e8b_4536,11599.47582043253
00e12e8b_4537,11599.49398692828
00e12e8b_4538,11599.81447407333
00e12e8b_4539,11599.53559590498
00e12e8b_4540,11599.575634103818
00e12e8b_4541,11599.549091934505
00e12e8b_4542,11599.575634103818
00e12e8b_4543,11599.561823838023
00e12e8b_4544,11599.569197904002
00e12e8b_4545,11599.561823838023
00e12e8b_4546,11599.63790126822
00e12e8b_4547,11599.603985032925
00e12e8b_4548,11599.59786306938
00e12e8b_4549,11599.76797939322
00e12e8b_4550,11599.757286557267
00e12e8b_4551,11599.754655900535
00e12e8b_4552,11599.760777864078
00e12e8b_4553,11599.794694099373
00e12e8b_4554,11599.760777864078
00e12e8b_4555,11586.50648366007
00e12e8b_4556,11599.87841249804
00e12e8b_4557,11599.844496262744
00e12e8b_4558,11586.503677907018
00e12e8b_4559,11599.90255198733
00e12e8b_4560,11599.936468222624
00e12e8b_4561,11599.90255198733
00e12e8b_4562,11599.936468222624
00e12e8b_4563,11599.90255198733
00e12e8b_4564,11599.896430023786
00e12e8b_4565,11600.157204452205
00e12e8b_4566,11600.175308192136
00e12e8b_4567,11599.938187962873
00e12e8b_4568,11599.938187962873
00e12e8b_4569,11600.220350969546
00e12e8b_4570,11599.998551249986
00e12e8b_4571,11599.998551249986
00e12e8b_4572,11600.081746993374
00e12e8b_4573,11600.062908091413
00e12e8b_4574,11600.096824326707
00e12e8b_4575,11600.13141543782
00e12e8b_4576,11600.15336903351
00e12e8b_4577,11600.24041276295
00e12e8b_4578,11600.311291098806
00e12e8b_4579,11600.297130444644
00e12e8b_4580,11600.289756378663
00e12e8b_4581,11600.345846858185
00e12e8b_4582,11600.345846858185
00e12e8b_4583,11600.311930622891
00e12e8b_4584,11600.381725021149
00e12e8b_4585,11600.439611567643
00e12e8b_4586,11600.478821742568
00e12e8b_4587,11600.741515921249
00e12e8b_4588,11600.78527928256
00e12e8b_4589,11600.822795801378
00e12e8b_4590,11600.540632794706
00e12e8b_4591,11600.554128824231
00e12e8b_4592,11600.877414034067
00e12e8b_4593,11588.758281403883
00e12e8b_4594,11600.31647703092
00e12e8b_4595,11600.31647703092
00e12e8b_4596,11600.89225828092
00e12e8b_4597,11599.661268896341
00e12e8b_4598,11600.346251311046
00e12e8b_4599,11599.695899749035
00e12e8b_4600,11600.330408624352
00e12e8b_4601,11600.908536161342
00e12e8b_4602,11600.657068736014
00e12e8b_4603,11600.643572706489
00e12e8b_4604,11600.92245087484
00e12e8b_4605,11600.66870618694
00e12e8b_4606,11600.690090353719
00e12e8b_4607,11600.716632523032
00e12e8b_4608,11600.700511276575
00e12e8b_4609,11600.740549475413
00e12e8b_4610,11600.740549475413
00e12e8b_4611,11600.740549475413
00e12e8b_4612,11600.740549475413
00e12e8b_4613,11588.865021446694
00e12e8b_4614,11600.738553721903
00e12e8b_4615,11600.738553721903
00e12e8b_4616,11601.011309926707
00e12e8b_4617,11600.763872909722
00e12e8b_4618,11601.039496612164
00e12e8b_4619,11601.049558638291
00e12e8b_4620,11600.742686381509
00e12e8b_4621,11600.742686381509
00e12e8b_4622,11600.75656279993
00e12e8b_4623,11588.889152488271
00e12e8b_4624,11600.772369454837
00e12e8b_4625,11600.772369454837
00e12e8b_4626,11600.772369454837
00e12e8b_4627,11600.79988818665
00e12e8b_4628,11600.765971951356
00e12e8b_4629,11600.784334835076
00e12e8b_4630,11600.83902800623
00e12e8b_4631,11600.820831640925
00e12e8b_4632,11600.840391871254
00e12e8b_4633,11600.85425658427
00e12e8b_4634,11600.888172819565
00e12e8b_4635,11600.85425658427
00e12e8b_4636,11600.847765495235
00e12e8b_4637,11600.840391429252
00e12e8b_4638,11600.874307664548
00e12e8b_4639,11600.874307664548
00e12e8b_4640,11588.946901580111
00e12e8b_4641,11600.891594497993
00e12e8b_4642,11600.865215549242
00e12e8b_4643,11600.91071786274
00e12e8b_4644,11600.969885036193
00e12e8b_4645,11589.042964667726
00e12e8b_4646,11600.970587686223
00e12e8b_4647,11600.936671450927
00e12e8b_4648,11600.996105928574
00e12e8b_4649,11600.996105928574
00e12e8b_4650,11589.07800634114
00e12e8b_4651,11600.996105928574
00e12e8b_4652,11600.415141266363
00e12e8b_4653,11600.415141266363
00e12e8b_4654,11599.785225685422
00e12e8b_4655,11600.449290824046
00e12e8b_4656,11600.428591564787
00e12e8b_4657,11600.450190134323
00e12e8b_4658,11600.449290824046
00e12e8b_4659,11600.449290824046
00e12e8b_4660,11599.79408268947
00e12e8b_4661,11600.482028214969
00e12e8b_4662,11600.481128904692
00e12e8b_4663,11600.498569833126
00e12e8b_4664,11600.477870573866
00e12e8b_4665,11601.055998110853
00e12e8b_4666,11589.104329336209
00e12e8b_4667,11600.477870573866
00e12e8b_4668,11600.477870573866
00e12e8b_4669,11599.843906761205
00e12e8b_4670,11599.376324336637
00e12e8b_4671,11596.12802644977
00e12e8b_4672,11596.16961507352
00e12e8b_4673,11596.286754153964
00e12e8b_4674,11595.655346039533
00e12e8b_4675,11595.98995130269
00e12e8b_4676,11596.018698575708
00e12e8b_4677,11596.849754315603
00e12e8b_4678,11596.594831999113
00e12e8b_4679,11596.033260434117
00e12e8b_4680,11596.81520187066
00e12e8b_4681,11596.72727124274
00e12e8b_4682,11596.654337529304
00e12e8b_4683,11595.585302017476
00e12e8b_4684,11595.545189984603
00e12e8b_4685,11589.244258008977
00e12e8b_4686,11592.064630823563
00e12e8b_4687,11593.082615469355
00e12e8b_4688,11596.201712493163
00e12e8b_4689,11596.46741497655
00e12e8b_4690,11596.4296121402
00e12e8b_4691,11597.580038769705
00e12e8b_4692,11596.638765269694
00e12e8b_4693,11596.468943765993
00e12e8b_4694,11599.729141789188
00e12e8b_4695,11596.46397707228
00e12e8b_4696,11596.63282745711
00e12e8b_4697,11596.457743356399
00e12e8b_4698,11596.680649310638
00e12e8b_4699,11596.534655693897
00e12e8b_4700,11596.498510404363
00e12e8b_4701,11596.553987049356
00e12e8b_4702,11596.533252145084
00e12e8b_4703,11596.498407700637
00e12e8b_4704,11596.67349180135
00e12e8b_4705,11596.68923488832
00e12e8b_4706,11596.543241271576
00e12e8b_4707,11596.619336277978
00e12e8b_4708,11596.457039128016
00e12e8b_4709,11596.628890881151
00e12e8b_4710,11596.46046331524
00e12e8b_4711,11596.438490187968
00e12e8b_4712,11596.622760465201
00e12e8b_4713,11596.632315068375
00e12e8b_4714,11596.616571981405
00e12e8b_4715,11599.714162979775
00e12e8b_4716,11596.46046331524
00e12e8b_4717,11596.509210814262
00e12e8b_4718,11596.63081739565
00e12e8b_4719,11596.436992515242
00e12e8b_4720,11596.637191913775
00e12e8b_4721,11596.571902177977
00e12e8b_4722,11588.722091977601
00e12e8b_4723,11596.776445501779
00e12e8b_4724,11599.841414485321
00e12e8b_4725,11600.333779382287
00e12e8b_4726,11599.839536337524
00e12e8b_4727,11596.851330327816
00e12e8b_4728,11599.862255138052
00e12e8b_4729,11596.897059561768
00e12e8b_4730,11599.914204139688
00e12e8b_4731,11596.758254166722
00e12e8b_4732,11599.94135047747
00e12e8b_4733,11596.943848823073
00e12e8b_4734,11596.966630626895
00e12e8b_4735,11597.92167032027
00e12e8b_4736,11600.4830952432
00e12e8b_4737,11588.844735705472
00e12e8b_4738,11597.012615833468
00e12e8b_4739,11596.846847503435
00e12e8b_4740,11596.914437357467
00e12e8b_4741,11596.849847479616
00e12e8b_4742,11596.856770863053
00e12e8b_4743,11596.542999533192
00e12e8b_4744,11596.854703180032
00e12e8b_4745,11596.889547624476
00e12e8b_4746,11596.854703180032
00e12e8b_4747,11596.907602883737
00e12e8b_4748,11596.918415798395
00e12e8b_4749,11596.88237327512
00e12e8b_4750,11597.110792788306
00e12e8b_4751,11597.110792788306
00e12e8b_4752,11597.11908663777
00e12e8b_4753,11600.130496993463
00e12e8b_4754,11598.958896206846
00e12e8b_4755,11596.7960936186
00e12e8b_4756,11599.464308446732
00e12e8b_4757,11596.841941772322
00e12e8b_4758,11599.464308446732
00e12e8b_4759,11599.469904446734
00e12e8b_4760,11599.00110619965
00e12e8b_4761,11599.616618011218
00e12e8b_4762,11599.142302406912
00e12e8b_4763,11599.640870946732
00e12e8b_4764,11599.654616533602
00e12e8b_4765,11599.197488793296
00e12e8b_4766,11599.186273571988
00e12e8b_4767,11599.65237268806
00e12e8b_4768,11599.186273571988
00e12e8b_4769,11588.2640355821
00e12e8b_4770,11600.170868695333
00e12e8b_4771,11599.65499562548
00e12e8b_4772,11599.684844560992
00e12e8b_4773,11599.200111730715
00e12e8b_4774,11588.2640355821
00e12e8b_4775,11598.106110307946
00e12e8b_4776,11599.692872801641
00e12e8b_4777,11599.221746206058
00e12e8b_4778,11599.198253318184
00e12e8b_4779,11599.204903354308
00e12e8b_4780,11599.68906070629
00e12e8b_4781,11599.214789859649
00e12e8b_4782,11599.698206956342
00e12e8b_4783,11599.71249399548
00e12e8b_4784,11599.225027760258
00e12e8b_4785,11588.306693349901
00e12e8b_4786,11599.229592945441
00e12e8b_4787,11599.23800841091
00e12e8b_4788,11599.23800841091
00e12e8b_4789,11598.151438590403
00e12e8b_4790,11599.227017856487
00e12e8b_4791,11599.250032720654
00e12e8b_4792,11595.891083923412
00e12e8b_4793,11597.081121977735
00e12e8b_4794,11599.69156039496
00e12e8b_4795,11599.733242817652
00e12e8b_4796,11599.737259944033
00e12e8b_4797,11599.761512879544
00e12e8b_4798,11599.29158409889
00e12e8b_4799,11596.01424998708
00e12e8b_4800,11597.128781510644
00e12e8b_4801,11588.19142805123
00e12e8b_4802,11598.190160896154
00e12e8b_4803,11596.171891717313
00e12e8b_4804,11599.762710694475
00e12e8b_4805,11596.189217606894
00e12e8b_4806,11599.282344187199
00e12e8b_4807,11596.189217606894
00e12e8b_4808,11598.207486785737
00e12e8b_4809,11599.76832416501
00e12e8b_4810,11599.285945889987
00e12e8b_4811,11588.205921270279
00e12e8b_4812,11599.76505792383
00e12e8b_4813,11599.274261364117
00e12e8b_4814,11599.302267248593
00e12e8b_4815,11588.274580507705
00e12e8b_4816,11599.746849898864
00e12e8b_4817,11599.28743572233
00e12e8b_4818,11599.26086992105
00e12e8b_4819,11599.278309256799
00e12e8b_4820,11599.750638127027
00e12e8b_4821,11599.296758935783
00e12e8b_4822,11599.285226075513
00e12e8b_4823,11596.205749238026
00e12e8b_4824,11599.285226075513
00e12e8b_4825,11599.783005696183
00e12e8b_4826,11599.319953358729
00e12e8b_4827,11596.060493483941
00e12e8b_4828,11596.024674926775
00e12e8b_4829,11595.959825515563
00e12e8b_4830,11595.967964760219
00e12e8b_4831,11595.945553188625
00e12e8b_4832,11595.925748269296
00e12e8b_4833,11595.956451194501
00e12e8b_4834,11586.774541177732
00e12e8b_4835,11595.95483931355
00e12e8b_4836,11595.926528358184
00e12e8b_4837,11595.974344478456
00e12e8b_4838,11595.974344478456
00e12e8b_4839,11597.168073145955
00e12e8b_4840,11596.03010724904
00e12e8b_4841,11596.212627547817
00e12e8b_4842,11596.043095818972
00e12e8b_4843,11596.034139244672
00e12e8b_4844,11595.977970569327
00e12e8b_4845,11596.214809443492
00e12e8b_4846,11596.061213338413
00e12e8b_4847,11596.073664203881
00e12e8b_4848,11596.23315603407
00e12e8b_4849,11596.029311504391
00e12e8b_4850,11587.085443553753
00e12e8b_4851,11595.904382405546
00e12e8b_4852,11595.969958222586
00e12e8b_4853,11596.224299867125
00e12e8b_4854,11596.230780455102
00e12e8b_4855,11596.037587353685
00e12e8b_4856,11595.969860145851
00e12e8b_4857,11596.101282695474
00e12e8b_4858,11595.95061256668
00e12e8b_4859,11595.694774163278
00e12e8b_4860,11595.952669642704
00e12e8b_4861,11595.968813729147
00e12e8b_4862,11596.036251416966
00e12e8b_4863,11595.981694607615
00e12e8b_4864,11596.162620689607
00e12e8b_4865,11596.231777934887
00e12e8b_4866,11596.115755119295
00e12e8b_4867,11596.28487692454
00e12e8b_4868,11596.19315445516
00e12e8b_4869,11596.227467255992
00e12e8b_4870,11599.388175887296
00e12e8b_4871,11596.283526369767
00e12e8b_4872,11587.090476651436
00e12e8b_4873,11598.292006799613
00e12e8b_4874,11597.230627414103
00e12e8b_4875,11599.348705254779
00e12e8b_4876,11599.367154933763
00e12e8b_4877,11596.204833634103
00e12e8b_4878,11599.367154933763
00e12e8b_4879,11599.360504897635
00e12e8b_4880,11587.085733302138
00e12e8b_4881,11587.085733302138
00e12e8b_4882,11599.812883925888
00e12e8b_4883,11599.374585600428
00e12e8b_4884,11599.370020415241
00e12e8b_4885,11597.227133592147
00e12e8b_4886,11596.270243798815
00e12e8b_4887,11598.288512977657
00e12e8b_4888,11599.374493720687
00e12e8b_4889,11596.272093898773
00e12e8b_4890,11599.363278499379
00e12e8b_4891,11596.23471634445
00e12e8b_4892,11596.220687685518
00e12e8b_4893,11596.270243798815
00e12e8b_4894,11596.143091849399
00e12e8b_4895,11596.204534433242
00e12e8b_4896,11599.364460176392
00e12e8b_4897,11596.228531092182
00e12e8b_4898,11597.220856460142
00e12e8b_4899,11596.264058546549
00e12e8b_4900,11599.345293604256
00e12e8b_4901,11599.84458669769
00e12e8b_4902,11599.344605824495
00e12e8b_4903,11599.36305550348
00e12e8b_4904,11599.367620688663
00e12e8b_4905,11599.834235246048
00e12e8b_4906,11599.808784495604
00e12e8b_4907,11599.833037431117
00e12e8b_4908,11599.80015057046
00e12e8b_4909,11599.82105559774
00e12e8b_4910,11588.465723672643
00e12e8b_4911,11598.287652861232
00e12e8b_4912,11599.369160298818
00e12e8b_4913,11599.379820536913
00e12e8b_4914,11588.493671690812
00e12e8b_4915,11599.847796821578
00e12e8b_4916,11599.834050622461
00e12e8b_4917,11599.905691702834
00e12e8b_4918,11599.44640365515
00e12e8b_4919,11599.42648789
00e12e8b_4920,11599.848867513934
00e12e8b_4921,11599.871852922186
00e12e8b_4922,11598.336092184414
00e12e8b_4923,11597.274712798902
00e12e8b_4924,11598.336092184414
00e12e8b_4925,11596.277876718152
00e12e8b_4926,11596.196456932184
00e12e8b_4927,11596.236575285127
00e12e8b_4928,11596.217840067988
00e12e8b_4929,11596.873013533479
00e12e8b_4930,11596.844702578112
00e12e8b_4931,11596.202590581152
00e12e8b_4932,11597.038398761864
00e12e8b_4933,11588.484658373853
00e12e8b_4934,11596.32825306805
00e12e8b_4935,11599.431558286818
00e12e8b_4936,11596.201629453133
00e12e8b_4937,11596.31735888552
00e12e8b_4938,11598.335536184624
00e12e8b_4939,11597.269736450682
00e12e8b_4940,11596.328519954372
00e12e8b_4941,11599.402354804814
00e12e8b_4942,11597.269736450682
00e12e8b_4943,11596.31293853709
00e12e8b_4944,11597.26140238879
00e12e8b_4945,11596.332749257144
00e12e8b_4946,11596.30286749953
00e12e8b_4947,11596.324187639497
00e12e8b_4948,11599.868694252373
00e12e8b_4949,11596.297933872193
00e12e8b_4950,11599.413243137253
00e12e8b_4951,11588.448681119376
00e12e8b_4952,11599.356490390892
00e12e8b_4953,11597.21609832468
00e12e8b_4954,11599.821891531634
00e12e8b_4955,11599.350862008963
00e12e8b_4956,11588.434572682278
00e12e8b_4957,11596.239973763955
00e12e8b_4958,11596.279895420223
00e12e8b_4959,11588.434572682278
00e12e8b_4960,11596.2827899876
00e12e8b_4961,11597.234291332396
00e12e8b_4962,11598.295670717904
00e12e8b_4963,11598.295670717904
00e12e8b_4964,11596.275215295344
00e12e8b_4965,11588.429892557398
00e12e8b_4966,11599.373169808681
00e12e8b_4967,11597.240551454553
00e12e8b_4968,11588.438430803013
00e12e8b_4969,11588.438430803013
00e12e8b_4970,11596.836010936799
00e12e8b_4971,11596.819251630419
00e12e8b_4972,11596.733415996163
00e12e8b_4973,11596.934163165852
00e12e8b_4974,11596.955759025464
00e12e8b_4975,11596.962216324268
00e12e8b_4976,11596.668667871823
00e12e8b_4977,11596.92924376736
00e12e8b_4978,11596.77622535812
00e12e8b_4979,11596.645308545707
00e12e8b_4980,11596.744389287955
00e12e8b_4981,11596.656733122605
00e12e8b_4982,11596.65576286336
00e12e8b_4983,11596.617794168817
00e12e8b_4984,11596.105760157276
00e12e8b_4985,11596.126441838369
00e12e8b_4986,11599.229184900069
00e12e8b_4987,11614.357008805335
00e12e8b_4988,11614.360542542705
00e12e8b_4989,11613.889411080068
00e12e8b_4990,11614.361019438104
00e12e8b_4991,11614.348020357724
00e12e8b_4992,11611.229586421192
00e12e8b_4993,11611.203693423853
00e12e8b_4994,11611.218116961289
00e12e8b_4995,11611.216932739964
00e12e8b_4996,11611.120984154337
00e12e8b_4997,11611.73617584911
00e12e8b_4998,11611.037734564614
00e12e8b_4999,11611.092445173432
00e12e8b_5000,11613.783674594053
00e12e8b_5001,11611.103350139034
00e12e8b_5002,11613.781670553768
00e12e8b_5003,11612.106451392978
00e12e8b_5004,11613.75460953702
00e12e8b_5005,11613.750044351835
00e12e8b_5006,11614.437670247124
00e12e8b_5007,11614.215859287671
00e12e8b_5008,11611.233708197842
00e12e8b_5009,11613.303491002222
00e12e8b_5010,11613.912028612573
00e12e8b_5011,11613.894980869489
00e12e8b_5012,11613.899913284306
00e12e8b_5013,11613.858539707177
00e12e8b_5014,11613.855317682952
00e12e8b_5015,11613.88527324843
00e12e8b_5016,11613.810422243834
00e12e8b_5017,11612.172548084349
00e12e8b_5018,11613.826019854623
00e12e8b_5019,11614.28544717496
00e12e8b_5020,11607.448728608437
00e12e8b_5021,11611.118923925034
00e12e8b_5022,11611.100141851464
00e12e8b_5023,11608.369681310658
00e12e8b_5024,11611.03699577583
00e12e8b_5025,11611.621808398104
00e12e8b_5026,11612.393015357993
00e12e8b_5027,11612.327944624738
00e12e8b_5028,11612.376870502361
00e12e8b_5029,11612.339070406324
00e12e8b_5030,11612.526256183224
00e12e8b_5031,11612.306453218824
00e12e8b_5032,11612.276140535716
00e12e8b_5033,11612.506540196693
00e12e8b_5034,11612.228323942276
00e12e8b_5035,11608.316038384186
00e12e8b_5036,11614.12032818081
00e12e8b_5037,11610.482947987739
00e12e8b_5038,11611.405841065467
00e12e8b_5039,11614.119345704934
00e12e8b_5040,11614.486679730377
00e12e8b_5041,11614.486679730377
00e12e8b_5042,11614.537317175422
00e12e8b_5043,11614.523570976304
00e12e8b_5044,11614.07122856142
00e12e8b_5045,11614.682271052976
00e12e8b_5046,11614.707850033552
00e12e8b_5047,11614.629929862913
00e12e8b_5048,11614.65516021741
00e12e8b_5049,11614.615342995743
00e12e8b_5050,11614.688094337826
00e12e8b_5051,11614.637982535427
00e12e8b_5052,11613.65919045057
00e12e8b_5053,11613.65919045057
00e12e8b_5054,11606.970107619814
00e12e8b_5055,11614.642918050611
00e12e8b_5056,11613.671362266246
00e12e8b_5057,11605.028979453746
00e12e8b_5058,11598.905236839017
00e12e8b_5059,11605.015638609915
00e12e8b_5060,11605.018014922945
00e12e8b_5061,11598.905236839017
00e12e8b_5062,11605.015430232314
00e12e8b_5063,11605.959262556411
00e12e8b_5064,11605.013053919283
00e12e8b_5065,11598.907068946819
00e12e8b_5066,11604.981427681998
00e12e8b_5067,11604.979051368968
00e12e8b_5068,11604.975898793109
00e12e8b_5069,11604.958298116451
00e12e8b_5070,11599.16510423758
00e12e8b_5071,11604.91493958009
00e12e8b_5072,11604.92703848291
00e12e8b_5073,11604.92703848291
00e12e8b_5074,11604.92703848291
00e12e8b_5075,11604.91515880037
00e12e8b_5076,11604.935050339533
00e12e8b_5077,11604.8867556414
00e12e8b_5078,11599.093211337988
00e12e8b_5079,11599.093211337988
00e12e8b_5080,11599.082161074924
00e12e8b_5081,11604.798871282212
00e12e8b_5082,11604.832695637766
00e12e8b_5083,11604.798871282212
00e12e8b_5084,11604.810970185028
00e12e8b_5085,11604.804540670826
00e12e8b_5086,11604.78281521809
00e12e8b_5087,11604.787112790367
00e12e8b_5088,11604.766813537231
00e12e8b_5089,11604.800637892786
00e12e8b_5090,11599.06427327998
00e12e8b_5091,11604.800637892786
00e12e8b_5092,11605.18718331245
00e12e8b_5093,11599.484643055202
00e12e8b_5094,11605.221007668004
00e12e8b_5095,11605.186725456078
00e12e8b_5096,11605.186725456078
00e12e8b_5097,11605.184349143052
00e12e8b_5098,11605.19700083474
00e12e8b_5099,11606.107235934403
00e12e8b_5100,11605.146577630721
00e12e8b_5101,11606.09071699853
00e12e8b_5102,11606.110935203586
00e12e8b_5103,11606.005364205354
00e12e8b_5104,11605.058848524519
00e12e8b_5105,11605.061552456595
00e12e8b_5106,11605.061552456595
00e12e8b_5107,11605.028909384948
00e12e8b_5108,11605.019186795158
00e12e8b_5109,11604.983547413318
00e12e8b_5110,11604.995646316134
00e12e8b_5111,11604.971405728003
00e12e8b_5112,11604.929530172447
00e12e8b_5113,11604.9478304639
00e12e8b_5114,11604.880365638684
00e12e8b_5115,11604.8924645415
00e12e8b_5116,11604.914189994239
00e12e8b_5117,11604.859407817406
00e12e8b_5118,11604.74416277578
00e12e8b_5119,11604.761110617486
00e12e8b_5120,11604.708926886931
00e12e8b_5121,11599.217999102515
00e12e8b_5122,11604.695748402828
00e12e8b_5123,11604.683649500006
00e12e8b_5124,11604.683649500006
00e12e8b_5125,11603.62499382324
00e12e8b_5126,11603.59715020702
00e12e8b_5127,11603.630974562573
00e12e8b_5128,11603.59715020702
00e12e8b_5129,11603.555669559097
00e12e8b_5130,11598.11427207803
00e12e8b_5131,11603.578662218177
00e12e8b_5132,11603.547788432104
00e12e8b_5133,11603.549927483957
00e12e8b_5134,11603.5161031284
00e12e8b_5135,11603.49078276804
00e12e8b_5136,11603.473653202193
00e12e8b_5137,11603.42032397196
00e12e8b_5138,11603.381840451566
00e12e8b_5139,11603.39393935438
00e12e8b_5140,11603.381840451566
00e12e8b_5141,11603.351332821421
00e12e8b_5142,11603.351332821421
00e12e8b_5143,11603.302946608525
00e12e8b_5144,11603.302946608525
00e12e8b_5145,11603.300570295494
00e12e8b_5146,11603.225539859344
00e12e8b_5147,11603.288055185698
00e12e8b_5148,11603.173205092582
00e12e8b_5149,11603.229139676263
00e12e8b_5150,11603.185167856518
00e12e8b_5151,11603.209269622286
00e12e8b_5152,11603.209269622286
00e12e8b_5153,11603.158329681592
00e12e8b_5154,11603.129440475244
00e12e8b_5155,11603.142836207724
00e12e8b_5156,11603.105117077834
00e12e8b_5157,11603.078084369648
00e12e8b_5158,11603.078084369648
00e12e8b_5159,11603.078084369648
00e12e8b_5160,11603.040027294654
00e12e8b_5161,11603.040027294654
00e12e8b_5162,11603.019243591669
00e12e8b_5163,11597.702868724875
00e12e8b_5164,11602.893246827352
00e12e8b_5165,11602.881296435819
00e12e8b_5166,11602.883823412365
00e12e8b_5167,11602.886275221888
00e12e8b_5168,11602.883823412365
00e12e8b_5169,11602.886275221888
00e12e8b_5170,11602.861616888553
00e12e8b_5171,11602.8242984623
00e12e8b_5172,11602.746901206308
00e12e8b_5173,11602.705251040494
00e12e8b_5174,11602.672934470913
00e12e8b_5175,11602.662319479205
00e12e8b_5176,11602.654165286465
00e12e8b_5177,11597.438344141236
00e12e8b_5178,11602.63987995313
00e12e8b_5179,11602.604478813078
00e12e8b_5180,11602.5708015717
00e12e8b_5181,11602.49170994735
00e12e8b_5182,11602.489258137826
00e12e8b_5183,11602.469984494612
00e12e8b_5184,11602.489258137826
00e12e8b_5185,11602.427141324071
00e12e8b_5186,11602.39491216186
00e12e8b_5187,11602.427186099798
00e12e8b_5188,11602.384534537
00e12e8b_5189,11602.371133311495
00e12e8b_5190,11602.345387793343
00e12e8b_5191,11602.261741214308
00e12e8b_5192,11597.290400681566
00e12e8b_5193,11602.226160515896
00e12e8b_5194,11602.20337515301
00e12e8b_5195,11602.205826962534
00e12e8b_5196,11602.172309013815
00e12e8b_5197,11602.172309013815
00e12e8b_5198,11602.141589515639
00e12e8b_5199,11596.526708932372
00e12e8b_5200,11602.141589515639
00e12e8b_5201,11603.113436365424
00e12e8b_5202,11603.135161818162
00e12e8b_5203,11603.061285675114
00e12e8b_5204,11603.030561925185
00e12e8b_5205,11603.008836472447
00e12e8b_5206,11602.930270639112
00e12e8b_5207,11602.691794076612
00e12e8b_5208,11602.675047409946
00e12e8b_5209,11602.611642733502
00e12e8b_5210,11596.594232392828
00e12e8b_5211,11602.573238717458
00e12e8b_5212,11602.532214195222
00e12e8b_5213,11602.51683758747
00e12e8b_5214,11602.495368332733
00e12e8b_5215,11602.495368332733
00e12e8b_5216,11602.492992019703
00e12e8b_5217,11603.554658339302
00e12e8b_5218,11596.476063983875
00e12e8b_5219,11603.224054545924
00e12e8b_5220,11600.37594762483
00e12e8b_5221,11602.764881381187
00e12e8b_5222,11602.709745543634
00e12e8b_5223,11602.723710594397
00e12e8b_5224,11600.244184252819
00e12e8b_5225,11596.38172513526
00e12e8b_5226,11602.732743972509
00e12e8b_5227,11603.061750294153
00e12e8b_5228,11602.673003006796
00e12e8b_5229,11603.077024493148
00e12e8b_5230,11603.29919007665
00e12e8b_5231,11603.002821654813
00e12e8b_5232,11602.98691557176
00e12e8b_5233,11602.633320919122
00e12e8b_5234,11603.002821654813
00e12e8b_5235,11602.987547455818
00e12e8b_5236,11603.310625091939
00e12e8b_5237,11602.98691557176
00e12e8b_5238,11602.953912351633
00e12e8b_5239,11602.932911502008
00e12e8b_5240,11596.200675309054
00e12e8b_5241,11600.037592156408
00e12e8b_5242,11600.816735434872
00e12e8b_5243,11602.426854446749
00e12e8b_5244,11600.003396224292
00e12e8b_5245,11602.383253932388
00e12e8b_5246,11602.77705374682
00e12e8b_5247,11603.072618109583
00e12e8b_5248,11603.025838068368
00e12e8b_5249,11596.080286574927
00e12e8b_5250,11601.89027325617
00e12e8b_5251,11602.97722572804
00e12e8b_5252,11596.054327315667
00e12e8b_5253,11601.89027325617
00e12e8b_5254,11602.9799930419
00e12e8b_5255,11595.97752765456
00e12e8b_5256,11595.95659217837
00e12e8b_5257,11595.927925639822
00e12e8b_5258,11601.786825268686
00e12e8b_5259,11601.77382497396
00e12e8b_5260,11601.767021994265
00e12e8b_5261,11601.754086722769
00e12e8b_5262,11602.795207715923
00e12e8b_5263,11601.708078745007
00e12e8b_5264,11601.701275765312
00e12e8b_5265,11601.708078745007
00e12e8b_5266,11602.767664407309
00e12e8b_5267,11602.767533862647
00e12e8b_5268,11601.693712230166
00e12e8b_5269,11601.646294174792
00e12e8b_5270,11601.644008101272
00e12e8b_5271,11601.631007806547
00e12e8b_5272,11595.839406332963
00e12e8b_5273,11601.644008101272
00e12e8b_5274,11601.66573355401
00e12e8b_5275,11601.60047613988
00e12e8b_5276,11601.608908020677
00e12e8b_5277,11601.574182273214
00e12e8b_5278,11601.56737929352
00e12e8b_5279,11601.558386312623
00e12e8b_5280,11601.54276856359
00e12e8b_5281,11601.529768268865
00e12e8b_5282,11601.547961122938
00e12e8b_5283,11601.547961122938
00e12e8b_5284,11595.711390011198
00e12e8b_5285,11595.711390011198
00e12e8b_5286,11601.510139818114
00e12e8b_5287,11601.485317247778
00e12e8b_5288,11601.47331813597
00e12e8b_5289,11602.539773493128
00e12e8b_5290,11602.54140672984
00e12e8b_5291,11601.463171825475
00e12e8b_5292,11602.531390964014
00e12e8b_5293,11595.682441609204
00e12e8b_5294,11595.663867099398
00e12e8b_5295,11602.51281645421
00e12e8b_5296,11602.498929393536
00e12e8b_5297,11602.497296156824
00e12e8b_5298,11601.330274050486
00e12e8b_5299,11602.506887541686
00e12e8b_5300,11601.451799242535
00e12e8b_5301,11601.444433417391
00e12e8b_5302,11601.4506866389
00e12e8b_5303,11595.648997979753
00e12e8b_5304,11601.418410228915
00e12e8b_5305,11601.404209624548
00e12e8b_5306,11601.382412010513
00e12e8b_5307,11601.382412010513
00e12e8b_5308,11601.352113728404
00e12e8b_5309,11601.23356789843
00e12e8b_5310,11601.347134942333
00e12e8b_5311,11601.319896813678
00e12e8b_5312,11601.319896813678
00e12e8b_5313,11601.324875599747
00e12e8b_5314,11601.300093539257
00e12e8b_5315,11601.306896518952
00e12e8b_5316,11595.540120331001
00e12e8b_5317,11601.278684633238
00e12e8b_5318,11601.17811788406
00e12e8b_5319,11595.511908445285
00e12e8b_5320,11601.261920779816
00e12e8b_5321,11601.148353735913
00e12e8b_5322,11601.248920485092
00e12e8b_5323,11601.250455687781
00e12e8b_5324,11602.299135478992
00e12e8b_5325,11601.226040762405
00e12e8b_5326,11601.180807708692
00e12e8b_5327,11601.174004728997
00e12e8b_5328,11601.157554429054
00e12e8b_5329,11601.179884680017
00e12e8b_5330,11595.419653270177
00e12e8b_5331,11595.419653270177
00e12e8b_5332,11595.419653270177
00e12e8b_5333,11595.419653270177
00e12e8b_5334,11601.137637738499
00e12e8b_5335,11602.199448369098
00e12e8b_5336,11601.043152630962
00e12e8b_5337,11601.137239808735
00e12e8b_5338,11601.117436534316
00e12e8b_5339,11601.023672764832
00e12e8b_5340,11601.132910518412
00e12e8b_5341,11595.543201988341
00e12e8b_5342,11601.11757586179
00e12e8b_5343,11601.110316612492
00e12e8b_5344,11601.080387649225
00e12e8b_5345,11601.064226123846
00e12e8b_5346,11595.520586160636
00e12e8b_5347,11601.060516937978
00e12e8b_5348,11601.051122644683
00e12e8b_5349,11601.027912674324
00e12e8b_5350,11601.040038217587
00e12e8b_5351,11595.501740676958
00e12e8b_5352,11601.03152426028
00e12e8b_5353,11595.488657056629
00e12e8b_5354,11602.042588584365
00e12e8b_5355,11600.997184944428
00e12e8b_5356,11600.979644144754
00e12e8b_5357,11600.984622930822
00e12e8b_5358,11600.952138804974
00e12e8b_5359,11600.860633867285
00e12e8b_5360,11600.972628821057
00e12e8b_5361,11600.961107459643
00e12e8b_5362,11600.966086245715
00e12e8b_5363,11600.840465596086
00e12e8b_5364,11600.939922915451
00e12e8b_5365,11600.933661764451
00e12e8b_5366,11600.933661764451
00e12e8b_5367,11600.918015803061
00e12e8b_5368,11595.438670685071
00e12e8b_5369,11600.912784913497
00e12e8b_5370,11601.33606243303
00e12e8b_5371,11601.296455222477
00e12e8b_5372,11601.321237282966
00e12e8b_5373,11601.293314398663
00e12e8b_5374,11601.293314398663
00e12e8b_5375,11595.81396928067
00e12e8b_5376,11601.301855830727
00e12e8b_5377,11601.288855536
00e12e8b_5378,11601.288855536
00e12e8b_5379,11601.301855830727
00e12e8b_5380,11601.288855536
00e12e8b_5381,11595.809510418008
00e12e8b_5382,11595.809510418008
00e12e8b_5383,11601.30681714553
00e12e8b_5384,11601.30183835946
00e12e8b_5385,11601.30681714553
00e12e8b_5386,11601.283607175174
00e12e8b_5387,11601.288838064736
00e12e8b_5388,11601.30681714553
00e12e8b_5389,11601.30681714553
00e12e8b_5390,11602.343190442827
00e12e8b_5391,11601.29293856148
00e12e8b_5392,11601.29293856148
00e12e8b_5393,11601.273135287063
00e12e8b_5394,11601.269907433425
00e12e8b_5395,11601.274334100091
00e12e8b_5396,11601.274334100091
00e12e8b_5397,11601.284012295582
00e12e8b_5398,11601.297012590303
00e12e8b_5399,11601.275788746625
00e12e8b_5400,11601.275788746625
00e12e8b_5401,11601.292190997674
00e12e8b_5402,11601.290618907544
00e12e8b_5403,11602.36080460797
00e12e8b_5404,11602.07240919098
00e12e8b_5405,11601.336001060106
00e12e8b_5406,11602.353784380375
00e12e8b_5407,11601.656405799531
00e12e8b_5408,11602.067058767305
00e12e8b_5409,11602.355454184297
00e12e8b_5410,11602.354088221358
00e12e8b_5411,11601.621355333871
00e12e8b_5412,11601.642228292021
00e12e8b_5413,11595.819665607507
00e12e8b_5414,11602.051973884594
00e12e8b_5415,11595.820220274172
00e12e8b_5416,11602.030834000536
00e12e8b_5417,11601.641393571794
00e12e8b_5418,11601.636162682229
00e12e8b_5419,11601.634590592097
00e12e8b_5420,11602.319098872862
00e12e8b_5421,11601.97778967282
00e12e8b_5422,11600.783496157146
00e12e8b_5423,11601.537316889051
00e12e8b_5424,11601.247165728739
00e12e8b_5425,11601.246533844678
00e12e8b_5426,11601.522993185272
00e12e8b_5427,11601.522993185272
00e12e8b_5428,11601.522993185272
00e12e8b_5429,11601.235360197003
00e12e8b_5430,11601.234728312946
00e12e8b_5431,11601.51062576596
00e12e8b_5432,11601.120928706263
00e12e8b_5433,11600.793634283902
00e12e8b_5434,11595.301039557953
00e12e8b_5435,11600.715067424502
00e12e8b_5436,11595.301039557953
00e12e8b_5437,11600.789719734075
00e12e8b_5438,11599.219481838012
00e12e8b_5439,11600.815612122151
00e12e8b_5440,11600.261849144748
00e12e8b_5441,11600.792341292949
00e12e8b_5442,11600.754769340303
00e12e8b_5443,11595.275487913575
00e12e8b_5444,11598.378161953911
00e12e8b_5445,11598.35727034307
00e12e8b_5446,11597.59766169796
00e12e8b_5447,11597.56836482296
00e12e8b_5448,11597.588911299932
00e12e8b_5449,11597.600660570899
00e12e8b_5450,11598.360269216008
00e12e8b_5451,11597.577505803156
00e12e8b_5452,11600.77216773987
00e12e8b_5453,11598.360269216008
00e12e8b_5454,11600.675626051623
00e12e8b_5455,11600.746275351798
00e12e8b_5456,11601.083829176623
00e12e8b_5457,11600.77216773987
00e12e8b_5458,11600.870135018846
00e12e8b_5459,11600.86364758555
00e12e8b_5460,11598.4378656586
00e12e8b_5461,11601.240562540075
00e12e8b_5462,11600.826396289565
00e12e8b_5463,11600.790303608137
00e12e8b_5464,11600.805523331412
00e12e8b_5465,11600.729053057363
00e12e8b_5466,11595.250837207454
00e12e8b_5467,11601.143877437054
00e12e8b_5468,11600.800379197659
00e12e8b_5469,11601.245585587607
00e12e8b_5470,11600.803590458658
00e12e8b_5471,11595.453004473538
00e12e8b_5472,11595.395973223538
00e12e8b_5473,11600.789942333056
00e12e8b_5474,11600.719293032884
00e12e8b_5475,11601.225749973602
00e12e8b_5476,11600.780543583658
00e12e8b_5477,11601.225749973602
00e12e8b_5478,11595.393067521783
00e12e8b_5479,11601.891187269175
00e12e8b_5480,11601.124678716511
00e12e8b_5481,11601.124678716511
00e12e8b_5482,11591.612547787445
00e12e8b_5483,11591.613497354627
00e12e8b_5484,11591.768420559882
00e12e8b_5485,11590.146221306011
00e12e8b_5486,11588.884508785319
00e12e8b_5487,11591.828078532772
00e12e8b_5488,11591.90507078623
00e12e8b_5489,11588.434158390412
00e12e8b_5490,11594.798101587023
00e12e8b_5491,11594.798101587023
00e12e8b_5492,11596.086105167868
00e12e8b_5493,11595.207847179598
00e12e8b_5494,11596.086105167868
00e12e8b_5495,11597.078892438025
00e12e8b_5496,11596.077564592953
00e12e8b_5497,11596.094718723389
00e12e8b_5498,11588.441665306565
00e12e8b_5499,11596.106804191177
00e12e8b_5500,11596.106673646513
00e12e8b_5501,11597.006340873899
00e12e8b_5502,11597.19411707767
00e12e8b_5503,11597.070252963502
00e12e8b_5504,11597.157935091345
00e12e8b_5505,11597.163165980906
00e12e8b_5506,11588.14071863179
00e12e8b_5507,11597.17616627563
00e12e8b_5508,11597.157935091345
00e12e8b_5509,11597.157935091345
00e12e8b_5510,11596.164634639139
00e12e8b_5511,11597.156363001212
00e12e8b_5512,11588.148912272814
00e12e8b_5513,11596.201179125126
00e12e8b_5514,11597.212710761618
00e12e8b_5515,11597.213989408554
00e12e8b_5516,11597.112625094329
00e12e8b_5517,11597.228030965598
00e12e8b_5518,11597.208897609647
00e12e8b_5519,11588.204143934225
00e12e8b_5520,11597.174489892079
00e12e8b_5521,11597.172917801945
00e12e8b_5522,11597.17972078164
00e12e8b_5523,11597.19920126549
00e12e8b_5524,11588.03535094101
00e12e8b_5525,11588.03535094101
00e12e8b_5526,11588.03535094101
00e12e8b_5527,11588.03535094101
00e12e8b_5528,11588.045898242599
00e12e8b_5529,11588.045898242599
00e12e8b_5530,11588.045898242599
00e12e8b_5531,11588.0437232204
00e12e8b_5532,11596.250431768594
00e12e8b_5533,11596.40650889204
00e12e8b_5534,11596.40650889204
00e12e8b_5535,11596.419509186764
00e12e8b_5536,11596.429660799668
00e12e8b_5537,11596.429660799668
00e12e8b_5538,11596.436554132999
00e12e8b_5539,11596.436554132999
00e12e8b_5540,11585.876525594034
00e12e8b_5541,11585.876525594034
00e12e8b_5542,11596.460849202518
00e12e8b_5543,11596.473849497243
00e12e8b_5544,11596.473849497243
00e12e8b_5545,11596.454046222823
00e12e8b_5546,11596.48238721469
00e12e8b_5547,11596.48736600076
00e12e8b_5548,11596.48636414377
00e12e8b_5549,11596.511298915511
00e12e8b_5550,11596.533433601771
00e12e8b_5551,11596.51495821308
00e12e8b_5552,11596.492823526822
00e12e8b_5553,11596.51495821308
00e12e8b_5554,11596.51495821308
00e12e8b_5555,11596.490962914475
00e12e8b_5556,11596.516012179154
00e12e8b_5557,11596.524433553073
00e12e8b_5558,11596.576204471816
00e12e8b_5559,11596.595881888587
00e12e8b_5560,11596.614361311018
00e12e8b_5561,11596.59803710924
00e12e8b_5562,11596.6201717955
00e12e8b_5563,11596.785189032176
00e12e8b_5564,11596.785189032176
00e12e8b_5565,11595.152167450191
00e12e8b_5566,11595.163722447507
00e12e8b_5567,11596.819560194177
00e12e8b_5568,11596.819560194177
00e12e8b_5569,11596.841694880435
00e12e8b_5570,11596.814329304612
00e12e8b_5571,11596.823934164308
00e12e8b_5572,11596.840182108239
00e12e8b_5573,11596.86754768406
00e12e8b_5574,11596.87252647013
00e12e8b_5575,11596.88836762668
00e12e8b_5576,11596.90167254757
00e12e8b_5577,11596.879537861312
00e12e8b_5578,11596.879537861312
00e12e8b_5579,11585.99543630357
00e12e8b_5580,11596.890616970748
00e12e8b_5581,11596.924533422773
00e12e8b_5582,11596.89218906088
00e12e8b_5583,11596.890616970748
00e12e8b_5584,11596.892993283776
00e12e8b_5585,11596.89218906088
00e12e8b_5586,11585.99543630357
00e12e8b_5587,11596.919554636703
00e12e8b_5588,11596.89218906088
00e12e8b_5589,11595.259167478896
00e12e8b_5590,11596.819705564516
00e12e8b_5591,11596.907387692358
00e12e8b_5592,11596.91261858192
00e12e8b_5593,11586.017122277915
00e12e8b_5594,11596.913875035225
00e12e8b_5595,11596.93314032102
00e12e8b_5596,11586.006751254758
00e12e8b_5597,11595.293680957879
00e12e8b_5598,11586.027974079543
00e12e8b_5599,11597.00752950594
00e12e8b_5600,11597.00752950594
00e12e8b_5601,11596.985394819681
00e12e8b_5602,11596.89404460508
00e12e8b_5603,11595.354786792579
00e12e8b_5604,11595.391464649383
00e12e8b_5605,11595.391464649383
00e12e8b_5606,11595.440664264486
00e12e8b_5607,11586.090185771634
00e12e8b_5608,11597.081739496978
00e12e8b_5609,11595.451131469872
00e12e8b_5610,11595.480226800904
00e12e8b_5611,11595.451131469872
00e12e8b_5612,11586.127135024526
00e12e8b_5613,11586.127135024526
00e12e8b_5614,11595.488080722764
00e12e8b_5615,11597.029615276007
00e12e8b_5616,11595.47320333307
00e12e8b_5617,11597.138274225343
00e12e8b_5618,11595.50682473349
00e12e8b_5619,11595.50682473349
00e12e8b_5620,11595.50682473349
00e12e8b_5621,11594.530341752517
00e12e8b_5622,11586.202157157406
00e12e8b_5623,11597.090725592376
00e12e8b_5624,11597.184489361858
00e12e8b_5625,11595.567401113207
00e12e8b_5626,11595.567401113207
00e12e8b_5627,11595.59649644424
00e12e8b_5628,11596.742610195191
00e12e8b_5629,11595.567401113207
00e12e8b_5630,11595.567401113207
00e12e8b_5631,11595.550246982773
00e12e8b_5632,11594.628842167052
00e12e8b_5633,11594.642110782932
00e12e8b_5634,11592.406494058549
00e12e8b_5635,11594.85719887863
00e12e8b_5636,11594.014997348626
00e12e8b_5637,11594.070449342922
00e12e8b_5638,11592.457053984706
00e12e8b_5639,11590.066959685228
00e12e8b_5640,11594.085809800374
00e12e8b_5641,11591.357278492218
00e12e8b_5642,11591.60479237027
00e12e8b_5643,11590.05681555345
00e12e8b_5644,11594.80163168751
00e12e8b_5645,11584.782350067886
00e12e8b_5646,11590.194342531066
00e12e8b_5647,11591.484474210576
00e12e8b_5648,11592.566821312332
00e12e8b_5649,11591.527887844535
00e12e8b_5650,11590.216668611041
00e12e8b_5651,11591.52881928941
00e12e8b_5652,11594.243771679794
00e12e8b_5653,11591.508726400521
00e12e8b_5654,11591.547928100223
00e12e8b_5655,11591.781802516241
00e12e8b_5656,11584.85672893165
00e12e8b_5657,11584.885195354309
00e12e8b_5658,11590.321933587233
00e12e8b_5659,11584.903282768102
00e12e8b_5660,11594.30804958538
00e12e8b_5661,11594.53221259543
00e12e8b_5662,11590.389734504428
00e12e8b_5663,11591.704836827352
00e12e8b_5664,11590.400045602131
00e12e8b_5665,11590.410113597592
00e12e8b_5666,11590.411567931134
00e12e8b_5667,11591.701426546524
00e12e8b_5668,11590.410113597592
00e12e8b_5669,11590.830253092978
00e12e8b_5670,11591.71443497081
00e12e8b_5671,11584.959685774145
00e12e8b_5672,11584.986113551924
00e12e8b_5673,11585.005782206168
00e12e8b_5674,11586.488934432358
00e12e8b_5675,11594.518841435554
00e12e8b_5676,11596.190938036716
00e12e8b_5677,11595.173823417757
00e12e8b_5678,11595.39618577248
00e12e8b_5679,11595.430706952937
00e12e8b_5680,11594.80464786812
00e12e8b_5681,11595.115596021298
00e12e8b_5682,11594.80464786812
00e12e8b_5683,11586.911636026885
00e12e8b_5684,11595.490734410392
00e12e8b_5685,11595.49136629445
00e12e8b_5686,11594.861596727485
00e12e8b_5687,11595.203218770821
00e12e8b_5688,11596.343857190028
00e12e8b_5689,11596.370324413136
00e12e8b_5690,11594.923730943272
00e12e8b_5691,11595.030795061048
00e12e8b_5692,11595.487834711892
00e12e8b_5693,11595.041914711892
00e12e8b_5694,11596.497626290504
00e12e8b_5695,11587.01054036191
00e12e8b_5696,11596.486852249178
00e12e8b_5697,11597.579223824305
00e12e8b_5698,11587.075450966679
00e12e8b_5699,11597.632166860798
00e12e8b_5700,11596.56693847456
00e12e8b_5701,11597.6605838414
00e12e8b_5702,11597.664738212334
00e12e8b_5703,11587.1550952921
00e12e8b_5704,11596.585286367279
00e12e8b_5705,11597.673663602704
00e12e8b_5706,11597.683086105053
00e12e8b_5707,11597.683086105053
00e12e8b_5708,11597.700749794085
00e12e8b_5709,11597.700749794085
00e12e8b_5710,11596.607104427243
00e12e8b_5711,11597.728805249939
00e12e8b_5712,11597.71440396152
00e12e8b_5713,11597.721075047235
00e12e8b_5714,11597.730497549584
00e12e8b_5715,11597.763153485543
00e12e8b_5716,11596.707499411039
00e12e8b_5717,11597.801144777879
00e12e8b_5718,11597.811604660272
00e12e8b_5719,11597.825448711226
00e12e8b_5720,11598.034243079812
00e12e8b_5721,11598.087527532425
00e12e8b_5722,11598.083373161488
00e12e8b_5723,11598.099177589895
00e12e8b_5724,11587.364015594898
00e12e8b_5725,11587.38836742614
00e12e8b_5726,11587.38836742614
00e12e8b_5727,11598.128508207206
00e12e8b_5728,11598.152095220194
00e12e8b_5729,11598.147116434124
00e12e8b_5730,11598.147116434124
00e12e8b_5731,11598.17553501702
00e12e8b_5732,11598.17055623095
00e12e8b_5733,11598.20301005225
00e12e8b_5734,11598.181176252794
00e12e8b_5735,11598.19803126618
00e12e8b_5736,11598.19803126618
00e12e8b_5737,11598.224796229337
00e12e8b_5738,11598.207941215947
00e12e8b_5739,11598.278986958678
00e12e8b_5740,11598.274008172608
00e12e8b_5741,11598.340437312832
00e12e8b_5742,11598.349449496782
00e12e8b_5743,11598.349449496782
00e12e8b_5744,11587.58053533564
00e12e8b_5745,11587.58053533564
00e12e8b_5746,11587.639584744013
00e12e8b_5747,11598.399233861408
00e12e8b_5748,11598.416088874797
00e12e8b_5749,11598.473307208129
00e12e8b_5750,11587.700686166776
00e12e8b_5751,11598.490998750221
00e12e8b_5752,11598.527053805126
00e12e8b_5753,11598.566471963746
00e12e8b_5754,11598.568093602353
00e12e8b_5755,11598.616859169455
00e12e8b_5756,11598.616859169455
00e12e8b_5757,11598.616859169455
00e12e8b_5758,11597.38438900068
00e12e8b_5759,11598.694473180552
00e12e8b_5760,11598.747220115209
00e12e8b_5761,11598.779283815235
00e12e8b_5762,11598.784262601304
00e12e8b_5763,11598.779283815235
00e12e8b_5764,11598.784262601304
00e12e8b_5765,11598.779283815235
00e12e8b_5766,11587.927545899922
00e12e8b_5767,11598.779283815235
00e12e8b_5768,11598.796302704122
00e12e8b_5769,11598.786880201773
00e12e8b_5770,11598.813660092736
00e12e8b_5771,11597.411907586324
00e12e8b_5772,11597.421330088673
00e12e8b_5773,11597.44522982449
00e12e8b_5774,11597.45020861056
00e12e8b_5775,11597.435497752249
00e12e8b_5776,11597.496248981312
00e12e8b_5777,11597.501417999094
00e12e8b_5778,11597.506396785164
00e12e8b_5779,11597.484562985705
00e12e8b_5780,11597.501417999094
00e12e8b_5781,11597.484562985705
00e12e8b_5782,11597.501417999094
00e12e8b_5783,11597.530962009936
00e12e8b_5784,11597.750836382582
00e12e8b_5785,11597.738124198675
00e12e8b_5786,11586.989841865668
00e12e8b_5787,11597.790433732995
00e12e8b_5788,11597.790433732995
00e12e8b_5789,11586.989841865668
00e12e8b_5790,11587.01412903808
00e12e8b_5791,11587.01412903808
00e12e8b_5792,11597.853865010702
00e12e8b_5793,11597.87569881016
00e12e8b_5794,11597.87569881016
00e12e8b_5795,11597.87072002409
00e12e8b_5796,11597.87569881016
00e12e8b_5797,11587.073767951815
00e12e8b_5798,11587.101151831232
00e12e8b_5799,11587.137279413508
00e12e8b_5800,11597.961840865897
00e12e8b_5801,11597.991041303867
00e12e8b_5802,11598.025740281659
00e12e8b_5803,11598.003906482201
00e12e8b_5804,11598.034197063263
00e12e8b_5805,11598.056030862723
00e12e8b_5806,11598.034197063263
00e12e8b_5807,11598.056030862723
00e12e8b_5808,11598.051052076653
00e12e8b_5809,11598.082583024609
00e12e8b_5810,11598.082583024609
00e12e8b_5811,11598.124816215908
00e12e8b_5812,11598.119837429838
00e12e8b_5813,11598.119837429838
00e12e8b_5814,11598.124064465126
00e12e8b_5815,11598.140919478514
00e12e8b_5816,11598.145898264584
00e12e8b_5817,11598.145898264584
00e12e8b_5818,11598.140919478514
00e12e8b_5819,11598.145898264584
00e12e8b_5820,11587.365305814572
00e12e8b_5821,11598.183319061636
00e12e8b_5822,11598.197720350056
00e12e8b_5823,11587.365305814572
00e12e8b_5824,11598.175886550598
00e12e8b_5825,11598.20419463588
00e12e8b_5826,11598.21121883565
00e12e8b_5827,11598.245367963384
00e12e8b_5828,11598.240389177316
00e12e8b_5829,11598.317336969772
00e12e8b_5830,11598.295503170315
00e12e8b_5831,11598.321053667838
00e12e8b_5832,11598.330186824844
00e12e8b_5833,11598.367716391389
00e12e8b_5834,11598.367716391389
00e12e8b_5835,11598.376849548395
00e12e8b_5836,11598.371870762325
00e12e8b_5837,11598.450882996558
00e12e8b_5838,11598.4290491971
00e12e8b_5839,11598.480059124153
00e12e8b_5840,11598.480059124153
00e12e8b_5841,11598.515135644211
00e12e8b_5842,11587.581358322532
00e12e8b_5843,11598.550880620742
00e12e8b_5844,11587.673864901528
00e12e8b_5845,11598.614030557086
00e12e8b_5846,11598.659633892914
00e12e8b_5847,11598.650211390563
00e12e8b_5848,11599.208203527978
00e12e8b_5849,11599.208203527978
00e12e8b_5850,11599.186369728523
00e12e8b_5851,11599.203224741908
00e12e8b_5852,11599.208203527978
00e12e8b_5853,11588.282534354446
00e12e8b_5854,11599.254964368985
00e12e8b_5855,11599.235022467012
00e12e8b_5856,11599.251877480401
00e12e8b_5857,11588.358837309976
00e12e8b_5858,11599.26757841725
00e12e8b_5859,11599.284433430636
00e12e8b_5860,11599.289412216705
00e12e8b_5861,11599.279670692897
00e12e8b_5862,11588.376492732401
00e12e8b_5863,11599.304540764311
00e12e8b_5864,11599.339614624685
00e12e8b_5865,11599.330192122336
00e12e8b_5866,11599.36403250262
00e12e8b_5867,11599.381357685725
00e12e8b_5868,11599.381357685725
00e12e8b_5869,11599.381357685725
00e12e8b_5870,11599.475836152837
00e12e8b_5871,11588.437732674962
00e12e8b_5872,11599.458981139449
00e12e8b_5873,11599.475836152837
00e12e8b_5874,11588.437732674962
00e12e8b_5875,11599.536026407872
00e12e8b_5876,11599.556110955136
00e12e8b_5877,11599.556110955136
00e12e8b_5878,11599.596595755756
00e12e8b_5879,11599.629314524987
00e12e8b_5880,11599.629314524987
00e12e8b_5881,11599.765056712487
00e12e8b_5882,11599.806204095194
00e12e8b_5883,11599.806204095194
00e12e8b_5884,11599.815626597545
00e12e8b_5885,11599.838220922169
00e12e8b_5886,11597.987904391925
00e12e8b_5887,11598.00231606102
00e12e8b_5888,11588.744917078526
00e12e8b_5889,11588.770557183063
00e12e8b_5890,11594.052263548094
00e12e8b_5891,11593.333425497056
00e12e8b_5892,11593.292653434637
00e12e8b_5893,11588.806952277824
00e12e8b_5894,11593.193434762657
00e12e8b_5895,11592.874563511983
00e12e8b_5896,11594.146708797489
00e12e8b_5897,11594.190670090418
00e12e8b_5898,11597.06434511179
00e12e8b_5899,11597.06434511179
00e12e8b_5900,11597.01244025697
00e12e8b_5901,11597.668104319471
00e12e8b_5902,11597.06434511179
00e12e8b_5903,11597.668104319471
00e12e8b_5904,11597.06434511179
00e12e8b_5905,11597.668104319471
00e12e8b_5906,11597.056274296785
00e12e8b_5907,11597.668104319471
00e12e8b_5908,11598.207807610732
00e12e8b_5909,11598.19464608509
00e12e8b_5910,11598.213548413372
00e12e8b_5911,11598.213548413372
00e12e8b_5912,11588.917907174902
00e12e8b_5913,11588.917907174902
00e12e8b_5914,11600.437443789688
00e12e8b_5915,11600.431631733678
00e12e8b_5916,11600.44102158206
00e12e8b_5917,11600.431631733678
00e12e8b_5918,11598.833753217035
00e12e8b_5919,11588.963391186106
00e12e8b_5920,11598.254135628382
00e12e8b_5921,11596.38309633876
00e12e8b_5922,11598.038439875174
00e12e8b_5923,11595.478027638124
00e12e8b_5924,11594.379925250614
00e12e8b_5925,11593.792788312787
00e12e8b_5926,11589.003691744621
00e12e8b_5927,11593.146343598812
00e12e8b_5928,11593.661720846005
00e12e8b_5929,11593.541333923451
00e12e8b_5930,11593.27970072051
00e12e8b_5931,11589.069998973368
00e12e8b_5932,11591.130350052921
00e12e8b_5933,11589.387954444153
00e12e8b_5934,11592.56995074765
00e12e8b_5935,11593.58594992185
00e12e8b_5936,11593.21265082756
00e12e8b_5937,11593.859095541537
00e12e8b_5938,11594.022019552513
00e12e8b_5939,11594.432157160854
00e12e8b_5940,11589.069998973368
00e12e8b_5941,11589.069998973368
00e12e8b_5942,11589.086774751146
00e12e8b_5943,11593.247186671988
00e12e8b_5944,11593.276306067302
00e12e8b_5945,11593.296985237504
00e12e8b_5946,11592.51533698645
00e12e8b_5947,11594.163716024617
00e12e8b_5948,11593.795344909742
00e12e8b_5949,11593.052641673949
00e12e8b_5950,11594.012705411566
00e12e8b_5951,11594.604195680311
00e12e8b_5952,11594.315865636603
00e12e8b_5953,11594.245646916366
00e12e8b_5954,11593.21624784379
00e12e8b_5955,11594.296339451823
00e12e8b_5956,11594.166641620635
00e12e8b_5957,11593.988444798844
00e12e8b_5958,11594.186868852426
00e12e8b_5959,11594.372840714334
00e12e8b_5960,11593.990911963987
00e12e8b_5961,11594.77188847929
00e12e8b_5962,11594.365478369327
00e12e8b_5963,11593.348016571577
00e12e8b_5964,11594.008560290695
00e12e8b_5965,11593.352554421075
00e12e8b_5966,11589.817662855861
00e12e8b_5967,11590.452891119716
00e12e8b_5968,11590.772134424631
00e12e8b_5969,11592.030555013354
00e12e8b_5970,11590.768598556195
00e12e8b_5971,11590.772134424631
00e12e8b_5972,11589.763686965416
00e12e8b_5973,11589.47290579478
00e12e8b_5974,11589.744186771148
00e12e8b_5975,11589.546136955109
00e12e8b_5976,11589.818098421121
00e12e8b_5977,11591.671003683541
00e12e8b_5978,11590.813032355676
00e12e8b_5979,11590.914551083744
00e12e8b_5980,11590.813032355676
00e12e8b_5981,11591.863314024095
00e12e8b_5982,11590.527990259576
00e12e8b_5983,11591.86103532039
00e12e8b_5984,11592.060982522136
00e12e8b_5985,11592.709563702683
00e12e8b_5986,11593.497750985056
00e12e8b_5987,11593.420774775668
00e12e8b_5988,11592.228762775661
00e12e8b_5989,11592.07272492257
00e12e8b_5990,11590.020858177686
00e12e8b_5991,11590.58784868762
00e12e8b_5992,11591.020403162029
00e12e8b_5993,11592.00435433168
00e12e8b_5994,11592.025611414876
00e12e8b_5995,11592.025611414876
00e12e8b_5996,11591.71421401059
00e12e8b_5997,11593.464596746195
00e12e8b_5998,11589.958216426452
00e12e8b_5999,11589.547795223505
00e12e8b_6000,11589.958216426452
00e12e8b_6001,11589.958216426452
00e12e8b_6002,11589.985882816656
00e12e8b_6003,11589.985882816656
00e12e8b_6004,11589.989031289773
00e12e8b_6005,11589.989031289773
00e12e8b_6006,11589.989031289773
00e12e8b_6007,11594.362667270114
00e12e8b_6008,11594.184358708382
00e12e8b_6009,11594.166710381674
00e12e8b_6010,11594.98286033459
00e12e8b_6011,11594.51449593329
00e12e8b_6012,11594.956079480868
00e12e8b_6013,11594.956079480868
00e12e8b_6014,11594.923747305482
00e12e8b_6015,11594.640081597547
00e12e8b_6016,11594.912866490646
00e12e8b_6017,11594.831202665135
00e12e8b_6018,11589.91524548884
00e12e8b_6019,11594.781340158657
00e12e8b_6020,11594.80615037216
00e12e8b_6021,11589.893985152854
00e12e8b_6022,11594.446559018132
00e12e8b_6023,11594.453921363138
00e12e8b_6024,11594.88745251895
00e12e8b_6025,11594.477059725334
00e12e8b_6026,11594.622986010616
00e12e8b_6027,11594.318790829457
00e12e8b_6028,11592.78650066388
00e12e8b_6029,11593.484077933046
00e12e8b_6030,11589.913510404105
00e12e8b_6031,11594.955136734337
00e12e8b_6032,11594.833656401008
00e12e8b_6033,11594.698171583668
00e12e8b_6034,11595.309158286567
00e12e8b_6035,11594.874557412828
00e12e8b_6036,11595.309158286567
00e12e8b_6037,11595.272148945634
00e12e8b_6038,11594.714882217797
00e12e8b_6039,11595.277217466537
00e12e8b_6040,11595.252754201138
00e12e8b_6041,11595.261830789488
00e12e8b_6042,11594.666230763638
00e12e8b_6043,11594.679692581818
00e12e8b_6044,11594.666230763638
00e12e8b_6045,11594.679692581818
00e12e8b_6046,11594.666230763638
00e12e8b_6047,11594.688670108306
00e12e8b_6048,11594.996623286836
00e12e8b_6049,11594.157150493917
00e12e8b_6050,11594.132988068417
00e12e8b_6051,11594.045142610332
00e12e8b_6052,11594.132988068417
00e12e8b_6053,11594.434030118995
00e12e8b_6054,11594.853244315684
00e12e8b_6055,11594.425048066281
00e12e8b_6056,11595.703287597953
00e12e8b_6057,11598.523149877536
00e12e8b_6058,11596.85844237992
00e12e8b_6059,11595.918911823703
00e12e8b_6060,11596.85844237992
00e12e8b_6061,11597.941861785413
00e12e8b_6062,11598.770825804007
00e12e8b_6063,11599.101479340186
00e12e8b_6064,11598.47806198064
00e12e8b_6065,11597.913231318103
00e12e8b_6066,11596.870864011367
00e12e8b_6067,11598.538563441496
00e12e8b_6068,11598.49097459075
00e12e8b_6069,11598.425818309024
00e12e8b_6070,11598.736259301077
00e12e8b_6071,11597.787025861997
00e12e8b_6072,11598.11504873871
00e12e8b_6073,11597.544953443441
00e12e8b_6074,11597.740525704943
00e12e8b_6075,11592.19281740658
00e12e8b_6076,11593.592185905814
00e12e8b_6077,11592.131973105505
00e12e8b_6078,11591.995743776863
00e12e8b_6079,11591.679745893543
00e12e8b_6080,11592.102031246242
00e12e8b_6081,11591.81148957885
00e12e8b_6082,11593.280815702226
00e12e8b_6083,11592.547417264726
00e12e8b_6084,11592.547417264726
00e12e8b_6085,11596.692366115207
00e12e8b_6086,11586.294133967682
00e12e8b_6087,11592.788817947858
00e12e8b_6088,11591.173026600267
00e12e8b_6089,11592.446065783784
00e12e8b_6090,11584.909001047747
00e12e8b_6091,11596.564114731827
00e12e8b_6092,11596.85243515714
00e12e8b_6093,11584.909001047747
00e12e8b_6094,11596.781564433702
00e12e8b_6095,11597.78306308203
00e12e8b_6096,11597.748761183599
00e12e8b_6097,11597.734089102138
00e12e8b_6098,11595.618266789494
00e12e8b_6099,11586.221537919813
00e12e8b_6100,11586.221537919813
00e12e8b_6101,11585.803063600682
00e12e8b_6102,11597.697020282012
00e12e8b_6103,11597.845638856637
00e12e8b_6104,11597.629887047286
00e12e8b_6105,11585.783882570871
00e12e8b_6106,11597.360427057283
00e12e8b_6107,11597.467763178727
00e12e8b_6108,11597.648663358766
00e12e8b_6109,11597.829839446951
00e12e8b_6110,11597.78987652818
00e12e8b_6111,11598.615496345015
00e12e8b_6112,11598.61100568583
00e12e8b_6113,11598.5991101456
00e12e8b_6114,11598.5991101456
00e12e8b_6115,11598.603600804785
00e12e8b_6116,11600.284503510624
00e12e8b_6117,11598.5752820206
00e12e8b_6118,11600.43547367603
00e12e8b_6119,11598.371024206832
00e12e8b_6120,11600.259537265772
00e12e8b_6121,11598.332401344318
00e12e8b_6122,11600.169626640934
00e12e8b_6123,11598.274766969582
00e12e8b_6124,11600.158789369334
00e12e8b_6125,11598.270276310393
00e12e8b_6126,11600.138049747893
00e12e8b_6127,11600.15352123792
00e12e8b_6128,11598.330244142562
00e12e8b_6129,11598.330244142562
00e12e8b_6130,11598.334734801749
00e12e8b_6131,11598.326789788814
00e12e8b_6132,11585.40081162594
00e12e8b_6133,11597.662800984977
00e12e8b_6134,11594.088251438252
00e12e8b_6135,11585.388922954611
00e12e8b_6136,11597.046662386627
00e12e8b_6137,11594.002474912988
00e12e8b_6138,11592.368067719248
00e12e8b_6139,11592.372770507787
00e12e8b_6140,11592.390599862285
00e12e8b_6141,11585.456717181762
00e12e8b_6142,11593.964759359751
00e12e8b_6143,11595.018137048022
00e12e8b_6144,11593.94142553259
00e12e8b_6145,11585.4333833546
00e12e8b_6146,11592.344675740891
00e12e8b_6147,11592.891475346005
00e12e8b_6148,11593.020798393623
00e12e8b_6149,11596.915707169992
00e12e8b_6150,11596.956550478983
00e12e8b_6151,11596.781952529469
00e12e8b_6152,11597.28791080425
00e12e8b_6153,11593.786537344089
00e12e8b_6154,11597.241454908266
00e12e8b_6155,11596.981322931611
00e12e8b_6156,11597.258062809502
00e12e8b_6157,11595.369469585663
00e12e8b_6158,11596.937641991231
00e12e8b_6159,11597.238230062214
00e12e8b_6160,11596.961490184323
00e12e8b_6161,11586.111553655724
00e12e8b_6162,11596.609397358608
00e12e8b_6163,11596.516649194797
00e12e8b_6164,11596.869634144434
00e12e8b_6165,11594.620546381957
00e12e8b_6166,11586.008315907995
00e12e8b_6167,11591.80856263203
00e12e8b_6168,11591.331345334973
00e12e8b_6169,11592.524992923116
00e12e8b_6170,11592.547525066153
00e12e8b_6171,11585.886050535715
00e12e8b_6172,11596.380638432494
00e12e8b_6173,11595.13529531549
00e12e8b_6174,11597.790697379936
00e12e8b_6175,11599.900641406372
00e12e8b_6176,11599.894410003453
00e12e8b_6177,11597.69172254438
00e12e8b_6178,11597.619974462777
00e12e8b_6179,11599.77395130056
00e12e8b_6180,11599.766306856116
00e12e8b_6181,11597.64047382851
00e12e8b_6182,11597.64047382851
00e12e8b_6183,11597.316564931534
00e12e8b_6184,11598.253708185872
00e12e8b_6185,11597.71937067735
00e12e8b_6186,11597.715916323603
00e12e8b_6187,11596.737903332763
00e12e8b_6188,11597.635454150743
00e12e8b_6189,11596.419441972115
00e12e8b_6190,11597.513924501232
00e12e8b_6191,11597.491772494357
00e12e8b_6192,11597.465445749622
00e12e8b_6193,11599.36774174542
00e12e8b_6194,11599.36774174542
00e12e8b_6195,11599.37355380143
00e12e8b_6196,11599.37355380143
00e12e8b_6197,11599.38821475381
00e12e8b_6198,11599.376360339396
00e12e8b_6199,11599.29348372063
00e12e8b_6200,11599.294685199973
00e12e8b_6201,11599.29348372063
00e12e8b_6202,11597.310859641035
00e12e8b_6203,11599.260340918929
00e12e8b_6204,11597.251572228675
00e12e8b_6205,11599.174360359135
00e12e8b_6206,11599.172959365442
00e12e8b_6207,11599.100544295303
00e12e8b_6208,11599.104122087676
00e12e8b_6209,11599.100544295303
00e12e8b_6210,11599.07704004869
00e12e8b_6211,11599.072061262621
00e12e8b_6212,11599.072061262621
00e12e8b_6213,11599.072061262621
00e12e8b_6214,11599.072061262621
00e12e8b_6215,11599.07704004869
00e12e8b_6216,11599.045825336048
00e12e8b_6217,11599.040846549979
00e12e8b_6218,11599.104323549644
00e12e8b_6219,11599.076496807025
00e12e8b_6220,11599.071518020955
00e12e8b_6221,11599.059939808845
00e12e8b_6222,11585.316713268172
00e12e8b_6223,11599.005766610047
00e12e8b_6224,11598.971040073062
00e12e8b_6225,11598.915072480231
00e12e8b_6226,11598.852658377411
00e12e8b_6227,11598.7734171683
00e12e8b_6228,11598.772016174604
00e12e8b_6229,11598.7464771683
00e12e8b_6230,11598.741498382231
00e12e8b_6231,11598.70648209636
00e12e8b_6232,11598.705280617014
00e12e8b_6233,11598.67509673642
00e12e8b_6234,11598.581888269819
00e12e8b_6235,11598.583089749165
00e12e8b_6236,11598.581888269819
00e12e8b_6237,11598.586867055888
00e12e8b_6238,11598.581888269819
00e12e8b_6239,11598.585466062192
00e12e8b_6240,11598.477484403382
00e12e8b_6241,11598.389277886115
00e12e8b_6242,11584.95800708168
00e12e8b_6243,11598.33249472822
00e12e8b_6244,11596.30937579315
00e12e8b_6245,11598.293201352088
00e12e8b_6246,11598.293201352088
00e12e8b_6247,11584.885539859459
00e12e8b_6248,11598.291999872745
00e12e8b_6249,11598.291999872745
00e12e8b_6250,11598.211067148182
00e12e8b_6251,11598.211067148182
00e12e8b_6252,11598.23951644963
00e12e8b_6253,11598.198306237522
00e12e8b_6254,11598.209884449632
00e12e8b_6255,11598.209884449632
00e12e8b_6256,11598.209884449632
00e12e8b_6257,11598.198306237522
00e12e8b_6258,11584.777542431784
00e12e8b_6259,11597.475914826347
00e12e8b_6260,11584.000825946967
00e12e8b_6261,11597.440701385898
00e12e8b_6262,11597.583892760984
00e12e8b_6263,11597.576091770858
00e12e8b_6264,11597.534137724157
00e12e8b_6265,11597.545715936267
00e12e8b_6266,11597.545715936267
00e12e8b_6267,11597.520337164566
00e12e8b_6268,11583.542480473674
00e12e8b_6269,11583.542480473674
00e12e8b_6270,11597.43214548384
00e12e8b_6271,11597.43214548384
00e12e8b_6272,11583.515020367855
00e12e8b_6273,11597.42716669777
00e12e8b_6274,11597.43214548384
00e12e8b_6275,11583.515020367855
00e12e8b_6276,11583.515020367855
00e12e8b_6277,11597.42716669777
00e12e8b_6278,11597.430744490146
00e12e8b_6279,11583.515020367855
00e12e8b_6280,11597.42716669777
00e12e8b_6281,11597.430744490146
00e12e8b_6282,11595.444542618176
00e12e8b_6283,11597.42716669777
00e12e8b_6284,11597.407628555677
00e12e8b_6285,11595.392486995774
00e12e8b_6286,11594.315640055103
00e12e8b_6287,11592.374488404235
00e12e8b_6288,11593.680332982098
00e12e8b_6289,11593.619831521242
00e12e8b_6290,11583.337212096158
00e12e8b_6291,11583.337212096158
00e12e8b_6292,11594.12883306496
00e12e8b_6293,11595.230260523882
00e12e8b_6294,11595.806398791372
00e12e8b_6295,11594.20253067522
00e12e8b_6296,11595.806398791372
00e12e8b_6297,11594.141809764154
00e12e8b_6298,11594.604831988163
00e12e8b_6299,11595.208970516636
00e12e8b_6300,11594.192100538989
00e12e8b_6301,11587.233272070041
00e12e8b_6302,11588.06870338115
00e12e8b_6303,11589.324812295868
00e12e8b_6304,11594.192100538989
00e12e8b_6305,11588.124935013095
00e12e8b_6306,11593.270305888384
00e12e8b_6307,11588.899205335088
00e12e8b_6308,11585.836403913632
00e12e8b_6309,11588.796099048326
00e12e8b_6310,11588.899445931873
00e12e8b_6311,11593.892648203751
00e12e8b_6312,11597.019047187474
00e12e8b_6313,11594.986905639511
00e12e8b_6314,11594.929889326124
00e12e8b_6315,11593.772194543206
00e12e8b_6316,11593.713838852971
00e12e8b_6317,11592.991583490391
00e12e8b_6318,11587.441790862224
00e12e8b_6319,11588.684593132422
00e12e8b_6320,11588.5781038482
00e12e8b_6321,11591.646881984178
00e12e8b_6322,11592.924998103137
00e12e8b_6323,11591.646881984178
00e12e8b_6324,11593.44010746406
00e12e8b_6325,11589.080521487595
00e12e8b_6326,11589.183627774353
00e12e8b_6327,11582.28058266626
00e12e8b_6328,11588.115001253676
00e12e8b_6329,11588.482797820354
00e12e8b_6330,11582.28058266626
00e12e8b_6331,11588.160749851506
00e12e8b_6332,11594.065842894459
00e12e8b_6333,11592.085129564786
00e12e8b_6334,11594.065842894459
00e12e8b_6335,11592.527841579027
00e12e8b_6336,11595.044404869755
00e12e8b_6337,11594.988139850786
00e12e8b_6338,11594.920980568297
00e12e8b_6339,11593.983837313963
00e12e8b_6340,11594.871459659207
00e12e8b_6341,11596.854083738803
00e12e8b_6342,11596.854083738803
00e12e8b_6343,11596.854083738803
00e12e8b_6344,11596.811564811293
00e12e8b_6345,11596.809188498264
00e12e8b_6346,11596.755064124332
00e12e8b_6347,11581.387384110247
00e12e8b_6348,11596.756265603677
00e12e8b_6349,11596.758641916706
00e12e8b_6350,11596.710545964037
00e12e8b_6351,11594.669517022709
00e12e8b_6352,11594.566206003294
00e12e8b_6353,11596.529291940795
00e12e8b_6354,11589.564149961865
00e12e8b_6355,11591.544863291538
00e12e8b_6356,11591.62281309581
00e12e8b_6357,11594.543781909088
00e12e8b_6358,11593.204308441562
00e12e8b_6359,11595.188134000502
00e12e8b_6360,11593.204308441562
00e12e8b_6361,11595.19051031353
00e12e8b_6362,11595.18693252116
00e12e8b_6363,11595.19051031353
00e12e8b_6364,11595.188134000502
00e12e8b_6365,11595.188134000502
00e12e8b_6366,11595.188134000502
00e12e8b_6367,11592.052708975585
00e12e8b_6368,11593.204308441562
00e12e8b_6369,11595.191911307229
00e12e8b_6370,11595.191911307229
00e12e8b_6371,11595.191911307229
00e12e8b_6372,11580.359090220703
00e12e8b_6373,11595.167555525923
00e12e8b_6374,11594.671756427353
00e12e8b_6375,11594.676735213423
00e12e8b_6376,11594.675334219726
00e12e8b_6377,11594.615375086592
00e12e8b_6378,11594.628831587048
00e12e8b_6379,11594.628831587048
00e12e8b_6380,11594.571457712755
00e12e8b_6381,11594.567879920382
00e12e8b_6382,11579.54544808873
00e12e8b_6383,11594.572858706451
