id,tvt
000d7d20_1442,11747.258071390243
000d7d20_1443,11747.251051351133
000d7d20_1444,11747.25605994657
000d7d20_1445,11747.339257541007
000d7d20_1446,11747.371373468348
000d7d20_1447,11747.294963901946
000d7d20_1448,11747.289972936074
000d7d20_1449,11747.304981092822
000d7d20_1450,11747.3914078501
000d7d20_1451,11747.386092509045
000d7d20_1452,11747.298411913678
000d7d20_1453,11747.311284030693
000d7d20_1454,11747.39926667707
000d7d20_1455,11747.314727663716
000d7d20_1456,11747.329735820464
000d7d20_1457,11747.414292463385
000d7d20_1458,11747.425603981786
000d7d20_1459,11747.361063912238
000d7d20_1460,11747.438208860633
000d7d20_1461,11747.459328051758
000d7d20_1462,11747.444328104435
000d7d20_1463,11747.453234646946
000d7d20_1464,11747.362402402343
000d7d20_1465,11747.360838727389
000d7d20_1466,11747.365847322826
000d7d20_1467,11747.380855479574
000d7d20_1468,11747.375864513702
000d7d20_1469,11747.383303905764
000d7d20_1470,11747.449642842004
000d7d20_1471,11747.376083746294
000d7d20_1472,11747.386342551305
000d7d20_1473,11747.400866229578
000d7d20_1474,11747.48353149493
000d7d20_1475,11747.519217458115
000d7d20_1476,11747.523395534354
000d7d20_1477,11747.528404129793
000d7d20_1478,11747.532708350322
000d7d20_1479,11747.523181366674
000d7d20_1480,11747.543429916108
000d7d20_1481,11747.634675509984
000d7d20_1482,11747.615709747877
000d7d20_1483,11747.620718343314
000d7d20_1484,11747.625726938753
000d7d20_1485,11747.616884398967
000d7d20_1486,11747.62329194969
000d7d20_1487,11747.657515033845
000d7d20_1488,11747.673587209498
000d7d20_1489,11747.647671439267
000d7d20_1490,11747.651455695695
000d7d20_1491,11747.587809157141
000d7d20_1492,11747.552573316316
000d7d20_1493,11747.557581911755
000d7d20_1494,11747.562590507192
000d7d20_1495,11747.572550371064
000d7d20_1496,11747.546056797131
000d7d20_1497,11747.585411222057
000d7d20_1498,11747.590419817496
000d7d20_1499,11747.603087800522
000d7d20_1500,11747.599504082433
000d7d20_1501,11747.605445603811
000d7d20_1502,11747.6113364672
000d7d20_1503,11747.62866863289
000d7d20_1504,11747.62876120412
000d7d20_1505,11747.638685823766
000d7d20_1506,11747.581935161888
000d7d20_1507,11747.634011532158
000d7d20_1508,11747.646386881712
000d7d20_1509,11747.644028723034
000d7d20_1510,11747.647912793402
000d7d20_1511,11747.654952885008
000d7d20_1512,11747.609180446514
000d7d20_1513,11747.613287819722
000d7d20_1514,11747.61829641516
000d7d20_1515,11747.664322468441
000d7d20_1516,11747.665460216058
000d7d20_1517,11747.667268837793
000d7d20_1518,11747.691007048443
000d7d20_1519,11747.714533203649
000d7d20_1520,11747.698532645958
000d7d20_1521,11747.698225174656
000d7d20_1522,11747.708168028852
000d7d20_1523,11747.707863235286
000d7d20_1524,11747.682528563404
000d7d20_1525,11747.715388832803
000d7d20_1526,11747.641617855992
000d7d20_1527,11747.647287669597
000d7d20_1528,11747.656502567797
000d7d20_1529,11747.657933409333
000d7d20_1530,11747.597881001802
000d7d20_1531,11747.671584358635
000d7d20_1532,11747.672959195648
000d7d20_1533,11747.677967791085
000d7d20_1534,11747.684890089013
000d7d20_1535,11747.68944673223
000d7d20_1536,11747.69445532767
000d7d20_1537,11747.699463923109
000d7d20_1538,11747.703070045096
000d7d20_1539,11747.648433714941
000d7d20_1540,11747.681871276185
000d7d20_1541,11747.686879871624
000d7d20_1542,11747.586366341102
000d7d20_1543,11747.590378156145
000d7d20_1544,11747.583794816426
000d7d20_1545,11747.537628401658
000d7d20_1546,11747.603225005263
000d7d20_1547,11747.515831160392
000d7d20_1548,11747.51435031205
000d7d20_1549,11747.467014060763
000d7d20_1550,11747.53002224326
000d7d20_1551,11747.612747451514
000d7d20_1552,11747.578133418263
000d7d20_1553,11747.51881166235
000d7d20_1554,11747.588678753977
000d7d20_1555,11747.597113352871
000d7d20_1556,11747.500631772586
000d7d20_1557,11747.575400261441
000d7d20_1558,11747.580408856878
000d7d20_1559,11747.581184640389
000d7d20_1560,11747.476714082672
000d7d20_1561,11747.538125850126
000d7d20_1562,11747.477908021823
000d7d20_1563,11747.455740618574
000d7d20_1564,11747.540269666035
000d7d20_1565,11747.503990016747
000d7d20_1566,11747.454995695374
000d7d20_1567,11747.474364122621
000d7d20_1568,11747.456788446629
000d7d20_1569,11747.466046590978
000d7d20_1570,11747.494315088417
000d7d20_1571,11747.537421887992
000d7d20_1572,11747.42924419555
000d7d20_1573,11747.492539803565
000d7d20_1574,11747.431081543
000d7d20_1575,11747.502556994441
000d7d20_1576,11747.428812356924
000d7d20_1577,11747.589530052132
000d7d20_1578,11747.523822528758
000d7d20_1579,11747.59491921652
000d7d20_1580,11747.452421229224
000d7d20_1581,11747.523896823715
000d7d20_1582,11747.4570589817
000d7d20_1583,11747.606401321187
000d7d20_1584,11747.479253830657
000d7d20_1585,11747.54155476828
000d7d20_1586,11747.5782078511
000d7d20_1587,11747.490813845296
000d7d20_1588,11747.644488059632
000d7d20_1589,11747.53352787932
000d7d20_1590,11747.580605385356
000d7d20_1591,11747.535640564467
000d7d20_1592,11747.629987927434
000d7d20_1593,11747.615549935308
000d7d20_1594,11747.55066635078
000d7d20_1595,11747.48520487538
000d7d20_1596,11747.544696073892
000d7d20_1597,11747.524151299807
000d7d20_1598,11747.522670308415
000d7d20_1599,11747.503122171676
000d7d20_1600,11747.48201735235
000d7d20_1601,11747.562037320355
000d7d20_1602,11747.51172188587
000d7d20_1603,11747.494592100304
000d7d20_1604,11747.48968489088
000d7d20_1605,11747.530162016972
000d7d20_1606,11747.483119664266
000d7d20_1607,11747.488128259705
000d7d20_1608,11747.547618814486
000d7d20_1609,11747.498145450581
000d7d20_1610,11747.559994489631
000d7d20_1611,11747.5080651521
000d7d20_1612,11747.517263572598
000d7d20_1613,11747.548046766158
000d7d20_1614,11747.498403314437
000d7d20_1615,11747.467404505549
000d7d20_1616,11747.527065577298
000d7d20_1617,11747.470931966544
000d7d20_1618,11747.537082768173
000d7d20_1619,11747.487438887301
000d7d20_1620,11747.492447482738
000d7d20_1621,11747.639997105247
000d7d20_1622,11747.497548577881
000d7d20_1623,11747.512802639552
000d7d20_1624,11747.56597412447
000d7d20_1625,11747.522819830428
000d7d20_1626,11747.58739685486
000d7d20_1627,11747.537753117038
000d7d20_1628,11747.542761712477
000d7d20_1629,11747.602422641176
000d7d20_1630,11747.558492938388
000d7d20_1631,11747.641026315054
000d7d20_1632,11747.58428573828
000d7d20_1633,11747.598474712631
000d7d20_1634,11747.652941096538
000d7d20_1635,11747.607501345838
000d7d20_1636,11747.66699204367
000d7d20_1637,11747.617518536714
000d7d20_1638,11747.636726961253
000d7d20_1639,11747.678913620084
000d7d20_1640,11747.6357600413
000d7d20_1641,11747.694702638659
000d7d20_1642,11747.609769684796
000d7d20_1643,11747.669430613494
000d7d20_1644,11747.613938086457
000d7d20_1645,11747.622218047061
000d7d20_1646,11747.681878975758
000d7d20_1647,11747.664291998726
000d7d20_1648,11747.69260741694
000d7d20_1649,11747.649678142352
000d7d20_1650,11747.600788856284
000d7d20_1651,11747.5560617864
000d7d20_1652,11747.615722142893
000d7d20_1653,11747.566078977276
000d7d20_1654,11747.56926438584
000d7d20_1655,11747.621827188126
000d7d20_1656,11747.57867375239
000d7d20_1657,11747.636731363827
000d7d20_1658,11747.590573997048
000d7d20_1659,11747.650064551828
000d7d20_1660,11747.6127310805
000d7d20_1661,11747.660799501837
000d7d20_1662,11747.608725325019
000d7d20_1663,11747.60536721647
000d7d20_1664,11747.557657673215
000d7d20_1665,11747.512931175535
000d7d20_1666,11747.56767486409
000d7d20_1667,11747.518032270678
000d7d20_1668,11747.5826081507
000d7d20_1669,11747.548970834923
000d7d20_1670,11747.622913561028
000d7d20_1671,11747.550067642345
000d7d20_1672,11747.604275675878
000d7d20_1673,11747.565283741074
000d7d20_1674,11747.62643991189
000d7d20_1675,11747.67129318716
000d7d20_1676,11747.638381498327
000d7d20_1677,11747.582516251527
000d7d20_1678,11747.642006305628
000d7d20_1679,11747.592533442403
000d7d20_1680,11747.647964777823
000d7d20_1681,11747.60498164448
000d7d20_1682,11747.664471698581
000d7d20_1683,11747.602712458403
000d7d20_1684,11747.65904601741
000d7d20_1685,11747.609573154185
000d7d20_1686,11747.727676556293
000d7d20_1687,11747.678203263913
000d7d20_1688,11747.689362772591
000d7d20_1689,11747.64481344376
000d7d20_1690,11747.693298072409
000d7d20_1691,11747.745429217855
000d7d20_1692,11747.712687330735
000d7d20_1693,11747.663044665798
000d7d20_1694,11747.723312345937
000d7d20_1695,11747.727388247895
000d7d20_1696,11747.684746434588
000d7d20_1697,11747.830132480016
000d7d20_1698,11747.742738903364
000d7d20_1699,11747.650767332367
000d7d20_1700,11747.594026898645
000d7d20_1701,11747.66017684197
000d7d20_1702,11747.665185437407
000d7d20_1703,11747.670194032846
000d7d20_1704,11747.677633639483
000d7d20_1705,11747.68192447579
000d7d20_1706,11747.629024178596
000d7d20_1707,11747.687966775957
000d7d20_1708,11747.685639350926
000d7d20_1709,11747.690647946363
000d7d20_1710,11747.701866463638
000d7d20_1711,11747.725197479198
000d7d20_1712,11747.723481526295
000d7d20_1713,11747.726412589918
000d7d20_1714,11747.731421185357
000d7d20_1715,11747.743105763271
000d7d20_1716,11747.7365222805
000d7d20_1717,11747.75803904988
000d7d20_1718,11747.844116947877
000d7d20_1719,11747.756723943432
000d7d20_1720,11747.733778198888
000d7d20_1721,11747.746746446275
000d7d20_1722,11747.750285191172
000d7d20_1723,11747.757117116536
000d7d20_1724,11747.762125711974
000d7d20_1725,11747.76713430741
000d7d20_1726,11747.76783448839
000d7d20_1727,11747.709776195974
000d7d20_1728,11747.714177110138
000d7d20_1729,11747.718622370157
000d7d20_1730,11747.733954966907
000d7d20_1731,11747.731865865087
000d7d20_1732,11747.83942217762
000d7d20_1733,11747.752029173174
000d7d20_1734,11747.693913731822
000d7d20_1735,11747.69549625228
000d7d20_1736,11747.70684766407
000d7d20_1737,11747.710809840366
000d7d20_1738,11747.709093887464
000d7d20_1739,11747.729594135391
000d7d20_1740,11747.737427418786
000d7d20_1741,11747.73023096185
000d7d20_1742,11747.726672438643
000d7d20_1743,11747.733979794495
000d7d20_1744,11747.74302214619
000d7d20_1745,11747.743114645893
000d7d20_1746,11747.750371719267
000d7d20_1747,11747.758765691635
000d7d20_1748,11747.763774287074
000d7d20_1749,11747.740722040951
000d7d20_1750,11747.745429871353
000d7d20_1751,11747.75797325683
000d7d20_1752,11747.763192423557
000d7d20_1753,11747.761711217587
000d7d20_1754,11747.75241097895
000d7d20_1755,11747.75741957439
000d7d20_1756,11747.762428169826
000d7d20_1757,11747.790566848349
000d7d20_1758,11747.795575443786
000d7d20_1759,11747.793003186716
000d7d20_1760,11747.733785464749
000d7d20_1761,11747.739726753669
000d7d20_1762,11747.744735349108
000d7d20_1763,11747.770233160396
000d7d20_1764,11747.764713620534
000d7d20_1765,11747.748519460998
000d7d20_1766,11747.73737414866
000d7d20_1767,11747.745839432026
000d7d20_1768,11747.755322381254
000d7d20_1769,11747.726302255836
000d7d20_1770,11747.826703149974
000d7d20_1771,11747.8188977243
000d7d20_1772,11747.838262360694
000d7d20_1773,11747.843270956131
000d7d20_1774,11747.813078240459
000d7d20_1775,11747.834934398687
000d7d20_1776,11747.80432354451
000d7d20_1777,11747.759009607293
000d7d20_1778,11747.76234622092
000d7d20_1779,11747.768418830794
000d7d20_1780,11747.771969735039
000d7d20_1781,11747.814767293796
000d7d20_1782,11747.8187118748
000d7d20_1783,11747.814770618246
000d7d20_1784,11747.792956837435
000d7d20_1785,11747.801867868175
000d7d20_1786,11747.694891447743
000d7d20_1787,11747.68006399887
000d7d20_1788,11747.700771313332
000d7d20_1789,11747.704715894337
000d7d20_1790,11747.71078850421
000d7d20_1791,11747.790868053016
000d7d20_1792,11747.812724354295
000d7d20_1793,11747.800885243892
000d7d20_1794,11747.836410225364
000d7d20_1795,11747.830434638443
000d7d20_1796,11747.81859552804
000d7d20_1797,11747.821679799443
000d7d20_1798,11747.828612718917
000d7d20_1799,11747.850469020195
000d7d20_1800,11747.76087445859
000d7d20_1801,11747.77062806059
000d7d20_1802,11747.895111114723
000d7d20_1803,11747.88408968468
000d7d20_1804,11747.79669625108
000d7d20_1805,11747.815231190816
000d7d20_1806,11747.81917577182
000d7d20_1807,11747.825248381694
000d7d20_1808,11747.813915958455
000d7d20_1809,11747.83769658377
000d7d20_1810,11747.840881849283
000d7d20_1811,11747.84979130646
000d7d20_1812,11747.831739627774
000d7d20_1813,11747.837812237647
000d7d20_1814,11747.866441152451
000d7d20_1815,11747.881409540982
000d7d20_1816,11747.887128528419
000d7d20_1817,11747.87336509398
000d7d20_1818,11747.982547683481
000d7d20_1819,11747.818017780995
000d7d20_1820,11747.913625531859
000d7d20_1821,11747.864327477135
000d7d20_1822,11747.870053903232
000d7d20_1823,11747.793319639783
000d7d20_1824,11747.880071094109
000d7d20_1825,11747.80333683066
000d7d20_1826,11747.897097505109
000d7d20_1827,11747.801900631413
000d7d20_1828,11747.820177649934
000d7d20_1829,11747.921014349391
000d7d20_1830,11747.83630612888
000d7d20_1831,11747.930326441161
000d7d20_1832,11747.841653844202
000d7d20_1833,11747.939064468675
000d7d20_1834,11747.937430484082
000d7d20_1835,11747.84512095475
000d7d20_1836,11747.915600054948
000d7d20_1837,11747.939598261059
000d7d20_1838,11747.86353218952
000d7d20_1839,11747.865114709977
000d7d20_1840,11747.762426533793
000d7d20_1841,11747.771793897693
000d7d20_1842,11747.776802493132
000d7d20_1843,11747.781811088571
000d7d20_1844,11747.772963749865
000d7d20_1845,11747.79917538638
000d7d20_1846,11747.804183981818
000d7d20_1847,11747.897623077286
000d7d20_1848,11747.821213539943
000d7d20_1849,11747.826222135382
000d7d20_1850,11747.825762314606
000d7d20_1851,11747.822897947091
000d7d20_1852,11747.803434925785
000d7d20_1853,11747.923699687683
000d7d20_1854,11747.913468186074
000d7d20_1855,11747.837058648729
000d7d20_1856,11747.848412850019
000d7d20_1857,11747.863507695762
000d7d20_1858,11747.822086037217
000d7d20_1859,11747.81875246194
000d7d20_1860,11747.809022783758
000d7d20_1861,11747.832195727799
000d7d20_1862,11747.837204323236
000d7d20_1863,11747.842212918675
000d7d20_1864,11747.84379543913
000d7d20_1865,11747.8626146215
000d7d20_1866,11747.86331508858
000d7d20_1867,11747.868323684019
000d7d20_1868,11747.853952282203
000d7d20_1869,11747.877732907516
000d7d20_1870,11747.882741502955
000d7d20_1871,11747.892666194128
000d7d20_1872,11747.97362422003
000d7d20_1873,11747.89721496879
000d7d20_1874,11747.775261379322
000d7d20_1875,11747.758071869903
000d7d20_1876,11747.785278570198
000d7d20_1877,11747.792718176837
000d7d20_1878,11747.797166011776
000d7d20_1879,11747.800912037786
000d7d20_1880,11747.886730798631
000d7d20_1881,11747.81032154739
000d7d20_1882,11747.88824231133
000d7d20_1883,11747.81695328981
000d7d20_1884,11747.821961885249
000d7d20_1885,11747.82533798099
000d7d20_1886,11747.834646693922
000d7d20_1887,11747.839655289361
000d7d20_1888,11747.929910781542
000d7d20_1889,11747.815344210278
000d7d20_1890,11747.858084119422
000d7d20_1891,11747.859689671113
000d7d20_1892,11747.862125777767
000d7d20_1893,11747.849340670125
000d7d20_1894,11747.852035413252
000d7d20_1895,11747.858750036676
000d7d20_1896,11747.844986602238
000d7d20_1897,11747.868767227552
000d7d20_1898,11747.878691918724
000d7d20_1899,11747.884960365618
000d7d20_1900,11747.89478549319
000d7d20_1901,11747.975135694769
000d7d20_1902,11747.8799542706
000d7d20_1903,11747.996137068003
000d7d20_1904,11747.99660994071
000d7d20_1905,11747.989529569779
000d7d20_1906,11747.91140027154
000d7d20_1907,11747.915650552844
000d7d20_1908,11747.900939404553
000d7d20_1909,11747.884947662391
000d7d20_1910,11747.65856945325
000d7d20_1911,11747.761354223232
000d7d20_1912,11747.673502739859
000d7d20_1913,11747.651397563859
000d7d20_1914,11747.679603905573
000d7d20_1915,11747.695889079914
000d7d20_1916,11747.69437983592
000d7d20_1917,11747.73489129429
000d7d20_1918,11747.650203959247
000d7d20_1919,11747.635224876158
000d7d20_1920,11747.660221150123
000d7d20_1921,11747.626892753298
000d7d20_1922,11747.581037367489
000d7d20_1923,11747.586015636083
000d7d20_1924,11747.574492525666
000d7d20_1925,11747.595582501948
000d7d20_1926,11747.600591097387
000d7d20_1927,11747.617191556456
000d7d20_1928,11747.60357303283
000d7d20_1929,11747.68681572861
000d7d20_1930,11747.618487007536
000d7d20_1931,11747.62320334948
000d7d20_1932,11747.643695228915
000d7d20_1933,11747.60474806912
000d7d20_1934,11747.602486233038
000d7d20_1935,11747.64784884192
000d7d20_1936,11747.69007863067
000d7d20_1937,11747.663059647755
000d7d20_1938,11747.765275646376
000d7d20_1939,11747.727101678032
000d7d20_1940,11747.673901903263
000d7d20_1941,11747.678076796612
000d7d20_1942,11747.680715463692
000d7d20_1943,11747.687933770205
000d7d20_1944,11747.697785648343
000d7d20_1945,11747.693579747167
000d7d20_1946,11747.625450868545
000d7d20_1947,11747.628249609857
000d7d20_1948,11747.623340612294
000d7d20_1949,11747.636442898603
000d7d20_1950,11747.643275396173
000d7d20_1951,11747.626063570773
000d7d20_1952,11747.61993162895
000d7d20_1953,11747.606759997108
000d7d20_1954,11747.629948819826
000d7d20_1955,11747.63716726939
000d7d20_1956,11747.635049628865
000d7d20_1957,11747.598096602067
000d7d20_1958,11747.573722205714
000d7d20_1959,11747.589165810154
000d7d20_1960,11747.59638425972
000d7d20_1961,11747.539957680216
000d7d20_1962,11747.56152902361
000d7d20_1963,11747.566537619046
000d7d20_1964,11747.691266578102
000d7d20_1965,11747.585101257677
000d7d20_1966,11747.606671742764
000d7d20_1967,11747.628803703603
000d7d20_1968,11747.591151156692
000d7d20_1969,11747.603532608271
000d7d20_1970,11747.632462788792
000d7d20_1971,11747.634979719343
000d7d20_1972,11747.639988314782
000d7d20_1973,11747.569215850956
000d7d20_1974,11747.591850636578
000d7d20_1975,11747.571310869285
000d7d20_1976,11747.559757575074
000d7d20_1977,11747.581328060161
000d7d20_1978,11747.5863366556
000d7d20_1979,11747.603840482665
000d7d20_1980,11747.343290072367
000d7d20_1981,11747.360003684895
000d7d20_1982,11747.328869263518
000d7d20_1983,11747.336847314675
000d7d20_1984,11747.326358321003
000d7d20_1985,11747.36857394769
000d7d20_1986,11747.48173436045
000d7d20_1987,11747.381430989946
000d7d20_1988,11747.40067374676
000d7d20_1989,11747.404618041663
000d7d20_1990,11747.410690937637
000d7d20_1991,11747.39807334289
000d7d20_1992,11747.423138853612
000d7d20_1993,11747.419238223585
000d7d20_1994,11747.408749229911
000d7d20_1995,11747.429255414461
000d7d20_1996,11747.435328310437
000d7d20_1997,11747.410682116904
000d7d20_1998,11747.38333311499
000d7d20_1999,11747.371493718487
000d7d20_2000,11747.376788416219
000d7d20_2001,11747.459111293121
000d7d20_2002,11747.426864792124
000d7d20_2003,11747.398984212146
000d7d20_2004,11747.420554697233
000d7d20_2005,11747.43454175489
000d7d20_2006,11747.422702358386
000d7d20_2007,11747.439698353879
000d7d20_2008,11747.457597574317
000d7d20_2009,11747.440952231462
000d7d20_2010,11747.424295444514
000d7d20_2011,11747.447905838964
000d7d20_2012,11747.458995252578
000d7d20_2013,11747.480766867578
000d7d20_2014,11747.504651061925
000d7d20_2015,11747.420309624555
000d7d20_2016,11747.44475343499
000d7d20_2017,11747.336006041354
000d7d20_2018,11747.349714149273
000d7d20_2019,11747.368919998893
000d7d20_2020,11747.358379506806
000d7d20_2021,11747.343863623333
000d7d20_2022,11747.306786857289
000d7d20_2023,11747.306430462493
000d7d20_2024,11747.299248239146
000d7d20_2025,11747.318487562732
000d7d20_2026,11747.33618851428
000d7d20_2027,11747.321905518074
000d7d20_2028,11747.348160069934
000d7d20_2029,11747.29290293356
000d7d20_2030,11747.31631534522
000d7d20_2031,11747.318786499407
000d7d20_2032,11747.312262311336
000d7d20_2033,11747.321100958196
000d7d20_2034,11746.998495246231
000d7d20_2035,11746.988251442224
000d7d20_2036,11747.00982192731
000d7d20_2037,11746.993352823469
000d7d20_2038,11747.014923308556
000d7d20_2039,11747.021818176425
000d7d20_2040,11747.008378609784
000d7d20_2041,11747.037356569388
000d7d20_2042,11747.02331161029
000d7d20_2043,11747.041852558177
000d7d20_2044,11747.049890690816
000d7d20_2045,11747.038337396607
000d7d20_2046,11747.059370009378
000d7d20_2047,11747.048354587481
000d7d20_2048,11747.024870255369
000d7d20_2049,11747.005371042122
000d7d20_2050,11747.077527560075
000d7d20_2051,11747.036866504483
000d7d20_2052,11747.029598164343
000d7d20_2053,11747.082416742081
000d7d20_2054,11747.060197268214
000d7d20_2055,11747.084797290501
000d7d20_2056,11747.07021445909
000d7d20_2057,11747.149405660271
000d7d20_2058,11747.10625894794
000d7d20_2059,11747.015316844525
000d7d20_2060,11747.109238308463
000d7d20_2061,11747.044177018648
000d7d20_2062,11747.118647818066
000d7d20_2063,11747.052200362632
000d7d20_2064,11747.1465495495
000d7d20_2065,11747.08986161555
000d7d20_2066,11747.108402563435
000d7d20_2067,11747.096849269225
000d7d20_2068,11747.088331520365
000d7d20_2069,11747.109767823475
000d7d20_2070,11747.063045690764
000d7d20_2071,11747.090494147498
000d7d20_2072,11747.070033344438
000d7d20_2073,11747.099549176357
000d7d20_2074,11747.101528234594
000d7d20_2075,11747.093004477585
000d7d20_2076,11747.194675880488
000d7d20_2077,11747.193779038456
000d7d20_2078,11747.086794321058
000d7d20_2079,11747.19437459466
000d7d20_2080,11747.1259544639
000d7d20_2081,11747.09331857768
000d7d20_2082,11747.12138215435
000d7d20_2083,11747.200745875216
000d7d20_2084,11747.091371345348
000d7d20_2085,11747.125933735648
000d7d20_2086,11747.12935589386
000d7d20_2087,11747.129702452403
000d7d20_2088,11747.157357474995
000d7d20_2089,11746.984707703275
000d7d20_2090,11747.09695115818
000d7d20_2091,11747.075030089007
000d7d20_2092,11747.097546714383
000d7d20_2093,11747.092633568336
000d7d20_2094,11747.035584287187
000d7d20_2095,11747.038889429561
000d7d20_2096,11747.04282342478
000d7d20_2097,11747.053783520158
000d7d20_2098,11747.03109541073
000d7d20_2099,11747.060163492559
000d7d20_2100,11747.062714755386
000d7d20_2101,11747.081772404015
000d7d20_2102,11747.078943513186
000d7d20_2103,11747.08934227586
000d7d20_2104,11747.00294605181
000d7d20_2105,11747.04123120517
000d7d20_2106,11747.039406533397
000d7d20_2107,11747.039057863363
000d7d20_2108,11747.133682566742
000d7d20_2109,11747.138204216073
000d7d20_2110,11747.046561734242
000d7d20_2111,11747.131331644072
000d7d20_2112,11747.05975923823
000d7d20_2113,11747.057383247333
000d7d20_2114,11747.063233555722
000d7d20_2115,11747.154033643623
000d7d20_2116,11747.079951548447
000d7d20_2117,11747.15776402267
000d7d20_2118,11747.085433731847
000d7d20_2119,11747.093975404525
000d7d20_2120,11747.1895594089
000d7d20_2121,11747.07151397678
000d7d20_2122,11747.17244179982
000d7d20_2123,11747.087375665336
000d7d20_2124,11746.880620497348
000d7d20_2125,11746.978030978771
000d7d20_2126,11746.885902123038
000d7d20_2127,11746.895646283661
000d7d20_2128,11746.901262560375
000d7d20_2129,11746.812358935811
000d7d20_2130,11747.003073955962
000d7d20_2131,11746.98874518339
000d7d20_2132,11746.918983232868
000d7d20_2133,11747.00711570297
000d7d20_2134,11746.929000423745
000d7d20_2135,11746.936322728441
000d7d20_2136,11747.033125528593
000d7d20_2137,11747.03813412403
000d7d20_2138,11747.04217168828
000d7d20_2139,11746.966350663355
000d7d20_2140,11746.95772619834
000d7d20_2141,11746.855664729232
000d7d20_2142,11746.861999122706
000d7d20_2143,11746.85618246561
000d7d20_2144,11746.873121240644
000d7d20_2145,11746.871390982627
000d7d20_2146,11746.863198532075
000d7d20_2147,11746.891113621656
000d7d20_2148,11746.911857557212
000d7d20_2149,11746.89507431305
000d7d20_2150,11746.987726341105
000d7d20_2151,11746.900333050557
000d7d20_2152,11746.905341645996
000d7d20_2153,11746.910350241433
000d7d20_2154,11746.915358836872
000d7d20_2155,11746.920975113584
000d7d20_2156,11746.878748792336
000d7d20_2157,11746.935584246294
000d7d20_2158,11746.971730498897
000d7d20_2159,11746.895930359442
000d7d20_2160,11746.74263626628
000d7d20_2161,11746.660593088649
000d7d20_2162,11746.665601684086
000d7d20_2163,11746.640534634078
000d7d20_2164,11746.680535256799
000d7d20_2165,11746.687974577335
000d7d20_2166,11746.692983172774
000d7d20_2167,11746.692852512688
000d7d20_2168,11746.699581155122
000d7d20_2169,11746.710270597729
000d7d20_2170,11746.807681079154
000d7d20_2171,11746.807997310852
000d7d20_2172,11746.720604020304
000d7d20_2173,11746.726161359944
000d7d20_2174,11746.734596030365
000d7d20_2175,11746.761958084207
000d7d20_2176,11746.682068970753
000d7d20_2177,11746.684064622923
000d7d20_2178,11746.697336138739
000d7d20_2179,11746.683568412767
000d7d20_2180,11746.693826985318
000d7d20_2181,11746.696020620275
000d7d20_2182,11746.728919897934
000d7d20_2183,11746.723051170222
000d7d20_2184,11746.733176133
000d7d20_2185,11746.738685407454
000d7d20_2186,11746.742585070398
000d7d20_2187,11746.750632644413
000d7d20_2188,11746.741766136853
000d7d20_2189,11746.748206102073
000d7d20_2190,11746.770273832948
000d7d20_2191,11746.75993132365
000d7d20_2192,11746.761910381887
000d7d20_2193,11746.76591475827
000d7d20_2194,11746.694100023784
000d7d20_2195,11746.80612804366
000d7d20_2196,11746.8325422406
000d7d20_2197,11746.837550836037
000d7d20_2198,11746.842559431476
000d7d20_2199,11746.840504733456
000d7d20_2200,11746.851859077797
000d7d20_2201,11746.866578843432
000d7d20_2202,11746.754207678128
000d7d20_2203,11746.84498945548
000d7d20_2204,11746.874881511918
000d7d20_2205,11746.859090756618
000d7d20_2206,11746.836186353856
000d7d20_2207,11746.841802916671
000d7d20_2208,11746.757400825616
000d7d20_2209,11746.849002286044
000d7d20_2210,11746.864439310131
000d7d20_2211,11746.8898098059
000d7d20_2212,11746.882569789888
000d7d20_2213,11746.81257752702
000d7d20_2214,11746.892586980764
000d7d20_2215,11746.897595576203
000d7d20_2216,11746.897143909342
000d7d20_2217,11746.821618714192
000d7d20_2218,11746.954694421598
000d7d20_2219,11746.95909504966
000d7d20_2220,11746.961074107898
000d7d20_2221,11746.847624336942
000d7d20_2222,11746.96679976435
000d7d20_2223,11746.968778822587
000d7d20_2224,11746.928169265408
000d7d20_2225,11746.849614533056
000d7d20_2226,11746.935156919082
000d7d20_2227,11746.96123923736
000d7d20_2228,11746.886749732517
000d7d20_2229,11746.955622940535
000d7d20_2230,11746.639721749749
000d7d20_2231,11746.57304569858
000d7d20_2232,11746.645031413464
000d7d20_2233,11746.573572876334
000d7d20_2234,11746.662143941256
000d7d20_2235,11746.664122999493
000d7d20_2236,11746.632911330496
000d7d20_2237,11746.655048298126
000d7d20_2238,11746.64696256373
000d7d20_2239,11746.716029463001
000d7d20_2240,11746.619197657743
000d7d20_2241,11746.700247093331
000d7d20_2242,11746.646629037004
000d7d20_2243,11746.67402485092
000d7d20_2244,11746.705282187508
000d7d20_2245,11746.683006065385
000d7d20_2246,11746.713260041224
000d7d20_2247,11746.699886278111
000d7d20_2248,11746.495737788131
000d7d20_2249,11746.536613883874
000d7d20_2250,11746.532258923406
000d7d20_2251,11746.544911599958
000d7d20_2252,11746.5132807911
000d7d20_2253,11746.55089532068
000d7d20_2254,11746.545258621929
000d7d20_2255,11746.5353984811
000d7d20_2256,11746.577046480836
000d7d20_2257,11746.545415671977
000d7d20_2258,11746.583001591329
000d7d20_2259,11746.565794343565
000d7d20_2260,11746.597856199807
000d7d20_2261,11746.57106509737
000d7d20_2262,11746.577711342345
000d7d20_2263,11746.597803822975
000d7d20_2264,11746.640329012347
000d7d20_2265,11746.683941962643
000d7d20_2266,11746.500407429114
000d7d20_2267,11746.491996110308
000d7d20_2268,11746.54159031518
000d7d20_2269,11746.547378825475
000d7d20_2270,11746.60243472316
000d7d20_2271,11746.508545193903
000d7d20_2272,11746.572384432042
000d7d20_2273,11746.549959822827
000d7d20_2274,11746.541218914177
000d7d20_2275,11746.569049317477
000d7d20_2276,11746.55615248689
000d7d20_2277,11746.583982890188
000d7d20_2278,11746.583623062164
000d7d20_2279,11746.612303761485
000d7d20_2280,11746.593672868703
000d7d20_2281,11746.617846312469
000d7d20_2282,11746.671387584604
000d7d20_2283,11746.645639611133
000d7d20_2284,11746.68056821237
000d7d20_2285,11746.678986155342
000d7d20_2286,11746.652635650438
000d7d20_2287,11746.782605717435
000d7d20_2288,11746.538577142463
000d7d20_2289,11746.589483412461
000d7d20_2290,11746.540307094263
000d7d20_2291,11746.57515444245
000d7d20_2292,11746.549155843368
000d7d20_2293,11746.562939768395
000d7d20_2294,11746.58955652576
000d7d20_2295,11746.575844875837
000d7d20_2296,11746.593769845482
000d7d20_2297,11746.625162794557
000d7d20_2298,11746.598126216351
000d7d20_2299,11746.623054970176
000d7d20_2300,11746.605829411867
000d7d20_2301,11746.625985979412
000d7d20_2302,11746.45148083431
000d7d20_2303,11746.53773561505
000d7d20_2304,11746.525444749124
000d7d20_2305,11746.509504362322
000d7d20_2306,11746.554182185362
000d7d20_2307,11746.51080973832
000d7d20_2308,11746.545252537859
000d7d20_2309,11746.5404501134
000d7d20_2310,11746.525122557716
000d7d20_2311,11746.550032428788
000d7d20_2312,11746.515371796626
000d7d20_2313,11746.539644231785
000d7d20_2314,11746.546453555067
000d7d20_2315,11746.501349044733
000d7d20_2316,11746.54602686777
000d7d20_2317,11746.52170883357
000d7d20_2318,11746.58752561077
000d7d20_2319,11746.537742755709
000d7d20_2320,11746.572202721385
000d7d20_2321,11746.55352891326
000d7d20_2322,11746.542550684662
000d7d20_2323,11746.607652206127
000d7d20_2324,11746.585396397266
000d7d20_2325,11746.602955728178
000d7d20_2326,11746.54484786854
000d7d20_2327,11746.545391551563
000d7d20_2328,11746.582342896025
000d7d20_2329,11746.573519589912
000d7d20_2330,11746.575339289171
000d7d20_2331,11746.656883109525
000d7d20_2332,11746.634913975164
000d7d20_2333,11746.661549043076
000d7d20_2334,11746.617134611475
000d7d20_2335,11746.629543528874
000d7d20_2336,11746.67069428282
000d7d20_2337,11746.642327901147
000d7d20_2338,11746.695782770388
000d7d20_2339,11746.653900344098
000d7d20_2340,11746.672399234947
000d7d20_2341,11746.702220910218
000d7d20_2342,11746.674485098003
000d7d20_2343,11746.678320101828
000d7d20_2344,11746.687315246643
000d7d20_2345,11746.647888150248
000d7d20_2346,11746.669768198017
000d7d20_2347,11746.66092429254
000d7d20_2348,11746.639913028665
000d7d20_2349,11746.695778023639
000d7d20_2350,11746.673344831357
000d7d20_2351,11746.677179835182
000d7d20_2352,11746.671233001543
000d7d20_2353,11746.660242756649
000d7d20_2354,11746.698469545141
000d7d20_2355,11746.661206526504
000d7d20_2356,11746.675268542964
000d7d20_2357,11746.655405121495
000d7d20_2358,11746.662592099807
000d7d20_2359,11746.707269922845
000d7d20_2360,11746.64798847159
000d7d20_2361,11746.670283939893
000d7d20_2362,11746.671394677665
000d7d20_2363,11746.678581655977
000d7d20_2364,11746.63584435603
000d7d20_2365,11746.668400597036
000d7d20_2366,11746.65951320401
000d7d20_2367,11746.638810358407
000d7d20_2368,11746.62940283141
000d7d20_2369,11746.715218159025
000d7d20_2370,11746.653836144722
000d7d20_2371,11746.680581075914
000d7d20_2372,11746.633777690153
000d7d20_2373,11746.66100212879
000d7d20_2374,11746.621066342515
000d7d20_2375,11746.648838380946
000d7d20_2376,11746.635391661748
000d7d20_2377,11746.657510318832
000d7d20_2378,11746.65197203927
000d7d20_2379,11746.695096899051
000d7d20_2380,11746.655047816268
000d7d20_2381,11746.68239756771
000d7d20_2382,11746.612006192141
000d7d20_2383,11746.629854486371
000d7d20_2384,11746.663674155112
000d7d20_2385,11746.658040889588
000d7d20_2386,11746.686206032573
000d7d20_2387,11746.661921186238
000d7d20_2388,11746.677605974914
000d7d20_2389,11746.686864333842
000d7d20_2390,11746.694378040975
000d7d20_2391,11746.718292848265
000d7d20_2392,11746.713556799537
000d7d20_2393,11746.741761996844
000d7d20_2394,11746.740546150753
000d7d20_2395,11746.765077222388
000d7d20_2396,11746.740509706986
000d7d20_2397,11746.775259208185
000d7d20_2398,11746.787238399938
000d7d20_2399,11746.775749764845
000d7d20_2400,11746.763886907953
000d7d20_2401,11746.788417979587
000d7d20_2402,11746.7656351703
000d7d20_2403,11746.789606053642
000d7d20_2404,11746.718557787204
000d7d20_2405,11746.725852912183
000d7d20_2406,11746.739861713613
000d7d20_2407,11746.725049714265
000d7d20_2408,11746.745605680613
000d7d20_2409,11746.737408938527
000d7d20_2410,11746.743860061737
000d7d20_2411,11746.736056424204
000d7d20_2412,11746.695159906421
000d7d20_2413,11746.682476508146
000d7d20_2414,11746.70691659925
000d7d20_2415,11746.719814751574
000d7d20_2416,11746.69722935287
000d7d20_2417,11746.735269602668
000d7d20_2418,11746.64375472246
000d7d20_2419,11746.67169899447
000d7d20_2420,11746.677223718449
000d7d20_2421,11746.66979716374
000d7d20_2422,11746.651233218896
000d7d20_2423,11746.643806664188
000d7d20_2424,11746.670395383528
000d7d20_2425,11746.695356753014
000d7d20_2426,11746.701858230226
000d7d20_2427,11746.708380306805
000d7d20_2428,11746.707161599692
000d7d20_2429,11746.471878027467
000d7d20_2430,11746.477402751445
000d7d20_2431,11746.469976196737
000d7d20_2432,11746.48690381378
000d7d20_2433,11746.476267191323
000d7d20_2434,11746.496883811358
000d7d20_2435,11746.501892406797
000d7d20_2436,11746.53494818241
000d7d20_2437,11746.578238409318
000d7d20_2438,11746.52224255682
000d7d20_2439,11746.553146843176
000d7d20_2440,11746.558998868179
000d7d20_2441,11746.444039049311
000d7d20_2442,11746.432686026707
000d7d20_2443,11746.252385021315
000d7d20_2444,11746.245605057793
000d7d20_2445,11746.247218763401
000d7d20_2446,11746.219909815809
000d7d20_2447,11746.272376487723
000d7d20_2448,11746.26102346512
000d7d20_2449,11746.228299745495
000d7d20_2450,11746.270536543752
000d7d20_2451,11746.240154857514
000d7d20_2452,11746.269108498424
000d7d20_2453,11746.24440365392
000d7d20_2454,11746.252495859891
000d7d20_2455,11746.281449500802
000d7d20_2456,11746.26402653191
000d7d20_2457,11746.310275056547
000d7d20_2458,11746.28287455622
000d7d20_2459,11746.317538226733
000d7d20_2460,11746.27948785458
000d7d20_2461,11746.272339963507
000d7d20_2462,11746.277348558944
000d7d20_2463,11746.277699981227
000d7d20_2464,11746.238455418095
000d7d20_2465,11746.232019349532
000d7d20_2466,11746.23702794497
000d7d20_2467,11746.257661731142
000d7d20_2468,11746.274826813093
000d7d20_2469,11746.262478154502
000d7d20_2470,11746.261482034974
000d7d20_2471,11746.261359099652
000d7d20_2472,11746.251009723897
000d7d20_2473,11746.252148499694
000d7d20_2474,11746.261680944619
000d7d20_2475,11746.276071406513
000d7d20_2476,11746.260607093933
000d7d20_2477,11746.287261044596
000d7d20_2478,11746.28277962691
000d7d20_2479,11746.278463576353
000d7d20_2480,11746.283188930518
000d7d20_2481,11746.164913758257
000d7d20_2482,11746.173914052913
000d7d20_2483,11746.175734896582
000d7d20_2484,11746.182963645828
000d7d20_2485,11746.185896283014
000d7d20_2486,11746.190904878453
000d7d20_2487,11746.20911308937
000d7d20_2488,11746.20753732659
000d7d20_2489,11746.199247887362
000d7d20_2490,11746.206570478162
000d7d20_2491,11746.220356119804
000d7d20_2492,11746.216587669038
000d7d20_2493,11746.230935215586
000d7d20_2494,11746.226880090322
000d7d20_2495,11746.235922155913
000d7d20_2496,11746.245721248179
000d7d20_2497,11746.1992526021
000d7d20_2498,11746.192669476957
000d7d20_2499,11746.18933590168
000d7d20_2500,11746.198359084521
000d7d20_2501,11746.202778881436
000d7d20_2502,11746.205096970893
000d7d20_2503,11746.219741491625
000d7d20_2504,11746.220289752284
000d7d20_2505,11746.225298347723
000d7d20_2506,11746.23030694316
000d7d20_2507,11746.224425340844
000d7d20_2508,11746.244377631352
000d7d20_2509,11746.212211238995
000d7d20_2510,11746.19210005294
000d7d20_2511,11746.201520345767
000d7d20_2512,11746.195704546979
000d7d20_2513,11746.210929855368
000d7d20_2514,11746.222883870118
000d7d20_2515,11746.22935902592
000d7d20_2516,11746.229405463155
000d7d20_2517,11746.230964237122
000d7d20_2518,11746.240030335306
000d7d20_2519,11746.252671567767
000d7d20_2520,11746.250906405272
000d7d20_2521,11746.218584373268
000d7d20_2522,11746.220097370868
000d7d20_2523,11746.225105966305
000d7d20_2524,11746.230722243017
000d7d20_2525,11746.232455539384
000d7d20_2526,11746.247806732783
000d7d20_2527,11746.244491468053
000d7d20_2528,11746.254750040604
000d7d20_2529,11746.290459701104
000d7d20_2530,11746.316009869113
000d7d20_2531,11746.308207948194
000d7d20_2532,11746.27191767736
000d7d20_2533,11746.278145068576
000d7d20_2534,11746.301670776746
000d7d20_2535,11746.326154927603
000d7d20_2536,11746.331163523042
000d7d20_2537,11746.334953322703
000d7d20_2538,11746.31457320049
000d7d20_2539,11746.341771317719
000d7d20_2540,11746.328704542368
000d7d20_2541,11746.369764315783
000d7d20_2542,11746.374772911222
000d7d20_2543,11746.379781506661
000d7d20_2544,11746.375685182666
000d7d20_2545,11746.384696349209
000d7d20_2546,11746.390923740424
000d7d20_2547,11746.394713540085
000d7d20_2548,11746.399722135524
000d7d20_2549,11746.404730730961
000d7d20_2550,11746.4097393264
000d7d20_2551,11746.358441845789
000d7d20_2552,11746.364669237002
000d7d20_2553,11746.368459036665
000d7d20_2554,11746.37468642788
000d7d20_2555,11746.389641655702
000d7d20_2556,11746.383484822978
000d7d20_2557,11746.388493418417
000d7d20_2558,11746.393502013856
000d7d20_2559,11746.398510609293
000d7d20_2560,11746.403519204732
000d7d20_2561,11746.40852780017
000d7d20_2562,11746.414755191385
000d7d20_2563,11746.43608248952
000d7d20_2564,11746.439371610166
000d7d20_2565,11746.451787966223
000d7d20_2566,11746.454305182879
000d7d20_2567,11746.421104816829
000d7d20_2568,11746.419978234655
000d7d20_2569,11746.421764746048
000d7d20_2570,11746.436130603144
000d7d20_2571,11746.439920402805
000d7d20_2572,11746.44089552809
000d7d20_2573,11746.445021211846
000d7d20_2574,11746.45494618912
000d7d20_2575,11746.45053114717
000d7d20_2576,11746.464963379996
000d7d20_2577,11746.469971975435
000d7d20_2578,11746.474980570874
000d7d20_2579,11746.479989166311
000d7d20_2580,11746.484997761749
000d7d20_2581,11746.50467138862
000d7d20_2582,11746.498088263477
000d7d20_2583,11746.537357036528
000d7d20_2584,11746.531200203804
000d7d20_2585,11746.534409215808
000d7d20_2586,11746.521855707975
000d7d20_2587,11746.535002769295
000d7d20_2588,11746.550995404039
000d7d20_2589,11746.521085214383
000d7d20_2590,11746.505559675908
000d7d20_2591,11746.517340884873
000d7d20_2592,11746.502147225063
000d7d20_2593,11746.527965757023
000d7d20_2594,11746.517735399824
000d7d20_2595,11746.488636596276
000d7d20_2596,11746.516768551395
000d7d20_2597,11746.52648810722
000d7d20_2598,11746.536209379661
000d7d20_2599,11746.532196597534
000d7d20_2600,11746.52650096171
000d7d20_2601,11746.531062665365
000d7d20_2602,11746.520608003968
000d7d20_2603,11746.55018420347
000d7d20_2604,11746.564021343525
000d7d20_2605,11746.543772256164
000d7d20_2606,11746.547717123269
000d7d20_2607,11746.54264061281
000d7d20_2608,11746.581654754818
000d7d20_2609,11746.560652074011
000d7d20_2610,11746.597336771134
000d7d20_2611,11746.584596724606
000d7d20_2612,11746.59582690055
000d7d20_2613,11746.613950997391
000d7d20_2614,11746.592948316584
000d7d20_2615,11746.633391825657
000d7d20_2616,11746.623595771742
000d7d20_2617,11746.628148320122
000d7d20_2618,11746.619038339511
000d7d20_2619,11746.643537939894
000d7d20_2620,11746.645880634147
000d7d20_2621,11746.655986428072
000d7d20_2622,11746.652652852794
000d7d20_2623,11746.676531611196
000d7d20_2624,11746.794000724516
000d7d20_2625,11746.679982182199
000d7d20_2626,11746.679618348744
000d7d20_2627,11746.703427298185
000d7d20_2628,11746.681593776313
000d7d20_2629,11746.690333717883
000d7d20_2630,11746.697219144375
000d7d20_2631,11746.811110262397
000d7d20_2632,11746.700443122361
000d7d20_2633,11746.70172037167
000d7d20_2634,11746.827199777043
000d7d20_2635,11746.824458433517
000d7d20_2636,11746.83589174209
000d7d20_2637,11746.875222313236
000d7d20_2638,11746.847037320418
000d7d20_2639,11746.852501962914
000d7d20_2640,11746.860541526064
000d7d20_2641,11746.877014240461
000d7d20_2642,11746.87055871694
000d7d20_2643,11746.758380384583
000d7d20_2644,11746.749797404398
000d7d20_2645,11746.768397575459
000d7d20_2646,11746.763486432128
000d7d20_2647,11746.775983469033
000d7d20_2648,11746.757199797627
000d7d20_2649,11746.782196071592
000d7d20_2650,11746.775898476539
000d7d20_2651,11746.786062635332
000d7d20_2652,11746.77679815948
000d7d20_2653,11746.78180675492
000d7d20_2654,11746.791731732194
000d7d20_2655,11746.802353654657
000d7d20_2656,11746.794218138462
000d7d20_2657,11746.804550525405
000d7d20_2658,11746.59991880865
000d7d20_2659,11746.595948369662
000d7d20_2660,11746.601162386549
000d7d20_2661,11746.609956687553
000d7d20_2662,11746.619117771701
000d7d20_2663,11746.614090470837
000d7d20_2664,11746.632156775015
000d7d20_2665,11746.631121745577
000d7d20_2666,11746.645109947642
000d7d20_2667,11746.643421460562
000d7d20_2668,11746.636012071991
000d7d20_2669,11746.652127158517
000d7d20_2670,11746.665274219837
000d7d20_2671,11746.662144349393
000d7d20_2672,11746.674683729438
000d7d20_2673,11746.669754275561
000d7d20_2674,11746.67582659933
000d7d20_2675,11746.638184781255
000d7d20_2676,11746.63684362236
000d7d20_2677,11746.648201972132
000d7d20_2678,11746.660439800358
000d7d20_2679,11746.661457268783
000d7d20_2680,11746.663413152733
000d7d20_2681,11746.676348498355
000d7d20_2682,11746.682668586713
000d7d20_2683,11746.675259198142
000d7d20_2684,11746.705354387208
000d7d20_2685,11746.703913664714
000d7d20_2686,11746.705496471273
000d7d20_2687,11746.699356232482
000d7d20_2688,11746.714023069193
000d7d20_2689,11746.721129366659
000d7d20_2690,11746.732334937804
000d7d20_2691,11746.735535366737
000d7d20_2692,11746.727932000813
000d7d20_2693,11746.743342703488
000d7d20_2694,11746.750561153052
000d7d20_2695,11746.763085083574
000d7d20_2696,11746.745742223324
000d7d20_2697,11746.775406542332
000d7d20_2698,11746.78790357924
000d7d20_2699,11746.797580219722
000d7d20_2700,11746.795306367345
000d7d20_2701,11746.768442594923
000d7d20_2702,11746.77434611834
000d7d20_2703,11746.824312256198
000d7d20_2704,11746.82038644917
000d7d20_2705,11746.825395044609
000d7d20_2706,11746.842560126559
000d7d20_2707,11746.846721286998
000d7d20_2708,11746.813634217458
000d7d20_2709,11746.834647947479
000d7d20_2710,11746.861213778635
000d7d20_2711,11746.876769821278
000d7d20_2712,11746.85346058377
000d7d20_2713,11746.564690187508
000d7d20_2714,11746.520014830614
000d7d20_2715,11746.551764835354
000d7d20_2716,11746.535985238044
000d7d20_2717,11746.540790700852
000d7d20_2718,11746.590670435817
000d7d20_2719,11746.586013923528
000d7d20_2720,11746.60560400853
000d7d20_2721,11746.59353973562
000d7d20_2722,11746.619236960209
000d7d20_2723,11746.607489688642
000d7d20_2724,11746.623479462365
000d7d20_2725,11746.611415189454
000d7d20_2726,11746.622515474957
000d7d20_2727,11746.622093848839
000d7d20_2728,11746.614945957765
000d7d20_2729,11746.661194482402
000d7d20_2730,11746.62791744094
000d7d20_2731,11746.652992106934
000d7d20_2732,11746.653982681742
000d7d20_2733,11746.672514760456
000d7d20_2734,11746.671749239378
000d7d20_2735,11746.680331252479
000d7d20_2736,11746.660878101702
000d7d20_2737,11746.661781701412
000d7d20_2738,11746.68305177909
000d7d20_2739,11746.675903888017
000d7d20_2740,11746.695560348751
000d7d20_2741,11746.686822301122
000d7d20_2742,11746.71363418025
000d7d20_2743,11746.702452819025
000d7d20_2744,11746.711494884617
000d7d20_2745,11746.722889283277
000d7d20_2746,11746.710816999504
000d7d20_2747,11746.697371424716
000d7d20_2748,11746.680799896252
000d7d20_2749,11746.686290287955
000d7d20_2750,11746.684058778717
000d7d20_2751,11746.728495703625
000d7d20_2752,11746.699312213796
000d7d20_2753,11746.6864142388
000d7d20_2754,11746.663995351633
000d7d20_2755,11746.65684746056
000d7d20_2756,11746.664540839934
000d7d20_2757,11746.681817501778
000d7d20_2758,11746.712740098681
000d7d20_2759,11746.724988798795
000d7d20_2760,11746.71784090772
000d7d20_2761,11746.72284950316
000d7d20_2762,11746.75631612167
000d7d20_2763,11746.746676851812
000d7d20_2764,11746.757498473678
000d7d20_2765,11746.74543420077
000d7d20_2766,11746.33853159473
000d7d20_2767,11746.3669565186
000d7d20_2768,11746.359808627525
000d7d20_2769,11746.376973709475
000d7d20_2770,11746.364606740339
000d7d20_2771,11746.36469895394
000d7d20_2772,11746.38186403589
000d7d20_2773,11746.374716144815
000d7d20_2774,11746.379724740254
000d7d20_2775,11746.396889822205
000d7d20_2776,11746.417654071023
000d7d20_2777,11746.406713607928
000d7d20_2778,11746.39707433807
000d7d20_2779,11746.40208293351
000d7d20_2780,11746.449844939289
000d7d20_2781,11746.450356578855
000d7d20_2782,11746.460281556128
000d7d20_2783,11746.435681997269
000d7d20_2784,11746.440993288936
000d7d20_2785,11746.444732734593
000d7d20_2786,11746.461897816544
000d7d20_2787,11746.452065141533
000d7d20_2788,11746.490442992039
000d7d20_2789,11746.481839984694
000d7d20_2790,11746.47469209362
000d7d20_2791,11746.475667218903
000d7d20_2792,11746.466462824535
000d7d20_2793,11746.467453399344
000d7d20_2794,11746.472461994781
000d7d20_2795,11746.521925164805
000d7d20_2796,11746.477641768055
000d7d20_2797,11746.482650363494
000d7d20_2798,11746.499815445444
000d7d20_2799,11746.527311681262
000d7d20_2800,11746.49767614981
000d7d20_2801,11746.516126403267
000d7d20_2802,11746.457172253038
000d7d20_2803,11746.49737257516
000d7d20_2804,11746.488769567815
000d7d20_2805,11746.481621676743
000d7d20_2806,11746.512398361476
000d7d20_2807,11746.50379535413
000d7d20_2808,11746.494883356307
000d7d20_2809,11746.566770652002
000d7d20_2810,11746.539782711185
000d7d20_2811,11746.581070222028
000d7d20_2812,11746.50905206881
000d7d20_2813,11746.53435561664
000d7d20_2814,11746.548637931866
000d7d20_2815,11746.5252216921
000d7d20_2816,11746.57703090094
000d7d20_2817,11746.5597641439
000d7d20_2818,11746.574891605305
000d7d20_2819,11746.580945618529
000d7d20_2820,11746.64038689219
000d7d20_2821,11746.590962809405
000d7d20_2822,11746.63885527783
000d7d20_2823,11746.613136486792
000d7d20_2824,11746.644231317277
000d7d20_2825,11746.581909743038
000d7d20_2826,11746.64185741776
000d7d20_2827,11746.586013199478
000d7d20_2828,11746.629699391962
000d7d20_2829,11746.597638857456
000d7d20_2830,11746.654364448133
000d7d20_2831,11746.644725178277
000d7d20_2832,11746.615089646823
000d7d20_2833,11746.647630438307
000d7d20_2834,11746.639027430962
000d7d20_2835,11746.657647629183
000d7d20_2836,11746.644547665965
000d7d20_2837,11746.687480837209
000d7d20_2838,11746.518667983368
000d7d20_2839,11746.557583133981
000d7d20_2840,11746.572610459583
000d7d20_2841,11746.570192983854
000d7d20_2842,11746.568159457405
000d7d20_2843,11746.556765808276
000d7d20_2844,11746.58754249301
000d7d20_2845,11746.595119142647
000d7d20_2846,11746.613739340868
000d7d20_2847,11746.603812824305
000d7d20_2848,11746.57860386756
000d7d20_2849,11746.618746397018
000d7d20_2850,11746.635911478967
000d7d20_2851,11746.587368591252
000d7d20_2852,11746.621196270857
000d7d20_2853,11746.600436777
000d7d20_2854,11746.643369948244
000d7d20_2855,11746.638431911299
000d7d20_2856,11746.38045241622
000d7d20_2857,11746.411229100953
000d7d20_2858,11746.456306322794
000d7d20_2859,11746.395478202536
000d7d20_2860,11746.44620308368
000d7d20_2861,11746.413750016825
000d7d20_2862,11746.451243811238
000d7d20_2863,11746.470802997192
000d7d20_2864,11746.44725286155
000d7d20_2865,11746.466269597551
000d7d20_2866,11746.460901834958
000d7d20_2867,11746.436055655922
000d7d20_2868,11746.504377544816
000d7d20_2869,11746.490907937434
000d7d20_2870,11746.470460867284
000d7d20_2871,11746.501237552016
000d7d20_2872,11746.506246147455
000d7d20_2873,11746.408425572667
000d7d20_2874,11746.368843408827
000d7d20_2875,11746.408496131156
000d7d20_2876,11746.413081295199
000d7d20_2877,11746.36619093434
000d7d20_2878,11746.415790289055
000d7d20_2879,11746.434395609955
000d7d20_2880,11746.439404205394
000d7d20_2881,11746.418644711539
000d7d20_2882,11746.428917016998
000d7d20_2883,11746.441380866037
000d7d20_2884,11746.410674739796
000d7d20_2885,11746.441451424529
000d7d20_2886,11746.446460019966
000d7d20_2887,11746.451468615405
000d7d20_2888,11746.430709121549
000d7d20_2889,11746.471432438666
000d7d20_2890,11746.451004251267
000d7d20_2891,11746.465483977077
000d7d20_2892,11746.435253352849
000d7d20_2893,11746.467299187361
000d7d20_2894,11746.47103863302
000d7d20_2895,11746.485993860842
000d7d20_2896,11746.49107455406
000d7d20_2897,11746.470315060204
000d7d20_2898,11746.501091744936
000d7d20_2899,11746.501183958539
000d7d20_2900,11746.506192553976
000d7d20_2901,11746.43813920636
000d7d20_2902,11746.458969258707
000d7d20_2903,11746.463977854146
000d7d20_2904,11746.468986449585
000d7d20_2905,11746.473995045022
000d7d20_2906,11746.47900364046
000d7d20_2907,11746.437509741087
000d7d20_2908,11746.487109095802
000d7d20_2909,11746.482171058855
000d7d20_2910,11746.373507779294
000d7d20_2911,11746.37851637473
000d7d20_2912,11746.348880843278
000d7d20_2913,11746.388533565609
000d7d20_2914,11746.393542161046
000d7d20_2915,11746.40849738887
000d7d20_2916,11746.403559351922
000d7d20_2917,11746.382562965366
000d7d20_2918,11746.46401351637
000d7d20_2919,11746.480170946037
000d7d20_2920,11746.485179541476
000d7d20_2921,11746.419423595287
000d7d20_2922,11746.43837681658
000d7d20_2923,11746.443385412018
000d7d20_2924,11746.422625918161
000d7d20_2925,11746.45831898473
000d7d20_2926,11746.463327580168
000d7d20_2927,11746.452514718698
000d7d20_2928,11746.477906386035
000d7d20_2929,11746.44472890817
000d7d20_2930,11746.477025368295
000d7d20_2931,11746.457816548875
000d7d20_2932,11746.491147554898
000d7d20_2933,11746.480334693426
000d7d20_2934,11746.49956257292
000d7d20_2935,11746.481012933193
000d7d20_2936,11746.508164129644
000d7d20_2937,11746.502245906235
000d7d20_2938,11746.508448120447
000d7d20_2939,11746.498229779543
000d7d20_2940,11746.50362461308
000d7d20_2941,11746.529565596824
000d7d20_2942,11746.533626621462
000d7d20_2943,11746.52647873039
000d7d20_2944,11746.557255415122
000d7d20_2945,11746.503749796997
000d7d20_2946,11746.512298050027
000d7d20_2947,11746.526813252522
000d7d20_2948,11746.498057771727
000d7d20_2949,11746.52251502897
000d7d20_2950,11746.519053279864
000d7d20_2951,11746.553383927305
000d7d20_2952,11746.530845449379
000d7d20_2953,11746.528210535906
000d7d20_2954,11746.542641624324
000d7d20_2955,11746.542593075597
000d7d20_2956,11746.530613488969
000d7d20_2957,11746.54551721838
000d7d20_2958,11746.54105411124
000d7d20_2959,11746.59312481758
000d7d20_2960,11746.552409116448
000d7d20_2961,11746.590976366671
000d7d20_2962,11746.5921065594
000d7d20_2963,11746.607089825247
000d7d20_2964,11746.613021958894
000d7d20_2965,11746.62147236494
000d7d20_2966,11746.58249845458
000d7d20_2967,11746.609938042144
000d7d20_2968,11746.596398625803
000d7d20_2969,11746.601337412281
000d7d20_2970,11746.612565299407
000d7d20_2971,11746.614019932138
000d7d20_2972,11746.615015084582
000d7d20_2973,11746.616282034207
000d7d20_2974,11746.625320666571
000d7d20_2975,11746.629230056993
000d7d20_2976,11746.644761494837
000d7d20_2977,11746.653324052984
000d7d20_2978,11746.654778685715
000d7d20_2979,11746.64677935421
000d7d20_2980,11746.646424103825
000d7d20_2981,11746.664288419783
000d7d20_2982,11746.59053419784
000d7d20_2983,11746.60820568085
000d7d20_2984,11746.61489140794
000d7d20_2985,11746.61391474337
000d7d20_2986,11746.628568991579
000d7d20_2987,11746.623931934246
000d7d20_2988,11746.641017479757
000d7d20_2989,11746.61920684607
000d7d20_2990,11746.634956866068
000d7d20_2991,11746.633598541035
000d7d20_2992,11746.635847965941
000d7d20_2993,11746.638699350075
000d7d20_2994,11746.686182120013
000d7d20_2995,11746.68154506268
000d7d20_2996,11746.686553658117
000d7d20_2997,11746.665807324967
000d7d20_2998,11746.668658709103
000d7d20_2999,11746.683312957312
000d7d20_3000,11746.471425686355
000d7d20_3001,11746.458980897394
000d7d20_3002,11746.493519827305
000d7d20_3003,11746.424015941055
000d7d20_3004,11746.456123573662
000d7d20_3005,11746.434033131929
000d7d20_3006,11746.439041727368
000d7d20_3007,11746.471149359975
000d7d20_3008,11746.492330173736
000d7d20_3009,11746.497338769175
000d7d20_3010,11746.529446401784
000d7d20_3011,11746.507355960051
000d7d20_3012,11746.51236455549
000d7d20_3013,11746.5444721881
000d7d20_3014,11746.522381746367
000d7d20_3015,11746.557602744148
000d7d20_3016,11746.571677921313
000d7d20_3017,11746.53797229861
000d7d20_3018,11746.575733312568
000d7d20_3019,11746.470347048691
000d7d20_3020,11746.474828071498
000d7d20_3021,11746.460226071233
000d7d20_3022,11746.470151048507
000d7d20_3023,11746.504265402613
000d7d20_3024,11746.497007648257
000d7d20_3025,11746.505261215925
000d7d20_3026,11746.50472915432
000d7d20_3027,11746.51729428357
000d7d20_3028,11746.529045165691
000d7d20_3029,11746.509386021262
000d7d20_3030,11746.541493653871
000d7d20_3031,11746.556193106242
000d7d20_3032,11746.54791339449
000d7d20_3033,11746.507887772093
000d7d20_3034,11746.56506826542
000d7d20_3035,11746.577845682576
000d7d20_3036,11746.558197982236
000d7d20_3037,11746.58543157615
000d7d20_3038,11746.576485818256
000d7d20_3039,11746.581164251644
000d7d20_3040,11746.602888659765
000d7d20_3041,11746.593335220598
000d7d20_3042,11746.604954495662
000d7d20_3043,11746.574828584875
000d7d20_3044,11746.597964049513
000d7d20_3045,11746.636067814019
000d7d20_3046,11746.650722062228
000d7d20_3047,11746.612139539808
000d7d20_3048,11746.633013079703
000d7d20_3049,11746.625944725069
000d7d20_3050,11746.665987690929
000d7d20_3051,11746.661350633596
000d7d20_3052,11746.64527863974
000d7d20_3053,11746.658632266917
000d7d20_3054,11746.649078827748
000d7d20_3055,11746.659283613066
000d7d20_3056,11746.66401240046
000d7d20_3057,11746.668489417834
000d7d20_3058,11746.702590039029
000d7d20_3059,11746.702930017218
000d7d20_3060,11746.703553808886
000d7d20_3061,11746.718208057095
000d7d20_3062,11746.718487381597
000d7d20_3063,11746.731980626693
000d7d20_3064,11746.695982752406
000d7d20_3065,11746.729090026432
000d7d20_3066,11746.70926093724
000d7d20_3067,11746.717823495384
000d7d20_3068,11746.724115545718
000d7d20_3069,11746.717663455427
000d7d20_3070,11746.707969253928
000d7d20_3071,11746.739033185366
000d7d20_3072,11746.737950090741
000d7d20_3073,11746.73940472347
000d7d20_3074,11746.788236179626
000d7d20_3075,11746.811511262185
000d7d20_3076,11746.810055090169
000d7d20_3077,11746.811509722898
000d7d20_3078,11746.820072281045
000d7d20_3079,11746.780694394245
000d7d20_3080,11746.773191736325
000d7d20_3081,11746.818968192176
000d7d20_3082,11746.82753075032
000d7d20_3083,11746.828985383054
000d7d20_3084,11746.81212718009
000d7d20_3085,11746.822052157364
000d7d20_3086,11746.816099029475
000d7d20_3087,11746.824317120456
000d7d20_3088,11746.82166675746
000d7d20_3089,11746.839595160332
000d7d20_3090,11746.82280676633
000d7d20_3091,11746.840188713819
000d7d20_3092,11746.847688688042
000d7d20_3093,11746.830586725922
000d7d20_3094,11746.850298118297
000d7d20_3095,11746.851752751027
000d7d20_3096,11746.860315309174
000d7d20_3097,11746.86795547352
000d7d20_3098,11746.880086299489
000d7d20_3099,11746.907359375517
000d7d20_3100,11746.908814008248
000d7d20_3101,11746.912460184558
000d7d20_3102,11746.899446624233
000d7d20_3103,11746.895763431952
000d7d20_3104,11746.910137872117
000d7d20_3105,11746.90633165585
000d7d20_3106,11746.920155062993
000d7d20_3107,11746.689541252426
000d7d20_3108,11746.684431554102
000d7d20_3109,11746.690522760624
000d7d20_3110,11746.709907996383
000d7d20_3111,11746.727836399255
000d7d20_3112,11746.664037392764
000d7d20_3113,11746.685268560528
000d7d20_3114,11746.687785777183
000d7d20_3115,11746.736766006532
000d7d20_3116,11746.742837185893
000d7d20_3117,11746.747845781332
000d7d20_3118,11746.745195418334
000d7d20_3119,11746.757862972208
000d7d20_3120,11746.764155022542
000d7d20_3121,11746.769004545104
000d7d20_3122,11746.778520396096
000d7d20_3123,11746.779975028827
000d7d20_3124,11746.783896435543
000d7d20_3125,11746.79538238694
000d7d20_3126,11746.723585676897
000d7d20_3127,11746.717139880855
000d7d20_3128,11746.735116921118
000d7d20_3129,11746.687902120255
000d7d20_3130,11746.6964646784
000d7d20_3131,11746.749757613743
000d7d20_3132,11746.749785168227
000d7d20_3133,11746.755856347587
000d7d20_3134,11746.75594856119
000d7d20_3135,11746.762319575757
000d7d20_3136,11746.770882133902
000d7d20_3137,11746.783135411653
000d7d20_3138,11746.771537485485
000d7d20_3139,11746.777608664845
000d7d20_3140,11746.792040897673
000d7d20_3141,11746.784129685679
000d7d20_3142,11746.79263445116
000d7d20_3143,11746.797643046597
000d7d20_3144,11746.79909767933
000d7d20_3145,11746.802743855638
000d7d20_3146,11746.817176088467
000d7d20_3147,11746.818630721198
000d7d20_3148,11746.83210966118
000d7d20_3149,11746.832201874782
000d7d20_3150,11746.832761007328
000d7d20_3151,11746.83866510295
000d7d20_3152,11746.84425963589
000d7d20_3153,11746.855745587283
000d7d20_3154,11746.860073831464
000d7d20_3155,11746.871127768394
000d7d20_3156,11746.873644985048
000d7d20_3157,11746.82227311784
000d7d20_3158,11746.86317725161
000d7d20_3159,11746.871739809754
000d7d20_3160,11746.392413268779
000d7d20_3161,11746.406870106404
000d7d20_3162,11746.420345613158
000d7d20_3163,11746.496613707193
000d7d20_3164,11746.473710734943
000d7d20_3165,11746.47516365106
000d7d20_3166,11746.468487828774
000d7d20_3167,11746.47710531856
000d7d20_3168,11746.488828734859
000d7d20_3169,11746.51819379087
000d7d20_3170,11746.526757493424
000d7d20_3171,11746.539425619501
000d7d20_3172,11746.540879107823
000d7d20_3173,11746.551652664504
000d7d20_3174,11746.554451405817
000d7d20_3175,11746.54831173923
000d7d20_3176,11746.560913489575
000d7d20_3177,11746.540393749443
000d7d20_3178,11746.54540234488
000d7d20_3179,11746.556596471935
000d7d20_3180,11746.557952113271
000d7d20_3181,11746.561255539033
000d7d20_3182,11746.596751195017
000d7d20_3183,11746.604229997669
000d7d20_3184,11746.614912573821
000d7d20_3185,11746.62464357374
000d7d20_3186,11746.63650431914
000d7d20_3187,11746.720099492948
000d7d20_3188,11746.734473933113
000d7d20_3189,11746.729709274156
000d7d20_3190,11746.746700978114
000d7d20_3191,11746.749499719426
000d7d20_3192,11746.714857397812
000d7d20_3193,11746.719865993251
000d7d20_3194,11746.757010170659
000d7d20_3195,11746.7369235894
000d7d20_3196,11746.740124590538
000d7d20_3197,11746.73920686304
000d7d20_3198,11746.743701618758
000d7d20_3199,11746.760951386985
000d7d20_3200,11746.753628973513
000d7d20_3201,11746.769674823285
000d7d20_3202,11746.775624123067
000d7d20_3203,11746.769608052673
000d7d20_3204,11746.793244768534
000d7d20_3205,11746.816872901327
000d7d20_3206,11746.810618221618
000d7d20_3207,11746.822420029946
000d7d20_3208,11746.823504446307
000d7d20_3209,11746.801535884151
000d7d20_3210,11746.804704841834
000d7d20_3211,11746.81593272896
000d7d20_3212,11746.68028656976
000d7d20_3213,11746.669077742712
000d7d20_3214,11746.693230014907
000d7d20_3215,11746.64116749676
000d7d20_3216,11746.646176092197
000d7d20_3217,11746.656098780653
000d7d20_3218,11746.651122406
000d7d20_3219,11746.664057179416
000d7d20_3220,11746.682146943982
000d7d20_3221,11746.685244948294
000d7d20_3222,11746.685943698762
000d7d20_3223,11746.685187905161
000d7d20_3224,11746.723265348257
000d7d20_3225,11746.689130572113
000d7d20_3226,11746.703894111399
000d7d20_3227,11746.709510388111
000d7d20_3228,11746.708912522978
000d7d20_3229,11746.73734774653
000d7d20_3230,11746.729750102648
000d7d20_3231,11746.520407425503
000d7d20_3232,11746.529998235297
000d7d20_3233,11746.518919870898
000d7d20_3234,11746.525265136257
000d7d20_3235,11746.484448154912
000d7d20_3236,11746.537068749862
000d7d20_3237,11746.5420773453
000d7d20_3238,11746.560270678898
000d7d20_3239,11746.575960045211
000d7d20_3240,11746.575053189597
000d7d20_3241,11746.579452959353
000d7d20_3242,11746.598719748761
000d7d20_3243,11746.586642315146
000d7d20_3244,11746.591147370546
000d7d20_3245,11746.60979045695
000d7d20_3246,11746.598303538472
000d7d20_3247,11746.609789489867
000d7d20_3248,11746.621141545389
000d7d20_3249,11746.675277338092
000d7d20_3250,11746.615896895444
000d7d20_3251,11746.610112567909
000d7d20_3252,11746.615121163348
000d7d20_3253,11746.625840360593
000d7d20_3254,11746.635792803687
000d7d20_3255,11746.630356376541
000d7d20_3256,11746.647606716975
000d7d20_3257,11746.659001115637
000d7d20_3258,11746.668311545181
000d7d20_3259,11746.66797574975
000d7d20_3260,11746.62666323923
000d7d20_3261,11746.665227056226
000d7d20_3262,11746.677658289604
000d7d20_3263,11746.682666885043
000d7d20_3264,11746.677655033704
000d7d20_3265,11746.640404031363
000d7d20_3266,11746.66650981003
000d7d20_3267,11746.72284172395
000d7d20_3268,11746.728698326588
000d7d20_3269,11746.686343259307
000d7d20_3270,11746.759615862313
000d7d20_3271,11746.764624457752
000d7d20_3272,11746.776404522307
000d7d20_3273,11746.827928773262
000d7d20_3274,11746.838701757739
000d7d20_3275,11746.796346690457
000d7d20_3276,11746.792759628546
000d7d20_3277,11746.749798024399
000d7d20_3278,11746.802170282557
000d7d20_3279,11746.754050826237
000d7d20_3280,11746.810663120406
000d7d20_3281,11746.82310122024
000d7d20_3282,11746.780746152957
000d7d20_3283,11746.826625033429
000d7d20_3284,11746.794915260338
000d7d20_3285,11746.790606076236
000d7d20_3286,11746.84874272343
000d7d20_3287,11746.832609503683
000d7d20_3288,11746.889898143678
000d7d20_3289,11746.84262669456
000d7d20_3290,11746.86953699288
000d7d20_3291,11746.852643885435
000d7d20_3292,11746.851888091836
000d7d20_3293,11746.89553423
000d7d20_3294,11746.845046991086
000d7d20_3295,11746.912160383888
000d7d20_3296,11746.855420093218
000d7d20_3297,11746.918315193783
000d7d20_3298,11746.860520902257
000d7d20_3299,11746.92160669191
000d7d20_3300,11746.931337119624
000d7d20_3301,11746.8742409177
000d7d20_3302,11746.942396867264
000d7d20_3303,11746.735248022516
000d7d20_3304,11746.679340861727
000d7d20_3305,11746.750181595227
000d7d20_3306,11746.755190190666
000d7d20_3307,11746.701260568942
000d7d20_3308,11746.758267684276
000d7d20_3309,11746.768660724905
000d7d20_3310,11746.748441964386
000d7d20_3311,11746.69789178297
000d7d20_3312,11746.759629885853
000d7d20_3313,11746.754275856169
000d7d20_3314,11746.748826840523
000d7d20_3315,11746.75794043169
000d7d20_3316,11746.759182776517
000d7d20_3317,11746.769452220953
000d7d20_3318,11746.712819504746
000d7d20_3319,11746.783235662442
000d7d20_3320,11746.787026606511
000d7d20_3321,11746.583522705001
000d7d20_3322,11746.589862248316
000d7d20_3323,11746.596432962284
000d7d20_3324,11746.605988295392
000d7d20_3325,11746.594329715539
000d7d20_3326,11746.66873871686
000d7d20_3327,11746.62789083647
000d7d20_3328,11746.632899431906
000d7d20_3329,11746.581054923707
000d7d20_3330,11746.587281170512
000d7d20_3331,11746.610044129964
000d7d20_3332,11746.599954535095
000d7d20_3333,11746.65301687199
000d7d20_3334,11746.650720703634
000d7d20_3335,11746.66696167517
000d7d20_3336,11746.660737894508
000d7d20_3337,11746.681083861773
000d7d20_3338,11746.670755085386
000d7d20_3339,11746.691229226479
000d7d20_3340,11746.698021955828
000d7d20_3341,11746.705963671993
000d7d20_3342,11746.720338112158
000d7d20_3343,11746.72419657637
000d7d20_3344,11746.730355303034
000d7d20_3345,11746.742965064244
000d7d20_3346,11746.740673473525
000d7d20_3347,11746.738415070671
000d7d20_3348,11746.655750478854
000d7d20_3349,11746.679164607129
000d7d20_3350,11746.70229034429
000d7d20_3351,11746.714247792268
000d7d20_3352,11746.719967065806
000d7d20_3353,11746.769619063345
000d7d20_3354,11746.766648837982
000d7d20_3355,11746.776573815256
000d7d20_3356,11746.784381635547
000d7d20_3357,11746.789390230986
000d7d20_3358,11746.239825004403
000d7d20_3359,11746.374384152208
000d7d20_3360,11746.254733400114
000d7d20_3361,11746.384293768622
000d7d20_3362,11746.259489741991
000d7d20_3363,11746.394086655298
000d7d20_3364,11746.27275362171
000d7d20_3365,11746.277762217147
000d7d20_3366,11746.284668243006
000d7d20_3367,11746.28979356818
000d7d20_3368,11746.289885781782
000d7d20_3369,11746.24469830178
000d7d20_3370,11746.299902972658
000d7d20_3371,11746.304911568097
000d7d20_3372,11746.264903684043
000d7d20_3373,11746.322604311341
000d7d20_3374,11746.205287009563
000d7d20_3375,11746.210295605
000d7d20_3376,11746.21530420044
000d7d20_3377,11746.270508871316
000d7d20_3378,11746.225321391315
000d7d20_3379,11746.23869218463
000d7d20_3380,11746.226881398354
000d7d20_3381,11746.231889993793
000d7d20_3382,11746.257861876584
000d7d20_3383,11746.295082157201
000d7d20_3384,11746.243584404983
000d7d20_3385,11746.239973310481
000d7d20_3386,11746.270491930944
000d7d20_3387,11746.276846351577
000d7d20_3388,11746.278005154534
000d7d20_3389,11746.290434099094
000d7d20_3390,11746.295442694533
000d7d20_3391,11746.326096355278
000d7d20_3392,11746.305459885409
000d7d20_3393,11746.321050832532
000d7d20_3394,11746.31983727526
000d7d20_3395,11746.316215881074
000d7d20_3396,11746.338909031565
000d7d20_3397,11746.343917627004
000d7d20_3398,11746.348926222441
000d7d20_3399,11746.375639682381
000d7d20_3400,11746.359549950183
000d7d20_3401,11746.358187619719
000d7d20_3402,11746.37387698603
000d7d20_3403,11746.361201026415
000d7d20_3404,11746.414032192653
000d7d20_3405,11746.419040788092
000d7d20_3406,11746.424049383531
000d7d20_3407,11746.435847758632
000d7d20_3408,11746.443121139837
000d7d20_3409,11746.475628743454
000d7d20_3410,11746.444083765284
000d7d20_3411,11746.44909236072
000d7d20_3412,11746.27763534947
000d7d20_3413,11746.283949715782
000d7d20_3414,11746.33007235541
000d7d20_3415,11746.290145724408
000d7d20_3416,11746.289389930807
000d7d20_3417,11746.300162915284
000d7d20_3418,11746.312782976176
000d7d20_3419,11746.307692160603
000d7d20_3420,11746.362071712463
000d7d20_3421,11746.355532074867
000d7d20_3422,11746.321892827898
000d7d20_3423,11746.35616739929
000d7d20_3424,11746.388624648902
000d7d20_3425,11746.273131535356
000d7d20_3426,11746.283849588192
000d7d20_3427,11746.420433195837
000d7d20_3428,11746.295920993547
000d7d20_3429,11746.344309563348
000d7d20_3430,11746.326870572728
000d7d20_3431,11745.889401369705
000d7d20_3432,11745.929425452814
000d7d20_3433,11745.911081234532
000d7d20_3434,11745.944986161756
000d7d20_3435,11745.877718451042
000d7d20_3436,11745.972606654634
000d7d20_3437,11745.917831314526
000d7d20_3438,11745.99681223052
000d7d20_3439,11745.917991709137
000d7d20_3440,11746.022863738413
000d7d20_3441,11746.032865391102
000d7d20_3442,11745.985008004485
000d7d20_3443,11746.045050092966
000d7d20_3444,11746.0452212708
000d7d20_3445,11746.004871208403
000d7d20_3446,11746.060075879279
000d7d20_3447,11746.065084474718
000d7d20_3448,11746.015059577114
000d7d20_3449,11746.086077694035
000d7d20_3450,11746.086539551803
000d7d20_3451,11746.11377371792
000d7d20_3452,11746.08979214002
000d7d20_3453,11746.044604660017
000d7d20_3454,11746.099809330895
000d7d20_3455,11746.104817926334
000d7d20_3456,11746.147745375532
000d7d20_3457,11746.147837589133
000d7d20_3458,11746.152846184572
000d7d20_3459,11746.157854780009
000d7d20_3460,11746.162863375448
000d7d20_3461,11746.167871970887
000d7d20_3462,11746.128557598795
000d7d20_3463,11746.14997587746
000d7d20_3464,11746.158858297971
000d7d20_3465,11746.164909450174
000d7d20_3466,11746.16991804561
000d7d20_3467,11746.179583242001
000d7d20_3468,11746.201720209632
000d7d20_3469,11746.206122268206
000d7d20_3470,11746.206584125972
000d7d20_3471,11746.340770196386
000d7d20_3472,11746.221227018752
000d7d20_3473,11746.239800296198
000d7d20_3474,11746.243150642735
000d7d20_3475,11746.249817487074
000d7d20_3476,11746.376947130486
000d7d20_3477,11746.257403952852
000d7d20_3478,11746.264843273388
000d7d20_3479,11746.395709412773
000d7d20_3480,11746.259655843904
000d7d20_3481,11746.2711417953
000d7d20_3482,11746.270889541738
000d7d20_3483,11746.404052510345
000d7d20_3484,11746.286167581613
000d7d20_3485,11746.291176177052
000d7d20_3486,11746.324440235136
000d7d20_3487,11746.329448830575
000d7d20_3488,11746.32962000841
000d7d20_3489,11746.329445574673
000d7d20_3490,11746.32990743244
000d7d20_3491,11746.344645794725
000d7d20_3492,11746.338171388454
000d7d20_3493,11746.353357214726
000d7d20_3494,11746.387082469711
000d7d20_3495,11746.346577912072
000d7d20_3496,11746.359415410709
000d7d20_3497,11746.383856074019
000d7d20_3498,11746.392975387229
000d7d20_3499,11746.396678211793
000d7d20_3500,11746.425287957745
000d7d20_3501,11746.402885664513
000d7d20_3502,11746.22215092804
000d7d20_3503,11746.228377174846
000d7d20_3504,11746.259030835592
000d7d20_3505,11746.271859178954
000d7d20_3506,11746.293879416848
000d7d20_3507,11746.302868267414
000d7d20_3508,11746.280042542785
000d7d20_3509,11746.316001684487
000d7d20_3510,11746.322227931292
000d7d20_3511,11746.351178711178
000d7d20_3512,11746.322680150244
000d7d20_3513,11746.337536386673
000d7d20_3514,11746.36819004742
000d7d20_3515,11746.34755357755
000d7d20_3516,11746.337964089493
000d7d20_3517,11746.368870664666
000d7d20_3518,11746.346380251925
000d7d20_3519,11746.373971473706
000d7d20_3520,11746.350263409598
000d7d20_3521,11746.141254899936
000d7d20_3522,11746.102267828868
000d7d20_3523,11746.039433559317
000d7d20_3524,11746.13860414206
000d7d20_3525,11746.107242269358
000d7d20_3526,11746.127897227101
000d7d20_3527,11746.207901244903
000d7d20_3528,11746.238808964486
000d7d20_3529,11746.217022363391
000d7d20_3530,11746.249266752897
000d7d20_3531,11746.2493589665
000d7d20_3532,11746.226868553758
000d7d20_3533,11746.259376157375
000d7d20_3534,11746.241802126471
000d7d20_3535,11746.274309730088
000d7d20_3536,11746.179895489222
000d7d20_3537,11746.284326920964
000d7d20_3538,11746.290485647627
000d7d20_3539,11746.265802546899
000d7d20_3540,11746.298804535281
000d7d20_3541,11746.266077382428
000d7d20_3542,11746.241285562828
000d7d20_3543,11746.277200072573
000d7d20_3544,11746.281319462078
000d7d20_3545,11746.256500176656
000d7d20_3546,11746.287965223511
000d7d20_3547,11746.22620326536
000d7d20_3548,11746.297874839925
000d7d20_3549,11746.275384427185
000d7d20_3550,11746.304082292641
000d7d20_3551,11746.31515740114
000d7d20_3552,11746.32016599658
000d7d20_3553,11746.299164460183
000d7d20_3554,11746.331800237625
000d7d20_3555,11746.337851389828
000d7d20_3556,11746.342859985267
000d7d20_3557,11746.21153053749
000d7d20_3558,11746.149876153802
000d7d20_3559,11746.18878787119
000d7d20_3560,11746.245499728957
000d7d20_3561,11746.231176964531
000d7d20_3562,11746.23618555997
000d7d20_3563,11746.24119415541
000d7d20_3564,11746.230136390372
000d7d20_3565,11746.202856625216
000d7d20_3566,11746.207865220653
000d7d20_3567,11746.196293615896
000d7d20_3568,11746.266825358918
000d7d20_3569,11746.274098740123
000d7d20_3570,11746.294608357899
000d7d20_3571,11746.279826685393
000d7d20_3572,11746.28483528083
000d7d20_3573,11746.28984387627
000d7d20_3574,11746.300246072171
000d7d20_3575,11746.307519453376
000d7d20_3576,11746.245865069688
000d7d20_3577,11746.322638420375
000d7d20_3578,11746.327647015813
000d7d20_3579,11746.337571993088
000d7d20_3580,11746.35434969253
000d7d20_3581,11746.369112087406
000d7d20_3582,11746.36796032823
000d7d20_3583,11746.372968923668
000d7d20_3584,11746.38736167438
000d7d20_3585,11746.311992691084
000d7d20_3586,11746.383664265646
000d7d20_3587,11746.386524805055
000d7d20_3588,11746.385080077129
000d7d20_3589,11746.395005054403
000d7d20_3590,11746.400013649842
000d7d20_3591,11746.448105817668
000d7d20_3592,11746.444336794697
000d7d20_3593,11746.400241081054
000d7d20_3594,11746.338586697366
000d7d20_3595,11746.370485475298
000d7d20_3596,11746.384271689145
000d7d20_3597,11746.380502666176
000d7d20_3598,11746.354094940813
000d7d20_3599,11746.392867040278
000d7d20_3600,11746.404827921484
000d7d20_3601,11746.411891875809
000d7d20_3602,11746.35023749212
000d7d20_3603,11746.428521462925
000d7d20_3604,11746.410771193006
000d7d20_3605,11746.406895739983
000d7d20_3606,11746.430789375703
000d7d20_3607,11746.435043805493
000d7d20_3608,11746.44005240093
000d7d20_3609,11746.453838614778
000d7d20_3610,11746.450576565074
000d7d20_3611,11746.391629853506
000d7d20_3612,11746.472079046478
000d7d20_3613,11746.468310023509
000d7d20_3614,11746.427099365406
000d7d20_3615,11746.440885579254
000d7d20_3616,11746.430134515878
000d7d20_3617,11746.44611570653
000d7d20_3618,11746.44234668356
000d7d20_3619,11746.465325936348
000d7d20_3620,11746.391302778244
000d7d20_3621,11746.460884661647
000d7d20_3622,11746.447021949713
000d7d20_3623,11746.467603665267
000d7d20_3624,11746.484571336634
000d7d20_3625,11746.47217232404
000d7d20_3626,11746.489327678511
000d7d20_3627,11746.49081950454
000d7d20_3628,11746.494243093264
000d7d20_3629,11746.437505091413
000d7d20_3630,11746.387492782309
000d7d20_3631,11746.403011631653
000d7d20_3632,11746.407872598307
000d7d20_3633,11746.413560972798
000d7d20_3634,11746.41452064856
000d7d20_3635,11746.421313377909
000d7d20_3636,11746.423670377277
000d7d20_3637,11746.416850359434
000d7d20_3638,11746.367024589028
000d7d20_3639,11746.429386394915
000d7d20_3640,11746.443704759029
000d7d20_3641,11746.45620236814
000d7d20_3642,11746.4728576158
000d7d20_3643,11746.486643829647
000d7d20_3644,11746.499141438755
000d7d20_3645,11746.495372415786
000d7d20_3646,11746.45270263598
000d7d20_3647,11746.500206577488
000d7d20_3648,11746.505215172925
000d7d20_3649,11746.329795072685
000d7d20_3650,11746.34450482474
000d7d20_3651,11746.347857460096
000d7d20_3652,11746.337628247305
000d7d20_3653,11746.360551424043
000d7d20_3654,11746.375269186961
000d7d20_3655,11746.31300597759
000d7d20_3656,11746.379761170318
000d7d20_3657,11746.380908529183
000d7d20_3658,11746.39469474303
000d7d20_3659,11746.383113983
000d7d20_3660,11746.404461308295
000d7d20_3661,11746.534459985522
000d7d20_3662,11746.398211867092
000d7d20_3663,11746.348849582404
000d7d20_3664,11746.420521156968
000d7d20_3665,11746.543829618127
000d7d20_3666,11746.417034319524
000d7d20_3667,11746.36685607109
000d7d20_3668,11746.31464878518
000d7d20_3669,11746.450154359378
000d7d20_3670,11746.3314534669
000d7d20_3671,11746.451000255089
000d7d20_3672,11746.277380310486
000d7d20_3673,11746.474711446208
000d7d20_3674,11746.358976862326
000d7d20_3675,11746.472716918335
000d7d20_3676,11746.364471348124
000d7d20_3677,11746.48328228121
000d7d20_3678,11746.488290876647
000d7d20_3679,11746.367639910928
000d7d20_3680,11746.434217720232
000d7d20_3681,11746.497111676388
000d7d20_3682,11746.510897890235
000d7d20_3683,11746.52082286751
000d7d20_3684,11746.405088283627
000d7d20_3685,11746.530840058385
000d7d20_3686,11746.29278758815
000d7d20_3687,11746.319078761102
000d7d20_3688,11746.255264877293
000d7d20_3689,11746.335786168043
000d7d20_3690,11746.341291437066
000d7d20_3691,11746.326393034824
000d7d20_3692,11746.307948108533
000d7d20_3693,11746.3293663872
000d7d20_3694,11746.339158613007
000d7d20_3695,11746.342072939648
000d7d20_3696,11746.285334937795
000d7d20_3697,11746.34732252188
000d7d20_3698,11746.364252427744
000d7d20_3699,11746.361649557728
000d7d20_3700,11746.364082088103
000d7d20_3701,11746.375007278999
000d7d20_3702,11746.378811955981
000d7d20_3703,11746.387028330351
000d7d20_3704,11746.320170318122
000d7d20_3705,11746.395863346545
000d7d20_3706,11746.420229623256
000d7d20_3707,11746.437766065985
000d7d20_3708,11746.430246814132
000d7d20_3709,11746.4377650989
000d7d20_3710,11746.42484881336
000d7d20_3711,11746.417329561507
000d7d20_3712,11746.397383170373
000d7d20_3713,11746.444937465883
000d7d20_3714,11746.455206910321
000d7d20_3715,11746.464107641379
000d7d20_3716,11746.454989649903
000d7d20_3717,11746.458303375348
000d7d20_3718,11746.461490071371
000d7d20_3719,11746.475276285217
000d7d20_3720,11746.412662886636
000d7d20_3721,11746.441524402606
000d7d20_3722,11746.50110186096
000d7d20_3723,11746.172199323586
000d7d20_3724,11746.180842562579
000d7d20_3725,11746.17051378619
000d7d20_3726,11746.146176297034
000d7d20_3727,11746.112645768937
000d7d20_3728,11746.068056814936
000d7d20_3729,11746.1397283895
000d7d20_3730,11746.125751236648
000d7d20_3731,11746.204173680962
000d7d20_3732,11746.210842814122
000d7d20_3733,11746.198756225233
000d7d20_3734,11746.221366978265
000d7d20_3735,11746.14437522275
000d7d20_3736,11746.23138416914
000d7d20_3737,11746.221055392753
000d7d20_3738,11746.338392326814
000d7d20_3739,11746.250827374888
000d7d20_3740,11746.255229433462
000d7d20_3741,11746.140363456147
000d7d20_3742,11746.068133587229
000d7d20_3743,11745.878320252734
000d7d20_3744,11745.903582601835
000d7d20_3745,11745.893253825448
000d7d20_3746,11745.910429779284
000d7d20_3747,11745.919748219692
000d7d20_3748,11745.889423181708
000d7d20_3749,11745.832646269944
000d7d20_3750,11745.898444736598
000d7d20_3751,11745.897869759649
000d7d20_3752,11745.849578641952
000d7d20_3753,11745.905091158898
000d7d20_3754,11745.933775291447
000d7d20_3755,11745.87043175981
000d7d20_3756,11745.795277925437
000d7d20_3757,11745.939011801638
000d7d20_3758,11745.8577285117
000d7d20_3759,11745.794360947471
000d7d20_3760,11745.589423101257
000d7d20_3761,11745.789194117351
000d7d20_3762,11745.737903503194
000d7d20_3763,11745.895370289549
000d7d20_3764,11745.88596619578
000d7d20_3765,11745.723453886676
000d7d20_3766,11745.732692218444
000d7d20_3767,11745.83139473783
000d7d20_3768,11745.83640333327
000d7d20_3769,11745.764604906613
000d7d20_3770,11745.938616416479
000d7d20_3771,11745.910908642289
000d7d20_3772,11745.838329728573
000d7d20_3773,11745.84001610416
000d7d20_3774,11745.938718623549
000d7d20_3775,11745.781278335931
000d7d20_3776,11745.667293553684
000d7d20_3777,11745.343628977125
000d7d20_3778,11745.388411513602
000d7d20_3779,11745.506645664462
000d7d20_3780,11745.577363946179
000d7d20_3781,11745.582372541616
000d7d20_3782,11745.523710787933
000d7d20_3783,11745.595185524118
000d7d20_3784,11745.623537778005
000d7d20_3785,11745.613697664336
000d7d20_3786,11745.642604956674
000d7d20_3787,11745.642812755603
000d7d20_3788,11745.595124741543
000d7d20_3789,11745.635698141059
000d7d20_3790,11745.65369349187
000d7d20_3791,11745.66619110098
000d7d20_3792,11745.68355588233
000d7d20_3793,11745.68734797081
000d7d20_3794,11745.702110365688
000d7d20_3795,11745.624886295109
000d7d20_3796,11745.566433968306
000d7d20_3797,11745.571442563745
000d7d20_3798,11745.563701296513
000d7d20_3799,11745.581459754621
000d7d20_3800,11745.57406295455
000d7d20_3801,11745.510143785097
000d7d20_3802,11745.5915691591
000d7d20_3803,11745.589088740866
000d7d20_3804,11745.582712753785
000d7d20_3805,11745.58581247471
000d7d20_3806,11745.618325800373
000d7d20_3807,11745.560327804014
000d7d20_3808,11745.636653690712
000d7d20_3809,11745.64166228615
000d7d20_3810,11745.642886320431
000d7d20_3811,11745.654643496804
000d7d20_3812,11745.643719627642
000d7d20_3813,11745.666624493831
000d7d20_3814,11745.446795595373
000d7d20_3815,11745.50949156874
000d7d20_3816,11745.523475765374
000d7d20_3817,11745.53553392136
000d7d20_3818,11745.532539663405
000d7d20_3819,11745.521867564263
000d7d20_3820,11745.460213180575
000d7d20_3821,11745.481331624036
000d7d20_3822,11745.462858087516
000d7d20_3823,11745.370947813935
000d7d20_3824,11745.506100910106
000d7d20_3825,11745.521110497366
000d7d20_3826,11745.462914518219
000d7d20_3827,11745.531127688242
000d7d20_3828,11745.521113624378
000d7d20_3829,11745.535889752166
000d7d20_3830,11745.535637498604
000d7d20_3831,11745.414327353199
000d7d20_3832,11745.355088817289
000d7d20_3833,11745.402041153571
000d7d20_3834,11745.322633550279
000d7d20_3835,11745.432383051479
000d7d20_3836,11745.334419997747
000d7d20_3837,11745.353982044722
000d7d20_3838,11745.18190133047
000d7d20_3839,11745.283643400639
000d7d20_3840,11745.355162768781
000d7d20_3841,11745.354762886436
000d7d20_3842,11745.372128812198
000d7d20_3843,11745.386126741741
000d7d20_3844,11745.293758704489
000d7d20_3845,11745.388906688966
000d7d20_3846,11745.393915284403
000d7d20_3847,11745.34712677596
000d7d20_3848,11745.135750483703
000d7d20_3849,11745.248205368203
000d7d20_3850,11745.082654652728
000d7d20_3851,11745.153561761961
000d7d20_3852,11745.122178145486
000d7d20_3853,11745.241460575151
000d7d20_3854,11745.328660637875
000d7d20_3855,11745.204621076575
000d7d20_3856,11745.21945671364
000d7d20_3857,11745.300690971308
000d7d20_3858,11745.3027389802
000d7d20_3859,11745.190443345902
000d7d20_3860,11745.291345419733
000d7d20_3861,11745.29635401517
000d7d20_3862,11745.229140091687
000d7d20_3863,11745.297593587638
000d7d20_3864,11745.311430155489
000d7d20_3865,11745.416061858838
000d7d20_3866,11745.450680897391
000d7d20_3867,11745.454415765413
000d7d20_3868,11745.447310789683
000d7d20_3869,11744.96860165746
000d7d20_3870,11744.930174202484
000d7d20_3871,11744.94396041633
000d7d20_3872,11744.958069353564
000d7d20_3873,11744.943175528959
000d7d20_3874,11744.882323376107
000d7d20_3875,11744.953192719835
000d7d20_3876,11744.966978933682
000d7d20_3877,11744.97198752912
000d7d20_3878,11744.939881790451
000d7d20_3879,11745.013512593532
000d7d20_3880,11744.935105203862
000d7d20_3881,11744.97480999681
000d7d20_3882,11745.036488590416
000d7d20_3883,11745.060866311222
000d7d20_3884,11745.057097288252
000d7d20_3885,11745.070883502098
000d7d20_3886,11744.99247611243
000d7d20_3887,11745.007460522687
000d7d20_3888,11745.022289293294
000d7d20_3889,11745.017477713562
000d7d20_3890,11745.030041698405
000d7d20_3891,11745.026272675435
000d7d20_3892,11744.951106252563
000d7d20_3893,11745.039530833108
000d7d20_3894,11745.04899919112
000d7d20_3895,11745.063143605039
000d7d20_3896,11745.086683618323
000d7d20_3897,11745.082914595354
000d7d20_3898,11745.015974185666
000d7d20_3899,11745.070763436011
000d7d20_3900,11745.069137891434
000d7d20_3901,11745.072171236628
000d7d20_3902,11745.059766501989
000d7d20_3903,11745.08407784706
000d7d20_3904,11745.014448075799
000d7d20_3905,11745.002664755344
000d7d20_3906,11744.991766063184
000d7d20_3907,11745.03122366375
000d7d20_3908,11745.041742589388
000d7d20_3909,11745.05740334547
000d7d20_3910,11744.986139357901
000d7d20_3911,11745.051963001557
000d7d20_3912,11745.098082207958
000d7d20_3913,11745.038312666187
000d7d20_3914,11745.108099398833
000d7d20_3915,11745.113107994272
000d7d20_3916,11745.043478223011
000d7d20_3917,11745.106257738247
000d7d20_3918,11745.123072058785
000d7d20_3919,11745.128080654224
000d7d20_3920,11745.145998185208
000d7d20_3921,11745.15565880396
000d7d20_3922,11745.076460627548
000d7d20_3923,11745.139268753017
000d7d20_3924,11745.017270817692
000d7d20_3925,11745.064471490767
000d7d20_3926,11745.064955092308
000d7d20_3927,11745.068097156374
000d7d20_3928,11744.986496865095
000d7d20_3929,11745.066143827233
000d7d20_3930,11745.032797549013
000d7d20_3931,11745.063398566936
000d7d20_3932,11745.067517956442
000d7d20_3933,11745.07256775061
000d7d20_3934,11744.944376272806
000d7d20_3935,11745.008550822835
000d7d20_3936,11745.068035584045
000d7d20_3937,11745.065634130044
000d7d20_3938,11745.112837091936
000d7d20_3939,11745.117845687375
000d7d20_3940,11744.99806905027
000d7d20_3941,11745.128987832475
000d7d20_3942,11745.132338179012
000d7d20_3943,11745.083921176305
000d7d20_3944,11745.144013618788
000d7d20_3945,11745.109142987543
000d7d20_3946,11745.097068987157
000d7d20_3947,11745.134439185378
000d7d20_3948,11745.181724544731
000d7d20_3949,11745.144456376254
000d7d20_3950,11745.17646272865
000d7d20_3951,11745.120576167228
000d7d20_3952,11745.089268081758
000d7d20_3953,11745.137901555127
000d7d20_3954,11745.178637460744
000d7d20_3955,11745.146106001861
000d7d20_3956,11745.177505817392
000d7d20_3957,11745.138547356557
000d7d20_3958,11745.082619596404
000d7d20_3959,11745.185429400339
000d7d20_3960,11745.153940498218
000d7d20_3961,11745.195446591213
000d7d20_3962,11745.153633973883
000d7d20_3963,11745.089067068833
000d7d20_3964,11745.19645107626
000d7d20_3965,11745.121944977484
000d7d20_3966,11745.196190328294
000d7d20_3967,11745.230297815942
000d7d20_3968,11745.124550490971
000d7d20_3969,11745.190416477766
000d7d20_3970,11745.24374317318
000d7d20_3971,11745.210361418276
000d7d20_3972,11745.207070758344
000d7d20_3973,11745.151142998191
000d7d20_3974,11745.273732770387
000d7d20_3975,11745.238033586895
000d7d20_3976,11745.262707709677
000d7d20_3977,11745.18538521991
000d7d20_3978,11745.261588654825
000d7d20_3979,11745.194688299458
000d7d20_3980,11745.197104808103
000d7d20_3981,11745.1715645449
000d7d20_3982,11745.134296376422
000d7d20_3983,11745.242444849178
000d7d20_3984,11745.21219648661
000d7d20_3985,11745.225246845353
000d7d20_3986,11745.15966599377
000d7d20_3987,11745.235603925756
000d7d20_3988,11745.233733477615
000d7d20_3989,11745.290772636406
000d7d20_3990,11745.189226437535
000d7d20_3991,11745.259119600232
000d7d20_3992,11745.261795889763
000d7d20_3993,11745.256256465793
000d7d20_3994,11745.202247879834
000d7d20_3995,11745.271534505668
000d7d20_3996,11745.281459482942
000d7d20_3997,11745.24937205482
000d7d20_3998,11745.252524418569
000d7d20_3999,11745.244435250945
000d7d20_4000,11745.252006178536
000d7d20_4001,11745.313081668506
000d7d20_4002,11745.224479881865
000d7d20_4003,11745.29480906446
000d7d20_4004,11745.234194948716
000d7d20_4005,11745.15850667526
000d7d20_4006,11745.227793301092
000d7d20_4007,11745.23280189653
000d7d20_4008,11745.263630651882
000d7d20_4009,11745.215510051152
000d7d20_4010,11745.284796676986
000d7d20_4011,11745.376454213463
000d7d20_4012,11745.317184778507
000d7d20_4013,11745.383186949995
000d7d20_4014,11745.358429462669
000d7d20_4015,11745.394139123171
000d7d20_4016,11745.183488386334
000d7d20_4017,11745.254577456624
000d7d20_4018,11745.23460359967
000d7d20_4019,11745.191060635661
000d7d20_4020,11745.26458043105
000d7d20_4021,11745.264565070189
000d7d20_4022,11745.205295635233
000d7d20_4023,11745.274582261067
000d7d20_4024,11745.31722246356
000d7d20_4025,11745.251210169716
000d7d20_4026,11745.32049679555
000d7d20_4027,11745.312543812619
000d7d20_4028,11745.26442321189
000d7d20_4029,11745.344626356888
000d7d20_4030,11745.361311359187
000d7d20_4031,11745.30204192423
000d7d20_4032,11745.366067701063
000d7d20_4033,11745.376337145502
000d7d20_4034,11745.325769797946
000d7d20_4035,11745.394045910474
000d7d20_4036,11745.33562333831
000d7d20_4037,11745.39060256058
000d7d20_4038,11745.41150928834
000d7d20_4039,11745.352848679067
000d7d20_4040,11745.414022588227
000d7d20_4041,11745.42935032124
000d7d20_4042,11745.35908883611
000d7d20_4043,11745.433770206817
000d7d20_4044,11745.37441608558
000d7d20_4045,11745.432409681627
000d7d20_4046,11745.453827960293
000d7d20_4047,11745.390149116767
000d7d20_4048,11745.459435742601
000d7d20_4049,11745.469360719875
000d7d20_4050,11745.410697821782
000d7d20_4051,11745.4788480493
000d7d20_4052,11745.477634492028
000d7d20_4053,11745.480647237859
000d7d20_4054,11745.4213778029
000d7d20_4055,11745.495918411278
000d7d20_4056,11745.502585255617
000d7d20_4057,11745.44169762608
000d7d20_4058,11745.505538008629
000d7d20_4059,11745.512001148134
000d7d20_4060,11745.525917824627
000d7d20_4061,11745.447076703878
000d7d20_4062,11745.53006534082
000d7d20_4063,11745.522467124734
000d7d20_4064,11745.536895352132
000d7d20_4065,11745.517664216735
000d7d20_4066,11745.47126595182
000d7d20_4067,11745.545955333393
000d7d20_4068,11745.542869522702
000d7d20_4069,11745.51860985337
000d7d20_4070,11745.533668650223
000d7d20_4071,11745.545931655452
000d7d20_4072,11745.482210468786
000d7d20_4073,11745.018759744155
000d7d20_4074,11745.030968962154
000d7d20_4075,11745.050288394383
000d7d20_4076,11745.054688164138
000d7d20_4077,11745.059696759576
000d7d20_4078,11745.045742494905
000d7d20_4079,11745.013735175427
000d7d20_4080,11745.07184779003
000d7d20_4081,11745.07954803586
000d7d20_4082,11745.07340779707
000d7d20_4083,11745.085774943533
000d7d20_4084,11745.089127578887
000d7d20_4085,11745.091484578257
000d7d20_4086,11745.08373301134
000d7d20_4087,11745.092292708465
000d7d20_4088,11745.116872989693
000d7d20_4089,11745.046331124317
000d7d20_4090,11745.119803998929
000d7d20_4091,11745.076265612555
000d7d20_4092,11745.136298545762
000d7d20_4093,11745.139651181118
000d7d20_4094,11745.144659776555
000d7d20_4095,11745.171278250535
000d7d20_4096,11745.191192775537
000d7d20_4097,11745.189146088382
000d7d20_4098,11745.19415468382
000d7d20_4099,11745.213889536582
000d7d20_4100,11745.198480727846
000d7d20_4101,11745.205519505169
000d7d20_4102,11745.212035287497
000d7d20_4103,11745.224294859498
000d7d20_4104,11745.209435367167
000d7d20_4105,11745.159432213339
000d7d20_4106,11745.242497525694
000d7d20_4107,11745.234407213662
000d7d20_4108,11745.272935553974
000d7d20_4109,11745.244992031492
000d7d20_4110,11745.250000626931
000d7d20_4111,11745.250092840532
000d7d20_4112,11745.253625148129
000d7d20_4113,11745.258633743568
000d7d20_4114,11745.14724333693
000d7d20_4115,11745.247931406246
000d7d20_4116,11745.191494384007
000d7d20_4117,11745.242927082229
000d7d20_4118,11745.265695763726
000d7d20_4119,11745.174191755405
000d7d20_4120,11745.18041800221
000d7d20_4121,11745.212925605829
000d7d20_4122,11745.1936532717
000d7d20_4123,11745.200655427929
000d7d20_4124,11745.174302634208
000d7d20_4125,11745.23529000467
000d7d20_4126,11745.267191071422
000d7d20_4127,11745.126002538564
000d7d20_4128,11745.114255839202
000d7d20_4129,11745.129018234078
000d7d20_4130,11745.156688420093
000d7d20_4131,11745.143951806791
000d7d20_4132,11745.148960402228
000d7d20_4133,11745.15457782335
000d7d20_4134,11745.164299095792
000d7d20_4135,11745.163132459296
000d7d20_4136,11745.112162279709
000d7d20_4137,11745.19879471548
000d7d20_4138,11745.179374752568
000d7d20_4139,11745.17409854271
000d7d20_4140,11745.204896399011
000d7d20_4141,11745.189291896306
000d7d20_4142,11745.194300491743
000d7d20_4143,11745.19930908718
000d7d20_4144,11745.238812464113
000d7d20_4145,11745.133828460064
000d7d20_4146,11745.194815830528
000d7d20_4147,11745.199824425965
000d7d20_4148,11745.23047808671
000d7d20_4149,11745.224430545064
000d7d20_4150,11745.208113075438
000d7d20_4151,11745.308466977272
000d7d20_4152,11745.257496797687
000d7d20_4153,11745.319092993832
000d7d20_4154,11745.266061733313
000d7d20_4155,11745.239291230242
000d7d20_4156,11745.254053625118
000d7d20_4157,11745.259062220557
000d7d20_4158,11745.235705490068
000d7d20_4159,11745.297147190973
000d7d20_4160,11745.306617837803
000d7d20_4161,11745.363109969008
000d7d20_4162,11745.342473499139
000d7d20_4163,11745.355781349948
000d7d20_4164,11745.279669645093
000d7d20_4165,11745.322396822685
000d7d20_4166,11745.306468452181
000d7d20_4167,11744.629068142589
000d7d20_4168,11744.612809037833
000d7d20_4169,11744.513422339081
000d7d20_4170,11744.54861930427
000d7d20_4171,11744.545328644337
000d7d20_4172,11744.652330419096
000d7d20_4173,11744.643425287728
000d7d20_4174,11744.510503966783
000d7d20_4175,11744.653886509366
000d7d20_4176,11744.658895104805
000d7d20_4177,11744.610748182666
000d7d20_4178,11744.480278186184
000d7d20_4179,11744.446664116216
000d7d20_4180,11744.451672711655
000d7d20_4181,11744.455464800136
000d7d20_4182,11744.279560614812
000d7d20_4183,11744.452884334762
000d7d20_4184,11744.36250871389
000d7d20_4185,11744.462901525638
000d7d20_4186,11744.284655879132
000d7d20_4187,11744.31569635018
000d7d20_4188,11744.369641026551
000d7d20_4189,11744.371980859783
000d7d20_4190,11744.398713774679
000d7d20_4191,11744.47569197461
000d7d20_4192,11744.49660099119
000d7d20_4193,11744.589155744465
000d7d20_4194,11744.595003191833
000d7d20_4195,11744.707664069985
000d7d20_4196,11744.558558514422
000d7d20_4197,11744.630663820066
000d7d20_4198,11744.64089435459
000d7d20_4199,11744.685612804155
000d7d20_4200,11744.693446945857
000d7d20_4201,11744.759268300695
000d7d20_4202,11744.680713282241
000d7d20_4203,11744.675591567622
000d7d20_4204,11744.77429408701
000d7d20_4205,11744.702460183667
000d7d20_4206,11744.783504469415
000d7d20_4207,11744.608795047274
000d7d20_4208,11744.7934106526
000d7d20_4209,11744.802485333854
000d7d20_4210,11744.632118944552
000d7d20_4211,11744.7999071573
000d7d20_4212,11744.639249935477
000d7d20_4213,11744.63398059207
000d7d20_4214,11744.590889669687
000d7d20_4215,11744.574290675404
000d7d20_4216,11744.721822845671
000d7d20_4217,11744.770584492868
000d7d20_4218,11744.826927850878
000d7d20_4219,11744.770123473294
000d7d20_4220,11744.85458496485
000d7d20_4221,11744.792538048814
000d7d20_4222,11744.801605863613
000d7d20_4223,11744.79242721845
000d7d20_4224,11744.843536048873
000d7d20_4225,11744.786279629663
000d7d20_4226,11744.772456972049
000d7d20_4227,11744.91119550218
000d7d20_4228,11744.76480677401
000d7d20_4229,11744.704771729312
000d7d20_4230,11744.932500661664
000d7d20_4231,11744.869955927634
000d7d20_4232,11744.765268325562
000d7d20_4233,11744.796417515483
000d7d20_4234,11744.777550302206
000d7d20_4235,11744.649961928038
000d7d20_4236,11744.87712208903
000d7d20_4237,11744.900007500262
000d7d20_4238,11744.9739072395
000d7d20_4239,11744.792206621682
000d7d20_4240,11744.887578910357
000d7d20_4241,11744.930628811337
000d7d20_4242,11744.989025239418
000d7d20_4243,11744.807368109148
000d7d20_4244,11744.808500590694
000d7d20_4245,11744.62623692356
000d7d20_4246,11744.72122469075
000d7d20_4247,11744.732556146904
000d7d20_4248,11744.753270613925
000d7d20_4249,11744.634003238905
000d7d20_4250,11744.842105553826
000d7d20_4251,11744.662183347871
000d7d20_4252,11744.712928256176
000d7d20_4253,11744.871089698905
000d7d20_4254,11744.780211682404
000d7d20_4255,11744.857192171152
000d7d20_4256,11744.771211081534
000d7d20_4257,11744.798079036711
000d7d20_4258,11744.763224427194
000d7d20_4259,11744.627935323657
000d7d20_4260,11744.744272044096
000d7d20_4261,11744.821250244026
000d7d20_4262,11744.689788044787
000d7d20_4263,11744.449035913296
000d7d20_4264,11744.647592711248
000d7d20_4265,11744.49185416008
000d7d20_4266,11744.570138130885
000d7d20_4267,11744.437073758794
000d7d20_4268,11744.452630373642
000d7d20_4269,11744.593459739343
000d7d20_4270,11744.450243313418
000d7d20_4271,11744.556284928876
000d7d20_4272,11744.548702734519
000d7d20_4273,11744.463467799684
000d7d20_4274,11744.623763565532
000d7d20_4275,11744.543192098105
000d7d20_4276,11744.502026071961
000d7d20_4277,11744.53263395634
000d7d20_4278,11744.53239200246
000d7d20_4279,11744.524748010008
000d7d20_4280,11744.607811033547
000d7d20_4281,11744.457532458575
000d7d20_4282,11744.670495079281
000d7d20_4283,11744.65280431864
000d7d20_4284,11744.614586290545
000d7d20_4285,11744.521523596919
000d7d20_4286,11744.554547329077
000d7d20_4287,11744.626616013626
000d7d20_4288,11744.677847295832
000d7d20_4289,11744.587943171544
000d7d20_4290,11744.46346415712
000d7d20_4291,11744.614430699334
000d7d20_4292,11744.599972894626
000d7d20_4293,11744.545198698926
000d7d20_4294,11744.522120059868
000d7d20_4295,11744.541870934358
000d7d20_4296,11744.686354398571
000d7d20_4297,11744.47093834191
000d7d20_4298,11744.540408073211
000d7d20_4299,11744.48789866328
000d7d20_4300,11744.463206407276
000d7d20_4301,11744.540186896025
000d7d20_4302,11744.486374004036
000d7d20_4303,11744.631954956652
000d7d20_4304,11744.45931462631
000d7d20_4305,11744.53629282624
000d7d20_4306,11744.633075027024
000d7d20_4307,11744.634903309352
000d7d20_4308,11744.509535088995
000d7d20_4309,11744.680207212876
000d7d20_4310,11744.685215808313
000d7d20_4311,11744.690224403752
000d7d20_4312,11744.531834256515
000d7d20_4313,11744.527870683984
000d7d20_4314,11744.689352057741
000d7d20_4315,11744.69436065318
000d7d20_4316,11744.575116166343
000d7d20_4317,11744.700677969178
000d7d20_4318,11744.773495097332
000d7d20_4319,11744.828938949728
000d7d20_4320,11744.761075001832
000d7d20_4321,11744.757477640238
000d7d20_4322,11744.844934050618
000d7d20_4323,11744.86584077838
000d7d20_4324,11744.702189782143
000d7d20_4325,11744.875857969257
000d7d20_4326,11744.856669177
000d7d20_4327,11744.734918434058
000d7d20_4328,11744.637933850176
000d7d20_4329,11744.595170228817
000d7d20_4330,11744.757543097327
000d7d20_4331,11744.677157024185
000d7d20_4332,11744.71827516247
000d7d20_4333,11744.768871297581
000d7d20_4334,11744.773879893019
000d7d20_4335,11744.728164840386
000d7d20_4336,11744.787594669955
000d7d20_4337,11744.628541909802
000d7d20_4338,11744.724979643424
000d7d20_4339,11744.725997684052
000d7d20_4340,11744.71688999226
000d7d20_4341,11744.672393735404
000d7d20_4342,11744.81833632132
000d7d20_4343,11744.731915778575
000d7d20_4344,11744.59725266686
000d7d20_4345,11744.758734040617
000d7d20_4346,11744.670048712105
000d7d20_4347,11744.675057307544
000d7d20_4348,11744.554922470365
000d7d20_4349,11744.780074193244
000d7d20_4350,11744.684509821152
000d7d20_4351,11744.801383269496
000d7d20_4352,11744.69873958222
000d7d20_4353,11744.797442101608
000d7d20_4354,11744.72271513186
000d7d20_4355,11744.653884158208
000d7d20_4356,11744.718788841292
000d7d20_4357,11744.718866177574
000d7d20_4358,11744.606600297915
000d7d20_4359,11744.672726065593
000d7d20_4360,11744.676029491355
000d7d20_4361,11744.753562729737
000d7d20_4362,11744.75323494517
000d7d20_4363,11744.703795985066
000d7d20_4364,11744.720041534241
000d7d20_4365,11744.71503082731
000d7d20_4366,11744.793880136249
000d7d20_4367,11744.745658827513
000d7d20_4368,11744.816928714456
000d7d20_4369,11744.91214879671
000d7d20_4370,11744.825728253963
000d7d20_4371,11744.237238237953
000d7d20_4372,11744.2440057903
000d7d20_4373,11744.237644680537
000d7d20_4374,11744.254022981175
000d7d20_4375,11744.256460089187
000d7d20_4376,11744.286842524958
000d7d20_4377,11744.473305206699
000d7d20_4378,11744.461981938734
000d7d20_4379,11744.26872393261
000d7d20_4380,11744.305819472627
000d7d20_4381,11744.290101673412
000d7d20_4382,11744.33798326995
000d7d20_4383,11744.4406580336
000d7d20_4384,11744.41299145814
000d7d20_4385,11744.529290413077
000d7d20_4386,11744.45249664035
000d7d20_4387,11744.48516560566
000d7d20_4388,11744.465180304614
000d7d20_4389,11744.47766875845
000d7d20_4390,11744.54634999183
000d7d20_4391,11744.478900320055
000d7d20_4392,11744.498916697476
000d7d20_4393,11744.50261952204
000d7d20_4394,11744.594710789597
000d7d20_4395,11744.520470193751
000d7d20_4396,11744.509181258061
000d7d20_4397,11744.59835542662
000d7d20_4398,11744.528576882165
000d7d20_4399,11744.533585477604
000d7d20_4400,11744.617843264325
000d7d20_4401,11744.531651603416
000d7d20_4402,11744.64348850696
000d7d20_4403,11744.64809083714
000d7d20_4404,11744.573850241293
000d7d20_4405,11744.628670390686
000d7d20_4406,11744.671388413004
000d7d20_4407,11744.586084813618
000d7d20_4408,11744.827445948118
000d7d20_4409,11744.760907226053
000d7d20_4410,11744.679004810749
000d7d20_4411,11744.714244119077
000d7d20_4412,11744.844570097328
000d7d20_4413,11744.770329501482
000d7d20_4414,11744.809874077146
000d7d20_4415,11744.790100491797
000d7d20_4416,11744.86962729097
000d7d20_4417,11744.747546958186
000d7d20_4418,11744.877997677037
000d7d20_4419,11744.798672471206
000d7d20_4420,11744.90294711889
000d7d20_4421,11744.816178675754
000d7d20_4422,11744.90416952522
000d7d20_4423,11744.909178120659
000d7d20_4424,11744.819574975983
000d7d20_4425,11744.916930525767
000d7d20_4426,11744.85244372936
000d7d20_4427,11744.93186409848
000d7d20_4428,11744.85180074873
000d7d20_4429,11744.935950960988
000d7d20_4430,11744.796704490507
000d7d20_4431,11744.888451290903
000d7d20_4432,11744.89345988634
000d7d20_4433,11744.822829901455
000d7d20_4434,11744.907087688178
000d7d20_4435,11744.821971771897
000d7d20_4436,11744.908817067775
000d7d20_4437,11744.829660090094
000d7d20_4438,11744.926667739488
000d7d20_4439,11744.581355518885
000d7d20_4440,11744.680950677433
000d7d20_4441,11744.687903624068
000d7d20_4442,11744.668595813255
000d7d20_4443,11744.28816053052
000d7d20_4444,11744.332449826641
000d7d20_4445,11744.369013216392
000d7d20_4446,11744.377967734681
000d7d20_4447,11744.422259319621
000d7d20_4448,11744.340734559348
000d7d20_4449,11744.459940313598
000d7d20_4450,11744.375376002543
000d7d20_4451,11744.459633789265
000d7d20_4452,11744.400633290465
000d7d20_4453,11744.574560114052
000d7d20_4454,11744.581681288837
000d7d20_4455,11744.841696292966
000d7d20_4456,11744.729404091895
000d7d20_4457,11744.824633329423
000d7d20_4458,11744.749682055477
000d7d20_4459,11744.88056421659
000d7d20_4460,11744.810977932877
000d7d20_4461,11744.89307049743
000d7d20_4462,11744.74676416672
000d7d20_4463,11744.89354102693
000d7d20_4464,11744.83947979815
000d7d20_4465,11744.92495523624
000d7d20_4466,11744.849496989027
000d7d20_4467,11744.925218627677
000d7d20_4468,11744.859514179901
000d7d20_4469,11744.925333245921
000d7d20_4470,11744.84314816155
000d7d20_4471,11744.917673892607
000d7d20_4472,11744.849969017589
000d7d20_4473,11744.87333164745
000d7d20_4474,11744.950502108122
000d7d20_4475,11744.882132331368
000d7d20_4476,11744.962691387622
000d7d20_4477,11744.882395722805
000d7d20_4478,11744.967871160896
000d7d20_4479,11744.88352886522
000d7d20_4480,11744.966451126431
000d7d20_4481,11744.912183903996
000d7d20_4482,11744.990170328414
000d7d20_4483,11744.85719407583
000d7d20_4484,11745.004919651248
000d7d20_4485,11744.914704247663
000d7d20_4486,11744.919712843102
000d7d20_4487,11745.011150653017
000d7d20_4488,11744.957625007733
000d7d20_4489,11745.066999142722
000d7d20_4490,11745.016141115235
000d7d20_4491,11745.094127539653
000d7d20_4492,11745.005062267293
000d7d20_4493,11745.088665451965
000d7d20_4494,11745.040195806436
000d7d20_4495,11745.013188410663
000d7d20_4496,11745.10841764819
000d7d20_4497,11744.961837803688
000d7d20_4498,11745.106489496051
000d7d20_4499,11744.984862349302
000d7d20_4500,11745.031125751259
000d7d20_4501,11744.948177345963
000d7d20_4502,11744.929306699458
000d7d20_4503,11745.027420992528
000d7d20_4504,11744.94569138301
000d7d20_4505,11745.037438183404
000d7d20_4506,11744.950447724888
000d7d20_4507,11744.968206182997
000d7d20_4508,11744.993113765251
000d7d20_4509,11744.9876018071
000d7d20_4510,11745.071859593823
000d7d20_4511,11744.997618997977
000d7d20_4512,11745.051230651276
000d7d20_4513,11745.131073307384
000d7d20_4514,11745.064321725209
000d7d20_4515,11745.16203089743
000d7d20_4516,11745.087790301583
000d7d20_4517,11745.009152885668
000d7d20_4518,11745.159143246854
000d7d20_4519,11744.871161348517
000d7d20_4520,11744.968168997912
000d7d20_4521,11744.893928402065
000d7d20_4522,11744.978186188788
000d7d20_4523,11744.899730733932
000d7d20_4524,11744.897772166285
000d7d20_4525,11745.00038627625
000d7d20_4526,11744.921815236068
000d7d20_4527,11744.959848047205
000d7d20_4528,11744.931325453677
000d7d20_4529,11744.936709415328
000d7d20_4530,11745.022856621605
000d7d20_4531,11744.946351239993
000d7d20_4532,11745.040362826152
000d7d20_4533,11744.961299690023
000d7d20_4534,11745.029147793519
000d7d20_4535,11744.967500276285
000d7d20_4536,11744.967592489887
000d7d20_4537,11745.064600139282
000d7d20_4538,11744.839032028787
000d7d20_4539,11744.867311040485
000d7d20_4540,11744.424789270932
000d7d20_4541,11744.509047057654
000d7d20_4542,11744.428935642718
000d7d20_4543,11744.519064248532
000d7d20_4544,11744.448886305272
000d7d20_4545,11744.441384219559
000d7d20_4546,11744.53720854986
000d7d20_4547,11744.454955945348
000d7d20_4548,11744.539822557754
000d7d20_4549,11744.465412589348
000d7d20_4550,11744.55493122507
000d7d20_4551,11744.474212128858
000d7d20_4552,11744.540930700492
000d7d20_4553,11744.483100932284
000d7d20_4554,11744.568576370373
000d7d20_4555,11744.493118123159
000d7d20_4556,11744.524316522675
000d7d20_4557,11744.504837050485
000d7d20_4558,11744.606714160938
000d7d20_4559,11744.531255913726
000d7d20_4560,11744.300584882698
000d7d20_4561,11744.401844012194
000d7d20_4562,11744.331489829923
000d7d20_4563,11744.416965268012
000d7d20_4564,11744.3415070208
000d7d20_4565,11744.388459357082
000d7d20_4566,11744.279414989263
000d7d20_4567,11744.399636978866
000d7d20_4568,11744.308395040247
000d7d20_4569,11744.426980524724
000d7d20_4570,11744.353180526412
000d7d20_4571,11744.43363544143
000d7d20_4572,11744.34949570618
000d7d20_4573,11744.447962477278
000d7d20_4574,11744.373721881431
000d7d20_4575,11744.468186653627
000d7d20_4576,11744.3941978278
000d7d20_4577,11744.437737535909
000d7d20_4578,11744.378225486205
000d7d20_4579,11744.447754726785
000d7d20_4580,11744.37351413094
000d7d20_4581,11744.40240196832
000d7d20_4582,11744.4627805131
000d7d20_4583,11744.415222961688
000d7d20_4584,11744.515424657102
000d7d20_4585,11744.425846689428
000d7d20_4586,11744.510104476152
000d7d20_4587,11744.440052417904
000d7d20_4588,11744.500552270056
000d7d20_4589,11744.419273557754
000d7d20_4590,11744.507156832758
000d7d20_4591,11744.441118217503
000d7d20_4592,11744.528556317335
000d7d20_4593,11744.382302629449
000d7d20_4594,11744.539573721835
000d7d20_4595,11744.467597911756
000d7d20_4596,11744.53983940209
000d7d20_4597,11744.531168874604
000d7d20_4598,11744.4908680218
000d7d20_4599,11744.58487960796
000d7d20_4600,11744.506314289825
000d7d20_4601,11744.589965539682
000d7d20_4602,11744.515724943836
000d7d20_4603,11744.594137088468
000d7d20_4604,11744.521180519721
000d7d20_4605,11744.597949292773
000d7d20_4606,11744.600687380398
000d7d20_4607,11744.52559877735
000d7d20_4608,11744.61242919591
000d7d20_4609,11744.526966523646
000d7d20_4610,11744.62702745673
000d7d20_4611,11744.63237136406
000d7d20_4612,11744.536032226953
000d7d20_4613,11744.636792394047
000d7d20_4614,11744.632408823347
000d7d20_4615,11744.564603240318
000d7d20_4616,11744.651818180362
000d7d20_4617,11744.65681075407
000d7d20_4618,11744.595098005515
000d7d20_4619,11744.655679110718
000d7d20_4620,11744.68346488206
000d7d20_4621,11744.671401181356
000d7d20_4622,11744.686163576233
000d7d20_4623,11744.425288153725
000d7d20_4624,11744.484503978778
000d7d20_4625,11744.495400559446
000d7d20_4626,11744.514040212624
000d7d20_4627,11744.505155680621
000d7d20_4628,11744.510164276058
000d7d20_4629,11744.52380514994
000d7d20_4630,11744.503771783708
000d7d20_4631,11744.521234984248
000d7d20_4632,11744.511097324194
000d7d20_4633,11744.53251560286
000d7d20_4634,11744.480422757868
000d7d20_4635,11744.477727190708
000d7d20_4636,11744.468842658705
000d7d20_4637,11744.473851254143
000d7d20_4638,11744.476595063814
000d7d20_4639,11744.478289450268
000d7d20_4640,11744.471219951225
000d7d20_4641,11744.489930557771
000d7d20_4642,11744.490181844249
000d7d20_4643,11744.50405961083
000d7d20_4644,11744.386174682098
000d7d20_4645,11744.099553486276
000d7d20_4646,11744.123522653003
000d7d20_4647,11744.109570677152
000d7d20_4648,11744.131882739388
000d7d20_4649,11744.113163154894
000d7d20_4650,11744.030150662686
000d7d20_4651,11744.146402696844
000d7d20_4652,11744.16030106279
000d7d20_4653,11744.152760067163
000d7d20_4654,11744.034106095463
000d7d20_4655,11744.152191473127
000d7d20_4656,11744.154648036096
000d7d20_4657,11744.058559524601
000d7d20_4658,11743.951654057539
000d7d20_4659,11743.844917963035
000d7d20_4660,11743.986800185183
000d7d20_4661,11743.973891910504
000d7d20_4662,11743.881200005453
000d7d20_4663,11743.986122388733
000d7d20_4664,11743.877120364054
000d7d20_4665,11743.870696311787
000d7d20_4666,11743.998232220458
000d7d20_4667,11743.83744339158
000d7d20_4668,11743.964219412555
000d7d20_4669,11743.792705180844
000d7d20_4670,11743.852469177895
000d7d20_4671,11743.964308370256
000d7d20_4672,11743.857569986934
000d7d20_4673,11743.849655913915
000d7d20_4674,11743.859926502762
000d7d20_4675,11743.97668207696
000d7d20_4676,11743.874860075473
000d7d20_4677,11743.872267505141
000d7d20_4678,11743.882192482415
000d7d20_4679,11743.887201077854
000d7d20_4680,11743.919494676953
000d7d20_4681,11743.924503272392
000d7d20_4682,11743.903222500154
000d7d20_4683,11744.02524006776
000d7d20_4684,11743.923566839469
000d7d20_4685,11743.909056391938
000d7d20_4686,11743.914277847482
000d7d20_4687,11743.931765080617
000d7d20_4688,11743.942985529082
000d7d20_4689,11743.94965351783
000d7d20_4690,11743.94679086693
000d7d20_4691,11743.897044060757
000d7d20_4692,11743.956808057806
000d7d20_4693,11743.972770937913
000d7d20_4694,11743.978999473537
000d7d20_4695,11744.01212620252
000d7d20_4696,11743.974860322862
000d7d20_4697,11743.997721701502
000d7d20_4698,11744.00359547028
000d7d20_4699,11744.036527649703
000d7d20_4700,11744.012747487817
000d7d20_4701,11744.01897602344
000d7d20_4702,11744.022764678693
000d7d20_4703,11744.052194966025
000d7d20_4704,11744.02908542792
000d7d20_4705,11744.032874083172
000d7d20_4706,11744.034316699606
000d7d20_4707,11743.948630867553
000d7d20_4708,11744.016204312846
000d7d20_4709,11744.034304949299
000d7d20_4710,11744.02955860089
000d7d20_4711,11744.064555294472
000d7d20_4712,11744.032324815204
000d7d20_4713,11744.14245426025
000d7d20_4714,11744.025425349586
000d7d20_4715,11744.139628891313
000d7d20_4716,11744.087188145932
000d7d20_4717,11744.208860101964
000d7d20_4718,11744.089716323135
000d7d20_4719,11744.202464176386
000d7d20_4720,11744.222714013278
000d7d20_4721,11744.228894483716
000d7d20_4722,11744.042747836236
000d7d20_4723,11744.159503410434
000d7d20_4724,11744.161827221935
000d7d20_4725,11744.287422212637
000d7d20_4726,11744.24393303586
000d7d20_4727,11744.248941631296
000d7d20_4728,11743.814048493337
000d7d20_4729,11743.867511373443
000d7d20_4730,11743.879461954966
000d7d20_4731,11743.897972289906
000d7d20_4732,11743.875290760832
000d7d20_4733,11743.905339029121
000d7d20_4734,11743.89138705327
000d7d20_4735,11743.929489673366
000d7d20_4736,11743.937592751226
000d7d20_4737,11743.921747922594
000d7d20_4738,11743.927880327847
000d7d20_4739,11743.93152707636
000d7d20_4740,11743.92776949748
000d7d20_4741,11743.927516099513
000d7d20_4742,11743.936147894412
000d7d20_4743,11743.951561458112
000d7d20_4744,11743.93571662948
000d7d20_4745,11743.946948522036
000d7d20_4746,11743.969253717816
000d7d20_4747,11743.9434502405
000d7d20_4748,11743.963933536867
000d7d20_4749,11744.016393914531
000d7d20_4750,11743.959851606649
000d7d20_4751,11743.960818148864
000d7d20_4752,11743.929212517007
000d7d20_4753,11743.977829968646
000d7d20_4754,11743.974351625608
000d7d20_4755,11743.998993704932
000d7d20_4756,11744.022161785235
000d7d20_4757,11743.996131714901
000d7d20_4758,11744.0122433682
000d7d20_4759,11744.016032023454
000d7d20_4760,11744.04608258056
000d7d20_4761,11744.021629506078
000d7d20_4762,11744.045028757035
000d7d20_4763,11744.035379759698
000d7d20_4764,11744.041608295322
000d7d20_4765,11744.039127877088
000d7d20_4766,11744.049902005972
000d7d20_4767,11744.080140246188
000d7d20_4768,11744.097439796216
000d7d20_4769,11744.092595028616
000d7d20_4770,11744.024194352814
000d7d20_4771,11744.102612219493
000d7d20_4772,11744.106403163563
000d7d20_4773,11744.050634476287
000d7d20_4774,11744.043690862252
000d7d20_4775,11744.056188471362
000d7d20_4776,11744.039753127592
000d7d20_4777,11744.041207188118
000d7d20_4778,11743.981382714708
000d7d20_4779,11743.986391310147
000d7d20_4780,11743.994942996404
000d7d20_4781,11743.934667625777
000d7d20_4782,11743.967414410914
000d7d20_4783,11744.000225282964
000d7d20_4784,11744.01498882225
000d7d20_4785,11744.021201336145
000d7d20_4786,11744.038960938662
000d7d20_4787,11743.964719198408
000d7d20_4788,11744.029747477683
000d7d20_4789,11744.042245086794
000d7d20_4790,11743.944421650982
000d7d20_4791,11744.039005441733
000d7d20_4792,11743.995527709045
000d7d20_4793,11743.977261310587
000d7d20_4794,11743.992455147723
000d7d20_4795,11744.046721403076
000d7d20_4796,11743.984885058328
000d7d20_4797,11744.069143989458
000d7d20_4798,11743.98327276312
000d7d20_4799,11744.035504258949
000d7d20_4800,11743.98160782509
000d7d20_4801,11744.046906184933
000d7d20_4802,11744.078364365332
000d7d20_4803,11743.992676244461
000d7d20_4804,11744.07452504986
000d7d20_4805,11744.11044642606
000d7d20_4806,11744.036204685804
000d7d20_4807,11744.07680669555
000d7d20_4808,11744.125472212374
000d7d20_4809,11744.037275546583
000d7d20_4810,11744.108783470634
000d7d20_4811,11744.127806500886
000d7d20_4812,11744.077462313122
000d7d20_4813,11744.118325248159
000d7d20_4814,11743.988433178314
000d7d20_4815,11743.896949769358
000d7d20_4816,11743.994646353078
000d7d20_4817,11743.999654948515
000d7d20_4818,11743.930936126962
000d7d20_4819,11744.014588521228
000d7d20_4820,11743.97594019528
000d7d20_4821,11744.024605712104
000d7d20_4822,11743.95036397185
000d7d20_4823,11743.979995675198
000d7d20_4824,11744.04688247498
000d7d20_4825,11744.047581225448
000d7d20_4826,11743.99623682406
000d7d20_4827,11743.97540694904
000d7d20_4828,11744.09847737309
000d7d20_4829,11744.074253180443
000d7d20_4830,11744.079261775882
000d7d20_4831,11744.12753132713
000d7d20_4832,11744.012047368858
000d7d20_4833,11744.11057708246
000d7d20_4834,11744.103438918864
000d7d20_4835,11743.90051294399
000d7d20_4836,11743.8827912843
000d7d20_4837,11743.886978193948
000d7d20_4838,11743.866965427082
000d7d20_4839,11743.794508965148
000d7d20_4840,11743.91088001786
000d7d20_4841,11743.925643557146
000d7d20_4842,11743.917901145505
000d7d20_4843,11743.935660748022
000d7d20_4844,11743.839462373246
000d7d20_4845,11743.874271383724
000d7d20_4846,11743.88903492301
000d7d20_4847,11743.894043518447
000d7d20_4848,11743.876296681756
000d7d20_4849,11743.823949777929
000d7d20_4850,11743.888886504468
000d7d20_4851,11743.886060474662
000d7d20_4852,11743.878704873325
000d7d20_4853,11743.875988706799
000d7d20_4854,11743.845252825919
000d7d20_4855,11743.903673286592
000d7d20_4856,11743.900288785106
000d7d20_4857,11743.799071031666
000d7d20_4858,11743.806652258942
000d7d20_4859,11743.768003932993
000d7d20_4860,11743.84524992467
000d7d20_4861,11743.839187505704
000d7d20_4862,11743.834555598212
000d7d20_4863,11743.859172500535
000d7d20_4864,11743.787384373562
000d7d20_4865,11743.846470880377
000d7d20_4866,11743.864230482895
000d7d20_4867,11743.868621097376
000d7d20_4868,11743.862959221624
000d7d20_4869,11743.794125959152
000d7d20_4870,11743.852464022362
000d7d20_4871,11743.848868949588
000d7d20_4872,11743.880327129988
000d7d20_4873,11743.814160340904
000d7d20_4874,11743.87930077228
000d7d20_4875,11743.89179838139
000d7d20_4876,11743.896806976829
000d7d20_4877,11743.910117116455
000d7d20_4878,11743.855332621073
000d7d20_4879,11743.925050689168
000d7d20_4880,11743.921757740416
000d7d20_4881,11743.926766335855
000d7d20_4882,11743.888118009905
000d7d20_4883,11743.937596057249
000d7d20_4884,11743.961164680764
000d7d20_4885,11743.948105344072
000d7d20_4886,11743.90799675201
000d7d20_4887,11743.971441168982
000d7d20_4888,11743.972966182877
000d7d20_4889,11743.979192429682
000d7d20_4890,11743.941997503392
000d7d20_4891,11743.998964564405
000d7d20_4892,11743.990755233819
000d7d20_4893,11744.008981755283
000d7d20_4894,11744.018453546521
000d7d20_4895,11743.971503676385
000d7d20_4896,11744.039450199069
000d7d20_4897,11744.01458513728
000d7d20_4898,11743.950249402884
000d7d20_4899,11743.965079317903
000d7d20_4900,11743.995853141612
000d7d20_4901,11744.059579083241
000d7d20_4902,11744.040433778533
000d7d20_4903,11743.947155935983
000d7d20_4904,11744.043408275318
000d7d20_4905,11743.98851849429
000d7d20_4906,11744.00424104847
000d7d20_4907,11743.940768198594
000d7d20_4908,11743.940356872157
000d7d20_4909,11743.958148518133
000d7d20_4910,11744.030871804734
000d7d20_4911,11743.931208158961
000d7d20_4912,11744.013105029546
000d7d20_4913,11743.93886328929
000d7d20_4914,11744.023122220422
000d7d20_4915,11743.968223284122
000d7d20_4916,11744.033658973065
000d7d20_4917,11744.062805446922
000d7d20_4918,11743.979598405153
000d7d20_4919,11743.993247289898
000d7d20_4920,11744.014847529623
000d7d20_4921,11743.989073806946
000d7d20_4922,11744.099075078166
000d7d20_4923,11744.01812252248
000d7d20_4924,11743.723955092528
000d7d20_4925,11743.816515567849
000d7d20_4926,11743.742475243609
000d7d20_4927,11743.781832136166
000d7d20_4928,11743.747374636634
000d7d20_4929,11743.867902183489
000d7d20_4930,11743.749090283321
000d7d20_4931,11743.786423860449
000d7d20_4932,11743.80787532698
000d7d20_4933,11743.878337261041
000d7d20_4934,11743.778973450473
000d7d20_4935,11743.806357534193
000d7d20_4936,11743.793907023186
000d7d20_4937,11743.786084502903
000d7d20_4938,11743.885392414746
000d7d20_4939,11743.749359445243
000d7d20_4940,11743.816159269929
000d7d20_4941,11743.821167865368
000d7d20_4942,11743.903879555288
000d7d20_4943,11743.86518774179
000d7d20_4944,11743.765526384836
000d7d20_4945,11743.852687537648
000d7d20_4946,11743.847515469024
000d7d20_4947,11743.925026963632
000d7d20_4948,11743.785560766588
000d7d20_4949,11743.854239711149
000d7d20_4950,11743.85096965058
000d7d20_4951,11743.891264958665
000d7d20_4952,11743.81791585757
000d7d20_4953,11743.847817641485
000d7d20_4954,11743.905585788925
000d7d20_4955,11743.887758843592
000d7d20_4956,11743.832278547428
000d7d20_4957,11743.905603793257
000d7d20_4958,11743.90781545266
000d7d20_4959,11743.904895581301
000d7d20_4960,11743.844029695538
000d7d20_4961,11743.931277823447
000d7d20_4962,11743.933876293153
000d7d20_4963,11743.942444001139
000d7d20_4964,11743.895452932273
000d7d20_4965,11743.963818308715
000d7d20_4966,11743.944904174661
000d7d20_4967,11743.950365956134
000d7d20_4968,11743.877733255187
000d7d20_4969,11743.948838347205
000d7d20_4970,11743.938404285174
000d7d20_4971,11743.953593544675
000d7d20_4972,11743.906989286108
000d7d20_4973,11743.952809801713
000d7d20_4974,11743.95352228509
000d7d20_4975,11743.973174740393
000d7d20_4976,11743.918747300673
000d7d20_4977,11743.992422735711
000d7d20_4978,11743.998202662937
000d7d20_4979,11743.961433456861
000d7d20_4980,11744.031849614556
000d7d20_4981,11744.025711664584
000d7d20_4982,11744.026769759534
000d7d20_4983,11743.997912998526
000d7d20_4984,11744.034026635469
000d7d20_4985,11744.062154585154
000d7d20_4986,11744.033366488698
000d7d20_4987,11744.020213310454
000d7d20_4988,11744.074914441293
000d7d20_4989,11744.068490389025
000d7d20_4990,11744.070789023526
000d7d20_4991,11744.040247692208
000d7d20_4992,11744.097214753223
000d7d20_4993,11744.095041036648
000d7d20_4994,11744.098930399909
000d7d20_4995,11744.093625579819
000d7d20_4996,11744.044931630091
000d7d20_4997,11744.09385807221
000d7d20_4998,11744.125000395676
000d7d20_4999,11744.090176685204
000d7d20_5000,11744.113539315067
000d7d20_5001,11744.088067716413
000d7d20_5002,11744.123556505943
000d7d20_5003,11744.138745765444
000d7d20_5004,11744.11652428886
000d7d20_5005,11744.139607682882
000d7d20_5006,11744.110489996583
000d7d20_5007,11744.145978786113
000d7d20_5008,11744.16725630245
000d7d20_5009,11744.157719457213
000d7d20_5010,11744.156250696695
000d7d20_5011,11744.11885206557
000d7d20_5012,11744.178524509885
000d7d20_5013,11744.183533105323
000d7d20_5014,11744.165577986161
000d7d20_5015,11744.183069796933
000d7d20_5016,11744.154613579138
000d7d20_5017,11744.14893110402
000d7d20_5018,11744.114501070308
000d7d20_5019,11744.164210288305
000d7d20_5020,11744.163956890334
000d7d20_5021,11744.153962281427
000d7d20_5022,11744.177931448154
000d7d20_5023,11744.179174937392
000d7d20_5024,11744.183059723015
000d7d20_5025,11744.148034596528
000d7d20_5026,11744.197965829906
000d7d20_5027,11744.184013854056
000d7d20_5028,11744.261790851593
000d7d20_5029,11744.266799447032
000d7d20_5030,11744.253891172353
000d7d20_5031,11744.27786033908
000d7d20_5032,11744.282868934519
000d7d20_5033,11744.33925463567
000d7d20_5034,11744.291842424223
000d7d20_5035,11744.159695868293
000d7d20_5036,11744.164704463732
000d7d20_5037,11744.168669357998
000d7d20_5038,11744.267489751532
000d7d20_5039,11744.191952540084
000d7d20_5040,11744.199126357691
000d7d20_5041,11744.229433262455
000d7d20_5042,11744.312387567123
000d7d20_5043,11744.225591658165
000d7d20_5044,11744.275561801456
000d7d20_5045,11744.32767427873
000d7d20_5046,11744.25325629946
000d7d20_5047,11744.259484835085
000d7d20_5048,11744.341983664897
000d7d20_5049,11744.268348461508
000d7d20_5050,11744.341032838196
000d7d20_5051,11744.266326467814
000d7d20_5052,11744.268625102315
000d7d20_5053,11744.369292572264
000d7d20_5054,11744.2933914387
000d7d20_5055,11744.344535745808
000d7d20_5056,11744.310064513364
000d7d20_5057,11744.413576984534
000d7d20_5058,11744.229838173967
000d7d20_5059,11744.14946011169
000d7d20_5060,11744.208670214697
000d7d20_5061,11744.13225638582
000d7d20_5062,11744.23730236529
000d7d20_5063,11744.225215776401
000d7d20_5064,11744.14975409596
000d7d20_5065,11744.23523296728
000d7d20_5066,11744.235931717745
000d7d20_5067,11744.175795965039
000d7d20_5068,11744.248098109061
000d7d20_5069,11744.251886764314
000d7d20_5070,11744.27150488734
000d7d20_5071,11744.202520562856
000d7d20_5072,11744.219925398529
000d7d20_5073,11744.181277072581
000d7d20_5074,11744.285574608448
000d7d20_5075,11744.286106275176
000d7d20_5076,11744.35371634156
000d7d20_5077,11744.26800075487
000d7d20_5078,11744.343401958951
000d7d20_5079,11744.34585852192
000d7d20_5080,11744.41852458806
000d7d20_5081,11744.437231761378
000d7d20_5082,11744.433412384406
000d7d20_5083,11744.444850270615
000d7d20_5084,11744.319288645105
000d7d20_5085,11744.322486785222
000d7d20_5086,11744.312228962202
000d7d20_5087,11744.303275765647
000d7d20_5088,11744.228388578616
000d7d20_5089,11744.328822589094
000d7d20_5090,11744.286965339805
000d7d20_5091,11744.342215787048
000d7d20_5092,11744.341060594646
000d7d20_5093,11744.267109534321
000d7d20_5094,11744.305814113646
000d7d20_5095,11744.29940379429
000d7d20_5096,11744.335107732746
000d7d20_5097,11744.204167384092
000d7d20_5098,11744.348288070596
000d7d20_5099,11744.282881169207
000d7d20_5100,11744.279856012203
000d7d20_5101,11744.289710036108
000d7d20_5102,11744.411885532181
000d7d20_5103,11744.377505852473
000d7d20_5104,11744.365435285314
000d7d20_5105,11744.389404452042
000d7d20_5106,11744.29937902038
000d7d20_5107,11744.399421642916
000d7d20_5108,11744.345639649977
000d7d20_5109,11744.410590109428
000d7d20_5110,11744.337460734896
000d7d20_5111,11744.390259857679
000d7d20_5112,11744.419548238273
000d7d20_5113,11744.307062632051
000d7d20_5114,11744.426610564646
000d7d20_5115,11744.431619160085
000d7d20_5116,11744.422929177643
000d7d20_5117,11744.40878265223
000d7d20_5118,11744.435555621447
000d7d20_5119,11744.403666176115
000d7d20_5120,11744.31459518171
000d7d20_5121,11744.399593401171
000d7d20_5122,11744.419101660915
000d7d20_5123,11744.424091945806
000d7d20_5124,11744.424829606187
000d7d20_5125,11744.429810735804
000d7d20_5126,11744.345743098333
000d7d20_5127,11744.44578572087
000d7d20_5128,11744.39718103506
000d7d20_5129,11744.403643030155
000d7d20_5130,11744.395474898298
000d7d20_5131,11744.416351871421
000d7d20_5132,11744.324678490542
000d7d20_5133,11744.413675275677
000d7d20_5134,11744.418683871116
000d7d20_5135,11744.408856345948
000d7d20_5136,11744.417998547342
000d7d20_5137,11744.339101350544
000d7d20_5138,11744.412213736266
000d7d20_5139,11744.261944316568
000d7d20_5140,11744.446293274556
000d7d20_5141,11744.438125142698
000d7d20_5142,11744.24964390049
000d7d20_5143,11744.44899835164
000d7d20_5144,11744.454613483944
000d7d20_5145,11744.362713510047
000d7d20_5146,11744.464024137955
000d7d20_5147,11744.278037707758
000d7d20_5148,11744.36229663889
000d7d20_5149,11744.39905572261
000d7d20_5150,11744.292926164972
000d7d20_5151,11744.478453864413
000d7d20_5152,11744.30308068495
000d7d20_5153,11744.382684159538
000d7d20_5154,11744.407127111666
000d7d20_5155,11744.389995967114
000d7d20_5156,11744.440437606985
000d7d20_5157,11744.482856938506
000d7d20_5158,11744.470207300303
000d7d20_5159,11744.456687911123
000d7d20_5160,11744.451245761931
000d7d20_5161,11744.392806023629
000d7d20_5162,11744.48402982903
000d7d20_5163,11744.470510439847
000d7d20_5164,11744.451680992071
000d7d20_5165,11744.376759472765
000d7d20_5166,11744.472238191494
000d7d20_5167,11744.472591330388
000d7d20_5168,11744.489114970993
000d7d20_5169,11744.508959687037
000d7d20_5170,11744.396785360112
000d7d20_5171,11744.467867563948
000d7d20_5172,11744.472876159387
000d7d20_5173,11744.409650501895
000d7d20_5174,11744.496175363201
000d7d20_5175,11744.485121031394
000d7d20_5176,11744.50239540442
000d7d20_5177,11744.441424233013
000d7d20_5178,11744.524378537679
000d7d20_5179,11744.444760363098
000d7d20_5180,11744.473936591592
000d7d20_5181,11744.465425136983
000d7d20_5182,11744.351744767577
000d7d20_5183,11744.491436590553
000d7d20_5184,11744.496445185992
000d7d20_5185,11744.467835617368
000d7d20_5186,11744.399185460365
000d7d20_5187,11744.503038965471
000d7d20_5188,11744.521663741329
000d7d20_5189,11744.462040683935
000d7d20_5190,11744.405866875808
000d7d20_5191,11744.49012580694
000d7d20_5192,11744.490396548374
000d7d20_5193,11744.441901725844
000d7d20_5194,11744.453753888178
000d7d20_5195,11744.381549196261
000d7d20_5196,11744.49477312373
000d7d20_5197,11744.484879222831
000d7d20_5198,11744.507056244784
000d7d20_5199,11744.51206484022
000d7d20_5200,11744.416244120473
000d7d20_5201,11744.511166656343
000d7d20_5202,11744.51617525178
000d7d20_5203,11744.526743387012
000d7d20_5204,11744.483110014677
000d7d20_5205,11744.385114917488
000d7d20_5206,11744.452290108386
000d7d20_5207,11744.443737455045
000d7d20_5208,11744.497447527534
000d7d20_5209,11744.51727393303
000d7d20_5210,11744.42699444253
000d7d20_5211,11744.512473313847
000d7d20_5212,11744.533261023054
000d7d20_5213,11744.538269618493
000d7d20_5214,11744.527499100162
000d7d20_5215,11744.560893620894
000d7d20_5216,11744.486793787377
000d7d20_5217,11744.566928267825
000d7d20_5218,11744.573152225812
000d7d20_5219,11744.496763573934
000d7d20_5220,11744.58288789203
000d7d20_5221,11744.601910922283
000d7d20_5222,11744.516522636617
000d7d20_5223,11744.610813458617
000d7d20_5224,11744.531192995219
000d7d20_5225,11744.464003104327
000d7d20_5226,11744.477299511045
000d7d20_5227,11744.482308106484
000d7d20_5228,11744.487298391376
000d7d20_5229,11744.407764903073
000d7d20_5230,11744.441669830298
000d7d20_5231,11744.445856739945
000d7d20_5232,11744.462011880794
000d7d20_5233,11744.558788359533
000d7d20_5234,11744.545268970352
000d7d20_5235,11744.577113961053
000d7d20_5236,11744.475722257419
000d7d20_5237,11744.56182139851
000d7d20_5238,11744.633649757134
000d7d20_5239,11744.649251003939
000d7d20_5240,11744.654259599378
000d7d20_5241,11744.652282721183
000d7d20_5242,11744.643956660859
000d7d20_5243,11744.601968948924
000d7d20_5244,11744.605588231618
000d7d20_5245,11744.555948999907
000d7d20_5246,11744.639477797982
000d7d20_5247,11744.643980564564
000d7d20_5248,11744.58407827133
000d7d20_5249,11744.634343672187
000d7d20_5250,11744.59470428789
000d7d20_5251,11744.55054448733
000d7d20_5252,11744.633967999762
000d7d20_5253,11744.694940492906
000d7d20_5254,11744.587220206507
000d7d20_5255,11744.61727763007
000d7d20_5256,11744.676906586838
000d7d20_5257,11744.689514059228
000d7d20_5258,11744.699139201297
000d7d20_5259,11744.693001251326
000d7d20_5260,11744.65521352108
000d7d20_5261,11744.72499338727
000d7d20_5262,11744.71652313139
000d7d20_5263,11744.620661212912
000d7d20_5264,11744.677216286622
000d7d20_5265,11744.647144163066
000d7d20_5266,11744.660605364705
000d7d20_5267,11744.828387855407
000d7d20_5268,11744.740788571205
000d7d20_5269,11744.777767381489
000d7d20_5270,11744.701982977658
000d7d20_5271,11744.732138820411
000d7d20_5272,11744.828555954668
000d7d20_5273,11744.752480870906
000d7d20_5274,11744.812730097448
000d7d20_5275,11744.686619155533
000d7d20_5276,11744.942081699946
000d7d20_5277,11744.908519128392
00bbac68_1545,12225.517686901794
00bbac68_1546,12225.515152818174
00bbac68_1547,12225.510510589795
00bbac68_1548,12225.548710606517
00bbac68_1549,12225.508141797709
00bbac68_1550,12225.489734472663
00bbac68_1551,12225.541224942343
00bbac68_1552,12225.515400701406
00bbac68_1553,12225.519319225894
00bbac68_1554,12225.497567651124
00bbac68_1555,12225.474937170104
00bbac68_1556,12225.467793978514
00bbac68_1557,12225.46816912608
00bbac68_1558,12225.468268041881
00bbac68_1559,12225.549963761347
00bbac68_1560,12225.514699718238
00bbac68_1561,12225.520433275686
00bbac68_1562,12225.460522521229
00bbac68_1563,12225.509347948031
00bbac68_1564,12225.561188320817
00bbac68_1565,12225.48785722296
00bbac68_1566,12225.557669540554
00bbac68_1567,12225.464696375744
00bbac68_1568,12225.463634860636
00bbac68_1569,12225.46420813404
00bbac68_1570,12225.482737044425
00bbac68_1571,12225.534566974477
00bbac68_1572,12225.563874216616
00bbac68_1573,12225.609265700623
00bbac68_1574,12225.587940704376
00bbac68_1575,12225.564158947722
00bbac68_1576,12225.582421067715
00bbac68_1577,12225.619866775736
00bbac68_1578,12225.630299563378
00bbac68_1579,12225.602404800133
00bbac68_1580,12225.623652254522
00bbac68_1581,12225.644219643757
00bbac68_1582,12225.626576927096
00bbac68_1583,12225.67637996544
00bbac68_1584,12225.63904125154
00bbac68_1585,12225.681925191984
00bbac68_1586,12225.678456984371
00bbac68_1587,12225.683647805765
00bbac68_1588,12225.638946535408
00bbac68_1589,12225.661563561483
00bbac68_1590,12225.690391153126
00bbac68_1591,12225.676186670795
00bbac68_1592,12225.738111577271
00bbac68_1593,12225.734882551178
00bbac68_1594,12225.731841780394
00bbac68_1595,12225.685159394696
00bbac68_1596,12225.884509390056
00bbac68_1597,12225.781105221673
00bbac68_1598,12225.829698333411
00bbac68_1599,12225.848777275456
00bbac68_1600,12225.83808913338
00bbac68_1601,12225.856618043765
00bbac68_1602,12225.838693659394
00bbac68_1603,12225.883423960997
00bbac68_1604,12225.868482193051
00bbac68_1605,12225.693213705821
00bbac68_1606,12225.691421628504
00bbac68_1607,12225.686007925286
00bbac68_1608,12225.702609078406
00bbac68_1609,12225.733965957386
00bbac68_1610,12225.733580931155
00bbac68_1611,12225.895094041063
00bbac68_1612,12225.901542568146
00bbac68_1613,12225.927593393964
00bbac68_1614,12225.945100633053
00bbac68_1615,12225.975956689967
00bbac68_1616,12225.941703875422
00bbac68_1617,12225.985539249046
00bbac68_1618,12226.032299589482
00bbac68_1619,12225.989737935139
00bbac68_1620,12225.929850068866
00bbac68_1621,12226.007327209993
00bbac68_1622,12225.937234790115
00bbac68_1623,12225.982245328916
00bbac68_1624,12225.977075957057
00bbac68_1625,12225.975331086618
00bbac68_1626,12225.971403112617
00bbac68_1627,12225.991239796593
00bbac68_1628,12225.983014136968
00bbac68_1629,12226.01668644182
00bbac68_1630,12226.046281216768
00bbac68_1631,12226.037835258376
00bbac68_1632,12226.052613081572
00bbac68_1633,12225.91451514755
00bbac68_1634,12225.882954412547
00bbac68_1635,12225.885257603479
00bbac68_1636,12225.89097156292
00bbac68_1637,12225.876851337714
00bbac68_1638,12225.869471253422
00bbac68_1639,12225.8450577829
00bbac68_1640,12225.912089043137
00bbac68_1641,12225.886813117248
00bbac68_1642,12225.902318355527
00bbac68_1643,12225.938930790615
00bbac68_1644,12225.891956723626
00bbac68_1645,12225.95291746537
00bbac68_1646,12225.987847905066
00bbac68_1647,12225.957804513586
00bbac68_1648,12225.86912073743
00bbac68_1649,12225.904156605822
00bbac68_1650,12225.882427633132
00bbac68_1651,12226.041906698774
00bbac68_1652,12225.993551043804
00bbac68_1653,12226.040826654476
00bbac68_1654,12226.047057743814
00bbac68_1655,12226.014256326209
00bbac68_1656,12226.013663303609
00bbac68_1657,12225.977506335239
00bbac68_1658,12225.940203956332
00bbac68_1659,12225.994539999436
00bbac68_1660,12225.96434897917
00bbac68_1661,12226.071153751294
00bbac68_1662,12226.036520706799
00bbac68_1663,12226.00256930102
00bbac68_1664,12226.049856784935
00bbac68_1665,12226.10573620687
00bbac68_1666,12226.053279990758
00bbac68_1667,12226.01078528435
00bbac68_1668,12226.048250876482
00bbac68_1669,12226.067695600312
00bbac68_1670,12226.05505566838
00bbac68_1671,12226.075654099714
00bbac68_1672,12226.062819904322
00bbac68_1673,12226.048824276666
00bbac68_1674,12226.049587521997
00bbac68_1675,12226.077386575887
00bbac68_1676,12226.096795679981
00bbac68_1677,12226.093604705493
00bbac68_1678,12226.124291675951
00bbac68_1679,12226.047084321151
00bbac68_1680,12226.106802663679
00bbac68_1681,12226.165102224926
00bbac68_1682,12226.184641934717
00bbac68_1683,12226.181998130867
00bbac68_1684,12226.182414048011
00bbac68_1685,12226.198715079823
00bbac68_1686,12226.20713642528
00bbac68_1687,12226.206555848132
00bbac68_1688,12226.207340121979
00bbac68_1689,12226.217151781539
00bbac68_1690,12226.306649081434
00bbac68_1691,12226.258825004526
00bbac68_1692,12226.24833241337
00bbac68_1693,12226.311555079857
00bbac68_1694,12226.334585237646
00bbac68_1695,12226.335621567616
00bbac68_1696,12226.317697469349
00bbac68_1697,12226.292754280428
00bbac68_1698,12226.367656787002
00bbac68_1699,12226.40544109709
00bbac68_1700,12226.414573692851
00bbac68_1701,12226.445391269008
00bbac68_1702,12226.428257385278
00bbac68_1703,12226.426142155418
00bbac68_1704,12226.429205377095
00bbac68_1705,12226.444407919147
00bbac68_1706,12226.447696446383
00bbac68_1707,12226.462285299012
00bbac68_1708,12226.45595377963
00bbac68_1709,12226.449043332257
00bbac68_1710,12226.49425213995
00bbac68_1711,12226.51241040481
00bbac68_1712,12226.496868108146
00bbac68_1713,12226.512071794608
00bbac68_1714,12226.520295157277
00bbac68_1715,12226.543129478046
00bbac68_1716,12226.51012235289
00bbac68_1717,12226.50793960289
00bbac68_1718,12226.491415546203
00bbac68_1719,12226.493176716336
00bbac68_1720,12226.507347716562
00bbac68_1721,12226.518901739099
00bbac68_1722,12226.533358698569
00bbac68_1723,12226.494600631186
00bbac68_1724,12226.478262970142
00bbac68_1725,12226.342848961747
00bbac68_1726,12226.325703204773
00bbac68_1727,12226.356385883697
00bbac68_1728,12226.349769692533
00bbac68_1729,12226.310156465388
00bbac68_1730,12226.315082213006
00bbac68_1731,12226.309530036278
00bbac68_1732,12226.325069034629
00bbac68_1733,12226.361793192662
00bbac68_1734,12226.380147866748
00bbac68_1735,12226.523299932725
00bbac68_1736,12226.523765059463
00bbac68_1737,12226.561015359617
00bbac68_1738,12226.579370033704
00bbac68_1739,12226.60135520286
00bbac68_1740,12226.60421157258
00bbac68_1741,12226.27187950579
00bbac68_1742,12226.316066785239
00bbac68_1743,12226.324930873998
00bbac68_1744,12226.34115709006
00bbac68_1745,12226.334012038804
00bbac68_1746,12226.40851958116
00bbac68_1747,12226.420378588742
00bbac68_1748,12226.41670596104
00bbac68_1749,12226.338434591806
00bbac68_1750,12226.36426669242
00bbac68_1751,12226.415616113669
00bbac68_1752,12226.43642254137
00bbac68_1753,12226.385194705463
00bbac68_1754,12226.53861669942
00bbac68_1755,12226.620527138657
00bbac68_1756,12226.637358318021
00bbac68_1757,12226.629985100186
00bbac68_1758,12226.601780631205
00bbac68_1759,12226.599597881204
00bbac68_1760,12226.62846094953
00bbac68_1761,12226.628303803778
00bbac68_1762,12226.643347845158
00bbac68_1763,12226.648885422534
00bbac68_1764,12226.672652865938
00bbac68_1765,12226.65475880841
00bbac68_1766,12226.707608836194
00bbac68_1767,12226.672975219493
00bbac68_1768,12226.66694611024
00bbac68_1769,12226.683777575707
00bbac68_1770,12226.659167552909
00bbac68_1771,12226.682072970098
00bbac68_1772,12226.67975618117
00bbac68_1773,12226.539017379915
00bbac68_1774,12226.555377491852
00bbac68_1775,12226.545499877579
00bbac68_1776,12226.561315107694
00bbac68_1777,12226.711770363901
00bbac68_1778,12226.730501977761
00bbac68_1779,12226.732218086785
00bbac68_1780,12226.718577655127
00bbac68_1781,12226.763212827718
00bbac68_1782,12226.754825806398
00bbac68_1783,12226.783527942185
00bbac68_1784,12226.790015951385
00bbac68_1785,12226.782812678313
00bbac68_1786,12226.787235028942
00bbac68_1787,12226.777000502054
00bbac68_1788,12226.816146229912
00bbac68_1789,12226.710165710363
00bbac68_1790,12226.810680380482
00bbac68_1791,12226.825137339954
00bbac68_1792,12226.829057724108
00bbac68_1793,12226.803615143632
00bbac68_1794,12226.793537686903
00bbac68_1795,12226.819333309475
00bbac68_1796,12226.794956746151
00bbac68_1797,12226.774858413492
00bbac68_1798,12226.879396683235
00bbac68_1799,12226.866405131583
00bbac68_1800,12226.863432739246
00bbac68_1801,12226.867067164158
00bbac68_1802,12226.854134692629
00bbac68_1803,12226.832909975234
00bbac68_1804,12226.832208376814
00bbac68_1805,12226.76016659895
00bbac68_1806,12226.869816229242
00bbac68_1807,12226.773427861337
00bbac68_1808,12226.77373019587
00bbac68_1809,12226.777650580021
00bbac68_1810,12226.776654868441
00bbac68_1811,12226.77381508452
00bbac68_1812,12226.773581120302
00bbac68_1813,12226.788416020903
00bbac68_1814,12226.560415447491
00bbac68_1815,12226.659078034405
00bbac68_1816,12226.669758586633
00bbac68_1817,12226.684834242318
00bbac68_1818,12226.694375106055
00bbac68_1819,12226.75614394373
00bbac68_1820,12226.762359869646
00bbac68_1821,12226.761658271225
00bbac68_1822,12226.754858831544
00bbac68_1823,12226.718766236188
00bbac68_1824,12226.629425712215
00bbac68_1825,12226.75781547198
00bbac68_1826,12226.738789736824
00bbac68_1827,12226.73217354566
00bbac68_1828,12226.776763943242
00bbac68_1829,12226.768466328893
00bbac68_1830,12226.782923288363
00bbac68_1831,12226.807255640748
00bbac68_1832,12226.82106085919
00bbac68_1833,12226.836205465528
00bbac68_1834,12226.860251858669
00bbac68_1835,12226.810681699457
00bbac68_1836,12226.820749992774
00bbac68_1837,12226.7103839542
00bbac68_1838,12226.825631032842
00bbac68_1839,12226.804221207263
00bbac68_1840,12226.822368743287
00bbac68_1841,12226.893426464172
00bbac68_1842,12226.867741841153
00bbac68_1843,12226.840999641003
00bbac68_1844,12226.875868568706
00bbac68_1845,12226.868915062936
00bbac68_1846,12226.89858193566
00bbac68_1847,12226.902502319814
00bbac68_1848,12226.875474160419
00bbac68_1849,12226.89863664052
00bbac68_1850,12226.840151247696
00bbac68_1851,12226.875455909194
00bbac68_1852,12226.833269191908
00bbac68_1853,12226.85976075831
00bbac68_1854,12226.87095600857
00bbac68_1855,12226.917236412408
00bbac68_1856,12226.919363221274
00bbac68_1857,12226.800294952245
00bbac68_1858,12226.918284607485
00bbac68_1859,12226.919745656312
00bbac68_1860,12226.921391813325
00bbac68_1861,12226.923152983458
00bbac68_1862,12226.937323983686
00bbac68_1863,12226.936724809886
00bbac68_1864,12226.921309685693
00bbac68_1865,12226.944565578193
00bbac68_1866,12226.94142882009
00bbac68_1867,12226.93826016158
00bbac68_1868,12226.95296889107
00bbac68_1869,12226.932005671173
00bbac68_1870,12226.953916882889
00bbac68_1871,12226.96837384236
00bbac68_1872,12226.960717526303
00bbac68_1873,12226.971281348795
00bbac68_1874,12227.004181606606
00bbac68_1875,12227.015061858237
00bbac68_1876,12227.027078508185
00bbac68_1877,12226.968897671253
00bbac68_1878,12227.004958071962
00bbac68_1879,12226.98677419281
00bbac68_1880,12227.07146382974
00bbac68_1881,12227.01182687518
00bbac68_1882,12227.012403009609
00bbac68_1883,12226.882215088785
00bbac68_1884,12226.880798949882
00bbac68_1885,12226.89575429955
00bbac68_1886,12226.991199380056
00bbac68_1887,12226.97543106258
00bbac68_1888,12226.979351446733
00bbac68_1889,12227.091386741013
00bbac68_1890,12227.073202861859
00bbac68_1891,12227.089689431012
00bbac68_1892,12227.066717343852
00bbac68_1893,12227.085981823235
00bbac68_1894,12227.095308396354
00bbac68_1895,12227.079377429724
00bbac68_1896,12227.065536726459
00bbac68_1897,12227.098454150408
00bbac68_1898,12227.002558593704
00bbac68_1899,12227.019991732299
00bbac68_1900,12227.003353234693
00bbac68_1901,12227.034520857005
00bbac68_1902,12227.018541252985
00bbac68_1903,12227.043978818536
00bbac68_1904,12227.033333734853
00bbac68_1905,12227.03364908704
00bbac68_1906,12227.023365350558
00bbac68_1907,12227.019554821549
00bbac68_1908,12226.97765334825
00bbac68_1909,12227.032960708646
00bbac68_1910,12227.0803338802
00bbac68_1911,12227.081358909129
00bbac68_1912,12226.868956203683
00bbac68_1913,12226.773327008217
00bbac68_1914,12226.796360742284
00bbac68_1915,12226.796234924732
00bbac68_1916,12226.785279992266
00bbac68_1917,12226.893695091156
00bbac68_1918,12226.888168949736
00bbac68_1919,12226.835674395918
00bbac68_1920,12226.740739141565
00bbac68_1921,12226.82533064541
00bbac68_1922,12226.94434483297
00bbac68_1923,12226.92810215789
00bbac68_1924,12226.878661889119
00bbac68_1925,12226.866907157688
00bbac68_1926,12226.852112589371
00bbac68_1927,12227.010655528306
00bbac68_1928,12227.025465251905
00bbac68_1929,12227.024354956357
00bbac68_1930,12227.017386001062
00bbac68_1931,12226.891900171457
00bbac68_1932,12226.886743101997
00bbac68_1933,12226.850761657384
00bbac68_1934,12226.88577306403
00bbac68_1935,12226.914769169924
00bbac68_1936,12226.929983728272
00bbac68_1937,12226.917039955702
00bbac68_1938,12226.954600247693
00bbac68_1939,12226.952193193492
00bbac68_1940,12227.08390216903
00bbac68_1941,12227.084103366402
00bbac68_1942,12227.18688182093
00bbac68_1943,12227.145382607458
00bbac68_1944,12227.115810855608
00bbac68_1945,12227.159205202546
00bbac68_1946,12227.164537215423
00bbac68_1947,12227.13908004373
00bbac68_1948,12227.162539354962
00bbac68_1949,12227.18332403889
00bbac68_1950,12227.196075256477
00bbac68_1951,12227.229524258491
00bbac68_1952,12227.221653794866
00bbac68_1953,12227.173139353123
00bbac68_1954,12227.205768242908
00bbac68_1955,12227.16506739789
00bbac68_1956,12227.015222675842
00bbac68_1957,12226.934866193082
00bbac68_1958,12227.149897598278
00bbac68_1959,12227.14720429873
00bbac68_1960,12227.158002439002
00bbac68_1961,12227.123616443838
00bbac68_1962,12227.241761166524
00bbac68_1963,12227.23935382622
00bbac68_1964,12227.210228107851
00bbac68_1965,12227.106831378129
00bbac68_1966,12227.192672004592
00bbac68_1967,12227.200550900097
00bbac68_1968,12227.250410872797
00bbac68_1969,12227.21735611161
00bbac68_1970,12227.257965681862
00bbac68_1971,12227.227793544347
00bbac68_1972,12227.221688761036
00bbac68_1973,12227.115829978015
00bbac68_1974,12227.084905391464
00bbac68_1975,12227.133053614134
00bbac68_1976,12227.265095755796
00bbac68_1977,12227.226539962734
00bbac68_1978,12227.178710592936
00bbac68_1979,12227.215682229455
00bbac68_1980,12227.211434106986
00bbac68_1981,12227.260169268513
00bbac68_1982,12227.269607278477
00bbac68_1983,12227.312622825975
00bbac68_1984,12227.272961247543
00bbac68_1985,12227.24819858917
00bbac68_1986,12227.269855455945
00bbac68_1987,12227.227930379206
00bbac68_1988,12227.262771411935
00bbac68_1989,12227.244434468055
00bbac68_1990,12227.291937100897
00bbac68_1991,12227.26970487427
00bbac68_1992,12227.29259913347
00bbac68_1993,12227.272160911287
00bbac68_1994,12227.29658181233
00bbac68_1995,12227.272190371687
00bbac68_1996,12227.312799941936
00bbac68_1997,12227.262400944375
00bbac68_1998,12227.29047437037
00bbac68_1999,12227.2242539159
00bbac68_2000,12227.282345766882
00bbac68_2001,12227.255713430011
00bbac68_2002,12227.29632300026
00bbac68_2003,12227.310065133148
00bbac68_2004,12227.365125873366
00bbac68_2005,12227.36904625752
00bbac68_2006,12227.341310853251
00bbac68_2007,12227.371970930093
00bbac68_2008,12227.332309351661
00bbac68_2009,12227.356164342367
00bbac68_2010,12227.331383230397
00bbac68_2011,12227.382299492769
00bbac68_2012,12227.305140203156
00bbac68_2013,12227.255344023131
00bbac68_2014,12227.248190102706
00bbac68_2015,12227.21542115771
00bbac68_2016,12227.284427668192
00bbac68_2017,12227.25165886625
00bbac68_2018,12227.2922684365
00bbac68_2019,12227.32887243157
00bbac68_2020,12227.31760421709
00bbac68_2021,12227.338138847612
00bbac68_2022,12227.163821936614
00bbac68_2023,12226.926342508072
00bbac68_2024,12226.994563953855
00bbac68_2025,12226.96075517007
00bbac68_2026,12227.01015022654
00bbac68_2027,12227.054381565742
00bbac68_2028,12226.976349378026
00bbac68_2029,12226.98624243369
00bbac68_2030,12227.050726382144
00bbac68_2031,12226.97542604219
00bbac68_2032,12227.04469905696
00bbac68_2033,12227.27808320912
00bbac68_2034,12227.226028251476
00bbac68_2035,12227.268478460841
00bbac68_2036,12227.289558402337
00bbac68_2037,12227.276089632056
00bbac68_2038,12227.305925448185
00bbac68_2039,12227.293069938176
00bbac68_2040,12227.260587095476
00bbac68_2041,12227.30024108406
00bbac68_2042,12227.323161664672
00bbac68_2043,12227.328699242047
00bbac68_2044,12227.299436623729
00bbac68_2045,12227.320949581048
00bbac68_2046,12227.346939037925
00bbac68_2047,12227.398802298896
00bbac68_2048,12227.368010177708
00bbac68_2049,12227.376060019335
00bbac68_2050,12227.37998040349
00bbac68_2051,12227.298245622926
00bbac68_2052,12227.285375235593
00bbac68_2053,12227.317434495708
00bbac68_2054,12227.334119333751
00bbac68_2055,12227.318493924371
00bbac68_2056,12227.295016723609
00bbac68_2057,12227.337243487082
00bbac68_2058,12227.334836003727
00bbac68_2059,12227.329727142504
00bbac68_2060,12227.303680886185
00bbac68_2061,12227.341487369202
00bbac68_2062,12227.35870550192
00bbac68_2063,12227.361008692851
00bbac68_2064,12227.365215036249
00bbac68_2065,12227.34884418734
00bbac68_2066,12227.354164470024
00bbac68_2067,12227.376447328617
00bbac68_2068,12227.380081753527
00bbac68_2069,12227.36824419548
00bbac68_2070,12227.372164579636
00bbac68_2071,12227.338430897704
00bbac68_2072,12227.333604562496
00bbac68_2073,12227.188369806727
00bbac68_2074,12227.107774285501
00bbac68_2075,12227.188573503425
00bbac68_2076,12227.156281347907
00bbac68_2077,12227.182006160161
00bbac68_2078,12227.118398248796
00bbac68_2079,12227.176776917328
00bbac68_2080,12227.155839303588
00bbac68_2081,12227.153276609739
00bbac68_2082,12227.142816777294
00bbac68_2083,12227.070136991311
00bbac68_2084,12227.097411047493
00bbac68_2085,12227.063007170935
00bbac68_2086,12227.049053457264
00bbac68_2087,12227.141527794589
00bbac68_2088,12227.150478715394
00bbac68_2089,12227.108235349853
00bbac68_2090,12227.261724434797
00bbac68_2091,12227.290972739866
00bbac68_2092,12227.277147056971
00bbac68_2093,12227.157987950464
00bbac68_2094,12227.12953256977
00bbac68_2095,12227.149372973074
00bbac68_2096,12227.14240401778
00bbac68_2097,12227.165687519151
00bbac68_2098,12227.143531681839
00bbac68_2099,12227.14268560176
00bbac68_2100,12227.17071239308
00bbac68_2101,12227.174912585277
00bbac68_2102,12227.157852658991
00bbac68_2103,12227.165330152977
00bbac68_2104,12227.168192387793
00bbac68_2105,12227.139134475667
00bbac68_2106,12227.375140326205
00bbac68_2107,12227.396563733506
00bbac68_2108,12227.383619817887
00bbac68_2109,12227.38880448808
00bbac68_2110,12227.363654733304
00bbac68_2111,12227.420756384243
00bbac68_2112,12227.404484240626
00bbac68_2113,12227.310238063652
00bbac68_2114,12227.355749996725
00bbac68_2115,12227.37161887102
00bbac68_2116,12227.218025350603
00bbac68_2117,12227.203700848358
00bbac68_2118,12227.183179227355
00bbac68_2119,12227.142181551206
00bbac68_2120,12227.175838692638
00bbac68_2121,12227.17778911944
00bbac68_2122,12227.162161850396
00bbac68_2123,12227.235911507772
00bbac68_2124,12227.22894255248
00bbac68_2125,12227.371482645649
00bbac68_2126,12227.434547955872
00bbac68_2127,12227.436589935409
00bbac68_2128,12227.472564076277
00bbac68_2129,12227.446047753889
00bbac68_2130,12227.471485319438
00bbac68_2131,12227.43844400506
00bbac68_2132,12227.46388157061
00bbac68_2133,12227.435133078116
00bbac68_2134,12227.460217879536
00bbac68_2135,12227.399767822253
00bbac68_2136,12227.406748928757
00bbac68_2137,12227.321185813384
00bbac68_2138,12227.230605608167
00bbac68_2139,12227.160802580762
00bbac68_2140,12227.167456243189
00bbac68_2141,12227.205662554163
00bbac68_2142,12227.328362168433
00bbac68_2143,12227.329549417364
00bbac68_2144,12227.355221300693
00bbac68_2145,12227.352548886614
00bbac68_2146,12227.357056352677
00bbac68_2147,12227.242197506712
00bbac68_2148,12227.233454144985
00bbac68_2149,12227.349230369822
00bbac68_2150,12227.393876986505
00bbac68_2151,12227.106198263871
00bbac68_2152,12227.352064129325
00bbac68_2153,12227.430248515324
00bbac68_2154,12227.456902873935
00bbac68_2155,12227.43871870868
00bbac68_2156,12227.435978202255
00bbac68_2157,12227.420477533477
00bbac68_2158,12227.4942829808
00bbac68_2159,12227.478068915949
00bbac68_2160,12227.448926603645
00bbac68_2161,12227.532479413108
00bbac68_2162,12227.496544030964
00bbac68_2163,12227.416736006306
00bbac68_2164,12227.42006930855
00bbac68_2165,12227.491822544114
00bbac68_2166,12227.46511739421
00bbac68_2167,12227.465053517804
00bbac68_2168,12227.368986728878
00bbac68_2169,12227.368974780038
00bbac68_2170,12227.45959746331
00bbac68_2171,12227.51633161585
00bbac68_2172,12227.513359223514
00bbac68_2173,12227.481649429217
00bbac68_2174,12227.533336594224
00bbac68_2175,12227.512819264755
00bbac68_2176,12227.466054767698
00bbac68_2177,12227.453894343213
00bbac68_2178,12227.440597663463
00bbac68_2179,12227.49589400892
00bbac68_2180,12227.483184124976
00bbac68_2181,12227.50158858086
00bbac68_2182,12227.41328288889
00bbac68_2183,12227.431489648088
00bbac68_2184,12227.27264142987
00bbac68_2185,12227.288318758681
00bbac68_2186,12227.298304654538
00bbac68_2187,12227.278947326824
00bbac68_2188,12227.314589016825
00bbac68_2189,12227.301115811959
00bbac68_2190,12227.31874693334
00bbac68_2191,12227.242879896268
00bbac68_2192,12227.204485751003
00bbac68_2193,12227.230291315629
00bbac68_2194,12227.250388924896
00bbac68_2195,12227.28954294972
00bbac68_2196,12227.502918251783
00bbac68_2197,12227.473452786937
00bbac68_2198,12227.471107959986
00bbac68_2199,12227.482968111977
00bbac68_2200,12227.499545232504
00bbac68_2201,12227.412637150243
00bbac68_2202,12227.560171015917
00bbac68_2203,12227.599693683549
00bbac68_2204,12227.60021045175
00bbac68_2205,12227.64989933528
00bbac68_2206,12227.607024828074
00bbac68_2207,12227.5702936524
00bbac68_2208,12227.326870305626
00bbac68_2209,12227.287581876113
00bbac68_2210,12227.270206593572
00bbac68_2211,12227.397284860415
00bbac68_2212,12227.387903061419
00bbac68_2213,12227.361219941391
00bbac68_2214,12227.40397241783
00bbac68_2215,12227.388405087217
00bbac68_2216,12227.372177718607
00bbac68_2217,12227.234595483971
00bbac68_2218,12227.204558744368
00bbac68_2219,12227.330654464407
00bbac68_2220,12227.287001472858
00bbac68_2221,12227.276914932383
00bbac68_2222,12227.288136575578
00bbac68_2223,12227.332924383743
00bbac68_2224,12227.355000247328
00bbac68_2225,12227.389904508664
00bbac68_2226,12227.384017735301
00bbac68_2227,12227.425136853737
00bbac68_2228,12227.393465325622
00bbac68_2229,12227.59799327184
00bbac68_2230,12227.608733905552
00bbac68_2231,12227.670486578447
00bbac68_2232,12227.614714579788
00bbac68_2233,12227.654410625411
00bbac68_2234,12227.69716310185
00bbac68_2235,12227.605213467998
00bbac68_2236,12227.673733604577
00bbac68_2237,12227.586832674873
00bbac68_2238,12227.65986679041
00bbac68_2239,12227.702619409902
00bbac68_2240,12227.663725443927
00bbac68_2241,12227.715950624299
00bbac68_2242,12227.744487106856
00bbac68_2243,12227.659510072033
00bbac68_2244,12227.665047506358
00bbac68_2245,12227.72439591862
00bbac68_2246,12227.774017425058
00bbac68_2247,12227.725751320106
00bbac68_2248,12227.749939333882
00bbac68_2249,12227.786974055958
00bbac68_2250,12227.761679390367
00bbac68_2251,12227.758421038789
00bbac68_2252,12227.762341422942
00bbac68_2253,12227.779188767086
00bbac68_2254,12227.755170403834
00bbac68_2255,12227.468135053736
00bbac68_2256,12227.43288874897
00bbac68_2257,12227.36887178285
00bbac68_2258,12227.372792167003
00bbac68_2259,12227.617572846453
00bbac68_2260,12227.727413736131
00bbac68_2261,12227.796836668502
00bbac68_2262,12227.775030877348
00bbac68_2263,12227.68050603674
00bbac68_2264,12227.675234812465
00bbac68_2265,12227.668003501367
00bbac68_2266,12227.707294426138
00bbac68_2267,12227.6565925893
00bbac68_2268,12227.701197148945
00bbac68_2269,12227.693965408693
00bbac68_2270,12227.719464200134
00bbac68_2271,12227.71595221887
00bbac68_2272,12227.742027649489
00bbac68_2273,12227.737657790492
00bbac68_2274,12227.802444149072
00bbac68_2275,12227.679964110175
00bbac68_2276,12227.702560250784
00bbac68_2277,12227.804846323263
00bbac68_2278,12227.857666310305
00bbac68_2279,12227.897689513902
00bbac68_2280,12227.82611780211
00bbac68_2281,12227.734368296811
00bbac68_2282,12227.721465579922
00bbac68_2283,12227.735922396343
00bbac68_2284,12227.750605519677
00bbac68_2285,12227.778781656394
00bbac68_2286,12227.751200461264
00bbac68_2287,12227.723618407825
00bbac68_2288,12227.758145300235
00bbac68_2289,12227.736826312135
00bbac68_2290,12227.727047975357
00bbac68_2291,12227.721259048978
00bbac68_2292,12227.741029071116
00bbac68_2293,12227.744949455271
00bbac68_2294,12227.55152498793
00bbac68_2295,12227.77677661083
00bbac68_2296,12227.746174032414
00bbac68_2297,12227.760630991885
00bbac68_2298,12227.77900311821
00bbac68_2299,12227.579554981628
00bbac68_2300,12227.766251816893
00bbac68_2301,12227.813681922802
00bbac68_2302,12227.642733794803
00bbac68_2303,12227.873505332329
00bbac68_2304,12227.915211675727
00bbac68_2305,12227.62425636656
00bbac68_2306,12227.814731540257
00bbac68_2307,12227.66874969987
00bbac68_2308,12227.822572308563
00bbac68_2309,12227.72673962284
00bbac68_2310,12227.952857277387
00bbac68_2311,12227.769884198406
00bbac68_2312,12227.695652665101
00bbac68_2313,12227.590901384065
00bbac68_2314,12227.351529174262
00bbac68_2315,12227.302651883283
00bbac68_2316,12227.522138687991
00bbac68_2317,12227.281505768427
00bbac68_2318,12227.383564747208
00bbac68_2319,12227.41128040228
00bbac68_2320,12227.391405515515
00bbac68_2321,12227.242858195848
00bbac68_2322,12227.311615511231
00bbac68_2323,12227.568499819794
00bbac68_2324,12227.963147890829
00bbac68_2325,12227.755816491612
00bbac68_2326,12227.72359693455
00bbac68_2327,12227.800049257257
00bbac68_2328,12227.885457797729
00bbac68_2329,12227.774662891812
00bbac68_2330,12227.552457821064
00bbac68_2331,12227.51313885013
00bbac68_2332,12227.482155827187
00bbac68_2333,12227.308669399627
00bbac68_2334,12227.373311634175
00bbac68_2335,12227.405081787922
00bbac68_2336,12227.395210682474
00bbac68_2337,12227.342606694527
00bbac68_2338,12227.316710069708
00bbac68_2339,12227.301162623204
00bbac68_2340,12227.44413194134
00bbac68_2341,12227.443613734491
00bbac68_2342,12227.659676323883
00bbac68_2343,12227.757765561797
00bbac68_2344,12227.672547700367
00bbac68_2345,12227.67499887771
00bbac68_2346,12227.594881791047
00bbac68_2347,12227.600653543152
00bbac68_2348,12227.649190864942
00bbac68_2349,12227.618874531872
00bbac68_2350,12227.654079200616
00bbac68_2351,12227.582987425423
00bbac68_2352,12227.561862772307
00bbac68_2353,12227.61291979701
00bbac68_2354,12227.569703540616
00bbac68_2355,12227.587591653382
00bbac68_2356,12227.602992965003
00bbac68_2357,12227.608530470854
00bbac68_2358,12227.588236515752
00bbac68_2359,12227.618819058871
00bbac68_2360,12227.647127231798
00bbac68_2361,12227.657647352164
00bbac68_2362,12227.645297742536
00bbac68_2363,12227.62844302312
00bbac68_2364,12227.605701248309
00bbac68_2365,12227.637938464051
00bbac68_2366,12227.614226659407
00bbac68_2367,12227.631885818815
00bbac68_2368,12227.63299496182
00bbac68_2369,12227.623523612803
00bbac68_2370,12227.658728353073
00bbac68_2371,12227.613363897597
00bbac68_2372,12227.638059456845
00bbac68_2373,12227.668872383838
00bbac68_2374,12227.646130609026
00bbac68_2375,12227.662200827812
00bbac68_2376,12227.705923977812
00bbac68_2377,12227.707249843304
00bbac68_2378,12227.702976329258
00bbac68_2379,12227.708866456185
00bbac68_2380,12227.74915974035
00bbac68_2381,12227.73907112563
00bbac68_2382,12227.735047021259
00bbac68_2383,12227.712305246449
00bbac68_2384,12227.789493138154
00bbac68_2385,12227.761145403449
00bbac68_2386,12227.74367992716
00bbac68_2387,12227.696820086514
00bbac68_2388,12227.748177804728
00bbac68_2389,12227.738665256982
00bbac68_2390,12227.749478417625
00bbac68_2391,12227.74342184255
00bbac68_2392,12227.789163086612
00bbac68_2393,12227.78686110348
00bbac68_2394,12227.830050243545
00bbac68_2395,12227.785190400991
00bbac68_2396,12227.756695037504
00bbac68_2397,12227.774149204615
00bbac68_2398,12227.792368695367
00bbac68_2399,12227.822951238488
00bbac68_2400,12227.813633383354
00bbac68_2401,12227.80713513786
00bbac68_2402,12227.797042088558
00bbac68_2403,12227.804546404634
00bbac68_2404,12227.791627308387
00bbac68_2405,12227.757725326781
00bbac68_2406,12227.776804411877
00bbac68_2407,12227.744780405734
00bbac68_2408,12227.773357586342
00bbac68_2409,12227.773406863394
00bbac68_2410,12227.683037801671
00bbac68_2411,12227.518771235142
00bbac68_2412,12227.43998352279
00bbac68_2413,12227.515832169654
00bbac68_2414,12227.470174173224
00bbac68_2415,12227.61488013229
00bbac68_2416,12227.729752488453
00bbac68_2417,12227.73642911059
00bbac68_2418,12227.708889614867
00bbac68_2419,12227.754116947683
00bbac68_2420,12227.719238355894
00bbac68_2421,12227.593825553897
00bbac68_2422,12227.804306573616
00bbac68_2423,12227.778978004906
00bbac68_2424,12227.772920929152
00bbac68_2425,12227.816067726078
00bbac68_2426,12227.619881870913
00bbac68_2427,12227.674621103677
00bbac68_2428,12227.648783845085
00bbac68_2429,12227.4777504586
00bbac68_2430,12227.484012125122
00bbac68_2431,12227.659482985826
00bbac68_2432,12227.790628983574
00bbac68_2433,12227.863361046615
00bbac68_2434,12227.832169240522
00bbac68_2435,12227.853987039836
00bbac68_2436,12227.79701612951
00bbac68_2437,12227.786441641572
00bbac68_2438,12227.721594335067
00bbac68_2439,12227.781951973171
00bbac68_2440,12227.769746845202
00bbac68_2441,12227.851601136865
00bbac68_2442,12227.869277033256
00bbac68_2443,12227.87164352432
00bbac68_2444,12227.956112504857
00bbac68_2445,12227.929499622944
00bbac68_2446,12227.945769111977
00bbac68_2447,12227.892512810799
00bbac68_2448,12227.804232510403
00bbac68_2449,12227.539220242084
00bbac68_2450,12227.533945370005
00bbac68_2451,12227.587110396416
00bbac68_2452,12227.625795106189
00bbac68_2453,12227.631214952471
00bbac68_2454,12227.61612863134
00bbac68_2455,12227.573658565492
00bbac68_2456,12227.6600205061
00bbac68_2457,12227.660557945193
00bbac68_2458,12227.735684362577
00bbac68_2459,12227.740959083469
00bbac68_2460,12227.841052396432
00bbac68_2461,12227.801456478477
00bbac68_2462,12227.847796820744
00bbac68_2463,12227.88083891377
00bbac68_2464,12227.941834917621
00bbac68_2465,12227.661376987755
00bbac68_2466,12227.722969157265
00bbac68_2467,12227.700890746386
00bbac68_2468,12227.719502483384
00bbac68_2469,12227.698820931197
00bbac68_2470,12227.754326667771
00bbac68_2471,12227.756564019412
00bbac68_2472,12227.746108764604
00bbac68_2473,12227.772658660115
00bbac68_2474,12227.742250023291
00bbac68_2475,12227.777593630464
00bbac68_2476,12227.781099094764
00bbac68_2477,12227.798013744474
00bbac68_2478,12227.688881808146
00bbac68_2479,12227.729399575323
00bbac68_2480,12227.73543597205
00bbac68_2481,12227.734898989736
00bbac68_2482,12227.751693512246
00bbac68_2483,12227.722664961368
00bbac68_2484,12227.779503827349
00bbac68_2485,12227.810482443332
00bbac68_2486,12227.836668845877
00bbac68_2487,12227.846406547993
00bbac68_2488,12227.797467494682
00bbac68_2489,12227.814285012662
00bbac68_2490,12227.802079705878
00bbac68_2491,12227.817130613714
00bbac68_2492,12227.77849882473
00bbac68_2493,12227.797483424543
00bbac68_2494,12227.783035290346
00bbac68_2495,12227.88463736376
00bbac68_2496,12227.892776469303
00bbac68_2497,12227.879068159877
00bbac68_2498,12227.920167894885
00bbac68_2499,12227.877357116966
00bbac68_2500,12227.883965503706
00bbac68_2501,12227.944498951672
00bbac68_2502,12227.921812823755
00bbac68_2503,12227.933740710465
00bbac68_2504,12227.918047065688
00bbac68_2505,12227.905841723143
00bbac68_2506,12227.894971369667
00bbac68_2507,12227.918598587185
00bbac68_2508,12227.89549156703
00bbac68_2509,12227.944322966217
00bbac68_2510,12227.916937465056
00bbac68_2511,12227.939496412366
00bbac68_2512,12227.94395538409
00bbac68_2513,12227.807796973286
00bbac68_2514,12227.82255090694
00bbac68_2515,12227.812615643052
00bbac68_2516,12227.807897561801
00bbac68_2517,12227.864120234965
00bbac68_2518,12227.844831214174
00bbac68_2519,12227.888898938625
00bbac68_2520,12227.9139439003
00bbac68_2521,12227.895979318557
00bbac68_2522,12227.884799688502
00bbac68_2523,12227.991386450676
00bbac68_2524,12227.923559424533
00bbac68_2525,12227.92233268535
00bbac68_2526,12227.944504250152
00bbac68_2527,12227.844823130934
00bbac68_2528,12227.837605409695
00bbac68_2529,12227.882208896455
00bbac68_2530,12227.883935233634
00bbac68_2531,12227.902165381698
00bbac68_2532,12227.947724128258
00bbac68_2533,12227.885798104999
00bbac68_2534,12227.864826480847
00bbac68_2535,12227.877172148434
00bbac68_2536,12227.878898557137
00bbac68_2537,12227.897128669438
00bbac68_2538,12227.943297278804
00bbac68_2539,12227.930046697285
00bbac68_2540,12227.932221356761
00bbac68_2541,12227.952265178796
00bbac68_2542,12227.877714534145
00bbac68_2543,12227.87380894765
00bbac68_2544,12227.925603401018
00bbac68_2545,12227.861685497817
00bbac68_2546,12227.863411834996
00bbac68_2547,12227.878815721539
00bbac68_2548,12227.945075971853
00bbac68_2549,12227.9597574501
00bbac68_2550,12227.963549231272
00bbac68_2551,12227.966481489624
00bbac68_2552,12227.901504793357
00bbac68_2553,12227.961975549159
00bbac68_2554,12227.920218092602
00bbac68_2555,12227.747389360573
00bbac68_2556,12227.682852421414
00bbac68_2557,12227.683722061034
00bbac68_2558,12227.55509547196
00bbac68_2559,12227.558927352156
00bbac68_2560,12227.559318718146
00bbac68_2561,12227.673275207217
00bbac68_2562,12227.624407894056
00bbac68_2563,12227.616769593504
00bbac68_2564,12227.600946210276
00bbac68_2565,12227.64657302236
00bbac68_2566,12227.596724038582
00bbac68_2567,12227.714872158731
00bbac68_2568,12227.73221887655
00bbac68_2569,12227.81121504205
00bbac68_2570,12227.751543129365
00bbac68_2571,12227.759782960798
00bbac68_2572,12227.773565148007
00bbac68_2573,12227.9447561866
00bbac68_2574,12227.945834430557
00bbac68_2575,12227.966084031666
00bbac68_2576,12227.957039654564
00bbac68_2577,12228.013113483006
00bbac68_2578,12227.956960109988
00bbac68_2579,12227.941226053263
00bbac68_2580,12227.96672774149
00bbac68_2581,12228.055431894298
00bbac68_2582,12227.992461132744
00bbac68_2583,12228.000700946297
00bbac68_2584,12228.073872104833
00bbac68_2585,12227.984472715314
00bbac68_2586,12227.981737072627
00bbac68_2587,12228.004428270722
00bbac68_2588,12228.057381688723
00bbac68_2589,12227.99962006318
00bbac68_2590,12228.04453407822
00bbac68_2591,12228.147622703398
00bbac68_2592,12228.092750067302
00bbac68_2593,12228.103732779318
00bbac68_2594,12228.147936509647
00bbac68_2595,12228.102894098069
00bbac68_2596,12228.113707258712
00bbac68_2597,12228.13770243954
00bbac68_2598,12228.189604038218
00bbac68_2599,12228.187814106666
00bbac68_2600,12228.032948968837
00bbac68_2601,12228.08964582079
00bbac68_2602,12228.00889305059
00bbac68_2603,12228.040736625338
00bbac68_2604,12228.118747883686
00bbac68_2605,12228.040618456953
00bbac68_2606,12228.056562039712
00bbac68_2607,12228.120391994082
00bbac68_2608,12228.058728720018
00bbac68_2609,12228.062649104171
00bbac68_2610,12228.095562701503
00bbac68_2611,12228.07048987248
00bbac68_2612,12228.064359554537
00bbac68_2613,12228.115203719131
00bbac68_2614,12228.058087254263
00bbac68_2615,12228.062007638418
00bbac68_2616,12228.141764621445
00bbac68_2617,12228.058204544
00bbac68_2618,12228.069017740407
00bbac68_2619,12228.158162669562
00bbac68_2620,12228.087992215284
00bbac68_2621,12228.090956946247
00bbac68_2622,12228.224951807597
00bbac68_2623,12228.172681307637
00bbac68_2624,12228.19684285695
00bbac68_2625,12228.263245800787
00bbac68_2626,12228.217232715644
00bbac68_2627,12228.208889467976
00bbac68_2628,12228.293185249337
00bbac68_2629,12228.242694269888
00bbac68_2630,12228.226657516934
00bbac68_2631,12228.293875888072
00bbac68_2632,12228.250638138243
00bbac68_2633,12228.272038621597
00bbac68_2634,12228.318487146295
00bbac68_2635,12228.232838092945
00bbac68_2636,12228.252086443312
00bbac68_2637,12228.2340634967
00bbac68_2638,12228.259989760734
00bbac68_2639,12228.258826607786
00bbac68_2640,12228.202965917415
00bbac68_2641,12228.187153111032
00bbac68_2642,12228.29668640498
00bbac68_2643,12228.120424642108
00bbac68_2644,12228.184126243836
00bbac68_2645,12228.108699875824
00bbac68_2646,12228.142981363988
00bbac68_2647,12228.216076776942
00bbac68_2648,12228.162593703932
00bbac68_2649,12228.240952218941
00bbac68_2650,12228.172633597529
00bbac68_2651,12228.207210629365
00bbac68_2652,12228.161849821692
00bbac68_2653,12228.223767217985
00bbac68_2654,12228.179573671914
00bbac68_2655,12228.268480993112
00bbac68_2656,12228.213056751794
00bbac68_2657,12228.258429245761
00bbac68_2658,12228.241937053715
00bbac68_2659,12228.19568546655
00bbac68_2660,12228.253197853093
00bbac68_2661,12228.209772598973
00bbac68_2662,12228.272759052252
00bbac68_2663,12228.21581807538
00bbac68_2664,12228.12257905001
00bbac68_2665,12228.209477575472
00bbac68_2666,12228.140846280014
00bbac68_2667,12228.081045755407
00bbac68_2668,12228.250578661327
00bbac68_2669,12228.225159112088
00bbac68_2670,12228.075026919818
00bbac68_2671,12228.140922380766
00bbac68_2672,12228.107256728596
00bbac68_2673,12228.129926156094
00bbac68_2674,12228.13267775873
00bbac68_2675,12228.187748530408
00bbac68_2676,12228.272681604629
00bbac68_2677,12228.27836169671
00bbac68_2678,12228.347911229346
00bbac68_2679,12228.283468614538
00bbac68_2680,12228.24638016862
00bbac68_2681,12228.209648241927
00bbac68_2682,12228.356987808382
00bbac68_2683,12228.358714145561
00bbac68_2684,12228.384455015306
00bbac68_2685,12228.387778733124
00bbac68_2686,12228.325818234538
00bbac68_2687,12228.218358941635
00bbac68_2688,12228.10609998769
00bbac68_2689,12228.102768581677
00bbac68_2690,12228.260834409271
00bbac68_2691,12228.130480620643
00bbac68_2692,12228.162734904174
00bbac68_2693,12228.170988727798
00bbac68_2694,12228.180974274968
00bbac68_2695,12228.135755230982
00bbac68_2696,12228.178151778286
00bbac68_2697,12228.18916746359
00bbac68_2698,12228.193087847743
00bbac68_2699,12228.197008231897
00bbac68_2700,12228.198194765571
00bbac68_2701,12228.193833739984
00bbac68_2702,12228.190876779292
00bbac68_2703,12228.140431871254
00bbac68_2704,12228.200463272278
00bbac68_2705,12228.208955678392
00bbac68_2706,12228.019804631625
00bbac68_2707,12228.063783655423
00bbac68_2708,12228.044651025299
00bbac68_2709,12228.030311422217
00bbac68_2710,12228.067499253724
00bbac68_2711,12228.029452588637
00bbac68_2712,12228.224871985498
00bbac68_2713,12228.204454657722
00bbac68_2714,12228.437198673877
00bbac68_2715,12228.251311392683
00bbac68_2716,12228.211178049449
00bbac68_2717,12228.233780171384
00bbac68_2718,12228.485302538487
00bbac68_2719,12228.25730149122
00bbac68_2720,12228.356244914356
00bbac68_2721,12228.511984462071
00bbac68_2722,12228.258065139684
00bbac68_2723,12228.284450132984
00bbac68_2724,12228.459385222439
00bbac68_2725,12228.31361190592
00bbac68_2726,12228.467225990746
00bbac68_2727,12228.25003464814
00bbac68_2728,12228.55721949524
00bbac68_2729,12228.257875416446
00bbac68_2730,12228.506390159997
00bbac68_2731,12228.302097444313
00bbac68_2732,12228.608141753557
00bbac68_2733,12228.579533773052
00bbac68_2734,12228.26157485971
00bbac68_2735,12228.53962424715
00bbac68_2736,12228.469900970758
00bbac68_2737,12228.359404424833
00bbac68_2738,12228.53346924475
00bbac68_2739,12228.570464520471
00bbac68_2740,12228.534229303124
00bbac68_2741,12228.204968240487
00bbac68_2742,12228.418241976233
00bbac68_2743,12228.332585484224
00bbac68_2744,12228.399125041904
00bbac68_2745,12228.20746807878
00bbac68_2746,12228.40138129905
00bbac68_2747,12228.458718081372
00bbac68_2748,12228.20059742725
00bbac68_2749,12228.17027712451
00bbac68_2750,12227.985725672814
00bbac68_2751,12228.098298732119
00bbac68_2752,12228.16671905476
00bbac68_2753,12228.074477596567
00bbac68_2754,12228.16207499841
00bbac68_2755,12228.205810942547
00bbac68_2756,12227.982591934206
00bbac68_2757,12228.252681204782
00bbac68_2758,12228.20243309042
00bbac68_2759,12228.214530752019
00bbac68_2760,12228.285148796262
00bbac68_2761,12228.125730858967
00bbac68_2762,12228.008418435486
00bbac68_2763,12228.23525083615
00bbac68_2764,12228.316360672878
00bbac68_2765,12228.36753547226
00bbac68_2766,12228.314158133046
00bbac68_2767,12228.35584136586
00bbac68_2768,12228.336130825584
00bbac68_2769,12228.356994117514
00bbac68_2770,12228.339007951812
00bbac68_2771,12228.32781718947
00bbac68_2772,12228.42037448752
00bbac68_2773,12228.366056023748
00bbac68_2774,12228.645785778255
00bbac68_2775,12228.629258574441
00bbac68_2776,12228.642939088048
00bbac68_2777,12228.72050306122
00bbac68_2778,12228.644973875194
00bbac68_2779,12228.68238228263
00bbac68_2780,12228.586388396145
00bbac68_2781,12228.57372856222
00bbac68_2782,12228.652482899755
00bbac68_2783,12228.459744961694
00bbac68_2784,12228.561092341482
00bbac68_2785,12228.55683776383
00bbac68_2786,12228.499360354095
00bbac68_2787,12228.60925303723
00bbac68_2788,12228.506057267547
00bbac68_2789,12228.625986419185
00bbac68_2790,12228.717075324028
00bbac68_2791,12228.541302331163
00bbac68_2792,12228.65706071037
00bbac68_2793,12228.52220495908
00bbac68_2794,12228.569052140503
00bbac68_2795,12228.572972524657
00bbac68_2796,12228.50948071718
00bbac68_2797,12228.585596655115
00bbac68_2798,12228.567002979129
00bbac68_2799,12228.61762494953
00bbac68_2800,12228.621545333683
00bbac68_2801,12228.492258746846
00bbac68_2802,12228.589730330139
00bbac68_2803,12228.52000708951
00bbac68_2804,12228.586492734788
00bbac68_2805,12228.583156420333
00bbac68_2806,12228.586915424912
00bbac68_2807,12228.663076111032
00bbac68_2808,12228.488545679433
00bbac68_2809,12228.489757506339
00bbac68_2810,12228.445300217538
00bbac68_2811,12228.398720703495
00bbac68_2812,12228.485343855498
00bbac68_2813,12228.572662718876
00bbac68_2814,12228.667658752887
00bbac68_2815,12228.662738129093
00bbac68_2816,12228.378604482112
00bbac68_2817,12228.44710072915
00bbac68_2818,12228.426037149933
00bbac68_2819,12228.44090609671
00bbac68_2820,12228.423668822763
00bbac68_2821,12228.411748116238
00bbac68_2822,12228.470299545852
00bbac68_2823,12228.418095001412
00bbac68_2824,12228.542103659971
00bbac68_2825,12228.45298334424
00bbac68_2826,12228.367639097121
00bbac68_2827,12228.494676567567
00bbac68_2828,12228.396907317994
00bbac68_2829,12228.53259490357
00bbac68_2830,12228.441936914292
00bbac68_2831,12228.440619659495
00bbac68_2832,12228.467673738774
00bbac68_2833,12228.45517916469
00bbac68_2834,12228.51840046325
00bbac68_2835,12228.405791373742
00bbac68_2836,12228.429872742889
00bbac68_2837,12228.372320544226
00bbac68_2838,12228.438979978768
00bbac68_2839,12228.523773435069
00bbac68_2840,12228.465209328351
00bbac68_2841,12228.481227959317
00bbac68_2842,12228.49229224625
00bbac68_2843,12228.464596699607
00bbac68_2844,12228.475351692077
00bbac68_2845,12228.539212956768
00bbac68_2846,12228.526879172172
00bbac68_2847,12228.55174397881
00bbac68_2848,12228.53624381071
00bbac68_2849,12228.576029343765
00bbac68_2850,12228.575241145756
00bbac68_2851,12228.59488044597
00bbac68_2852,12228.596939108844
00bbac68_2853,12228.62383658288
00bbac68_2854,12228.637015273061
00bbac68_2855,12228.645737633895
00bbac68_2856,12228.518982726033
00bbac68_2857,12228.5207574145
00bbac68_2858,12228.521833298113
00bbac68_2859,12228.56595498861
00bbac68_2860,12228.558755577918
00bbac68_2861,12228.586013648133
00bbac68_2862,12228.502121548976
00bbac68_2863,12228.54030196769
00bbac68_2864,12228.549941858586
00bbac68_2865,12228.569696225564
00bbac68_2866,12228.553482294823
00bbac68_2867,12228.537409957897
00bbac68_2868,12228.558478634115
00bbac68_2869,12228.59349531577
00bbac68_2870,12228.438210662569
00bbac68_2871,12228.457254199457
00bbac68_2872,12228.651959306175
00bbac68_2873,12228.810993724148
00bbac68_2874,12228.65396619835
00bbac68_2875,12228.818834492457
00bbac68_2876,12228.676039804812
00bbac68_2877,12228.799853711525
00bbac68_2878,12228.823177714254
00bbac68_2879,12228.681848259279
00bbac68_2880,12228.83101848256
00bbac68_2881,12228.928519185702
00bbac68_2882,12228.909203110361
00bbac68_2883,12228.862171608338
00bbac68_2884,12228.911558618183
00bbac68_2885,12228.834571973422
00bbac68_2886,12228.851751160468
00bbac68_2887,12228.903353728601
00bbac68_2888,12228.718662900383
00bbac68_2889,12228.693176045577
00bbac68_2890,12228.680794481897
00bbac68_2891,12228.674453449617
00bbac68_2892,12228.660044779652
00bbac68_2893,12228.785592631677
00bbac68_2894,12228.787780898892
00bbac68_2895,12228.798750593254
00bbac68_2896,12228.934646318252
00bbac68_2897,12228.916830464997
00bbac68_2898,12228.811862291599
00bbac68_2899,12228.77581943334
00bbac68_2900,12228.910203027242
00bbac68_2901,12228.930826251128
00bbac68_2902,12228.936432385766
00bbac68_2903,12228.959840484687
00bbac68_2904,12228.933194902176
00bbac68_2905,12229.146439227501
00bbac68_2906,12229.168161111022
00bbac68_2907,12229.177258730779
00bbac68_2908,12229.220002230757
00bbac68_2909,12229.154442207673
00bbac68_2910,12229.175541389548
00bbac68_2911,12229.195207556553
00bbac68_2912,12229.199127940708
00bbac68_2913,12229.203048324862
00bbac68_2914,12229.19623032429
00bbac68_2915,12229.098148516901
00bbac68_2916,12229.087075799696
00bbac68_2917,12229.015500663616
00bbac68_2918,12229.06242828449
00bbac68_2919,12229.05569228799
00bbac68_2920,12229.059612672143
00bbac68_2921,12229.026210028447
00bbac68_2922,12229.07667830827
00bbac68_2923,12229.076847301252
00bbac68_2924,12229.033404219383
00bbac68_2925,12229.082077743748
00bbac68_2926,12229.05557660266
00bbac68_2927,12229.073041409201
00bbac68_2928,12229.07421758061
00bbac68_2929,12229.099371037639
00bbac68_2930,12229.144200518393
00bbac68_2931,12229.060846908458
00bbac68_2932,12229.113624713294
00bbac68_2933,12229.083846431353
00bbac68_2934,12229.17569893428
00bbac68_2935,12229.088412848301
00bbac68_2936,12229.128307717136
00bbac68_2937,12229.171643207468
00bbac68_2938,12229.046832337877
00bbac68_2939,12229.111011444336
00bbac68_2940,12229.088801480048
00bbac68_2941,12229.002656406901
00bbac68_2942,12229.096842448434
00bbac68_2943,12228.88442809326
00bbac68_2944,12228.901150965026
00bbac68_2945,12228.877842224872
00bbac68_2946,12228.875449833415
00bbac68_2947,12228.92673364783
00bbac68_2948,12228.880606926432
00bbac68_2949,12228.900094127512
00bbac68_2950,12228.967625905832
00bbac68_2951,12228.910703981584
00bbac68_2952,12228.990842267445
00bbac68_2953,12229.058792274795
00bbac68_2954,12229.055917979782
00bbac68_2955,12229.000469096787
00bbac68_2956,12229.07298601202
00bbac68_2957,12229.033387357093
00bbac68_2958,12229.054534997544
00bbac68_2959,12229.106917590057
00bbac68_2960,12229.083825303054
00bbac68_2961,12229.052401752984
00bbac68_2962,12229.056322137138
00bbac68_2963,12229.13447164548
00bbac68_2964,12228.98458004736
00bbac68_2965,12228.907372728325
00bbac68_2966,12228.94026794358
00bbac68_2967,12228.893980450575
00bbac68_2968,12228.91628934448
00bbac68_2969,12229.024225812112
00bbac68_2970,12229.068213731905
00bbac68_2971,12228.984201952582
00bbac68_2972,12228.988122336736
00bbac68_2973,12229.0059693223
00bbac68_2974,12229.102075209697
00bbac68_2975,12229.148443054666
00bbac68_2976,12229.011800539782
00bbac68_2977,12229.03775650481
00bbac68_2978,12229.01030507495
00bbac68_2979,12229.06510766149
00bbac68_2980,12229.070489384641
00bbac68_2981,12229.082170150494
00bbac68_2982,12229.075910764655
00bbac68_2983,12229.044340874378
00bbac68_2984,12229.057084081103
00bbac68_2985,12229.099508559142
00bbac68_2986,12229.051727165122
00bbac68_2987,12229.068845233563
00bbac68_2988,12229.031849127163
00bbac68_2989,12229.040685463999
00bbac68_2990,12229.018761905987
00bbac68_2991,12229.075120263164
00bbac68_2992,12229.030484760573
00bbac68_2993,12229.029324897801
00bbac68_2994,12229.063850735207
00bbac68_2995,12229.112426358943
00bbac68_2996,12229.206830921163
00bbac68_2997,12229.09684502313
00bbac68_2998,12229.073960519036
00bbac68_2999,12229.078448744718
00bbac68_3000,12229.137581006695
00bbac68_3001,12229.091293424282
00bbac68_3002,12229.116446943899
00bbac68_3003,12229.12036732805
00bbac68_3004,12229.124287712206
00bbac68_3005,12229.088187678191
00bbac68_3006,12229.11238929971
00bbac68_3007,12229.132069306914
00bbac68_3008,12229.138618702937
00bbac68_3009,12229.095214262758
00bbac68_3010,12229.162141703624
00bbac68_3011,12229.105833012822
00bbac68_3012,12229.22834689306
00bbac68_3013,12229.190898512576
00bbac68_3014,12229.194151241261
00bbac68_3015,12229.27789008874
00bbac68_3016,12229.273547194887
00bbac68_3017,12229.170660031232
00bbac68_3018,12229.156191780467
00bbac68_3019,12229.157267664079
00bbac68_3020,12229.267995578157
00bbac68_3021,12229.351614264908
00bbac68_3022,12229.305332777816
00bbac68_3023,12229.194182336154
00bbac68_3024,12229.214275010156
00bbac68_3025,12229.180789969
00bbac68_3026,12229.184710353155
00bbac68_3027,12229.316671420576
00bbac68_3028,12229.379056953983
00bbac68_3029,12229.406399341675
00bbac68_3030,12229.379403281617
00bbac68_3031,12229.332352957192
00bbac68_3032,12229.256270663904
00bbac68_3033,12229.260191048059
00bbac68_3034,12229.264111432212
00bbac68_3035,12229.356450729254
00bbac68_3036,12229.4029479204
00bbac68_3037,12229.318449367078
00bbac68_3038,12229.280912630158
00bbac68_3039,12229.305057031215
00bbac68_3040,12229.331704402673
00bbac68_3041,12229.31180864385
00bbac68_3042,12229.303034865872
00bbac68_3043,12229.322232522489
00bbac68_3044,12229.342884839403
00bbac68_3045,12229.346592077347
00bbac68_3046,12229.362826849656
00bbac68_3047,12229.354432845654
00bbac68_3048,12229.284263312267
00bbac68_3049,12229.437994145826
00bbac68_3050,12229.468566428379
00bbac68_3051,12229.35882888949
00bbac68_3052,12229.458018576295
00bbac68_3053,12229.575371393534
00bbac68_3054,12229.618203567341
00bbac68_3055,12229.577793339671
00bbac68_3056,12229.589977010774
00bbac68_3057,12229.585634107978
00bbac68_3058,12229.589554492131
00bbac68_3059,12229.582396485806
00bbac68_3060,12229.576162107096
00bbac68_3061,12229.58008249125
00bbac68_3062,12229.59963604124
00bbac68_3063,12229.588338116826
00bbac68_3064,12229.667094153092
00bbac68_3065,12229.574193738728
00bbac68_3066,12229.596502775685
00bbac68_3067,12229.600394227744
00bbac68_3068,12229.643365393624
00bbac68_3069,12229.638186490984
00bbac68_3070,12229.636599101976
00bbac68_3071,12229.670009784162
00bbac68_3072,12229.641209900543
00bbac68_3073,12229.663518973262
00bbac68_3074,12229.672355417386
00bbac68_3075,12229.365917548417
00bbac68_3076,12229.328372519001
00bbac68_3077,12229.377007044048
00bbac68_3078,12229.357230612233
00bbac68_3079,12229.30125630349
00bbac68_3080,12229.371487725184
00bbac68_3081,12229.419391741663
00bbac68_3082,12229.487903697505
00bbac68_3083,12229.425581690788
00bbac68_3084,12229.514541753157
00bbac68_3085,12229.51641738209
00bbac68_3086,12229.52982318385
00bbac68_3087,12229.722968290986
00bbac68_3088,12229.689483214064
00bbac68_3089,12229.713537904172
00bbac68_3090,12229.665380240931
00bbac68_3091,12229.736241257548
00bbac68_3092,12229.638283108934
00bbac68_3093,12229.622716254413
00bbac68_3094,12229.636149352118
00bbac68_3095,12229.696031870424
00bbac68_3096,12229.725283340498
00bbac68_3097,12229.754263031273
00bbac68_3098,12229.773756946815
00bbac68_3099,12229.753840521573
00bbac68_3100,12229.670214077338
00bbac68_3101,12229.744786591738
00bbac68_3102,12229.701284729255
00bbac68_3103,12229.623679526865
00bbac68_3104,12229.515876142308
00bbac68_3105,12229.478984373836
00bbac68_3106,12229.58813766135
00bbac68_3107,12229.61494790101
00bbac68_3108,12229.629975992186
00bbac68_3109,12229.633896376341
00bbac68_3110,12229.62505223508
00bbac68_3111,12229.6352196092
00bbac68_3112,12229.530586559935
00bbac68_3113,12229.543769747284
00bbac68_3114,12229.617019887937
00bbac68_3115,12229.696263506217
00bbac68_3116,12229.73888050316
00bbac68_3117,12229.666360532134
00bbac68_3118,12229.688514072492
00bbac68_3119,12229.658486792145
00bbac68_3120,12229.687851469322
00bbac68_3121,12229.690026110915
00bbac68_3122,12229.554763057244
00bbac68_3123,12229.505400930164
00bbac68_3124,12229.539042335971
00bbac68_3125,12229.535467591015
00bbac68_3126,12229.538951383067
00bbac68_3127,12229.575442868409
00bbac68_3128,12229.603943373604
00bbac68_3129,12229.612008235601
00bbac68_3130,12229.571239262474
00bbac68_3131,12229.547739352343
00bbac68_3132,12229.574549350602
00bbac68_3133,12229.57681309518
00bbac68_3134,12229.548839796853
00bbac68_3135,12229.650614801225
00bbac68_3136,12229.585580330175
00bbac68_3137,12229.552544666318
00bbac68_3138,12229.587673839818
00bbac68_3139,12229.596095256802
00bbac68_3140,12229.561877096397
00bbac68_3141,12229.69290139338
00bbac68_3142,12229.602918641282
00bbac68_3143,12229.599191439565
00bbac68_3144,12229.609684594792
00bbac68_3145,12229.633764926817
00bbac68_3146,12229.600797033441
00bbac68_3147,12229.643426128265
00bbac68_3148,12229.617622558217
00bbac68_3149,12229.595742630805
00bbac68_3150,12229.659901352476
00bbac68_3151,12229.725667629298
00bbac68_3152,12229.809532576364
00bbac68_3153,12229.79562232789
00bbac68_3154,12229.786865608763
00bbac68_3155,12229.786284763391
00bbac68_3156,12229.823787875157
00bbac68_3157,12229.77332230517
00bbac68_3158,12229.723792969178
00bbac68_3159,12229.732900459465
00bbac68_3160,12229.837157133024
00bbac68_3161,12229.795563747193
00bbac68_3162,12229.73943366469
00bbac68_3163,12229.720377102014
00bbac68_3164,12229.770194534878
00bbac68_3165,12229.729076284493
00bbac68_3166,12229.597232814858
00bbac68_3167,12229.592668263253
00bbac68_3168,12229.74376435284
00bbac68_3169,12229.811844553496
00bbac68_3170,12229.753566423904
00bbac68_3171,12229.832042017337
00bbac68_3172,12229.784548540572
00bbac68_3173,12229.808397237028
00bbac68_3174,12229.770543020437
00bbac68_3175,12229.794538201268
00bbac68_3176,12229.788303751031
00bbac68_3177,12229.790567450906
00bbac68_3178,12229.8267934512
00bbac68_3179,12229.796391841764
00bbac68_3180,12229.732143007615
00bbac68_3181,12229.720712179746
00bbac68_3182,12229.735290160486
00bbac68_3183,12229.629514132554
00bbac68_3184,12229.611849421779
00bbac68_3185,12229.508998467947
00bbac68_3186,12229.526331721077
00bbac68_3187,12229.514551490778
00bbac68_3188,12229.549972560148
00bbac68_3189,12229.50673663422
00bbac68_3190,12229.546379822443
00bbac68_3191,12229.544053556378
00bbac68_3192,12229.473222456138
00bbac68_3193,12229.415188926125
00bbac68_3194,12229.43375674642
00bbac68_3195,12229.376925847406
00bbac68_3196,12229.389567130187
00bbac68_3197,12229.40583697685
00bbac68_3198,12229.271779665538
00bbac68_3199,12229.27685161143
00bbac68_3200,12229.196463657418
00bbac68_3201,12229.072838637137
00bbac68_3202,12229.124215810309
00bbac68_3203,12229.16043371033
00bbac68_3204,12229.16674104593
00bbac68_3205,12229.09422705623
00bbac68_3206,12229.113076544234
00bbac68_3207,12229.159795471363
00bbac68_3208,12229.149697629848
00bbac68_3209,12229.144657576227
00bbac68_3210,12229.13194676245
00bbac68_3211,12229.159240273588
00bbac68_3212,12229.174630355694
00bbac68_3213,12229.025675840938
00bbac68_3214,12229.036525408097
00bbac68_3215,12229.044379913383
00bbac68_3216,12229.058521874227
00bbac68_3217,12229.045298150562
00bbac68_3218,12229.042402433643
00bbac68_3219,12229.10513658046
00bbac68_3220,12229.157651153304
00bbac68_3221,12229.23888796469
00bbac68_3222,12229.169871003338
00bbac68_3223,12229.223623683862
00bbac68_3224,12229.298797844567
00bbac68_3225,12229.338737935446
00bbac68_3226,12229.240017833836
00bbac68_3227,12229.251560841434
00bbac68_3228,12229.186770755388
00bbac68_3229,12229.280705072724
00bbac68_3230,12229.31004936511
00bbac68_3231,12229.373539823346
00bbac68_3232,12229.424937738931
00bbac68_3233,12229.429675946496
00bbac68_3234,12229.434117609031
00bbac68_3235,12229.362717558615
00bbac68_3236,12229.384703443027
00bbac68_3237,12229.414608782015
00bbac68_3238,12229.36469029326
00bbac68_3239,12229.409482464485
00bbac68_3240,12229.41801453153
00bbac68_3241,12229.421824337147
00bbac68_3242,12229.403178116685
00bbac68_3243,12229.43177282106
00bbac68_3244,12229.43074106059
00bbac68_3245,12229.411771759114
00bbac68_3246,12229.420193247623
00bbac68_3247,12229.440845537714
00bbac68_3248,12229.444765921868
00bbac68_3249,12229.48806242182
00bbac68_3250,12229.442709625011
00bbac68_3251,12229.480993326655
00bbac68_3252,12229.59809885428
00bbac68_3253,12229.555503797492
00bbac68_3254,12229.584046216673
00bbac68_3255,12229.59745918887
00bbac68_3256,12229.678006171858
00bbac68_3257,12229.65133138456
00bbac68_3258,12229.530178717261
00bbac68_3259,12229.485424517981
00bbac68_3260,12229.492593236064
00bbac68_3261,12229.508783832393
00bbac68_3262,12229.535593473023
00bbac68_3263,12229.269318420698
00bbac68_3264,12229.273238804853
00bbac68_3265,12229.268300889751
00bbac68_3266,12229.273101968294
00bbac68_3267,12229.25194026493
00bbac68_3268,12229.190737901663
00bbac68_3269,12229.214811617574
00bbac68_3270,12229.246931102221
00bbac68_3271,12229.248007057358
00bbac68_3272,12229.290332025445
00bbac68_3273,12229.296797074934
00bbac68_3274,12229.324892673856
00bbac68_3275,12229.393994098773
00bbac68_3276,12229.44845502553
00bbac68_3277,12229.334997150978
00bbac68_3278,12229.345733636206
00bbac68_3279,12229.349632920315
00bbac68_3280,12229.338837418352
00bbac68_3281,12229.345153551598
00bbac68_3282,12229.342257834678
00bbac68_3283,12229.50244886588
00bbac68_3284,12229.46874408028
00bbac68_3285,12229.439983285387
00bbac68_3286,12229.441070541565
00bbac68_3287,12229.43141737454
00bbac68_3288,12229.452069664632
00bbac68_3289,12229.553736540218
00bbac68_3290,12229.576818124895
00bbac68_3291,12229.57441936766
00bbac68_3292,12229.560595472907
00bbac68_3293,12229.547783951122
00bbac68_3294,12229.609126424853
00bbac68_3295,12229.666216131021
00bbac68_3296,12229.638200203452
00bbac68_3297,12229.675407445211
00bbac68_3298,12229.75414386559
00bbac68_3299,12229.777085760821
00bbac68_3300,12229.78072991321
00bbac68_3301,12229.80855435868
00bbac68_3302,12229.806775227491
00bbac68_3303,12229.858505987335
00bbac68_3304,12229.857555980598
00bbac68_3305,12229.749784138818
00bbac68_3306,12229.714855693703
00bbac68_3307,12229.773155040371
00bbac68_3308,12229.753848996494
00bbac68_3309,12229.767210184174
00bbac68_3310,12229.733719546142
00bbac68_3311,12229.802223804045
00bbac68_3312,12229.754954837117
00bbac68_3313,12229.763160962124
00bbac68_3314,12229.76578952289
00bbac68_3315,12229.773995647896
00bbac68_3316,12229.721739345761
00bbac68_3317,12229.718313981968
00bbac68_3318,12229.748117826166
00bbac68_3319,12229.698712318826
00bbac68_3320,12229.729004325065
00bbac68_3321,12229.708528408903
00bbac68_3322,12229.754070597293
00bbac68_3323,12229.888930417406
00bbac68_3324,12229.854741975876
00bbac68_3325,12229.88444103511
00bbac68_3326,12229.841349733892
00bbac68_3327,12229.849097809123
00bbac68_3328,12229.942704861196
00bbac68_3329,12229.789553404587
00bbac68_3330,12229.818432137014
00bbac68_3331,12229.931266228901
00bbac68_3332,12229.927194917651
00bbac68_3333,12229.99821290608
00bbac68_3334,12229.94132843441
00bbac68_3335,12229.90678658502
00bbac68_3336,12229.894529672536
00bbac68_3337,12229.930341664927
00bbac68_3338,12229.935461532952
00bbac68_3339,12229.91832285701
00bbac68_3340,12229.87091362843
00bbac68_3341,12229.85309817751
00bbac68_3342,12229.864866919817
00bbac68_3343,12229.929139653254
00bbac68_3344,12229.878160869392
00bbac68_3345,12229.751519186513
00bbac68_3346,12229.77183173013
00bbac68_3347,12229.740312909113
00bbac68_3348,12229.764937014314
00bbac68_3349,12229.7991371779
00bbac68_3350,12229.779373441877
00bbac68_3351,12229.766272026942
00bbac68_3352,12229.723269345912
00bbac68_3353,12229.745585249322
00bbac68_3354,12229.649184435964
00bbac68_3355,12229.653104820118
00bbac68_3356,12229.657025204273
00bbac68_3357,12229.563744336443
00bbac68_3358,12229.595100071014
00bbac68_3359,12229.629161403464
00bbac68_3360,12229.67783855775
00bbac68_3361,12229.689800276057
00bbac68_3362,12229.660091552736
00bbac68_3363,12229.659333019958
00bbac68_3364,12229.741027094335
00bbac68_3365,12229.622900101856
00bbac68_3366,12229.665790265024
00bbac68_3367,12229.676729310677
00bbac68_3368,12229.757922062308
00bbac68_3369,12229.770701747075
00bbac68_3370,12229.793010712505
00bbac68_3371,12229.799775525675
00bbac68_3372,12229.801361958831
00bbac68_3373,12229.807597482755
00bbac68_3374,12229.82135921365
00bbac68_3375,12229.81127338843
00bbac68_3376,12229.971944713861
00bbac68_3377,12230.06767103292
00bbac68_3378,12230.077520887136
00bbac68_3379,12230.028480732426
00bbac68_3380,12230.055469616145
00bbac68_3381,12230.065733889534
00bbac68_3382,12230.097314428986
00bbac68_3383,12230.116828246519
00bbac68_3384,12230.161698845535
00bbac68_3385,12230.119003188029
00bbac68_3386,12230.149769694925
00bbac68_3387,12230.148328665122
00bbac68_3388,12230.115480255216
00bbac68_3389,12230.173857493237
00bbac68_3390,12230.139659896433
00bbac68_3391,12230.034666715905
00bbac68_3392,12230.037428886442
00bbac68_3393,12230.02127447392
00bbac68_3394,12230.023434613704
00bbac68_3395,12230.022934645876
00bbac68_3396,12230.03382920262
00bbac68_3397,12230.128542075827
00bbac68_3398,12229.987410527645
00bbac68_3399,12230.062424113437
00bbac68_3400,12230.05385670462
00bbac68_3401,12230.11998187889
00bbac68_3402,12230.172638644575
00bbac68_3403,12230.310032615766
00bbac68_3404,12230.266589444487
00bbac68_3405,12230.276348318173
00bbac68_3406,12230.259941205799
00bbac68_3407,12230.225033467337
00bbac68_3408,12230.184829295902
00bbac68_3409,12230.252529749407
00bbac68_3410,12230.27310160899
00bbac68_3411,12230.165673948271
00bbac68_3412,12230.257960745541
00bbac68_3413,12230.184818403675
00bbac68_3414,12230.296135760007
00bbac68_3415,12230.273925599022
00bbac68_3416,12230.283600752024
00bbac68_3417,12230.21365635432
00bbac68_3418,12230.187259336588
00bbac68_3419,12230.190369407517
00bbac68_3420,12230.271171987144
00bbac68_3421,12230.296849520993
00bbac68_3422,12230.219119743404
00bbac68_3423,12230.263378763004
00bbac68_3424,12230.348752792386
00bbac68_3425,12230.24031075598
00bbac68_3426,12230.325881337641
00bbac68_3427,12230.245977218372
00bbac68_3428,12230.319179991213
00bbac68_3429,12230.279349469376
00bbac68_3430,12230.384021027026
00bbac68_3431,12230.313773146314
00bbac68_3432,12230.365056871322
00bbac68_3433,12230.32161391462
00bbac68_3434,12230.37289763963
00bbac68_3435,12230.34374999867
00bbac68_3436,12230.36032944378
00bbac68_3437,12230.440063967777
00bbac68_3438,12230.219497476395
00bbac68_3439,12230.303849298041
00bbac68_3440,12230.307769682197
00bbac68_3441,12230.260343001377
00bbac68_3442,12230.316047257182
00bbac68_3443,12230.292701091272
00bbac68_3444,12230.257816419806
00bbac68_3445,12230.31998572917
00bbac68_3446,12230.42213415068
00bbac68_3447,12230.406751785202
00bbac68_3448,12230.348191254761
00bbac68_3449,12230.41538527144
00bbac68_3450,12230.46243242943
00bbac68_3451,12230.43861340795
00bbac68_3452,12230.40225713357
00bbac68_3453,12230.432220014882
00bbac68_3454,12230.433295970019
00bbac68_3455,12230.460460735123
00bbac68_3456,12230.425699624087
00bbac68_3457,12230.385183028948
00bbac68_3458,12230.430518651481
00bbac68_3459,12230.428509708625
00bbac68_3460,12230.347929923024
00bbac68_3461,12229.927878463459
00bbac68_3462,12229.932416113312
00bbac68_3463,12229.981448177497
00bbac68_3464,12230.051810312178
00bbac68_3465,12229.887298555981
00bbac68_3466,12229.739100638742
00bbac68_3467,12229.821258842569
00bbac68_3468,12229.848814995612
00bbac68_3469,12229.873610976767
00bbac68_3470,12229.839182209309
00bbac68_3471,12229.759011979142
00bbac68_3472,12229.791856733109
00bbac68_3473,12229.811527620803
00bbac68_3474,12229.838960034605
00bbac68_3475,12229.796849849681
00bbac68_3476,12229.803085230555
00bbac68_3477,12229.789241094062
00bbac68_3478,12229.793748560125
00bbac68_3479,12229.820859537998
00bbac68_3480,12229.801108819629
00bbac68_3481,12229.822788860689
00bbac68_3482,12229.795556281204
00bbac68_3483,12229.81231278787
00bbac68_3484,12229.813262142743
00bbac68_3485,12229.769113049815
00bbac68_3486,12229.788706260735
00bbac68_3487,12229.722578932564
00bbac68_3488,12229.737679193044
00bbac68_3489,12229.799970882665
00bbac68_3490,12229.830571450228
00bbac68_3491,12229.81749077771
00bbac68_3492,12229.84987090155
00bbac68_3493,12229.753725434492
00bbac68_3494,12229.733766004498
00bbac68_3495,12229.704753439584
00bbac68_3496,12229.725588620568
00bbac68_3497,12229.725773510108
00bbac68_3498,12229.78328457343
00bbac68_3499,12229.856025148012
00bbac68_3500,12229.854155966128
00bbac68_3501,12229.85342003543
00bbac68_3502,12229.846586549575
00bbac68_3503,12229.850553711452
00bbac68_3504,12229.873927764202
00bbac68_3505,12229.891856575021
00bbac68_3506,12229.907687683815
00bbac68_3507,12229.907602492789
00bbac68_3508,12229.88428651067
00bbac68_3509,12229.843112023302
00bbac68_3510,12229.899546483688
00bbac68_3511,12229.864290308395
00bbac68_3512,12229.901424451016
00bbac68_3513,12229.920424142727
00bbac68_3514,12229.92782024061
00bbac68_3515,12229.84920511947
00bbac68_3516,12229.904651954734
00bbac68_3517,12229.918257473775
00bbac68_3518,12229.900712174946
00bbac68_3519,12229.900089683808
00bbac68_3520,12229.90954013922
00bbac68_3521,12229.872147065886
00bbac68_3522,12229.917543127529
00bbac68_3523,12229.91361515353
00bbac68_3524,12229.908537477457
00bbac68_3525,12229.947692789741
00bbac68_3526,12229.986488042288
00bbac68_3527,12229.990408426442
00bbac68_3528,12229.91592962923
00bbac68_3529,12230.015671537049
00bbac68_3530,12230.070070522659
00bbac68_3531,12230.013449944592
00bbac68_3532,12229.962430677257
00bbac68_3533,12229.980460053033
00bbac68_3534,12229.700100470833
00bbac68_3535,12229.734232399023
00bbac68_3536,12229.823779480717
00bbac68_3537,12229.785937083729
00bbac68_3538,12229.831146892779
00bbac68_3539,12229.879467921233
00bbac68_3540,12229.844117475233
00bbac68_3541,12229.918626018949
00bbac68_3542,12229.93521343916
00bbac68_3543,12229.940371358789
00bbac68_3544,12229.95124145379
00bbac68_3545,12229.945214061147
00bbac68_3546,12229.9094839574
00bbac68_3547,12229.95434958539
00bbac68_3548,12230.116487828813
00bbac68_3549,12230.125445473022
00bbac68_3550,12230.151273568204
00bbac68_3551,12230.023051885402
00bbac68_3552,12230.04699556782
00bbac68_3553,12230.09063710714
00bbac68_3554,12230.120416418067
00bbac68_3555,12230.139237438892
00bbac68_3556,12230.12190371271
00bbac68_3557,12230.220839098161
00bbac68_3558,12230.127132653168
00bbac68_3559,12230.092376870787
00bbac68_3560,12230.103603735348
00bbac68_3561,12230.153370724804
00bbac68_3562,12230.12469847857
00bbac68_3563,12230.14494228611
00bbac68_3564,12230.144891713462
00bbac68_3565,12230.143415636128
00bbac68_3566,12230.159127297213
00bbac68_3567,12230.135190473115
00bbac68_3568,12230.152956205628
00bbac68_3569,12230.191298701291
00bbac68_3570,12230.128155849208
00bbac68_3571,12230.177299135661
00bbac68_3572,12230.182149781427
00bbac68_3573,12230.158170757239
00bbac68_3574,12230.201977806737
00bbac68_3575,12230.233456708347
00bbac68_3576,12230.228995153566
00bbac68_3577,12230.221718781357
00bbac68_3578,12230.260708440414
00bbac68_3579,12230.242985472058
00bbac68_3580,12230.275855689128
00bbac68_3581,12230.276999307458
00bbac68_3582,12230.377672978928
00bbac68_3583,12230.35650312165
00bbac68_3584,12230.413470662137
00bbac68_3585,12230.408968266252
00bbac68_3586,12230.406205086221
00bbac68_3587,12230.398008680557
00bbac68_3588,12230.321772213896
00bbac68_3589,12230.266473285381
00bbac68_3590,12230.183145344188
00bbac68_3591,12230.246052296792
00bbac68_3592,12230.232443050285
00bbac68_3593,12230.162867474202
00bbac68_3594,12230.184203906407
00bbac68_3595,12230.223011890506
00bbac68_3596,12230.163826405365
00bbac68_3597,12230.210496194426
00bbac68_3598,12230.239487579633
00bbac68_3599,12230.200167464289
00bbac68_3600,12230.245434779901
00bbac68_3601,12230.245736399178
00bbac68_3602,12230.204550324666
00bbac68_3603,12230.277645809147
00bbac68_3604,12230.247851326663
00bbac68_3605,12230.242355655137
00bbac68_3606,12230.263221162964
00bbac68_3607,12230.308703770552
00bbac68_3608,12230.246066747326
00bbac68_3609,12230.321812826518
00bbac68_3610,12230.235445477592
00bbac68_3611,12230.27239436898
00bbac68_3612,12230.29753896578
00bbac68_3613,12230.310197486226
00bbac68_3614,12230.251018438386
00bbac68_3615,12230.314832049164
00bbac68_3616,12230.377907802123
00bbac68_3617,12230.400403663876
00bbac68_3618,12230.42968887614
00bbac68_3619,12230.428041995736
00bbac68_3620,12230.255740389304
00bbac68_3621,12230.36592760581
00bbac68_3622,12230.335134054112
00bbac68_3623,12230.380683180483
00bbac68_3624,12230.450576465028
00bbac68_3625,12230.466933143738
00bbac68_3626,12230.471666058409
00bbac68_3627,12230.513129930112
00bbac68_3628,12230.48174886735
00bbac68_3629,12230.49903294665
00bbac68_3630,12230.420355312155
00bbac68_3631,12230.440053236516
00bbac68_3632,12230.409052260655
00bbac68_3633,12230.416657928468
00bbac68_3634,12230.403358244645
00bbac68_3635,12230.355572505447
00bbac68_3636,12230.44525906201
00bbac68_3637,12230.381247746409
00bbac68_3638,12230.435597951579
00bbac68_3639,12230.450966719063
00bbac68_3640,12230.427522563117
00bbac68_3641,12230.425631637456
00bbac68_3642,12230.496172657597
00bbac68_3643,12230.344222794862
00bbac68_3644,12230.288281137542
00bbac68_3645,12230.340065005126
00bbac68_3646,12230.343985389278
00bbac68_3647,12230.36156029156
00bbac68_3648,12230.379400696771
00bbac68_3649,12230.47836440635
00bbac68_3650,12230.374581152426
00bbac68_3651,12230.367774846287
00bbac68_3652,12230.377505825
00bbac68_3653,12230.442556255997
00bbac68_3654,12230.404649056838
00bbac68_3655,12230.34085231796
00bbac68_3656,12230.35922873582
00bbac68_3657,12230.381949187875
00bbac68_3658,12230.395530388221
00bbac68_3659,12230.370661585897
00bbac68_3660,12230.434475196675
00bbac68_3661,12230.37511561829
00bbac68_3662,12230.453562360093
00bbac68_3663,12230.457482744248
00bbac68_3664,12230.336449381606
00bbac68_3665,12230.38753144026
00bbac68_3666,12230.369738949046
00bbac68_3667,12230.39158764741
00bbac68_3668,12230.362320022301
00bbac68_3669,12230.350041294516
00bbac68_3670,12230.37271911733
00bbac68_3671,12230.345764629275
00bbac68_3672,12230.37375365509
00bbac68_3673,12230.365722831131
00bbac68_3674,12230.401669077024
00bbac68_3675,12230.436464333387
00bbac68_3676,12230.398782725886
00bbac68_3677,12230.353246036828
00bbac68_3678,12230.272975241705
00bbac68_3679,12230.276033170492
00bbac68_3680,12230.331324366107
00bbac68_3681,12230.37013277936
00bbac68_3682,12230.345498580919
00bbac68_3683,12230.364577236862
00bbac68_3684,12230.342708932354
00bbac68_3685,12230.292466718853
00bbac68_3686,12230.38678655903
00bbac68_3687,12230.347994445472
00bbac68_3688,12230.350164741889
00bbac68_3689,12230.337845959782
00bbac68_3690,12230.339204727039
00bbac68_3691,12230.397386986344
00bbac68_3692,12230.309639336898
00bbac68_3693,12230.322067544996
00bbac68_3694,12230.354484003827
00bbac68_3695,12230.359034814386
00bbac68_3696,12230.49855624224
00bbac68_3697,12230.507745200157
00bbac68_3698,12230.518050100072
00bbac68_3699,12230.332455751864
00bbac68_3700,12230.355176919176
00bbac68_3701,12230.390733636796
00bbac68_3702,12230.391877112075
00bbac68_3703,12230.395797496229
00bbac68_3704,12230.514760471477
00bbac68_3705,12230.527839276194
00bbac68_3706,12230.516600816354
00bbac68_3707,12230.469007910102
00bbac68_3708,12230.461872443273
00bbac68_3709,12230.460524396716
00bbac68_3710,12230.512292957825
00bbac68_3711,12230.468582316666
00bbac68_3712,12230.518814222349
00bbac68_3713,12230.500256407497
00bbac68_3714,12230.5320149741
00bbac68_3715,12230.576272348611
00bbac68_3716,12230.380002665474
00bbac68_3717,12230.321463199316
00bbac68_3718,12230.355051533146
00bbac68_3719,12230.384018313554
00bbac68_3720,12230.38793869771
00bbac68_3721,12230.390640429137
00bbac68_3722,12230.36677241264
00bbac68_3723,12230.451704807369
00bbac68_3724,12230.454406538796
00bbac68_3725,12230.415105592308
00bbac68_3726,12230.502165729804
00bbac68_3727,12230.476084569003
00bbac68_3728,12230.43654229523
00bbac68_3729,12230.43539566469
00bbac68_3730,12230.469173970443
00bbac68_3731,12230.477528940168
00bbac68_3732,12230.485091406536
00bbac68_3733,12230.615322949823
00bbac68_3734,12230.563065002603
00bbac68_3735,12230.648614376929
00bbac68_3736,12230.644037952077
00bbac68_3737,12230.640534410832
00bbac68_3738,12230.657147151094
00bbac68_3739,12230.646586896744
00bbac68_3740,12230.595343182158
00bbac68_3741,12230.530733340558
00bbac68_3742,12230.6026957169
00bbac68_3743,12230.461898693826
00bbac68_3744,12230.549296575082
00bbac68_3745,12230.612277055976
00bbac68_3746,12230.572295615179
00bbac68_3747,12230.626640527455
00bbac68_3748,12230.573617685746
00bbac68_3749,12230.603158959564
00bbac68_3750,12230.654555015486
00bbac68_3751,12230.651988745358
00bbac68_3752,12230.473155995738
00bbac68_3753,12230.502835313913
00bbac68_3754,12230.50644699369
00bbac68_3755,12230.510367377843
00bbac68_3756,12230.55508423264
00bbac68_3757,12230.618561244068
00bbac68_3758,12230.581608339111
00bbac68_3759,12230.592423645523
00bbac68_3760,12230.569250142347
00bbac68_3761,12230.281037910458
00bbac68_3762,12230.290641430598
00bbac68_3763,12230.274939918007
00bbac68_3764,12230.256795234869
00bbac68_3765,12230.299459591803
00bbac68_3766,12230.303379975956
00bbac68_3767,12230.304455931093
00bbac68_3768,12230.342558816086
00bbac68_3769,12230.340135167951
00bbac68_3770,12230.357903904538
00bbac68_3771,12230.016028466547
00bbac68_3772,12229.908460508417
00bbac68_3773,12229.843644959266
00bbac68_3774,12229.906918551962
00bbac68_3775,12229.947946117665
00bbac68_3776,12229.858724040041
00bbac68_3777,12229.920994558091
00bbac68_3778,12229.938932238081
00bbac68_3779,12229.824396973814
00bbac68_3780,12229.96402697749
00bbac68_3781,12229.924403879817
00bbac68_3782,12229.972555249611
00bbac68_3783,12230.012238563682
00bbac68_3784,12230.071785244832
00bbac68_3785,12230.064904552097
00bbac68_3786,12230.108633066515
00bbac68_3787,12230.083546397294
00bbac68_3788,12230.105863731214
00bbac68_3789,12230.049720943982
00bbac68_3790,12229.998604544917
00bbac68_3791,12229.90132210734
00bbac68_3792,12229.913534594307
00bbac68_3793,12229.905500766272
00bbac68_3794,12229.885209743717
00bbac68_3795,12229.972690308536
00bbac68_3796,12230.025950893114
00bbac68_3797,12230.0195029301
00bbac68_3798,12230.075306391875
00bbac68_3799,12230.041974683667
00bbac68_3800,12230.046740500102
00bbac68_3801,12229.95972284066
00bbac68_3802,12229.963643224815
00bbac68_3803,12230.020036629521
00bbac68_3804,12229.98967924077
00bbac68_3805,12229.803544445329
00bbac68_3806,12229.779175892869
00bbac68_3807,12229.517639695907
00bbac68_3808,12229.653561956891
00bbac68_3809,12229.681659415477
00bbac68_3810,12229.68419592283
00bbac68_3811,12229.756117386543
00bbac68_3812,12229.808001389929
00bbac68_3813,12229.727882658177
00bbac68_3814,12229.752580363192
00bbac68_3815,12229.84384835019
00bbac68_3816,12229.849963138946
00bbac68_3817,12229.933041447752
00bbac68_3818,12229.95582083688
00bbac68_3819,12229.978927813136
00bbac68_3820,12229.944852954217
00bbac68_3821,12229.980250885063
00bbac68_3822,12229.956418774404
00bbac68_3823,12230.053035729909
00bbac68_3824,12229.966007913836
00bbac68_3825,12229.998935351365
00bbac68_3826,12229.827332549788
00bbac68_3827,12229.828411079847
00bbac68_3828,12229.87654227943
00bbac68_3829,12229.836723058634
00bbac68_3830,12229.878850115456
00bbac68_3831,12229.859405097388
00bbac68_3832,12229.8399203111
00bbac68_3833,12229.859502507083
00bbac68_3834,12229.79638826523
00bbac68_3835,12229.895068304382
00bbac68_3836,12229.981867373534
00bbac68_3837,12229.90056904202
00bbac68_3838,12229.988002113856
00bbac68_3839,12229.958611893915
00bbac68_3840,12229.944268651969
00bbac68_3841,12229.944202486746
00bbac68_3842,12229.950555884814
00bbac68_3843,12229.974293430529
00bbac68_3844,12229.943743637985
00bbac68_3845,12229.969198655775
00bbac68_3846,12229.93011128465
00bbac68_3847,12230.037834731243
00bbac68_3848,12230.06469336689
00bbac68_3849,12229.939162476174
00bbac68_3850,12229.972089913703
00bbac68_3851,12230.084514593205
00bbac68_3852,12230.084131426638
00bbac68_3853,12230.069014277986
00bbac68_3854,12230.07293466214
00bbac68_3855,12230.076855046293
00bbac68_3856,12229.953114297634
00bbac68_3857,12229.932088278285
00bbac68_3858,12229.939608973717
00bbac68_3859,12230.02130426403
00bbac68_3860,12230.135262737937
00bbac68_3861,12230.08241212981
00bbac68_3862,12230.110657503283
00bbac68_3863,12230.139050791642
00bbac68_3864,12230.182980579024
00bbac68_3865,12230.151220859876
00bbac68_3866,12230.090616307354
00bbac68_3867,12230.166620736918
00bbac68_3868,12230.138772894446
00bbac68_3869,12230.094313952734
00bbac68_3870,12230.209717529333
00bbac68_3871,12230.208234585545
00bbac68_3872,12230.223893460756
00bbac68_3873,12230.201950483552
00bbac68_3874,12230.232108164762
00bbac68_3875,12230.205150386533
00bbac68_3876,12230.1796259808
00bbac68_3877,12230.21299115484
00bbac68_3878,12230.210637029562
00bbac68_3879,12230.174699644704
00bbac68_3880,12230.066860461597
00bbac68_3881,12230.096218486895
00bbac68_3882,12230.019062344407
00bbac68_3883,12229.967894303878
00bbac68_3884,12230.020490129773
00bbac68_3885,12230.024410513928
00bbac68_3886,12230.0200676916
00bbac68_3887,12230.04116680195
00bbac68_3888,12230.00977214933
00bbac68_3889,12230.026836931218
00bbac68_3890,12230.058109839176
00bbac68_3891,12230.05815182062
00bbac68_3892,12230.052925228301
00bbac68_3893,12230.055181641508
00bbac68_3894,12230.114452806149
00bbac68_3895,12230.010955225367
00bbac68_3896,12230.039915854577
00bbac68_3897,12230.00377276217
00bbac68_3898,12230.064085339163
00bbac68_3899,12230.077958649952
00bbac68_3900,12229.867693414752
00bbac68_3901,12229.884868059922
00bbac68_3902,12229.822033340011
00bbac68_3903,12229.857101394911
00bbac68_3904,12229.913724110607
00bbac68_3905,12229.920977300393
00bbac68_3906,12229.935546125862
00bbac68_3907,12230.058696208198
00bbac68_3908,12230.034539085333
00bbac68_3909,12230.024308277774
00bbac68_3910,12230.018171307955
00bbac68_3911,12230.107254045624
00bbac68_3912,12230.145254935149
00bbac68_3913,12230.09205099069
00bbac68_3914,12230.093201618525
00bbac68_3915,12230.186063481407
00bbac68_3916,12230.179055043998
00bbac68_3917,12229.956921999503
00bbac68_3918,12229.959551490101
00bbac68_3919,12229.96301754381
00bbac68_3920,12230.011974720719
00bbac68_3921,12230.015895104872
00bbac68_3922,12230.031194063398
00bbac68_3923,12230.000120131452
00bbac68_3924,12229.989356887523
00bbac68_3925,12230.001167686867
00bbac68_3926,12230.030855588111
00bbac68_3927,12230.006297922033
00bbac68_3928,12230.02472512305
00bbac68_3929,12230.025438014376
00bbac68_3930,12229.9897727128
00bbac68_3931,12230.022700150328
00bbac68_3932,12230.04669547421
00bbac68_3933,12229.993232607172
00bbac68_3934,12229.91070260528
00bbac68_3935,12229.938545432822
00bbac68_3936,12229.814715420249
00bbac68_3937,12229.821405560719
00bbac68_3938,12229.833589151354
00bbac68_3939,12229.8527427661
00bbac68_3940,12229.99160673088
00bbac68_3941,12229.794032993483
00bbac68_3942,12229.58341585246
00bbac68_3943,12229.589549810069
00bbac68_3944,12229.524882032754
00bbac68_3945,12229.557105658638
00bbac68_3946,12229.471081775519
00bbac68_3947,12229.642247547703
00bbac68_3948,12229.71521185428
00bbac68_3949,12229.647565465973
00bbac68_3950,12229.497171141418
00bbac68_3951,12229.7091402507
00bbac68_3952,12229.733208244565
00bbac68_3953,12229.472586144433
00bbac68_3954,12229.604850587577
00bbac68_3955,12229.623389368491
00bbac68_3956,12229.589764262379
00bbac68_3957,12229.778373977588
00bbac68_3958,12229.57129420534
00bbac68_3959,12229.572356713668
00bbac68_3960,12229.570526155592
00bbac68_3961,12229.84924922453
00bbac68_3962,12229.827006984324
00bbac68_3963,12229.86224927552
00bbac68_3964,12229.880085961402
00bbac68_3965,12229.881289804265
00bbac68_3966,12229.835307367832
00bbac68_3967,12229.826891593233
00bbac68_3968,12229.825726795198
00bbac68_3969,12229.878729172455
00bbac68_3970,12229.728296796293
00bbac68_3971,12229.782369196133
00bbac68_3972,12229.196999533593
00bbac68_3973,12229.25051546447
00bbac68_3974,12229.227744221122
00bbac68_3975,12229.258356232778
00bbac68_3976,12229.185785165668
00bbac68_3977,12229.239444433793
00bbac68_3978,12229.168679530472
00bbac68_3979,12229.100871208266
00bbac68_3980,12229.103574513256
00bbac68_3981,12229.273075456187
00bbac68_3982,12229.260833063394
00bbac68_3983,12229.217549143807
00bbac68_3984,12229.203708869696
00bbac68_3985,12229.20578160523
00bbac68_3986,12229.16531636545
00bbac68_3987,12229.144908040955
00bbac68_3988,12229.239077963532
00bbac68_3989,12229.155338607237
00bbac68_3990,12229.185341793209
00bbac68_3991,12229.121873070611
00bbac68_3992,12229.245163915275
00bbac68_3993,12229.16520912014
00bbac68_3994,12229.162384356587
00bbac68_3995,12229.162703857257
00bbac68_3996,12229.126378231584
00bbac68_3997,12229.159306527421
00bbac68_3998,12229.131060430556
00bbac68_3999,12229.128688280834
00bbac68_4000,12229.108468497752
00bbac68_4001,12229.201712593302
00bbac68_4002,12229.219079213111
00bbac68_4003,12229.216859842016
00bbac68_4004,12229.254703947483
00bbac68_4005,12229.247163645907
00bbac68_4006,12229.21196326056
00bbac68_4007,12229.343244084013
00bbac68_4008,12229.34832919061
00bbac68_4009,12229.346589899167
00bbac68_4010,12229.377203341333
00bbac68_4011,12229.367274371696
00bbac68_4012,12229.566840088188
00bbac68_4013,12229.500017960592
00bbac68_4014,12229.388931516438
00bbac68_4015,12229.401784586444
00bbac68_4016,12229.432966227767
00bbac68_4017,12229.429692855818
00bbac68_4018,12229.484190117566
00bbac68_4019,12229.451235635235
00bbac68_4020,12229.43015067881
00bbac68_4021,12229.470407198829
00bbac68_4022,12229.450875491766
00bbac68_4023,12229.425259247197
00bbac68_4024,12229.479323922274
00bbac68_4025,12229.486088735444
00bbac68_4026,12229.463316347686
00bbac68_4027,12229.235321925473
00bbac68_4028,12229.227978176174
00bbac68_4029,12229.259033074184
00bbac68_4030,12229.282661614921
00bbac68_4031,12229.256842523826
00bbac68_4032,12229.308908774374
00bbac68_4033,12229.302783248644
00bbac68_4034,12229.35306393477
00bbac68_4035,12229.356984318925
00bbac68_4036,12229.32303734773
00bbac68_4037,12229.32789958064
00bbac68_4038,12229.373274470714
00bbac68_4039,12229.318299553048
00bbac68_4040,12229.399522774575
00bbac68_4041,12229.40397330628
00bbac68_4042,12229.384427008
00bbac68_4043,12229.252365260196
00bbac68_4044,12229.258576179322
00bbac68_4045,12229.26320752768
00bbac68_4046,12229.273206727292
00bbac68_4047,12229.253278482449
00bbac68_4048,12229.294685419794
00bbac68_4049,12229.278889064293
00bbac68_4050,12229.262605762688
00bbac68_4051,12229.232358952475
00bbac68_4052,12229.209955922779
00bbac68_4053,12229.280975305956
00bbac68_4054,12229.317999728348
00bbac68_4055,12229.293120197188
00bbac68_4056,12229.326048493025
00bbac68_4057,12229.28933748756
00bbac68_4058,12229.306420007792
00bbac68_4059,12229.252766596626
00bbac68_4060,12229.37769079929
00bbac68_4061,12229.374942425053
00bbac68_4062,12229.381707238223
00bbac68_4063,12229.520883054505
00bbac68_4064,12229.354451838011
00bbac68_4065,12229.373281298856
00bbac68_4066,12229.532883674587
00bbac68_4067,12229.35617566366
00bbac68_4068,12229.512934468683
00bbac68_4069,12229.365049833457
00bbac68_4070,12229.548565211202
00bbac68_4071,12229.433610377917
00bbac68_4072,12229.649020725603
00bbac68_4073,12229.643104340652
00bbac68_4074,12229.64755372795
00bbac68_4075,12229.653789537977
00bbac68_4076,12229.50477880412
00bbac68_4077,12229.629181156199
00bbac68_4078,12229.603256207252
00bbac68_4079,12229.555327989112
00bbac68_4080,12229.564151880499
00bbac68_4081,12229.602563040713
00bbac68_4082,12229.569604839053
00bbac68_4083,12229.547287640045
00bbac68_4084,12229.552498917754
00bbac68_4085,12229.543263173977
00bbac68_4086,12229.585607954647
00bbac68_4087,12229.608544127832
00bbac68_4088,12229.624232185477
00bbac68_4089,12229.6157940949
00bbac68_4090,12229.632836846911
00bbac68_4091,12229.673202085802
00bbac68_4092,12229.62625748735
00bbac68_4093,12229.634942619125
00bbac68_4094,12229.775149261975
00bbac68_4095,12229.72820409132
00bbac68_4096,12229.77133708381
00bbac68_4097,12229.750118231514
00bbac68_4098,12229.823661609138
00bbac68_4099,12229.784260383794
00bbac68_4100,12229.799710404332
00bbac68_4101,12229.76904016272
00bbac68_4102,12229.815221575165
00bbac68_4103,12229.808281802307
00bbac68_4104,12229.852144069546
00bbac68_4105,12229.937531509975
00bbac68_4106,12229.948656808221
00bbac68_4107,12229.969599134514
00bbac68_4108,12229.94804411202
00bbac68_4109,12229.977462504903
00bbac68_4110,12230.04498514583
00bbac68_4111,12230.051685872086
00bbac68_4112,12230.005616460556
00bbac68_4113,12230.054431444623
00bbac68_4114,12229.99704182359
00bbac68_4115,12230.06077732844
00bbac68_4116,12230.061853283578
00bbac68_4117,12230.031521214882
00bbac68_4118,12230.013543901585
00bbac68_4119,12229.924891596684
00bbac68_4120,12229.887354613893
00bbac68_4121,12229.90494153247
00bbac68_4122,12229.936652749144
00bbac68_4123,12229.940573133297
00bbac68_4124,12229.949588713222
00bbac68_4125,12229.950728755273
00bbac68_4126,12229.96749284365
00bbac68_4127,12229.96495876003
00bbac68_4128,12229.950876157276
00bbac68_4129,12229.935013712146
00bbac68_4130,12230.07370973488
00bbac68_4131,12230.092789249129
00bbac68_4132,12229.97293062251
00bbac68_4133,12229.9566842281
00bbac68_4134,12229.912692777536
00bbac68_4135,12229.956876623757
00bbac68_4136,12229.972046264045
00bbac68_4137,12229.97034187708
00bbac68_4138,12229.974791836581
00bbac68_4139,12229.941741796083
00bbac68_4140,12229.93589865332
00bbac68_4141,12230.075222098387
00bbac68_4142,12230.132201583645
00bbac68_4143,12230.135459927089
00bbac68_4144,12230.133226250879
00bbac68_4145,12230.15786129949
00bbac68_4146,12230.149954786979
00bbac68_4147,12230.142625914998
00bbac68_4148,12230.132272083452
00bbac68_4149,12230.145523121751
00bbac68_4150,12230.175699685715
00bbac68_4151,12230.17468480528
00bbac68_4152,12230.0499315406
00bbac68_4153,12230.04814561448
00bbac68_4154,12230.02581782969
00bbac68_4155,12230.03753078205
00bbac68_4156,12230.003821847968
00bbac68_4157,12230.00324527625
00bbac68_4158,12230.013158645173
00bbac68_4159,12229.987150154358
00bbac68_4160,12229.990503197661
00bbac68_4161,12230.01993732617
00bbac68_4162,12230.036090300044
00bbac68_4163,12230.039096301263
00bbac68_4164,12230.016855205467
00bbac68_4165,12229.992813095723
00bbac68_4166,12229.993889050862
00bbac68_4167,12230.033045221455
00bbac68_4168,12230.052148482195
00bbac68_4169,12230.059623115158
00bbac68_4170,12230.066213405928
00bbac68_4171,12229.87616730601
00bbac68_4172,12229.905276422312
00bbac68_4173,12229.899166918312
00bbac68_4174,12229.977735682747
00bbac68_4175,12229.983674804693
00bbac68_4176,12229.584148323764
00bbac68_4177,12229.634164651368
00bbac68_4178,12229.51389718457
00bbac68_4179,12229.52451522345
00bbac68_4180,12229.522282119444
00bbac68_4181,12229.516413799678
00bbac68_4182,12229.551434933801
00bbac68_4183,12229.454429014091
00bbac68_4184,12229.498101309408
00bbac68_4185,12229.48095140395
00bbac68_4186,12229.45563299187
00bbac68_4187,12229.465706864183
00bbac68_4188,12229.497342835952
00bbac68_4189,12229.512056715284
00bbac68_4190,12229.537856200237
00bbac68_4191,12229.555267165902
00bbac68_4192,12229.557032913674
00bbac68_4193,12229.572457471108
00bbac68_4194,12229.56317537876
00bbac68_4195,12229.535209376041
00bbac68_4196,12229.556672408511
00bbac68_4197,12229.556716678773
00bbac68_4198,12229.572118920227
00bbac68_4199,12229.683931054715
00bbac68_4200,12229.71447440182
00bbac68_4201,12229.595629721734
00bbac68_4202,12229.531838275749
00bbac68_4203,12229.531333515708
00bbac68_4204,12229.583475583364
00bbac68_4205,12229.556046022448
00bbac68_4206,12229.587344107407
00bbac68_4207,12229.591677623275
00bbac68_4208,12229.602551151504
00bbac68_4209,12229.59920139024
00bbac68_4210,12229.630500047404
00bbac68_4211,12229.624039495888
00bbac68_4212,12229.662705287146
00bbac68_4213,12229.595070342932
00bbac68_4214,12229.435270119327
00bbac68_4215,12229.476601239565
00bbac68_4216,12229.48093561374
00bbac68_4217,12229.45561605725
00bbac68_4218,12229.51619127615
00bbac68_4219,12229.55105476791
00bbac68_4220,12229.517434525538
00bbac68_4221,12229.570029779228
00bbac68_4222,12229.528508249778
00bbac68_4223,12229.606740271809
00bbac68_4224,12229.623573024737
00bbac68_4225,12229.627319744799
00bbac68_4226,12229.593638562637
00bbac68_4227,12229.696921987716
00bbac68_4228,12229.699988070417
00bbac68_4229,12229.66522284666
00bbac68_4230,12229.359830315012
00bbac68_4231,12229.43719287217
00bbac68_4232,12229.437824796545
00bbac68_4233,12229.400693220707
00bbac68_4234,12229.387577929812
00bbac68_4235,12229.412753425659
00bbac68_4236,12229.466452748107
00bbac68_4237,12229.440700604948
00bbac68_4238,12229.407548712032
00bbac68_4239,12229.468616312983
00bbac68_4240,12229.394287719475
00bbac68_4241,12229.419309864494
00bbac68_4242,12229.460302525717
00bbac68_4243,12229.457450582446
00bbac68_4244,12229.466870424912
00bbac68_4245,12229.487789004714
00bbac68_4246,12229.425400890486
00bbac68_4247,12229.473367867353
00bbac68_4248,12229.501126008618
00bbac68_4249,12229.466528154702
00bbac68_4250,12229.620115801887
00bbac68_4251,12229.515731590094
00bbac68_4252,12229.487525261447
00bbac68_4253,12229.530900582584
00bbac68_4254,12229.528317289369
00bbac68_4255,12229.500570441009
00bbac68_4256,12229.487398501858
00bbac68_4257,12229.475315468044
00bbac68_4258,12229.498237622218
00bbac68_4259,12229.544576963128
00bbac68_4260,12229.554052023337
00bbac68_4261,12229.5540962936
00bbac68_4262,12229.558016677753
00bbac68_4263,12229.504928890825
00bbac68_4264,12229.547294270858
00bbac68_4265,12229.590835245222
00bbac68_4266,12229.497958926037
00bbac68_4267,12229.586292934002
00bbac68_4268,12229.474906940744
00bbac68_4269,12229.613145772011
00bbac68_4270,12229.11830574204
00bbac68_4271,12229.1260415864
00bbac68_4272,12229.145291331515
00bbac68_4273,12229.176981948824
00bbac68_4274,12229.17261223288
00bbac68_4275,12229.147514977873
00bbac68_4276,12229.197304426358
00bbac68_4277,12229.343556124597
00bbac68_4278,12229.388630607264
00bbac68_4279,12229.380642269492
00bbac68_4280,12229.398105591878
00bbac68_4281,12229.307993306964
00bbac68_4282,12229.20155945833
00bbac68_4283,12229.150997954666
00bbac68_4284,12229.141013767286
00bbac68_4285,12229.065785668165
00bbac68_4286,12229.184084027782
00bbac68_4287,12229.146152223824
00bbac68_4288,12229.169069800362
00bbac68_4289,12229.148464351385
00bbac68_4290,12229.183232284977
00bbac68_4291,12229.054924199283
00bbac68_4292,12229.099568384096
00bbac68_4293,12228.9966925036
00bbac68_4294,12229.088431414977
00bbac68_4295,12229.085597496152
00bbac68_4296,12229.187443829402
00bbac68_4297,12229.16572830352
00bbac68_4298,12229.11482805474
00bbac68_4299,12229.105990565358
00bbac68_4300,12229.132839187427
00bbac68_4301,12229.094807819873
00bbac68_4302,12229.181005502
00bbac68_4303,12229.226724287031
00bbac68_4304,12229.259928957685
00bbac68_4305,12229.25769585368
00bbac68_4306,12229.20344477482
00bbac68_4307,12229.112278489052
00bbac68_4308,12229.189821004553
00bbac68_4309,12229.197512216953
00bbac68_4310,12229.255152312411
00bbac68_4311,12229.426484882235
00bbac68_4312,12229.298673470123
00bbac68_4313,12229.3929186376
00bbac68_4314,12229.34027545364
00bbac68_4315,12229.341880698023
00bbac68_4316,12229.4575434833
00bbac68_4317,12229.432735763816
00bbac68_4318,12229.429941899312
00bbac68_4319,12229.373916986224
00bbac68_4320,12229.477677916033
00bbac68_4321,12229.466531008928
00bbac68_4322,12229.472765388442
00bbac68_4323,12229.302407131849
00bbac68_4324,12229.183360749645
00bbac68_4325,12229.252069570688
00bbac68_4326,12229.293779490365
00bbac68_4327,12229.26314100611
00bbac68_4328,12229.212478794438
00bbac68_4329,12229.2669156886
00bbac68_4330,12229.119088559937
00bbac68_4331,12229.272571779786
00bbac68_4332,12229.125728843017
00bbac68_4333,12229.248200862912
00bbac68_4334,12229.297672165645
00bbac68_4335,12229.167324742792
00bbac68_4336,12229.194665460807
00bbac68_4337,12229.14021639916
00bbac68_4338,12229.148981067372
00bbac68_4339,12229.190339653429
00bbac68_4340,12229.178294385118
00bbac68_4341,12229.237965234664
00bbac68_4342,12229.198121695172
00bbac68_4343,12229.199726939556
00bbac68_4344,12229.213708397012
00bbac68_4345,12229.19677478489
00bbac68_4346,12229.230830323766
00bbac68_4347,12229.034021910009
00bbac68_4348,12229.047423152011
00bbac68_4349,12229.09048862436
00bbac68_4350,12229.025292988312
00bbac68_4351,12229.034663048978
00bbac68_4352,12229.019784795742
00bbac68_4353,12229.020341189113
00bbac68_4354,12229.00674124093
00bbac68_4355,12229.01710407656
00bbac68_4356,12229.002029557148
00bbac68_4357,12229.073836866048
00bbac68_4358,12229.060501276384
00bbac68_4359,12229.066736800309
00bbac68_4360,12229.068342044691
00bbac68_4361,12229.110220764722
00bbac68_4362,12229.121514005015
00bbac68_4363,12229.15322522169
00bbac68_4364,12229.157145605843
00bbac68_4365,12229.164874583746
00bbac68_4366,12229.181742241155
00bbac68_4367,12229.13085286426
00bbac68_4368,12229.132459253055
00bbac68_4369,12229.245868696657
00bbac68_4370,12229.145404086303
00bbac68_4371,12229.145937019284
00bbac68_4372,12229.177118374508
00bbac68_4373,12229.26552591076
00bbac68_4374,12229.137955968987
00bbac68_4375,12229.14187635314
00bbac68_4376,12229.144136199575
00bbac68_4377,12229.134948520983
00bbac68_4378,12229.083537865708
00bbac68_4379,12229.14278928929
00bbac68_4380,12229.136813967267
00bbac68_4381,12229.088104117656
00bbac68_4382,12229.128066524516
00bbac68_4383,12229.103034500833
00bbac68_4384,12229.081424260596
00bbac68_4385,12229.193850656713
00bbac68_4386,12229.162983290622
00bbac68_4387,12229.267338168795
00bbac68_4388,12229.22516060678
00bbac68_4389,12229.214199093964
00bbac68_4390,12229.270604371915
00bbac68_4391,12229.37725722372
00bbac68_4392,12229.367389766077
00bbac68_4393,12229.393893920982
00bbac68_4394,12229.422972996543
00bbac68_4395,12229.420739892537
00bbac68_4396,12229.403022932329
00bbac68_4397,12229.410973925615
00bbac68_4398,12229.450134101638
00bbac68_4399,12229.458392940993
00bbac68_4400,12229.456159836987
00bbac68_4401,12229.46474025532
00bbac68_4402,12229.423023890206
00bbac68_4403,12229.403774566108
00bbac68_4404,12229.354009571232
00bbac68_4405,12229.3380595788
00bbac68_4406,12229.422136670717
00bbac68_4407,12229.412519838685
00bbac68_4408,12229.431665442564
00bbac68_4409,12229.424685329283
00bbac68_4410,12229.40940138299
00bbac68_4411,12229.44198349505
00bbac68_4412,12229.45706873516
00bbac68_4413,12229.477840544485
00bbac68_4414,12229.445232532033
00bbac68_4415,12229.655448692552
00bbac68_4416,12229.688321484544
00bbac68_4417,12229.695813569748
00bbac68_4418,12229.681457739302
00bbac68_4419,12229.711652613812
00bbac68_4420,12229.740572616494
00bbac68_4421,12229.731779759073
00bbac68_4422,12229.750307381995
00bbac68_4423,12229.728603300206
00bbac68_4424,12229.696960024692
00bbac68_4425,12229.730986381135
00bbac68_4426,12229.70764579422
00bbac68_4427,12229.736512009673
00bbac68_4428,12229.705469548979
00bbac68_4429,12229.753320368312
00bbac68_4430,12229.728226546533
00bbac68_4431,12229.626627826683
00bbac68_4432,12229.653347130516
00bbac68_4433,12229.64321645876
00bbac68_4434,12229.638388979143
00bbac68_4435,12229.661093695573
00bbac68_4436,12229.67828922621
00bbac68_4437,12229.646005081557
00bbac68_4438,12229.693667073376
00bbac68_4439,12229.735130945079
00bbac68_4440,12229.836881147958
00bbac68_4441,12229.807733828864
00bbac68_4442,12229.81684410865
00bbac68_4443,12229.794192456058
00bbac68_4444,12229.81498257593
00bbac68_4445,12229.785835256836
00bbac68_4446,12229.864096461302
00bbac68_4447,12229.793676025143
00bbac68_4448,12229.708103611447
00bbac68_4449,12229.685218499384
00bbac68_4450,12229.810488599724
00bbac68_4451,12229.799800600698
00bbac68_4452,12229.79503263036
00bbac68_4453,12229.780371242665
00bbac68_4454,12229.688701416857
00bbac68_4455,12229.722865102402
00bbac68_4456,12229.67926275096
00bbac68_4457,12229.709459914287
00bbac68_4458,12229.707226810282
00bbac68_4459,12229.743538551858
00bbac68_4460,12229.837957669533
00bbac68_4461,12229.825399705907
00bbac68_4462,12229.851951925999
00bbac68_4463,12229.852984965793
00bbac68_4464,12229.870106109833
00bbac68_4465,12229.898887639007
00bbac68_4466,12229.704635263151
00bbac68_4467,12229.780179640224
00bbac68_4468,12229.82189070431
00bbac68_4469,12229.67528694906
00bbac68_4470,12229.767372616416
00bbac68_4471,12229.646315507283
00bbac68_4472,12229.795874548054
00bbac68_4473,12229.65258042415
00bbac68_4474,12229.615043441361
00bbac68_4475,12229.816103184035
00bbac68_4476,12229.654553444898
00bbac68_4477,12229.662860349436
00bbac68_4478,12229.692256426339
00bbac68_4479,12229.705008216133
00bbac68_4480,12229.676644245123
00bbac68_4481,12229.712846695622
00bbac68_4482,12229.240292317812
00bbac68_4483,12229.20589788263
00bbac68_4484,12229.17731819049
00bbac68_4485,12229.252584476133
00bbac68_4486,12229.33414558447
00bbac68_4487,12229.347259579768
00bbac68_4488,12229.347728425835
00bbac68_4489,12229.412966826041
00bbac68_4490,12229.38122799236
00bbac68_4491,12229.43560079961
00bbac68_4492,12229.418658032213
00bbac68_4493,12229.340887628097
00bbac68_4494,12229.359595495465
00bbac68_4495,12229.335765673626
00bbac68_4496,12229.258720824932
00bbac68_4497,12229.22614542814
00bbac68_4498,12229.231579293433
00bbac68_4499,12229.241455755164
00bbac68_4500,12229.233649950656
00bbac68_4501,12229.361264945406
00bbac68_4502,12229.300911304597
00bbac68_4503,12229.300684922087
00bbac68_4504,12229.298465550994
00bbac68_4505,12229.295938906032
00bbac68_4506,12229.318479399744
00bbac68_4507,12229.283523059654
00bbac68_4508,12229.361114784751
00bbac68_4509,12229.350314633626
00bbac68_4510,12229.320230043415
00bbac68_4511,12229.340759810199
00bbac68_4512,12229.349369410966
00bbac68_4513,12229.402015304762
00bbac68_4514,12229.357210179272
00bbac68_4515,12229.38206524055
00bbac68_4516,12229.329829466256
00bbac68_4517,12229.36774795832
00bbac68_4518,12229.351593116644
00bbac68_4519,12229.328255962955
00bbac68_4520,12229.39646238837
00bbac68_4521,12229.435453191834
00bbac68_4522,12229.421261011901
00bbac68_4523,12229.38634930377
00bbac68_4524,12229.410776356013
00bbac68_4525,12229.446020363825
00bbac68_4526,12229.482741803888
00bbac68_4527,12229.475719347465
00bbac68_4528,12229.484139548513
00bbac68_4529,12229.491360408741
00bbac68_4530,12229.522438767137
00bbac68_4531,12229.47393376677
00bbac68_4532,12229.509503931196
00bbac68_4533,12229.489381422894
00bbac68_4534,12229.402471194866
00bbac68_4535,12229.548357826578
00bbac68_4536,12229.466838910193
00bbac68_4537,12229.51124276908
00bbac68_4538,12229.354819983068
00bbac68_4539,12229.322934092806
00bbac68_4540,12229.443908081086
00bbac68_4541,12229.405602055329
00bbac68_4542,12228.982983972073
00bbac68_4543,12229.000948545681
00bbac68_4544,12228.978450243922
00bbac68_4545,12228.996460593895
00bbac68_4546,12228.949870190085
00bbac68_4547,12229.000045304463
00bbac68_4548,12228.975396657856
00bbac68_4549,12229.000740381853
00bbac68_4550,12229.006004302384
00bbac68_4551,12229.048341358292
00bbac68_4552,12228.974684532972
00bbac68_4553,12228.964957837657
00bbac68_4554,12229.04449276954
00bbac68_4555,12228.993344183968
00bbac68_4556,12228.9902058523
00bbac68_4557,12228.974879562871
00bbac68_4558,12228.998166783573
00bbac68_4559,12228.964913324342
00bbac68_4560,12229.0307691333
00bbac68_4561,12228.94427890344
00bbac68_4562,12228.775078788936
00bbac68_4563,12228.769446789667
00bbac68_4564,12228.781387193354
00bbac68_4565,12228.716387823479
00bbac68_4566,12228.78922796166
00bbac68_4567,12228.768395919666
00bbac68_4568,12228.770001164048
00bbac68_4569,12228.800989114121
00bbac68_4570,12228.698067457259
00bbac68_4571,12228.741972353742
00bbac68_4572,12228.62847521165
00bbac68_4573,12228.676115459695
00bbac68_4574,12228.611042847635
00bbac68_4575,12228.699113927589
00bbac68_4576,12228.656805902929
00bbac68_4577,12228.650891234593
00bbac68_4578,12228.638408801973
00bbac68_4579,12228.769729393645
00bbac68_4580,12228.84192408505
00bbac68_4581,12228.772359666958
00bbac68_4582,12228.818506461024
00bbac68_4583,12228.764139796838
00bbac68_4584,12228.780488464683
00bbac68_4585,12228.785954945639
00bbac68_4586,12228.800778116047
00bbac68_4587,12228.791480574175
00bbac68_4588,12228.814166980057
00bbac68_4589,12228.75038526155
00bbac68_4590,12228.794216915845
00bbac68_4591,12228.70527650593
00bbac68_4592,12228.754608190744
00bbac68_4593,12228.71311727424
00bbac68_4594,12228.61533859223
00bbac68_4595,12228.402507877752
00bbac68_4596,12228.475960274845
00bbac68_4597,12228.45105528058
00bbac68_4598,12228.459641420959
00bbac68_4599,12228.552644904477
00bbac68_4600,12228.501623348324
00bbac68_4601,12228.588766312434
00bbac68_4602,12228.591466756403
00bbac68_4603,12228.592205683037
00bbac68_4604,12228.122694289235
00bbac68_4605,12228.17260962273
00bbac68_4606,12228.231593254564
00bbac68_4607,12228.443225049241
00bbac68_4608,12228.491458101242
00bbac68_4609,12228.40728529997
00bbac68_4610,12228.513880931316
00bbac68_4611,12228.511656982584
00bbac68_4612,12228.504743245034
00bbac68_4613,12228.545194314613
00bbac68_4614,12228.502859968541
00bbac68_4615,12228.521862521273
00bbac68_4616,12228.519972740021
00bbac68_4617,12228.504057079865
00bbac68_4618,12228.526260545073
00bbac68_4619,12228.490269659085
00bbac68_4620,12228.589753931788
00bbac68_4621,12228.596329345239
00bbac68_4622,12228.556310138938
00bbac68_4623,12228.625088768942
00bbac68_4624,12228.585598279682
00bbac68_4625,12228.674442408039
00bbac68_4626,12228.628526633438
00bbac68_4627,12228.562673534318
00bbac68_4628,12228.625236878066
00bbac68_4629,12228.61548386134
00bbac68_4630,12228.634465814706
00bbac68_4631,12228.619883391244
00bbac68_4632,12228.606213061896
00bbac68_4633,12228.712097442938
00bbac68_4634,12228.62763338953
00bbac68_4635,12228.63888371448
00bbac68_4636,12228.653973532226
00bbac68_4637,12228.642313929808
00bbac68_4638,12228.675388137814
00bbac68_4639,12228.660079586727
00bbac68_4640,12228.70002768847
00bbac68_4641,12228.7136068861
00bbac68_4642,12228.634118151602
00bbac68_4643,12228.458653541249
00bbac68_4644,12228.423078647998
00bbac68_4645,12228.430610215317
00bbac68_4646,12228.436076696273
00bbac68_4647,12228.475506952864
00bbac68_4648,12228.522592734662
00bbac68_4649,12228.41617547996
00bbac68_4650,12228.487268105324
00bbac68_4651,12228.451277219337
00bbac68_4652,12228.538626749303
00bbac68_4653,12228.39780855466
00bbac68_4654,12228.195829128024
00bbac68_4655,12228.288598579864
00bbac68_4656,12228.206960072723
00bbac68_4657,12228.266609750699
00bbac68_4658,12228.095244986233
00bbac68_4659,12228.158804538172
00bbac68_4660,12228.122813652184
00bbac68_4661,12228.185578984152
00bbac68_4662,12228.12782429659
00bbac68_4663,12227.725715170245
00bbac68_4664,12227.965115481462
00bbac68_4665,12227.955347015213
00bbac68_4666,12227.999693653639
00bbac68_4667,12227.984172242443
00bbac68_4668,12227.964070905711
00bbac68_4669,12227.955870852242
00bbac68_4670,12227.996460967537
00bbac68_4671,12227.771899486761
00bbac68_4672,12227.813312432256
00bbac68_4673,12227.730123250672
00bbac68_4674,12227.780863703187
00bbac68_4675,12227.802686652343
00bbac68_4676,12227.776928501034
00bbac68_4677,12227.8253692633
00bbac68_4678,12227.746890469904
00bbac68_4679,12227.775035135368
00bbac68_4680,12227.748038733329
00bbac68_4681,12227.841050799916
00bbac68_4682,12227.779880050952
00bbac68_4683,12228.012038540879
00bbac68_4684,12227.925522561813
00bbac68_4685,12227.92012688304
00bbac68_4686,12227.8541095612
00bbac68_4687,12227.83729611204
00bbac68_4688,12227.938359097207
00bbac68_4689,12228.01791520066
00bbac68_4690,12228.041681356603
00bbac68_4691,12228.023753252903
00bbac68_4692,12228.058709441804
00bbac68_4693,12228.061387569795
00bbac68_4694,12228.061701348419
00bbac68_4695,12228.084901021817
00bbac68_4696,12228.080298418605
00bbac68_4697,12228.08184129269
00bbac68_4698,12228.067893444115
00bbac68_4699,12228.057215172568
00bbac68_4700,12228.131888654256
00bbac68_4701,12228.050822351703
00bbac68_4702,12228.111935156816
00bbac68_4703,12228.030111255386
00bbac68_4704,12228.118221817458
00bbac68_4705,12228.080940037915
00bbac68_4706,12228.085655214243
00bbac68_4707,12228.139494154611
00bbac68_4708,12228.183909457588
00bbac68_4709,12228.07900740064
00bbac68_4710,12228.173936352603
00bbac68_4711,12228.138812928773
00bbac68_4712,12228.11046841272
00bbac68_4713,12228.1466559859
00bbac68_4714,12228.218640106015
00bbac68_4715,12228.13647631506
00bbac68_4716,12228.229373940729
00bbac68_4717,12228.164759092338
00bbac68_4718,12228.137211085075
00bbac68_4719,12228.144829627492
00bbac68_4720,12228.16027878972
00bbac68_4721,12228.12948123259
00bbac68_4722,12228.131848081284
00bbac68_4723,12228.159991602339
00bbac68_4724,12228.259972548627
00bbac68_4725,12228.137098117717
00bbac68_4726,12227.795243851297
00bbac68_4727,12227.965320432044
00bbac68_4728,12227.915859850013
00bbac68_4729,12228.062325552768
00bbac68_4730,12228.027828120761
00bbac68_4731,12228.05221225766
00bbac68_4732,12228.059739247345
00bbac68_4733,12228.07978550125
00bbac68_4734,12227.691869337552
00bbac68_4735,12227.569631198145
00bbac68_4736,12227.624168800317
00bbac68_4737,12227.627071804709
00bbac68_4738,12227.680738511495
00bbac68_4739,12227.623787199176
00bbac68_4740,12227.665787226579
00bbac68_4741,12227.799460723527
00bbac68_4742,12227.697639988295
00bbac68_4743,12227.761031884289
00bbac68_4744,12227.685174360118
00bbac68_4745,12227.786173830576
00bbac68_4746,12228.146075278572
00bbac68_4747,12228.110084392583
00bbac68_4748,12227.730418274663
00bbac68_4749,12227.792433446415
00bbac68_4750,12227.741361536257
00bbac68_4751,12227.794283232666
00bbac68_4752,12227.7044387395
00bbac68_4753,12227.687931419796
00bbac68_4754,12227.69685973852
00bbac68_4755,12227.646048753655
00bbac68_4756,12227.661944235464
00bbac68_4757,12227.745231685049
00bbac68_4758,12227.704062347522
00bbac68_4759,12227.737432957507
00bbac68_4760,12227.780114480576
00bbac68_4761,12227.732147352523
00bbac68_4762,12227.758800280622
00bbac68_4763,12227.807548316752
00bbac68_4764,12227.781723217508
00bbac68_4765,12227.747740769631
00bbac68_4766,12227.69801354026
00bbac68_4767,12227.618199793553
00bbac68_4768,12227.597059905489
00bbac68_4769,12227.565068729586
00bbac68_4770,12227.426846627166
00bbac68_4771,12227.398837995206
00bbac68_4772,12227.439817781826
00bbac68_4773,12227.427143088466
00bbac68_4774,12227.444735729088
00bbac68_4775,12227.43959239254
00bbac68_4776,12227.373375371299
00bbac68_4777,12227.43693778426
00bbac68_4778,12227.409700484088
00bbac68_4779,12227.439057651078
00bbac68_4780,12227.452868019362
00bbac68_4781,12227.477867276197
00bbac68_4782,12227.44227922224
00bbac68_4783,12227.36891765449
00bbac68_4784,12227.38797857209
00bbac68_4785,12227.384740676825
00bbac68_4786,12227.470080052068
00bbac68_4787,12227.43496692792
00bbac68_4788,12227.443168546815
00bbac68_4789,12227.538433382873
00bbac68_4790,12227.578813499083
00bbac68_4791,12227.481229366635
00bbac68_4792,12227.534433732111
00bbac68_4793,12227.547853856866
00bbac68_4794,12227.685975672293
00bbac68_4795,12227.758742568289
00bbac68_4796,12227.72773215105
00bbac68_4797,12227.69396370769
00bbac68_4798,12227.694251737106
00bbac68_4799,12227.684973650192
00bbac68_4800,12227.6162572393
00bbac68_4801,12227.663133022013
00bbac68_4802,12227.531578247477
00bbac68_4803,12227.534781087073
00bbac68_4804,12227.598271402258
00bbac68_4805,12227.563542799595
00bbac68_4806,12227.606112170566
00bbac68_4807,12227.710290809724
00bbac68_4808,12227.700233380157
00bbac68_4809,12227.567679536405
00bbac68_4810,12227.637426336576
00bbac68_4811,12227.707144526514
00bbac68_4812,12227.651038360376
00bbac68_4813,12227.466210194114
00bbac68_4814,12227.56975139736
00bbac68_4815,12227.513512479756
00bbac68_4816,12227.490765841205
00bbac68_4817,12227.315614798965
00bbac68_4818,12227.302047466444
00bbac68_4819,12227.25335936061
00bbac68_4820,12227.267239537854
00bbac68_4821,12227.291884027842
00bbac68_4822,12227.320381743539
00bbac68_4823,12227.408814456794
00bbac68_4824,12227.414354179937
00bbac68_4825,12227.32967211658
00bbac68_4826,12227.353748979616
00bbac68_4827,12227.484182654174
00bbac68_4828,12227.454865962523
00bbac68_4829,12227.551580765012
00bbac68_4830,12227.57363087939
00bbac68_4831,12227.015330499384
00bbac68_4832,12227.106496061759
00bbac68_4833,12227.092021212758
00bbac68_4834,12227.080505805898
00bbac68_4835,12227.084426190051
00bbac68_4836,12227.050090119737
00bbac68_4837,12227.11232387364
00bbac68_4838,12227.061048258649
00bbac68_4839,12227.07543540916
00bbac68_4840,12227.08430078538
00bbac68_4841,12227.00316753489
00bbac68_4842,12227.055520459937
00bbac68_4843,12227.016134111913
00bbac68_4844,12227.015109504002
00bbac68_4845,12227.020112499238
00bbac68_4846,12227.128160385833
00bbac68_4847,12227.111714864226
00bbac68_4848,12227.08225054379
00bbac68_4849,12227.096637694302
00bbac68_4850,12227.150571048425
00bbac68_4851,12227.118420799645
00bbac68_4852,12227.086296872274
00bbac68_4853,12227.087373399616
00bbac68_4854,12227.16315695821
00bbac68_4855,12227.120159999224
00bbac68_4856,12227.134586059647
00bbac68_4857,12227.180688221753
00bbac68_4858,12227.112861016796
00bbac68_4859,12227.108189176828
00bbac68_4860,12227.123137087838
00bbac68_4861,12227.178365913154
00bbac68_4862,12227.150527798161
00bbac68_4863,12227.168390519351
00bbac68_4864,12227.208382680848
00bbac68_4865,12227.112518595399
00bbac68_4866,12227.104419249938
00bbac68_4867,12227.176942386777
00bbac68_4868,12227.176893959895
00bbac68_4869,12227.2760417763
00bbac68_4870,12227.23339958416
00bbac68_4871,12227.190149710745
00bbac68_4872,12227.15886921294
00bbac68_4873,12227.177491821825
00bbac68_4874,12227.111687932298
00bbac68_4875,12227.065643411666
00bbac68_4876,12226.788221098677
00bbac68_4877,12226.665385577679
00bbac68_4878,12226.66646210502
00bbac68_4879,12226.761338986367
00bbac68_4880,12226.714328584389
00bbac68_4881,12226.812277059973
00bbac68_4882,12226.842483378574
00bbac68_4883,12226.818953964144
00bbac68_4884,12226.869792835845
00bbac68_4885,12226.907923043607
00bbac68_4886,12226.95563996707
00bbac68_4887,12227.006751208155
00bbac68_4888,12226.943697333887
00bbac68_4889,12226.990325924216
00bbac68_4890,12226.96376268105
00bbac68_4891,12226.968886983661
00bbac68_4892,12226.976775034442
00bbac68_4893,12226.956366423845
00bbac68_4894,12227.016446399673
00bbac68_4895,12227.008986778943
00bbac68_4896,12227.071082059338
00bbac68_4897,12227.094442522226
00bbac68_4898,12227.157493384286
00bbac68_4899,12227.206481746345
00bbac68_4900,12227.074445175542
00bbac68_4901,12227.086735768436
00bbac68_4902,12227.086687341554
00bbac68_4903,12227.095631682008
00bbac68_4904,12227.067120654418
00bbac68_4905,12227.044235542355
00bbac68_4906,12227.025433682247
00bbac68_4907,12226.9497787185
00bbac68_4908,12227.059965505852
00bbac68_4909,12227.038484583853
00bbac68_4910,12227.054192382559
00bbac68_4911,12227.039968159166
00bbac68_4912,12227.071586678696
00bbac68_4913,12227.072754758774
00bbac68_4914,12227.150655474348
00bbac68_4915,12227.00837186375
00bbac68_4916,12227.050938945902
00bbac68_4917,12226.900658203958
00bbac68_4918,12226.885448644263
00bbac68_4919,12226.921127527563
00bbac68_4920,12226.924816741062
00bbac68_4921,12227.015447864353
00bbac68_4922,12227.07594669394
00bbac68_4923,12227.084682751922
00bbac68_4924,12227.023481676115
00bbac68_4925,12226.984408896205
00bbac68_4926,12227.00115124081
00bbac68_4927,12227.170065674034
00bbac68_4928,12227.165190129232
00bbac68_4929,12227.195786691365
00bbac68_4930,12227.100685926838
00bbac68_4931,12227.352429263261
00bbac68_4932,12227.324776542557
00bbac68_4933,12227.324023159621
00bbac68_4934,12227.322135667187
00bbac68_4935,12227.357815694895
00bbac68_4936,12227.288615198922
00bbac68_4937,12227.3731111446
00bbac68_4938,12226.85096150617
00bbac68_4939,12226.783968575504
00bbac68_4940,12226.67813439728
00bbac68_4941,12226.673850512025
00bbac68_4942,12226.618317694883
00bbac68_4943,12226.720304790464
00bbac68_4944,12226.795089279842
00bbac68_4945,12226.6864478659
00bbac68_4946,12226.67094075982
00bbac68_4947,12226.773877715019
00bbac68_4948,12226.808224506032
00bbac68_4949,12226.797745933887
00bbac68_4950,12226.780175458056
00bbac68_4951,12226.829427034227
00bbac68_4952,12226.849325659347
00bbac68_4953,12226.866552089032
00bbac68_4954,12226.795415252727
00bbac68_4955,12226.948017277506
00bbac68_4956,12226.837708459389
00bbac68_4957,12226.914546018836
00bbac68_4958,12226.80744383524
00bbac68_4959,12226.909430930818
00bbac68_4960,12226.196578091096
00bbac68_4961,12226.287360276398
00bbac68_4962,12226.199784002225
00bbac68_4963,12226.286283808377
00bbac68_4964,12226.244873000513
00bbac68_4965,12226.321602985496
00bbac68_4966,12226.253863900047
00bbac68_4967,12226.307736600484
00bbac68_4968,12226.269064363787
00bbac68_4969,12226.310568289811
00bbac68_4970,12226.353007198135
00bbac68_4971,12226.268051620986
00bbac68_4972,12226.295035283338
00bbac68_4973,12226.241935480113
00bbac68_4974,12226.266194304208
00bbac68_4975,12226.22261484095
00bbac68_4976,12226.339797401617
00bbac68_4977,12226.333220120367
00bbac68_4978,12226.364460984867
00bbac68_4979,12226.336717855836
00bbac68_4980,12226.387268336424
00bbac68_4981,12226.400792602415
00bbac68_4982,12226.38491470776
00bbac68_4983,12226.341917748774
00bbac68_4984,12226.359068647454
00bbac68_4985,12226.389161669547
00bbac68_4986,12226.318473441639
00bbac68_4987,12226.238404491687
00bbac68_4988,12226.229858826646
00bbac68_4989,12226.395472783799
00bbac68_4990,12226.295877924422
00bbac68_4991,12226.318813811506
00bbac68_4992,12226.29053395457
00bbac68_4993,12226.427742531472
00bbac68_4994,12226.425596402565
00bbac68_4995,12226.423995012427
00bbac68_4996,12226.45475751389
00bbac68_4997,12226.433059154147
00bbac68_4998,12226.522917801241
00bbac68_4999,12226.465469243132
00bbac68_5000,12226.501148126432
00bbac68_5001,12226.502589720303
00bbac68_5002,12226.544408358852
00bbac68_5003,12226.369067344689
00bbac68_5004,12226.106698590049
00bbac68_5005,12226.106274796955
00bbac68_5006,12226.076020834185
00bbac68_5007,12226.255291026078
00bbac68_5008,12226.044821227737
00bbac68_5009,12226.11615417903
00bbac68_5010,12225.763316445507
00bbac68_5011,12225.805180860423
00bbac68_5012,12225.737178560861
00bbac68_5013,12225.781217353218
00bbac68_5014,12225.728530681708
00bbac68_5015,12225.798515518985
00bbac68_5016,12225.69319975812
00bbac68_5017,12225.79154534369
00bbac68_5018,12225.927750273742
00bbac68_5019,12225.959198276305
00bbac68_5020,12225.868312370785
00bbac68_5021,12226.097737439388
00bbac68_5022,12226.16796603582
00bbac68_5023,12226.104363989554
00bbac68_5024,12226.09043960137
00bbac68_5025,12226.16563836687
00bbac68_5026,12226.166646229662
00bbac68_5027,12226.181419046066
00bbac68_5028,12226.1178169998
00bbac68_5029,12226.142942141645
00bbac68_5030,12226.135773200847
00bbac68_5031,12226.139634075724
00bbac68_5032,12226.156346665688
00bbac68_5033,12226.143269140295
00bbac68_5034,12226.147189524449
00bbac68_5035,12226.120529006505
00bbac68_5036,12226.122819751985
00bbac68_5037,12226.171316018097
00bbac68_5038,12226.136653791167
00bbac68_5039,12226.166734224758
00bbac68_5040,12226.16128189773
00bbac68_5041,12226.073893306664
00bbac68_5042,12226.057780808129
00bbac68_5043,12225.921972264669
00bbac68_5044,12225.90868187917
00bbac68_5045,12225.934944563738
00bbac68_5046,12225.981356860733
00bbac68_5047,12225.984648964248
00bbac68_5048,12225.988569348401
00bbac68_5049,12225.963913835338
00bbac68_5050,12226.07761395887
00bbac68_5051,12226.085785823128
00bbac68_5052,12226.111073471075
00bbac68_5053,12226.071989247075
00bbac68_5054,12226.10094930408
00bbac68_5055,12226.030868757447
00bbac68_5056,12226.108642443603
00bbac68_5057,12226.196918372802
00bbac68_5058,12226.220434475339
00bbac68_5059,12226.243893357416
00bbac68_5060,12226.246358053093
00bbac68_5061,12226.196669733636
00bbac68_5062,12226.198677810049
00bbac68_5063,12226.266136936269
00bbac68_5064,12226.258727669543
00bbac68_5065,12226.315579267075
00bbac68_5066,12226.283786073958
00bbac68_5067,12226.260163962384
00bbac68_5068,12226.158465678936
00bbac68_5069,12226.164415100564
00bbac68_5070,12226.230171345924
00bbac68_5071,12226.272173089941
00bbac68_5072,12226.259798231786
00bbac68_5073,12226.275510608128
00bbac68_5074,12226.323931343233
00bbac68_5075,12226.284175351044
00bbac68_5076,12226.276477693205
00bbac68_5077,12226.270749563566
00bbac68_5078,12226.381950297451
00bbac68_5079,12226.341322265467
00bbac68_5080,12226.39888110787
00bbac68_5081,12226.363328530599
00bbac68_5082,12226.343303297079
00bbac68_5083,12226.316555804035
00bbac68_5084,12226.325018348221
00bbac68_5085,12226.372275219192
00bbac68_5086,12226.33890960786
00bbac68_5087,12226.295611669262
00bbac68_5088,12226.334755823558
00bbac68_5089,12226.321639388254
00bbac68_5090,12226.352525485907
00bbac68_5091,12226.390917763372
00bbac68_5092,12226.332711606388
00bbac68_5093,12226.308733583559
00bbac68_5094,12226.285669943665
00bbac68_5095,12226.330147044737
00bbac68_5096,12226.318456543271
00bbac68_5097,12226.348664006282
00bbac68_5098,12226.386294107233
00bbac68_5099,12226.334567595024
00bbac68_5100,12226.387749072317
00bbac68_5101,12226.40297164153
00bbac68_5102,12226.345109951708
00bbac68_5103,12226.375030168016
00bbac68_5104,12226.421520284835
00bbac68_5105,12226.196015238691
00bbac68_5106,12226.041075606976
00bbac68_5107,12225.951447407144
00bbac68_5108,12225.95865796769
00bbac68_5109,12225.920686109414
00bbac68_5110,12225.98518922672
00bbac68_5111,12226.134488486607
00bbac68_5112,12226.14820272452
00bbac68_5113,12226.171423569489
00bbac68_5114,12226.232376729522
00bbac68_5115,12226.241961939115
00bbac68_5116,12226.253941252711
00bbac68_5117,12226.403745197045
00bbac68_5118,12226.393243736717
00bbac68_5119,12226.453786053855
00bbac68_5120,12226.473303590717
00bbac68_5121,12226.43710327785
00bbac68_5122,12226.460594203385
00bbac68_5123,12226.470962188858
00bbac68_5124,12226.514798420789
00bbac68_5125,12226.478802957165
00bbac68_5126,12226.474293623301
00bbac68_5127,12226.498721819955
00bbac68_5128,12226.43447432691
00bbac68_5129,12226.4784673429
00bbac68_5130,12226.511754411014
00bbac68_5131,12226.51770955469
00bbac68_5132,12226.499799189332
00bbac68_5133,12226.54474092053
00bbac68_5134,12226.473636127683
00bbac68_5135,12226.478991600949
00bbac68_5136,12226.575278394404
00bbac68_5137,12226.491250933097
00bbac68_5138,12226.194980200919
00bbac68_5139,12226.15777738561
00bbac68_5140,12226.216393662096
00bbac68_5141,12226.205381795275
00bbac68_5142,12226.213898126694
00bbac68_5143,12226.216369688826
00bbac68_5144,12226.217154391827
00bbac68_5145,12226.222365669535
00bbac68_5146,12226.30643360618
00bbac68_5147,12226.26543478562
00bbac68_5148,12226.270467535498
00bbac68_5149,12226.235821330296
00bbac68_5150,12226.307340820284
00bbac68_5151,12226.262138584809
00bbac68_5152,12226.268902825774
00bbac68_5153,12226.320325346158
00bbac68_5154,12226.287432375819
00bbac68_5155,12226.29441291012
00bbac68_5156,12226.175355083826
00bbac68_5157,12226.126758530721
00bbac68_5158,12226.122725271078
00bbac68_5159,12226.271508402424
00bbac68_5160,12226.029193129838
00bbac68_5161,12225.777690540359
00bbac68_5162,12225.7526241844
00bbac68_5163,12225.807730557935
00bbac68_5164,12225.799178026438
00bbac68_5165,12225.856057089792
00bbac68_5166,12226.044614162178
00bbac68_5167,12225.941527710394
00bbac68_5168,12225.938003712834
00bbac68_5169,12225.879887964174
00bbac68_5170,12225.91197340265
00bbac68_5171,12226.033402865782
00bbac68_5172,12226.286807884337
00bbac68_5173,12226.257533535823
00bbac68_5174,12226.257841020197
00bbac68_5175,12226.322530676201
00bbac68_5176,12226.247774073661
00bbac68_5177,12226.269757812306
00bbac68_5178,12226.276068867237
00bbac68_5179,12226.325813683763
00bbac68_5180,12226.25507739067
00bbac68_5181,12226.272112704024
00bbac68_5182,12226.325012656658
00bbac68_5183,12226.334888546184
00bbac68_5184,12226.316323578774
00bbac68_5185,12226.121087011024
00bbac68_5186,12225.929299692541
00bbac68_5187,12225.824768996372
00bbac68_5188,12225.906964679598
00bbac68_5189,12225.885071770295
00bbac68_5190,12225.840591657012
00bbac68_5191,12225.920409257962
00bbac68_5192,12226.07256610757
00bbac68_5193,12226.021408366723
00bbac68_5194,12226.120060653953
00bbac68_5195,12226.104043141378
00bbac68_5196,12225.999396859883
00bbac68_5197,12226.160210020527
00bbac68_5198,12226.17321358034
00bbac68_5199,12226.193550514176
00bbac68_5200,12226.176418347059
00bbac68_5201,12226.2534298567
00bbac68_5202,12226.215713201671
00bbac68_5203,12226.261587626352
00bbac68_5204,12226.204770782111
00bbac68_5205,12226.265736530646
00bbac68_5206,12226.26103379163
00bbac68_5207,12226.136079969241
00bbac68_5208,12226.018575106202
00bbac68_5209,12226.074439078613
00bbac68_5210,12225.996831752806
00bbac68_5211,12226.063136170162
00bbac68_5212,12226.07784947729
00bbac68_5213,12226.035334314569
00bbac68_5214,12226.118299040761
00bbac68_5215,12226.112498813345
00bbac68_5216,12226.124932457386
00bbac68_5217,12226.092164227648
00bbac68_5218,12226.256257264999
00bbac68_5219,12226.271992529524
00bbac68_5220,12226.301135692
00bbac68_5221,12226.28403442393
00bbac68_5222,12226.32840395054
00bbac68_5223,12226.21814319761
00bbac68_5224,12226.174091093359
00bbac68_5225,12226.193424380344
00bbac68_5226,12226.183772071628
00bbac68_5227,12226.19677677585
00bbac68_5228,12226.267951798674
00bbac68_5229,12226.274426504118
00bbac68_5230,12226.466129557339
00bbac68_5231,12226.241027343225
00bbac68_5232,12226.24865675753
00bbac68_5233,12226.296109322471
00bbac68_5234,12226.318501615195
00bbac68_5235,12226.33279721297
00bbac68_5236,12226.348284140704
00bbac68_5237,12226.324860011919
00bbac68_5238,12226.337852127639
00bbac68_5239,12226.59421658833
00bbac68_5240,12226.372216867503
00bbac68_5241,12226.401349730295
00bbac68_5242,12226.343525805976
00bbac68_5243,12226.35969594599
00bbac68_5244,12226.366598660465
00bbac68_5245,12226.373808076602
00bbac68_5246,12226.618349646058
00bbac68_5247,12226.405525798034
00bbac68_5248,12226.345117797788
00bbac68_5249,12226.354309330623
00bbac68_5250,12226.402948647883
00bbac68_5251,12226.620769407404
00bbac68_5252,12226.4486396054
00bbac68_5253,12226.425809424978
00bbac68_5254,12226.416954769458
00bbac68_5255,12226.71352804668
00bbac68_5256,12226.43867035466
00bbac68_5257,12226.444469858689
00bbac68_5258,12226.420174834515
00bbac68_5259,12226.654167240154
00bbac68_5260,12226.473036659952
00bbac68_5261,12226.46588717411
00bbac68_5262,12226.499436311926
00bbac68_5263,12226.711587668371
00bbac68_5264,12226.491818401035
00bbac68_5265,12226.500475494782
00bbac68_5266,12226.707967961456
00bbac68_5267,12226.432449945341
00bbac68_5268,12226.494821028347
00bbac68_5269,12226.717777896265
00bbac68_5270,12226.337243171776
00bbac68_5271,12226.29663345034
00bbac68_5272,12226.41237291103
00bbac68_5273,12226.264308889668
00bbac68_5274,12226.30774228957
00bbac68_5275,12226.613758086929
00bbac68_5276,12226.458100910659
00bbac68_5277,12226.45613674281
00bbac68_5278,12226.61159750172
00bbac68_5279,12226.423592455576
00bbac68_5280,12226.741759589608
00bbac68_5281,12226.544075130621
00bbac68_5282,12226.558838791752
00bbac68_5283,12226.731447377811
00bbac68_5284,12226.512332712526
00bbac68_5285,12226.704215437989
00bbac68_5286,12226.521513583983
00bbac68_5287,12226.736736534665
00bbac68_5288,12226.534794873529
00bbac68_5289,12226.526003160516
00bbac68_5290,12226.774194250847
00bbac68_5291,12226.5623774829
00bbac68_5292,12226.7775775454
00bbac68_5293,12226.527339528064
00bbac68_5294,12226.761302179064
00bbac68_5295,12226.55642968602
00bbac68_5296,12226.468559298688
00bbac68_5297,12226.600385719219
00bbac68_5298,12226.393026425027
00bbac68_5299,12226.568344972024
00bbac68_5300,12226.364329641456
00bbac68_5301,12226.548328532079
00bbac68_5302,12226.36582694968
00bbac68_5303,12226.627076893159
00bbac68_5304,12226.361992455535
00bbac68_5305,12226.374138852872
00bbac68_5306,12226.628138964199
00bbac68_5307,12226.41950823141
00bbac68_5308,12226.65794895553
00bbac68_5309,12226.449439530112
00bbac68_5310,12226.678561330282
00bbac68_5311,12226.47215189571
00bbac68_5312,12226.662131468707
00bbac68_5313,12226.437056720413
00bbac68_5314,12226.680046471023
00bbac68_5315,12226.472399930128
00bbac68_5316,12226.277463197583
00bbac68_5317,12226.516234655955
00bbac68_5318,12226.3260964311
00bbac68_5319,12226.517097961492
00bbac68_5320,12226.334898503119
00bbac68_5321,12226.545700601138
00bbac68_5322,12226.311639951968
00bbac68_5323,12226.525751681336
00bbac68_5324,12226.328698936217
00bbac68_5325,12226.533674847104
00bbac68_5326,12226.325755936825
00bbac68_5327,12226.541158559747
00bbac68_5328,12226.283868693046
00bbac68_5329,12226.503340835012
00bbac68_5330,12226.30965379729
00bbac68_5331,12226.561874352345
00bbac68_5332,12226.39437368547
00bbac68_5333,12226.63448982463
00bbac68_5334,12226.352810309492
00bbac68_5335,12226.36078419096
00bbac68_5336,12226.57773977714
00bbac68_5337,12226.392456136025
00bbac68_5338,12226.620021539711
00bbac68_5339,12226.371503569371
00bbac68_5340,12226.606996295444
00bbac68_5341,12226.399349754549
00bbac68_5342,12226.378520001374
00bbac68_5343,12226.223497972198
00bbac68_5344,12226.467893057279
00bbac68_5345,12226.21580109707
00bbac68_5346,12226.44157550039
00bbac68_5347,12226.2344530989
00bbac68_5348,12226.443499673238
00bbac68_5349,12226.242344221211
00bbac68_5350,12226.453360323749
00bbac68_5351,12226.243981147356
00bbac68_5352,12226.45366172438
00bbac68_5353,12226.239906327284
00bbac68_5354,12226.47614864137
00bbac68_5355,12226.248775919445
00bbac68_5356,12226.187580565682
00bbac68_5357,12226.019330310797
00bbac68_5358,12226.315004082404
00bbac68_5359,12226.00258230347
00bbac68_5360,12226.222498476198
00bbac68_5361,12226.061334402955
00bbac68_5362,12226.242948344847
00bbac68_5363,12226.273492264158
00bbac68_5364,12226.090614171138
00bbac68_5365,12226.27602182946
00bbac68_5366,12226.058988844474
00bbac68_5367,12226.271659762686
00bbac68_5368,12226.052947929433
00bbac68_5369,12226.267795513904
00bbac68_5370,12226.050864381334
00bbac68_5371,12226.281223287826
00bbac68_5372,12226.105530940047
00bbac68_5373,12226.291907912946
00bbac68_5374,12226.054566242656
00bbac68_5375,12226.30595938987
00bbac68_5376,12226.071624082495
00bbac68_5377,12226.288952746068
00bbac68_5378,12226.086797080417
00bbac68_5379,12226.193728023653
00bbac68_5380,12225.964529969086
00bbac68_5381,12226.184337422943
00bbac68_5382,12225.982842081386
00bbac68_5383,12226.184017409389
00bbac68_5384,12226.014568958093
00bbac68_5385,12226.033315163171
00bbac68_5386,12226.22535467269
00bbac68_5387,12226.011273118977
00bbac68_5388,12225.958433096637
00bbac68_5389,12226.200521052811
00bbac68_5390,12226.007809051713
00bbac68_5391,12226.050282292312
00bbac68_5392,12225.979618096997
00bbac68_5393,12225.98353848115
00bbac68_5394,12225.984615008492
00bbac68_5395,12226.206997383004
00bbac68_5396,12225.969286068548
00bbac68_5397,12226.004129533147
00bbac68_5398,12225.965822362978
00bbac68_5399,12226.007571192567
00bbac68_5400,12225.912354842712
00bbac68_5401,12225.881794178282
00bbac68_5402,12225.83492568304
00bbac68_5403,12225.863110975031
00bbac68_5404,12225.857925295342
00bbac68_5405,12225.887430091116
00bbac68_5406,12225.865766063649
00bbac68_5407,12225.923791825
00bbac68_5408,12225.308277852464
00bbac68_5409,12225.318350580368
00bbac68_5410,12225.30776443376
00bbac68_5411,12225.319133777264
00bbac68_5412,12225.350873604166
00bbac68_5413,12225.276812802407
00bbac68_5414,12225.2733700579
00bbac68_5415,12225.254699804846
00bbac68_5416,12225.30721065836
00bbac68_5417,12225.329518264803
00bbac68_5418,12225.307856526155
00bbac68_5419,12225.3058168273
00bbac68_5420,12225.343129926907
00bbac68_5421,12225.344280840847
00bbac68_5422,12225.361285255152
00bbac68_5423,12225.279737728539
00bbac68_5424,12225.326534547019
00bbac68_5425,12225.324355230245
00bbac68_5426,12225.338175898212
00bbac68_5427,12225.343139983537
00bbac68_5428,12225.29210927211
00bbac68_5429,12225.31827353749
00bbac68_5430,12225.279409040051
00bbac68_5431,12225.18692096168
00bbac68_5432,12225.307289557504
00bbac68_5433,12225.313523937019
00bbac68_5434,12225.272514816777
00bbac68_5435,12225.334018437627
00bbac68_5436,12225.267868936526
00bbac68_5437,12225.342544707033
00bbac68_5438,12225.229779986816
00bbac68_5439,12225.274920845211
00bbac68_5440,12225.354305859493
00bbac68_5441,12225.23708480993
00bbac68_5442,12225.258511221306
00bbac68_5443,12225.347203715446
00bbac68_5444,12225.447743133413
00bbac68_5445,12225.252140354725
00bbac68_5446,12225.292305322007
00bbac68_5447,12225.262374082626
00bbac68_5448,12225.318671786117
00bbac68_5449,12225.342580421002
00bbac68_5450,12225.33642313792
00bbac68_5451,12225.338859223368
00bbac68_5452,12225.344429845558
00bbac68_5453,12225.341117563696
00bbac68_5454,12225.311161147312
00bbac68_5455,12225.359501773775
00bbac68_5456,12225.35774245517
00bbac68_5457,12225.34774453488
00bbac68_5458,12225.14973391928
00bbac68_5459,12225.172221197965
00bbac68_5460,12225.123378596887
00bbac68_5461,12225.25422654757
00bbac68_5462,12225.287716176108
00bbac68_5463,12225.254294488728
00bbac68_5464,12225.297827452228
00bbac68_5465,12225.2659953492
00bbac68_5466,12225.319381675736
00bbac68_5467,12225.26149709773
00bbac68_5468,12225.243502046094
00bbac68_5469,12225.20306970808
00bbac68_5470,12225.16180767341
00bbac68_5471,12225.20383459443
00bbac68_5472,12225.273777088569
00bbac68_5473,12225.285477166326
00bbac68_5474,12225.183458448306
00bbac68_5475,12225.139314791322
00bbac68_5476,12225.25729271637
00bbac68_5477,12225.29264773187
00bbac68_5478,12225.316438492611
00bbac68_5479,12225.23989775616
00bbac68_5480,12225.28891243963
00bbac68_5481,12225.270825835258
00bbac68_5482,12225.273596088186
00bbac68_5483,12225.304112541675
00bbac68_5484,12225.274164136155
00bbac68_5485,12225.16438403508
00bbac68_5486,12225.150595831587
00bbac68_5487,12225.167517848431
00bbac68_5488,12225.04191171281
00bbac68_5489,12225.089158284098
00bbac68_5490,12225.088331658973
00bbac68_5491,12224.963661650061
00bbac68_5492,12225.017358111485
00bbac68_5493,12224.989197273106
00bbac68_5494,12224.9990571409
00bbac68_5495,12225.099921571076
00bbac68_5496,12225.124824697537
00bbac68_5497,12225.042873194485
00bbac68_5498,12224.984408401026
00bbac68_5499,12225.003251880884
00bbac68_5500,12224.977768959983
00bbac68_5501,12225.060868726461
00bbac68_5502,12224.98560972829
00bbac68_5503,12225.083092429339
00bbac68_5504,12225.113296459122
00bbac68_5505,12225.141139572768
00bbac68_5506,12225.113906850233
00bbac68_5507,12225.063124475597
00bbac68_5508,12225.153432875497
00bbac68_5509,12225.211209155648
00bbac68_5510,12225.226214287115
00bbac68_5511,12225.200478451787
00bbac68_5512,12224.578283418461
00bbac68_5513,12224.640066275148
00bbac68_5514,12224.613822322142
00bbac68_5515,12224.712599349974
00bbac68_5516,12224.60912379907
00bbac68_5517,12224.622747628657
00bbac68_5518,12224.721851957513
00bbac68_5519,12224.712767275749
00bbac68_5520,12224.486825065298
00bbac68_5521,12224.608531475453
00bbac68_5522,12224.670522614611
00bbac68_5523,12224.546546117661
00bbac68_5524,12224.523341715438
00bbac68_5525,12224.673420317975
00bbac68_5526,12224.600704197002
00bbac68_5527,12224.55117151719
00bbac68_5528,12224.658101316018
00bbac68_5529,12224.662021700171
00bbac68_5530,12224.703472983372
00bbac68_5531,12224.718482692477
00bbac68_5532,12224.729810837252
00bbac68_5533,12224.642973851409
00bbac68_5534,12224.750314493132
00bbac68_5535,12224.754234877286
00bbac68_5536,12224.74215413229
00bbac68_5537,12224.695182640222
00bbac68_5538,12224.69054627694
00bbac68_5539,12224.715765260336
00bbac68_5540,12224.665371984822
00bbac68_5541,12224.697369303789
00bbac68_5542,12224.737387786698
00bbac68_5543,12223.823974949417
00bbac68_5544,12223.858882500928
00bbac68_5545,12223.873887632397
00bbac68_5546,12223.87780801655
00bbac68_5547,12223.82322277021
00bbac68_5548,12223.766262874824
00bbac68_5549,12223.867606812444
00bbac68_5550,12223.789237310124
00bbac68_5551,12223.8944653725
00bbac68_5552,12223.814500563782
00bbac68_5553,12223.824384464171
00bbac68_5554,12223.860709938657
00bbac68_5555,12223.864360242243
00bbac68_5556,12223.850572038751
00bbac68_5557,12223.747166296806
00bbac68_5558,12223.82611529119
00bbac68_5559,12223.854843033132
00bbac68_5560,12223.8342433062
00bbac68_5561,12223.916813211228
00bbac68_5562,12223.877688932906
00bbac68_5563,12223.88160931706
00bbac68_5564,12223.864462272624
00bbac68_5565,12223.867693722452
00bbac68_5566,12223.862629350137
00bbac68_5567,12223.802485708411
00bbac68_5568,12223.806406092564
00bbac68_5569,12223.797689910556
00bbac68_5570,12223.615037266147
00bbac68_5571,12223.636599862213
00bbac68_5572,12223.655089719634
00bbac68_5573,12223.574870852079
00bbac68_5574,12223.68067569668
00bbac68_5575,12223.704671306665
00bbac68_5576,12223.611454239646
00bbac68_5577,12223.661708318257
00bbac68_5578,12223.665628702413
00bbac68_5579,12223.655407622333
00bbac68_5580,12223.694528888445
00bbac68_5581,12223.624983925307
00bbac68_5582,12223.678520169447
00bbac68_5583,12223.710165010387
00bbac68_5584,12223.737163550059
00bbac68_5585,12223.712797572518
00bbac68_5586,12223.716717956671
00bbac68_5587,12223.688324803228
00bbac68_5588,12223.876618661503
00bbac68_5589,12223.763992414797
00bbac68_5590,12223.751695376464
00bbac68_5591,12223.742743446166
00bbac68_5592,12223.710539410153
00bbac68_5593,12223.81431636169
00bbac68_5594,12223.769678319939
00bbac68_5595,12223.746764597649
00bbac68_5596,12223.711141067008
00bbac68_5597,12223.740603519644
00bbac68_5598,12223.769619652698
00bbac68_5599,12223.78929282921
00bbac68_5600,12223.843471086899
00bbac68_5601,12223.863421210432
00bbac68_5602,12223.829214458356
00bbac68_5603,12223.869240952128
00bbac68_5604,12223.824328252176
00bbac68_5605,12223.861648218237
00bbac68_5606,12223.816735518285
00bbac68_5607,12223.818054660373
00bbac68_5608,12223.835093406953
00bbac68_5609,12223.700619244599
00bbac68_5610,12223.676038118132
00bbac68_5611,12223.515248266689
00bbac68_5612,12223.566880213955
00bbac68_5613,12223.505454833949
00bbac68_5614,12223.568261936853
00bbac68_5615,12223.438146829061
00bbac68_5616,12223.490900297322
00bbac68_5617,12223.498731127642
00bbac68_5618,12223.548049079545
00bbac68_5619,12223.638103420608
00bbac68_5620,12223.591878083327
00bbac68_5621,12223.589176915966
00bbac68_5622,12223.527963251658
00bbac68_5623,12223.593305220895
00bbac68_5624,12223.597225605048
00bbac68_5625,12223.478793770573
00bbac68_5626,12223.49482085944
00bbac68_5627,12223.4677872641
00bbac68_5628,12223.486866492249
00bbac68_5629,12223.429639949523
00bbac68_5630,12223.485609207579
00bbac68_5631,12223.494256001642
00bbac68_5632,12223.452818872369
00bbac68_5633,12223.45335294976
00bbac68_5634,12223.463858264335
00bbac68_5635,12223.46974245464
00bbac68_5636,12223.399545178272
00bbac68_5637,12223.181144624315
00bbac68_5638,12223.272121359176
00bbac68_5639,12223.287126490644
00bbac68_5640,12223.291046874798
00bbac68_5641,12223.343077076457
00bbac68_5642,12223.263282784706
00bbac68_5643,12223.30280802726
00bbac68_5644,12223.306728411413
00bbac68_5645,12223.325627967319
00bbac68_5646,12223.325998394197
00bbac68_5647,12223.330734742096
00bbac68_5648,12223.329765065824
00bbac68_5649,12223.337759546659
00bbac68_5650,12223.387146163113
00bbac68_5651,12223.353779407375
00bbac68_5652,12223.357699791526
00bbac68_5653,12223.36059020742
00bbac68_5654,12223.364510591573
00bbac68_5655,12223.389292410662
00bbac68_5656,12223.417544078386
00bbac68_5657,12223.470772476456
00bbac68_5658,12223.356469670302
00bbac68_5659,12223.497839318981
00bbac68_5660,12223.505619795298
00bbac68_5661,12223.47837677308
00bbac68_5662,12223.38986322779
00bbac68_5663,12223.332142300298
00bbac68_5664,12223.418483033573
00bbac68_5665,12223.386148534915
00bbac68_5666,12223.48498964966
00bbac68_5667,12223.48105824243
00bbac68_5668,12223.460314319944
00bbac68_5669,12223.441600579341
00bbac68_5670,12223.249551191157
00bbac68_5671,12223.272939119866
00bbac68_5672,12223.237316733634
00bbac68_5673,12223.302878429433
00bbac68_5674,12223.303925202137
00bbac68_5675,12223.41911877965
00bbac68_5676,12223.37029563353
00bbac68_5677,12223.293435606916
00bbac68_5678,12223.283525806135
00bbac68_5679,12223.363932777811
00bbac68_5680,12223.39520568577
00bbac68_5681,12223.515448396583
00bbac68_5682,12223.445402182226
00bbac68_5683,12223.46152883469
00bbac68_5684,12223.495861892794
00bbac68_5685,12223.305014134246
00bbac68_5686,12223.324093362397
00bbac68_5687,12223.307369749356
00bbac68_5688,12223.206500018154
00bbac68_5689,12223.206918510217
00bbac68_5690,12223.119986538415
00bbac68_5691,12223.12507536434
00bbac68_5692,12223.078734441731
00bbac68_5693,12223.121063486775
00bbac68_5694,12223.134707915728
00bbac68_5695,12223.15207625215
00bbac68_5696,12223.03832962886
00bbac68_5697,12223.171389722485
00bbac68_5698,12223.196118898753
00bbac68_5699,12223.170240012278
00bbac68_5700,12223.17167817292
00bbac68_5701,12223.178080780584
00bbac68_5702,12223.148464253727
00bbac68_5703,12223.2099461308
00bbac68_5704,12223.197891707216
00bbac68_5705,12223.169615283507
00bbac68_5706,12223.168406425717
00bbac68_5707,12223.192841488828
00bbac68_5708,12223.073914125178
00bbac68_5709,12223.112878607231
00bbac68_5710,12222.652150553886
00bbac68_5711,12222.622087707448
00bbac68_5712,12222.655731831226
00bbac68_5713,12222.697334176439
00bbac68_5714,12222.687541105393
00bbac68_5715,12222.708425066816
00bbac68_5716,12222.6560244976
00bbac68_5717,12222.742509426433
00bbac68_5718,12222.746429810588
00bbac68_5719,12222.728018194008
00bbac68_5720,12222.783036448034
00bbac68_5721,12222.695572325963
00bbac68_5722,12222.799783008577
00bbac68_5723,12222.755421913851
00bbac68_5724,12222.711009320708
00bbac68_5725,12222.699306230741
00bbac68_5726,12222.698781729641
00bbac68_5727,12222.73354050796
00bbac68_5728,12222.714087479028
00bbac68_5729,12222.724213994163
00bbac68_5730,12222.709411844136
00bbac68_5731,12222.859330229388
00bbac68_5732,12222.852795291277
00bbac68_5733,12222.844401832657
00bbac68_5734,12222.745402066055
00bbac68_5735,12222.892643678235
00bbac68_5736,12222.9087703307
00bbac68_5737,12222.747285822885
00bbac68_5738,12222.426884078743
00bbac68_5739,12222.468486423957
00bbac68_5740,12222.391278496953
00bbac68_5741,12222.395198881106
00bbac68_5742,12222.399119265261
00bbac68_5743,12222.403039649413
00bbac68_5744,12222.402515148315
00bbac68_5745,12222.398852677243
00bbac68_5746,12222.414800801875
00bbac68_5747,12222.362420832025
00bbac68_5748,12222.352006346793
00bbac68_5749,12222.351481845693
00bbac68_5750,12222.375005959095
00bbac68_5751,12222.296361798572
00bbac68_5752,12222.367687883409
00bbac68_5753,12222.20502120091
00bbac68_5754,12222.153615123274
00bbac68_5755,12222.258010055768
00bbac68_5756,12222.227647374124
00bbac68_5757,12222.31803130503
00bbac68_5758,12222.32738648838
00bbac68_5759,12222.23514560239
00bbac68_5760,12222.203249412449
00bbac68_5761,12222.274575497286
00bbac68_5762,12222.140470979095
00bbac68_5763,12222.20884105502
00bbac68_5764,12222.342114008756
00bbac68_5765,12222.304548415737
00bbac68_5766,12222.366150455773
00bbac68_5767,12222.370070839926
00bbac68_5768,12222.373991224082
00bbac68_5769,12222.320273439898
00bbac68_5770,12222.324193824054
00bbac68_5771,12222.295445903765
00bbac68_5772,12222.268206314773
00bbac68_5773,12222.272126698927
00bbac68_5774,12222.330107828318
00bbac68_5775,12222.31302143757
00bbac68_5776,12222.316941821724
00bbac68_5777,12222.320862205877
00bbac68_5778,12222.267144421698
00bbac68_5779,12222.283741426334
00bbac68_5780,12222.151629324526
00bbac68_5781,12222.235593119934
00bbac68_5782,12222.263502609312
00bbac68_5783,12222.061844761654
00bbac68_5784,12222.23975882867
00bbac68_5785,12222.166206144586
00bbac68_5786,12222.225325961113
00bbac68_5787,12222.247761741384
00bbac68_5788,12222.1655321469
00bbac68_5789,12222.22902932854
00bbac68_5790,12222.29097469133
00bbac68_5791,12222.301727198288
00bbac68_5792,12222.317853850753
00bbac68_5793,12222.303428211346
00bbac68_5794,12222.324471245645
00bbac68_5795,12222.311268979653
00bbac68_5796,12222.374745561927
00bbac68_5797,12222.361147330357
00bbac68_5798,12222.339326518833
00bbac68_5799,12222.40571447806
00bbac68_5800,12222.248306355743
00bbac68_5801,12222.320753961576
00bbac68_5802,12222.317929198027
00bbac68_5803,12222.355354449734
00bbac68_5804,12222.325769966334
00bbac68_5805,12222.341896618796
00bbac68_5806,12222.354909333884
00bbac68_5807,12222.354993658468
00bbac68_5808,12222.358914042621
00bbac68_5809,12222.456285735978
00bbac68_5810,12222.371406834243
00bbac68_5811,12222.368594659192
00bbac68_5812,12222.372515043346
00bbac68_5813,12222.3764354275
00bbac68_5814,12222.37243650013
00bbac68_5815,12222.363231655403
00bbac68_5816,12222.34748994544
00bbac68_5817,12222.287820089114
00bbac68_5818,12222.219435556886
00bbac68_5819,12222.236032561523
00bbac68_5820,12222.243335819212
00bbac68_5821,12222.204211540891
00bbac68_5822,12222.244858304439
00bbac68_5823,12222.236572420283
00bbac68_5824,12222.252699072746
00bbac68_5825,12222.192870143546
00bbac68_5826,12222.18155271947
00bbac68_5827,12222.179585118396
00bbac68_5828,12222.310729471055
00bbac68_5829,12222.30690563829
00bbac68_5830,12222.324392993269
00bbac68_5831,12222.343472221417
00bbac68_5832,12222.279985760477
00bbac68_5833,12222.211109132302
00bbac68_5834,12222.1785823729
00bbac68_5835,12222.182502757056
00bbac68_5836,12222.133679610935
00bbac68_5837,12222.119432499361
00bbac68_5838,12222.173467705903
00bbac68_5839,12222.153408140104
00bbac68_5840,12222.177901568082
00bbac68_5841,12222.169615683924
00bbac68_5842,12222.128104168054
00bbac68_5843,12221.56963441549
00bbac68_5844,12221.518377111044
00bbac68_5845,12221.575039881063
00bbac68_5846,12221.578960265215
00bbac68_5847,12221.592605838578
00bbac68_5848,12221.530985909012
00bbac68_5849,12221.607435513746
00bbac68_5850,12221.65142280769
00bbac68_5851,12221.655616705637
00bbac68_5852,12221.667864955392
00bbac68_5853,12221.620164474676
00bbac68_5854,12221.642583088811
00bbac68_5855,12221.692303872745
00bbac68_5856,12221.634878202822
00bbac68_5857,12221.751556079042
00bbac68_5858,12221.717528999205
00bbac68_5859,12221.726935680967
00bbac68_5860,12221.757150010433
00bbac68_5861,12221.752229833673
00bbac68_5862,12221.714135523613
00bbac68_5863,12221.701008788626
00bbac68_5864,12221.797933017995
00bbac68_5865,12221.818963463793
00bbac68_5866,12221.810207227463
00bbac68_5867,12221.49326960991
00bbac68_5868,12221.754494376386
00bbac68_5869,12221.758414760541
00bbac68_5870,12221.815078674968
00bbac68_5871,12221.61708980314
00bbac68_5872,12221.85755155387
00bbac68_5873,12221.90172538651
00bbac68_5874,12221.554476947422
00bbac68_5875,12221.829813423494
00bbac68_5876,12221.8385025607
00bbac68_5877,12221.63531463797
00bbac68_5878,12221.869090750271
00bbac68_5879,12221.643155406276
00bbac68_5880,12221.791797775293
00bbac68_5881,12221.537843861352
00bbac68_5882,12221.440561852927
00bbac68_5883,12221.669683653097
00bbac68_5884,12221.5036260862
00bbac68_5885,12221.505067680071
00bbac68_5886,12221.759567898209
00bbac68_5887,12221.538567246596
00bbac68_5888,12221.320659932995
00bbac68_5889,12220.671305781016
00bbac68_5890,12220.67522616517
00bbac68_5891,12220.623633548836
00bbac68_5892,12220.69386100086
00bbac68_5893,12220.697781385014
00bbac68_5894,12220.617608293825
00bbac68_5895,12220.641796164551
00bbac68_5896,12220.701176906372
00bbac68_5897,12220.20433816577
00bbac68_5898,12220.140186803097
00bbac68_5899,12220.20793317602
00bbac68_5900,12220.211853560173
00bbac68_5901,12220.251548175283
00bbac68_5902,12220.228529167347
00bbac68_5903,12220.32314626781
00bbac68_5904,12220.327066651964
00bbac68_5905,12220.38848901976
00bbac68_5906,12220.343996317977
00bbac68_5907,12220.431712631085
00bbac68_5908,12220.381095051373
00bbac68_5909,12220.433428521463
00bbac68_5910,12220.437348905616
00bbac68_5911,12220.380180727758
00bbac68_5912,12220.388841254735
00bbac68_5913,12220.448466900118
00bbac68_5914,12220.390497635835
00bbac68_5915,12220.388831014374
00bbac68_5916,12220.345839777434
00bbac68_5917,12220.416067229457
00bbac68_5918,12220.464319736413
00bbac68_5919,12220.348523476281
00bbac68_5920,12220.361047528648
00bbac68_5921,12220.367448991903
00bbac68_5922,12220.318023886553
00bbac68_5923,12220.311596522904
00bbac68_5924,12220.297735077225
00bbac68_5925,12220.265606572219
00bbac68_5926,12220.261763284498
00bbac68_5927,12220.315403669872
00bbac68_5928,12220.048701037667
00bbac68_5929,12220.084044609077
00bbac68_5930,12220.090446072332
00bbac68_5931,12220.189391328313
00bbac68_5932,12220.004264471256
00bbac68_5933,12220.142547648378
00bbac68_5934,12220.133517898254
00bbac68_5935,12220.167829212583
00bbac68_5936,12220.360368828915
00bbac68_5937,12220.261088682062
00bbac68_5938,12220.213783022515
00bbac68_5939,12220.378355567313
00bbac68_5940,12220.198538768851
00bbac68_5941,12220.175631913013
00bbac68_5942,12220.335173635058
00bbac68_5943,12220.25232262639
00bbac68_5944,12220.357397337935
00bbac68_5945,12220.245359317549
00bbac68_5946,12220.353851234904
00bbac68_5947,12220.277562268471
00bbac68_5948,12220.423263505898
00bbac68_5949,12220.183216452308
00bbac68_5950,12220.196463771275
00bbac68_5951,12220.382262817539
00bbac68_5952,12220.191521489045
00bbac68_5953,12220.170711190825
00bbac68_5954,12220.136607435576
00bbac68_5955,12220.340620898342
00bbac68_5956,12220.246197624048
00bbac68_5957,12220.424574032371
00bbac68_5958,12220.190116273216
00bbac68_5959,12220.406915075338
00bbac68_5960,12220.259949686786
00bbac68_5961,12220.235170577533
00bbac68_5962,12220.420605701676
00bbac68_5963,12220.220610680557
00bbac68_5964,12220.37654064723
00bbac68_5965,12220.251927858775
00bbac68_5966,12220.35399277418
00bbac68_5967,12220.23078074256
00bbac68_5968,12220.38893544068
00bbac68_5969,12220.257469930059
00bbac68_5970,12220.280568323245
00bbac68_5971,12220.07053683362
00bbac68_5972,12220.056224490723
00bbac68_5973,12220.260064003294
00bbac68_5974,12220.163358777096
00bbac68_5975,12220.319741929805
00bbac68_5976,12220.168997702141
00bbac68_5977,12220.273264460808
00bbac68_5978,12220.188483978262
00bbac68_5979,12220.36656055138
00bbac68_5980,12220.22126828905
00bbac68_5981,12220.393853986923
00bbac68_5982,12220.234652575424
00bbac68_5983,12220.336669425642
00bbac68_5984,12220.447731686016
00bbac68_5985,12220.334986420756
00bbac68_5986,12220.520984594215
00bbac68_5987,12220.389704477882
00bbac68_5988,12220.434166701634
00bbac68_5989,12220.231061176364
00bbac68_5990,12220.459191918184
00bbac68_5991,12220.316280026946
00bbac68_5992,12220.298738161344
00bbac68_5993,12220.42926224423
00bbac68_5994,12220.278877361048
00bbac68_5995,12220.477857712243
00bbac68_5996,12220.263813924033
00bbac68_5997,12220.400286645834
00bbac68_5998,12220.292952147174
00bbac68_5999,12220.392730533038
00bbac68_6000,12220.222398597856
00bbac68_6001,12220.302914288404
00bbac68_6002,12220.18169123994
00bbac68_6003,12220.319525808667
00bbac68_6004,12220.479225459178
00bbac68_6005,12220.380277190987
00bbac68_6006,12220.525081211616
00bbac68_6007,12220.420104195866
00bbac68_6008,12220.518481824893
00bbac68_6009,12220.269918078187
00bbac68_6010,12220.494853629578
00bbac68_6011,12220.373994503232
00bbac68_6012,12220.345505219419
00bbac68_6013,12220.487361242
00bbac68_6014,12220.40917026751
00bbac68_6015,12220.5710488731
00bbac68_6016,12220.422719348806
00bbac68_6017,12220.580006584767
00bbac68_6018,12220.36330776726
00bbac68_6019,12220.506106783007
00bbac68_6020,12220.426423498946
00bbac68_6021,12220.408503978315
00bbac68_6022,12220.563298691082
00bbac68_6023,12220.38479109672
00bbac68_6024,12220.217993097085
00bbac68_6025,12220.059938383582
00bbac68_6026,12220.21731259464
00bbac68_6027,12220.094391242954
00bbac68_6028,12220.235398113924
00bbac68_6029,12220.088396104278
00bbac68_6030,12220.1039688627
00bbac68_6031,12220.173548579129
00bbac68_6032,12220.029876800196
00bbac68_6033,12220.270232120874
00bbac68_6034,12220.143335091698
00bbac68_6035,12220.294069440695
00bbac68_6036,12220.090842608051
00bbac68_6037,12220.287824820818
00bbac68_6038,12220.163305873917
00bbac68_6039,12220.092322388442
00bbac68_6040,12220.256807958143
00bbac68_6041,12220.109837991955
00bbac68_6042,12220.27885084437
00bbac68_6043,12220.036588214607
00bbac68_6044,12220.075690025764
00bbac68_6045,12220.288302579105
00bbac68_6046,12220.030830751346
00bbac68_6047,12220.121350866946
00bbac68_6048,12220.29135477771
00bbac68_6049,12220.182287643553
00bbac68_6050,12220.166581410274
00bbac68_6051,12220.298243035884
00bbac68_6052,12220.059612760859
00bbac68_6053,12220.065778475822
00bbac68_6054,12220.23745322399
00bbac68_6055,12220.017877361806
00bbac68_6056,12220.166382401721
00bbac68_6057,12220.306613363267
00bbac68_6058,12220.159355005966
00bbac68_6059,12220.138757567853
00bbac68_6060,12220.112813450054
00bbac68_6061,12220.322846505107
00bbac68_6062,12220.214580457376
00bbac68_6063,12220.218500841529
00bbac68_6064,12220.193115195409
00bbac68_6065,12220.341254024388
00bbac68_6066,12220.186607361422
00bbac68_6067,12220.170454808564
00bbac68_6068,12220.2206619664
00bbac68_6069,12220.241302168668
00bbac68_6070,12220.28893440585
00bbac68_6071,12220.226792625695
00bbac68_6072,12220.200864529625
00bbac68_6073,12220.169576020957
00bbac68_6074,12220.253190771566
00bbac68_6075,12220.281242167683
00bbac68_6076,12220.4245241241
00bbac68_6077,12220.271101978959
00bbac68_6078,12220.273381280349
00bbac68_6079,12220.261305112988
00bbac68_6080,12220.28509472932
00bbac68_6081,12220.195807563425
00bbac68_6082,12220.257236797675
00bbac68_6083,12220.23309855756
00bbac68_6084,12220.198818563298
00bbac68_6085,12220.205171961366
00bbac68_6086,12220.300104918762
00bbac68_6087,12220.159458957702
00bbac68_6088,12220.1106381004
00bbac68_6089,12220.10347373724
00bbac68_6090,12220.095785234675
00bbac68_6091,12220.13466503045
00bbac68_6092,12220.113461055473
00bbac68_6093,12219.733738861501
00bbac68_6094,12219.71491067998
00bbac68_6095,12219.767917062669
00bbac68_6096,12219.76487943901
00bbac68_6097,12219.768717425703
00bbac68_6098,12219.75478960429
00bbac68_6099,12219.779105648844
00bbac68_6100,12219.787148194864
00bbac68_6101,12219.725601507484
00bbac68_6102,12219.785261485144
00bbac68_6103,12219.790969436435
00bbac68_6104,12219.833305347933
00bbac68_6105,12219.833252343415
00bbac68_6106,12219.832432584746
00bbac68_6107,12219.742454195706
00bbac68_6108,12219.778868934109
00bbac68_6109,12219.796842662989
00bbac68_6110,12219.801051438255
00bbac68_6111,12219.807590230612
00bbac68_6112,12219.823996118917
00bbac68_6113,12219.842832732318
00bbac68_6114,12219.851669498308
00bbac68_6115,12219.833237282364
00bbac68_6116,12219.824800336195
00bbac68_6117,12219.822126634655
00bbac68_6118,12219.887524679942
00bbac68_6119,12219.904383754281
00bbac68_6120,12219.894875641121
00bbac68_6121,12219.916122380255
00bbac68_6122,12219.880224191409
00bbac68_6123,12219.981730635134
00bbac68_6124,12219.918831256104
00bbac68_6125,12219.834867881713
00bbac68_6126,12219.872074551267
00bbac68_6127,12219.949163880734
00bbac68_6128,12219.91574677099
00bbac68_6129,12219.892391306756
00bbac68_6130,12219.56644261132
00bbac68_6131,12219.617933796255
00bbac68_6132,12219.499290246082
00bbac68_6133,12219.568119230089
00bbac68_6134,12219.587328920883
00bbac68_6135,12219.632342749861
00bbac68_6136,12219.519158031475
00bbac68_6137,12219.612763474222
00bbac68_6138,12219.597212880593
00bbac68_6139,12219.54591094419
00bbac68_6140,12219.538984618139
00bbac68_6141,12219.568024783788
00bbac68_6142,12219.674699379368
00bbac68_6143,12219.612173077729
00bbac68_6144,12219.583763902556
00bbac68_6145,12219.610183371184
00bbac68_6146,12219.61856466232
00bbac68_6147,12219.475190429774
00bbac68_6148,12219.513484288049
00bbac68_6149,12219.6790982452
00bbac68_6150,12219.50458921651
00bbac68_6151,12219.690223467853
00bbac68_6152,12219.233638175738
00bbac68_6153,12219.206870083328
00bbac68_6154,12219.1158708813
00bbac68_6155,12219.182706304517
00bbac68_6156,12219.308636728954
00bbac68_6157,12219.227202498849
00bbac68_6158,12219.149059589547
00bbac68_6159,12219.286285332586
00bbac68_6160,12219.13304858173
00bbac68_6161,12219.164453096742
00bbac68_6162,12219.349540320498
00bbac68_6163,12219.173461162414
00bbac68_6164,12219.170199234555
00bbac68_6165,12219.356533864315
00bbac68_6166,12219.155852197688
00bbac68_6167,12218.65215615728
00bbac68_6168,12218.469679751885
00bbac68_6169,12218.638795601124
00bbac68_6170,12218.417020184497
00bbac68_6171,12218.53801820537
00bbac68_6172,12218.391052816818
00bbac68_6173,12218.589392298873
00bbac68_6174,12218.441412963788
00bbac68_6175,12218.604841099406
00bbac68_6176,12218.616429025064
00bbac68_6177,12218.450541975135
00bbac68_6178,12218.76390602384
00bbac68_6179,12218.650229209507
00bbac68_6180,12218.425361599277
00bbac68_6181,12218.607287964875
00bbac68_6182,12218.640985875885
00bbac68_6183,12218.634979654813
00bbac68_6184,12218.651110884915
00bbac68_6185,12218.649652545924
00bbac68_6186,12218.771653069238
00bbac68_6187,12218.775573453391
00bbac68_6188,12218.701344423484
00bbac68_6189,12218.66803717702
00bbac68_6190,12218.684470531145
00bbac68_6191,12218.77496775856
00bbac68_6192,12218.727728474745
00bbac68_6193,12218.735771020765
00bbac68_6194,12218.739691404919
00bbac68_6195,12218.764048648203
00bbac68_6196,12218.800129219124
00bbac68_6197,12218.7238539856
00bbac68_6198,12218.753933274784
00bbac68_6199,12218.733521230959
00bbac68_6200,12218.813636378298
00bbac68_6201,12218.76397094702
00bbac68_6202,12218.814024754027
00bbac68_6203,12218.754892770015
00bbac68_6204,12218.509965955684
00bbac68_6205,12218.673545153313
00bbac68_6206,12218.647276023308
00bbac68_6207,12218.730961727284
00bbac68_6208,12218.905682892688
00bbac68_6209,12218.830609288805
00bbac68_6210,12218.9258787025
00bbac68_6211,12218.739797408187
00bbac68_6212,12218.806115558455
00bbac68_6213,12218.813169334942
00bbac68_6214,12218.707418698586
00bbac68_6215,12218.78871258738
00bbac68_6216,12218.57877036167
00bbac68_6217,12218.698704082006
00bbac68_6218,12218.725157882907
00bbac68_6219,12218.683574269258
00bbac68_6220,12218.653988641448
00bbac68_6221,12218.786160673551
00bbac68_6222,12218.791138491788
00bbac68_6223,12218.877856880092
00bbac68_6224,12218.870145489342
00bbac68_6225,12218.88029832589
00bbac68_6226,12218.788308065512
00bbac68_6227,12218.854145563922
00bbac68_6228,12218.873906859943
00bbac68_6229,12218.891486912064
00bbac68_6230,12218.861274148025
00bbac68_6231,12218.892193433545
00bbac68_6232,12218.876530687816
00bbac68_6233,12218.851325858348
00bbac68_6234,12218.877404293038
00bbac68_6235,12218.875701050481
00bbac68_6236,12218.869681096501
00bbac68_6237,12218.85256952875
00bbac68_6238,12218.799104658998
00bbac68_6239,12218.810330951355
00bbac68_6240,12218.696480186827
00bbac68_6241,12218.74655230438
00bbac68_6242,12218.760561799862
00bbac68_6243,12218.82209174212
00bbac68_6244,12218.865569773978
00bbac68_6245,12218.856931411794
00bbac68_6246,12218.889633686817
00bbac68_6247,12218.9461923156
00bbac68_6248,12218.87336175371
00bbac68_6249,12218.900177187912
00bbac68_6250,12218.97374631474
00bbac68_6251,12219.002305828533
00bbac68_6252,12218.974404771037
00bbac68_6253,12218.778911855628
00bbac68_6254,12218.827558039344
00bbac68_6255,12218.819526214025
00bbac68_6256,12218.820965519077
00bbac68_6257,12218.849785958162
00bbac68_6258,12218.935918408966
00bbac68_6259,12218.942319872222
00bbac68_6260,12218.953422568386
00bbac68_6261,12218.91222576504
00bbac68_6262,12218.954081024684
00bbac68_6263,12218.988918767234
00bbac68_6264,12218.900144296651
00bbac68_6265,12218.985457350484
00bbac68_6266,12218.961866137957
00bbac68_6267,12219.093671959123
00bbac68_6268,12219.086194027846
00bbac68_6269,12219.088473329237
00bbac68_6270,12219.09239371339
00bbac68_6271,12219.104366160533
00bbac68_6272,12219.087183639413
00bbac68_6273,12219.106260578741
00bbac68_6274,12219.08136702857
00bbac68_6275,12218.988610014041
00bbac68_6276,12218.878469424075
00bbac68_6277,12218.84830701404
00bbac68_6278,12218.803299328123
00bbac68_6279,12218.821513382933
00bbac68_6280,12218.88123058105
00bbac68_6281,12218.878996332634
00bbac68_6282,12218.916555480217
00bbac68_6283,12218.937703800162
00bbac68_6284,12218.926192970936
00bbac68_6285,12218.895337048938
00bbac68_6286,12218.906549608384
00bbac68_6287,12218.944108755964
00bbac68_6288,12218.94187450755
00bbac68_6289,12218.924199890484
00bbac68_6290,12218.944283909892
00bbac68_6291,12218.927717080911
00bbac68_6292,12219.037296186987
00bbac68_6293,12219.117564685155
00bbac68_6294,12219.126788261448
00bbac68_6295,12219.155226467867
00bbac68_6296,12219.160787934785
00bbac68_6297,12219.173408117522
00bbac68_6298,12219.140689097378
00bbac68_6299,12219.170125228602
00bbac68_6300,12219.181161549037
00bbac68_6301,12219.190286706138
00bbac68_6302,12219.153832334432
00bbac68_6303,12219.060702242512
00bbac68_6304,12219.107082496052
00bbac68_6305,12219.04760261165
00bbac68_6306,12218.836673905227
00bbac68_6307,12218.91650295027
00bbac68_6308,12218.881266229931
00bbac68_6309,12218.889034117747
00bbac68_6310,12219.00174432734
00bbac68_6311,12218.968686562079
00bbac68_6312,12219.099599744084
00bbac68_6313,12219.107337877262
00bbac68_6314,12218.967133658145
00bbac68_6315,12219.050730098206
00bbac68_6316,12219.045417389098
00bbac68_6317,12218.844891362118
00bbac68_6318,12218.923598886166
00bbac68_6319,12219.008580061334
00bbac68_6320,12219.076381365898
00bbac68_6321,12219.038938224661
00bbac68_6322,12219.071093472096
00bbac68_6323,12219.154891328173
00bbac68_6324,12219.10526480681
00bbac68_6325,12219.056807871628
00bbac68_6326,12218.983270064864
00bbac68_6327,12218.939216816205
00bbac68_6328,12218.95803511906
00bbac68_6329,12218.974420407998
00bbac68_6330,12219.018484377357
00bbac68_6331,12219.004517646032
00bbac68_6332,12219.005588451328
00bbac68_6333,12219.053353439975
00bbac68_6334,12219.011490590485
00bbac68_6335,12219.055634668486
00bbac68_6336,12219.04995803726
00bbac68_6337,12219.134536380398
00bbac68_6338,12219.262700691554
00bbac68_6339,12219.27007719143
00bbac68_6340,12219.27056892568
00bbac68_6341,12219.229493429706
00bbac68_6342,12219.281055568012
00bbac68_6343,12219.275307983415
00bbac68_6344,12219.198618473769
00bbac68_6345,12219.017730508314
00bbac68_6346,12219.072730451793
00bbac68_6347,12219.097463061291
00bbac68_6348,12219.098902366342
00bbac68_6349,12219.234507625984
00bbac68_6350,12219.221930207403
00bbac68_6351,12219.318048772708
00bbac68_6352,12219.355713205936
00bbac68_6353,12219.327812148438
00bbac68_6354,12219.31488225183
00bbac68_6355,12219.34052809985
00bbac68_6356,12219.33139764172
00bbac68_6357,12219.207041200922
00bbac68_6358,12219.121482520135
00bbac68_6359,12219.121001506583
00bbac68_6360,12219.110822769642
00bbac68_6361,12219.079037587391
00bbac68_6362,12219.123488367051
00bbac68_6363,12219.147857054428
00bbac68_6364,12219.151777438583
00bbac68_6365,12219.27771930711
00bbac68_6366,12219.260800000102
00bbac68_6367,12219.360550920144
00bbac68_6368,12219.02447191465
00bbac68_6369,12219.044107325659
00bbac68_6370,12218.99026251206
00bbac68_6371,12218.989575504855
00bbac68_6372,12218.975528664887
00bbac68_6373,12218.959827009247
00bbac68_6374,12218.922088610441
00bbac68_6375,12218.949274833218
00bbac68_6376,12219.017311886073
00bbac68_6377,12218.927990387901
00bbac68_6378,12218.929551000327
00bbac68_6379,12218.913874521688
00bbac68_6380,12218.838400374592
00bbac68_6381,12218.683206684038
00bbac68_6382,12218.689738609939
00bbac68_6383,12218.71372506465
00bbac68_6384,12218.72957934773
00bbac68_6385,12218.77608319746
00bbac68_6386,12218.784295116036
00bbac68_6387,12218.822769790962
00bbac68_6388,12218.818054463445
00bbac68_6389,12218.95341939716
00bbac68_6390,12218.903927916079
00bbac68_6391,12218.919246615664
00bbac68_6392,12218.928957710265
00bbac68_6393,12218.804701977475
00bbac68_6394,12218.841917802303
00bbac68_6395,12218.849511739923
00bbac68_6396,12218.807957880914
00bbac68_6397,12218.867784942313
00bbac68_6398,12219.050368198781
00bbac68_6399,12219.101577859057
00bbac68_6400,12219.048630262256
00bbac68_6401,12219.071376177413
00bbac68_6402,12219.080322806685
00bbac68_6403,12219.030288875652
00bbac68_6404,12218.948101624308
00bbac68_6405,12218.98529684977
00bbac68_6406,12218.990244913368
00bbac68_6407,12218.826028700842
00bbac68_6408,12218.836062518832
00bbac68_6409,12218.81913634537
00bbac68_6410,12218.886619504181
00bbac68_6411,12218.872307161284
00bbac68_6412,12218.863661932646
00bbac68_6413,12218.881692881985
00bbac68_6414,12219.014041153101
00bbac68_6415,12219.031893574607
00bbac68_6416,12218.921171624777
00bbac68_6417,12218.961838987692
00bbac68_6418,12219.10588769826
00bbac68_6419,12219.110137672258
00bbac68_6420,12218.99653867775
00bbac68_6421,12219.014636002823
00bbac68_6422,12219.099392873792
00bbac68_6423,12219.085439875376
00bbac68_6424,12219.091912292002
00bbac68_6425,12219.115921634895
00bbac68_6426,12219.029197945561
00bbac68_6427,12219.0857634408
00bbac68_6428,12219.091739183841
00bbac68_6429,12219.243015982789
00bbac68_6430,12218.99592165747
00bbac68_6431,12218.93486477722
00bbac68_6432,12218.896387090084
00bbac68_6433,12218.924820718867
00bbac68_6434,12218.926333266107
00bbac68_6435,12218.996318103385
00bbac68_6436,12218.987020561513
00bbac68_6437,12219.015209286732
00bbac68_6438,12219.023975099353
00bbac68_6439,12219.051964697373
00bbac68_6440,12218.999381022688
00bbac68_6441,12219.043676162702
00bbac68_6442,12219.015452381816
00bbac68_6443,12219.003490655374
00bbac68_6444,12219.038124693092
00bbac68_6445,12219.060710390968
00bbac68_6446,12219.04312046018
00bbac68_6447,12219.015468883883
00bbac68_6448,12219.08693687546
00bbac68_6449,12219.093828145844
00bbac68_6450,12219.1700935007
00bbac68_6451,12219.154323180508
00bbac68_6452,12219.06760635763
00bbac68_6453,12219.05586664657
00bbac68_6454,12219.045793195273
00bbac68_6455,12219.073494402182
00bbac68_6456,12219.068703543659
00bbac68_6457,12219.08236513875
00bbac68_6458,12219.068007019487
00bbac68_6459,12219.09049429817
00bbac68_6460,12219.09309632295
00bbac68_6461,12219.061185255687
00bbac68_6462,12219.096904193308
00bbac68_6463,12219.09729750837
00bbac68_6464,12218.763843777533
00bbac68_6465,12218.78205783234
00bbac68_6466,12218.648369879093
00bbac68_6467,12218.784155955385
00bbac68_6468,12218.812820754822
00bbac68_6469,12218.825159412901
00bbac68_6470,12218.823929955746
00bbac68_6471,12218.81973190118
00bbac68_6472,12218.822409456963
00bbac68_6473,12218.825379981497
00bbac68_6474,12218.821227703298
00bbac68_6475,12218.818982010791
00bbac68_6476,12218.812440206224
00bbac68_6477,12218.820485041062
00bbac68_6478,12218.833041136886
00bbac68_6479,12218.808030856977
00bbac68_6480,12218.84559000456
00bbac68_6481,12218.816356854777
00bbac68_6482,12218.825946642006
00bbac68_6483,12218.84835152323
00bbac68_6484,12218.81485888248
00bbac68_6485,12218.852099884312
00bbac68_6486,12218.872181614901
00bbac68_6487,12218.844278268585
00bbac68_6488,12218.86131129312
00bbac68_6489,12218.992352648953
00bbac68_6490,12218.940920249905
00bbac68_6491,12218.976286709498
00bbac68_6492,12218.983715852195
00bbac68_6493,12218.959609655538
00bbac68_6494,12218.958041453267
00bbac68_6495,12218.96180619777
00bbac68_6496,12218.871244160051
00bbac68_6497,12218.901847588637
00bbac68_6498,12219.009002836072
00bbac68_6499,12218.96496789796
00bbac68_6500,12219.028280829722
00bbac68_6501,12219.013169689217
00bbac68_6502,12219.012523880745
00bbac68_6503,12218.995558797367
00bbac68_6504,12219.030472070926
00bbac68_6505,12219.032524779299
00bbac68_6506,12219.001453708373
00bbac68_6507,12219.042244667478
00bbac68_6508,12219.038335004025
00bbac68_6509,12219.041209398189
00bbac68_6510,12219.047974783563
00bbac68_6511,12218.930049922355
00bbac68_6512,12219.019233368032
00bbac68_6513,12219.036364811756
00bbac68_6514,12219.024016275012
00bbac68_6515,12219.055420790024
00bbac68_6516,12219.062227374128
00bbac68_6517,12219.037956382552
00bbac68_6518,12219.06639458897
00bbac68_6519,12219.163769715557
00bbac68_6520,12219.248638738625
00bbac68_6521,12219.241359934545
00bbac68_6522,12219.2748014979
00bbac68_6523,12219.268934894748
00bbac68_6524,12219.256185814791
00bbac68_6525,12219.16950103537
00bbac68_6526,12219.036218202971
00bbac68_6527,12219.113756140836
00bbac68_6528,12219.221801738613
00bbac68_6529,12219.236090469934
00bbac68_6530,12219.214749165854
00bbac68_6531,12219.340240137168
00bbac68_6532,12219.346641600423
00bbac68_6533,12219.21651733736
00bbac68_6534,12219.238922218583
00bbac68_6535,12219.338329815871
00bbac68_6536,12219.342291398756
00bbac68_6537,12219.327361074902
00bbac68_6538,12219.328436457836
00bbac68_6539,12219.34135189814
00bbac68_6540,12219.37500861042
00bbac68_6541,12219.265055703558
00bbac68_6542,12219.268538923405
00bbac68_6543,12219.27778538788
00bbac68_6544,12219.278073417297
00bbac68_6545,12219.324877102234
00bbac68_6546,12219.294039490782
00bbac68_6547,12219.282782720393
00bbac68_6548,12219.31249579864
00bbac68_6549,12219.32815553216
00bbac68_6550,12219.34268001177
00bbac68_6551,12219.342700249439
00bbac68_6552,12219.442194821826
00bbac68_6553,12219.414035127855
00bbac68_6554,12219.411835211715
00bbac68_6555,12219.422427501388
00bbac68_6556,12219.434143600873
00bbac68_6557,12219.41188448063
00bbac68_6558,12219.415804864784
00bbac68_6559,12219.408931181555
00bbac68_6560,12219.451990359656
00bbac68_6561,12219.413650001621
00bbac68_6562,12219.405064282259
00bbac68_6563,12219.334875016753
00bbac68_6564,12219.238915945341
00bbac68_6565,12219.188540980374
00bbac68_6566,12219.182884948514
00bbac68_6567,12219.277247990136
00bbac68_6568,12219.275123605003
00bbac68_6569,12219.28437006948
00bbac68_6570,12219.288290453633
00bbac68_6571,12219.296831962054
00bbac68_6572,12219.414822475603
00bbac68_6573,12219.495374787246
00bbac68_6574,12220.014212926526
00bbac68_6575,12220.0203671974
00bbac68_6576,12219.98305222999
00bbac68_6577,12219.962704273079
00bbac68_6578,12219.998977104744
00bbac68_6579,12220.000052487676
00bbac68_6580,12219.982036836675
00bbac68_6581,12219.908785132204
00bbac68_6582,12219.868050670168
00bbac68_6583,12219.903758163695
00bbac68_6584,12219.84247011279
00bbac68_6585,12219.80973507092
00bbac68_6586,12220.009885008294
00bbac68_6587,12219.999202731316
00bbac68_6588,12220.094733070304
00bbac68_6589,12220.069352001821
00bbac68_6590,12220.087261643786
00bbac68_6591,12220.072974477891
00bbac68_6592,12220.081218439926
00bbac68_6593,12220.049632384871
00bbac68_6594,12220.081325290997
00bbac68_6595,12220.08496872813
00bbac68_6596,12220.084567823222
00bbac68_6597,12219.84050160459
00bbac68_6598,12219.776528769751
00bbac68_6599,12219.863315822606
00bbac68_6600,12219.88096225046
00bbac68_6601,12219.906173222993
00bbac68_6602,12220.013886942108
00bbac68_6603,12220.034247908538
00bbac68_6604,12220.023192554165
00bbac68_6605,12220.022015739833
00bbac68_6606,12220.021427151818
00bbac68_6607,12219.997373597984
00bbac68_6608,12220.023452032674
00bbac68_6609,12220.03269849715
00bbac68_6610,12220.017083816605
00bbac68_6611,12220.021281147781
00bbac68_6612,12219.941748925734
00bbac68_6613,12219.999708311352
00bbac68_6614,12220.028631747264
00bbac68_6615,12220.044144996407
00bbac68_6616,12220.038401989448
00bbac68_6617,12220.04451506159
00bbac68_6618,12219.473053976017
00bbac68_6619,12219.3912192027
00bbac68_6620,12219.470805632996
00bbac68_6621,12219.464643772277
00bbac68_6622,12219.431878975767
00bbac68_6623,12219.42032923663
00bbac68_6624,12219.464729662286
00bbac68_6625,12219.42765044317
00bbac68_6626,12219.48423882659
00bbac68_6627,12219.360855133596
00bbac68_6628,12219.498412755298
00bbac68_6629,12219.503685831103
00bbac68_6630,12219.48996858098
00bbac68_6631,12219.444221606733
00bbac68_6632,12219.516158806073
00bbac68_6633,12219.49334350297
00bbac68_6634,12219.497165467936
00bbac68_6635,12219.434854315223
00bbac68_6636,12219.612882823156
00bbac68_6637,12219.603486862095
00bbac68_6638,12219.572816334385
00bbac68_6639,12219.428080254915
00bbac68_6640,12219.458958341704
00bbac68_6641,12219.467062685819
00bbac68_6642,12219.497693580226
00bbac68_6643,12219.549837078393
00bbac68_6644,12219.614475235985
00bbac68_6645,12219.581836324485
00bbac68_6646,12219.561117579
00bbac68_6647,12219.5483135674
00bbac68_6648,12219.593597476945
00bbac68_6649,12219.457643593521
00bbac68_6650,12219.467725476698
00bbac68_6651,12219.492604570569
00bbac68_6652,12219.488880301402
00bbac68_6653,12219.536736842783
00bbac68_6654,12219.612194244759
00bbac68_6655,12219.47900983155
00bbac68_6656,12219.674527200566
00bbac68_6657,12219.502657179446
00bbac68_6658,12219.697442126588
00bbac68_6659,12219.686205955566
00bbac68_6660,12219.647121731567
00bbac68_6661,12219.69156564477
00bbac68_6662,12219.56341892077
00bbac68_6663,12219.538568858148
00bbac68_6664,12219.672201156363
00bbac68_6665,12219.606877918692
00bbac68_6666,12219.622404900745
00bbac68_6667,12219.535440885484
00bbac68_6668,12219.513092501327
00bbac68_6669,12219.558376410872
00bbac68_6670,12219.684714244977
00bbac68_6671,12219.637607712626
00bbac68_6672,12219.57523476182
00bbac68_6673,12219.564321314187
00bbac68_6674,12219.474693114356
00bbac68_6675,12219.516736057103
00bbac68_6676,12219.604907845065
00bbac68_6677,12219.61613413742
00bbac68_6678,12219.685842027679
00bbac68_6679,12219.58189726901
00bbac68_6680,12219.603482753262
00bbac68_6681,12219.756604339807
00bbac68_6682,12219.701800511315
00bbac68_6683,12219.75510672921
00bbac68_6684,12219.658378614828
00bbac68_6685,12219.629930529743
00bbac68_6686,12219.76960530843
00bbac68_6687,12219.62419860518
00bbac68_6688,12219.672579285963
00bbac68_6689,12219.647777288526
00bbac68_6690,12219.543260325267
00bbac68_6691,12219.536336288034
00bbac68_6692,12219.584465198799
00bbac68_6693,12219.70901088813
00bbac68_6694,12219.739225217596
00bbac68_6695,12219.68923706293
00bbac68_6696,12219.768702185855
00bbac68_6697,12219.721595653504
00bbac68_6698,12219.73582029791
00bbac68_6699,12219.702508473812
00bbac68_6700,12219.706623407526
00bbac68_6701,12219.740502135186
00bbac68_6702,12219.723141086235
00bbac68_6703,12219.785222633718
00bbac68_6704,12219.705502728564
00bbac68_6705,12219.755963945237
00bbac68_6706,12219.7322216707
00bbac68_6707,12219.86905831462
00bbac68_6708,12219.822247039838
00bbac68_6709,12219.8281380966
00bbac68_6710,12219.98423743583
00bbac68_6711,12219.857956098793
00bbac68_6712,12219.879113574012
00bbac68_6713,12219.868314567297
00bbac68_6714,12219.85456069608
00bbac68_6715,12219.993297059236
00bbac68_6716,12219.931336095733
00bbac68_6717,12219.951678751615
00bbac68_6718,12219.861132735623
00bbac68_6719,12219.84046663296
00bbac68_6720,12219.780620537622
00bbac68_6721,12219.835043698875
00bbac68_6722,12219.934032442403
00bbac68_6723,12219.941161749897
00bbac68_6724,12219.974523204608
00bbac68_6725,12219.93459898427
00bbac68_6726,12219.8506882527
00bbac68_6727,12219.987238794325
00bbac68_6728,12220.019007231456
00bbac68_6729,12219.644890353647
00bbac68_6730,12219.539022987557
00bbac68_6731,12219.71406687635
00bbac68_6732,12219.657058915776
00bbac68_6733,12219.669802694705
00bbac68_6734,12219.661626673831
00bbac68_6735,12219.57641818225
00bbac68_6736,12219.52885159741
00bbac68_6737,12219.567486489621
00bbac68_6738,12219.576732954098
00bbac68_6739,12219.567746691522
00bbac68_6740,12219.628006339592
00bbac68_6741,12219.68408431652
00bbac68_6742,12219.682422272694
00bbac68_6743,12219.665274083849
00bbac68_6744,12219.642074259264
00bbac68_6745,12219.436984328475
00bbac68_6746,12219.614383411359
00bbac68_6747,12219.506600304303
00bbac68_6748,12219.48600286619
00bbac68_6749,12219.51444107261
00bbac68_6750,12219.536997015846
00bbac68_6751,12219.518912700292
00bbac68_6752,12219.404963516574
00bbac68_6753,12219.590121693696
00bbac68_6754,12219.55267855246
00bbac68_6755,12219.514798246917
00bbac68_6756,12219.53572455148
00bbac68_6757,12219.436966255214
00bbac68_6758,12219.468006848107
00bbac68_6759,12219.60475422811
00bbac68_6760,12219.588601675254
00bbac68_6761,12219.442728053058
00bbac68_6762,12219.46682665987
00bbac68_6763,12219.472726871903
00bbac68_6764,12219.558625863236
00bbac68_6765,12219.589909070875
00bbac68_6766,12219.581623186717
00bbac68_6767,12219.609784446116
00bbac68_6768,12219.616549831491
00bbac68_6769,12219.611207367743
00bbac68_6770,12219.586004827092
00bbac68_6771,12219.487431925114
00bbac68_6772,12219.682230605165
00bbac68_6773,12219.615376148011
00bbac68_6774,12219.754927330505
00bbac68_6775,12219.746169949765
00bbac68_6776,12219.751731416683
00bbac68_6777,12219.755651800837
00bbac68_6778,12219.622178996513
00bbac68_6779,12219.626376327687
00bbac68_6780,12219.859576802173
00bbac68_6781,12219.86071856084
00bbac68_6782,12219.866577574143
00bbac68_6783,12219.735585848923
00bbac68_6784,12219.72203339372
00bbac68_6785,12219.768065746868
00bbac68_6786,12219.738152818034
00bbac68_6787,12219.761688375527
00bbac68_6788,12219.79718072013
00bbac68_6789,12219.763166228795
00bbac68_6790,12219.806003391514
00bbac68_6791,12219.816389687532
00bbac68_6792,12219.822791150787
00bbac68_6793,12219.84344050833
00bbac68_6794,12219.83799275894
00bbac68_6795,12219.856987300807
00bbac68_6796,12219.86090768496
00bbac68_6797,12219.864828069116
00bbac68_6798,12219.82198560537
00bbac68_6799,12219.857512282246
00bbac68_6800,12219.871473712543
00bbac68_6801,12219.53129085573
00bbac68_6802,12219.557724057266
00bbac68_6803,12219.56584213429
00bbac68_6804,12219.569762518444
00bbac68_6805,12219.571201823495
00bbac68_6806,12219.57752088929
00bbac68_6807,12219.68535362696
00bbac68_6808,12219.575879083135
00bbac68_6809,12219.693194395268
00bbac68_6810,12219.604307772584
00bbac68_6811,12219.60822815674
00bbac68_6812,12219.577871197143
00bbac68_6813,12219.576591385983
00bbac68_6814,12219.479634389767
00bbac68_6815,12219.51067498266
00bbac68_6816,12219.514595366814
00bbac68_6817,12219.631269809805
00bbac68_6818,12219.593389504262
00bbac68_6819,12219.501717389636
00bbac68_6820,12219.491440233507
00bbac68_6821,12219.537932639145
00bbac68_6822,12219.530212093123
00bbac68_6823,12219.525684448712
00bbac68_6824,12219.674484746196
00bbac68_6825,12219.56328214451
00bbac68_6826,12219.579184492773
00bbac68_6827,12219.565284137181
00bbac68_6828,12219.548197746433
00bbac68_6829,12219.514897366427
00bbac68_6830,12219.538348237642
00bbac68_6831,12219.504617559784
00bbac68_6832,12219.383300669768
00bbac68_6833,12219.563473800503
00bbac68_6834,12219.535016560145
00bbac68_6835,12219.631462426476
00bbac68_6836,12219.632537809408
00bbac68_6837,12219.629578005573
00bbac68_6838,12219.615375525958
00bbac68_6839,12219.62056849312
00bbac68_6840,12219.550695084548
00bbac68_6841,12219.543903798782
00bbac68_6842,12219.379206934398
00bbac68_6843,12219.405351744823
00bbac68_6844,12219.40442441169
00bbac68_6845,12219.416037514351
00bbac68_6846,12219.541979382879
00bbac68_6847,12219.641338914982
00bbac68_6848,12219.644108023502
00bbac68_6849,12219.661713252626
00bbac68_6850,12219.648957306214
00bbac68_6851,12219.610694768004
00bbac68_6852,12219.612974069394
00bbac68_6853,12219.614049452326
00bbac68_6854,12219.783062304741
00bbac68_6855,12219.71857219695
00bbac68_6856,12219.720011502004
00bbac68_6857,12219.589431764087
00bbac68_6858,12219.622243902391
00bbac68_6859,12219.51505131047
00bbac68_6860,12219.5984692227
00bbac68_6861,12219.629340443036
00bbac68_6862,12219.598653893596
00bbac68_6863,12219.60257427775
00bbac68_6864,12219.604061647988
00bbac68_6865,12219.635539405188
00bbac68_6866,12219.696513164585
00bbac68_6867,12219.826053055574
00bbac68_6868,12219.788172750032
00bbac68_6869,12219.81790871646
00bbac68_6870,12219.687280913358
00bbac68_6871,12219.671556369534
00bbac68_6872,12219.704238045191
00bbac68_6873,12219.704045422754
00bbac68_6874,12219.738947252219
00bbac68_6875,12219.850874685933
00bbac68_6876,12219.697528071796
00bbac68_6877,12219.74637109389
00bbac68_6878,12219.874949681169
00bbac68_6879,12219.850195748915
00bbac68_6880,12219.86485526881
00bbac68_6881,12219.84867753895
00bbac68_6882,12219.856742973154
00bbac68_6883,12219.899882259895
00bbac68_6884,12219.718749390875
00bbac68_6885,12219.767381841679
00bbac68_6886,12219.876658823734
00bbac68_6887,12219.887976668824
00bbac68_6888,12219.754503864502
00bbac68_6889,12219.88677889343
00bbac68_6890,12219.784912381832
00bbac68_6891,12219.819928652216
00bbac68_6892,12219.837259223139
00bbac68_6893,12219.845384166618
00bbac68_6894,12219.86773640502
00bbac68_6895,12219.84989699303
00bbac68_6896,12219.913571558092
00bbac68_6897,12219.906178313095
00bbac68_6898,12219.872781802718
00bbac68_6899,12219.87562873106
00bbac68_6900,12219.883103650127
00bbac68_6901,12219.886902726907
00bbac68_6902,12219.9154622407
00bbac68_6903,12219.878257136572
00bbac68_6904,12219.805836273168
00bbac68_6905,12219.859483524997
00bbac68_6906,12219.803977029267
00bbac68_6907,12219.862986982513
00bbac68_6908,12219.951705798063
00bbac68_6909,12219.959183005947
00bbac68_6910,12219.906700039272
00bbac68_6911,12219.886738892663
00bbac68_6912,12219.885415593955
00bbac68_6913,12220.070939982015
00bbac68_6914,12220.062493880574
00bbac68_6915,12220.07972145467
00bbac68_6916,12220.084630608353
00bbac68_6917,12220.041753812331
00bbac68_6918,12220.055875459911
00bbac68_6919,12220.084352576243
00bbac68_6920,12220.085874278757
00bbac68_6921,12220.06804631086
00bbac68_6922,12220.072996663275
00bbac68_6923,12220.111924524235
00bbac68_6924,12220.150174894961
00bbac68_6925,12220.08821393146
00bbac68_6926,12220.009228736999
00bbac68_6927,12220.086121228087
00bbac68_6928,12220.100451158138
00bbac68_6929,12220.079732412654
00bbac68_6930,12220.11308700091
00bbac68_6931,12220.11911767559
00bbac68_6932,12220.132701450857
00bbac68_6933,12220.148024728078
00bbac68_6934,12220.144108198168
00bbac68_6935,12220.158474749314
00bbac68_6936,12219.866936149094
00bbac68_6937,12219.894442806439
00bbac68_6938,12219.903412323894
00bbac68_6939,12219.902912999796
00bbac68_6940,12219.8499287819
00bbac68_6941,12219.85039305033
00bbac68_6942,12219.851955951573
00bbac68_6943,12219.899720940219
00bbac68_6944,12219.862277798982
00bbac68_6945,12219.93711950882
00bbac68_6946,12219.981998297513
00bbac68_6947,12219.976651256131
00bbac68_6948,12219.90923146084
00bbac68_6949,12219.89103270437
00bbac68_6950,12219.934554223777
00bbac68_6951,12219.894348478781
00bbac68_6952,12219.954289981099
00bbac68_6953,12219.88363379665
00bbac68_6954,12219.725416577043
00bbac68_6955,12219.627493699478
00bbac68_6956,12219.690387777478
00bbac68_6957,12219.641065668957
00bbac68_6958,12219.826715942027
00bbac68_6959,12219.894631687508
00bbac68_6960,12219.898801552863
00bbac68_6961,12219.95895362647
00bbac68_6962,12219.926715258182
00bbac68_6963,12219.969518088625
00bbac68_6964,12219.929639644653
00bbac68_6965,12219.993343964354
00bbac68_6966,12219.92456461096
00bbac68_6967,12219.976742441402
00bbac68_6968,12219.929830458612
00bbac68_6969,12219.944572375969
00bbac68_6970,12219.904284233511
00bbac68_6971,12219.949932065174
00bbac68_6972,12219.903200899036
00bbac68_6973,12220.018833929673
00bbac68_6974,12219.986307170271
00bbac68_6975,12219.97991185008
00bbac68_6976,12219.976771229594
00bbac68_6977,12220.019358911111
00bbac68_6978,12219.979434690773
00bbac68_6979,12220.012185030982
00bbac68_6980,12219.9893971937
00bbac68_6981,12220.123713848605
00bbac68_6982,12220.100635331393
00bbac68_6983,12220.059097494111
00bbac68_6984,12220.124362787932
00bbac68_6985,12220.085946898893
00bbac68_6986,12220.110825992762
00bbac68_6987,12220.137044045372
00bbac68_6988,12220.084492414146
00bbac68_6989,12219.93637574996
00bbac68_6990,12219.884112509846
00bbac68_6991,12219.902852992876
00bbac68_6992,12219.94593277034
00bbac68_6993,12219.961413976027
00bbac68_6994,12219.89025196272
00bbac68_6995,12219.835303938671
00bbac68_6996,12219.972374042063
00bbac68_6997,12219.937411979929
00bbac68_6998,12219.882683682441
00bbac68_6999,12219.983837648138
00bbac68_7000,12219.921755377261
00bbac68_7001,12219.854285227968
00bbac68_7002,12220.01567173761
00bbac68_7003,12219.838885334655
00bbac68_7004,12219.881202935605
00bbac68_7005,12219.910126371517
00bbac68_7006,12220.031353274226
00bbac68_7007,12219.975775825125
00bbac68_7008,12219.967357189504
00bbac68_7009,12219.989519455983
00bbac68_7010,12219.929952596485
00bbac68_7011,12219.983528894943
00bbac68_7012,12219.986655059127
00bbac68_7013,12219.838025699628
00bbac68_7014,12219.838801247357
00bbac68_7015,12219.881299664958
00bbac68_7016,12219.930795000284
00bbac68_7017,12220.045464438392
00bbac68_7018,12219.980173244176
00bbac68_7019,12219.995098267002
00bbac68_7020,12220.17371957889
00bbac68_7021,12220.06141834439
00bbac68_7022,12220.073292372344
00bbac68_7023,12220.033684008939
00bbac68_7024,12220.177606834499
00bbac68_7025,12220.117103848292
00bbac68_7026,12220.269076448021
00bbac68_7027,12220.231976629537
00bbac68_7028,12220.182459971455
00bbac68_7029,12220.172137038959
00bbac68_7030,12220.168687427995
00bbac68_7031,12220.194832238418
00bbac68_7032,12220.336212186781
00bbac68_7033,12220.198768282604
00bbac68_7034,12220.079101630625
00bbac68_7035,12220.124376384896
00bbac68_7036,12220.086811936286
00bbac68_7037,12220.288433583868
00bbac68_7038,12220.243116907473
00bbac68_7039,12220.26337029944
00bbac68_7040,12220.275312991944
00bbac68_7041,12220.272051064087
00bbac68_7042,12220.270645367917
00bbac68_7043,12220.279891832393
00bbac68_7044,12220.299772146966
00bbac68_7045,12220.258410548699
00bbac68_7046,12220.39309570336
00bbac68_7047,12220.39879221056
00bbac68_7048,12220.286731301989
00bbac68_7049,12220.370130903673
00bbac68_7050,12220.427346423325
00bbac68_7051,12220.432907890241
00bbac68_7052,12220.474694485332
00bbac68_7053,12220.463987031351
00bbac68_7054,12220.463831030007
00bbac68_7055,12220.361554819923
00bbac68_7056,12220.302814223853
00bbac68_7057,12220.324658344578
00bbac68_7058,12220.366479271945
00bbac68_7059,12220.465461149019
00bbac68_7060,12220.45255871823
00bbac68_7061,12220.44368003012
00bbac68_7062,12220.419850780483
00bbac68_7063,12220.482637284022
00bbac68_7064,12220.48819875094
00bbac68_7065,12220.432303156089
00bbac68_7066,12220.494599852498
00bbac68_7067,12220.467055850666
00bbac68_7068,12220.443977333452
00bbac68_7069,12220.457439801346
00bbac68_7070,12220.452273576613
00bbac68_7071,12220.480833090405
00bbac68_7072,12220.537757930126
00bbac68_7073,12220.548810272287
00bbac68_7074,12220.518391514594
00bbac68_7075,12220.513293954413
00bbac68_7076,12220.5667741225
00bbac68_7077,12220.533221972475
00bbac68_7078,12220.553754600282
00bbac68_7079,12220.595662502747
00bbac68_7080,12220.700972962582
00bbac68_7081,12220.60338196368
00bbac68_7082,12220.496500651056
00bbac68_7083,12220.624710738579
00bbac68_7084,12220.620043476249
00bbac68_7085,12220.611363915334
00bbac68_7086,12220.583819913501
00bbac68_7087,12220.587740297655
00bbac68_7088,12220.62240637883
00bbac68_7089,12220.61448670561
00bbac68_7090,12220.63945048576
00bbac68_7091,12220.729645589152
00bbac68_7092,12220.738704370522
00bbac68_7093,12220.746000761757
00bbac68_7094,12220.675024142736
00bbac68_7095,12220.730278145054
00bbac68_7096,12220.72652183243
00bbac68_7097,12220.59837510843
00bbac68_7098,12220.626934622222
00bbac68_7099,12220.601011103789
00bbac68_7100,12220.631930389309
00bbac68_7101,12220.777411900172
00bbac68_7102,12220.778851205223
00bbac68_7103,12220.785252668478
00bbac68_7104,12220.71296226772
00bbac68_7105,12220.683159202166
00bbac68_7106,12220.568182339006
00bbac68_7107,12220.572942719498
00bbac68_7108,12220.578504186415
00bbac68_7109,12220.588652445325
00bbac68_7110,12220.626754042858
00bbac68_7111,12220.620734088876
00bbac68_7112,12220.612814415657
00bbac68_7113,12220.563110074469
00bbac68_7114,12220.521173982792
00bbac68_7115,12220.519317389408
00bbac68_7116,12220.651892253542
00bbac68_7117,12220.764444534667
00bbac68_7118,12220.63669835388
00bbac68_7119,12220.640618738033
00bbac68_7120,12220.63210397204
00bbac68_7121,12220.593820834467
00bbac68_7122,12220.616946693473
00bbac68_7123,12220.508113018788
00bbac68_7124,12220.544985520863
00bbac68_7125,12220.541941030748
00bbac68_7126,12220.513563899032
00bbac68_7127,12220.542487334944
00bbac68_7128,12220.478944797957
00bbac68_7129,12220.53994831199
00bbac68_7130,12220.726553022318
00bbac68_7131,12220.763700182593
00bbac68_7132,12220.760719779395
00bbac68_7133,12220.621827053197
00bbac68_7134,12220.73054556357
00bbac68_7135,12220.664212957003
00bbac68_7136,12220.677796732269
00bbac68_7137,12220.780321700164
00bbac68_7138,12220.75513747006
00bbac68_7139,12220.741017387903
00bbac68_7140,12220.798640317224
00bbac68_7141,12220.758761873252
00bbac68_7142,12220.804045782796
00bbac68_7143,12220.783327037312
00bbac68_7144,12220.809405472002
00bbac68_7145,12220.663257191605
00bbac68_7146,12220.67374648445
00bbac68_7147,12220.713328947462
00bbac68_7148,12220.678366885326
00bbac68_7149,12220.772986274606
00bbac68_7150,12220.7997010008
00bbac68_7151,12220.647192094184
00bbac68_7152,12220.670269888005
00bbac68_7153,12220.811462153262
00bbac68_7154,12220.801752624086
00bbac68_7155,12220.828011875426
00bbac68_7156,12220.858931160947
00bbac68_7157,12220.862851545102
00bbac68_7158,12220.726897661676
00bbac68_7159,12220.66312853167
00bbac68_7160,12220.768750270805
00bbac68_7161,12220.772791962332
00bbac68_7162,12220.875497746876
00bbac68_7163,12220.832442423021
00bbac68_7164,12220.829427687546
00bbac68_7165,12220.876572406418
00bbac68_7166,12220.962766655317
00bbac68_7167,12220.91758044157
00bbac68_7168,12220.921500825723
00bbac68_7169,12220.949465246742
00bbac68_7170,12220.983511058143
00bbac68_7171,12220.994361984289
00bbac68_7172,12220.983427937288
00bbac68_7173,12220.929269555574
00bbac68_7174,12220.978609251251
00bbac68_7175,12221.004818148587
00bbac68_7176,12221.010036292751
00bbac68_7177,12220.899659954493
00bbac68_7178,12220.97817064016
00bbac68_7179,12220.979609945212
00bbac68_7180,12220.95467519631
00bbac68_7181,12220.692518157368
00bbac68_7182,12220.534971561541
00bbac68_7183,12220.557776985977
00bbac68_7184,12220.504920941908
00bbac68_7185,12220.54993019325
00bbac68_7186,12220.596566794444
00bbac68_7187,12220.56518902186
00bbac68_7188,12220.7021904607
00bbac68_7189,12220.635434422737
00bbac68_7190,12220.617210489263
00bbac68_7191,12220.64059956238
00bbac68_7192,12220.634510943848
00bbac68_7193,12220.567068260376
00bbac68_7194,12220.674255551268
00bbac68_7195,12220.790424165403
00bbac68_7196,12220.742972021479
00bbac68_7197,12220.758256388788
00bbac68_7198,12220.81418788134
00bbac68_7199,12220.752217762563
00bbac68_7200,12220.81002608617
00bbac68_7201,12220.831421598497
00bbac68_7202,12220.763978915023
00bbac68_7203,12220.872489142928
00bbac68_7204,12220.768974682112
00bbac68_7205,12220.817103592875
00bbac68_7206,12220.858974874247
00bbac68_7207,12220.766893061134
00bbac68_7208,12220.836816100318
00bbac68_7209,12220.799372959082
00bbac68_7210,12220.939519234347
00bbac68_7211,12220.86978086606
00bbac68_7212,12220.917424547333
00bbac68_7213,12220.945984061125
00bbac68_7214,12221.07282314645
00bbac68_7215,12221.031157135341
00bbac68_7216,12221.030282445032
00bbac68_7217,12221.075566354575
00bbac68_7218,12221.015569197225
00bbac68_7219,12221.17170515755
00bbac68_7220,12221.134262016314
00bbac68_7221,12221.166595791581
00bbac68_7222,12221.247603578078
00bbac68_7223,12221.3105251219
00bbac68_7224,12221.320586405713
00bbac68_7225,12221.223709518137
00bbac68_7226,12221.250788166451
00bbac68_7227,12221.176238701972
00bbac68_7228,12221.277340024846
00bbac68_7229,12221.283441652897
00bbac68_7230,12221.304207740175
00bbac68_7231,12221.347010570618
00bbac68_7232,12221.308347489196
00bbac68_7233,12221.244866750301
00bbac68_7234,12221.210236566829
00bbac68_7235,12221.372046507868
00bbac68_7236,12221.350192508477
00bbac68_7237,12221.383515053274
00bbac68_7238,12221.28988828777
00bbac68_7239,12221.240918657275
00bbac68_7240,12221.204315512376
00bbac68_7241,12221.021813929976
00bbac68_7242,12221.035047516034
00bbac68_7243,12220.984329228313
00bbac68_7244,12220.987746072427
00bbac68_7245,12220.839189955117
00bbac68_7246,12220.870628802404
00bbac68_7247,12220.833306968541
00bbac68_7248,12221.115016659336
00bbac68_7249,12221.041790131869
00bbac68_7250,12220.957064580964
00bbac68_7251,12221.002348490507
00bbac68_7252,12220.990151015776
00bbac68_7253,12221.04815846658
00bbac68_7254,12221.122123558984
00bbac68_7255,12221.076422361108
00bbac68_7256,12221.080619692282
00bbac68_7257,12221.091372199238
00bbac68_7258,12221.071461406635
00bbac68_7259,12221.038879715594
00bbac68_7260,12220.957564504042
00bbac68_7261,12220.90760152638
00bbac68_7262,12221.072091673717
00bbac68_7263,12221.124557895273
00bbac68_7264,12221.063668098763
00bbac68_7265,12221.126253186287
00bbac68_7266,12221.136216050909
00bbac68_7267,12221.051923086674
00bbac68_7268,12221.070652125612
00bbac68_7269,12221.096105712892
00bbac68_7270,12221.06480576013
00bbac68_7271,12221.123053536863
00bbac68_7272,12221.060346418575
00bbac68_7273,12220.95793059057
00bbac68_7274,12221.031678245232
00bbac68_7275,12221.137558620841
00bbac68_7276,12221.05624340929
00bbac68_7277,12220.973612127185
00bbac68_7278,12221.021757059678
00bbac68_7279,12221.067040969223
00bbac68_7280,12221.185058948591
00bbac68_7281,12221.139824669659
00bbac68_7282,12221.153767789408
00bbac68_7283,12221.145951113016
00bbac68_7284,12221.003398566261
00bbac68_7285,12221.131906200171
00bbac68_7286,12221.01882676743
00bbac68_7287,12221.1326562092
00bbac68_7288,12220.999117029145
00bbac68_7289,12220.973605498017
00bbac68_7290,12220.997704104826
00bbac68_7291,12221.114783668667
00bbac68_7292,12221.198522015467
00bbac68_7293,12221.243744126914
00bbac68_7294,12221.134132253988
00bbac68_7295,12221.080665095418
00bbac68_7296,12221.203361419513
00bbac68_7297,12221.188964390336
00bbac68_7298,12221.166902108474
00bbac68_7299,12221.017982069045
00bbac68_7300,12221.033834063306
00bbac68_7301,12221.181492240428
00bbac68_7302,12221.164227321848
00bbac68_7303,12221.11255459687
00bbac68_7304,12221.28850943537
00bbac68_7305,12221.333793344915
00bbac68_7306,12221.294709120913
00bbac68_7307,12221.180844623475
00bbac68_7308,12221.426681664123
00bbac68_7309,12221.389238522886
00bbac68_7310,12221.392350954158
00bbac68_7311,12221.301049628108
00bbac68_7312,12221.261965404106
00bbac68_7313,12221.278380447684
00bbac68_7314,12221.335504414601
00bbac68_7315,12221.386492059497
00bbac68_7316,12221.469003599657
00bbac68_7317,12221.429681338546
00bbac68_7318,12221.35235324858
00bbac68_7319,12221.2860069091
00bbac68_7320,12221.280410386516
00bbac68_7321,12221.29989931315
00bbac68_7322,12221.117667811317
00bbac68_7323,12221.12400289884
00bbac68_7324,12221.281548771274
00bbac68_7325,12221.253622536777
00bbac68_7326,12221.212240339144
00bbac68_7327,12221.420041796295
00bbac68_7328,12221.37308174832
00bbac68_7329,12221.384877956447
00bbac68_7330,12221.32913113479
00bbac68_7331,12221.441568974999
00bbac68_7332,12221.38381485964
00bbac68_7333,12221.410756178853
00bbac68_7334,12221.436331073504
00bbac68_7335,12221.369298088517
00bbac68_7336,12221.264133389664
00bbac68_7337,12221.411599306044
00bbac68_7338,12221.32643887965
00bbac68_7339,12221.339439006237
00bbac68_7340,12221.39125062574
00bbac68_7341,12221.363324391243
00bbac68_7342,12221.446730859381
00bbac68_7343,12221.510075834598
00bbac68_7344,12221.657379244876
00bbac68_7345,12221.67965824109
00bbac68_7346,12221.657632580322
00bbac68_7347,12221.71186805847
00bbac68_7348,12221.707569295895
00bbac68_7349,12221.696333124873
00bbac68_7350,12221.682924865228
00bbac68_7351,12221.666188663687
00bbac68_7352,12221.512919869374
00bbac68_7353,12221.518991742785
00bbac68_7354,12221.436598497789
00bbac68_7355,12221.407450034287
00bbac68_7356,12221.517965267074
00bbac68_7357,12221.457997864361
00bbac68_7358,12221.306335820536
00bbac68_7359,12221.345689401713
00bbac68_7360,12221.43116038401
00bbac68_7361,12222.34557728916
00bbac68_7362,12222.415003654758
00bbac68_7363,12222.560679715181
00bbac68_7364,12222.483553041231
00bbac68_7365,12222.331820044037
00bbac68_7366,12222.391658549528
00bbac68_7367,12222.387597824061
00bbac68_7368,12222.519655415246
00bbac68_7369,12222.385628716882
00bbac68_7370,12222.500636900108
00bbac68_7371,12222.64117914095
00bbac68_7372,12222.543077735554
00bbac68_7373,12222.472746563311
00bbac68_7374,12222.37378456221
00bbac68_7375,12222.476458303297
00bbac68_7376,12222.333468592236
00bbac68_7377,12222.49228475886
00bbac68_7378,12222.422791294137
00bbac68_7379,12222.417316078927
00bbac68_7380,12222.450810285101
00bbac68_7381,12222.503400102849
00bbac68_7382,12222.599388205508
00bbac68_7383,12222.612976558412
00bbac68_7384,12222.522398498963
00bbac68_7385,12222.576762150939
00bbac68_7386,12222.523553628842
00bbac68_7387,12222.498847761774
00bbac68_7388,12222.556150256523
00bbac68_7389,12222.575227195854
00bbac68_7390,12222.595837643483
00bbac68_7391,12222.482220338428
00bbac68_7392,12222.383194250415
00bbac68_7393,12222.430281748826
00bbac68_7394,12222.583858810225
00bbac68_7395,12222.6513373914
00bbac68_7396,12222.589376427899
00bbac68_7397,12222.806562040323
00bbac68_7398,12222.744999331215
00bbac68_7399,12222.746333350622
00bbac68_7400,12222.771423015784
00bbac68_7401,12222.721929245883
00bbac68_7402,12222.593327047029
00bbac68_7403,12222.5795342659
00bbac68_7404,12222.672366088042
00bbac68_7405,12222.747839511745
00bbac68_7406,12222.76946390591
00bbac68_7407,12222.741100507104
00bbac68_7408,12222.735941148825
00bbac68_7409,12222.742507407003
00bbac68_7410,12222.714617793597
00bbac68_7411,12222.747702301287
00bbac68_7412,12222.727104863176
00bbac68_7413,12222.796906594986
00bbac68_7414,12222.855085707166
00bbac68_7415,12222.863366290294
00bbac68_7416,12222.858396903941
00bbac68_7417,12222.839724362067
00bbac68_7418,12222.747168763555
00bbac68_7419,12222.724044469975
00bbac68_7420,12222.758273386844
00bbac68_7421,12222.797965713136
00bbac68_7422,12222.883017841676
00bbac68_7423,12222.918807732665
00bbac68_7424,12222.716150815791
00bbac68_7425,12222.765076235346
00bbac68_7426,12222.776204108513
00bbac68_7427,12222.66452543261
00bbac68_7428,12222.689349594839
00bbac68_7429,12222.628095876209
00bbac68_7430,12222.44223201964
00bbac68_7431,12222.558576872787
00bbac68_7432,12222.525594638533
00bbac68_7433,12222.498501533919
00bbac68_7434,12222.6496204044
00bbac68_7435,12222.653540788553
00bbac68_7436,12222.678287130959
00bbac68_7437,12222.597912623754
00bbac68_7438,12222.678927276707
00bbac68_7439,12222.723197239719
00bbac68_7440,12222.635207833833
00bbac68_7441,12222.54251490622
00bbac68_7442,12222.533528643644
00bbac68_7443,12222.655712272428
00bbac68_7444,12222.510532162196
00bbac68_7445,12222.399402802697
00bbac68_7446,12222.535335363365
00bbac68_7447,12222.48512519332
00bbac68_7448,12222.305333571858
00bbac68_7449,12222.389287067585
00bbac68_7450,12222.348065087235
00bbac68_7451,12222.444954984328
00bbac68_7452,12222.569546450024
00bbac68_7453,12222.394332465283
00bbac68_7454,12222.473660259104
00bbac68_7455,12222.464584732614
00bbac68_7456,12222.55644609577
00bbac68_7457,12222.415900842718
00bbac68_7458,12222.411620390689
00bbac68_7459,12222.398562320253
00bbac68_7460,12222.535044197328
00bbac68_7461,12222.52818195819
00bbac68_7462,12222.512526078915
00bbac68_7463,12222.520907370052
00bbac68_7464,12222.494640528865
00bbac68_7465,12222.587099273613
00bbac68_7466,12222.518281010305
00bbac68_7467,12222.825680398366
00bbac68_7468,12222.814384718065
00bbac68_7469,12222.793743792405
00bbac68_7470,12222.708386527633
00bbac68_7471,12222.654399807296
00bbac68_7472,12222.795276215618
00bbac68_7473,12222.647978948404
00bbac68_7474,12222.694221872842
00bbac68_7475,12222.653977217933
00bbac68_7476,12222.74396861649
00bbac68_7477,12222.665624291172
00bbac68_7478,12222.592065885041
00bbac68_7479,12222.70892801114
00bbac68_7480,12222.882040137236
00bbac68_7481,12222.8976678273
00bbac68_7482,12222.863719711695
00bbac68_7483,12222.814418202539
00bbac68_7484,12222.811034967308
00bbac68_7485,12222.641760466207
00bbac68_7486,12222.692123263692
00bbac68_7487,12222.59778009804
00bbac68_7488,12222.59657124025
00bbac68_7489,12222.605403428603
00bbac68_7490,12222.591040731702
00bbac68_7491,12222.630790278454
00bbac68_7492,12222.585230987315
00bbac68_7493,12222.509125126351
00bbac68_7494,12222.698135384773
00bbac68_7495,12222.644553785283
00bbac68_7496,12222.66822438306
00bbac68_7497,12222.767089530398
00bbac68_7498,12222.693405239257
00bbac68_7499,12222.723704255004
00bbac68_7500,12222.745582708005
00bbac68_7501,12222.75099540173
00bbac68_7502,12222.760413527581
00bbac68_7503,12222.690936084588
00bbac68_7504,12222.76825429589
00bbac68_7505,12222.660713803578
00bbac68_7506,12222.776017244372
00bbac68_7507,12222.798330572863
00bbac68_7508,12222.85087919188
00bbac68_7509,12222.902638168562
00bbac68_7510,12222.744855824443
00bbac68_7511,12222.824497186382
00bbac68_7512,12222.817451841775
00bbac68_7513,12222.840289309668
00bbac68_7514,12222.8314907302
00bbac68_7515,12222.841719097753
00bbac68_7516,12222.843998399141
00bbac68_7517,12222.932735525239
00bbac68_7518,12222.92976656613
00bbac68_7519,12222.929649474698
00bbac68_7520,12222.909825657192
00bbac68_7521,12222.959991616297
00bbac68_7522,12223.004948224816
00bbac68_7523,12223.023114214438
00bbac68_7524,12222.98419478536
00bbac68_7525,12223.061510707843
00bbac68_7526,12223.022575257035
00bbac68_7527,12223.153371709304
00bbac68_7528,12223.082580484572
00bbac68_7529,12223.008493361402
00bbac68_7530,12223.037052875194
00bbac68_7531,12223.09735829963
00bbac68_7532,12223.37446975434
00bbac68_7533,12223.337509553778
00bbac68_7534,12223.25447543964
00bbac68_7535,12223.418191966372
00bbac68_7536,12223.35924308783
00bbac68_7537,12222.672970295715
00bbac68_7538,12222.657552453551
00bbac68_7539,12222.699945585506
00bbac68_7540,12222.715056002618
00bbac68_7541,12222.7178205335
00bbac68_7542,12222.496894268485
00bbac68_7543,12222.454289841848
00bbac68_7544,12222.736038442554
00bbac68_7545,12222.557173792527
00bbac68_7546,12222.703252684982
00bbac68_7547,12222.918433292525
00bbac68_7548,12222.537189034345
00bbac68_7549,12222.64759211503
00bbac68_7550,12222.663750810952
00bbac68_7551,12222.755843344765
00bbac68_7552,12222.789520656408
00bbac68_7553,12222.556246216343
00bbac68_7554,12222.621564152987
00bbac68_7555,12222.628823923127
00bbac68_7556,12222.86410722232
00bbac68_7557,12222.753504291044
00bbac68_7558,12222.775369011135
00e12e8b_2083,11605.476672555229
00e12e8b_2084,11605.334274275341
00e12e8b_2085,11605.45351643687
00e12e8b_2086,11605.442537028863
00e12e8b_2087,11605.451315380426
00e12e8b_2088,11605.466567511667
00e12e8b_2089,11605.461884893306
00e12e8b_2090,11605.512197001124
00e12e8b_2091,11605.486901642245
00e12e8b_2092,11605.52157597083
00e12e8b_2093,11605.548207856613
00e12e8b_2094,11605.53523764155
00e12e8b_2095,11605.589770509237
00e12e8b_2096,11605.560715480102
00e12e8b_2097,11605.581585480242
00e12e8b_2098,11605.611411698152
00e12e8b_2099,11605.632949282233
00e12e8b_2100,11605.682317931973
00e12e8b_2101,11605.661176814181
00e12e8b_2102,11605.604545100092
00e12e8b_2103,11605.636282838957
00e12e8b_2104,11605.618651409543
00e12e8b_2105,11605.537881924323
00e12e8b_2106,11605.5193552093
00e12e8b_2107,11605.53845169708
00e12e8b_2108,11605.561376519667
00e12e8b_2109,11605.52021775413
00e12e8b_2110,11605.511671073937
00e12e8b_2111,11605.432182879966
00e12e8b_2112,11605.348340450464
00e12e8b_2113,11605.402450306967
00e12e8b_2114,11605.4507552999
00e12e8b_2115,11605.491382791392
00e12e8b_2116,11605.47896888436
00e12e8b_2117,11605.459191026119
00e12e8b_2118,11605.517862238334
00e12e8b_2119,11605.557093640033
00e12e8b_2120,11605.5100362856
00e12e8b_2121,11605.625301446416
00e12e8b_2122,11605.568200631853
00e12e8b_2123,11605.60910934402
00e12e8b_2124,11605.635694738183
00e12e8b_2125,11605.602955605558
00e12e8b_2126,11605.65029777486
00e12e8b_2127,11605.63984806737
00e12e8b_2128,11605.776224287376
00e12e8b_2129,11605.818651094081
00e12e8b_2130,11605.824825557132
00e12e8b_2131,11605.850831951775
00e12e8b_2132,11605.756740113195
00e12e8b_2133,11605.798611738397
00e12e8b_2134,11605.767499580117
00e12e8b_2135,11605.80217389082
00e12e8b_2136,11605.835816248424
00e12e8b_2137,11605.80542188504
00e12e8b_2138,11605.876963051362
00e12e8b_2139,11605.85310156566
00e12e8b_2140,11605.882571800787
00e12e8b_2141,11605.919546606397
00e12e8b_2142,11605.88449101078
00e12e8b_2143,11605.935308911694
00e12e8b_2144,11606.016714867264
00e12e8b_2145,11605.974828078675
00e12e8b_2146,11605.982978864855
00e12e8b_2147,11606.005990447962
00e12e8b_2148,11605.96186844943
00e12e8b_2149,11605.96197754383
00e12e8b_2150,11605.967831840533
00e12e8b_2151,11606.06642909292
00e12e8b_2152,11606.041467973047
00e12e8b_2153,11606.091533210349
00e12e8b_2154,11606.140449782699
00e12e8b_2155,11606.170696356403
00e12e8b_2156,11606.194947620756
00e12e8b_2157,11606.187552430772
00e12e8b_2158,11606.282295867364
00e12e8b_2159,11606.27271628636
00e12e8b_2160,11606.28652960916
00e12e8b_2161,11606.32960976622
00e12e8b_2162,11606.223895486824
00e12e8b_2163,11606.276049843083
00e12e8b_2164,11606.26298135188
00e12e8b_2165,11606.23054820566
00e12e8b_2166,11606.324439736907
00e12e8b_2167,11606.257452907881
00e12e8b_2168,11606.311224099736
00e12e8b_2169,11606.276789346097
00e12e8b_2170,11606.324324437752
00e12e8b_2171,11606.32123562375
00e12e8b_2172,11606.333884295633
00e12e8b_2173,11606.375559833476
00e12e8b_2174,11606.35707696363
00e12e8b_2175,11606.405273023114
00e12e8b_2176,11606.386251780274
00e12e8b_2177,11606.41383624365
00e12e8b_2178,11606.404556927004
00e12e8b_2179,11606.428756764468
00e12e8b_2180,11606.476209995106
00e12e8b_2181,11606.466225507827
00e12e8b_2182,11606.490476736417
00e12e8b_2183,11606.480903378137
00e12e8b_2184,11606.500925585653
00e12e8b_2185,11606.489434662504
00e12e8b_2186,11606.458981165351
00e12e8b_2187,11606.528520456035
00e12e8b_2188,11606.540716585614
00e12e8b_2189,11606.584074083086
00e12e8b_2190,11606.567615243925
00e12e8b_2191,11606.615829005987
00e12e8b_2192,11606.577705070544
00e12e8b_2193,11606.615898600407
00e12e8b_2194,11606.576458737458
00e12e8b_2195,11606.605730024201
00e12e8b_2196,11606.591044554354
00e12e8b_2197,11606.626579907794
00e12e8b_2198,11606.616326090967
00e12e8b_2199,11606.648962155276
00e12e8b_2200,11606.641607627582
00e12e8b_2201,11606.663068858117
00e12e8b_2202,11606.650156900632
00e12e8b_2203,11606.64899335838
00e12e8b_2204,11606.695571133876
00e12e8b_2205,11606.667330995602
00e12e8b_2206,11606.714379319965
00e12e8b_2207,11606.652469268876
00e12e8b_2208,11606.778375575399
00e12e8b_2209,11606.722119155997
00e12e8b_2210,11606.785937509429
00e12e8b_2211,11606.77955229631
00e12e8b_2212,11606.796697280333
00e12e8b_2213,11606.792646697704
00e12e8b_2214,11606.847746834717
00e12e8b_2215,11606.839534643868
00e12e8b_2216,11606.873028371332
00e12e8b_2217,11606.856569353358
00e12e8b_2218,11606.875308463608
00e12e8b_2219,11606.835749617867
00e12e8b_2220,11606.892507395813
00e12e8b_2221,11606.884295312253
00e12e8b_2222,11606.911648604975
00e12e8b_2223,11606.901015792017
00e12e8b_2224,11606.953593061111
00e12e8b_2225,11606.840548840919
00e12e8b_2226,11606.90465193766
00e12e8b_2227,11606.888599006132
00e12e8b_2228,11606.932410065147
00e12e8b_2229,11606.880991921655
00e12e8b_2230,11606.852255789288
00e12e8b_2231,11606.844890729453
00e12e8b_2232,11606.833323479577
00e12e8b_2233,11606.788959577087
00e12e8b_2234,11606.758125159315
00e12e8b_2235,11606.817848032155
00e12e8b_2236,11606.759219149704
00e12e8b_2237,11606.783474352154
00e12e8b_2238,11606.774058494584
00e12e8b_2239,11606.830480470022
00e12e8b_2240,11606.902944112844
00e12e8b_2241,11606.921383325305
00e12e8b_2242,11606.908721050186
00e12e8b_2243,11606.944590200068
00e12e8b_2244,11606.927413507898
00e12e8b_2245,11606.92933164499
00e12e8b_2246,11606.828988471265
00e12e8b_2247,11607.004334143949
00e12e8b_2248,11606.845751222641
00e12e8b_2249,11606.960215965348
00e12e8b_2250,11606.988603712327
00e12e8b_2251,11607.006492611492
00e12e8b_2252,11607.051427520555
00e12e8b_2253,11607.005314875902
00e12e8b_2254,11606.97239505403
00e12e8b_2255,11606.993451844326
00e12e8b_2256,11607.013423584962
00e12e8b_2257,11607.009145001155
00e12e8b_2258,11607.031374149246
00e12e8b_2259,11607.014755514132
00e12e8b_2260,11607.102701343481
00e12e8b_2261,11607.081483657143
00e12e8b_2262,11607.111299600374
00e12e8b_2263,11607.144793216077
00e12e8b_2264,11607.04987260397
00e12e8b_2265,11607.151971589748
00e12e8b_2266,11607.21964978724
00e12e8b_2267,11607.208851996074
00e12e8b_2268,11607.199849351524
00e12e8b_2269,11607.128259626077
00e12e8b_2270,11607.199820522004
00e12e8b_2271,11607.116299034737
00e12e8b_2272,11607.15251545022
00e12e8b_2273,11607.07113511425
00e12e8b_2274,11607.205123135582
00e12e8b_2275,11607.144641758654
00e12e8b_2276,11607.19816339331
00e12e8b_2277,11607.083547930608
00e12e8b_2278,11607.302563794909
00e12e8b_2279,11607.347445909158
00e12e8b_2280,11607.277117586378
00e12e8b_2281,11607.371110319606
00e12e8b_2282,11607.401440182606
00e12e8b_2283,11607.389030453112
00e12e8b_2284,11607.264708046929
00e12e8b_2285,11607.333145061464
00e12e8b_2286,11607.335715744248
00e12e8b_2287,11607.298500831792
00e12e8b_2288,11607.371067366388
00e12e8b_2289,11607.156030355796
00e12e8b_2290,11607.193339042784
00e12e8b_2291,11607.090236430307
00e12e8b_2292,11607.218620579399
00e12e8b_2293,11607.245261995966
00e12e8b_2294,11607.176550435019
00e12e8b_2295,11607.236173688383
00e12e8b_2296,11607.240148829449
00e12e8b_2297,11607.147753434427
00e12e8b_2298,11607.298896860148
00e12e8b_2299,11607.17917537002
00e12e8b_2300,11607.319746725858
00e12e8b_2301,11607.33681916507
00e12e8b_2302,11607.282043468094
00e12e8b_2303,11607.362100701685
00e12e8b_2304,11607.381514977587
00e12e8b_2305,11607.144447057635
00e12e8b_2306,11607.210241519617
00e12e8b_2307,11607.141349606936
00e12e8b_2308,11607.23592481538
00e12e8b_2309,11607.22451768444
00e12e8b_2310,11607.18702950406
00e12e8b_2311,11607.26088178684
00e12e8b_2312,11607.222381126201
00e12e8b_2313,11607.297991400294
00e12e8b_2314,11607.304491769622
00e12e8b_2315,11607.250734418003
00e12e8b_2316,11607.29900354086
00e12e8b_2317,11607.25537392438
00e12e8b_2318,11607.348159491443
00e12e8b_2319,11607.238851695696
00e12e8b_2320,11607.379581570087
00e12e8b_2321,11607.395726912693
00e12e8b_2322,11607.323204469178
00e12e8b_2323,11607.344388788453
00e12e8b_2324,11607.226131283769
00e12e8b_2325,11607.374962430744
00e12e8b_2326,11607.320186554954
00e12e8b_2327,11607.383446436706
00e12e8b_2328,11607.295716440281
00e12e8b_2329,11607.407541542867
00e12e8b_2330,11607.36638277733
00e12e8b_2331,11607.375661414519
00e12e8b_2332,11607.397804712924
00e12e8b_2333,11607.47431506484
00e12e8b_2334,11607.423086249539
00e12e8b_2335,11607.500782996143
00e12e8b_2336,11607.448367786154
00e12e8b_2337,11607.536220627786
00e12e8b_2338,11607.473649322768
00e12e8b_2339,11607.550159674684
00e12e8b_2340,11607.25754882079
00e12e8b_2341,11607.379361432626
00e12e8b_2342,11607.325172710272
00e12e8b_2343,11607.400798398126
00e12e8b_2344,11607.352227795012
00e12e8b_2345,11607.430511587765
00e12e8b_2346,11607.394787549896
00e12e8b_2347,11607.554544621647
00e12e8b_2348,11607.513729608017
00e12e8b_2349,11607.522421163298
00e12e8b_2350,11607.482705640788
00e12e8b_2351,11607.617294937385
00e12e8b_2352,11607.564292681247
00e12e8b_2353,11607.637557739068
00e12e8b_2354,11607.55236868865
00e12e8b_2355,11607.655083686197
00e12e8b_2356,11607.615610492332
00e12e8b_2357,11607.698862201094
00e12e8b_2358,11607.6541041614
00e12e8b_2359,11607.658291822827
00e12e8b_2360,11607.674294722252
00e12e8b_2361,11607.72427341361
00e12e8b_2362,11607.678581142634
00e12e8b_2363,11607.74939845227
00e12e8b_2364,11607.70386267925
00e12e8b_2365,11607.774679988885
00e12e8b_2366,11607.681803083698
00e12e8b_2367,11607.659154349862
00e12e8b_2368,11607.548507559615
00e12e8b_2369,11607.682662338351
00e12e8b_2370,11607.55982594525
00e12e8b_2371,11607.68533170856
00e12e8b_2372,11607.641412985711
00e12e8b_2373,11607.74624514024
00e12e8b_2374,11607.693829966012
00e12e8b_2375,11607.4828240697
00e12e8b_2376,11607.435936606387
00e12e8b_2377,11607.522934574365
00e12e8b_2378,11607.427604342
00e12e8b_2379,11607.549402291093
00e12e8b_2380,11607.529923856786
00e12e8b_2381,11607.595433396647
00e12e8b_2382,11607.497283626166
00e12e8b_2383,11607.622329980717
00e12e8b_2384,11607.591624749306
00e12e8b_2385,11607.658183426282
00e12e8b_2386,11607.60576846663
00e12e8b_2387,11607.70344591802
00e12e8b_2388,11607.603670442775
00e12e8b_2389,11607.729314536544
00e12e8b_2390,11607.659683585873
00e12e8b_2391,11607.718328601844
00e12e8b_2392,11607.593159116055
00e12e8b_2393,11607.67751585917
00e12e8b_2394,11607.635412526906
00e12e8b_2395,11607.714882285198
00e12e8b_2396,11607.688042438842
00e12e8b_2397,11607.749061531658
00e12e8b_2398,11607.599988270653
00e12e8b_2399,11607.71550827709
00e12e8b_2400,11607.72696272223
00e12e8b_2401,11607.685930986114
00e12e8b_2402,11607.77442562672
00e12e8b_2403,11607.744394666894
00e12e8b_2404,11607.764907825947
00e12e8b_2405,11607.688481373567
00e12e8b_2406,11607.745410848653
00e12e8b_2407,11607.715380103404
00e12e8b_2408,11607.79679356916
00e12e8b_2409,11607.701449174732
00e12e8b_2410,11607.794786025155
00e12e8b_2411,11607.723857386
00e12e8b_2412,11607.82006756177
00e12e8b_2413,11607.767466492576
00e12e8b_2414,11607.83826813811
00e12e8b_2415,11607.786607701735
00e12e8b_2416,11607.870630635
00e12e8b_2417,11607.810115690225
00e12e8b_2418,11607.861113048803
00e12e8b_2419,11607.818552954226
00e12e8b_2420,11607.816629256056
00e12e8b_2421,11607.912839789455
00e12e8b_2422,11607.852324487052
00e12e8b_2423,11608.077759201627
00e12e8b_2424,11607.867192329286
00e12e8b_2425,11607.885901184218
00e12e8b_2426,11607.814972187434
00e12e8b_2427,11607.752171642951
00e12e8b_2428,11607.693429888675
00e12e8b_2429,11607.982405991761
00e12e8b_2430,11607.817208148464
00e12e8b_2431,11607.843472535853
00e12e8b_2432,11607.830302442573
00e12e8b_2433,11607.891713495532
00e12e8b_2434,11608.057797075806
00e12e8b_2435,11607.768110831097
00e12e8b_2436,11607.943440236184
00e12e8b_2437,11607.933030743947
00e12e8b_2438,11607.88960290111
00e12e8b_2439,11607.937115390685
00e12e8b_2440,11608.012440313503
00e12e8b_2441,11608.041827793542
00e12e8b_2442,11608.049752737721
00e12e8b_2443,11608.119354041079
00e12e8b_2444,11608.077742375608
00e12e8b_2445,11608.011676545633
00e12e8b_2446,11608.243834807188
00e12e8b_2447,11608.028161581089
00e12e8b_2448,11608.123337568588
00e12e8b_2449,11608.126733370389
00e12e8b_2450,11608.144187666758
00e12e8b_2451,11608.30089817822
00e12e8b_2452,11608.103552665134
00e12e8b_2453,11608.33232018534
00e12e8b_2454,11608.11664695924
00e12e8b_2455,11608.347531493378
00e12e8b_2456,11608.154115738362
00e12e8b_2457,11608.297667761553
00e12e8b_2458,11608.173256947524
00e12e8b_2459,11608.392149647021
00e12e8b_2460,11608.182421483558
00e12e8b_2461,11608.423376103223
00e12e8b_2462,11607.900172378617
00e12e8b_2463,11608.028324659681
00e12e8b_2464,11607.886762585276
00e12e8b_2465,11608.119220753562
00e12e8b_2466,11608.063869740636
00e12e8b_2467,11608.00825465529
00e12e8b_2468,11608.08915127725
00e12e8b_2469,11607.964530893289
00e12e8b_2470,11608.100628378135
00e12e8b_2471,11608.198456104754
00e12e8b_2472,11607.986271538513
00e12e8b_2473,11608.223737641369
00e12e8b_2474,11608.164995887093
00e12e8b_2475,11608.170345052313
00e12e8b_2476,11607.973137369005
00e12e8b_2477,11608.216020532713
00e12e8b_2478,11608.242694332484
00e12e8b_2479,11607.834287365578
00e12e8b_2480,11607.985553421895
00e12e8b_2481,11607.655759783922
00e12e8b_2482,11607.757076384978
00e12e8b_2483,11607.709151300165
00e12e8b_2484,11607.62060526847
00e12e8b_2485,11607.62238387705
00e12e8b_2486,11607.83540582898
00e12e8b_2487,11607.771558293149
00e12e8b_2488,11607.860687365595
00e12e8b_2489,11607.561158343633
00e12e8b_2490,11607.859508731464
00e12e8b_2491,11607.717339834091
00e12e8b_2492,11607.800968303814
00e12e8b_2493,11607.742621370706
00e12e8b_2494,11607.745451119115
00e12e8b_2495,11607.76790290732
00e12e8b_2496,11607.849136700836
00e12e8b_2497,11607.793184443935
00e12e8b_2498,11607.750723483803
00e12e8b_2499,11607.875170740146
00e12e8b_2500,11607.806215420045
00e12e8b_2501,11607.878052040633
00e12e8b_2502,11607.617844631983
00e12e8b_2503,11607.915521105857
00e12e8b_2504,11607.899398150792
00e12e8b_2505,11607.940802642472
00e12e8b_2506,11607.821851804638
00e12e8b_2507,11607.965050777597
00e12e8b_2508,11607.912448492469
00e12e8b_2509,11607.841445681293
00e12e8b_2510,11607.871736243225
00e12e8b_2511,11607.798341473812
00e12e8b_2512,11607.875284448159
00e12e8b_2513,11607.840917035848
00e12e8b_2514,11608.002006843613
00e12e8b_2515,11607.856833586044
00e12e8b_2516,11607.948552170361
00e12e8b_2517,11607.768595167976
00e12e8b_2518,11607.83932671845
00e12e8b_2519,11607.8743881792
00e12e8b_2520,11607.741634622253
00e12e8b_2521,11607.899669715815
00e12e8b_2522,11607.917963293265
00e12e8b_2523,11607.95775001952
00e12e8b_2524,11607.866316500413
00e12e8b_2525,11608.015653225904
00e12e8b_2526,11607.941116050028
00e12e8b_2527,11607.822674760382
00e12e8b_2528,11607.849680438816
00e12e8b_2529,11607.837541601257
00e12e8b_2530,11607.940948894833
00e12e8b_2531,11607.90681937658
00e12e8b_2532,11607.91413349236
00e12e8b_2533,11608.016317126421
00e12e8b_2534,11607.6286841902
00e12e8b_2535,11607.625353870098
00e12e8b_2536,11607.645095411262
00e12e8b_2537,11607.528803322057
00e12e8b_2538,11607.734054449556
00e12e8b_2539,11607.685315117613
00e12e8b_2540,11607.864792433771
00e12e8b_2541,11607.717909428886
00e12e8b_2542,11607.730550197193
00e12e8b_2543,11607.867071256485
00e12e8b_2544,11607.877761093243
00e12e8b_2545,11607.795643637064
00e12e8b_2546,11607.81962664475
00e12e8b_2547,11607.846670660892
00e12e8b_2548,11607.821698418793
00e12e8b_2549,11607.903223178342
00e12e8b_2550,11608.050570634576
00e12e8b_2551,11607.978035316457
00e12e8b_2552,11608.070281759508
00e12e8b_2553,11608.022714874769
00e12e8b_2554,11608.044924620433
00e12e8b_2555,11608.041856083932
00e12e8b_2556,11608.052723304112
00e12e8b_2557,11608.169964788056
00e12e8b_2558,11608.053735355254
00e12e8b_2559,11608.048679838314
00e12e8b_2560,11608.049133507164
00e12e8b_2561,11608.073961374928
00e12e8b_2562,11608.0798781671
00e12e8b_2563,11608.09074538728
00e12e8b_2564,11608.106776753884
00e12e8b_2565,11608.105613372565
00e12e8b_2566,11608.1320582905
00e12e8b_2567,11608.142925510681
00e12e8b_2568,11608.193415323789
00e12e8b_2569,11608.150287030054
00e12e8b_2570,11608.164544848532
00e12e8b_2571,11608.162348065722
00e12e8b_2572,11608.18613566554
00e12e8b_2573,11608.201433751963
00e12e8b_2574,11608.212300972145
00e12e8b_2575,11608.227748690068
00e12e8b_2576,11608.240022961336
00e12e8b_2577,11608.251996825195
00e12e8b_2578,11608.244686249964
00e12e8b_2579,11608.13763984252
00e12e8b_2580,11608.297667352466
00e12e8b_2581,11608.301387451218
00e12e8b_2582,11608.292598871532
00e12e8b_2583,11608.327841435037
00e12e8b_2584,11608.353336207252
00e12e8b_2585,11608.345358727573
00e12e8b_2586,11608.366797141449
00e12e8b_2587,11607.998396573696
00e12e8b_2588,11607.72231063073
00e12e8b_2589,11607.513729665945
00e12e8b_2590,11607.681971172777
00e12e8b_2591,11607.657382593856
00e12e8b_2592,11607.70037337971
00e12e8b_2593,11607.70349237754
00e12e8b_2594,11607.7246295257
00e12e8b_2595,11607.587518344697
00e12e8b_2596,11607.750651208951
00e12e8b_2597,11607.766041706416
00e12e8b_2598,11607.780456022849
00e12e8b_2599,11607.794713841327
00e12e8b_2600,11607.807354609635
00e12e8b_2601,11607.687070535107
00e12e8b_2602,11607.822064952554
00e12e8b_2603,11607.81226042362
00e12e8b_2604,11607.810273639896
00e12e8b_2605,11607.685049437041
00e12e8b_2606,11607.837328724636
00e12e8b_2607,11607.86282349685
00e12e8b_2608,11607.841625516225
00e12e8b_2609,11607.748466514176
00e12e8b_2610,11607.881751470411
00e12e8b_2611,11607.888345466716
00e12e8b_2612,11607.926027338386
00e12e8b_2613,11607.777377937931
00e12e8b_2614,11607.926267771638
00e12e8b_2615,11607.925970421964
00e12e8b_2616,11607.791224448632
00e12e8b_2617,11607.88143699047
00e12e8b_2618,11607.914013080586
00e12e8b_2619,11607.905685125595
00e12e8b_2620,11607.797014801527
00e12e8b_2621,11607.92082004432
00e12e8b_2622,11607.946314816534
00e12e8b_2623,11607.806463061648
00e12e8b_2624,11607.864414422607
00e12e8b_2625,11607.85598719012
00e12e8b_2626,11607.71790898336
00e12e8b_2627,11607.870188270956
00e12e8b_2628,11607.87735561626
00e12e8b_2629,11607.861562966293
00e12e8b_2630,11607.732507567607
00e12e8b_2631,11607.923590051156
00e12e8b_2632,11607.916638820408
00e12e8b_2633,11607.943907140749
00e12e8b_2634,11607.769897632872
00e12e8b_2635,11607.956529795221
00e12e8b_2636,11607.98085212023
00e12e8b_2637,11607.961262606708
00e12e8b_2638,11608.011477761613
00e12e8b_2639,11607.920538341168
00e12e8b_2640,11607.934212510965
00e12e8b_2641,11607.80277588288
00e12e8b_2642,11607.950696402011
00e12e8b_2643,11608.05766566916
00e12e8b_2644,11608.045264189694
00e12e8b_2645,11607.976080273858
00e12e8b_2646,11608.040820556173
00e12e8b_2647,11608.043055784014
00e12e8b_2648,11608.168556182905
00e12e8b_2649,11608.148584436716
00e12e8b_2650,11608.143527489265
00e12e8b_2651,11608.151518809178
00e12e8b_2652,11608.176539509888
00e12e8b_2653,11608.233425998105
00e12e8b_2654,11608.240659719142
00e12e8b_2655,11608.117464267661
00e12e8b_2656,11607.785488241381
00e12e8b_2657,11607.799902557816
00e12e8b_2658,11607.819324522718
00e12e8b_2659,11607.872811257363
00e12e8b_2660,11607.820329993505
00e12e8b_2661,11607.849432229556
00e12e8b_2662,11607.828690582091
00e12e8b_2663,11607.832036745145
00e12e8b_2664,11607.91067387423
00e12e8b_2665,11607.878728174794
00e12e8b_2666,11607.966967469103
00e12e8b_2667,11607.896395671034
00e12e8b_2668,11607.882411759776
00e12e8b_2669,11607.891661929787
00e12e8b_2670,11607.950312810855
00e12e8b_2671,11607.920334064698
00e12e8b_2672,11607.910221689695
00e12e8b_2673,11607.930093979609
00e12e8b_2674,11608.057998209983
00e12e8b_2675,11607.930900037098
00e12e8b_2676,11608.019929832048
00e12e8b_2677,11607.951074647748
00e12e8b_2678,11608.015132576089
00e12e8b_2679,11607.985737478613
00e12e8b_2680,11608.03042656769
00e12e8b_2681,11608.104250311768
00e12e8b_2682,11608.1873314678
00e12e8b_2683,11608.238499343346
00e12e8b_2684,11608.148312944142
00e12e8b_2685,11608.247154331195
00e12e8b_2686,11608.300588136915
00e12e8b_2687,11608.276587784312
00e12e8b_2688,11608.271639841834
00e12e8b_2689,11608.348538041173
00e12e8b_2690,11608.260657340365
00e12e8b_2691,11608.362269342038
00e12e8b_2692,11608.34953712832
00e12e8b_2693,11608.28516860021
00e12e8b_2694,11608.431516415027
00e12e8b_2695,11608.371691191362
00e12e8b_2696,11608.229275959911
00e12e8b_2697,11608.211584162913
00e12e8b_2698,11608.308137876013
00e12e8b_2699,11608.235248649355
00e12e8b_2700,11608.27983903314
00e12e8b_2701,11608.31695327786
00e12e8b_2702,11608.33150692611
00e12e8b_2703,11608.28075972826
00e12e8b_2704,11608.31771318349
00e12e8b_2705,11608.344501424177
00e12e8b_2706,11608.248423034313
00e12e8b_2707,11608.24091390409
00e12e8b_2708,11608.294709343114
00e12e8b_2709,11608.286345339235
00e12e8b_2710,11608.174962193205
00e12e8b_2711,11608.170823348017
00e12e8b_2712,11608.1944567387
00e12e8b_2713,11608.135383105762
00e12e8b_2714,11608.052840787674
00e12e8b_2715,11608.079231346173
00e12e8b_2716,11608.086084551156
00e12e8b_2717,11608.194044876655
00e12e8b_2718,11608.211178881502
00e12e8b_2719,11608.18932544052
00e12e8b_2720,11608.24536563815
00e12e8b_2721,11608.258006406457
00e12e8b_2722,11608.226437503743
00e12e8b_2723,11608.283287943072
00e12e8b_2724,11608.26696228453
00e12e8b_2725,11608.320319128734
00e12e8b_2726,11608.314782387733
00e12e8b_2727,11608.341333163517
00e12e8b_2728,11608.349542207277
00e12e8b_2729,11608.367921615416
00e12e8b_2730,11608.225470335077
00e12e8b_2731,11608.198719967215
00e12e8b_2732,11608.249718470202
00e12e8b_2733,11608.264278984909
00e12e8b_2734,11608.273120886945
00e12e8b_2735,11608.292746556679
00e12e8b_2736,11608.301004810033
00e12e8b_2737,11608.313955713229
00e12e8b_2738,11608.32790339682
00e12e8b_2739,11608.339237249844
00e12e8b_2740,11608.303305287132
00e12e8b_2741,11608.3434301863
00e12e8b_2742,11608.400978429125
00e12e8b_2743,11608.414202846114
00e12e8b_2744,11608.430642480693
00e12e8b_2745,11608.430407501319
00e12e8b_2746,11608.353098566411
00e12e8b_2747,11608.465799320833
00e12e8b_2748,11608.234165091428
00e12e8b_2749,11608.008383084467
00e12e8b_2750,11608.027133853386
00e12e8b_2751,11608.036588586536
00e12e8b_2752,11608.076874275192
00e12e8b_2753,11608.066977049115
00e12e8b_2754,11608.082803852578
00e12e8b_2755,11608.089304293433
00e12e8b_2756,11608.127437348423
00e12e8b_2757,11608.1207261575
00e12e8b_2758,11608.161132581325
00e12e8b_2759,11608.160173763146
00e12e8b_2760,11608.208005685934
00e12e8b_2761,11608.185084511186
00e12e8b_2762,11608.127372725172
00e12e8b_2763,11608.218667019786
00e12e8b_2764,11608.188887973029
00e12e8b_2765,11608.21898498676
00e12e8b_2766,11608.04705086493
00e12e8b_2767,11607.967943777097
00e12e8b_2768,11607.971607227595
00e12e8b_2769,11607.98779966979
00e12e8b_2770,11608.00483268053
00e12e8b_2771,11608.036825408066
00e12e8b_2772,11608.020225377422
00e12e8b_2773,11608.023027087807
00e12e8b_2774,11607.989676912206
00e12e8b_2775,11608.109321083224
00e12e8b_2776,11608.10829932254
00e12e8b_2777,11608.118763424587
00e12e8b_2778,11608.111274607629
00e12e8b_2779,11608.055050553547
00e12e8b_2780,11608.137589545731
00e12e8b_2781,11608.163443090223
00e12e8b_2782,11607.74221316151
00e12e8b_2783,11607.78196326667
00e12e8b_2784,11607.388557358341
00e12e8b_2785,11607.387988783692
00e12e8b_2786,11607.404844983212
00e12e8b_2787,11607.437809314142
00e12e8b_2788,11607.446205468801
00e12e8b_2789,11607.500224067615
00e12e8b_2790,11607.490651853745
00e12e8b_2791,11607.488411297283
00e12e8b_2792,11607.476599474649
00e12e8b_2793,11607.46894242954
00e12e8b_2794,11607.539506324068
00e12e8b_2795,11607.506905164275
00e12e8b_2796,11607.565470500758
00e12e8b_2797,11607.563683130335
00e12e8b_2798,11607.53577061495
00e12e8b_2799,11607.575022902118
00e12e8b_2800,11607.502783985976
00e12e8b_2801,11606.670989253184
00e12e8b_2802,11606.67435973493
00e12e8b_2803,11606.718475188907
00e12e8b_2804,11606.66685165973
00e12e8b_2805,11606.71653523657
00e12e8b_2806,11606.731031092157
00e12e8b_2807,11606.759273018608
00e12e8b_2808,11606.755029173877
00e12e8b_2809,11606.799426724716
00e12e8b_2810,11606.781927760663
00e12e8b_2811,11606.776283159097
00e12e8b_2812,11606.837349029638
00e12e8b_2813,11606.818233015414
00e12e8b_2814,11606.865682133332
00e12e8b_2815,11606.805428614529
00e12e8b_2816,11606.887185403039
00e12e8b_2817,11606.882482650228
00e12e8b_2818,11606.80944493648
00e12e8b_2819,11606.799953403457
00e12e8b_2820,11606.812889429331
00e12e8b_2821,11606.82420153858
00e12e8b_2822,11606.828849753178
00e12e8b_2823,11606.862057843262
00e12e8b_2824,11606.852742549254
00e12e8b_2825,11606.877126672358
00e12e8b_2826,11606.896224197257
00e12e8b_2827,11606.87151030553
00e12e8b_2828,11606.911637493515
00e12e8b_2829,11606.92688236491
00e12e8b_2830,11606.939523133218
00e12e8b_2831,11606.95830422898
00e12e8b_2832,11606.977175733065
00e12e8b_2833,11606.983585765594
00e12e8b_2834,11606.987428888333
00e12e8b_2835,11606.971258011132
00e12e8b_2836,11606.994962355184
00e12e8b_2837,11607.004976132219
00e12e8b_2838,11607.007219370924
00e12e8b_2839,11607.065237107616
00e12e8b_2840,11607.09073817408
00e12e8b_2841,11607.086086919682
00e12e8b_2842,11607.06691997925
00e12e8b_2843,11607.06708840411
00e12e8b_2844,11607.028837868402
00e12e8b_2845,11607.037704375234
00e12e8b_2846,11607.04665842937
00e12e8b_2847,11607.070865169051
00e12e8b_2848,11607.08350593736
00e12e8b_2849,11607.123912361185
00e12e8b_2850,11606.99537194663
00e12e8b_2851,11607.033713856295
00e12e8b_2852,11607.115586230131
00e12e8b_2853,11607.129479554287
00e12e8b_2854,11607.13870883883
00e12e8b_2855,11607.14302345815
00e12e8b_2856,11607.242742893144
00e12e8b_2857,11607.18514955348
00e12e8b_2858,11607.192683395824
00e12e8b_2859,11607.201889219978
00e12e8b_2860,11607.217964932439
00e12e8b_2861,11607.197809794678
00e12e8b_2862,11607.243246469054
00e12e8b_2863,11607.281348624994
00e12e8b_2864,11607.293989393302
00e12e8b_2865,11607.380936077441
00e12e8b_2866,11607.293809542281
00e12e8b_2867,11607.45201458061
00e12e8b_2868,11607.33433975901
00e12e8b_2869,11607.45018277494
00e12e8b_2870,11607.506455859835
00e12e8b_2871,11606.970648828461
00e12e8b_2872,11607.108245346279
00e12e8b_2873,11607.140741613854
00e12e8b_2874,11607.07929218746
00e12e8b_2875,11607.063786211991
00e12e8b_2876,11607.095136353773
00e12e8b_2877,11607.09915743214
00e12e8b_2878,11607.071688947517
00e12e8b_2879,11607.1199940835
00e12e8b_2880,11607.107673570985
00e12e8b_2881,11607.173021820676
00e12e8b_2882,11607.139321455867
00e12e8b_2883,11607.255055180716
00e12e8b_2884,11607.221781108325
00e12e8b_2885,11607.262359193526
00e12e8b_2886,11607.245251617413
00e12e8b_2887,11607.303355756998
00e12e8b_2888,11607.257538387792
00e12e8b_2889,11606.746207407748
00e12e8b_2890,11606.635883126311
00e12e8b_2891,11606.866200820277
00e12e8b_2892,11606.73474387893
00e12e8b_2893,11606.892329219685
00e12e8b_2894,11606.884992609148
00e12e8b_2895,11606.868851486586
00e12e8b_2896,11606.939204809825
00e12e8b_2897,11606.894133023201
00e12e8b_2898,11606.972034297185
00e12e8b_2899,11606.907835427735
00e12e8b_2900,11606.947553489437
00e12e8b_2901,11607.00168652917
00e12e8b_2902,11607.049279270437
00e12e8b_2903,11607.064648882435
00e12e8b_2904,11607.080701134506
00e12e8b_2905,11607.126976088604
00e12e8b_2906,11607.10598267112
00e12e8b_2907,11607.15481480753
00e12e8b_2908,11607.217622468845
00e12e8b_2909,11607.18867769638
00e12e8b_2910,11607.070302496364
00e12e8b_2911,11607.174598995873
00e12e8b_2912,11607.099848101583
00e12e8b_2913,11607.157664994462
00e12e8b_2914,11607.174422774795
00e12e8b_2915,11607.1682259958
00e12e8b_2916,11607.23051352314
00e12e8b_2917,11607.199655870732
00e12e8b_2918,11607.246637497497
00e12e8b_2919,11607.224937407347
00e12e8b_2920,11607.297885106196
00e12e8b_2921,11607.252075747856
00e12e8b_2922,11607.289972482347
00e12e8b_2923,11607.336519233628
00e12e8b_2924,11607.288762090862
00e12e8b_2925,11606.847956470925
00e12e8b_2926,11606.729203043677
00e12e8b_2927,11606.68338567447
00e12e8b_2928,11606.754484580291
00e12e8b_2929,11606.750252751857
00e12e8b_2930,11606.702951083946
00e12e8b_2931,11606.706635133809
00e12e8b_2932,11606.724701546038
00e12e8b_2933,11606.72447343312
00e12e8b_2934,11606.728321133494
00e12e8b_2935,11606.818463580268
00e12e8b_2936,11606.78550536481
00e12e8b_2937,11606.805496101075
00e12e8b_2938,11606.85638588519
00e12e8b_2939,11606.847634212701
00e12e8b_2940,11606.882471369254
00e12e8b_2941,11606.907135872607
00e12e8b_2942,11606.913893233323
00e12e8b_2943,11606.573863713544
00e12e8b_2944,11606.540483211098
00e12e8b_2945,11606.607964067296
00e12e8b_2946,11606.610750328158
00e12e8b_2947,11606.477239744536
00e12e8b_2948,11606.642172192227
00e12e8b_2949,11606.649387316613
00e12e8b_2950,11606.52996784322
00e12e8b_2951,11606.6616128611
00e12e8b_2952,11606.6719213235
00e12e8b_2953,11606.571897296886
00e12e8b_2954,11606.584538065192
00e12e8b_2955,11606.71217593433
00e12e8b_2956,11606.608786772522
00e12e8b_2957,11606.60721169
00e12e8b_2958,11606.81864148266
00e12e8b_2959,11606.642316835012
00e12e8b_2960,11606.690868591175
00e12e8b_2961,11606.651539449813
00e12e8b_2962,11606.449728809735
00e12e8b_2963,11606.489730684914
00e12e8b_2964,11606.567950676854
00e12e8b_2965,11606.546361022189
00e12e8b_2966,11606.508678113432
00e12e8b_2967,11606.537711971036
00e12e8b_2968,11606.654968904502
00e12e8b_2969,11606.565837364462
00e12e8b_2970,11606.699980055375
00e12e8b_2971,11606.664669506848
00e12e8b_2972,11606.622419833262
00e12e8b_2973,11606.723279672004
00e12e8b_2974,11606.729780112857
00e12e8b_2975,11606.652114980592
00e12e8b_2976,11606.680545734556
00e12e8b_2977,11606.623724298883
00e12e8b_2978,11606.781376587576
00e12e8b_2979,11606.794017355884
00e12e8b_2980,11605.517134427291
00e12e8b_2981,11605.480476336956
00e12e8b_2982,11605.478245507973
00e12e8b_2983,11605.51655537418
00e12e8b_2984,11605.455416082674
00e12e8b_2985,11605.553237515043
00e12e8b_2986,11605.548206316798
00e12e8b_2987,11605.528186791527
00e12e8b_2988,11605.599982070333
00e12e8b_2989,11605.584209447527
00e12e8b_2990,11605.607566463392
00e12e8b_2991,11605.7082225973
00e12e8b_2992,11605.666319679694
00e12e8b_2993,11605.68052485535
00e12e8b_2994,11605.719565999025
00e12e8b_2995,11605.728809016477
00e12e8b_2996,11605.762706040889
00e12e8b_2997,11605.530784278677
00e12e8b_2998,11605.425451337878
00e12e8b_2999,11605.531804340682
00e12e8b_3000,11605.53559997044
00e12e8b_3001,11605.502697831032
00e12e8b_3002,11605.430291831151
00e12e8b_3003,11605.590347379122
00e12e8b_3004,11605.652131366423
00e12e8b_3005,11605.633107477139
00e12e8b_3006,11605.619623672692
00e12e8b_3007,11605.681123846516
00e12e8b_3008,11605.751858258012
00e12e8b_3009,11605.648748904248
00e12e8b_3010,11605.74640210847
00e12e8b_3011,11605.679136794624
00e12e8b_3012,11605.819279622869
00e12e8b_3013,11605.767499309632
00e12e8b_3014,11605.72585617291
00e12e8b_3015,11605.82320038665
00e12e8b_3016,11605.772764754201
00e12e8b_3017,11605.811922627612
00e12e8b_3018,11605.780019557418
00e12e8b_3019,11605.760552781781
00e12e8b_3020,11605.731162834145
00e12e8b_3021,11605.757028394934
00e12e8b_3022,11605.841811573518
00e12e8b_3023,11605.74184820059
00e12e8b_3024,11605.867093110133
00e12e8b_3025,11605.740082770653
00e12e8b_3026,11605.869091641987
00e12e8b_3027,11605.854244846209
00e12e8b_3028,11605.916622781875
00e12e8b_3029,11605.855497223278
00e12e8b_3030,11605.871828711188
00e12e8b_3031,11605.98599802869
00e12e8b_3032,11605.269298815918
00e12e8b_3033,11605.319987756222
00e12e8b_3034,11605.23807057165
00e12e8b_3035,11605.277190679557
00e12e8b_3036,11605.260372066761
00e12e8b_3037,11605.20979681639
00e12e8b_3038,11605.361055290996
00e12e8b_3039,11605.405926055031
00e12e8b_3040,11605.345186162329
00e12e8b_3041,11605.399750072116
00e12e8b_3042,11605.479994523894
00e12e8b_3043,11605.281054634243
00e12e8b_3044,11605.38154254
00e12e8b_3045,11605.440508991902
00e12e8b_3046,11605.382980311357
00e12e8b_3047,11605.409119385939
00e12e8b_3048,11605.596552634715
00e12e8b_3049,11605.65893057038
00e12e8b_3050,11605.537492359195
00e12e8b_3051,11605.329523081116
00e12e8b_3052,11605.342163849424
00e12e8b_3053,11605.370687872735
00e12e8b_3054,11605.503761685477
00e12e8b_3055,11605.443707293873
00e12e8b_3056,11605.51869318547
00e12e8b_3057,11605.51726687614
00e12e8b_3058,11605.547774160561
00e12e8b_3059,11605.610086864905
00e12e8b_3060,11605.689893007966
00e12e8b_3061,11605.631424767485
00e12e8b_3062,11605.644065535793
00e12e8b_3063,11605.716507405785
00e12e8b_3064,11605.595698619649
00e12e8b_3065,11605.73761757094
00e12e8b_3066,11605.750258339247
00e12e8b_3067,11605.811726469614
00e12e8b_3068,11605.826387120123
00e12e8b_3069,11605.803437907352
00e12e8b_3070,11605.818713105591
00e12e8b_3071,11605.851899451902
00e12e8b_3072,11605.832242704339
00e12e8b_3073,11605.866255314078
00e12e8b_3074,11605.915387857898
00e12e8b_3075,11605.892507309676
00e12e8b_3076,11605.940669394513
00e12e8b_3077,11605.917788846291
00e12e8b_3078,11605.935854114112
00e12e8b_3079,11606.014435739351
00e12e8b_3080,11605.961135650725
00e12e8b_3081,11605.988379080165
00e12e8b_3082,11605.98641718734
00e12e8b_3083,11605.946299548054
00e12e8b_3084,11606.011698723954
00e12e8b_3085,11606.026276977003
00e12e8b_3086,11606.001154531199
00e12e8b_3087,11605.845727367378
00e12e8b_3088,11605.824765993351
00e12e8b_3089,11605.873643333924
00e12e8b_3090,11605.76216377142
00e12e8b_3091,11605.831342930842
00e12e8b_3092,11605.777819682426
00e12e8b_3093,11605.830868394458
00e12e8b_3094,11605.772536338667
00e12e8b_3095,11605.827086515545
00e12e8b_3096,11605.88035495414
00e12e8b_3097,11605.825487024938
00e12e8b_3098,11605.87553967374
00e12e8b_3099,11605.873185248565
00e12e8b_3100,11605.92198820254
00e12e8b_3101,11605.82271033071
00e12e8b_3102,11605.88779021645
00e12e8b_3103,11605.865095062516
00e12e8b_3104,11605.948200537245
00e12e8b_3105,11605.92158578187
00e12e8b_3106,11605.902116717414
00e12e8b_3107,11605.870928902958
00e12e8b_3108,11606.00055232202
00e12e8b_3109,11605.953391988645
00e12e8b_3110,11605.996129573969
00e12e8b_3111,11605.961759157584
00e12e8b_3112,11605.991314293567
00e12e8b_3113,11606.00436590477
00e12e8b_3114,11606.052850712993
00e12e8b_3115,11605.98658561277
00e12e8b_3116,11606.051333619847
00e12e8b_3117,11606.10085182956
00e12e8b_3118,11606.067887892059
00e12e8b_3119,11606.055879231044
00e12e8b_3120,11606.158381296958
00e12e8b_3121,11606.098964341269
00e12e8b_3122,11605.992366828325
00e12e8b_3123,11605.63190846028
00e12e8b_3124,11605.733987094798
00e12e8b_3125,11605.427259882148
00e12e8b_3126,11605.510397400332
00e12e8b_3127,11605.445590277406
00e12e8b_3128,11605.50661552142
00e12e8b_3129,11605.606881411797
00e12e8b_3130,11605.484563149954
00e12e8b_3131,11605.565909667774
00e12e8b_3132,11605.592381765426
00e12e8b_3133,11605.64086657365
00e12e8b_3134,11605.533042254068
00e12e8b_3135,11605.594067498083
00e12e8b_3136,11605.672649123324
00e12e8b_3137,11605.650479253203
00e12e8b_3138,11605.619722881007
00e12e8b_3139,11605.677105470604
00e12e8b_3140,11605.725590278827
00e12e8b_3141,11605.738231047137
00e12e8b_3142,11605.704010548354
00e12e8b_3143,11605.744111414926
00e12e8b_3144,11605.741381623542
00e12e8b_3145,11605.736728080326
00e12e8b_3146,11605.751316633057
00e12e8b_3147,11605.816198536008
00e12e8b_3148,11605.842446329461
00e12e8b_3149,11605.844408615714
00e12e8b_3150,11605.787293066882
00e12e8b_3151,11605.873983975569
00e12e8b_3152,11605.926899936137
00e12e8b_3153,11605.890540536599
00e12e8b_3154,11605.874750747655
00e12e8b_3155,11605.439235159152
00e12e8b_3156,11605.411600735199
00e12e8b_3157,11605.408059557703
00e12e8b_3158,11605.455002846764
00e12e8b_3159,11605.482114669148
00e12e8b_3160,11605.441086080154
00e12e8b_3161,11605.379075893263
00e12e8b_3162,11605.510936632272
00e12e8b_3163,11605.493247124092
00e12e8b_3164,11605.491649153384
00e12e8b_3165,11605.431028279236
00e12e8b_3166,11605.524764170834
00e12e8b_3167,11605.559089204278
00e12e8b_3168,11605.513151099905
00e12e8b_3169,11605.49414094353
00e12e8b_3170,11605.575327244063
00e12e8b_3171,11605.553707834759
00e12e8b_3172,11605.522753479774
00e12e8b_3173,11605.370046576574
00e12e8b_3174,11605.39280163321
00e12e8b_3175,11605.455911990752
00e12e8b_3176,11605.1468158511
00e12e8b_3177,11605.208527740624
00e12e8b_3178,11605.254153814716
00e12e8b_3179,11605.213041683855
00e12e8b_3180,11605.185146334608
00e12e8b_3181,11605.275217828013
00e12e8b_3182,11605.263940444465
00e12e8b_3183,11605.299465963139
00e12e8b_3184,11605.250141552002
00e12e8b_3185,11605.342639192868
00e12e8b_3186,11605.310710945672
00e12e8b_3187,11605.272598311269
00e12e8b_3188,11605.362669804676
00e12e8b_3189,11605.399147471786
00e12e8b_3190,11605.275624147076
00e12e8b_3191,11605.217168495095
00e12e8b_3192,11605.245314863378
00e12e8b_3193,11605.195803913546
00e12e8b_3194,11605.21086281845
00e12e8b_3195,11605.281299683558
00e12e8b_3196,11605.28521547628
00e12e8b_3197,11605.34242526009
00e12e8b_3198,11605.299319568438
00e12e8b_3199,11605.367706796706
00e12e8b_3200,11605.33994763215
00e12e8b_3201,11605.279713568305
00e12e8b_3202,11605.35764860236
00e12e8b_3203,11605.418269869933
00e12e8b_3204,11605.317635873227
00e12e8b_3205,11605.44355140655
00e12e8b_3206,11605.339505926077
00e12e8b_3207,11605.462693187914
00e12e8b_3208,11605.411723116378
00e12e8b_3209,11605.420696053265
00e12e8b_3210,11605.436334029213
00e12e8b_3211,11605.377683827672
00e12e8b_3212,11605.237985423617
00e12e8b_3213,11605.230641374419
00e12e8b_3214,11605.148958793729
00e12e8b_3215,11605.224033949242
00e12e8b_3216,11605.159243992452
00e12e8b_3217,11605.249315485857
00e12e8b_3218,11605.133148423352
00e12e8b_3219,11605.190770194467
00e12e8b_3220,11605.210388425545
00e12e8b_3221,11605.098631916018
00e12e8b_3222,11605.26620508789
00e12e8b_3223,11605.201415131101
00e12e8b_3224,11605.307194784906
00e12e8b_3225,11605.293832287833
00e12e8b_3226,11605.350674716296
00e12e8b_3227,11605.011666009506
00e12e8b_3228,11605.10906401048
00e12e8b_3229,11605.027929601783
00e12e8b_3230,11605.128205791843
00e12e8b_3231,11605.046369860323
00e12e8b_3232,11605.15348732846
00e12e8b_3233,11605.038778243252
00e12e8b_3234,11605.0846480765
00e12e8b_3235,11605.159569881183
00e12e8b_3236,11605.115290025711
00e12e8b_3237,11605.070528373975
00e12e8b_3238,11604.890541044748
00e12e8b_3239,11604.970907948311
00e12e8b_3240,11604.915822581363
00e12e8b_3241,11605.001670060487
00e12e8b_3242,11605.030379478085
00e12e8b_3243,11605.059366987116
00e12e8b_3244,11605.141334919119
00e12e8b_3245,11605.030147180956
00e12e8b_3246,11604.738164536178
00e12e8b_3247,11604.683079169232
00e12e8b_3248,11604.786170605874
00e12e8b_3249,11604.561059222691
00e12e8b_3250,11604.495049325717
00e12e8b_3251,11604.564047668486
00e12e8b_3252,11604.619766287135
00e12e8b_3253,11604.58047262246
00e12e8b_3254,11604.583829943502
00e12e8b_3255,11604.702475045304
00e12e8b_3256,11604.6375088495
00e12e8b_3257,11604.660369191783
00e12e8b_3258,11604.732980434332
00e12e8b_3259,11604.74679307764
00e12e8b_3260,11604.774225334595
00e12e8b_3261,11604.834355650632
00e12e8b_3262,11604.797058979973
00e12e8b_3263,11604.48475735021
00e12e8b_3264,11604.555801896593
00e12e8b_3265,11604.510038886825
00e12e8b_3266,11604.538538877545
00e12e8b_3267,11604.499694965676
00e12e8b_3268,11604.615348581883
00e12e8b_3269,11604.542078553071
00e12e8b_3270,11604.565638129363
00e12e8b_3271,11604.57089860287
00e12e8b_3272,11604.655698947594
00e12e8b_3273,11604.598134790363
00e12e8b_3274,11604.447308151444
00e12e8b_3275,11604.593111227492
00e12e8b_3276,11604.67166767573
00e12e8b_3277,11604.505144320503
00e12e8b_3278,11604.631033532412
00e12e8b_3279,11604.509478591492
00e12e8b_3280,11604.656315069027
00e12e8b_3281,11604.588752208794
00e12e8b_3282,11604.355010835989
00e12e8b_3283,11604.49882607329
00e12e8b_3284,11604.374427275558
00e12e8b_3285,11604.313732014813
00e12e8b_3286,11604.459873835976
00e12e8b_3287,11604.443680070592
00e12e8b_3288,11604.37818058011
00e12e8b_3289,11604.397835432279
00e12e8b_3290,11604.381135838039
00e12e8b_3291,11604.546898554589
00e12e8b_3292,11604.453207688373
00e12e8b_3293,11604.499926673234
00e12e8b_3294,11604.445180051403
00e12e8b_3295,11604.597461627818
00e12e8b_3296,11604.48791153919
00e12e8b_3297,11604.483102356327
00e12e8b_3298,11604.50118822351
00e12e8b_3299,11604.465363263058
00e12e8b_3300,11604.405750613398
00e12e8b_3301,11604.351003991567
00e12e8b_3302,11604.379503982287
00e12e8b_3303,11604.529964803694
00e12e8b_3304,11604.384495144146
00e12e8b_3305,11604.401567064797
00e12e8b_3306,11604.54770888596
00e12e8b_3307,11604.42964095981
00e12e8b_3308,11604.506182103483
00e12e8b_3309,11604.452130138026
00e12e8b_3310,11604.637720888022
00e12e8b_3311,11604.477411674641
00e12e8b_3312,11604.486640959183
00e12e8b_3313,11604.646175800977
00e12e8b_3314,11604.509194224314
00e12e8b_3315,11604.505820130562
00e12e8b_3316,11604.496654181949
00e12e8b_3317,11604.689031278382
00e12e8b_3318,11604.191297596006
00e12e8b_3319,11604.255466532037
00e12e8b_3320,11604.373669891898
00e12e8b_3321,11604.203876959644
00e12e8b_3322,11604.244916241743
00e12e8b_3323,11604.420092868206
00e12e8b_3324,11604.25521288456
00e12e8b_3325,11604.275766097937
00e12e8b_3326,11604.286634176424
00e12e8b_3327,11604.415884518095
00e12e8b_3328,11604.32936566421
00e12e8b_3329,11604.324556481346
00e12e8b_3330,11604.473426573993
00e12e8b_3331,11604.383147191544
00e12e8b_3332,11604.369354396618
00e12e8b_3333,11604.526070558604
00e12e8b_3334,11604.381620567634
00e12e8b_3335,11604.467093824955
00e12e8b_3336,11604.563992863525
00e12e8b_3337,11604.441541850218
00e12e8b_3338,11604.439563935663
00e12e8b_3339,11604.58598041503
00e12e8b_3340,11604.442964368762
00e12e8b_3341,11604.63810864659
00e12e8b_3342,11604.504210108258
00e12e8b_3343,11604.523749375101
00e12e8b_3344,11604.662653952611
00e12e8b_3345,11604.568963086396
00e12e8b_3346,11604.550895923185
00e12e8b_3347,11604.700576257534
00e12e8b_3348,11604.591364914024
00e12e8b_3349,11604.592356741292
00e12e8b_3350,11604.77794749129
00e12e8b_3351,11604.617638277905
00e12e8b_3352,11604.806349831735
00e12e8b_3353,11604.66531132453
00e12e8b_3354,11604.673247426701
00e12e8b_3355,11604.796341991394
00e12e8b_3356,11604.673324495541
00e12e8b_3357,11604.690169823174
00e12e8b_3358,11604.83700630071
00e12e8b_3359,11604.72302505974
00e12e8b_3360,11604.787767344771
00e12e8b_3361,11604.654166352826
00e12e8b_3362,11604.67340807328
00e12e8b_3363,11604.843139600865
00e12e8b_3364,11604.698689609895
00e12e8b_3365,11604.848801386503
00e12e8b_3366,11604.667126053737
00e12e8b_3367,11604.756663108055
00e12e8b_3368,11604.906343442402
00e12e8b_3369,11604.755753696183
00e12e8b_3370,11604.925485223768
00e12e8b_3371,11604.781035232798
00e12e8b_3372,11604.849421316656
00e12e8b_3373,11604.988684094242
00e12e8b_3374,11604.901354998658
00e12e8b_3375,11605.006087518064
00e12e8b_3376,11604.894032317743
00e12e8b_3377,11605.031369054679
00e12e8b_3378,11604.916712612292
00e12e8b_3379,11604.919611025252
00e12e8b_3380,11605.06002736729
00e12e8b_3381,11604.933027327492
00e12e8b_3382,11604.958238286228
00e12e8b_3383,11604.88080718564
00e12e8b_3384,11605.031296617279
00e12e8b_3385,11604.910161674525
00e12e8b_3386,11605.044993299765
00e12e8b_3387,11605.012944889608
00e12e8b_3388,11605.163754755815
00e12e8b_3389,11605.006764329053
00e12e8b_3390,11604.963364524241
00e12e8b_3391,11604.837036252631
00e12e8b_3392,11604.999892169864
00e12e8b_3393,11605.012532938172
00e12e8b_3394,11604.843179459043
00e12e8b_3395,11605.065995550836
00e12e8b_3396,11605.040895993216
00e12e8b_3397,11604.945846713304
00e12e8b_3398,11605.098128289717
00e12e8b_3399,11604.953678298749
00e12e8b_3400,11605.11579836088
00e12e8b_3401,11605.11246088822
00e12e8b_3402,11605.090332216829
00e12e8b_3403,11604.96333217703
00e12e8b_3404,11605.10430355752
00e12e8b_3405,11605.075013173484
00e12e8b_3406,11605.145444316548
00e12e8b_3407,11605.022980714737
00e12e8b_3408,11605.172316581922
00e12e8b_3409,11605.173296965098
00e12e8b_3410,11605.197598118537
00e12e8b_3411,11605.048716975223
00e12e8b_3412,11605.222879655152
00e12e8b_3413,11605.238121665525
00e12e8b_3414,11605.230711240594
00e12e8b_3415,11605.236899829946
00e12e8b_3416,11605.27344272838
00e12e8b_3417,11605.268633545516
00e12e8b_3418,11605.294293112653
00e12e8b_3419,11605.171724225198
00e12e8b_3420,11605.296486194067
00e12e8b_3421,11605.342436135958
00e12e8b_3422,11605.321767730682
00e12e8b_3423,11605.339536596523
00e12e8b_3424,11605.304465801719
00e12e8b_3425,11604.794886339923
00e12e8b_3426,11604.766708321611
00e12e8b_3427,11604.786150313674
00e12e8b_3428,11604.782247502879
00e12e8b_3429,11604.804630626531
00e12e8b_3430,11604.801715440859
00e12e8b_3431,11604.785119987853
00e12e8b_3432,11604.824301893856
00e12e8b_3433,11604.810089100763
00e12e8b_3434,11604.825886149587
00e12e8b_3435,11604.861421967944
00e12e8b_3436,11604.868617637374
00e12e8b_3437,11604.869253553386
00e12e8b_3438,11604.901789875283
00e12e8b_3439,11604.928931452305
00e12e8b_3440,11604.9378803566
00e12e8b_3441,11604.976211966581
00e12e8b_3442,11604.933232159938
00e12e8b_3443,11605.076281787498
00e12e8b_3444,11605.101941354635
00e12e8b_3445,11605.119120849748
00e12e8b_3446,11605.1110100464
00e12e8b_3447,11605.138155056651
00e12e8b_3448,11605.15090339942
00e12e8b_3449,11605.167985619755
00e12e8b_3450,11605.139044280517
00e12e8b_3451,11605.19485788513
00e12e8b_3452,11605.203806789423
00e12e8b_3453,11605.196088518423
00e12e8b_3454,11605.23278019005
00e12e8b_3455,11605.239388777572
00e12e8b_3456,11605.2144322711
00e12e8b_3457,11605.239185466164
00e12e8b_3458,11605.205522294651
00e12e8b_3459,11605.23787322226
00e12e8b_3460,11605.273177869964
00e12e8b_3461,11605.285711063807
00e12e8b_3462,11605.310519190512
00e12e8b_3463,11605.310992600422
00e12e8b_3464,11605.319309790848
00e12e8b_3465,11605.29056757881
00e12e8b_3466,11605.351754184518
00e12e8b_3467,11605.365485574774
00e12e8b_3468,11605.402192123722
00e12e8b_3469,11605.405005850404
00e12e8b_3470,11605.413954754697
00e12e8b_3471,11605.426875903253
00e12e8b_3472,11605.416924889945
00e12e8b_3473,11605.451877059619
00e12e8b_3474,11605.473654790816
00e12e8b_3475,11605.465292217448
00e12e8b_3476,11605.474413927528
00e12e8b_3477,11605.493649925938
00e12e8b_3478,11605.50321452237
00e12e8b_3479,11605.509607960967
00e12e8b_3480,11605.470546611354
00e12e8b_3481,11605.491710939232
00e12e8b_3482,11605.489921852191
00e12e8b_3483,11605.502670194963
00e12e8b_3484,11605.532477100965
00e12e8b_3485,11605.527951731578
00e12e8b_3486,11605.537641068611
00e12e8b_3487,11605.406885077884
00e12e8b_3488,11605.42002938623
00e12e8b_3489,11605.437776508297
00e12e8b_3490,11605.438304849848
00e12e8b_3491,11605.456102325918
00e12e8b_3492,11605.471899374743
00e12e8b_3493,11605.45548130516
00e12e8b_3494,11605.496907397563
00e12e8b_3495,11605.502542092872
00e12e8b_3496,11604.994267257542
00e12e8b_3497,11605.0130477811
00e12e8b_3498,11605.01574935568
00e12e8b_3499,11605.038329317715
00e12e8b_3500,11605.047170647544
00e12e8b_3501,11605.053398146809
00e12e8b_3502,11605.072452184158
00e12e8b_3503,11605.111283900953
00e12e8b_3504,11605.106367143626
00e12e8b_3505,11605.15242465998
00e12e8b_3506,11605.149206205875
00e12e8b_3507,11605.153616383363
00e12e8b_3508,11605.17448774249
00e12e8b_3509,11605.183329072319
00e12e8b_3510,11605.20521437798
00e12e8b_3511,11605.175422742723
00e12e8b_3512,11605.255450901168
00e12e8b_3513,11605.20070427934
00e12e8b_3514,11605.142950150184
00e12e8b_3515,11605.125433447789
00e12e8b_3516,11605.150785168855
00e12e8b_3517,11605.159626498686
00e12e8b_3518,11605.171592065577
00e12e8b_3519,11605.192443969749
00e12e8b_3520,11605.195840200704
00e12e8b_3521,11605.218420162735
00e12e8b_3522,11605.226566836194
00e12e8b_3523,11605.24370169935
00e12e8b_3524,11605.316631087653
00e12e8b_3525,11605.265183797488
00e12e8b_3526,11605.281624004272
00e12e8b_3527,11605.290465334103
00e12e8b_3528,11605.306905540887
00e12e8b_3529,11605.33160609313
00e12e8b_3530,11605.311633488634
00e12e8b_3531,11604.810457423446
00e12e8b_3532,11604.749571046366
00e12e8b_3533,11604.766011253152
00e12e8b_3534,11604.813878080418
00e12e8b_3535,11604.820935276339
00e12e8b_3536,11604.825892481413
00e12e8b_3537,11604.854471436367
00e12e8b_3538,11604.831399771812
00e12e8b_3539,11604.837925961872
00e12e8b_3540,11604.847460803667
00e12e8b_3541,11604.911174264844
00e12e8b_3542,11604.853587219432
00e12e8b_3543,11604.873734167548
00e12e8b_3544,11604.901260266055
00e12e8b_3545,11604.868852511412
00e12e8b_3546,11604.936912438656
00e12e8b_3547,11604.894134048029
00e12e8b_3548,11604.906774816336
00e12e8b_3549,11604.879666820605
00e12e8b_3550,11604.953417894698
00e12e8b_3551,11604.92080757963
00e12e8b_3552,11604.930931792152
00e12e8b_3553,11605.007660618932
00e12e8b_3554,11604.975871989656
00e12e8b_3555,11604.95551143045
00e12e8b_3556,11604.981494865382
00e12e8b_3557,11605.053792539817
00e12e8b_3558,11604.997792789936
00e12e8b_3559,11604.89758680226
00e12e8b_3560,11605.016404709851
00e12e8b_3561,11604.90839614039
00e12e8b_3562,11604.934379575323
00e12e8b_3563,11605.001233295292
00e12e8b_3564,11604.923926935302
00e12e8b_3565,11604.955355469112
00e12e8b_3566,11605.034680960322
00e12e8b_3567,11604.805526379507
00e12e8b_3568,11604.804824481187
00e12e8b_3569,11604.917287484603
00e12e8b_3570,11604.862428710674
00e12e8b_3571,11604.561200384132
00e12e8b_3572,11604.660746441135
00e12e8b_3573,11604.603622881441
00e12e8b_3574,11604.676552269742
00e12e8b_3575,11604.610211638514
00e12e8b_3576,11604.65205315145
00e12e8b_3577,11604.534610072711
00e12e8b_3578,11604.466401765701
00e12e8b_3579,11604.51545305647
00e12e8b_3580,11604.572532377635
00e12e8b_3581,11604.52786456745
00e12e8b_3582,11604.54436428351
00e12e8b_3583,11604.54366581842
00e12e8b_3584,11604.55928891705
00e12e8b_3585,11604.52179998565
00e12e8b_3586,11604.495166919729
00e12e8b_3587,11604.574661783496
00e12e8b_3588,11604.565913544235
00e12e8b_3589,11604.54427696879
00e12e8b_3590,11604.500260327432
00e12e8b_3591,11604.606191043247
00e12e8b_3592,11604.575827203402
00e12e8b_3593,11604.571329299833
00e12e8b_3594,11604.599831579371
00e12e8b_3595,11604.613603023947
00e12e8b_3596,11604.582378588399
00e12e8b_3597,11604.580547158219
00e12e8b_3598,11604.614110015149
00e12e8b_3599,11604.669228963388
00e12e8b_3600,11604.606244884284
00e12e8b_3601,11604.47404693799
00e12e8b_3602,11604.466827629394
00e12e8b_3603,11604.594323591793
00e12e8b_3604,11604.191143284661
00e12e8b_3605,11604.27630068505
00e12e8b_3606,11604.35392100658
00e12e8b_3607,11604.407620887436
00e12e8b_3608,11604.49837673753
00e12e8b_3609,11604.43290242405
00e12e8b_3610,11604.5503939614
00e12e8b_3611,11604.523014740693
00e12e8b_3612,11604.624127493864
00e12e8b_3613,11604.742074506068
00e12e8b_3614,11604.85494491915
00e12e8b_3615,11604.807334832967
00e12e8b_3616,11604.832765518266
00e12e8b_3617,11604.753832952832
00e12e8b_3618,11604.689736508004
00e12e8b_3619,11604.724961047064
00e12e8b_3620,11604.716972695498
00e12e8b_3621,11604.725573699401
00e12e8b_3622,11604.698210500424
00e12e8b_3623,11604.64942853924
00e12e8b_3624,11604.629192720633
00e12e8b_3625,11604.628581230638
00e12e8b_3626,11604.774534224289
00e12e8b_3627,11604.776362614666
00e12e8b_3628,11604.769875727943
00e12e8b_3629,11604.789202134678
00e12e8b_3630,11604.686527656404
00e12e8b_3631,11604.668447904693
00e12e8b_3632,11604.641052662257
00e12e8b_3633,11604.739817087791
00e12e8b_3634,11604.661516236225
00e12e8b_3635,11604.678844504533
00e12e8b_3636,11604.683955060438
00e12e8b_3637,11604.751818149301
00e12e8b_3638,11604.740721582402
00e12e8b_3639,11604.747116165408
00e12e8b_3640,11604.784698187377
00e12e8b_3641,11604.811902706906
00e12e8b_3642,11604.826390551629
00e12e8b_3643,11604.825083260854
00e12e8b_3644,11604.775014983752
00e12e8b_3645,11604.769862478133
00e12e8b_3646,11604.852376293315
00e12e8b_3647,11604.83074200669
00e12e8b_3648,11604.882070671727
00e12e8b_3649,11604.915990584323
00e12e8b_3650,11604.919260930266
00e12e8b_3651,11604.875983577236
00e12e8b_3652,11604.968749009848
00e12e8b_3653,11604.941008155842
00e12e8b_3654,11604.984644102371
00e12e8b_3655,11604.911493092115
00e12e8b_3656,11604.892987620187
00e12e8b_3657,11604.939095490547
00e12e8b_3658,11604.82877864777
00e12e8b_3659,11604.745147138245
00e12e8b_3660,11604.60643750372
00e12e8b_3661,11604.553032129448
00e12e8b_3662,11604.609810470998
00e12e8b_3663,11604.361031561572
00e12e8b_3664,11604.39151366899
00e12e8b_3665,11604.416186755414
00e12e8b_3666,11604.394444894326
00e12e8b_3667,11604.401601653844
00e12e8b_3668,11604.433436452913
00e12e8b_3669,11604.45767008621
00e12e8b_3670,11604.456584810816
00e12e8b_3671,11604.45126293264
00e12e8b_3672,11604.420699965594
00e12e8b_3673,11604.449852269547
00e12e8b_3674,11604.473889064466
00e12e8b_3675,11604.231196123055
00e12e8b_3676,11604.246345436286
00e12e8b_3677,11604.364409178226
00e12e8b_3678,11604.288429188477
00e12e8b_3679,11604.502769785886
00e12e8b_3680,11604.500938355706
00e12e8b_3681,11604.52256731371
00e12e8b_3682,11604.525730085192
00e12e8b_3683,11604.521980625228
00e12e8b_3684,11604.516516840313
00e12e8b_3685,11604.505207413307
00e12e8b_3686,11604.586927008519
00e12e8b_3687,11604.314701443818
00e12e8b_3688,11604.34601668112
00e12e8b_3689,11604.373129647913
00e12e8b_3690,11604.414614105186
00e12e8b_3691,11604.473443227986
00e12e8b_3692,11604.390718090532
00e12e8b_3693,11604.422417849317
00e12e8b_3694,11604.410515618358
00e12e8b_3695,11604.43762858515
00e12e8b_3696,11604.451658666201
00e12e8b_3697,11604.448437923278
00e12e8b_3698,11604.532943010434
00e12e8b_3699,11604.386009651544
00e12e8b_3700,11604.435994780202
00e12e8b_3701,11604.523150319019
00e12e8b_3702,11604.534401774581
00e12e8b_3703,11604.59271591325
00e12e8b_3704,11604.501089561196
00e12e8b_3705,11604.49919862174
00e12e8b_3706,11604.487889194734
00e12e8b_3707,11604.670742517974
00e12e8b_3708,11604.626977646632
00e12e8b_3709,11604.633537024558
00e12e8b_3710,11604.667429471332
00e12e8b_3711,11604.759405261611
00e12e8b_3712,11604.417597329968
00e12e8b_3713,11604.430068725716
00e12e8b_3714,11604.506528616339
00e12e8b_3715,11604.463438946414
00e12e8b_3716,11604.129044497437
00e12e8b_3717,11604.1370298092
00e12e8b_3718,11604.19125611828
00e12e8b_3719,11604.041074926137
00e12e8b_3720,11603.972821987169
00e12e8b_3721,11604.244740099228
00e12e8b_3722,11604.112189674906
00e12e8b_3723,11604.231590086769
00e12e8b_3724,11604.279416859716
00e12e8b_3725,11604.247533244477
00e12e8b_3726,11604.45608084262
00e12e8b_3727,11604.403254539393
00e12e8b_3728,11604.501156080405
00e12e8b_3729,11604.328500980793
00e12e8b_3730,11604.301792383867
00e12e8b_3731,11604.40840974519
00e12e8b_3732,11604.310051978342
00e12e8b_3733,11604.319495267402
00e12e8b_3734,11604.282292438296
00e12e8b_3735,11604.344776804017
00e12e8b_3736,11604.292302978818
00e12e8b_3737,11604.279675192436
00e12e8b_3738,11604.198382855277
00e12e8b_3739,11604.32227392876
00e12e8b_3740,11604.155212701216
00e12e8b_3741,11604.292436141643
00e12e8b_3742,11604.132641912393
00e12e8b_3743,11604.245333797642
00e12e8b_3744,11604.188014543977
00e12e8b_3745,11604.2644744346
00e12e8b_3746,11604.191579771998
00e12e8b_3747,11604.331755788107
00e12e8b_3748,11604.279812968769
00e12e8b_3749,11604.209520692642
00e12e8b_3750,11604.207085014417
00e12e8b_3751,11604.073101789803
00e12e8b_3752,11604.244039524663
00e12e8b_3753,11604.189249415285
00e12e8b_3754,11604.101369858887
00e12e8b_3755,11603.992270667477
00e12e8b_3756,11603.953847898187
00e12e8b_3757,11604.187831134755
00e12e8b_3758,11604.171179605699
00e12e8b_3759,11604.26487200975
00e12e8b_3760,11604.205939139141
00e12e8b_3761,11604.205185742409
00e12e8b_3762,11604.134085513402
00e12e8b_3763,11604.25379949338
00e12e8b_3764,11604.165677322233
00e12e8b_3765,11604.18582541476
00e12e8b_3766,11604.159283901572
00e12e8b_3767,11604.159981615681
00e12e8b_3768,11604.227190102494
00e12e8b_3769,11603.871589751416
00e12e8b_3770,11603.941677571725
00e12e8b_3771,11603.890730388373
00e12e8b_3772,11603.912384523379
00e12e8b_3773,11603.972557182555
00e12e8b_3774,11603.952138258479
00e12e8b_3775,11604.00790951995
00e12e8b_3776,11603.962753047048
00e12e8b_3777,11603.935115189866
00e12e8b_3778,11604.104503394698
00e12e8b_3779,11604.004662473551
00e12e8b_3780,11603.94147926725
00e12e8b_3781,11604.010820932774
00e12e8b_3782,11604.089986206696
00e12e8b_3783,11604.081897147124
00e12e8b_3784,11604.028359021388
00e12e8b_3785,11604.043249698143
00e12e8b_3786,11604.024796869038
00e12e8b_3787,11604.04636174013
00e12e8b_3788,11604.082611669812
00e12e8b_3789,11604.081121273568
00e12e8b_3790,11604.082974840949
00e12e8b_3791,11604.120426400272
00e12e8b_3792,11604.125756682739
00e12e8b_3793,11604.175631948117
00e12e8b_3794,11604.151132060906
00e12e8b_3795,11604.199524171987
00e12e8b_3796,11604.171886314805
00e12e8b_3797,11604.213837691022
00e12e8b_3798,11604.191530491802
00e12e8b_3799,11604.212578089942
00e12e8b_3800,11604.246248521336
00e12e8b_3801,11603.820624061373
00e12e8b_3802,11603.872021390958
00e12e8b_3803,11603.839764698329
00e12e8b_3804,11603.888250650962
00e12e8b_3805,11603.823103638508
00e12e8b_3806,11603.913532187576
00e12e8b_3807,11603.896468671217
00e12e8b_3808,11603.94495462385
00e12e8b_3809,11603.884241052558
00e12e8b_3810,11603.905856277652
00e12e8b_3811,11604.003799017395
00e12e8b_3812,11603.877776303036
00e12e8b_3813,11604.057265063286
00e12e8b_3814,11604.018199136037
00e12e8b_3815,11603.931550963915
00e12e8b_3816,11604.00972289067
00e12e8b_3817,11604.006289287638
00e12e8b_3818,11604.064830019324
00e12e8b_3819,11603.972402580846
00e12e8b_3820,11604.034994521027
00e12e8b_3821,11604.033529301787
00e12e8b_3822,11604.091870906275
00e12e8b_3823,11604.035288652121
00e12e8b_3824,11604.147206916767
00e12e8b_3825,11604.090006681656
00e12e8b_3826,11604.099134113781
00e12e8b_3827,11604.19822812916
00e12e8b_3828,11604.129485383062
00e12e8b_3829,11604.157978507326
00e12e8b_3830,11604.23615043408
00e12e8b_3831,11604.117950900876
00e12e8b_3832,11604.14644402514
00e12e8b_3833,11604.185218521474
00e12e8b_3834,11604.204142096178
00e12e8b_3835,11604.174654873763
00e12e8b_3836,11604.223140826396
00e12e8b_3837,11604.228770944068
00e12e8b_3838,11604.224396636691
00e12e8b_3839,11604.322854360566
00e12e8b_3840,11604.25411161447
00e12e8b_3841,11604.253273531458
00e12e8b_3842,11604.312832787315
00e12e8b_3843,11604.351531752643
00e12e8b_3844,11604.344719853714
00e12e8b_3845,11604.344378444286
00e12e8b_3846,11604.392864396921
00e12e8b_3847,11604.395965370306
00e12e8b_3848,11604.3328439621
00e12e8b_3849,11604.358466908141
00e12e8b_3850,11604.20629215521
00e12e8b_3851,11604.189228638848
00e12e8b_3852,11604.2032587199
00e12e8b_3853,11604.214510175463
00e12e8b_3854,11604.239473941816
00e12e8b_3855,11604.164681848797
00e12e8b_3856,11604.134322586586
00e12e8b_3857,11604.147361609288
00e12e8b_3858,11604.176829770173
00e12e8b_3859,11604.243850573881
00e12e8b_3860,11604.186991372706
00e12e8b_3861,11604.191202422995
00e12e8b_3862,11604.194312551655
00e12e8b_3863,11604.246135601456
00e12e8b_3864,11604.230280581189
00e12e8b_3865,11604.24583043763
00e12e8b_3866,11604.238734725226
00e12e8b_3867,11604.34206076575
00e12e8b_3868,11604.292550960326
00e12e8b_3869,11604.305191728634
00e12e8b_3870,11604.35052140075
00e12e8b_3871,11604.382179960805
00e12e8b_3872,11604.334315815782
00e12e8b_3873,11604.372582194443
00e12e8b_3874,11604.384257081401
00e12e8b_3875,11604.416881522804
00e12e8b_3876,11604.429870191501
00e12e8b_3877,11604.406317875093
00e12e8b_3878,11604.45139348837
00e12e8b_3879,11604.41712721322
00e12e8b_3880,11604.433665839195
00e12e8b_3881,11604.45688094832
00e12e8b_3882,11604.505366900956
00e12e8b_3883,11604.498989877515
00e12e8b_3884,11604.494803253245
00e12e8b_3885,11604.543289205878
00e12e8b_3886,11604.489400890932
00e12e8b_3887,11604.510391268615
00e12e8b_3888,11604.540413323542
00e12e8b_3889,11604.555001876275
00e12e8b_3890,11604.518932012257
00e12e8b_3891,11604.551192531542
00e12e8b_3892,11604.599678484175
00e12e8b_3893,11604.599424049846
00e12e8b_3894,11604.592580107459
00e12e8b_3895,11604.634190449742
00e12e8b_3896,11604.646824351594
00e12e8b_3897,11603.882154939238
00e12e8b_3898,11603.930640891871
00e12e8b_3899,11603.998966322044
00e12e8b_3900,11603.969534031268
00e12e8b_3901,11604.037385676042
00e12e8b_3902,11603.998374680432
00e12e8b_3903,11603.993231330087
00e12e8b_3904,11604.01613058228
00e12e8b_3905,11603.933574817385
00e12e8b_3906,11603.971969369872
00e12e8b_3907,11603.992588958981
00e12e8b_3908,11603.77232872631
00e12e8b_3909,11603.840180371084
00e12e8b_3910,11603.80177820116
00e12e8b_3911,11603.8282113889
00e12e8b_3912,11603.881130782695
00e12e8b_3913,11603.857926366676
00e12e8b_3914,11603.891189388401
00e12e8b_3915,11603.90444356003
00e12e8b_3916,11603.866906563444
00e12e8b_3917,11603.908638213099
00e12e8b_3918,11603.919537190635
00e12e8b_3919,11603.862737498737
00e12e8b_3920,11603.953058473344
00e12e8b_3921,11603.891358421339
00e12e8b_3922,11603.63588471821
00e12e8b_3923,11603.479681644963
00e12e8b_3924,11603.465371577091
00e12e8b_3925,11603.568457291687
00e12e8b_3926,11603.228560523372
00e12e8b_3927,11603.25706280291
00e12e8b_3928,11603.298277179616
00e12e8b_3929,11603.259099100267
00e12e8b_3930,11603.370028595382
00e12e8b_3931,11603.291764364909
00e12e8b_3932,11603.337803570717
00e12e8b_3933,11603.401347659335
00e12e8b_3934,11603.288725976472
00e12e8b_3935,11603.343352828764
00e12e8b_3936,11603.329626409572
00e12e8b_3937,11603.17221712905
00e12e8b_3938,11603.185471300678
00e12e8b_3939,11603.158856545304
00e12e8b_3940,11603.2602096244
00e12e8b_3941,11603.26609608973
00e12e8b_3942,11603.328550700811
00e12e8b_3943,11603.237759767459
00e12e8b_3944,11603.09657134265
00e12e8b_3945,11603.076948927364
00e12e8b_3946,11603.026482395868
00e12e8b_3947,11603.084615717886
00e12e8b_3948,11603.06042939879
00e12e8b_3949,11602.670808051618
00e12e8b_3950,11602.623099546245
00e12e8b_3951,11602.666998706885
00e12e8b_3952,11602.647298471777
00e12e8b_3953,11602.693314789398
00e12e8b_3954,11602.641019492032
00e12e8b_3955,11602.646189557216
00e12e8b_3956,11602.639432589927
00e12e8b_3957,11602.609775994953
00e12e8b_3958,11602.609521560624
00e12e8b_3959,11602.671820532056
00e12e8b_3960,11602.685058681955
00e12e8b_3961,11602.734091662176
00e12e8b_3962,11602.66206903937
00e12e8b_3963,11602.682363616272
00e12e8b_3964,11602.688620870174
00e12e8b_3965,11602.683763622124
00e12e8b_3966,11602.661108522512
00e12e8b_3967,11602.71201604497
00e12e8b_3968,11602.65602888359
00e12e8b_3969,11602.72054572001
00e12e8b_3970,11602.702333216836
00e12e8b_3971,11602.763801347202
00e12e8b_3972,11602.814944617952
00e12e8b_3973,11602.78792016409
00e12e8b_3974,11602.772653370143
00e12e8b_3975,11602.813799082298
00e12e8b_3976,11602.820205109394
00e12e8b_3977,11602.826091574723
00e12e8b_3978,11602.892258649183
00e12e8b_3979,11602.914377414316
00e12e8b_3980,11602.519761865486
00e12e8b_3981,11602.248428939944
00e12e8b_3982,11602.299196844482
00e12e8b_3983,11602.357774197262
00e12e8b_3984,11602.312718432366
00e12e8b_3985,11602.325359200673
00e12e8b_3986,11602.302154784655
00e12e8b_3987,11602.331446706527
00e12e8b_3988,11601.919081371318
00e12e8b_3989,11601.935823702126
00e12e8b_3990,11601.883146172093
00e12e8b_3991,11601.87975605661
00e12e8b_3992,11601.941853612028
00e12e8b_3993,11601.96230153976
00e12e8b_3994,11601.886445146201
00e12e8b_3995,11601.932511817828
00e12e8b_3996,11601.970661466752
00e12e8b_3997,11602.022791218213
00e12e8b_3998,11601.99496110029
00e12e8b_3999,11602.035223328558
00e12e8b_4000,11601.976926749454
00e12e8b_4001,11601.99594416571
00e12e8b_4002,11602.002208286067
00e12e8b_4003,11602.021225702323
00e12e8b_4004,11602.04537693816
00e12e8b_4005,11602.042156195239
00e12e8b_4006,11602.088950711104
00e12e8b_4007,11602.073619830242
00e12e8b_4008,11602.024059670814
00e12e8b_4009,11602.07766113248
00e12e8b_4010,11602.074271016998
00e12e8b_4011,11602.086687481107
00e12e8b_4012,11602.4182384667
00e12e8b_4013,11602.446559929587
00e12e8b_4014,11602.388730269427
00e12e8b_4015,11602.522106206192
00e12e8b_4016,11602.475812190565
00e12e8b_4017,11602.511457872202
00e12e8b_4018,11602.592923408574
00e12e8b_4019,11602.555125486697
00e12e8b_4020,11602.60354277478
00e12e8b_4021,11602.604755473018
00e12e8b_4022,11602.556753998895
00e12e8b_4023,11602.57575997106
00e12e8b_4024,11602.595605939561
00e12e8b_4025,11602.58871393199
00e12e8b_4026,11602.484089380472
00e12e8b_4027,11602.499900162209
00e12e8b_4028,11602.21168262363
00e12e8b_4029,11602.220434689545
00e12e8b_4030,11602.243320208829
00e12e8b_4031,11602.33013242489
00e12e8b_4032,11602.32782949813
00e12e8b_4033,11602.314137411213
00e12e8b_4034,11602.41878409993
00e12e8b_4035,11602.43859115852
00e12e8b_4036,11602.45212227717
00e12e8b_4037,11602.557565474675
00e12e8b_4038,11602.48360422272
00e12e8b_4039,11602.500678432189
00e12e8b_4040,11602.596716875058
00e12e8b_4041,11602.525959968803
00e12e8b_4042,11602.601749235646
00e12e8b_4043,11602.551241505418
00e12e8b_4044,11602.579743784956
00e12e8b_4045,11602.650470185588
00e12e8b_4046,11602.58916381034
00e12e8b_4047,11602.642275464877
00e12e8b_4048,11602.681981510286
00e12e8b_4049,11602.627086115263
00e12e8b_4050,11602.63972688357
00e12e8b_4051,11602.648957312522
00e12e8b_4052,11602.721707028584
00e12e8b_4053,11602.16124370143
00e12e8b_4054,11602.164406472912
00e12e8b_4055,11602.177047241219
00e12e8b_4056,11602.18354710987
00e12e8b_4057,11602.252520275637
00e12e8b_4058,11602.211559206786
00e12e8b_4059,11602.23937026318
00e12e8b_4060,11602.240251082756
00e12e8b_4061,11602.248458409902
00e12e8b_4062,11602.26553261937
00e12e8b_4063,11602.312077654036
00e12e8b_4064,11602.331101936747
00e12e8b_4065,11602.315974760719
00e12e8b_4066,11602.246723896948
00e12e8b_4067,11602.34182163547
00e12e8b_4068,11602.310487336637
00e12e8b_4069,11602.342493797083
00e12e8b_4070,11602.279750043906
00e12e8b_4071,11602.123272312458
00e12e8b_4072,11601.733044428422
00e12e8b_4073,11601.719318009229
00e12e8b_4074,11601.753892523873
00e12e8b_4075,11601.735121549016
00e12e8b_4076,11601.78360750165
00e12e8b_4077,11601.752543283386
00e12e8b_4078,11601.789269287288
00e12e8b_4079,11601.785684622246
00e12e8b_4080,11601.814186901784
00e12e8b_4081,11601.862672854419
00e12e8b_4082,11601.827111108076
00e12e8b_4083,11601.830106795816
00e12e8b_4084,11601.900595159339
00e12e8b_4085,11601.855388332431
00e12e8b_4086,11601.918147356355
00e12e8b_4087,11601.898570717436
00e12e8b_4088,11601.930863280177
00e12e8b_4089,11601.71398820986
00e12e8b_4090,11601.726628978167
00e12e8b_4091,11601.739269746475
00e12e8b_4092,11601.748500175427
00e12e8b_4093,11601.76455128309
00e12e8b_4094,11601.777192051397
00e12e8b_4095,11601.789832819704
00e12e8b_4096,11601.814233536741
00e12e8b_4097,11601.83097586755
00e12e8b_4098,11601.827755124626
00e12e8b_4099,11601.63952232726
00e12e8b_4100,11601.649212808703
00e12e8b_4101,11601.676817871443
00e12e8b_4102,11601.70532015098
00e12e8b_4103,11601.672125042824
00e12e8b_4104,11601.671424288914
00e12e8b_4105,11601.699926568452
00e12e8b_4106,11601.520656783781
00e12e8b_4107,11601.520141424158
00e12e8b_4108,11601.576098079917
00e12e8b_4109,11601.162842394366
00e12e8b_4110,11601.15912497786
00e12e8b_4111,11601.185107268384
00e12e8b_4112,11601.184406514474
00e12e8b_4113,11601.208067943182
00e12e8b_4114,11601.207367189272
00e12e8b_4115,11601.242225517395
00e12e8b_4116,11601.223575849912
00e12e8b_4117,11601.231579472222
00e12e8b_4118,11601.22108944219
00e12e8b_4119,11601.183852280808
00e12e8b_4120,11601.185069556685
00e12e8b_4121,11601.168507291544
00e12e8b_4122,11601.2349604683
00e12e8b_4123,11601.287058176304
00e12e8b_4124,11601.266291351838
00e12e8b_4125,11600.9979132908
00e12e8b_4126,11601.060010846217
00e12e8b_4127,11601.083974398947
00e12e8b_4128,11601.0915843445
00e12e8b_4129,11601.086592056168
00e12e8b_4130,11601.163278539807
00e12e8b_4131,11601.118435635019
00e12e8b_4132,11601.130891009037
00e12e8b_4133,11601.14718244263
00e12e8b_4134,11601.159202941162
00e12e8b_4135,11601.168433370112
00e12e8b_4136,11601.170728679437
00e12e8b_4137,11601.224604799307
00e12e8b_4138,11601.268771751696
00e12e8b_4139,11601.21100617845
00e12e8b_4140,11601.23721735081
00e12e8b_4141,11601.265905024635
00e12e8b_4142,11601.283185227756
00e12e8b_4143,11601.105785407686
00e12e8b_4144,11601.057818265836
00e12e8b_4145,11601.084214832485
00e12e8b_4146,11601.07140851827
00e12e8b_4147,11601.055748047565
00e12e8b_4148,11601.06857421016
00e12e8b_4149,11601.123498608838
00e12e8b_4150,11601.107611545114
00e12e8b_4151,11601.122358026312
00e12e8b_4152,11601.057858749453
00e12e8b_4153,11601.038785650573
00e12e8b_4154,11601.040144833187
00e12e8b_4155,11601.08445826995
00e12e8b_4156,11601.068983193532
00e12e8b_4157,11601.076593139085
00e12e8b_4158,11601.07692006462
00e12e8b_4159,11601.098409404705
00e12e8b_4160,11601.08092016813
00e12e8b_4161,11601.076818230136
00e12e8b_4162,11601.122015150788
00e12e8b_4163,11601.127599492094
00e12e8b_4164,11601.158676692285
00e12e8b_4165,11601.121240403709
00e12e8b_4166,11601.179698737933
00e12e8b_4167,11601.17702044496
00e12e8b_4168,11601.256975361219
00e12e8b_4169,11601.271138193733
00e12e8b_4170,11601.3097295846
00e12e8b_4171,11601.332058921023
00e12e8b_4172,11601.332445355834
00e12e8b_4173,11601.357340457638
00e12e8b_4174,11601.31093428991
00e12e8b_4175,11601.299597397085
00e12e8b_4176,11601.326405951037
00e12e8b_4177,11601.277912380965
00e12e8b_4178,11601.30068345933
00e12e8b_4179,11601.359711709327
00e12e8b_4180,11601.376378509129
00e12e8b_4181,11601.164765432222
00e12e8b_4182,11601.167566570402
00e12e8b_4183,11601.197249880213
00e12e8b_4184,11601.175233360922
00e12e8b_4185,11601.125506117754
00e12e8b_4186,11601.225854405595
00e12e8b_4187,11601.240610042065
00e12e8b_4188,11601.2161032884
00e12e8b_4189,11601.24829743195
00e12e8b_4190,11601.213829740786
00e12e8b_4191,11601.303226032775
00e12e8b_4192,11601.261578318416
00e12e8b_4193,11601.36997180279
00e12e8b_4194,11601.386398276662
00e12e8b_4195,11601.349252668017
00e12e8b_4196,11601.373248264204
00e12e8b_4197,11601.379297235637
00e12e8b_4198,11601.42921827738
00e12e8b_4199,11601.447894659703
00e12e8b_4200,11601.463925168
00e12e8b_4201,11601.506322863797
00e12e8b_4202,11601.464519509791
00e12e8b_4203,11601.501305022972
00e12e8b_4204,11601.500929281268
00e12e8b_4205,11601.52670557814
00e12e8b_4206,11601.463114962171
00e12e8b_4207,11601.553136101571
00e12e8b_4208,11601.321601149664
00e12e8b_4209,11601.367388585451
00e12e8b_4210,11601.408387813231
00e12e8b_4211,11601.392670122066
00e12e8b_4212,11601.416633674797
00e12e8b_4213,11601.414710691884
00e12e8b_4214,11601.430592426988
00e12e8b_4215,11601.454160014144
00e12e8b_4216,11601.442678925761
00e12e8b_4217,11601.389605430151
00e12e8b_4218,11601.454943952365
00e12e8b_4219,11601.487714878143
00e12e8b_4220,11601.471997186978
00e12e8b_4221,11601.451491287806
00e12e8b_4222,11601.466464362022
00e12e8b_4223,11601.499168912067
00e12e8b_4224,11601.494400927932
00e12e8b_4225,11601.502054361034
00e12e8b_4226,11601.476485595651
00e12e8b_4227,11601.502534261908
00e12e8b_4228,11601.515175030214
00e12e8b_4229,11601.560889223816
00e12e8b_4230,11601.560394463559
00e12e8b_4231,11601.57315425042
00e12e8b_4232,11601.62393131023
00e12e8b_4233,11601.620829585863
00e12e8b_4234,11601.632900438399
00e12e8b_4235,11601.659828010905
00e12e8b_4236,11601.658181975014
00e12e8b_4237,11601.532264546298
00e12e8b_4238,11601.531888804597
00e12e8b_4239,11601.535170594632
00e12e8b_4240,11601.552475974757
00e12e8b_4241,11601.538431409812
00e12e8b_4242,11601.553798160785
00e12e8b_4243,11601.583902613174
00e12e8b_4244,11601.579084275036
00e12e8b_4245,11601.604736975718
00e12e8b_4246,11601.642575345342
00e12e8b_4247,11601.620416919313
00e12e8b_4248,11601.632938669067
00e12e8b_4249,11601.661440948605
00e12e8b_4250,11601.666366110221
00e12e8b_4251,11601.667684094105
00e12e8b_4252,11601.707838747912
00e12e8b_4253,11601.692846612164
00e12e8b_4254,11601.724763808696
00e12e8b_4255,11601.71528314756
00e12e8b_4256,11601.736909816746
00e12e8b_4257,11601.749669603607
00e12e8b_4258,11601.774633369962
00e12e8b_4259,11601.813087431727
00e12e8b_4260,11601.809866688804
00e12e8b_4261,11601.822626475665
00e12e8b_4262,11601.851009736649
00e12e8b_4263,11601.84790801228
00e12e8b_4264,11601.874597547678
00e12e8b_4265,11601.873189548895
00e12e8b_4266,11601.885711298648
00e12e8b_4267,11601.89847108551
00e12e8b_4268,11601.910992835263
00e12e8b_4269,11601.934956387993
00e12e8b_4270,11601.930252490773
00e12e8b_4271,11601.92975315288
00e12e8b_4272,11601.955291412642
00e12e8b_4273,11601.950985769816
00e12e8b_4274,11601.95760465702
00e12e8b_4275,11601.96076971732
00e12e8b_4276,11601.860718224885
00e12e8b_4277,11601.868625716825
00e12e8b_4278,11601.897127996363
00e12e8b_4279,11601.910043422873
00e12e8b_4280,11601.900290392352
00e12e8b_4281,11601.934384255143
00e12e8b_4282,11601.942577849377
00e12e8b_4283,11601.945303456552
00e12e8b_4284,11601.963027690435
00e12e8b_4285,11602.002731447024
00e12e8b_4286,11601.986764274658
00e12e8b_4287,11601.996180097896
00e12e8b_4288,11602.0023251997
00e12e8b_4289,11602.058281855458
00e12e8b_4290,11602.029295884264
00e12e8b_4291,11602.06109177342
00e12e8b_4292,11602.016367887187
00e12e8b_4293,11602.058625965064
00e12e8b_4294,11601.936821542942
00e12e8b_4295,11601.96374911545
00e12e8b_4296,11601.955962179898
00e12e8b_4297,11602.02608891012
00e12e8b_4298,11602.027855502402
00e12e8b_4299,11602.013160913044
00e12e8b_4300,11602.012666152787
00e12e8b_4301,11602.025306921094
00e12e8b_4302,11601.747251736031
00e12e8b_4303,11601.759773485785
00e12e8b_4304,11601.79284195795
00e12e8b_4305,11601.791195922056
00e12e8b_4306,11601.818123494564
00e12e8b_4307,11601.807237498955
00e12e8b_4308,11601.829237245534
00e12e8b_4309,11601.841878013842
00e12e8b_4310,11601.897715651045
00e12e8b_4311,11601.905369084147
00e12e8b_4312,11602.075990962074
00e12e8b_4313,11601.257012467686
00e12e8b_4314,11601.271230231843
00e12e8b_4315,11601.293422239163
00e12e8b_4316,11601.321924518701
00e12e8b_4317,11601.197895365134
00e12e8b_4318,11601.223852478655
00e12e8b_4319,11601.26254457753
00e12e8b_4320,11601.241896771618
00e12e8b_4321,11601.241855197397
00e12e8b_4322,11601.26232830213
00e12e8b_4323,11601.273561447146
00e12e8b_4324,11601.284529089233
00e12e8b_4325,11601.297169857538
00e12e8b_4326,11601.300996386344
00e12e8b_4327,11601.2673915797
00e12e8b_4328,11601.279913329454
00e12e8b_4329,11601.33080940782
00e12e8b_4330,11601.327707683451
00e12e8b_4331,11601.347924440528
00e12e8b_4332,11601.352989220066
00e12e8b_4333,11601.336976271332
00e12e8b_4334,11601.365597569424
00e12e8b_4335,11601.411714595057
00e12e8b_4336,11601.386221360677
00e12e8b_4337,11601.394609504474
00e12e8b_4338,11601.41228796199
00e12e8b_4339,11601.390958088206
00e12e8b_4340,11601.451350473946
00e12e8b_4341,11601.480534821356
00e12e8b_4342,11601.437522971255
00e12e8b_4343,11601.471799939512
00e12e8b_4344,11601.464376926082
00e12e8b_4345,11601.439458185112
00e12e8b_4346,11601.695853531055
00e12e8b_4347,11601.748326605271
00e12e8b_4348,11601.847525906294
00e12e8b_4349,11601.860166674602
00e12e8b_4350,11601.823799264197
00e12e8b_4351,11601.880186217808
00e12e8b_4352,11601.900439595978
00e12e8b_4353,11601.890762096464
00e12e8b_4354,11601.923466646509
00e12e8b_4355,11601.911914604758
00e12e8b_4356,11601.879408430927
00e12e8b_4357,11601.899513035904
00e12e8b_4358,11601.871222865491
00e12e8b_4359,11601.867585557626
00e12e8b_4360,11601.86315631861
00e12e8b_4361,11601.879317289553
00e12e8b_4362,11601.824577534178
00e12e8b_4363,11601.837788218258
00e12e8b_4364,11601.80360205175
00e12e8b_4365,11601.757733756338
00e12e8b_4366,11601.790438306383
00e12e8b_4367,11601.80398315794
00e12e8b_4368,11601.799858331768
00e12e8b_4369,11601.875798660622
00e12e8b_4370,11601.887535345675
00e12e8b_4371,11601.905026120086
00e12e8b_4372,11601.894043994107
00e12e8b_4373,11601.963044625696
00e12e8b_4374,11601.972192657187
00e12e8b_4375,11601.905722707721
00e12e8b_4376,11601.914870739212
00e12e8b_4377,11601.931260591991
00e12e8b_4378,11601.939433586862
00e12e8b_4379,11602.005023879095
00e12e8b_4380,11602.029827428163
00e12e8b_4381,11601.977355891784
00e12e8b_4382,11601.993560350276
00e12e8b_4383,11602.046392768974
00e12e8b_4384,11602.07399096526
00e12e8b_4385,11602.07167430559
00e12e8b_4386,11602.08212009709
00e12e8b_4387,11602.090814942545
00e12e8b_4388,11602.12455403849
00e12e8b_4389,11602.097289258701
00e12e8b_4390,11602.104592502594
00e12e8b_4391,11602.090287012357
00e12e8b_4392,11602.105772781884
00e12e8b_4393,11602.147502142721
00e12e8b_4394,11602.159589016987
00e12e8b_4395,11602.253132647842
00e12e8b_4396,11602.260435891734
00e12e8b_4397,11602.278414184457
00e12e8b_4398,11602.306012380743
00e12e8b_4399,11602.300285381716
00e12e8b_4400,11602.128330660522
00e12e8b_4401,11602.151115471797
00e12e8b_4402,11602.183774245475
00e12e8b_4403,11602.190276402944
00e12e8b_4404,11602.159598994982
00e12e8b_4405,11602.21749427989
00e12e8b_4406,11602.234337318705
00e12e8b_4407,11602.242775816505
00e12e8b_4408,11602.217232228122
00e12e8b_4409,11602.18545389853
00e12e8b_4410,11602.251753724453
00e12e8b_4411,11602.25947353329
00e12e8b_4412,11602.276316572104
00e12e8b_4413,11602.297096378497
00e12e8b_4414,11602.262489069411
00e12e8b_4415,11602.221049637525
00e12e8b_4416,11602.241385413156
00e12e8b_4417,11602.29274383283
00e12e8b_4418,11602.258971942447
00e12e8b_4419,11602.343126840391
00e12e8b_4420,11602.316042877253
00e12e8b_4421,11602.353222067191
00e12e8b_4422,11602.348644054982
00e12e8b_4423,11602.37498340117
00e12e8b_4424,11602.364788628707
00e12e8b_4425,11602.335367782023
00e12e8b_4426,11602.354742253943
00e12e8b_4427,11602.427462215366
00e12e8b_4428,11602.452888323029
00e12e8b_4429,11602.462533028103
00e12e8b_4430,11602.516793669458
00e12e8b_4431,11602.530338521017
00e12e8b_4432,11602.529424907
00e12e8b_4433,11602.555620057632
00e12e8b_4434,11602.587514365978
00e12e8b_4435,11602.596625776376
00e12e8b_4436,11602.607559086187
00e12e8b_4437,11602.61990001929
00e12e8b_4438,11602.612621201415
00e12e8b_4439,11602.625261969722
00e12e8b_4440,11602.633700467522
00e12e8b_4441,11602.645622546865
00e12e8b_4442,11602.619149698228
00e12e8b_4443,11602.67298004173
00e12e8b_4444,11602.681040884501
00e12e8b_4445,11602.700728924538
00e12e8b_4446,11602.66619485764
00e12e8b_4447,11602.697965569794
00e12e8b_4448,11602.78057093771
00e12e8b_4449,11602.77314792428
00e12e8b_4450,11602.777011074179
00e12e8b_4451,11602.741298265826
00e12e8b_4452,11602.790832497269
00e12e8b_4453,11602.84523504536
00e12e8b_4454,11602.86072081489
00e12e8b_4455,11602.868323893987
00e12e8b_4456,11602.828173066835
00e12e8b_4457,11602.84634133148
00e12e8b_4458,11602.85060960223
00e12e8b_4459,11602.853106327568
00e12e8b_4460,11602.875891138843
00e12e8b_4461,11602.924013169359
00e12e8b_4462,11602.945127143232
00e12e8b_4463,11602.95776791154
00e12e8b_4464,11602.971312763098
00e12e8b_4465,11602.991648538731
00e12e8b_4466,11602.995690216461
00e12e8b_4467,11603.00923506802
00e12e8b_4468,11603.063456799464
00e12e8b_4469,11603.048874362205
00e12e8b_4470,11603.101919641009
00e12e8b_4471,11603.107087417373
00e12e8b_4472,11603.085569860485
00e12e8b_4473,11603.048753841684
00e12e8b_4474,11603.062298693243
00e12e8b_4475,11603.078885384402
00e12e8b_4476,11603.084735228636
00e12e8b_4477,11603.10545781457
00e12e8b_4478,11603.115592326774
00e12e8b_4479,11603.131643434437
00e12e8b_4480,11603.17156462877
00e12e8b_4481,11603.168343885847
00e12e8b_4482,11603.20109421226
00e12e8b_4483,11603.192535944923
00e12e8b_4484,11603.200443436863
00e12e8b_4485,11603.2222509227
00e12e8b_4486,11603.243490781582
00e12e8b_4487,11603.248436542566
00e12e8b_4488,11603.254032327963
00e12e8b_4489,11603.281413086504
00e12e8b_4490,11603.285454764236
00e12e8b_4491,11603.298999615796
00e12e8b_4492,11603.294719149972
00e12e8b_4493,11603.315959008854
00e12e8b_4494,11603.320904769838
00e12e8b_4495,11603.346282812316
00e12e8b_4496,11603.345991756893
00e12e8b_4497,11603.373940142388
00e12e8b_4498,11603.387484993946
00e12e8b_4499,11603.39478823784
00e12e8b_4500,11603.40992152934
00e12e8b_4501,11603.424503215618
00e12e8b_4502,11603.438048067175
00e12e8b_4503,11603.448493858676
00e12e8b_4504,11603.457188704131
00e12e8b_4505,11603.484786900419
00e12e8b_4506,11603.482470240746
00e12e8b_4507,11603.496937486105
00e12e8b_4508,11603.51389267702
00e12e8b_4509,11603.525629362075
00e12e8b_4510,11603.539174213634
00e12e8b_4511,11603.555760904794
00e12e8b_4512,11603.56445575025
00e12e8b_4513,11603.589208945314
00e12e8b_4514,11603.589737286864
00e12e8b_4515,11603.597040530758
00e12e8b_4516,11603.591487481926
00e12e8b_4517,11603.620614608877
00e12e8b_4518,11603.630229559312
00e12e8b_4519,11603.6518814055
00e12e8b_4520,11603.649979021951
00e12e8b_4521,11603.655828866187
00e12e8b_4522,11603.667801299533
00e12e8b_4523,11603.685763570527
00e12e8b_4524,11603.715240886686
00e12e8b_4525,11603.744647249474
00e12e8b_4526,11603.7405224233
00e12e8b_4527,11603.754067274858
00e12e8b_4528,11603.750809910842
00e12e8b_4529,11603.77931219038
00e12e8b_4530,11603.753464189156
00e12e8b_4531,11603.793930122258
00e12e8b_4532,11603.796136167664
00e12e8b_4533,11603.805936512388
00e12e8b_4534,11603.83727921551
00e12e8b_4535,11603.839295288994
00e12e8b_4536,11603.861656668872
00e12e8b_4537,11603.847147473802
00e12e8b_4538,11603.877217593916
00e12e8b_4539,11603.906623956706
00e12e8b_4540,11603.918523147864
00e12e8b_4541,11603.931511816561
00e12e8b_4542,11603.904125729401
00e12e8b_4543,11603.937981555082
00e12e8b_4544,11603.953053048486
00e12e8b_4545,11603.96846099819
00e12e8b_4546,11603.978334585101
00e12e8b_4547,11603.841149303604
00e12e8b_4548,11603.833202150769
00e12e8b_4549,11603.887703118051
00e12e8b_4550,11603.881673995
00e12e8b_4551,11603.888329503297
00e12e8b_4552,11603.896186641234
00e12e8b_4553,11603.883888444698
00e12e8b_4554,11603.952932563836
00e12e8b_4555,11603.950515196157
00e12e8b_4556,11603.973691395371
00e12e8b_4557,11603.95654548155
00e12e8b_4558,11603.947092286235
00e12e8b_4559,11603.977881095314
00e12e8b_4560,11604.000956586522
00e12e8b_4561,11604.047558841645
00e12e8b_4562,11604.048631921964
00e12e8b_4563,11604.049494430994
00e12e8b_4564,11604.07481754183
00e12e8b_4565,11604.010089383135
00e12e8b_4566,11603.975060931472
00e12e8b_4567,11603.958180520582
00e12e8b_4568,11604.009893707102
00e12e8b_4569,11604.018240652165
00e12e8b_4570,11604.051036754945
00e12e8b_4571,11604.047816012022
00e12e8b_4572,11604.057971123591
00e12e8b_4573,11604.130816970024
00e12e8b_4574,11604.072941533497
00e12e8b_4575,11604.09782519121
00e12e8b_4576,11604.102981523482
00e12e8b_4577,11604.12075382255
00e12e8b_4578,11604.134278074744
00e12e8b_4579,11604.150329182406
00e12e8b_4580,11604.173400095979
00e12e8b_4581,11604.19800451785
00e12e8b_4582,11604.210645286157
00e12e8b_4583,11604.229040143819
00e12e8b_4584,11604.208287052264
00e12e8b_4585,11604.24856759108
00e12e8b_4586,11604.269807449962
00e12e8b_4587,11604.294771216317
00e12e8b_4588,11604.2903419773
00e12e8b_4589,11604.270595965823
00e12e8b_4590,11604.29909824536
00e12e8b_4591,11604.302922485347
00e12e8b_4592,11604.292217306389
00e12e8b_4593,11603.937163982899
00e12e8b_4594,11603.983720461656
00e12e8b_4595,11603.979909203596
00e12e8b_4596,11603.97508628782
00e12e8b_4597,11603.982490239723
00e12e8b_4598,11604.052578060031
00e12e8b_4599,11604.040046404021
00e12e8b_4600,11604.08372812692
00e12e8b_4601,11603.678332243617
00e12e8b_4602,11603.709821431112
00e12e8b_4603,11603.733006785602
00e12e8b_4604,11603.700393037307
00e12e8b_4605,11603.71259435249
00e12e8b_4606,11603.69957288935
00e12e8b_4607,11603.711309574406
00e12e8b_4608,11603.723950342714
00e12e8b_4609,11603.762972031433
00e12e8b_4610,11603.78237854681
00e12e8b_4611,11603.820258115165
00e12e8b_4612,11603.810271625172
00e12e8b_4613,11603.936250100998
00e12e8b_4614,11603.970099060225
00e12e8b_4615,11603.956702230875
00e12e8b_4616,11604.04154148551
00e12e8b_4617,11604.11281491373
00e12e8b_4618,11604.059466759918
00e12e8b_4619,11604.141623519437
00e12e8b_4620,11603.889811925683
00e12e8b_4621,11603.909074245505
00e12e8b_4622,11603.898369066546
00e12e8b_4623,11603.913831947892
00e12e8b_4624,11603.946996550427
00e12e8b_4625,11603.958733235482
00e12e8b_4626,11603.951706187627
00e12e8b_4627,11604.020329164186
00e12e8b_4628,11603.990400199827
00e12e8b_4629,11604.03259419079
00e12e8b_4630,11604.037750523064
00e12e8b_4631,11603.99966649889
00e12e8b_4632,11603.477907090197
00e12e8b_4633,11603.497338782574
00e12e8b_4634,11603.509329526469
00e12e8b_4635,11603.514485858741
00e12e8b_4636,11603.533706979832
00e12e8b_4637,11603.554946838714
00e12e8b_4638,11603.558988516446
00e12e8b_4639,11603.572533368006
00e12e8b_4640,11603.579836611898
00e12e8b_4641,11603.574283563066
00e12e8b_4642,11603.603834121413
00e12e8b_4643,11603.622192357983
00e12e8b_4644,11603.635737209543
00e12e8b_4645,11603.643040453435
00e12e8b_4646,11603.661018746156
00e12e8b_4647,11603.672755431213
00e12e8b_4648,11603.659923939998
00e12e8b_4649,11603.687803660941
00e12e8b_4650,11603.689689271778
00e12e8b_4651,11603.627693962204
00e12e8b_4652,11603.654614668256
00e12e8b_4653,11603.664984928751
00e12e8b_4654,11603.676907008094
00e12e8b_4655,11603.687627457797
00e12e8b_4656,11603.66115460916
00e12e8b_4657,11603.703044187283
00e12e8b_4658,11603.713274829857
00e12e8b_4659,11603.741905283225
00e12e8b_4660,11603.734065704852
00e12e8b_4661,11603.751391684342
00e12e8b_4662,11603.816510479992
00e12e8b_4663,11603.828247165047
00e12e8b_4664,11603.838381677251
00e12e8b_4665,11603.842167007326
00e12e8b_4666,11603.84132205786
00e12e8b_4667,11603.862598537837
00e12e8b_4668,11603.882284289055
00e12e8b_4669,11603.925013863514
00e12e8b_4670,11603.939925139633
00e12e8b_4671,11603.916430043684
00e12e8b_4672,11603.911288982157
00e12e8b_4673,11603.876681673071
00e12e8b_4674,11603.852362602513
00e12e8b_4675,11603.70276963669
00e12e8b_4676,11603.727307682828
00e12e8b_4677,11603.842430293176
00e12e8b_4678,11603.866968339316
00e12e8b_4679,11603.907532691606
00e12e8b_4680,11603.944750791457
00e12e8b_4681,11603.997011005566
00e12e8b_4682,11603.995200174752
00e12e8b_4683,11604.061319184026
00e12e8b_4684,11604.11799452875
00e12e8b_4685,11604.163781964537
00e12e8b_4686,11604.128732913508
00e12e8b_4687,11604.157177972587
00e12e8b_4688,11604.178399520924
00e12e8b_4689,11604.183919775314
00e12e8b_4690,11604.13601672038
00e12e8b_4691,11604.109056353434
00e12e8b_4692,11604.045019417883
00e12e8b_4693,11604.08944271793
00e12e8b_4694,11604.050672048248
00e12e8b_4695,11604.073031139309
00e12e8b_4696,11604.093014436914
00e12e8b_4697,11604.063254845114
00e12e8b_4698,11604.063039320696
00e12e8b_4699,11604.104695439346
00e12e8b_4700,11604.146461421276
00e12e8b_4701,11604.151407182258
00e12e8b_4702,11604.184111732306
00e12e8b_4703,11604.149566221316
00e12e8b_4704,11604.165235096312
00e12e8b_4705,11604.199125254268
00e12e8b_4706,11604.305751770866
00e12e8b_4707,11604.31904027477
00e12e8b_4708,11603.902209454942
00e12e8b_4709,11603.873266971295
00e12e8b_4710,11603.788223260843
00e12e8b_4711,11603.756181717139
00e12e8b_4712,11603.767918402194
00e12e8b_4713,11603.780559170502
00e12e8b_4714,11603.717234057462
00e12e8b_4715,11603.681736398034
00e12e8b_4716,11603.736374694417
00e12e8b_4717,11603.793365896076
00e12e8b_4718,11603.812186473951
00e12e8b_4719,11603.822849703196
00e12e8b_4720,11603.781831413888
00e12e8b_4721,11603.792956984442
00e12e8b_4722,11603.81836020392
00e12e8b_4723,11603.837473750547
00e12e8b_4724,11603.890903550837
00e12e8b_4725,11603.880834663383
00e12e8b_4726,11603.825886625538
00e12e8b_4727,11603.893099689987
00e12e8b_4728,11603.906328684614
00e12e8b_4729,11603.94353991801
00e12e8b_4730,11603.96716930326
00e12e8b_4731,11603.969242597203
00e12e8b_4732,11603.991093570588
00e12e8b_4733,11604.002512109892
00e12e8b_4734,11603.996073288354
00e12e8b_4735,11604.037338019063
00e12e8b_4736,11604.02112823195
00e12e8b_4737,11604.041562426773
00e12e8b_4738,11604.096093148693
00e12e8b_4739,11604.060371185067
00e12e8b_4740,11604.08735826685
00e12e8b_4741,11604.092125500001
00e12e8b_4742,11604.071619600829
00e12e8b_4743,11604.089952660395
00e12e8b_4744,11604.103877455802
00e12e8b_4745,11604.05751935326
00e12e8b_4746,11604.15829793895
00e12e8b_4747,11604.197463823224
00e12e8b_4748,11604.234189827128
00e12e8b_4749,11604.228886259498
00e12e8b_4750,11604.253330464084
00e12e8b_4751,11604.190648509002
00e12e8b_4752,11604.270916993375
00e12e8b_4753,11604.152996696008
00e12e8b_4754,11604.167816419395
00e12e8b_4755,11604.070859409381
00e12e8b_4756,11603.984279901808
00e12e8b_4757,11604.092845047559
00e12e8b_4758,11604.042708105904
00e12e8b_4759,11604.16005315888
00e12e8b_4760,11604.133060748476
00e12e8b_4761,11604.19302970282
00e12e8b_4762,11604.198973388606
00e12e8b_4763,11604.170097280692
00e12e8b_4764,11604.213110668628
00e12e8b_4765,11604.226644076096
00e12e8b_4766,11604.279192681319
00e12e8b_4767,11604.270554305338
00e12e8b_4768,11604.29133640055
00e12e8b_4769,11604.289106715976
00e12e8b_4770,11604.321580095368
00e12e8b_4771,11604.323296333645
00e12e8b_4772,11604.321590788477
00e12e8b_4773,11604.38183897866
00e12e8b_4774,11604.402245707659
00e12e8b_4775,11604.400743867325
00e12e8b_4776,11604.37366677064
00e12e8b_4777,11604.39580384632
00e12e8b_4778,11604.435230655889
00e12e8b_4779,11604.403894068239
00e12e8b_4780,11604.441421158568
00e12e8b_4781,11604.469614447627
00e12e8b_4782,11604.460799832634
00e12e8b_4783,11604.494042254993
00e12e8b_4784,11604.489491708604
00e12e8b_4785,11604.525814880475
00e12e8b_4786,11604.12997710264
00e12e8b_4787,11604.196357037206
00e12e8b_4788,11604.22090423862
00e12e8b_4789,11604.224863518892
00e12e8b_4790,11604.273500533534
00e12e8b_4791,11604.278446294518
00e12e8b_4792,11604.269242580403
00e12e8b_4793,11604.289322008379
00e12e8b_4794,11604.30552875569
00e12e8b_4795,11604.313221098706
00e12e8b_4796,11604.338258107247
00e12e8b_4797,11604.3286263841
00e12e8b_4798,11604.301066346743
00e12e8b_4799,11604.366629173155
00e12e8b_4800,11604.373868330134
00e12e8b_4801,11604.38203445855
00e12e8b_4802,11604.351629419973
00e12e8b_4803,11604.36845414824
00e12e8b_4804,11604.388881476607
00e12e8b_4805,11604.383859433634
00e12e8b_4806,11604.41910228324
00e12e8b_4807,11604.50162067606
00e12e8b_4808,11604.145965393342
00e12e8b_4809,11604.215291037137
00e12e8b_4810,11604.155385418726
00e12e8b_4811,11604.321017672628
00e12e8b_4812,11604.276586755144
00e12e8b_4813,11604.274867477065
00e12e8b_4814,11604.315624090099
00e12e8b_4815,11604.317340328376
00e12e8b_4816,11604.312789781987
00e12e8b_4817,11604.353546395021
00e12e8b_4818,11604.379249449707
00e12e8b_4819,11604.380798604243
00e12e8b_4820,11604.378154643546
00e12e8b_4821,11604.382061280994
00e12e8b_4822,11604.410540672348
00e12e8b_4823,11604.472706892317
00e12e8b_4824,11604.477011784158
00e12e8b_4825,11604.494578089576
00e12e8b_4826,11604.489386674046
00e12e8b_4827,11604.48788483371
00e12e8b_4828,11604.514668210659
00e12e8b_4829,11604.503319873742
00e12e8b_4830,11604.465913339804
00e12e8b_4831,11604.455267670122
00e12e8b_4832,11604.451829489455
00e12e8b_4833,11604.5672633791
00e12e8b_4834,11604.573749514839
00e12e8b_4835,11604.120331933536
00e12e8b_4836,11604.146382888612
00e12e8b_4837,11604.188233556823
00e12e8b_4838,11604.182211300227
00e12e8b_4839,11604.179599382987
00e12e8b_4840,11604.157351693044
00e12e8b_4841,11604.110970702317
00e12e8b_4842,11604.120066090985
00e12e8b_4843,11604.173230388345
00e12e8b_4844,11604.200260957678
00e12e8b_4845,11604.045710411288
00e12e8b_4846,11603.954372450347
00e12e8b_4847,11604.004726078761
00e12e8b_4848,11604.020028742822
00e12e8b_4849,11604.011765733052
00e12e8b_4850,11604.020803901263
00e12e8b_4851,11604.075021055069
00e12e8b_4852,11604.19046181117
00e12e8b_4853,11604.202447977425
00e12e8b_4854,11604.197036835332
00e12e8b_4855,11604.216724875369
00e12e8b_4856,11604.196218976194
00e12e8b_4857,11604.224904361201
00e12e8b_4858,11604.237394067497
00e12e8b_4859,11604.282590988149
00e12e8b_4860,11604.263813146836
00e12e8b_4861,11604.27200674107
00e12e8b_4862,11604.325363299173
00e12e8b_4863,11604.337356331886
00e12e8b_4864,11604.314499816257
00e12e8b_4865,11604.311279073334
00e12e8b_4866,11604.408107158535
00e12e8b_4867,11604.42495019735
00e12e8b_4868,11604.399880394369
00e12e8b_4869,11604.427160444902
00e12e8b_4870,11604.443239018387
00e12e8b_4871,11604.40323238679
00e12e8b_4872,11604.412245377998
00e12e8b_4873,11604.423592963933
00e12e8b_4874,11604.310181638735
00e12e8b_4875,11604.387538746152
00e12e8b_4876,11604.321883616023
00e12e8b_4877,11604.387792054007
00e12e8b_4878,11604.249206015675
00e12e8b_4879,11604.252604535446
00e12e8b_4880,11603.975634250288
00e12e8b_4881,11604.124748102091
00e12e8b_4882,11603.948613998571
00e12e8b_4883,11604.007083776889
00e12e8b_4884,11604.071149716096
00e12e8b_4885,11604.032365313504
00e12e8b_4886,11604.051478860132
00e12e8b_4887,11604.173138335715
00e12e8b_4888,11604.026971730975
00e12e8b_4889,11604.09614402394
00e12e8b_4890,11604.053807375254
00e12e8b_4891,11604.251155785165
00e12e8b_4892,11604.127323469975
00e12e8b_4893,11604.136260930178
00e12e8b_4894,11604.194630000486
00e12e8b_4895,11604.112085679682
00e12e8b_4896,11604.1263858413
00e12e8b_4897,11604.28359524364
00e12e8b_4898,11604.20763127562
00e12e8b_4899,11604.208377054914
00e12e8b_4900,11604.172444519998
00e12e8b_4901,11604.148748008032
00e12e8b_4902,11604.262765119114
00e12e8b_4903,11604.134973148162
00e12e8b_4904,11604.340437707975
00e12e8b_4905,11604.248129288047
00e12e8b_4906,11604.306196234334
00e12e8b_4907,11604.364091519245
00e12e8b_4908,11604.33147777095
00e12e8b_4909,11604.293842355175
00e12e8b_4910,11604.334459350288
00e12e8b_4911,11604.497093252141
00e12e8b_4912,11604.472172222351
00e12e8b_4913,11604.338264528746
00e12e8b_4914,11604.413577721369
00e12e8b_4915,11604.399491957694
00e12e8b_4916,11604.49549149065
00e12e8b_4917,11604.459815303391
00e12e8b_4918,11604.41592454704
00e12e8b_4919,11604.421275428873
00e12e8b_4920,11604.500385771154
00e12e8b_4921,11604.440981403965
00e12e8b_4922,11604.449994395172
00e12e8b_4923,11604.5504411022
00e12e8b_4924,11604.51175282998
00e12e8b_4925,11604.524393598287
00e12e8b_4926,11604.548840091691
00e12e8b_4927,11604.466650537734
00e12e8b_4928,11604.47266517689
00e12e8b_4929,11604.491213385383
00e12e8b_4930,11604.456679318486
00e12e8b_4931,11604.5332628053
00e12e8b_4932,11604.611647592163
00e12e8b_4933,11604.57975253283
00e12e8b_4934,11604.639229391227
00e12e8b_4935,11604.690773205188
00e12e8b_4936,11604.684258852647
00e12e8b_4937,11604.754852501814
00e12e8b_4938,11604.717635939798
00e12e8b_4939,11604.724772099951
00e12e8b_4940,11604.644319759129
00e12e8b_4941,11604.630394212738
00e12e8b_4942,11604.363554237636
00e12e8b_4943,11604.406750731043
00e12e8b_4944,11604.42645021517
00e12e8b_4945,11604.432032267658
00e12e8b_4946,11604.450827668532
00e12e8b_4947,11604.493516044262
00e12e8b_4948,11604.53242558088
00e12e8b_4949,11604.527863590398
00e12e8b_4950,11604.551552484925
00e12e8b_4951,11604.55734739752
00e12e8b_4952,11604.56578589532
00e12e8b_4953,11604.508217160454
00e12e8b_4954,11604.59079506255
00e12e8b_4955,11604.587590341354
00e12e8b_4956,11604.522647033735
00e12e8b_4957,11604.574387686074
00e12e8b_4958,11604.595449017126
00e12e8b_4959,11604.615700106478
00e12e8b_4960,11604.580255089873
00e12e8b_4961,11604.601712386502
00e12e8b_4962,11604.605536626488
00e12e8b_4963,11604.618177394796
00e12e8b_4964,11604.580036150164
00e12e8b_4965,11604.598350899185
00e12e8b_4966,11604.60337676881
00e12e8b_4967,11604.647763447761
00e12e8b_4968,11604.674615489263
00e12e8b_4969,11604.6403103042
00e12e8b_4970,11604.661129020506
00e12e8b_4971,11604.675827436518
00e12e8b_4972,11604.6893127788
00e12e8b_4973,11604.738746302235
00e12e8b_4974,11604.76619343651
00e12e8b_4975,11604.85214047923
00e12e8b_4976,11604.825862180154
00e12e8b_4977,11604.868273608863
00e12e8b_4978,11604.988784097628
00e12e8b_4979,11604.966769867156
00e12e8b_4980,11605.007924734586
00e12e8b_4981,11604.9920674255
00e12e8b_4982,11605.052363680868
00e12e8b_4983,11604.993872552202
00e12e8b_4984,11605.10626231343
00e12e8b_4985,11604.83063327583
00e12e8b_4986,11604.763829158883
00e12e8b_4987,11604.792075090763
00e12e8b_4988,11604.739477669375
00e12e8b_4989,11604.660380309018
00e12e8b_4990,11604.598954915218
00e12e8b_4991,11604.721220927666
00e12e8b_4992,11604.809145509449
00e12e8b_4993,11604.824079673752
00e12e8b_4994,11604.875023817303
00e12e8b_4995,11604.898538761638
00e12e8b_4996,11604.838452326574
00e12e8b_4997,11604.812595170079
00e12e8b_4998,11604.791807746245
00e12e8b_4999,11604.86589184341
00e12e8b_5000,11604.875687610498
00e12e8b_5001,11604.309342020162
00e12e8b_5002,11604.344603180316
00e12e8b_5003,11604.301817923231
00e12e8b_5004,11604.339061200084
00e12e8b_5005,11604.319809573371
00e12e8b_5006,11604.396381616094
00e12e8b_5007,11604.331172805543
00e12e8b_5008,11604.474571477904
00e12e8b_5009,11604.5263441737
00e12e8b_5010,11604.519713091422
00e12e8b_5011,11604.496183663196
00e12e8b_5012,11604.516732298936
00e12e8b_5013,11604.52846898399
00e12e8b_5014,11604.522394084574
00e12e8b_5015,11604.575286012549
00e12e8b_5016,11604.567295372164
00e12e8b_5017,11604.602691572602
00e12e8b_5018,11604.57034103842
00e12e8b_5019,11604.633482295007
00e12e8b_5020,11604.59774659847
00e12e8b_5021,11604.668708747393
00e12e8b_5022,11604.695206022048
00e12e8b_5023,11604.708027607005
00e12e8b_5024,11604.63074527961
00e12e8b_5025,11604.626451080876
00e12e8b_5026,11604.183578085755
00e12e8b_5027,11604.273237591857
00e12e8b_5028,11604.306397616754
00e12e8b_5029,11604.298519128472
00e12e8b_5030,11604.327909469532
00e12e8b_5031,11604.335915380661
00e12e8b_5032,11604.374355709515
00e12e8b_5033,11604.38639909623
00e12e8b_5034,11604.446603798864
00e12e8b_5035,11604.492459899204
00e12e8b_5036,11604.454442250762
00e12e8b_5037,11604.476155895047
00e12e8b_5038,11604.495935487817
00e12e8b_5039,11604.412974602072
00e12e8b_5040,11604.392267286883
00e12e8b_5041,11604.315277928235
00e12e8b_5042,11604.331876063487
00e12e8b_5043,11604.31130836622
00e12e8b_5044,11604.406740272221
00e12e8b_5045,11604.442951291994
00e12e8b_5046,11604.44137849829
00e12e8b_5047,11604.512583261958
00e12e8b_5048,11604.532147705802
00e12e8b_5049,11604.531208914783
00e12e8b_5050,11604.551009106919
00e12e8b_5051,11604.559335452619
00e12e8b_5052,11604.586755121072
00e12e8b_5053,11604.57904142771
00e12e8b_5054,11604.584831762668
00e12e8b_5055,11604.614359432831
00e12e8b_5056,11604.631177294643
00e12e8b_5057,11604.629604500939
00e12e8b_5058,11604.684851623006
00e12e8b_5059,11604.376645833696
00e12e8b_5060,11604.406796062452
00e12e8b_5061,11604.448431581737
00e12e8b_5062,11604.420709038277
00e12e8b_5063,11604.427208906925
00e12e8b_5064,11604.455711186463
00e12e8b_5065,11604.498994654967
00e12e8b_5066,11604.483675218195
00e12e8b_5067,11604.496315986504
00e12e8b_5068,11604.489337003833
00e12e8b_5069,11604.592473072433
00e12e8b_5070,11604.511466837568
00e12e8b_5071,11604.574946839273
00e12e8b_5072,11604.59103456803
00e12e8b_5073,11604.559757489656
00e12e8b_5074,11604.566257358307
00e12e8b_5075,11604.67371471597
00e12e8b_5076,11604.617024887353
00e12e8b_5077,11604.633075995016
00e12e8b_5078,11604.65381231386
00e12e8b_5079,11604.596774584854
00e12e8b_5080,11604.659474099499
00e12e8b_5081,11604.670441741586
00e12e8b_5082,11604.74974205579
00e12e8b_5083,11604.711584789431
00e12e8b_5084,11604.721561373168
00e12e8b_5085,11604.763613457391
00e12e8b_5086,11604.736490584342
00e12e8b_5087,11604.812499577747
00e12e8b_5088,11604.761772120957
00e12e8b_5089,11604.824471635602
00e12e8b_5090,11604.75544278721
00e12e8b_5091,11604.823596556005
00e12e8b_5092,11604.713675678806
00e12e8b_5093,11604.728902811858
00e12e8b_5094,11604.72309570419
00e12e8b_5095,11604.759638602623
00e12e8b_5096,11604.798435987143
00e12e8b_5097,11604.756229801103
00e12e8b_5098,11604.849523950757
00e12e8b_5099,11604.763397629222
00e12e8b_5100,11604.743669928292
00e12e8b_5101,11604.648612637517
00e12e8b_5102,11604.769397784487
00e12e8b_5103,11604.699249703917
00e12e8b_5104,11604.794233001521
00e12e8b_5105,11604.826710958549
00e12e8b_5106,11604.805310131396
00e12e8b_5107,11604.781485445603
00e12e8b_5108,11604.796998680951
00e12e8b_5109,11604.409066481729
00e12e8b_5110,11604.38974161283
00e12e8b_5111,11604.388937862095
00e12e8b_5112,11604.399225725127
00e12e8b_5113,11604.411358375759
00e12e8b_5114,11604.473771788109
00e12e8b_5115,11604.436639912374
00e12e8b_5116,11604.491298808123
00e12e8b_5117,11604.462237305923
00e12e8b_5118,11604.469824363292
00e12e8b_5119,11604.488786847909
00e12e8b_5120,11604.437606205083
00e12e8b_5121,11604.461681909914
00e12e8b_5122,11604.5032304541
00e12e8b_5123,11604.4483007268
00e12e8b_5124,11604.522368802238
00e12e8b_5125,11604.544686694568
00e12e8b_5126,11604.504661752428
00e12e8b_5127,11604.589189727765
00e12e8b_5128,11604.59494115281
00e12e8b_5129,11604.604116650122
00e12e8b_5130,11604.513261629854
00e12e8b_5131,11604.643158562714
00e12e8b_5132,11604.615882338832
00e12e8b_5133,11604.614968724816
00e12e8b_5134,11604.670785762653
00e12e8b_5135,11604.542641313677
00e12e8b_5136,11604.539100136184
00e12e8b_5137,11604.577897520701
00e12e8b_5138,11604.512054707466
00e12e8b_5139,11604.583275492863
00e12e8b_5140,11604.20472058246
00e12e8b_5141,11604.21640920233
00e12e8b_5142,11604.174722578058
00e12e8b_5143,11604.24053717449
00e12e8b_5144,11604.229122461842
00e12e8b_5145,11604.265818711106
00e12e8b_5146,11604.246159674725
00e12e8b_5147,11604.272107632974
00e12e8b_5148,11603.996586169837
00e12e8b_5149,11604.055136056795
00e12e8b_5150,11604.078071930084
00e12e8b_5151,11604.068199881009
00e12e8b_5152,11604.075104870506
00e12e8b_5153,11604.081053133932
00e12e8b_5154,11604.067537286028
00e12e8b_5155,11604.08702162123
00e12e8b_5156,11604.11310690858
00e12e8b_5157,11604.125747676888
00e12e8b_5158,11604.164545061405
00e12e8b_5159,11604.171555336548
00e12e8b_5160,11604.200098814817
00e12e8b_5161,11604.21673585998
00e12e8b_5162,11604.20947764147
00e12e8b_5163,11604.190509828235
00e12e8b_5164,11604.260915794297
00e12e8b_5165,11604.18176579112
00e12e8b_5166,11604.264357426126
00e12e8b_5167,11604.044467982032
00e12e8b_5168,11604.037095322605
00e12e8b_5169,11604.049777289641
00e12e8b_5170,11604.06237685922
00e12e8b_5171,11604.14306419735
00e12e8b_5172,11604.083392038412
00e12e8b_5173,11604.149453827227
00e12e8b_5174,11604.075183584791
00e12e8b_5175,11604.172139843822
00e12e8b_5176,11604.114729037421
00e12e8b_5177,11604.095802422917
00e12e8b_5178,11604.140010574036
00e12e8b_5179,11604.142301305723
00e12e8b_5180,11604.165333309382
00e12e8b_5181,11604.174522539604
00e12e8b_5182,11604.261691811329
00e12e8b_5183,11604.20373626616
00e12e8b_5184,11604.280830159467
00e12e8b_5185,11604.274038859903
00e12e8b_5186,11604.263965394812
00e12e8b_5187,11604.347683128452
00e12e8b_5188,11604.273751631134
00e12e8b_5189,11604.375518986355
00e12e8b_5190,11604.265030482202
00e12e8b_5191,11604.283814438986
00e12e8b_5192,11604.276409736101
00e12e8b_5193,11604.30624868556
00e12e8b_5194,11604.09670470045
00e12e8b_5195,11604.109345468758
00e12e8b_5196,11604.13216232349
00e12e8b_5197,11604.151742789065
00e12e8b_5198,11604.244313672116
00e12e8b_5199,11604.13847604687
00e12e8b_5200,11604.19307543334
00e12e8b_5201,11604.127090713368
00e12e8b_5202,11604.261734655502
00e12e8b_5203,11604.131429561994
00e12e8b_5204,11604.192684832255
00e12e8b_5205,11604.152504250464
00e12e8b_5206,11604.147589781955
00e12e8b_5207,11604.188135823699
00e12e8b_5208,11604.190426555386
00e12e8b_5209,11604.19574768258
00e12e8b_5210,11604.221356895712
00e12e8b_5211,11604.249392256304
00e12e8b_5212,11604.27824701387
00e12e8b_5213,11604.27467379292
00e12e8b_5214,11603.718959763863
00e12e8b_5215,11603.687023505803
00e12e8b_5216,11603.733891263855
00e12e8b_5217,11603.730491993101
00e12e8b_5218,11603.728278330256
00e12e8b_5219,11603.804951080985
00e12e8b_5220,11603.6944213781
00e12e8b_5221,11603.836568066818
00e12e8b_5222,11603.383567050458
00e12e8b_5223,11603.362205133219
00e12e8b_5224,11603.314434829748
00e12e8b_5225,11603.383934423739
00e12e8b_5226,11603.419847897125
00e12e8b_5227,11603.502540240139
00e12e8b_5228,11603.522171059716
00e12e8b_5229,11603.522058532124
00e12e8b_5230,11603.618570760393
00e12e8b_5231,11603.481513652725
00e12e8b_5232,11603.604901186169
00e12e8b_5233,11603.496101829964
00e12e8b_5234,11603.580121687626
00e12e8b_5235,11603.603373417847
00e12e8b_5236,11603.652616969357
00e12e8b_5237,11603.501414964228
00e12e8b_5238,11603.6096962965
00e12e8b_5239,11603.58826571471
00e12e8b_5240,11603.59034129747
00e12e8b_5241,11603.63123066197
00e12e8b_5242,11603.711185578226
00e12e8b_5243,11603.68807500376
00e12e8b_5244,11603.597792188082
00e12e8b_5245,11603.650171420744
00e12e8b_5246,11603.743616632411
00e12e8b_5247,11603.760496292321
00e12e8b_5248,11603.319177404866
00e12e8b_5249,11603.376404354814
00e12e8b_5250,11603.343447283765
00e12e8b_5251,11603.370535073558
00e12e8b_5252,11603.328555480537
00e12e8b_5253,11603.385182760076
00e12e8b_5254,11603.347693828675
00e12e8b_5255,11603.411114321105
00e12e8b_5256,11603.516713158258
00e12e8b_5257,11603.469785139945
00e12e8b_5258,11603.523693303272
00e12e8b_5259,11603.44240096611
00e12e8b_5260,11603.519375840864
00e12e8b_5261,11603.550354621866
00e12e8b_5262,11603.52764687943
00e12e8b_5263,11603.563143787875
00e12e8b_5264,11603.515080515655
00e12e8b_5265,11603.458800385524
00e12e8b_5266,11603.527654532738
00e12e8b_5267,11603.490225110616
00e12e8b_5268,11603.58982724367
00e12e8b_5269,11603.55942449391
00e12e8b_5270,11603.603513626476
00e12e8b_5271,11603.587063513434
00e12e8b_5272,11603.555786435063
00e12e8b_5273,11603.627556536867
00e12e8b_5274,11603.574810342283
00e12e8b_5275,11603.593708739985
00e12e8b_5276,11603.72752870751
00e12e8b_5277,11603.625142620349
00e12e8b_5278,11603.670962099593
00e12e8b_5279,11603.509739647687
00e12e8b_5280,11603.54162480076
00e12e8b_5281,11603.613207219458
00e12e8b_5282,11603.547661952609
00e12e8b_5283,11603.619926439178
00e12e8b_5284,11603.579553596646
00e12e8b_5285,11603.592194364952
00e12e8b_5286,11603.232929615682
00e12e8b_5287,11603.195509348832
00e12e8b_5288,11603.226726166944
00e12e8b_5289,11603.264191459179
00e12e8b_5290,11603.228464917916
00e12e8b_5291,11603.31848147968
00e12e8b_5292,11603.313370172791
00e12e8b_5293,11603.269797562192
00e12e8b_5294,11603.337969641536
00e12e8b_5295,11603.298864804374
00e12e8b_5296,11603.342372577075
00e12e8b_5297,11603.244632791184
00e12e8b_5298,11603.278948669355
00e12e8b_5299,11603.433216940102
00e12e8b_5300,11603.45961350675
00e12e8b_5301,11603.448432253574
00e12e8b_5302,11603.44844789981
00e12e8b_5303,11603.491905318508
00e12e8b_5304,11603.544916265038
00e12e8b_5305,11603.492513393208
00e12e8b_5306,11603.547048692766
00e12e8b_5307,11603.58283856996
00e12e8b_5308,11603.528696196177
00e12e8b_5309,11603.5476220597
00e12e8b_5310,11603.589678721562
00e12e8b_5311,11603.578383027467
00e12e8b_5312,11603.58095757263
00e12e8b_5313,11603.633460401485
00e12e8b_5314,11603.616296177115
00e12e8b_5315,11603.623842035755
00e12e8b_5316,11603.643102066757
00e12e8b_5317,11603.696451758406
00e12e8b_5318,11603.673684506692
00e12e8b_5319,11603.326193439061
00e12e8b_5320,11603.33516294272
00e12e8b_5321,11603.395392822356
00e12e8b_5322,11603.346034078944
00e12e8b_5323,11603.38726218856
00e12e8b_5324,11603.466745608235
00e12e8b_5325,11603.411673974198
00e12e8b_5326,11603.448754744948
00e12e8b_5327,11603.453558599193
00e12e8b_5328,11603.522412746406
00e12e8b_5329,11603.509519457097
00e12e8b_5330,11603.582617073549
00e12e8b_5331,11603.589105498106
00e12e8b_5332,11603.607898610164
00e12e8b_5333,11603.659344004936
00e12e8b_5334,11603.633180146779
00e12e8b_5335,11603.597270500046
00e12e8b_5336,11603.60899574101
00e12e8b_5337,11603.61229813041
00e12e8b_5338,11603.628134089147
00e12e8b_5339,11603.646927201205
00e12e8b_5340,11603.605263465117
00e12e8b_5341,11603.632886838404
00e12e8b_5342,11602.463650470483
00e12e8b_5343,11602.40307651711
00e12e8b_5344,11602.445687073016
00e12e8b_5345,11602.454917501967
00e12e8b_5346,11602.465658551037
00e12e8b_5347,11602.529175173835
00e12e8b_5348,11602.489319604252
00e12e8b_5349,11602.494329452149
00e12e8b_5350,11602.493420415769
00e12e8b_5351,11602.5267337915
00e12e8b_5352,11602.580083483146
00e12e8b_5353,11602.537348580066
00e12e8b_5354,11602.594689970932
00e12e8b_5355,11602.581906544903
00e12e8b_5356,11602.613819163797
00e12e8b_5357,11602.61138577439
00e12e8b_5358,11602.690210014376
00e12e8b_5359,11602.65789381247
00e12e8b_5360,11602.59234854562
00e12e8b_5361,11602.633718561974
00e12e8b_5362,11602.627687150107
00e12e8b_5363,11602.741626441362
00e12e8b_5364,11602.64710931172
00e12e8b_5365,11602.729238605418
00e12e8b_5366,11602.696922403511
00e12e8b_5367,11602.715706360295
00e12e8b_5368,11602.728347128603
00e12e8b_5369,11602.73574192523
00e12e8b_5370,11602.735446292168
00e12e8b_5371,11602.763911950613
00e12e8b_5372,11602.800928634448
00e12e8b_5373,11602.787870550217
00e12e8b_5374,11602.799604946453
00e12e8b_5375,11602.809293139078
00e12e8b_5376,11602.82579285514
00e12e8b_5377,11602.86224191202
00e12e8b_5378,11602.874882680328
00e12e8b_5379,11602.847890269924
00e12e8b_5380,11602.869297212548
00e12e8b_5381,11602.891290092672
00e12e8b_5382,11602.904837233049
00e12e8b_5383,11602.91052457118
00e12e8b_5384,11602.920766657848
00e12e8b_5385,11602.91998121766
00e12e8b_5386,11602.99852164417
00e12e8b_5387,11602.991139829468
00e12e8b_5388,11602.997097248166
00e12e8b_5389,11603.032919168818
00e12e8b_5390,11603.08292718566
00e12e8b_5391,11601.810991537952
00e12e8b_5392,11601.755777997178
00e12e8b_5393,11601.764221072614
00e12e8b_5394,11601.692280847268
00e12e8b_5395,11601.718123519873
00e12e8b_5396,11601.735529608004
00e12e8b_5397,11601.76106100131
00e12e8b_5398,11601.80168486288
00e12e8b_5399,11601.802680123375
00e12e8b_5400,11601.822379607504
00e12e8b_5401,11601.835020375811
00e12e8b_5402,11601.837100536208
00e12e8b_5403,11601.86506723225
00e12e8b_5404,11601.909586662667
00e12e8b_5405,11601.93259577814
00e12e8b_5406,11601.883337742736
00e12e8b_5407,11601.953679621885
00e12e8b_5408,11601.862824601618
00e12e8b_5409,11601.92126004766
00e12e8b_5410,11602.011226255421
00e12e8b_5411,11602.017714679978
00e12e8b_5412,11602.03146323637
00e12e8b_5413,11602.092453003701
00e12e8b_5414,11602.039867026404
00e12e8b_5415,11602.04635545096
00e12e8b_5416,11602.069913882842
00e12e8b_5417,11602.092817712673
00e12e8b_5418,11602.152809555198
00e12e8b_5419,11602.177970159933
00e12e8b_5420,11602.180938381853
00e12e8b_5421,11602.1502747068
00e12e8b_5422,11602.045242745615
00e12e8b_5423,11602.153633941169
00e12e8b_5424,11602.160122365727
00e12e8b_5425,11602.18669288257
00e12e8b_5426,11602.167033846188
00e12e8b_5427,11602.184948051996
00e12e8b_5428,11602.215258498038
00e12e8b_5429,11602.222653294666
00e12e8b_5430,11602.218283564926
00e12e8b_5431,11602.210814775128
00e12e8b_5432,11602.242008705056
00e12e8b_5433,11602.267746092017
00e12e8b_5434,11602.291304523897
00e12e8b_5435,11601.9115411174
00e12e8b_5436,11601.947047181118
00e12e8b_5437,11601.981239463097
00e12e8b_5438,11602.004797894979
00e12e8b_5439,11602.003019107622
00e12e8b_5440,11602.006065149366
00e12e8b_5441,11602.001283432322
00e12e8b_5442,11601.983341009713
00e12e8b_5443,11602.022527493351
00e12e8b_5444,11602.01887187494
00e12e8b_5445,11602.044609261899
00e12e8b_5446,11602.066203887629
00e12e8b_5447,11602.005835927908
00e12e8b_5448,11602.02016126653
00e12e8b_5449,11602.07939322136
00e12e8b_5450,11602.05337126994
00e12e8b_5451,11602.126189650553
00e12e8b_5452,11602.085780186926
00e12e8b_5453,11602.135820247226
00e12e8b_5454,11602.042127092192
00e12e8b_5455,11602.182703651517
00e12e8b_5456,11602.115162535058
00e12e8b_5457,11602.166223408345
00e12e8b_5458,11602.13422306337
00e12e8b_5459,11602.242096985976
00e12e8b_5460,11602.235479636607
00e12e8b_5461,11602.273842145638
00e12e8b_5462,11602.259387882206
00e12e8b_5463,11602.313868250123
00e12e8b_5464,11602.274030991086
00e12e8b_5465,11602.30112793615
00e12e8b_5466,11602.324018033072
00e12e8b_5467,11602.32622178966
00e12e8b_5468,11602.349299569687
00e12e8b_5469,11602.293921233992
00e12e8b_5470,11602.364331777688
00e12e8b_5471,11602.405083813086
00e12e8b_5472,11602.3820831019
00e12e8b_5473,11602.401773430754
00e12e8b_5474,11602.394483168788
00e12e8b_5475,11602.380862035241
00e12e8b_5476,11602.450668330892
00e12e8b_5477,11602.408574296953
00e12e8b_5478,11602.481566627761
00e12e8b_5479,11602.574238218822
00e12e8b_5480,11602.55017091828
00e12e8b_5481,11602.518646647526
00e12e8b_5482,11602.58779376349
00e12e8b_5483,11602.603757896055
00e12e8b_5484,11602.574559064753
00e12e8b_5485,11602.527484562064
00e12e8b_5486,11602.551812036914
00e12e8b_5487,11602.560401596726
00e12e8b_5488,11602.611398383098
00e12e8b_5489,11602.657089688517
00e12e8b_5490,11602.616153796667
00e12e8b_5491,11602.706083383335
00e12e8b_5492,11602.6903199158
00e12e8b_5493,11602.598956777858
00e12e8b_5494,11602.569410046166
00e12e8b_5495,11602.616126742207
00e12e8b_5496,11602.646638604265
00e12e8b_5497,11602.702249648451
00e12e8b_5498,11602.707602819102
00e12e8b_5499,11602.755170955574
00e12e8b_5500,11602.731982561283
00e12e8b_5501,11602.816272499513
00e12e8b_5502,11602.737635191648
00e12e8b_5503,11602.808045735346
00e12e8b_5504,11602.822064372305
00e12e8b_5505,11602.777004029773
00e12e8b_5506,11602.85910585765
00e12e8b_5507,11602.817620649395
00e12e8b_5508,11602.881187626199
00e12e8b_5509,11602.887676050756
00e12e8b_5510,11602.9044229592
00e12e8b_5511,11602.900868048797
00e12e8b_5512,11602.926568814662
00e12e8b_5513,11602.970273425744
00e12e8b_5514,11602.92902167696
00e12e8b_5515,11602.960682525834
00e12e8b_5516,11602.981952139357
00e12e8b_5517,11602.979857495066
00e12e8b_5518,11603.03347726728
00e12e8b_5519,11602.621528497013
00e12e8b_5520,11602.636934157897
00e12e8b_5521,11602.651630285092
00e12e8b_5522,11602.656672176447
00e12e8b_5523,11602.647990312918
00e12e8b_5524,11602.688655373218
00e12e8b_5525,11602.729407408615
00e12e8b_5526,11602.707784566082
00e12e8b_5527,11602.769891276774
00e12e8b_5528,11602.716897889806
00e12e8b_5529,11602.753058555574
00e12e8b_5530,11602.764142927397
00e12e8b_5531,11602.812603703029
00e12e8b_5532,11602.910782191064
00e12e8b_5533,11602.885767319722
00e12e8b_5534,11602.950716742815
00e12e8b_5535,11602.861079373914
00e12e8b_5536,11602.97599827943
00e12e8b_5537,11602.893483713264
00e12e8b_5538,11602.26226614417
00e12e8b_5539,11602.29217375818
00e12e8b_5540,11602.304814526487
00e12e8b_5541,11602.317455294793
00e12e8b_5542,11602.358207330191
00e12e8b_5543,11602.351072707874
00e12e8b_5544,11602.385690710067
00e12e8b_5545,11602.39814379527
00e12e8b_5546,11602.395147356547
00e12e8b_5547,11602.438238564306
00e12e8b_5548,11602.430101439546
00e12e8b_5549,11602.448894551604
00e12e8b_5550,11602.445710429774
00e12e8b_5551,11602.497448793296
00e12e8b_5552,11602.481978294514
00e12e8b_5553,11602.478794172686
00e12e8b_5554,11602.507259831129
00e12e8b_5555,11602.519900599436
00e12e8b_5556,11602.536638352607
00e12e8b_5557,11602.742505744449
00e12e8b_5558,11602.748009977113
00e12e8b_5559,11602.765145984678
00e12e8b_5560,11602.761343881892
00e12e8b_5561,11602.826911285942
00e12e8b_5562,11602.805709585988
00e12e8b_5563,11602.817938366989
00e12e8b_5564,11602.832263705608
00e12e8b_5565,11602.854801324502
00e12e8b_5566,11602.861298904332
00e12e8b_5567,11602.370701757602
00e12e8b_5568,11602.393980953642
00e12e8b_5569,11602.404575518336
00e12e8b_5570,11602.419262490257
00e12e8b_5571,11602.423814574482
00e12e8b_5572,11602.44341792824
00e12e8b_5573,11602.43519840602
00e12e8b_5574,11602.428182802256
00e12e8b_5575,11602.422348228767
00e12e8b_5576,11602.492983076663
00e12e8b_5577,11602.501604679932
00e12e8b_5578,11602.51424544824
00e12e8b_5579,11602.491583482171
00e12e8b_5580,11602.545670173331
00e12e8b_5581,11602.547672513903
00e12e8b_5582,11602.564808521469
00e12e8b_5583,11602.571296946026
00e12e8b_5584,11602.59623324656
00e12e8b_5585,11602.60619151975
00e12e8b_5586,11602.638690076143
00e12e8b_5587,11602.19940823703
00e12e8b_5588,11602.205708978481
00e12e8b_5589,11602.226594070518
00e12e8b_5590,11602.219276342732
00e12e8b_5591,11602.242262570024
00e12e8b_5592,11602.24678718843
00e12e8b_5593,11602.27230027119
00e12e8b_5594,11602.28789361518
00e12e8b_5595,11602.294382039738
00e12e8b_5596,11602.316374919861
00e12e8b_5597,11602.321892885435
00e12e8b_5598,11602.341656456476
00e12e8b_5599,11602.312494246267
00e12e8b_5600,11602.324892399829
00e12e8b_5601,11602.339519862471
00e12e8b_5602,11602.387463365154
00e12e8b_5603,11602.393951789712
00e12e8b_5604,11602.41620559513
00e12e8b_5605,11602.425188831698
00e12e8b_5606,11602.438017283112
00e12e8b_5607,11602.598401276515
00e12e8b_5608,11602.580175040428
00e12e8b_5609,11602.602428845845
00e12e8b_5610,11602.59402164052
00e12e8b_5611,11602.595003168104
00e12e8b_5612,11602.617916153209
00e12e8b_5613,11602.651604895149
00e12e8b_5614,11602.651245175175
00e12e8b_5615,11602.64824873645
00e12e8b_5616,11602.682866738645
00e12e8b_5617,11602.673640136347
00e12e8b_5618,11602.704225240592
00e12e8b_5619,11602.714636699817
00e12e8b_5620,11602.703185366074
00e12e8b_5621,11602.715835289655
00e12e8b_5622,11602.727565108255
00e12e8b_5623,11602.738425175878
00e12e8b_5624,11602.746332667819
00e12e8b_5625,11602.757183580168
00e12e8b_5626,11602.78471997836
00e12e8b_5627,11602.79986471395
00e12e8b_5628,11602.784682606281
00e12e8b_5629,11602.816952280838
00e12e8b_5630,11602.829593049148
00e12e8b_5631,11602.844463126536
00e12e8b_5632,11602.85264527668
00e12e8b_5633,11602.865771274479
00e12e8b_5634,11602.877578912903
00e12e8b_5635,11602.85145167584
00e12e8b_5636,11602.902608679498
00e12e8b_5637,11602.912040524465
00e12e8b_5638,11602.924681292774
00e12e8b_5639,11602.936603372116
00e12e8b_5640,11602.905436157025
00e12e8b_5641,11602.962603597694
00e12e8b_5642,11602.955400310828
00e12e8b_5643,11602.98788513431
00e12e8b_5644,11602.930034874786
00e12e8b_5645,11603.02770982278
00e12e8b_5646,11602.990468083763
00e12e8b_5647,11603.008107631367
00e12e8b_5648,11602.980442308366
00e12e8b_5649,11603.071996956067
00e12e8b_5650,11603.078682219004
00e12e8b_5651,11603.028970997566
00e12e8b_5652,11603.01965742017
00e12e8b_5653,11603.078953461914
00e12e8b_5654,11603.091594230222
00e12e8b_5655,11602.697534864252
00e12e8b_5656,11603.286202549063
00e12e8b_5657,11603.333949213367
00e12e8b_5658,11603.32107881224
00e12e8b_5659,11603.334731238263
00e12e8b_5660,11603.367087887917
00e12e8b_5661,11603.367726092749
00e12e8b_5662,11603.399313699434
00e12e8b_5663,11603.344416015592
00e12e8b_5664,11603.424595236049
00e12e8b_5665,11603.437236004356
00e12e8b_5666,11603.459471499227
00e12e8b_5667,11602.851988976518
00e12e8b_5668,11602.908437728223
00e12e8b_5669,11602.902534490184
00e12e8b_5670,11602.883580409858
00e12e8b_5671,11602.948717516056
00e12e8b_5672,11602.878910469422
00e12e8b_5673,11602.92235415521
00e12e8b_5674,11602.937224232599
00e12e8b_5675,11602.958782237234
00e12e8b_5676,11602.91331906267
00e12e8b_5677,11602.96811528752
00e12e8b_5678,11603.057939588543
00e12e8b_5679,11603.12766806437
00e12e8b_5680,11603.138908075842
00e12e8b_5681,11603.140837174227
00e12e8b_5682,11603.127779089995
00e12e8b_5683,11603.16157311758
00e12e8b_5684,11603.17875947915
00e12e8b_5685,11603.191400247455
00e12e8b_5686,11603.184494506975
00e12e8b_5687,11603.21668178407
00e12e8b_5688,11603.218684124644
00e12e8b_5689,11603.239116030647
00e12e8b_5690,11603.228905236454
00e12e8b_5691,11603.2672448573
00e12e8b_5692,11603.279885625609
00e12e8b_5693,11603.292526393914
00e12e8b_5694,11603.265982591909
00e12e8b_5695,11602.245171516955
00e12e8b_5696,11602.26342446788
00e12e8b_5697,11602.231762868023
00e12e8b_5698,11602.27882288682
00e12e8b_5699,11602.309696382177
00e12e8b_5700,11602.322337150485
00e12e8b_5701,11602.260284620452
00e12e8b_5702,11602.298624241299
00e12e8b_5703,11602.363106745444
00e12e8b_5704,11602.312301468832
00e12e8b_5705,11602.333232337236
00e12e8b_5706,11602.355367124099
00e12e8b_5707,11602.342881244456
00e12e8b_5708,11602.390792703682
00e12e8b_5709,11602.401195007633
00e12e8b_5710,11602.386580526916
00e12e8b_5711,11602.382284039366
00e12e8b_5712,11602.414562869195
00e12e8b_5713,11602.264724999808
00e12e8b_5714,11602.433692062059
00e12e8b_5715,11602.485421270309
00e12e8b_5716,11602.468568325237
00e12e8b_5717,11602.49041014335
00e12e8b_5718,11602.494142830603
00e12e8b_5719,11602.52983199979
00e12e8b_5720,11602.540655446319
00e12e8b_5721,11602.514665538356
00e12e8b_5722,11602.565524995629
00e12e8b_5723,11602.570832389913
00e12e8b_5724,11602.560562086443
00e12e8b_5725,11602.59890170729
00e12e8b_5726,11602.455225336924
00e12e8b_5727,11602.629795426521
00e12e8b_5728,11602.64827725928
00e12e8b_5729,11602.656239682861
00e12e8b_5730,11602.672803485837
00e12e8b_5731,11602.637768167719
00e12e8b_5732,11602.698085022452
00e12e8b_5733,11602.681309897205
00e12e8b_5734,11602.722954571762
00e12e8b_5735,11602.59178888255
00e12e8b_5736,11602.908132958963
00e12e8b_5737,11602.882779342504
00e12e8b_5738,11602.898372686495
00e12e8b_5739,11602.948760647185
00e12e8b_5740,11602.993252611781
00e12e8b_5741,11602.97054029171
00e12e8b_5742,11603.018534148396
00e12e8b_5743,11602.874848622758
00e12e8b_5744,11603.033117747998
00e12e8b_5745,11603.026212007517
00e12e8b_5746,11603.089266289007
00e12e8b_5747,11603.043743605167
00e12e8b_5748,11603.059085179138
00e12e8b_5749,11603.059343440122
00e12e8b_5750,11602.951482499444
00e12e8b_5751,11603.078001136404
00e12e8b_5752,11603.106659055591
00e12e8b_5753,11603.087448627608
00e12e8b_5754,11603.147765482343
00e12e8b_5755,11603.12855505436
00e12e8b_5756,11603.031872702551
00e12e8b_5757,11603.153836590975
00e12e8b_5758,11603.166948855864
00e12e8b_5759,11603.13605172134
00e12e8b_5760,11603.222053695701
00e12e8b_5761,11603.168840582173
00e12e8b_5762,11603.211835659562
00e12e8b_5763,11603.253823656873
00e12e8b_5764,11603.078392220592
00e12e8b_5765,11603.291400725715
00e12e8b_5766,11603.272190297734
00e12e8b_5767,11603.310529918579
00e12e8b_5768,11603.307345796751
00e12e8b_5769,11603.313907463495
00e12e8b_5770,11603.348452223501
00e12e8b_5771,11603.314982457141
00e12e8b_5772,11603.369146968123
00e12e8b_5773,11603.365962846294
00e12e8b_5774,11603.358466590676
00e12e8b_5775,11603.407069273046
00e12e8b_5776,11603.403885151216
00e12e8b_5777,11603.40665195712
00e12e8b_5778,11603.444991577968
00e12e8b_5779,11602.088932700279
00e12e8b_5780,11602.125715924642
00e12e8b_5781,11602.05622473494
00e12e8b_5782,11602.143169702467
00e12e8b_5783,11602.12666008015
00e12e8b_5784,11602.409797979804
00e12e8b_5785,11602.343941433657
00e12e8b_5786,11602.441222704896
00e12e8b_5787,11602.453863473202
00e12e8b_5788,11602.447960235162
00e12e8b_5789,11602.453446157278
00e12e8b_5790,11602.49105335625
00e12e8b_5791,11602.529141207076
00e12e8b_5792,11602.478926445598
00e12e8b_5793,11603.314429457558
00e12e8b_5794,11603.302987279088
00e12e8b_5795,11603.307800288607
00e12e8b_5796,11603.32018013162
00e12e8b_5797,11603.666828163112
00e12e8b_5798,11603.685639585716
00e12e8b_5799,11603.673565693378
00e12e8b_5800,11603.73401072194
00e12e8b_5801,11603.7281074839
00e12e8b_5802,11603.740560569102
00e12e8b_5803,11603.710002179694
00e12e8b_5804,11603.741315128178
00e12e8b_5805,11603.728257043946
00e12e8b_5806,11603.753490890867
00e12e8b_5807,11603.763412542961
00e12e8b_5808,11603.77605331127
00e12e8b_5809,11603.801291735828
00e12e8b_5810,11603.81374482103
00e12e8b_5811,11603.810748382306
00e12e8b_5812,11603.839214040749
00e12e8b_5813,11603.846654613744
00e12e8b_5814,11603.835596956758
00e12e8b_5815,11603.87713634567
00e12e8b_5816,11603.886087538784
00e12e8b_5817,11603.902417882286
00e12e8b_5818,11603.91331914864
00e12e8b_5819,11603.92419752681
00e12e8b_5820,11603.987114479201
00e12e8b_5821,11604.004113157664
00e12e8b_5822,11603.982842793159
00e12e8b_5823,11604.025036784122
00e12e8b_5824,11604.030879761902
00e12e8b_5825,11604.048533042416
00e12e8b_5826,11604.033405866388
00e12e8b_5827,11604.080145450615
00e12e8b_5828,11604.091046716967
00e12e8b_5829,11604.101925095138
00e12e8b_5830,11604.09685498698
00e12e8b_5831,11604.129152127358
00e12e8b_5832,11604.105336596836
00e12e8b_5833,11604.114791329988
00e12e8b_5834,11604.141384735016
00e12e8b_5835,11604.14561638467
00e12e8b_5836,11604.187155773583
00e12e8b_5837,11604.178679903705
00e12e8b_5838,11604.213050713517
00e12e8b_5839,11604.23122126698
00e12e8b_5840,11604.248874547495
00e12e8b_5841,11604.240677913458
00e12e8b_5842,11604.271931352665
00e12e8b_5843,11604.255801674195
00e12e8b_5844,11604.260170652951
00e12e8b_5845,11604.27450972448
00e12e8b_5846,11604.279276957632
00e12e8b_5847,11604.29191772594
00e12e8b_5848,11604.275659873641
00e12e8b_5849,11604.317199262554
00e12e8b_5850,11604.320158329201
00e12e8b_5851,11604.348623987646
00e12e8b_5852,11604.345252182711
00e12e8b_5853,11604.372820624358
00e12e8b_5854,11604.386546292568
00e12e8b_5855,11604.370100757164
00e12e8b_5856,11604.411827829183
00e12e8b_5857,11604.423383697587
00e12e8b_5858,11604.430778494214
00e12e8b_5859,11604.449750134105
00e12e8b_5860,11604.462390902412
00e12e8b_5861,11604.47503167072
00e12e8b_5862,11604.564059462951
00e12e8b_5863,11604.58124582452
00e12e8b_5864,11604.590197017633
00e12e8b_5865,11604.607758745413
00e12e8b_5866,11604.605572548387
00e12e8b_5867,11604.624869200485
00e12e8b_5868,11604.647003987347
00e12e8b_5869,11604.657603129677
00e12e8b_5870,11604.401985230994
00e12e8b_5871,11604.406432029573
00e12e8b_5872,11604.423188093291
00e12e8b_5873,11604.436446842556
00e12e8b_5874,11604.438398829125
00e12e8b_5875,11604.46172837917
00e12e8b_5876,11604.474369147478
00e12e8b_5877,11604.487009915785
00e12e8b_5878,11604.499463000986
00e12e8b_5879,11604.568239328375
00e12e8b_5880,11604.565055206545
00e12e8b_5881,11604.59698155835
00e12e8b_5882,11604.605973950192
00e12e8b_5883,11604.724413058344
00e12e8b_5884,11604.721228936514
00e12e8b_5885,11604.749694594957
00e12e8b_5886,11604.72633682811
00e12e8b_5887,11604.780899593487
00e12e8b_5888,11604.790079668435
00e12e8b_5889,11604.802720436743
00e12e8b_5890,11604.787272826143
00e12e8b_5891,11604.75375270578
00e12e8b_5892,11604.766173747525
00e12e8b_5893,11604.77881451583
00e12e8b_5894,11604.786163536091
00e12e8b_5895,11604.69560606221
00e12e8b_5896,11604.71807959419
00e12e8b_5897,11603.662231287792
00e12e8b_5898,11603.664256516548
00e12e8b_5899,11603.733673713077
00e12e8b_5900,11603.73179879535
00e12e8b_5901,11603.772262439634
00e12e8b_5902,11603.792373911067
00e12e8b_5903,11603.819292328299
00e12e8b_5904,11603.881463125903
00e12e8b_5905,11603.85398090837
00e12e8b_5906,11603.888754550213
00e12e8b_5907,11603.879752252113
00e12e8b_5908,11603.862807754307
00e12e8b_5909,11603.869250402498
00e12e8b_5910,11603.897716060943
00e12e8b_5911,11603.578432390774
00e12e8b_5912,11603.593920449119
00e12e8b_5913,11603.639730773091
00e12e8b_5914,11603.59326051845
00e12e8b_5915,11603.618370769178
00e12e8b_5916,11603.610448793344
00e12e8b_5917,11603.662004051399
00e12e8b_5918,11603.722499433963
00e12e8b_5919,11603.741095707643
00e12e8b_5920,11603.710129908566
00e12e8b_5921,11603.722051987908
00e12e8b_5922,11603.646435920278
00e12e8b_5923,11603.733756254016
00e12e8b_5924,11603.694944385605
00e12e8b_5925,11603.702293405864
00e12e8b_5926,11603.72022592222
00e12e8b_5927,11603.68276445664
00e12e8b_5928,11603.621133069184
00e12e8b_5929,11603.383615146086
00e12e8b_5930,11603.364665643398
00e12e8b_5931,11603.410654495201
00e12e8b_5932,11603.335015539387
00e12e8b_5933,11603.35398260164
00e12e8b_5934,11603.304555193678
00e12e8b_5935,11603.506115029368
00e12e8b_5936,11603.580823973945
00e12e8b_5937,11603.532540975162
00e12e8b_5938,11603.60724991974
00e12e8b_5939,11603.618691347227
00e12e8b_5940,11603.689738182427
00e12e8b_5941,11603.74418192925
00e12e8b_5942,11603.750679509081
00e12e8b_5943,11603.734169886764
00e12e8b_5944,11603.804896287395
00e12e8b_5945,11603.812172065469
00e12e8b_5946,11603.74170126151
00e12e8b_5947,11603.684725330599
00e12e8b_5948,11603.760839609648
00e12e8b_5949,11603.773480377957
00e12e8b_5950,11603.699883048117
00e12e8b_5951,11603.725052808124
00e12e8b_5952,11603.754736117935
00e12e8b_5953,11603.770224176282
00e12e8b_5954,11603.80952510084
00e12e8b_5955,11603.770067785652
00e12e8b_5956,11603.84131603687
00e12e8b_5957,11603.847447405762
00e12e8b_5958,11603.777777688229
00e12e8b_5959,11603.886040709955
00e12e8b_5960,11603.860645894765
00e12e8b_5961,11603.840263591785
00e12e8b_5962,11603.891127626694
00e12e8b_5963,11603.897849510722
00e12e8b_5964,11603.865478377174
00e12e8b_5965,11603.923131047337
00e12e8b_5966,11603.939232509005
00e12e8b_5967,11603.936739610319
00e12e8b_5968,11603.953262214563
00e12e8b_5969,11603.836195646447
00e12e8b_5970,11603.565128223836
00e12e8b_5971,11603.71756086226
00e12e8b_5972,11603.70064840791
00e12e8b_5973,11603.77471190571
00e12e8b_5974,11603.811380689154
00e12e8b_5975,11603.78196213129
00e12e8b_5976,11603.824179010437
00e12e8b_5977,11603.819433914487
00e12e8b_5978,11603.827213232598
00e12e8b_5979,11603.866372250417
00e12e8b_5980,11603.855447344897
00e12e8b_5981,11603.808372842208
00e12e8b_5982,11603.88776013151
00e12e8b_5983,11603.832935689858
00e12e8b_5984,11603.840284710119
00e12e8b_5985,11603.87129095694
00e12e8b_5986,11603.888610069975
00e12e8b_5987,11603.945566939357
00e12e8b_5988,11603.9816497853
00e12e8b_5989,11603.992294704
00e12e8b_5990,11603.999510972795
00e12e8b_5991,11603.977608894422
00e12e8b_5992,11603.721185331675
00e12e8b_5993,11603.676436268439
00e12e8b_5994,11603.724379771122
00e12e8b_5995,11603.709119843628
00e12e8b_5996,11603.749661307736
00e12e8b_5997,11603.716974317254
00e12e8b_5998,11603.775661533316
00e12e8b_5999,11603.809670709827
00e12e8b_6000,11603.800224380964
00e12e8b_6001,11603.799681555523
00e12e8b_6002,11603.825061886819
00e12e8b_6003,11603.859789752294
00e12e8b_6004,11603.743675332613
00e12e8b_6005,11603.778169738616
00e12e8b_6006,11603.739357870203
00e12e8b_6007,11603.8406857723
00e12e8b_6008,11603.941272097249
00e12e8b_6009,11603.885051476394
00e12e8b_6010,11603.809655135328
00e12e8b_6011,11603.930277776193
00e12e8b_6012,11603.90182052204
00e12e8b_6013,11604.08317924689
00e12e8b_6014,11604.087996834045
00e12e8b_6015,11604.056001066709
00e12e8b_6016,11604.00690324859
00e12e8b_6017,11604.105667674125
00e12e8b_6018,11604.138559907275
00e12e8b_6019,11604.135279655075
00e12e8b_6020,11604.097831922405
00e12e8b_6021,11604.172517978797
00e12e8b_6022,11604.16705877152
00e12e8b_6023,11603.780749344514
00e12e8b_6024,11603.778805762237
00e12e8b_6025,11603.727881467066
00e12e8b_6026,11603.763218158227
00e12e8b_6027,11603.747839212177
00e12e8b_6028,11603.77701898195
00e12e8b_6029,11603.700318014417
00e12e8b_6030,11603.802300518564
00e12e8b_6031,11603.791082644293
00e12e8b_6032,11603.817863732425
00e12e8b_6033,11603.826613509522
00e12e8b_6034,11603.861172002438
00e12e8b_6035,11603.931994533441
00e12e8b_6036,11603.92579832665
00e12e8b_6037,11603.963460457262
00e12e8b_6038,11604.042939299301
00e12e8b_6039,11603.968884205791
00e12e8b_6040,11604.122914439431
00e12e8b_6041,11604.09707559348
00e12e8b_6042,11604.137465995576
00e12e8b_6043,11604.133595228239
00e12e8b_6044,11604.168890720668
00e12e8b_6045,11604.181531488975
00e12e8b_6046,11604.196232193806
00e12e8b_6047,11604.175067114946
00e12e8b_6048,11604.162535458936
00e12e8b_6049,11604.193926227243
00e12e8b_6050,11604.17872123139
00e12e8b_6051,11604.19438781757
00e12e8b_6052,11604.169633871521
00e12e8b_6053,11604.204920208676
00e12e8b_6054,11604.149843997002
00e12e8b_6055,11604.2449508908
00e12e8b_6056,11604.138513595142
00e12e8b_6057,11604.219361150557
00e12e8b_6058,11604.258982509686
00e12e8b_6059,11604.259785509437
00e12e8b_6060,11604.290169197668
00e12e8b_6061,11604.341536772616
00e12e8b_6062,11604.227431935455
00e12e8b_6063,11604.32080848257
00e12e8b_6064,11604.345245820701
00e12e8b_6065,11604.366007316548
00e12e8b_6066,11604.423957533098
00e12e8b_6067,11604.422329807752
00e12e8b_6068,11604.449916559946
00e12e8b_6069,11604.447611344367
00e12e8b_6070,11604.431174964237
00e12e8b_6071,11604.455163693969
00e12e8b_6072,11604.51735280212
00e12e8b_6073,11604.484331644158
00e12e8b_6074,11604.51373571813
00e12e8b_6075,11604.51750044884
00e12e8b_6076,11604.446553570662
00e12e8b_6077,11604.551424563579
00e12e8b_6078,11604.528758019875
00e12e8b_6079,11604.461074996678
00e12e8b_6080,11604.394096929536
00e12e8b_6081,11604.53758944345
00e12e8b_6082,11604.427595324061
00e12e8b_6083,11604.542692757408
00e12e8b_6084,11604.606268889485
00e12e8b_6085,11604.535830128983
00e12e8b_6086,11604.663548106764
00e12e8b_6087,11602.524337983958
00e12e8b_6088,11602.50972350324
00e12e8b_6089,11602.489693678286
00e12e8b_6090,11602.526275486634
00e12e8b_6091,11602.516563654843
00e12e8b_6092,11602.498753983698
00e12e8b_6093,11602.566697181202
00e12e8b_6094,11602.640435666795
00e12e8b_6095,11602.56871974565
00e12e8b_6096,11602.74252994755
00e12e8b_6097,11602.682509888222
00e12e8b_6098,11602.62319020731
00e12e8b_6099,11602.73299589261
00e12e8b_6100,11602.694916446075
00e12e8b_6101,11602.645507348658
00e12e8b_6102,11602.737748641868
00e12e8b_6103,11602.752307439961
00e12e8b_6104,11602.728418667251
00e12e8b_6105,11602.816068590833
00e12e8b_6106,11602.80605463502
00e12e8b_6107,11602.760197783697
00e12e8b_6108,11602.818949086673
00e12e8b_6109,11602.807365001465
00e12e8b_6110,11602.8238738728
00e12e8b_6111,11602.861320854485
00e12e8b_6112,11602.810872633536
00e12e8b_6113,11602.891692723131
00e12e8b_6114,11602.912380976792
00e12e8b_6115,11602.952991105449
00e12e8b_6116,11602.894573218971
00e12e8b_6117,11602.944160093237
00e12e8b_6118,11602.932928486054
00e12e8b_6119,11602.885460306608
00e12e8b_6120,11602.980228455286
00e12e8b_6121,11602.903344382285
00e12e8b_6122,11602.96524967696
00e12e8b_6123,11602.926396609819
00e12e8b_6124,11603.01157460957
00e12e8b_6125,11602.979789413523
00e12e8b_6126,11602.99525000605
00e12e8b_6127,11603.014130093205
00e12e8b_6128,11603.042499621277
00e12e8b_6129,11603.032581795833
00e12e8b_6130,11603.070010466974
00e12e8b_6131,11603.078961660085
00e12e8b_6132,11603.097649486499
00e12e8b_6133,11603.08158847258
00e12e8b_6134,11603.112306328288
00e12e8b_6135,11602.734465529215
00e12e8b_6136,11602.736715062169
00e12e8b_6137,11602.821297969149
00e12e8b_6138,11602.791728349272
00e12e8b_6139,11602.846579505764
00e12e8b_6140,11602.787278135398
00e12e8b_6141,11602.82805305898
00e12e8b_6142,11602.840583964005
00e12e8b_6143,11602.803433777723
00e12e8b_6144,11602.834046347787
00e12e8b_6145,11602.84652689881
00e12e8b_6146,11602.835890384402
00e12e8b_6147,11602.9000799198
00e12e8b_6148,11602.862050827267
00e12e8b_6149,11602.830819525261
00e12e8b_6150,11602.931859036245
00e12e8b_6151,11602.912753893908
00e12e8b_6152,11602.847501595808
00e12e8b_6153,11602.959216155621
00e12e8b_6154,11602.855232473245
00e12e8b_6155,11602.901830150731
00e12e8b_6156,11602.992130525972
00e12e8b_6157,11602.928365959808
00e12e8b_6158,11602.892845412196
00e12e8b_6159,11602.936353184898
00e12e8b_6160,11602.997040828206
00e12e8b_6161,11602.956370439286
00e12e8b_6162,11602.968132301343
00e12e8b_6163,11602.96961279133
00e12e8b_6164,11603.002582844307
00e12e8b_6165,11603.004576029605
00e12e8b_6166,11603.0117922984
00e12e8b_6167,11603.003082969051
00e12e8b_6168,11603.013219770073
00e12e8b_6169,11602.980889835257
00e12e8b_6170,11602.955247827686
00e12e8b_6171,11603.010922958785
00e12e8b_6172,11603.031107672405
00e12e8b_6173,11603.025584378212
00e12e8b_6174,11603.026721545446
00e12e8b_6175,11603.028353097445
00e12e8b_6176,11603.025123199248
00e12e8b_6177,11603.037763967555
00e12e8b_6178,11603.215245434105
00e12e8b_6179,11603.095542147235
00e12e8b_6180,11603.24020653615
00e12e8b_6181,11603.2318588401
00e12e8b_6182,11603.218384190928
00e12e8b_6183,11603.238486507087
00e12e8b_6184,11603.248833879397
00e12e8b_6185,11603.219598427002
00e12e8b_6186,11603.278532835446
00e12e8b_6187,11603.290294697503
00e12e8b_6188,11603.152523478506
00e12e8b_6189,11603.187722840563
00e12e8b_6190,11603.221672507796
00e12e8b_6191,11603.20506217747
00e12e8b_6192,11603.189591678689
00e12e8b_6193,11603.215109339086
00e12e8b_6194,11603.205882736787
00e12e8b_6195,11603.193172552947
00e12e8b_6196,11603.280396756312
00e12e8b_6197,11603.271527209678
00e12e8b_6198,11603.287628671345
00e12e8b_6199,11603.317966583207
00e12e8b_6200,11603.342834219191
00e12e8b_6201,11603.306480541696
00e12e8b_6202,11603.361093661078
00e12e8b_6203,11603.325618889834
00e12e8b_6204,11603.32597328119
00e12e8b_6205,11603.323379674497
00e12e8b_6206,11603.350215694269
00e12e8b_6207,11603.341048601247
00e12e8b_6208,11603.375497230883
00e12e8b_6209,11603.431286802901
00e12e8b_6210,11603.476021382245
00e12e8b_6211,11603.484679606605
00e12e8b_6212,11603.469209107823
00e12e8b_6213,11603.516790977204
00e12e8b_6214,11603.522601911529
00e12e8b_6215,11603.101740482569
00e12e8b_6216,11603.54329665615
00e12e8b_6217,11603.527826157368
00e12e8b_6218,11603.559487006241
00e12e8b_6219,11603.591939786267
00e12e8b_6220,11603.576469287485
00e12e8b_6221,11603.624051156867
00e12e8b_6222,11603.625316497928
00e12e8b_6223,11603.641623953246
00e12e8b_6224,11603.207890209835
00e12e8b_6225,11603.639673129022
00e12e8b_6226,11603.674181267936
00e12e8b_6227,11603.693065932726
00e12e8b_6228,11603.868881139511
00e12e8b_6229,11603.86414977647
00e12e8b_6230,11603.430397722512
00e12e8b_6231,11603.897405556248
00e12e8b_6232,11603.908215269868
00e12e8b_6233,11603.948848286711
00e12e8b_6234,11603.507295939784
00e12e8b_6235,11603.998029664635
00e12e8b_6236,11603.949380454913
00e12e8b_6237,11604.045970503006
00e12e8b_6238,11603.553272221021
00e12e8b_6239,11604.032744959542
00e12e8b_6240,11604.025807175603
00e12e8b_6241,11603.60647467731
00e12e8b_6242,11604.077648160463
00e12e8b_6243,11604.12531700494
00e12e8b_6244,11603.6600387669
00e12e8b_6245,11604.124666229543
00e12e8b_6246,11604.20452501543
00e12e8b_6247,11603.753075817916
00e12e8b_6248,11604.22111819755
00e12e8b_6249,11603.738980523476
00e12e8b_6250,11604.249695632603
00e12e8b_6251,11604.273862890168
00e12e8b_6252,11603.781636104764
00e12e8b_6253,11604.264152971706
00e12e8b_6254,11603.840728066185
00e12e8b_6255,11604.060484007832
00e12e8b_6256,11603.828463826432
00e12e8b_6257,11604.259074870617
00e12e8b_6258,11603.63175287037
00e12e8b_6259,11604.310041526862
00e12e8b_6260,11603.658833418216
00e12e8b_6261,11604.322034184082
00e12e8b_6262,11603.613807032467
00e12e8b_6263,11603.64327977099
00e12e8b_6264,11604.096344123282
00e12e8b_6265,11603.68296255272
00e12e8b_6266,11604.116892383528
00e12e8b_6267,11603.703877023905
00e12e8b_6268,11603.73934646653
00e12e8b_6269,11604.17865959812
00e12e8b_6270,11603.731728528048
00e12e8b_6271,11604.23320138864
00e12e8b_6272,11603.831488214077
00e12e8b_6273,11603.88304347213
00e12e8b_6274,11604.356313512897
00e12e8b_6275,11603.791682247513
00e12e8b_6276,11603.894708452834
00e12e8b_6277,11603.880592934518
00e12e8b_6278,11604.31973669355
00e12e8b_6279,11603.863531331484
00e12e8b_6280,11603.92053855487
00e12e8b_6281,11603.94253601263
00e12e8b_6282,11604.29200386834
00e12e8b_6283,11603.876621870535
00e12e8b_6284,11603.897603092944
00e12e8b_6285,11603.92177035051
00e12e8b_6286,11604.298031113933
00e12e8b_6287,11603.890362433998
00e12e8b_6288,11603.914529691563
00e12e8b_6289,11603.825162403231
00e12e8b_6290,11604.138842295073
00e12e8b_6291,11604.21734610049
00e12e8b_6292,11603.905812369285
00e12e8b_6293,11603.714450757221
00e12e8b_6294,11603.372672580215
00e12e8b_6295,11602.903489618055
00e12e8b_6296,11602.888865982066
00e12e8b_6297,11602.840340368537
00e12e8b_6298,11602.914129208133
00e12e8b_6299,11602.798229937378
00e12e8b_6300,11602.976901589474
00e12e8b_6301,11602.971950499872
00e12e8b_6302,11602.916892598745
00e12e8b_6303,11602.95521848668
00e12e8b_6304,11602.95478552452
00e12e8b_6305,11602.518849937847
00e12e8b_6306,11602.401549910255
00e12e8b_6307,11602.545756535495
00e12e8b_6308,11602.514772425875
00e12e8b_6309,11602.456707017423
00e12e8b_6310,11602.553631232997
00e12e8b_6311,11602.50345767025
00e12e8b_6312,11602.50252116805
00e12e8b_6313,11602.626755564286
00e12e8b_6314,11602.585224579663
00e12e8b_6315,11602.68080297004
00e12e8b_6316,11601.998283826239
00e12e8b_6317,11602.82556540265
00e12e8b_6318,11602.899065851136
00e12e8b_6319,11602.924414138974
00e12e8b_6320,11602.973515783746
00e12e8b_6321,11602.949695675588
00e12e8b_6322,11602.962336443896
00e12e8b_6323,11601.950639443648
00e12e8b_6324,11603.048898803263
00e12e8b_6325,11603.08316432743
00e12e8b_6326,11603.019578289097
00e12e8b_6327,11603.048021059358
00e12e8b_6328,11603.027235924346
00e12e8b_6329,11601.92146391189
00e12e8b_6330,11603.058390568869
00e12e8b_6331,11603.092015223896
00e12e8b_6332,11602.503131639176
00e12e8b_6333,11602.584853523205
00e12e8b_6334,11602.568124174326
00e12e8b_6335,11601.524360828864
00e12e8b_6336,11602.551689707521
00e12e8b_6337,11602.701659577393
00e12e8b_6338,11602.722324942868
00e12e8b_6339,11602.728776746331
00e12e8b_6340,11602.746947299795
00e12e8b_6341,11601.620218866443
00e12e8b_6342,11602.75270979344
00e12e8b_6343,11602.762649756085
00e12e8b_6344,11602.820737301736
00e12e8b_6345,11602.858989947483
00e12e8b_6346,11602.843803262178
00e12e8b_6347,11601.83724237033
00e12e8b_6348,11602.914018880823
00e12e8b_6349,11602.954230755087
00e12e8b_6350,11602.99522998287
00e12e8b_6351,11602.899522667678
00e12e8b_6352,11601.734488570264
00e12e8b_6353,11602.920441716502
00e12e8b_6354,11602.950971889106
00e12e8b_6355,11602.868420701847
00e12e8b_6356,11602.906746589782
00e12e8b_6357,11602.872869413754
00e12e8b_6358,11601.732028126396
00e12e8b_6359,11602.906061106618
00e12e8b_6360,11603.050803315355
00e12e8b_6361,11602.951726859541
00e12e8b_6362,11602.942147779217
00e12e8b_6363,11603.025686985024
00e12e8b_6364,11601.89298931339
00e12e8b_6365,11603.164828079744
00e12e8b_6366,11603.077726721585
00e12e8b_6367,11603.088243466456
00e12e8b_6368,11603.046762835838
00e12e8b_6369,11601.975991433734
00e12e8b_6370,11603.028414916886
00e12e8b_6371,11603.039325338514
00e12e8b_6372,11603.053833782602
00e12e8b_6373,11603.135596865362
00e12e8b_6374,11603.186511254275
00e12e8b_6375,11601.99007456897
00e12e8b_6376,11603.21179279089
00e12e8b_6377,11603.163244289179
00e12e8b_6378,11603.173669481313
00e12e8b_6379,11603.193240791614
00e12e8b_6380,11602.018987333846
00e12e8b_6381,11603.265823048441
00e12e8b_6382,11603.354599070655
00e12e8b_6383,11603.329794770603
