id,tvt
000d7d20_1442,11747.2845063933
000d7d20_1443,11747.29394132242
000d7d20_1444,11747.296445620137
000d7d20_1445,11747.258592498009
000d7d20_1446,11747.283109247019
000d7d20_1447,11747.296374129211
000d7d20_1448,11747.298878426931
000d7d20_1449,11747.30138272465
000d7d20_1450,11747.29997127437
000d7d20_1451,11747.287557107666
000d7d20_1452,11747.318915143693
000d7d20_1453,11747.309196543405
000d7d20_1454,11747.300160484847
000d7d20_1455,11747.305210556548
000d7d20_1456,11747.307714854267
000d7d20_1457,11747.304479492916
000d7d20_1458,11747.3179850229
000d7d20_1459,11747.320276925428
000d7d20_1460,11747.322993618338
000d7d20_1461,11747.319928505734
000d7d20_1462,11747.32495437497
000d7d20_1463,11747.327600382732
000d7d20_1464,11747.31290497044
000d7d20_1465,11747.32577894749
000d7d20_1466,11747.32828324521
000d7d20_1467,11747.33078754293
000d7d20_1468,11747.336579442119
000d7d20_1469,11747.344565459809
000d7d20_1470,11747.347069757527
000d7d20_1471,11747.355813955239
000d7d20_1472,11747.358314497866
000d7d20_1473,11747.356872810149
000d7d20_1474,11747.376643077383
000d7d20_1475,11747.357460445637
000d7d20_1476,11747.359803819756
000d7d20_1477,11747.369152953948
000d7d20_1478,11747.371657251668
000d7d20_1479,11747.365932138739
000d7d20_1480,11747.368436436458
000d7d20_1481,11747.340562401443
000d7d20_1482,11747.371683473244
000d7d20_1483,11747.374187770964
000d7d20_1484,11747.372217464552
000d7d20_1485,11747.380749284956
000d7d20_1486,11747.356252267318
000d7d20_1487,11747.352912192526
000d7d20_1488,11747.355416490245
000d7d20_1489,11747.357920787965
000d7d20_1490,11747.361003182192
000d7d20_1491,11747.368363145477
000d7d20_1492,11747.370867443195
000d7d20_1493,11747.373371740914
000d7d20_1494,11747.375876038634
000d7d20_1495,11747.347112440058
000d7d20_1496,11747.381097029263
000d7d20_1497,11747.388695163767
000d7d20_1498,11747.383767230178
000d7d20_1499,11747.382987413299
000d7d20_1500,11747.368926817295
000d7d20_1501,11747.38610965584
000d7d20_1502,11747.389401074615
000d7d20_1503,11747.391118251278
000d7d20_1504,11747.393622548996
000d7d20_1505,11747.396126846716
000d7d20_1506,11747.402236435682
000d7d20_1507,11747.408686700957
000d7d20_1508,11747.379440251114
000d7d20_1509,11747.414059737075
000d7d20_1510,11747.416564034793
000d7d20_1511,11747.418449099858
000d7d20_1512,11747.421165792768
000d7d20_1513,11747.423457695297
000d7d20_1514,11747.419771266854
000d7d20_1515,11747.431510687373
000d7d20_1516,11747.427682978041
000d7d20_1517,11747.430597886198
000d7d20_1518,11747.435885503271
000d7d20_1519,11747.403699924553
000d7d20_1520,11747.441607011984
000d7d20_1521,11747.440854848679
000d7d20_1522,11747.438137386125
000d7d20_1523,11747.440641683845
000d7d20_1524,11747.447717359795
000d7d20_1525,11747.450221657513
000d7d20_1526,11747.436895074828
000d7d20_1527,11747.44705225131
000d7d20_1528,11747.462005834417
000d7d20_1529,11747.457909546556
000d7d20_1530,11747.431085802005
000d7d20_1531,11747.462918141993
000d7d20_1532,11747.465422439713
000d7d20_1533,11747.471256744628
000d7d20_1534,11747.475660171498
000d7d20_1535,11747.471471222258
000d7d20_1536,11747.473975519977
000d7d20_1537,11747.476479817695
000d7d20_1538,11747.480590240055
000d7d20_1539,11747.445723730842
000d7d20_1540,11747.485502785588
000d7d20_1541,11747.48321298338
000d7d20_1542,11747.488673182721
000d7d20_1543,11747.499436413269
000d7d20_1544,11747.494774080958
000d7d20_1545,11747.491796676588
000d7d20_1546,11747.494310478269
000d7d20_1547,11747.496805272027
000d7d20_1548,11747.479869187027
000d7d20_1549,11747.505101468936
000d7d20_1550,11747.510272436739
000d7d20_1551,11747.51298912965
000d7d20_1552,11747.512445597502
000d7d20_1553,11747.510085083324
000d7d20_1554,11747.514794550243
000d7d20_1555,11747.517744774152
000d7d20_1556,11747.504997280394
000d7d20_1557,11747.52999662139
000d7d20_1558,11747.53250091911
000d7d20_1559,11747.525031020275
000d7d20_1560,11747.529073153593
000d7d20_1561,11747.529369886004
000d7d20_1562,11747.531874183724
000d7d20_1563,11747.531175074513
000d7d20_1564,11747.518763464848
000d7d20_1565,11747.53968364873
000d7d20_1566,11747.54197555126
000d7d20_1567,11747.5546094259
000d7d20_1568,11747.555057810408
000d7d20_1569,11747.580378828734
000d7d20_1570,11747.607673783019
000d7d20_1571,11747.588874671399
000d7d20_1572,11747.589502504632
000d7d20_1573,11747.592775022777
000d7d20_1574,11747.595279320496
000d7d20_1575,11747.597783618214
000d7d20_1576,11747.603575517405
000d7d20_1577,11747.608135764096
000d7d20_1578,11747.614769116957
000d7d20_1579,11747.58752138669
000d7d20_1580,11747.613592708281
000d7d20_1581,11747.616097006001
000d7d20_1582,11747.615313702248
000d7d20_1583,11747.628554516086
000d7d20_1584,11747.617212240571
000d7d20_1585,11747.583802224497
000d7d20_1586,11747.625743747678
000d7d20_1587,11747.627835190844
000d7d20_1588,11747.630551883754
000d7d20_1589,11747.618416523737
000d7d20_1590,11747.613548564343
000d7d20_1591,11747.614827772035
000d7d20_1592,11747.589812864542
000d7d20_1593,11747.612987784847
000d7d20_1594,11747.625628248781
000d7d20_1595,11747.621283972816
000d7d20_1596,11747.620500678006
000d7d20_1597,11747.626292568255
000d7d20_1598,11747.599042450818
000d7d20_1599,11747.630187108178
000d7d20_1600,11747.631227295285
000d7d20_1601,11747.628462286106
000d7d20_1602,11747.630754188633
000d7d20_1603,11747.634205914102
000d7d20_1604,11747.621565047093
000d7d20_1605,11747.636443590933
000d7d20_1606,11747.642235472242
000d7d20_1607,11747.64473976996
000d7d20_1608,11747.647244067679
000d7d20_1609,11747.65523008537
000d7d20_1610,11747.669571785074
000d7d20_1611,11747.63616177794
000d7d20_1612,11747.662742978526
000d7d20_1613,11747.665247276245
000d7d20_1614,11747.667751573965
000d7d20_1615,11747.66728493181
000d7d20_1616,11747.669576834336
000d7d20_1617,11747.648922474506
000d7d20_1618,11747.674585429775
000d7d20_1619,11747.677089727495
000d7d20_1620,11747.679594025212
000d7d20_1621,11747.681852632586
000d7d20_1622,11747.685418137362
000d7d20_1623,11747.684423475539
000d7d20_1624,11747.668643064997
000d7d20_1625,11747.689432070978
000d7d20_1626,11747.688662231914
000d7d20_1627,11747.694440666415
000d7d20_1628,11747.696944964135
000d7d20_1629,11747.699449261854
000d7d20_1630,11747.696776896173
000d7d20_1631,11747.70651323406
000d7d20_1632,11747.682724480535
000d7d20_1633,11747.707598848474
000d7d20_1634,11747.718417332528
000d7d20_1635,11747.71204407273
000d7d20_1636,11747.721110126584
000d7d20_1637,11747.723614424303
000d7d20_1638,11747.713065573038
000d7d20_1639,11747.697396045016
000d7d20_1640,11747.718185068878
000d7d20_1641,11747.718022678631
000d7d20_1642,11747.72052697635
000d7d20_1643,11747.72177957653
000d7d20_1644,11747.727558028912
000d7d20_1645,11747.731497183284
000d7d20_1646,11747.73093972153
000d7d20_1647,11747.700270100526
000d7d20_1648,11747.721365182319
000d7d20_1649,11747.717299784565
000d7d20_1650,11747.719804082284
000d7d20_1651,11747.721959764356
000d7d20_1652,11747.729945782046
000d7d20_1653,11747.732450079766
000d7d20_1654,11747.732172533346
000d7d20_1655,11747.715411489306
000d7d20_1656,11747.736200513167
000d7d20_1657,11747.742977623491
000d7d20_1658,11747.739734215513
000d7d20_1659,11747.750659219026
000d7d20_1660,11747.734977263437
000d7d20_1661,11747.74724710867
000d7d20_1662,11747.727622037606
000d7d20_1663,11747.718250550928
000d7d20_1664,11747.732630633045
000d7d20_1665,11747.735134930765
000d7d20_1666,11747.737504367014
000d7d20_1667,11747.739796269541
000d7d20_1668,11747.743391296497
000d7d20_1669,11747.745895594217
000d7d20_1670,11747.739497425639
000d7d20_1671,11747.739746378966
000d7d20_1672,11747.751413317257
000d7d20_1673,11747.75556486682
000d7d20_1674,11747.756209517504
000d7d20_1675,11747.754524472963
000d7d20_1676,11747.759394604203
000d7d20_1677,11747.761898901921
000d7d20_1678,11747.733042847602
000d7d20_1679,11747.735547145321
000d7d20_1680,11747.735610150039
000d7d20_1681,11747.746037424968
000d7d20_1682,11747.748541722685
000d7d20_1683,11747.751046020405
000d7d20_1684,11747.755489698293
000d7d20_1685,11747.757993996012
000d7d20_1686,11747.749737557266
000d7d20_1687,11747.741395216304
000d7d20_1688,11747.74093243653
000d7d20_1689,11747.741972641517
000d7d20_1690,11747.736117387807
000d7d20_1691,11747.748724583409
000d7d20_1692,11747.747449630744
000d7d20_1693,11747.749953928464
000d7d20_1694,11747.751974749068
000d7d20_1695,11747.658745124067
000d7d20_1696,11747.672128640364
000d7d20_1697,11747.677057726558
000d7d20_1698,11747.669008032482
000d7d20_1699,11747.671724725393
000d7d20_1700,11747.66506638254
000d7d20_1701,11747.676520925641
000d7d20_1702,11747.68231282483
000d7d20_1703,11747.684817122548
000d7d20_1704,11747.692803176002
000d7d20_1705,11747.695307473721
000d7d20_1706,11747.697811771439
000d7d20_1707,11747.700316069158
000d7d20_1708,11747.702820366878
000d7d20_1709,11747.702689376358
000d7d20_1710,11747.690974068155
000d7d20_1711,11747.709809299446
000d7d20_1712,11747.710816817245
000d7d20_1713,11747.612679661697
000d7d20_1714,11747.613932261876
000d7d20_1715,11747.61840962831
000d7d20_1716,11747.618728462125
000d7d20_1717,11747.618405926118
000d7d20_1718,11747.636661621447
000d7d20_1719,11747.627356832367
000d7d20_1720,11747.621714009609
000d7d20_1721,11747.638113115621
000d7d20_1722,11747.638276023685
000d7d20_1723,11747.637374023243
000d7d20_1724,11747.639878320962
000d7d20_1725,11747.633117481962
000d7d20_1726,11747.635834174873
000d7d20_1727,11747.63833847259
000d7d20_1728,11747.64063037512
000d7d20_1729,11747.643530245025
000d7d20_1730,11747.646034542742
000d7d20_1731,11747.63937619989
000d7d20_1732,11747.652295264874
000d7d20_1733,11747.652455991407
000d7d20_1734,11747.654960289126
000d7d20_1735,11747.659724473111
000d7d20_1736,11747.670646007635
000d7d20_1737,11747.668650810325
000d7d20_1738,11747.671367503235
000d7d20_1739,11747.683232567364
000d7d20_1740,11747.677725321333
000d7d20_1741,11747.678018763569
000d7d20_1742,11747.667767548097
000d7d20_1743,11747.677306314466
000d7d20_1744,11747.680699138624
000d7d20_1745,11747.68746897122
000d7d20_1746,11747.691189489797
000d7d20_1747,11747.693693787514
000d7d20_1748,11747.696198085234
000d7d20_1749,11747.639182519824
000d7d20_1750,11747.630061837572
000d7d20_1751,11747.63256613529
000d7d20_1752,11747.635070433009
000d7d20_1753,11747.627706240033
000d7d20_1754,11747.640443451246
000d7d20_1755,11747.642947748966
000d7d20_1756,11747.645452046683
000d7d20_1757,11747.644530162133
000d7d20_1758,11747.64682206466
000d7d20_1759,11747.64953875757
000d7d20_1760,11747.652226232283
000d7d20_1761,11747.654518134812
000d7d20_1762,11747.660296587193
000d7d20_1763,11747.66247451372
000d7d20_1764,11747.661959681209
000d7d20_1765,11747.655165117902
000d7d20_1766,11747.67070580974
000d7d20_1767,11747.591575538292
000d7d20_1768,11747.59407983601
000d7d20_1769,11747.59658413373
000d7d20_1770,11747.60572471723
000d7d20_1771,11747.601540086345
000d7d20_1772,11747.604097026886
000d7d20_1773,11747.606601324605
000d7d20_1774,11747.609105622325
000d7d20_1775,11747.611609920044
000d7d20_1776,11747.606191365723
000d7d20_1777,11747.611349190702
000d7d20_1778,11747.613641128994
000d7d20_1779,11747.616145426713
000d7d20_1780,11747.614076164671
000d7d20_1781,11747.623820710116
000d7d20_1782,11747.628532608906
000d7d20_1783,11747.64115959921
000d7d20_1784,11747.6500775236
000d7d20_1785,11747.636652897236
000d7d20_1786,11747.61475771175
000d7d20_1787,11747.608311799851
000d7d20_1788,11747.618302178693
000d7d20_1789,11747.620806476412
000d7d20_1790,11747.623310774132
000d7d20_1791,11747.628040447027
000d7d20_1792,11747.630544744745
000d7d20_1793,11747.633049042464
000d7d20_1794,11747.636439685093
000d7d20_1795,11747.637296391222
000d7d20_1796,11747.639800688941
000d7d20_1797,11747.633354777043
000d7d20_1798,11747.644809284378
000d7d20_1799,11747.647313582098
000d7d20_1800,11747.644897134922
000d7d20_1801,11747.624972943908
000d7d20_1802,11747.63933589565
000d7d20_1803,11747.63913073311
000d7d20_1804,11747.634940165603
000d7d20_1805,11747.637444463322
000d7d20_1806,11747.639948761042
000d7d20_1807,11747.642453058761
000d7d20_1808,11747.640570478467
000d7d20_1809,11747.652943374169
000d7d20_1810,11747.650178311345
000d7d20_1811,11747.67261263798
000d7d20_1812,11747.654974547357
000d7d20_1813,11747.657478845074
000d7d20_1814,11747.659983142794
000d7d20_1815,11747.667969160484
000d7d20_1816,11747.66520409766
000d7d20_1817,11747.66195194568
000d7d20_1818,11747.625634736898
000d7d20_1819,11747.628139034618
000d7d20_1820,11747.63037825856
000d7d20_1821,11747.633147630057
000d7d20_1822,11747.6342804249
000d7d20_1823,11747.636692097
000d7d20_1824,11747.642482851781
000d7d20_1825,11747.641700692438
000d7d20_1826,11747.650298182258
000d7d20_1827,11747.658415592427
000d7d20_1828,11747.655997071008
000d7d20_1829,11747.652916938034
000d7d20_1830,11747.675664260578
000d7d20_1831,11747.671882604775
000d7d20_1832,11747.660482545538
000d7d20_1833,11747.659740297466
000d7d20_1834,11747.662244595183
000d7d20_1835,11747.667995438695
000d7d20_1836,11747.662789064989
000d7d20_1837,11747.668430474372
000d7d20_1838,11747.675508331853
000d7d20_1839,11747.678224989
000d7d20_1840,11747.691409056235
000d7d20_1841,11747.681557096515
000d7d20_1842,11747.684829578897
000d7d20_1843,11747.687333876616
000d7d20_1844,11747.680887893192
000d7d20_1845,11747.697056007362
000d7d20_1846,11747.699560305082
000d7d20_1847,11747.699020617434
000d7d20_1848,11747.701312555724
000d7d20_1849,11747.703816853444
000d7d20_1850,11747.705043203736
000d7d20_1851,11747.708064202201
000d7d20_1852,11747.707099938747
000d7d20_1853,11747.718174573762
000d7d20_1854,11747.715972560254
000d7d20_1855,11747.718264498546
000d7d20_1856,11747.717848907769
000d7d20_1857,11747.728345687672
000d7d20_1858,11747.720065645488
000d7d20_1859,11747.722782302635
000d7d20_1860,11747.712502476932
000d7d20_1861,11747.726882594812
000d7d20_1862,11747.723314585897
000d7d20_1863,11747.725818883617
000d7d20_1864,11747.727767356102
000d7d20_1865,11747.732284669568
000d7d20_1866,11747.734423185504
000d7d20_1867,11747.737505624435
000d7d20_1868,11747.730847281582
000d7d20_1869,11747.741723719233
000d7d20_1870,11747.744228016953
000d7d20_1871,11747.489183028782
000d7d20_1872,11747.489766936373
000d7d20_1873,11747.491966249045
000d7d20_1874,11747.494470546764
000d7d20_1875,11747.49065191224
000d7d20_1876,11747.499496737493
000d7d20_1877,11747.502001035213
000d7d20_1878,11747.50450533293
000d7d20_1879,11747.50722199008
000d7d20_1880,11747.512920119241
000d7d20_1881,11747.512018226089
000d7d20_1882,11747.507334704327
000d7d20_1883,11747.517026821526
000d7d20_1884,11747.519531119246
000d7d20_1885,11747.51783407629
000d7d20_1886,11747.524539714685
000d7d20_1887,11747.527044012402
000d7d20_1888,11747.52630176433
000d7d20_1889,11747.52017678768
000d7d20_1890,11747.545341245464
000d7d20_1891,11747.537061203278
000d7d20_1892,11747.539777860427
000d7d20_1893,11747.541586214313
000d7d20_1894,11747.54332232737
000d7d20_1895,11747.545614265662
000d7d20_1896,11747.536798568453
000d7d20_1897,11747.551391045761
000d7d20_1898,11747.55389534348
000d7d20_1899,11747.563338551685
000d7d20_1900,11747.560573488861
000d7d20_1901,11747.564993670598
000d7d20_1902,11747.555141496301
000d7d20_1903,11747.563866230117
000d7d20_1904,11747.578155510517
000d7d20_1905,11747.581739701349
000d7d20_1906,11747.574625669065
000d7d20_1907,11747.519701296855
000d7d20_1908,11747.523929647003
000d7d20_1909,11747.52192940714
000d7d20_1910,11747.524433704859
000d7d20_1911,11747.528050654404
000d7d20_1912,11747.533801497913
000d7d20_1913,11747.528595124208
000d7d20_1914,11747.554690988014
000d7d20_1915,11747.54061844724
000d7d20_1916,11747.542566919725
000d7d20_1917,11747.551164409544
000d7d20_1918,11747.547363155734
000d7d20_1919,11747.545173158524
000d7d20_1920,11747.552371751171
000d7d20_1921,11747.480015166133
000d7d20_1922,11747.491008261994
000d7d20_1923,11747.505349827588
000d7d20_1924,11747.48714039068
000d7d20_1925,11747.49852115515
000d7d20_1926,11747.50102545287
000d7d20_1927,11747.495150028946
000d7d20_1928,11747.497885640372
000d7d20_1929,11747.498115496372
000d7d20_1930,11747.516352273185
000d7d20_1931,11747.518644211477
000d7d20_1932,11747.521148509195
000d7d20_1933,11747.520994272865
000d7d20_1934,11747.516442215107
000d7d20_1935,11747.520418008455
000d7d20_1936,11747.525915007704
000d7d20_1937,11747.540408636669
000d7d20_1938,11747.555727527702
000d7d20_1939,11747.516494507383
000d7d20_1940,11747.545034686145
000d7d20_1941,11747.559535682243
000d7d20_1942,11747.509032019643
000d7d20_1943,11747.511681013597
000d7d20_1944,11747.515454532622
000d7d20_1945,11747.52869224404
000d7d20_1946,11747.528718752832
000d7d20_1947,11747.531223050551
000d7d20_1948,11747.528948653164
000d7d20_1949,11747.541284069466
000d7d20_1950,11747.541213732633
000d7d20_1951,11747.543718030352
000d7d20_1952,11747.549365233306
000d7d20_1953,11747.521685023656
000d7d20_1954,11747.55189603982
000d7d20_1955,11747.55440033754
000d7d20_1956,11747.557852063008
000d7d20_1957,11747.53933835631
000d7d20_1958,11747.570104124823
000d7d20_1959,11747.563133215213
000d7d20_1960,11747.565637512933
000d7d20_1961,11747.551963441128
000d7d20_1962,11747.56536086915
000d7d20_1963,11747.570710454193
000d7d20_1964,11747.58078623457
000d7d20_1965,11747.556756547152
000d7d20_1966,11747.574817156477
000d7d20_1967,11747.595379515797
000d7d20_1968,11747.605087940829
000d7d20_1969,11747.595502986074
000d7d20_1970,11747.599397311795
000d7d20_1971,11747.592820365044
000d7d20_1972,11747.595324662763
000d7d20_1973,11747.582272648875
000d7d20_1974,11747.608558699181
000d7d20_1975,11747.611062996899
000d7d20_1976,11747.479849233172
000d7d20_1977,11747.50027927018
000d7d20_1978,11747.49972198724
000d7d20_1979,11747.50662081621
000d7d20_1980,11747.494400573218
000d7d20_1981,11747.511629411647
000d7d20_1982,11747.512834375793
000d7d20_1983,11747.519912018697
000d7d20_1984,11747.50693060055
000d7d20_1985,11747.52045799054
000d7d20_1986,11747.526697782872
000d7d20_1987,11747.508261252267
000d7d20_1988,11747.525011584608
000d7d20_1989,11747.527515882328
000d7d20_1990,11747.530020180047
000d7d20_1991,11747.516120516584
000d7d20_1992,11747.540510352404
000d7d20_1993,11747.547621612328
000d7d20_1994,11747.540896822218
000d7d20_1995,11747.552630207767
000d7d20_1996,11747.545169705605
000d7d20_1997,11747.52523957797
000d7d20_1998,11747.53461090297
000d7d20_1999,11747.53711520069
000d7d20_2000,11747.524133782543
000d7d20_2001,11747.538697864198
000d7d20_2002,11747.55959224523
000d7d20_2003,11747.537051005
000d7d20_2004,11747.54466537581
000d7d20_2005,11747.547169673528
000d7d20_2006,11747.549673971247
000d7d20_2007,11747.562538033066
000d7d20_2008,11747.562198903126
000d7d20_2009,11747.577928708582
000d7d20_2010,11747.557119960798
000d7d20_2011,11747.576811567784
000d7d20_2012,11747.599457896218
000d7d20_2013,11747.587735757323
000d7d20_2014,11747.586218887287
000d7d20_2015,11747.576301052513
000d7d20_2016,11747.587406586576
000d7d20_2017,11747.619138594066
000d7d20_2018,11747.600906698128
000d7d20_2019,11747.602898729687
000d7d20_2020,11747.596192107072
000d7d20_2021,11747.602887660361
000d7d20_2022,11747.61527936729
000d7d20_2023,11747.608321689911
000d7d20_2024,11747.599659987265
000d7d20_2025,11747.606022374432
000d7d20_2026,11747.62099472406
000d7d20_2027,11747.607632074605
000d7d20_2028,11747.629068762537
000d7d20_2029,11747.552168086273
000d7d20_2030,11747.560079717367
000d7d20_2031,11747.563570495799
000d7d20_2032,11747.557866661728
000d7d20_2033,11747.567592610523
000d7d20_2034,11747.56340826574
000d7d20_2035,11747.563999969618
000d7d20_2036,11747.573641375186
000d7d20_2037,11747.567544436562
000d7d20_2038,11747.578649970625
000d7d20_2039,11747.581154268344
000d7d20_2040,11747.575150026863
000d7d20_2041,11747.591041766216
000d7d20_2042,11747.581165702379
000d7d20_2043,11747.587485460303
000d7d20_2044,11747.59477553416
000d7d20_2045,11747.588678595537
000d7d20_2046,11747.596537583808
000d7d20_2047,11747.593687190974
000d7d20_2048,11747.604792725037
000d7d20_2049,11747.597231657917
000d7d20_2050,11747.608337191981
000d7d20_2051,11747.612305618193
000d7d20_2052,11747.602962133778
000d7d20_2053,11747.618646305917
000d7d20_2054,11747.60356046234
000d7d20_2055,11747.616611492009
000d7d20_2056,11747.608569057778
000d7d20_2057,11747.624286703885
000d7d20_2058,11747.632272578525
000d7d20_2059,11747.624230144294
000d7d20_2060,11747.636618990202
000d7d20_2061,11747.637749138597
000d7d20_2062,11747.409107529867
000d7d20_2063,11747.403571637844
000d7d20_2064,11747.41862080594
000d7d20_2065,11747.412081982322
000d7d20_2066,11747.422838900737
000d7d20_2067,11747.416741962114
000d7d20_2068,11747.428986612464
000d7d20_2069,11747.449451267848
000d7d20_2070,11747.44314189827
000d7d20_2071,11747.454358869176
000d7d20_2072,11747.443017532434
000d7d20_2073,11747.454123066498
000d7d20_2074,11747.45627874857
000d7d20_2075,11747.447515193506
000d7d20_2076,11747.458356941252
000d7d20_2077,11747.46405514194
000d7d20_2078,11747.45306556797
000d7d20_2079,11747.462410857665
000d7d20_2080,11747.468161701174
000d7d20_2081,11747.482572861152
000d7d20_2082,11747.49977165884
000d7d20_2083,11747.502818692614
000d7d20_2084,11747.518915996467
000d7d20_2085,11747.498687464138
000d7d20_2086,11747.49295773781
000d7d20_2087,11747.495674466483
000d7d20_2088,11747.512338538982
000d7d20_2089,11747.49073957666
000d7d20_2090,11747.510984219381
000d7d20_2091,11747.503547177606
000d7d20_2092,11747.509245378296
000d7d20_2093,11747.49561078861
000d7d20_2094,11747.522524475824
000d7d20_2095,11747.520217248199
000d7d20_2096,11747.540889041646
000d7d20_2097,11747.529832805842
000d7d20_2098,11747.513657484724
000d7d20_2099,11747.43503003806
000d7d20_2100,11747.448799184487
000d7d20_2101,11747.44459295288
000d7d20_2102,11747.451194664614
000d7d20_2103,11747.453698962334
000d7d20_2104,11747.450822105038
000d7d20_2105,11747.466589246844
000d7d20_2106,11747.468886978706
000d7d20_2107,11747.463503722256
000d7d20_2108,11747.464901948502
000d7d20_2109,11747.460658809698
000d7d20_2110,11747.47635828831
000d7d20_2111,11747.47232028485
000d7d20_2112,11747.471418248648
000d7d20_2113,11747.462814481714
000d7d20_2114,11747.476969580139
000d7d20_2115,11747.486944437933
000d7d20_2116,11747.486254832682
000d7d20_2117,11747.485964626236
000d7d20_2118,11747.504002561955
000d7d20_2119,11747.490973221673
000d7d20_2120,11747.490018542647
000d7d20_2121,11747.51329415308
000d7d20_2122,11747.494331194252
000d7d20_2123,11747.497100565748
000d7d20_2124,11747.499392432514
000d7d20_2125,11747.512009874154
000d7d20_2126,11747.533051025663
000d7d20_2127,11747.518970402498
000d7d20_2128,11747.521687131171
000d7d20_2129,11747.512173988094
000d7d20_2130,11747.546306894517
000d7d20_2131,11747.528879589758
000d7d20_2132,11747.539998856731
000d7d20_2133,11747.54536675232
000d7d20_2134,11747.55164373795
000d7d20_2135,11747.567339497233
000d7d20_2136,11747.566384818207
000d7d20_2137,11747.568889115926
000d7d20_2138,11747.57133805285
000d7d20_2139,11747.594300667373
000d7d20_2140,11747.587719500614
000d7d20_2141,11747.578638515053
000d7d20_2142,11747.581355243727
000d7d20_2143,11747.597365715534
000d7d20_2144,11747.5996575823
000d7d20_2145,11747.60237431097
000d7d20_2146,11747.642091505038
000d7d20_2147,11747.629062164757
000d7d20_2148,11747.62810748573
000d7d20_2149,11747.629412728731
000d7d20_2150,11747.651405456472
000d7d20_2151,11747.554992746745
000d7d20_2152,11747.557497044465
000d7d20_2153,11747.560001342184
000d7d20_2154,11747.562505639904
000d7d20_2155,11747.565222368576
000d7d20_2156,11747.572505862081
000d7d20_2157,11747.569965890238
000d7d20_2158,11747.58478903752
000d7d20_2159,11747.576229473394
000d7d20_2160,11747.582192747857
000d7d20_2161,11747.584484614623
000d7d20_2162,11747.586988912342
000d7d20_2163,11747.58949321006
000d7d20_2164,11747.57733533737
000d7d20_2165,11747.58564164658
000d7d20_2166,11747.587825509727
000d7d20_2167,11747.583916967556
000d7d20_2168,11747.607131924304
000d7d20_2169,11747.590177260536
000d7d20_2170,11747.589435012464
000d7d20_2171,11747.615009454836
000d7d20_2172,11747.597690153692
000d7d20_2173,11747.611507222256
000d7d20_2174,11747.602698749131
000d7d20_2175,11747.60520304685
000d7d20_2176,11747.618972193279
000d7d20_2177,11747.61361797621
000d7d20_2178,11747.612715940008
000d7d20_2179,11747.628480220788
000d7d20_2180,11747.619932100753
000d7d20_2181,11747.606696623769
000d7d20_2182,11747.607756534051
000d7d20_2183,11747.60963383859
000d7d20_2184,11747.612001951618
000d7d20_2185,11747.614836554436
000d7d20_2186,11747.445489789381
000d7d20_2187,11747.448536823154
000d7d20_2188,11747.451041120872
000d7d20_2189,11747.456757632108
000d7d20_2190,11747.455454337434
000d7d20_2191,11747.458011277977
000d7d20_2192,11747.460515575694
000d7d20_2193,11747.462098480974
000d7d20_2194,11747.451712296745
000d7d20_2195,11747.456534452205
000d7d20_2196,11747.457760874024
000d7d20_2197,11747.460265171743
000d7d20_2198,11747.465096053325
000d7d20_2199,11747.479999023148
000d7d20_2200,11747.468902160817
000d7d20_2201,11747.470154760997
000d7d20_2202,11747.46125874057
000d7d20_2203,11747.382526580464
000d7d20_2204,11747.385730684397
000d7d20_2205,11747.388234982114
000d7d20_2206,11747.386123162356
000d7d20_2207,11747.390985229089
000d7d20_2208,11747.374597477017
000d7d20_2209,11747.392587490604
000d7d20_2210,11747.411206643135
000d7d20_2211,11747.414602292554
000d7d20_2212,11747.421696815492
000d7d20_2213,11747.409360844124
000d7d20_2214,11747.418366530392
000d7d20_2215,11747.420870828111
000d7d20_2216,11747.423026510183
000d7d20_2217,11747.411509220532
000d7d20_2218,11747.42971166507
000d7d20_2219,11747.432003531834
000d7d20_2220,11747.434507829556
000d7d20_2221,11747.427842834824
000d7d20_2222,11747.440277600148
000d7d20_2223,11747.448263474787
000d7d20_2224,11747.45000659735
000d7d20_2225,11747.443341602619
000d7d20_2226,11747.455015192789
000d7d20_2227,11747.459196479109
000d7d20_2228,11747.452887109532
000d7d20_2229,11747.461842727898
000d7d20_2230,11747.464347025618
000d7d20_2231,11747.460635035724
000d7d20_2232,11747.47302516909
000d7d20_2233,11747.466715799512
000d7d20_2234,11747.477821333574
000d7d20_2235,11747.480325631293
000d7d20_2236,11747.484449983258
000d7d20_2237,11747.48445517743
000d7d20_2238,11747.478358238806
000d7d20_2239,11747.489463772868
000d7d20_2240,11747.494784890732
000d7d20_2241,11747.49516831214
000d7d20_2242,11747.497672609858
000d7d20_2243,11747.503040362397
000d7d20_2244,11747.503045556568
000d7d20_2245,11747.497567886363
000d7d20_2246,11747.508673420425
000d7d20_2247,11747.500710951786
000d7d20_2248,11747.504044517007
000d7d20_2249,11747.515415124846
000d7d20_2250,11747.509436060367
000d7d20_2251,11747.52021128933
000d7d20_2252,11747.514114350706
000d7d20_2253,11747.526039424793
000d7d20_2254,11747.519122946143
000d7d20_2255,11747.521627243863
000d7d20_2256,11747.532732777925
000d7d20_2257,11747.526635839302
000d7d20_2258,11747.537741373364
000d7d20_2259,11747.370349831392
000d7d20_2260,11747.3812429345
000d7d20_2261,11747.373200500271
000d7d20_2262,11747.377862724548
000d7d20_2263,11747.38896825861
000d7d20_2264,11747.382841994502
000d7d20_2265,11747.393947528564
000d7d20_2266,11747.387150783727
000d7d20_2267,11747.389655081446
000d7d20_2268,11747.400760615508
000d7d20_2269,11747.396153983738
000d7d20_2270,11747.346943575036
000d7d20_2271,11747.334963944075
000d7d20_2272,11747.345739173037
000d7d20_2273,11747.339854665368
000d7d20_2274,11747.340868656232
000d7d20_2275,11747.351974190295
000d7d20_2276,11747.345877251671
000d7d20_2277,11747.282147294552
000d7d20_2278,11747.276050355928
000d7d20_2279,11747.281125568868
000d7d20_2280,11747.275028630245
000d7d20_2281,11747.277532927965
000d7d20_2282,11747.291635383566
000d7d20_2283,11747.308215914196
000d7d20_2284,11747.300675732544
000d7d20_2285,11747.29030027715
000d7d20_2286,11747.296986532114
000d7d20_2287,11747.330422350296
000d7d20_2288,11747.294270651691
000d7d20_2289,11747.336989631036
000d7d20_2290,11747.256433997954
000d7d20_2291,11747.261699898076
000d7d20_2292,11747.244581869896
000d7d20_2293,11747.251017785353
000d7d20_2294,11747.259594461231
000d7d20_2295,11747.258018940223
000d7d20_2296,11747.24061223483
000d7d20_2297,11747.26650925754
000d7d20_2298,11747.261337144584
000d7d20_2299,11747.272328380779
000d7d20_2300,11747.266822243395
000d7d20_2301,11747.302032181906
000d7d20_2302,11747.292741340312
000d7d20_2303,11747.307040777345
000d7d20_2304,11747.318505369787
000d7d20_2305,11747.303606207957
000d7d20_2306,11747.311147336579
000d7d20_2307,11747.305050397954
000d7d20_2308,11747.34094640977
000d7d20_2309,11747.333070487075
000d7d20_2310,11747.333629289189
000d7d20_2311,11747.33987280085
000d7d20_2312,11747.338637884626
000d7d20_2313,11747.37484159946
000d7d20_2314,11747.371495248299
000d7d20_2315,11747.371248958556
000d7d20_2316,11747.382354492618
000d7d20_2317,11747.376257553993
000d7d20_2318,11747.389248216077
000d7d20_2319,11747.343883737474
000d7d20_2320,11747.352933340446
000d7d20_2321,11747.346836401823
000d7d20_2322,11747.34934069954
000d7d20_2323,11747.364715165946
000d7d20_2324,11747.356839243252
000d7d20_2325,11747.361137259308
000d7d20_2326,11747.365589484503
000d7d20_2327,11747.360914760386
000d7d20_2328,11747.357811882279
000d7d20_2329,11747.35379276157
000d7d20_2330,11747.336589904062
000d7d20_2331,11747.334577934005
000d7d20_2332,11747.333049762929
000d7d20_2333,11747.33090432615
000d7d20_2334,11747.324807387526
000d7d20_2335,11747.340562656085
000d7d20_2336,11747.338765834955
000d7d20_2337,11747.335856361997
000d7d20_2338,11747.348907391664
000d7d20_2339,11747.342810453041
000d7d20_2340,11747.299617633907
000d7d20_2341,11747.305802065446
000d7d20_2342,11747.302203801215
000d7d20_2343,11747.30053243594
000d7d20_2344,11747.309513517412
000d7d20_2345,11747.314738504905
000d7d20_2346,11747.320576609614
000d7d20_2347,11747.316803250778
000d7d20_2348,11747.272594482398
000d7d20_2349,11747.283143547496
000d7d20_2350,11747.275200533813
000d7d20_2351,11747.264296504429
000d7d20_2352,11747.276865308679
000d7d20_2353,11747.26984769287
000d7d20_2354,11747.28734346474
000d7d20_2355,11747.278825099344
000d7d20_2356,11747.281950811248
000d7d20_2357,11747.29305634531
000d7d20_2358,11747.287727591347
000d7d20_2359,11747.29500336009
000d7d20_2360,11747.291009130282
000d7d20_2361,11747.272856985359
000d7d20_2362,11747.258195717588
000d7d20_2363,11747.252099208117
000d7d20_2364,11747.263204313025
000d7d20_2365,11747.265513202878
000d7d20_2366,11747.302206152635
000d7d20_2367,11747.26480003852
000d7d20_2368,11747.272145759272
000d7d20_2369,11747.28005052391
000d7d20_2370,11747.271465496679
000d7d20_2371,11747.28127055276
000d7d20_2372,11747.278419873825
000d7d20_2373,11747.279671615697
000d7d20_2374,11747.273787680231
000d7d20_2375,11747.284892785141
000d7d20_2376,11747.278583701664
000d7d20_2377,11747.298745946924
000d7d20_2378,11747.283109070326
000d7d20_2379,11747.32393562604
000d7d20_2380,11747.308997983451
000d7d20_2381,11747.115334812146
000d7d20_2382,11747.114275705782
000d7d20_2383,11747.112333401634
000d7d20_2384,11747.122151904523
000d7d20_2385,11747.123717500612
000d7d20_2386,11747.127142475516
000d7d20_2387,11747.111525053875
000d7d20_2388,11747.120355359437
000d7d20_2389,11747.153081214774
000d7d20_2390,11747.136285623881
000d7d20_2391,11747.139616185028
000d7d20_2392,11747.089535167042
000d7d20_2393,11747.086177800944
000d7d20_2394,11747.07285034207
000d7d20_2395,11747.080761687062
000d7d20_2396,11747.087385857827
000d7d20_2397,11747.09565511679
000d7d20_2398,11747.083786779622
000d7d20_2399,11747.086508801187
000d7d20_2400,11747.072944163512
000d7d20_2401,11747.08404926842
000d7d20_2402,11747.084801475685
000d7d20_2403,11747.108884752897
000d7d20_2404,11747.082961354388
000d7d20_2405,11747.094279033303
000d7d20_2406,11747.096570757016
000d7d20_2407,11747.09068682155
000d7d20_2408,11747.101275511817
000d7d20_2409,11747.095666234554
000d7d20_2410,11747.106771339462
000d7d20_2411,11747.114271555456
000d7d20_2412,11747.110132557887
000d7d20_2413,11747.116434577469
000d7d20_2414,11747.086472272862
000d7d20_2415,11747.059211632228
000d7d20_2416,11747.056701987229
000d7d20_2417,11747.06532286591
000d7d20_2418,11747.068262897425
000d7d20_2419,11747.081447679915
000d7d20_2420,11747.083951977635
000d7d20_2421,11747.077855468164
000d7d20_2422,11747.088264772292
000d7d20_2423,11747.082168262821
000d7d20_2424,11747.088699736443
000d7d20_2425,11747.08796993382
000d7d20_2426,11747.07183295041
000d7d20_2427,11747.039237932488
000d7d20_2428,11747.033471585064
000d7d20_2429,11747.04403395392
000d7d20_2430,11747.04653825164
000d7d20_2431,11747.040441742169
000d7d20_2432,11747.047224699709
000d7d20_2433,11747.046042569356
000d7d20_2434,11747.057715301218
000d7d20_2435,11747.00209877603
000d7d20_2436,11747.003077290212
000d7d20_2437,11747.00710737147
000d7d20_2438,11747.020727887755
000d7d20_2439,11747.008255588642
000d7d20_2440,11747.024520262337
000d7d20_2441,11747.01415796765
000d7d20_2442,11747.01896252782
000d7d20_2443,11747.02146682554
000d7d20_2444,11747.018998665373
000d7d20_2445,11747.032170001055
000d7d20_2446,11747.045513856423
000d7d20_2447,11747.02450569534
000d7d20_2448,11747.039470320207
000d7d20_2449,11747.018281628578
000d7d20_2450,11747.01009342523
000d7d20_2451,11747.021826238573
000d7d20_2452,11747.014610783026
000d7d20_2453,11746.9996433858
000d7d20_2454,11747.006284722702
000d7d20_2455,11747.008789020421
000d7d20_2456,11747.01129331814
000d7d20_2457,11747.012015484665
000d7d20_2458,11747.012479014715
000d7d20_2459,11747.01312421972
000d7d20_2460,11747.015566433241
000d7d20_2461,11747.006667837895
000d7d20_2462,11747.005713731072
000d7d20_2463,11747.008218028792
000d7d20_2464,11747.02342955994
000d7d20_2465,11747.017015190819
000d7d20_2466,11747.026155631269
000d7d20_2467,11747.021428979586
000d7d20_2468,11747.038450393851
000d7d20_2469,11747.026702219648
000d7d20_2470,11747.0065085918
000d7d20_2471,11746.950665473594
000d7d20_2472,11746.952261682629
000d7d20_2473,11746.969985478028
000d7d20_2474,11746.957635630697
000d7d20_2475,11746.95689409788
000d7d20_2476,11746.950719196382
000d7d20_2477,11746.936272791434
000d7d20_2478,11746.945837521587
000d7d20_2479,11746.947055503388
000d7d20_2480,11746.950846117024
000d7d20_2481,11746.9411899228
000d7d20_2482,11746.934154997802
000d7d20_2483,11746.959029633961
000d7d20_2484,11746.94799385447
000d7d20_2485,11746.940854502134
000d7d20_2486,11746.946552559772
000d7d20_2487,11746.925858539009
000d7d20_2488,11746.928888692746
000d7d20_2489,11746.950332104083
000d7d20_2490,11746.937355692726
000d7d20_2491,11746.942357949581
000d7d20_2492,11746.920000243976
000d7d20_2493,11746.918520281135
000d7d20_2494,11746.936060971066
000d7d20_2495,11746.928068747788
000d7d20_2496,11746.942251168983
000d7d20_2497,11746.917647846461
000d7d20_2498,11746.920204214799
000d7d20_2499,11746.922921086523
000d7d20_2500,11746.903280208307
000d7d20_2501,11746.894495195571
000d7d20_2502,11746.896652451207
000d7d20_2503,11746.903005110895
000d7d20_2504,11746.90200808873
000d7d20_2505,11746.904512386449
000d7d20_2506,11746.876095892541
000d7d20_2507,11746.87860019026
000d7d20_2508,11746.886586494053
000d7d20_2509,11746.881961408684
000d7d20_2510,11746.886113083418
000d7d20_2511,11746.887365969698
000d7d20_2512,11746.889870267418
000d7d20_2513,11746.89216199113
000d7d20_2514,11746.897778795717
000d7d20_2515,11746.89389700411
000d7d20_2516,11746.896453372448
000d7d20_2517,11746.898957670168
000d7d20_2518,11746.900540718496
000d7d20_2519,11746.88077223866
000d7d20_2520,11746.872597768219
000d7d20_2521,11746.833280204672
000d7d20_2522,11746.827150507333
000d7d20_2523,11746.829654805053
000d7d20_2524,11746.832701838826
000d7d20_2525,11746.834663400492
000d7d20_2526,11746.83716769821
000d7d20_2527,11746.850936701587
000d7d20_2528,11746.789163255013
000d7d20_2529,11746.808084102415
000d7d20_2530,11746.794468538532
000d7d20_2531,11746.797024906868
000d7d20_2532,11746.799529204587
000d7d20_2533,11746.8025064294
000d7d20_2534,11746.81155588932
000d7d20_2535,11746.822300505337
000d7d20_2536,11746.824804803056
000d7d20_2537,11746.827309100776
000d7d20_2538,11746.777470125331
000d7d20_2539,11746.780186997055
000d7d20_2540,11746.789510256873
000d7d20_2541,11746.785927156063
000d7d20_2542,11746.788066101151
000d7d20_2543,11746.790357824864
000d7d20_2544,11746.792862122584
000d7d20_2545,11746.795944346939
000d7d20_2546,11746.798448644658
000d7d20_2547,11746.800952942376
000d7d20_2548,11746.803457240096
000d7d20_2549,11746.805961537815
000d7d20_2550,11746.810455390892
000d7d20_2551,11746.810208815046
000d7d20_2552,11746.812713112766
000d7d20_2553,11746.815581904808
000d7d20_2554,11746.818086202527
000d7d20_2555,11746.819956783664
000d7d20_2556,11746.823094797965
000d7d20_2557,11746.825599095684
000d7d20_2558,11746.828103393404
000d7d20_2559,11746.806979933097
000d7d20_2560,11746.809484230816
000d7d20_2561,11746.811988528534
000d7d20_2562,11746.814128331931
000d7d20_2563,11746.816116215006
000d7d20_2564,11746.821171972992
000d7d20_2565,11746.82158915447
000d7d20_2566,11746.824145522807
000d7d20_2567,11746.826649820525
000d7d20_2568,11746.827902706806
000d7d20_2569,11746.85050883787
000d7d20_2570,11746.834162713683
000d7d20_2571,11746.836667011401
000d7d20_2572,11746.83917130912
000d7d20_2573,11746.84167560684
000d7d20_2574,11746.843731868365
000d7d20_2575,11746.846236166084
000d7d20_2576,11746.848740463804
000d7d20_2577,11746.851244761523
000d7d20_2578,11746.853961633247
000d7d20_2579,11746.85625335696
000d7d20_2580,11746.85875765468
000d7d20_2581,11746.856799901007
000d7d20_2582,11746.862550029262
000d7d20_2583,11746.858928590744
000d7d20_2584,11746.721553757146
000d7d20_2585,11746.724949549616
000d7d20_2586,11746.752502961563
000d7d20_2587,11746.7379549903
000d7d20_2588,11746.760840357203
000d7d20_2589,11746.751017651442
000d7d20_2590,11746.751680594793
000d7d20_2591,11746.742838933802
000d7d20_2592,11746.742149471602
000d7d20_2593,11746.745097800083
000d7d20_2594,11746.765140740685
000d7d20_2595,11746.737992252149
000d7d20_2596,11746.73257409122
000d7d20_2597,11746.732214791069
000d7d20_2598,11746.736886885876
000d7d20_2599,11746.736197423677
000d7d20_2600,11746.761324115958
000d7d20_2601,11746.743845026684
000d7d20_2602,11746.748671902833
000d7d20_2603,11746.756402717276
000d7d20_2604,11746.793823797374
000d7d20_2605,11746.755461529388
000d7d20_2606,11746.754451918721
000d7d20_2607,11746.768392583475
000d7d20_2608,11746.76706511316
000d7d20_2609,11746.769611467915
000d7d20_2610,11746.749993191781
000d7d20_2611,11746.753092296172
000d7d20_2612,11746.764657453572
000d7d20_2613,11746.764023495218
000d7d20_2614,11746.698723837859
000d7d20_2615,11746.700963490955
000d7d20_2616,11746.703519859291
000d7d20_2617,11746.706246744596
000d7d20_2618,11746.70760720534
000d7d20_2619,11746.709568767006
000d7d20_2620,11746.724481607358
000d7d20_2621,11746.716041347887
000d7d20_2622,11746.718758219611
000d7d20_2623,11746.720677724239
000d7d20_2624,11746.726913940292
000d7d20_2625,11746.726058538763
000d7d20_2626,11746.726991276577
000d7d20_2627,11746.751874495803
000d7d20_2628,11746.738733289525
000d7d20_2629,11746.740554088861
000d7d20_2630,11746.740735808151
000d7d20_2631,11746.750239598516
000d7d20_2632,11746.743937381494
000d7d20_2633,11746.746121530745
000d7d20_2634,11746.763386704166
000d7d20_2635,11746.754987357324
000d7d20_2636,11746.757279081037
000d7d20_2637,11746.759783378757
000d7d20_2638,11746.76283041253
000d7d20_2639,11746.764791974196
000d7d20_2640,11746.767296271913
000d7d20_2641,11746.769800569633
000d7d20_2642,11746.772304867352
000d7d20_2643,11746.780611319613
000d7d20_2644,11746.782795468864
000d7d20_2645,11746.7289522057
000d7d20_2646,11746.726187071352
000d7d20_2647,11746.728478795065
000d7d20_2648,11746.730875518322
000d7d20_2649,11746.737655042634
000d7d20_2650,11746.737640209645
000d7d20_2651,11746.73671185203
000d7d20_2652,11746.739536298217
000d7d20_2653,11746.742040595936
000d7d20_2654,11746.744544893656
000d7d20_2655,11746.749166920561
000d7d20_2656,11746.759754752522
000d7d20_2657,11746.758563466898
000d7d20_2658,11746.754431621885
000d7d20_2659,11746.756935919604
000d7d20_2660,11746.760645566292
000d7d20_2661,11746.762123901182
000d7d20_2662,11746.765328005114
000d7d20_2663,11746.766515087867
000d7d20_2664,11746.772196837674
000d7d20_2665,11746.777287214038
000d7d20_2666,11746.774645389778
000d7d20_2667,11746.79590626785
000d7d20_2668,11746.778799111558
000d7d20_2669,11746.813087371527
000d7d20_2670,11746.788372755214
000d7d20_2671,11746.794649597794
000d7d20_2672,11746.789975016729
000d7d20_2673,11746.694730462672
000d7d20_2674,11746.696012531387
000d7d20_2675,11746.697851927373
000d7d20_2676,11746.699987153132
000d7d20_2677,11746.702860522812
000d7d20_2678,11746.705629465152
000d7d20_2679,11746.71063172201
000d7d20_2680,11746.709174075148
000d7d20_2681,11746.712008534914
000d7d20_2682,11746.714686210624
000d7d20_2683,11746.7519176049
000d7d20_2684,11746.753020001375
000d7d20_2685,11746.755945441673
000d7d20_2686,11746.758992475445
000d7d20_2687,11746.766223183076
000d7d20_2688,11746.761548602011
000d7d20_2689,11746.776781590832
000d7d20_2690,11746.772693805573
000d7d20_2691,11746.772733332022
000d7d20_2692,11746.776879856914
000d7d20_2693,11746.775882834747
000d7d20_2694,11746.77803837377
000d7d20_2695,11746.775508701608
000d7d20_2696,11746.783259543212
000d7d20_2697,11746.78895760085
000d7d20_2698,11746.788055564644
000d7d20_2699,11746.791214750518
000d7d20_2700,11746.813735336993
000d7d20_2701,11746.708847132883
000d7d20_2702,11746.72261613626
000d7d20_2703,11746.723958286457
000d7d20_2704,11746.716708784737
000d7d20_2705,11746.721072175169
000d7d20_2706,11746.718482707629
000d7d20_2707,11746.72935492527
000d7d20_2708,11746.73185922299
000d7d20_2709,11746.711350596514
000d7d20_2710,11746.714791879247
000d7d20_2711,11746.728236728724
000d7d20_2712,11746.73328504805
000d7d20_2713,11746.736308621435
000d7d20_2714,11746.721415610804
000d7d20_2715,11746.756997911452
000d7d20_2716,11746.625447548375
000d7d20_2717,11746.627951846094
000d7d20_2718,11746.63668516298
000d7d20_2719,11746.631684139194
000d7d20_2720,11746.634170984675
000d7d20_2721,11746.63474495021
000d7d20_2722,11746.643690841098
000d7d20_2723,11746.638693250543
000d7d20_2724,11746.644226227156
000d7d20_2725,11746.643238932467
000d7d20_2726,11746.645437959038
000d7d20_2727,11746.652618312664
000d7d20_2728,11746.65209393149
000d7d20_2729,11746.657626908103
000d7d20_2730,11746.66797126701
000d7d20_2731,11746.672542081606
000d7d20_2732,11746.662911350486
000d7d20_2733,11746.566882590037
000d7d20_2734,11746.595585274903
000d7d20_2735,11746.57127206011
000d7d20_2736,11746.570747678936
000d7d20_2737,11746.582096543
000d7d20_2738,11746.578784953266
000d7d20_2739,11746.578260572092
000d7d20_2740,11746.58254757321
000d7d20_2741,11746.58326916753
000d7d20_2742,11746.588802144142
000d7d20_2743,11746.595244067747
000d7d20_2744,11746.590782060688
000d7d20_2745,11746.609894596626
000d7d20_2746,11746.617791064298
000d7d20_2747,11746.621810845874
000d7d20_2748,11746.621286464699
000d7d20_2749,11746.626819441311
000d7d20_2750,11746.626295060138
000d7d20_2751,11746.628941550696
000d7d20_2752,11746.635093652676
000d7d20_2753,11746.637143906053
000d7d20_2754,11746.638824515265
000d7d20_2755,11746.63830013409
000d7d20_2756,11746.639856861008
000d7d20_2757,11746.646996015905
000d7d20_2758,11746.654297676905
000d7d20_2759,11746.659252726882
000d7d20_2760,11746.658728345708
000d7d20_2761,11746.661232643426
000d7d20_2762,11746.663345839308
000d7d20_2763,11746.664922307285
000d7d20_2764,11746.669507713097
000d7d20_2765,11746.669930902723
000d7d20_2766,11746.672435200442
000d7d20_2767,11746.677968177057
000d7d20_2768,11746.677443795881
000d7d20_2769,11746.681401493257
000d7d20_2770,11746.681597517661
000d7d20_2771,11746.68851494328
000d7d20_2772,11746.69064158597
000d7d20_2773,11746.6903297788
000d7d20_2774,11746.705037483807
000d7d20_2775,11746.709942751984
000d7d20_2776,11746.711137845603
000d7d20_2777,11746.722622036052
000d7d20_2778,11746.716511793671
000d7d20_2779,11746.71901609139
000d7d20_2780,11746.724133933574
000d7d20_2781,11746.724024686828
000d7d20_2782,11746.726528984547
000d7d20_2783,11746.73164682673
000d7d20_2784,11746.73561854312
000d7d20_2785,11746.732764144856
000d7d20_2786,11746.737669413033
000d7d20_2787,11746.612032212186
000d7d20_2788,11746.610314784442
000d7d20_2789,11746.618494207283
000d7d20_2790,11746.618597534543
000d7d20_2791,11746.633335566394
000d7d20_2792,11746.637557908394
000d7d20_2793,11746.627574413144
000d7d20_2794,11746.630078710863
000d7d20_2795,11746.646105919654
000d7d20_2796,11746.6350873063
000d7d20_2797,11746.654250768448
000d7d20_2798,11746.657930088293
000d7d20_2799,11746.659259363887
000d7d20_2800,11746.661976235611
000d7d20_2801,11746.666999091833
000d7d20_2802,11746.666772257044
000d7d20_2803,11746.669276554763
000d7d20_2804,11746.674181822942
000d7d20_2805,11746.611058545739
000d7d20_2806,11746.613562843459
000d7d20_2807,11746.618468111637
000d7d20_2808,11746.613650765526
000d7d20_2809,11746.615541659925
000d7d20_2810,11746.61732726868
000d7d20_2811,11746.60969868142
000d7d20_2812,11746.612533141186
000d7d20_2813,11746.62634534601
000d7d20_2814,11746.629889911674
000d7d20_2815,11746.60719117213
000d7d20_2816,11746.608924710268
000d7d20_2817,11746.623464473227
000d7d20_2818,11746.614704065289
000d7d20_2819,11746.62269036908
000d7d20_2820,11746.625271342215
000d7d20_2821,11746.62769896452
000d7d20_2822,11746.62493383017
000d7d20_2823,11746.63303600539
000d7d20_2824,11746.641343315958
000d7d20_2825,11746.67188191925
000d7d20_2826,11746.66083641228
000d7d20_2827,11746.66720166047
000d7d20_2828,11746.658936209502
000d7d20_2829,11746.448758641529
000d7d20_2830,11746.482488143716
000d7d20_2831,11746.457013067502
000d7d20_2832,11746.459517365221
000d7d20_2833,11746.462021662941
000d7d20_2834,11746.465123628353
000d7d20_2835,11746.366602916918
000d7d20_2836,11746.369107214638
000d7d20_2837,11746.375695908719
000d7d20_2838,11746.372651824631
000d7d20_2839,11746.282069021368
000d7d20_2840,11746.284785893093
000d7d20_2841,11746.29725570595
000d7d20_2842,11746.297710366827
000d7d20_2843,11746.292086212245
000d7d20_2844,11746.294590509964
000d7d20_2845,11746.30127190119
000d7d20_2846,11746.299599105401
000d7d20_2847,11746.302315977126
000d7d20_2848,11746.317123817937
000d7d20_2849,11746.308575984003
000d7d20_2850,11746.31495210408
000d7d20_2851,11746.31358457944
000d7d20_2852,11746.31059742971
000d7d20_2853,11746.317897374098
000d7d20_2854,11746.324273494174
000d7d20_2855,11746.322905969535
000d7d20_2856,11746.284793754956
000d7d20_2857,11746.287298052675
000d7d20_2858,11746.2949519056
000d7d20_2859,11746.289761482098
000d7d20_2860,11746.293600447023
000d7d20_2861,11746.292698410818
000d7d20_2862,11746.295415282542
000d7d20_2863,11746.312674733917
000d7d20_2864,11746.304128330496
000d7d20_2865,11746.306597437633
000d7d20_2866,11746.32094637036
000d7d20_2867,11746.303053004964
000d7d20_2868,11746.307782606333
000d7d20_2869,11746.330063152984
000d7d20_2870,11746.32862410277
000d7d20_2871,11746.332344621347
000d7d20_2872,11746.334848919065
000d7d20_2873,11746.341225039141
000d7d20_2874,11746.339857514504
000d7d20_2875,11746.342361812223
000d7d20_2876,11746.355588079547
000d7d20_2877,11746.34737040766
000d7d20_2878,11746.353746527737
000d7d20_2879,11746.35256239467
000d7d20_2880,11746.355644619025
000d7d20_2881,11746.357570990109
000d7d20_2882,11746.372470955857
000d7d20_2883,11746.368232108587
000d7d20_2884,11746.36686458395
000d7d20_2885,11746.369699043717
000d7d20_2886,11746.371873179387
000d7d20_2887,11746.374377477106
000d7d20_2888,11746.376881774826
000d7d20_2889,11746.383257894902
000d7d20_2890,11746.381890370263
000d7d20_2891,11746.384394667983
000d7d20_2892,11746.387111539707
000d7d20_2893,11746.389351192804
000d7d20_2894,11746.40746351512
000d7d20_2895,11746.413839635195
000d7d20_2896,11746.41122069912
000d7d20_2897,11746.413512422834
000d7d20_2898,11746.418244313021
000d7d20_2899,11746.431120105033
000d7d20_2900,11746.433411828748
000d7d20_2901,11746.442925918795
000d7d20_2902,11746.438420424185
000d7d20_2903,11746.440924721905
000d7d20_2904,11746.43331158417
000d7d20_2905,11746.435815881887
000d7d20_2906,11746.438320179606
000d7d20_2907,11746.441340891968
000d7d20_2908,11746.447717012044
000d7d20_2909,11746.446349487407
000d7d20_2910,11746.427787214843
000d7d20_2911,11746.430291512563
000d7d20_2912,11746.43279581028
000d7d20_2913,11746.435300108
000d7d20_2914,11746.43921202901
000d7d20_2915,11746.445588149087
000d7d20_2916,11746.44422062445
000d7d20_2917,11746.443298847185
000d7d20_2918,11746.448044470284
000d7d20_2919,11746.450336193997
000d7d20_2920,11746.450995131914
000d7d20_2921,11746.460614221503
000d7d20_2922,11746.451097072995
000d7d20_2923,11746.453601370715
000d7d20_2924,11746.456105668432
000d7d20_2925,11746.46256561648
000d7d20_2926,11746.469660425522
000d7d20_2927,11746.476036545599
000d7d20_2928,11746.467085879634
000d7d20_2929,11746.467892160232
000d7d20_2930,11746.470377861302
000d7d20_2931,11746.47323091772
000d7d20_2932,11746.47540505339
000d7d20_2933,11746.481781173467
000d7d20_2934,11746.480413648827
000d7d20_2935,11746.450319451063
000d7d20_2936,11746.457622828679
000d7d20_2937,11746.4627953164
000d7d20_2938,11746.456628711867
000d7d20_2939,11746.458827738437
000d7d20_2940,11746.461637307304
000d7d20_2941,11746.481189868573
000d7d20_2942,11746.46959132587
000d7d20_2943,11746.469057503318
000d7d20_2944,11746.467534339032
000d7d20_2945,11746.475764115876
000d7d20_2946,11746.480534915976
000d7d20_2947,11746.48791926054
000d7d20_2948,11746.488545296692
000d7d20_2949,11746.480055827627
000d7d20_2950,11746.489625707622
000d7d20_2951,11746.48745366333
000d7d20_2952,11746.491970690695
000d7d20_2953,11746.50098724885
000d7d20_2954,11746.4941328544
000d7d20_2955,11746.529483698292
000d7d20_2956,11746.51776070109
000d7d20_2957,11746.507578650846
000d7d20_2958,11746.51192973888
000d7d20_2959,11746.511908897744
000d7d20_2960,11746.518693285794
000d7d20_2961,11746.519638326006
000d7d20_2962,11746.52080795652
000d7d20_2963,11746.53144700079
000d7d20_2964,11746.522490898882
000d7d20_2965,11746.526461756965
000d7d20_2966,11746.532444486385
000d7d20_2967,11746.528986412279
000d7d20_2968,11746.529646780707
000d7d20_2969,11746.531204365932
000d7d20_2970,11746.526308055589
000d7d20_2971,11746.535661070044
000d7d20_2972,11746.53152922503
000d7d20_2973,11746.533820948745
000d7d20_2974,11746.545087701452
000d7d20_2975,11746.54363606274
000d7d20_2976,11746.553036570174
000d7d20_2977,11746.548101922122
000d7d20_2978,11746.559368674829
000d7d20_2979,11746.564045061172
000d7d20_2980,11746.566945896671
000d7d20_2981,11746.567230326684
000d7d20_2982,11746.556158784406
000d7d20_2983,11746.570775794986
000d7d20_2984,11746.560818621147
000d7d20_2985,11746.572085373853
000d7d20_2986,11746.565827216586
000d7d20_2987,11746.57709396929
000d7d20_2988,11746.576317818097
000d7d20_2989,11746.582315138734
000d7d20_2990,11746.575844407462
000d7d20_2991,11746.587111160166
000d7d20_2992,11746.579601591462
000d7d20_2993,11746.590655770162
000d7d20_2994,11746.586622916544
000d7d20_2995,11746.59788966925
000d7d20_2996,11746.60039396697
000d7d20_2997,11746.593587065501
000d7d20_2998,11746.604641244201
000d7d20_2999,11746.598383086934
000d7d20_3000,11746.609649839638
000d7d20_3001,11746.612154137358
000d7d20_3002,11746.616547854632
000d7d20_3003,11746.635370568947
000d7d20_3004,11746.62911241168
000d7d20_3005,11746.640379164386
000d7d20_3006,11746.642883462104
000d7d20_3007,11746.636625304836
000d7d20_3008,11746.647395097856
000d7d20_3009,11746.649899395576
000d7d20_3010,11746.643641238308
000d7d20_3011,11746.654907991015
000d7d20_3012,11746.657412288732
000d7d20_3013,11746.651154131465
000d7d20_3014,11746.672282544174
000d7d20_3015,11746.659312713171
000d7d20_3016,11746.674534544001
000d7d20_3017,11746.67651155519
000d7d20_3018,11746.66514904688
000d7d20_3019,11746.687538884607
000d7d20_3020,11746.683281440688
000d7d20_3021,11746.694335619388
000d7d20_3022,11746.697417843743
000d7d20_3023,11746.720715770156
000d7d20_3024,11746.700413709537
000d7d20_3025,11746.713660004021
000d7d20_3026,11746.72464551817
000d7d20_3027,11746.564547868105
000d7d20_3028,11746.587363139945
000d7d20_3029,11746.567879904096
000d7d20_3030,11746.592371735383
000d7d20_3031,11746.575113803183
000d7d20_3032,11746.597209527752
000d7d20_3033,11746.58008119989
000d7d20_3034,11746.586449595205
000d7d20_3035,11746.5912944958
000d7d20_3036,11746.567365516388
000d7d20_3037,11746.596303091237
000d7d20_3038,11746.588485676462
000d7d20_3039,11746.579867747467
000d7d20_3040,11746.603815984394
000d7d20_3041,11746.595804306162
000d7d20_3042,11746.61433805716
000d7d20_3043,11746.610719765766
000d7d20_3044,11746.625345931618
000d7d20_3045,11746.617691595151
000d7d20_3046,11746.627654007494
000d7d20_3047,11746.61350228791
000d7d20_3048,11746.62504512933
000d7d20_3049,11746.616875522632
000d7d20_3050,11746.632731356147
000d7d20_3051,11746.621884118069
000d7d20_3052,11746.6202882838
000d7d20_3053,11746.637915090521
000d7d20_3054,11746.629768658107
000d7d20_3055,11746.643409487657
000d7d20_3056,11746.634478276648
000d7d20_3057,11746.653278961085
000d7d20_3058,11746.645377432236
000d7d20_3059,11746.659726651067
000d7d20_3060,11746.651154212335
000d7d20_3061,11746.666619802321
000d7d20_3062,11746.658259365391
000d7d20_3063,11746.688560217675
000d7d20_3064,11746.658328404708
000d7d20_3065,11746.671697150974
000d7d20_3066,11746.660659368768
000d7d20_3067,11746.674028115034
000d7d20_3068,11746.6660164368
000d7d20_3069,11746.693502900811
000d7d20_3070,11746.682737487989
000d7d20_3071,11746.691662779513
000d7d20_3072,11746.694167077232
000d7d20_3073,11746.6858066403
000d7d20_3074,11746.69917567267
000d7d20_3075,11746.702180363303
000d7d20_3076,11746.71554939567
000d7d20_3077,11746.70718895874
000d7d20_3078,11746.72055799111
000d7d20_3079,11746.594998037883
000d7d20_3080,11746.608967598968
000d7d20_3081,11746.602254825155
000d7d20_3082,11746.61562357142
000d7d20_3083,11746.607263420592
000d7d20_3084,11746.621749682423
000d7d20_3085,11746.626593152505
000d7d20_3086,11746.613128936735
000d7d20_3087,11746.62682784505
000d7d20_3088,11746.628094464242
000d7d20_3089,11746.632970549985
000d7d20_3090,11746.631995843798
000d7d20_3091,11746.637979145424
000d7d20_3092,11746.640695731046
000d7d20_3093,11746.632453454364
000d7d20_3094,11746.64549203858
000d7d20_3095,11746.64248715051
000d7d20_3096,11746.65050063402
000d7d20_3097,11746.641133403113
000d7d20_3098,11746.65223450259
000d7d20_3099,11746.654042999528
000d7d20_3100,11746.651038111455
000d7d20_3101,11746.661322102778
000d7d20_3102,11746.674659377792
000d7d20_3103,11746.680389764988
000d7d20_3104,11746.670535015772
000d7d20_3105,11746.668231650527
000d7d20_3106,11746.67554361121
000d7d20_3107,11746.635944523005
000d7d20_3108,11746.650532637252
000d7d20_3109,11746.66344419205
000d7d20_3110,11746.654634288414
000d7d20_3111,11746.657971716017
000d7d20_3112,11746.667927261904
000d7d20_3113,11746.663107340873
000d7d20_3114,11746.665484609173
000d7d20_3115,11746.669310699495
000d7d20_3116,11746.669874079245
000d7d20_3117,11746.672378376965
000d7d20_3118,11746.65859830426
000d7d20_3119,11746.677386972402
000d7d20_3120,11746.672468059978
000d7d20_3121,11746.682395567841
000d7d20_3122,11746.702832185201
000d7d20_3123,11746.698503215708
000d7d20_3124,11746.710499243163
000d7d20_3125,11746.710345078358
000d7d20_3126,11746.707331035013
000d7d20_3127,11746.715972799162
000d7d20_3128,11746.718477096882
000d7d20_3129,11746.714224802803
000d7d20_3130,11746.722866566954
000d7d20_3131,11746.722922973437
000d7d20_3132,11746.726315904885
000d7d20_3133,11746.73037946011
000d7d20_3134,11746.73288375783
000d7d20_3135,11746.726213899361
000d7d20_3136,11746.736428081724
000d7d20_3137,11746.739700850207
000d7d20_3138,11746.746749596778
000d7d20_3139,11746.746098186184
000d7d20_3140,11746.74893264595
000d7d20_3141,11746.76006121125
000d7d20_3142,11746.75361107934
000d7d20_3143,11746.75611537706
000d7d20_3144,11746.75254228983
000d7d20_3145,11746.761123972497
000d7d20_3146,11746.763628270217
000d7d20_3147,11746.760055182987
000d7d20_3148,11746.768636865656
000d7d20_3149,11746.769676891829
000d7d20_3150,11746.680396712314
000d7d20_3151,11746.676493463037
000d7d20_3152,11746.68981700514
000d7d20_3153,11746.689662840336
000d7d20_3154,11746.682858513786
000d7d20_3155,11746.708624644696
000d7d20_3156,11746.697175733492
000d7d20_3157,11746.705659569176
000d7d20_3158,11746.702086481946
000d7d20_3159,11746.710668164613
000d7d20_3160,11746.6788098601
000d7d20_3161,11746.673951029155
000d7d20_3162,11746.683818455536
000d7d20_3163,11746.68708378536
000d7d20_3164,11746.689732278635
000d7d20_3165,11746.685946903504
000d7d20_3166,11746.694740874074
000d7d20_3167,11746.695568612346
000d7d20_3168,11746.698072910065
000d7d20_3169,11746.684385534505
000d7d20_3170,11746.692754929269
000d7d20_3171,11746.696049441527
000d7d20_3172,11746.691898427662
000d7d20_3173,11746.700267822427
000d7d20_3174,11746.703562334684
000d7d20_3175,11746.70618450655
000d7d20_3176,11746.722746726631
000d7d20_3177,11746.730750482664
000d7d20_3178,11746.733254780382
000d7d20_3179,11746.738154326515
000d7d20_3180,11746.727163178983
000d7d20_3181,11746.739450458574
000d7d20_3182,11746.741624594244
000d7d20_3183,11746.749800583859
000d7d20_3184,11746.734964221483
000d7d20_3185,11746.721137800207
000d7d20_3186,11746.732646309352
000d7d20_3187,11746.73515060707
000d7d20_3188,11746.737112454839
000d7d20_3189,11746.738895774775
000d7d20_3190,11746.742121050276
000d7d20_3191,11746.744625347996
000d7d20_3192,11746.747129645715
000d7d20_3193,11746.749633943435
000d7d20_3194,11746.70091677509
000d7d20_3195,11746.711723189203
000d7d20_3196,11746.714227486922
000d7d20_3197,11746.716519496737
000d7d20_3198,11746.695554823204
000d7d20_3199,11746.72187656477
000d7d20_3200,11746.729726969972
000d7d20_3201,11746.730764707328
000d7d20_3202,11746.734523277508
000d7d20_3203,11746.72897436783
000d7d20_3204,11746.748845647055
000d7d20_3205,11746.74417106599
000d7d20_3206,11746.745979562927
000d7d20_3207,11746.754133236562
000d7d20_3208,11746.742417678019
000d7d20_3209,11746.748705964692
000d7d20_3210,11746.743354465596
000d7d20_3211,11746.751579664804
000d7d20_3212,11746.754626412476
000d7d20_3213,11746.739971438954
000d7d20_3214,11746.759092557963
000d7d20_3215,11746.79632280783
000d7d20_3216,11746.78889878371
000d7d20_3217,11746.803190495979
000d7d20_3218,11746.797342895505
000d7d20_3219,11746.806203814012
000d7d20_3220,11746.811902157753
000d7d20_3221,11746.80107179971
000d7d20_3222,11746.812252435626
000d7d20_3223,11746.80435634272
000d7d20_3224,11746.819274046811
000d7d20_3225,11746.798499917406
000d7d20_3226,11746.789165874365
000d7d20_3227,11746.801810781826
000d7d20_3228,11746.787488259171
000d7d20_3229,11746.808071360905
000d7d20_3230,11746.81090295965
000d7d20_3231,11746.823123291306
000d7d20_3232,11746.82106654624
000d7d20_3233,11746.80999872329
000d7d20_3234,11746.832653205642
000d7d20_3235,11746.837563051457
000d7d20_3236,11746.83321863244
000d7d20_3237,11746.825794608321
000d7d20_3238,11746.82999949808
000d7d20_3239,11746.843482113061
000d7d20_3240,11746.828037497206
000d7d20_3241,11746.84025782886
000d7d20_3242,11746.842762126578
000d7d20_3243,11746.846786771894
000d7d20_3244,11746.810584862336
000d7d20_3245,11746.831795100303
000d7d20_3246,11746.82893211897
000d7d20_3247,11746.813104698243
000d7d20_3248,11746.815608995963
000d7d20_3249,11746.808526005778
000d7d20_3250,11746.838541327972
000d7d20_3251,11746.807711275105
000d7d20_3252,11746.820143894663
000d7d20_3253,11746.822860480286
000d7d20_3254,11746.815224168264
000d7d20_3255,11746.806374210306
000d7d20_3256,11746.825715055877
000d7d20_3257,11746.838147675433
000d7d20_3258,11746.84127109852
000d7d20_3259,11746.856453733335
000d7d20_3260,11746.845660568591
000d7d20_3261,11746.833294413429
000d7d20_3262,11746.84553534445
000d7d20_3263,11746.83811132033
000d7d20_3264,11746.850195467292
000d7d20_3265,11746.85326052551
000d7d20_3266,11746.843884139329
000d7d20_3267,11746.845916368262
000d7d20_3268,11746.853298137905
000d7d20_3269,11746.86551846956
000d7d20_3270,11746.860470811102
000d7d20_3271,11746.872691142757
000d7d20_3272,11746.865966924852
000d7d20_3273,11746.790921478918
000d7d20_3274,11746.793897845422
000d7d20_3275,11746.809605191847
000d7d20_3276,11746.794015236028
000d7d20_3277,11746.806235567681
000d7d20_3278,11746.798811543562
000d7d20_3279,11746.800843772495
000d7d20_3280,11746.803920274804
000d7d20_3281,11746.808315136488
000d7d20_3282,11746.800891112369
000d7d20_3283,11746.795595689324
000d7d20_3284,11746.812476627363
000d7d20_3285,11746.804013479708
000d7d20_3286,11746.81356791018
000d7d20_3287,11746.808278781384
000d7d20_3288,11746.822570493654
000d7d20_3289,11746.817416977347
000d7d20_3290,11746.821137782024
000d7d20_3291,11746.83335811368
000d7d20_3292,11746.828599990744
000d7d20_3293,11746.832999430064
000d7d20_3294,11746.830942684997
000d7d20_3295,11746.828786376333
000d7d20_3296,11746.835951280436
000d7d20_3297,11746.838455578156
000d7d20_3298,11746.840959875874
000d7d20_3299,11746.84634236268
000d7d20_3300,11746.847963748718
000d7d20_3301,11746.848472769032
000d7d20_3302,11746.85097706675
000d7d20_3303,11746.85348136447
000d7d20_3304,11746.855468961443
000d7d20_3305,11746.855427520943
000d7d20_3306,11746.857719530759
000d7d20_3307,11746.813377438708
000d7d20_3308,11746.81474762693
000d7d20_3309,11746.808697466031
000d7d20_3310,11746.821073437333
000d7d20_3311,11746.828684661017
000d7d20_3312,11746.8133321701
000d7d20_3313,11746.832751979906
000d7d20_3314,11746.82436607987
000d7d20_3315,11746.83538535409
000d7d20_3316,11746.846473865065
000d7d20_3317,11746.827317930241
000d7d20_3318,11746.839822075373
000d7d20_3319,11746.83232652568
000d7d20_3320,11746.834830823398
000d7d20_3321,11746.848706542933
000d7d20_3322,11746.841804941603
000d7d20_3323,11746.817656521733
000d7d20_3324,11746.828335906426
000d7d20_3325,11746.830840204146
000d7d20_3326,11746.833344501865
000d7d20_3327,11746.835229674218
000d7d20_3328,11746.837733971937
000d7d20_3329,11746.840238269655
000d7d20_3330,11746.842742567374
000d7d20_3331,11746.843782593547
000d7d20_3332,11746.845303271577
000d7d20_3333,11746.849738759787
000d7d20_3334,11746.853520790355
000d7d20_3335,11746.85445266986
000d7d20_3336,11746.858529385794
000d7d20_3337,11746.861033683512
000d7d20_3338,11746.863537981231
000d7d20_3339,11746.867958592122
000d7d20_3340,11746.867968650035
000d7d20_3341,11746.869478456176
000d7d20_3342,11746.873555172107
000d7d20_3343,11746.876059469827
000d7d20_3344,11746.878563767546
000d7d20_3345,11746.878842761615
000d7d20_3346,11746.88608891877
000d7d20_3347,11746.885614319395
000d7d20_3348,11746.895075480517
000d7d20_3349,11746.903136457007
000d7d20_3350,11746.893447647122
000d7d20_3351,11746.895631510271
000d7d20_3352,11746.899221280097
000d7d20_3353,11746.901087569699
000d7d20_3354,11746.902525278063
000d7d20_3355,11746.900131504492
000d7d20_3356,11746.90231536764
000d7d20_3357,11746.906712518143
000d7d20_3358,11746.90797112647
000d7d20_3359,11746.924109342952
000d7d20_3360,11746.912979721908
000d7d20_3361,11746.916729709019
000d7d20_3362,11746.923052327966
000d7d20_3363,11746.921417869888
000d7d20_3364,11746.92292023737
000d7d20_3365,11746.92612033587
000d7d20_3366,11746.925557616987
000d7d20_3367,11746.930509805941
000d7d20_3368,11746.93301410366
000d7d20_3369,11746.937994330641
000d7d20_3370,11746.9380226991
000d7d20_3371,11746.940526996817
000d7d20_3372,11746.939275915815
000d7d20_3373,11746.963529709994
000d7d20_3374,11746.943599010154
000d7d20_3375,11746.951779577405
000d7d20_3376,11746.953741425172
000d7d20_3377,11746.955029215933
000d7d20_3378,11746.95875002061
000d7d20_3379,11746.955589492889
000d7d20_3380,11746.958276323872
000d7d20_3381,11746.960780621592
000d7d20_3382,11746.974729583313
000d7d20_3383,11746.970055002248
000d7d20_3384,11746.973988094827
000d7d20_3385,11746.976280104644
000d7d20_3386,11746.978784402363
000d7d20_3387,11746.976840381602
000d7d20_3388,11747.000412680112
000d7d20_3389,11746.985080788561
000d7d20_3390,11746.983880061562
000d7d20_3391,11746.986172071378
000d7d20_3392,11746.988327896503
000d7d20_3393,11746.995378931892
000d7d20_3394,11747.000153737423
000d7d20_3395,11746.913620712145
000d7d20_3396,11746.909276293129
000d7d20_3397,11746.91199287875
000d7d20_3398,11746.914284888566
000d7d20_3399,11746.91723493366
000d7d20_3400,11746.913000377925
000d7d20_3401,11746.922280150193
000d7d20_3402,11746.918246438268
000d7d20_3403,11746.909498904932
000d7d20_3404,11746.900903005813
000d7d20_3405,11746.903407303533
000d7d20_3406,11746.90591160125
000d7d20_3407,11746.903967580489
000d7d20_3408,11746.907645469822
000d7d20_3409,11746.91014976754
000d7d20_3410,11746.91265406526
000d7d20_3411,11746.74240407526
000d7d20_3412,11746.748183099846
000d7d20_3413,11746.750687397565
000d7d20_3414,11746.757422576022
000d7d20_3415,11746.755695993004
000d7d20_3416,11746.762187412305
000d7d20_3417,11746.760704588442
000d7d20_3418,11746.763276978507
000d7d20_3419,11746.76520334959
000d7d20_3420,11746.767707647308
000d7d20_3421,11746.773405991049
000d7d20_3422,11746.772716242747
000d7d20_3423,11746.774226048889
000d7d20_3424,11746.790225219655
000d7d20_3425,11746.783323618327
000d7d20_3426,11746.785827916046
000d7d20_3427,11746.783203544026
000d7d20_3428,11746.779641900888
000d7d20_3429,11746.80037663684
000d7d20_3430,11746.797239569507
000d7d20_3431,11746.798237824745
000d7d20_3432,11746.796420833401
000d7d20_3433,11746.804416006365
000d7d20_3434,11746.813038315559
000d7d20_3435,11746.800579463254
000d7d20_3436,11746.802464635606
000d7d20_3437,11746.803396515113
000d7d20_3438,11746.810667277066
000d7d20_3439,11746.809281727983
000d7d20_3440,11746.810033935248
000d7d20_3441,11746.767463960812
000d7d20_3442,11746.75928805986
000d7d20_3443,11746.759070380347
000d7d20_3444,11746.762267617823
000d7d20_3445,11746.760804248916
000d7d20_3446,11746.76727621326
000d7d20_3447,11746.76978051098
000d7d20_3448,11746.7722848087
000d7d20_3449,11746.77478910642
000d7d20_3450,11746.783605392968
000d7d20_3451,11746.779797701856
000d7d20_3452,11746.782301999576
000d7d20_3453,11746.784806297295
000d7d20_3454,11746.787310595015
000d7d20_3455,11746.789814892734
000d7d20_3456,11746.79528206582
000d7d20_3457,11746.795218881543
000d7d20_3458,11746.79751089136
000d7d20_3459,11746.802004744437
000d7d20_3460,11746.804509042156
000d7d20_3461,11746.805601711152
000d7d20_3462,11746.805880705222
000d7d20_3463,11746.80838500294
000d7d20_3464,11746.821054515198
000d7d20_3465,11746.814857869924
000d7d20_3466,11746.817362167643
000d7d20_3467,11746.814944933685
000d7d20_3468,11746.817449231405
000d7d20_3469,11746.819392768626
000d7d20_3470,11746.82698282074
000d7d20_3471,11746.828397068715
000d7d20_3472,11746.831171447
000d7d20_3473,11746.804336526578
000d7d20_3474,11746.80616905611
000d7d20_3475,11746.803935499825
000d7d20_3476,11746.805477921629
000d7d20_3477,11746.806736529956
000d7d20_3478,11746.818298254128
000d7d20_3479,11746.815474182706
000d7d20_3480,11746.8264276534
000d7d20_3481,11746.824370908333
000d7d20_3482,11746.833723922788
000d7d20_3483,11746.840612452073
000d7d20_3484,11746.83188380149
000d7d20_3485,11746.834388099209
000d7d20_3486,11746.836892396926
000d7d20_3487,11746.833914402472
000d7d20_3488,11746.842113280269
000d7d20_3489,11746.844405290085
000d7d20_3490,11746.85380694193
000d7d20_3491,11746.851225485254
000d7d20_3492,11746.853942070877
000d7d20_3493,11746.856234080693
000d7d20_3494,11746.870763830071
000d7d20_3495,11746.865803718916
000d7d20_3496,11746.86374697385
000d7d20_3497,11746.872887700401
000d7d20_3498,11746.871949615308
000d7d20_3499,11746.87056692725
000d7d20_3500,11746.869315846245
000d7d20_3501,11746.886255721356
000d7d20_3502,11746.878772760165
000d7d20_3503,11746.881277057882
000d7d20_3504,11746.883781355602
000d7d20_3505,11746.887916436403
000d7d20_3506,11746.891525661184
000d7d20_3507,11746.885811956585
000d7d20_3508,11746.89016848056
000d7d20_3509,11746.888685656697
000d7d20_3510,11746.866654393809
000d7d20_3511,11746.876078933838
000d7d20_3512,11746.89200772344
000d7d20_3513,11746.881223713968
000d7d20_3514,11746.883728011688
000d7d20_3515,11746.886232309407
000d7d20_3516,11746.90044849067
000d7d20_3517,11746.898509619748
000d7d20_3518,11746.901013917468
000d7d20_3519,11746.903034702309
000d7d20_3520,11746.905326712125
000d7d20_3521,11746.907831009845
000d7d20_3522,11746.91559215113
000d7d20_3523,11746.919847394895
000d7d20_3524,11746.916039703783
000d7d20_3525,11746.92277488224
000d7d20_3526,11746.925609342006
000d7d20_3527,11746.908878410233
000d7d20_3528,11746.906722101568
000d7d20_3529,11746.912420445307
000d7d20_3530,11746.908318641037
000d7d20_3531,11746.910822938757
000d7d20_3532,11746.913327236474
000d7d20_3533,11746.92411648445
000d7d20_3534,11746.926408494266
000d7d20_3535,11746.928912791986
000d7d20_3536,11746.944695669417
000d7d20_3537,11746.933921387425
000d7d20_3538,11746.936425685144
000d7d20_3539,11746.93448166438
000d7d20_3540,11746.941434280581
000d7d20_3541,11746.9439385783
000d7d20_3542,11746.951003918806
000d7d20_3543,11746.94894717374
000d7d20_3544,11746.942203500877
000d7d20_3545,11746.861434292432
000d7d20_3546,11746.867132636171
000d7d20_3547,11746.8727548767
000d7d20_3548,11746.868947185589
000d7d20_3549,11746.871451483308
000d7d20_3550,11746.885981232686
000d7d20_3551,11746.888485530406
000d7d20_3552,11746.890989828125
000d7d20_3553,11746.882229706289
000d7d20_3554,11746.889399760234
000d7d20_3555,11746.893158330413
000d7d20_3556,11746.894894157369
000d7d20_3557,11746.885470850411
000d7d20_3558,11746.894287136962
000d7d20_3559,11746.89858415166
000d7d20_3560,11746.886394235513
000d7d20_3561,11746.771682995206
000d7d20_3562,11746.774187292925
000d7d20_3563,11746.776691590645
000d7d20_3564,11746.779195888364
000d7d20_3565,11746.783571295091
000d7d20_3566,11746.78607559281
000d7d20_3567,11746.793877932827
000d7d20_3568,11746.763116544511
000d7d20_3569,11746.764662399542
000d7d20_3570,11746.774543558833
000d7d20_3571,11746.782291539414
000d7d20_3572,11746.784795837133
000d7d20_3573,11746.785325456813
000d7d20_3574,11746.789739773452
000d7d20_3575,11746.790334052252
000d7d20_3576,11746.7991503388
000d7d20_3577,11746.795106899397
000d7d20_3578,11746.771853407505
000d7d20_3579,11746.77376375686
000d7d20_3580,11746.726339770888
000d7d20_3581,11746.724106214602
000d7d20_3582,11746.726610512322
000d7d20_3583,11746.729114810041
000d7d20_3584,11746.732161557711
000d7d20_3585,11746.743827995324
000d7d20_3586,11746.736627703198
000d7d20_3587,11746.73934428882
000d7d20_3588,11746.741636298637
000d7d20_3589,11746.744140596356
000d7d20_3590,11746.746644894074
000d7d20_3591,11746.745566046651
000d7d20_3592,11746.753552636546
000d7d20_3593,11746.756056934266
000d7d20_3594,11746.769492056264
000d7d20_3595,11746.764648674845
000d7d20_3596,11746.767152972565
000d7d20_3597,11746.769657270284
000d7d20_3598,11746.766919601756
000d7d20_3599,11746.746114001098
000d7d20_3600,11746.76258524065
000d7d20_3601,11746.750910308632
000d7d20_3602,11746.76117370059
000d7d20_3603,11746.75147058559
000d7d20_3604,11746.764447371712
000d7d20_3605,11746.755266679502
000d7d20_3606,11746.772535572252
000d7d20_3607,11746.760062987038
000d7d20_3608,11746.762567284757
000d7d20_3609,11746.764003848712
000d7d20_3610,11746.76650814643
000d7d20_3611,11746.764544098507
000d7d20_3612,11746.756117571946
000d7d20_3613,11746.758621869665
000d7d20_3614,11746.761126167385
000d7d20_3615,11746.763630465104
000d7d20_3616,11746.760864758551
000d7d20_3617,11746.763156768367
000d7d20_3618,11746.765661066085
000d7d20_3619,11746.772938694492
000d7d20_3620,11746.78378058529
000d7d20_3621,11746.781105859267
000d7d20_3622,11746.775890544865
000d7d20_3623,11746.778394842584
000d7d20_3624,11746.780899140304
000d7d20_3625,11746.78373360007
000d7d20_3626,11746.794752874292
000d7d20_3627,11746.791606079481
000d7d20_3628,11746.786255724795
000d7d20_3629,11746.802884892815
000d7d20_3630,11746.79615838609
000d7d20_3631,11746.81239616617
000d7d20_3632,11746.808924359153
000d7d20_3633,11746.806631865795
000d7d20_3634,11746.805942117493
000d7d20_3635,11746.80697985485
000d7d20_3636,11746.815747504008
000d7d20_3637,11746.820835877656
000d7d20_3638,11746.824592159017
000d7d20_3639,11746.823590559214
000d7d20_3640,11746.818669930175
000d7d20_3641,11746.82179564208
000d7d20_3642,11746.822393354105
000d7d20_3643,11746.824897651824
000d7d20_3644,11746.74279978432
000d7d20_3645,11746.74530408204
000d7d20_3646,11746.758739204039
000d7d20_3647,11746.746546426868
000d7d20_3648,11746.722875797828
000d7d20_3649,11746.727924117155
000d7d20_3650,11746.725985246234
000d7d20_3651,11746.72404122547
000d7d20_3652,11746.745173071407
000d7d20_3653,11746.73349813939
000d7d20_3654,11746.736214725013
000d7d20_3655,11746.749437559109
000d7d20_3656,11746.741359505144
000d7d20_3657,11746.743515330267
000d7d20_3658,11746.746019627986
000d7d20_3659,11746.748736213609
000d7d20_3660,11746.751028223423
000d7d20_3661,11746.754778210536
000d7d20_3662,11746.756579268813
000d7d20_3663,11746.76630021082
000d7d20_3664,11746.7610454143
000d7d20_3665,11746.764795401412
000d7d20_3666,11746.770827340428
000d7d20_3667,11746.77196464138
000d7d20_3668,11746.769808332716
000d7d20_3669,11746.683622635623
000d7d20_3670,11746.68989032293
000d7d20_3671,11746.693428022138
000d7d20_3672,11746.705617454745
000d7d20_3673,11746.693639826499
000d7d20_3674,11746.694898434826
000d7d20_3675,11746.69886070984
000d7d20_3676,11746.699907030265
000d7d20_3677,11746.704199467327
000d7d20_3678,11746.704909331453
000d7d20_3679,11746.705334237691
000d7d20_3680,11746.720636463268
000d7d20_3681,11746.712209936706
000d7d20_3682,11746.714714234426
000d7d20_3683,11746.717218532145
000d7d20_3684,11746.723959432647
000d7d20_3685,11746.727709419758
000d7d20_3686,11746.730638865487
000d7d20_3687,11746.728699994566
000d7d20_3688,11746.74090888213
000d7d20_3689,11746.733708590004
000d7d20_3690,11746.736212887725
000d7d20_3691,11746.735346328203
000d7d20_3692,11746.740317972115
000d7d20_3693,11746.742609981931
000d7d20_3694,11746.746675825976
000d7d20_3695,11746.747270104774
000d7d20_3696,11746.760705226772
000d7d20_3697,11746.76598071132
000d7d20_3698,11746.768272721136
000d7d20_3699,11746.770777018855
000d7d20_3700,11746.767318944749
000d7d20_3701,11746.764546943945
000d7d20_3702,11746.762490198878
000d7d20_3703,11746.764994496598
000d7d20_3704,11746.7786419065
000d7d20_3705,11746.770003092035
000d7d20_3706,11746.772507389755
000d7d20_3707,11746.775011687474
000d7d20_3708,11746.776051713647
000d7d20_3709,11746.77876829927
000d7d20_3710,11746.782919974003
000d7d20_3711,11746.79705433001
000d7d20_3712,11746.781475246076
000d7d20_3713,11746.784891065707
000d7d20_3714,11746.690392380333
000d7d20_3715,11746.67728808125
000d7d20_3716,11746.688547681399
000d7d20_3717,11746.690440864615
000d7d20_3718,11746.688384119549
000d7d20_3719,11746.690888417268
000d7d20_3720,11746.71359668685
000d7d20_3721,11746.700562196727
000d7d20_3722,11746.700408031922
000d7d20_3723,11746.702912329642
000d7d20_3724,11746.70541662736
000d7d20_3725,11746.707920925079
000d7d20_3726,11746.653324926778
000d7d20_3727,11746.653958115488
000d7d20_3728,11746.666925746336
000d7d20_3729,11746.658966710926
000d7d20_3730,11746.595197128641
000d7d20_3731,11746.595993395658
000d7d20_3732,11746.592388264973
000d7d20_3733,11746.590398467843
000d7d20_3734,11746.593519029904
000d7d20_3735,11746.603782421862
000d7d20_3736,11746.595252898474
000d7d20_3737,11746.597757196194
000d7d20_3738,11746.598266216508
000d7d20_3739,11746.600770514227
000d7d20_3740,11746.603062524044
000d7d20_3741,11746.603431926438
000d7d20_3742,11746.616737157996
000d7d20_3743,11746.608098343531
000d7d20_3744,11746.601386714126
000d7d20_3745,11746.603891011846
000d7d20_3746,11746.604488723871
000d7d20_3747,11746.606780733688
000d7d20_3748,11746.617541371434
000d7d20_3749,11746.626656920984
000d7d20_3750,11746.518552927077
000d7d20_3751,11746.483731747196
000d7d20_3752,11746.517671820671
000d7d20_3753,11746.47307166435
000d7d20_3754,11746.469517459873
000d7d20_3755,11746.477052580345
000d7d20_3756,11746.481541283581
000d7d20_3757,11746.482403926333
000d7d20_3758,11746.485278440421
000d7d20_3759,11746.490976784162
000d7d20_3760,11746.494947642244
000d7d20_3761,11746.489410176657
000d7d20_3762,11746.49327517689
000d7d20_3763,11746.488456972475
000d7d20_3764,11746.499934010366
000d7d20_3765,11746.386568595255
000d7d20_3766,11746.385837648224
000d7d20_3767,11746.384570545491
000d7d20_3768,11746.387074843211
000d7d20_3769,11746.398415124206
000d7d20_3770,11746.392083438648
000d7d20_3771,11746.394587736368
000d7d20_3772,11746.402122856842
000d7d20_3773,11746.414172099323
000d7d20_3774,11746.402100629526
000d7d20_3775,11746.414454857053
000d7d20_3776,11746.404346621202
000d7d20_3777,11746.408066853677
000d7d20_3778,11746.437286239287
000d7d20_3779,11746.449790384417
000d7d20_3780,11746.41712641584
000d7d20_3781,11746.419630713559
000d7d20_3782,11746.412063638292
000d7d20_3783,11746.424639308996
000d7d20_3784,11746.445442709499
000d7d20_3785,11746.440172463455
000d7d20_3786,11746.43639052155
000d7d20_3787,11746.441936086665
000d7d20_3788,11746.432189484116
000d7d20_3789,11746.453153674107
000d7d20_3790,11746.444887937036
000d7d20_3791,11746.447179946854
000d7d20_3792,11746.45445757526
000d7d20_3793,11746.346991017266
000d7d20_3794,11746.350749587447
000d7d20_3795,11746.352293725864
000d7d20_3796,11746.352193920495
000d7d20_3797,11746.354698218214
000d7d20_3798,11746.357414803835
000d7d20_3799,11746.359706813651
000d7d20_3800,11746.241652754132
000d7d20_3801,11746.245294594577
000d7d20_3802,11746.246449061668
000d7d20_3803,11746.247701375743
000d7d20_3804,11746.265636886843
000d7d20_3805,11746.265320215934
000d7d20_3806,11746.257832677105
000d7d20_3807,11746.18968744632
000d7d20_3808,11746.198493433187
000d7d20_3809,11746.202856823618
000d7d20_3810,11746.213194602173
000d7d20_3811,11746.206006326345
000d7d20_3812,11746.210256992472
000d7d20_3813,11746.218283636688
000d7d20_3814,11746.234543732746
000d7d20_3815,11746.223292232125
000d7d20_3816,11746.237891790464
000d7d20_3817,11746.228843277515
000d7d20_3818,11746.23710052018
000d7d20_3819,11746.233309423002
000d7d20_3820,11746.227489288349
000d7d20_3821,11746.215709642891
000d7d20_3822,11746.193452931393
000d7d20_3823,11746.169549415086
000d7d20_3824,11746.219445985755
000d7d20_3825,11746.25650514645
000d7d20_3826,11746.241151511125
000d7d20_3827,11746.254059060491
000d7d20_3828,11746.256282405757
000d7d20_3829,11746.258786703476
000d7d20_3830,11746.247804139013
000d7d20_3831,11746.266524142604
000d7d20_3832,11746.26846081337
000d7d20_3833,11746.235177147222
000d7d20_3834,11746.207816942988
000d7d20_3835,11746.263406949325
000d7d20_3836,11746.23454699686
000d7d20_3837,11746.254807375208
000d7d20_3838,11746.21664566493
000d7d20_3839,11746.224530402407
000d7d20_3840,11746.27592843792
000d7d20_3841,11746.278432735638
000d7d20_3842,11746.280937033358
000d7d20_3843,11746.281432892967
000d7d20_3844,11746.29716369978
000d7d20_3845,11746.307992429873
000d7d20_3846,11746.310496727592
000d7d20_3847,11746.245404208294
000d7d20_3848,11746.033682546235
000d7d20_3849,11746.08999295815
000d7d20_3850,11746.09022846467
000d7d20_3851,11746.09500155359
000d7d20_3852,11746.093739600698
000d7d20_3853,11746.26050495341
000d7d20_3854,11746.212039555085
000d7d20_3855,11746.190834555622
000d7d20_3856,11746.235426789743
000d7d20_3857,11746.244987514465
000d7d20_3858,11746.235990499928
000d7d20_3859,11746.206900521218
000d7d20_3860,11746.271328227445
000d7d20_3861,11746.255004705341
000d7d20_3862,11746.252031860726
000d7d20_3863,11746.260013300778
000d7d20_3864,11746.286856892932
000d7d20_3865,11746.282693290565
000d7d20_3866,11746.125267549833
000d7d20_3867,11746.12777184755
000d7d20_3868,11746.12279857569
000d7d20_3869,11746.13278044299
000d7d20_3870,11746.135467846178
000d7d20_3871,11746.137972143897
000d7d20_3872,11746.136710191005
000d7d20_3873,11746.141085597734
000d7d20_3874,11746.132904546941
000d7d20_3875,11746.146094193171
000d7d20_3876,11746.150588046248
000d7d20_3877,11746.153092343968
000d7d20_3878,11746.15719023147
000d7d20_3879,11746.15969452919
000d7d20_3880,11746.14641856873
000d7d20_3881,11746.152204459771
000d7d20_3882,11746.175806512922
000d7d20_3883,11746.148363911227
000d7d20_3884,11746.161588461937
000d7d20_3885,11746.164092759656
000d7d20_3886,11746.1711752663
000d7d20_3887,11746.174596807976
000d7d20_3888,11746.178355378155
000d7d20_3889,11746.181071963778
000d7d20_3890,11746.183576261496
000d7d20_3891,11746.184613998852
000d7d20_3892,11746.1832198667
000d7d20_3893,11746.19087686675
000d7d20_3894,11746.190728996196
000d7d20_3895,11746.196667665863
000d7d20_3896,11746.190772572409
000d7d20_3897,11746.193276870126
000d7d20_3898,11746.188303598266
000d7d20_3899,11746.20345476183
000d7d20_3900,11746.201332213235
000d7d20_3901,11746.203836510955
000d7d20_3902,11746.263514346881
000d7d20_3903,11746.211866918831
000d7d20_3904,11746.206893646971
000d7d20_3905,11746.269360980274
000d7d20_3906,11746.229475217568
000d7d20_3907,11746.246640541287
000d7d20_3908,11746.227651690202
000d7d20_3909,11746.220374150458
000d7d20_3910,11746.216819373776
000d7d20_3911,11746.231295908128
000d7d20_3912,11746.236137661597
000d7d20_3913,11746.244029837733
000d7d20_3914,11746.239414193742
000d7d20_3915,11746.237025570013
000d7d20_3916,11746.2369452196
000d7d20_3917,11746.248982445786
000d7d20_3918,11746.249431384618
000d7d20_3919,11746.251935682338
000d7d20_3920,11746.253852325943
000d7d20_3921,11746.248487093937
000d7d20_3922,11746.252618169305
000d7d20_3923,11746.270763107283
000d7d20_3924,11746.260892908542
000d7d20_3925,11746.266750897363
000d7d20_3926,11746.240652404249
000d7d20_3927,11746.247021371768
000d7d20_3928,11746.158185223016
000d7d20_3929,11746.173906874556
000d7d20_3930,11746.18835250986
000d7d20_3931,11746.174022548545
000d7d20_3932,11746.179548658703
000d7d20_3933,11746.177160034975
000d7d20_3934,11746.192209918327
000d7d20_3935,11746.1804840601
000d7d20_3936,11746.182816124237
000d7d20_3937,11746.19584154775
000d7d20_3938,11746.189695828685
000d7d20_3939,11746.187307204957
000d7d20_3940,11746.177545725088
000d7d20_3941,11746.192315800394
000d7d20_3942,11746.215631179046
000d7d20_3943,11746.19084646767
000d7d20_3944,11746.206578418893
000d7d20_3945,11746.209171980528
000d7d20_3946,11746.198128762378
000d7d20_3947,11746.214091312051
000d7d20_3948,11746.221488531217
000d7d20_3949,11746.219099907488
000d7d20_3950,11746.226450205879
000d7d20_3951,11746.240612599911
000d7d20_3952,11746.23107656865
000d7d20_3953,11746.227650538001
000d7d20_3954,11746.224871670742
000d7d20_3955,11746.227375968461
000d7d20_3956,11746.228415994636
000d7d20_3957,11746.229347874141
000d7d20_3958,11746.228271887741
000d7d20_3959,11746.235928887792
000d7d20_3960,11746.131433788234
000d7d20_3961,11746.133938085954
000d7d20_3962,11746.136442383671
000d7d20_3963,11746.141375689875
000d7d20_3964,11746.144317724105
000d7d20_3965,11746.153410385472
000d7d20_3966,11746.147298426476
000d7d20_3967,11746.167165128065
000d7d20_3968,11746.163610923588
000d7d20_3969,11746.162398752494
000d7d20_3970,11746.177884655744
000d7d20_3971,11746.167407347933
000d7d20_3972,11746.170029519799
000d7d20_3973,11746.16468259834
000d7d20_3974,11746.17492024109
000d7d20_3975,11746.18061858483
000d7d20_3976,11746.178462276166
000d7d20_3977,11746.186619383026
000d7d20_3978,11746.185615494405
000d7d20_3979,11746.181747149609
000d7d20_3980,11746.184793897279
000d7d20_3981,11746.191816894643
000d7d20_3982,11746.180721605875
000d7d20_3983,11746.195992360199
000d7d20_3984,11746.209738189289
000d7d20_3985,11746.202255228098
000d7d20_3986,11746.192544102232
000d7d20_3987,11746.19985892394
000d7d20_3988,11746.213289468302
000d7d20_3989,11746.206790126798
000d7d20_3990,11746.205233488545
000d7d20_3991,11746.210206276863
000d7d20_3992,11746.212168124632
000d7d20_3993,11746.222484731616
000d7d20_3994,11746.212372490334
000d7d20_3995,11746.220029490383
000d7d20_3996,11745.80620116176
000d7d20_3997,11745.792371307258
000d7d20_3998,11745.79805992352
000d7d20_3999,11745.8160555161
000d7d20_4000,11745.814728331885
000d7d20_4001,11745.815511438197
000d7d20_4002,11745.82284571486
000d7d20_4003,11745.808238806523
000d7d20_4004,11745.810743104243
000d7d20_4005,11745.807023532638
000d7d20_4006,11745.813588766332
000d7d20_4007,11745.816093064052
000d7d20_4008,11745.82744250032
000d7d20_4009,11745.820271962833
000d7d20_4010,11745.828402748284
000d7d20_4011,11745.826110254926
000d7d20_4012,11745.825913746981
000d7d20_4013,11745.826887397423
000d7d20_4014,11745.827376390576
000d7d20_4015,11745.834256336795
000d7d20_4016,11745.83128349218
000d7d20_4017,11745.857754579145
000d7d20_4018,11745.840896617952
000d7d20_4019,11745.838314016868
000d7d20_4020,11745.844618897472
000d7d20_4021,11745.83188481476
000d7d20_4022,11745.826005170828
000d7d20_4023,11745.836893410196
000d7d20_4024,11745.839609995819
000d7d20_4025,11745.847937047445
000d7d20_4026,11745.851368316598
000d7d20_4027,11745.853872614318
000d7d20_4028,11745.853870655934
000d7d20_4029,11745.862367652322
000d7d20_4030,11745.861173219573
000d7d20_4031,11745.866368023273
000d7d20_4032,11745.87030454908
000d7d20_4033,11745.87226639685
000d7d20_4034,11745.868317371203
000d7d20_4035,11745.868560888588
000d7d20_4036,11745.855375908659
000d7d20_4037,11745.86504649666
000d7d20_4038,11745.867008344429
000d7d20_4039,11745.868835151912
000d7d20_4040,11745.870762667406
000d7d20_4041,11745.874733525488
000d7d20_4042,11745.876678207118
000d7d20_4043,11745.87806556148
000d7d20_4044,11745.881422444036
000d7d20_4045,11745.88351074902
000d7d20_4046,11745.895430673263
000d7d20_4047,11745.867681942113
000d7d20_4048,11745.872361761683
000d7d20_4049,11745.874866059403
000d7d20_4050,11745.86701917609
000d7d20_4051,11745.871486707758
000d7d20_4052,11745.883268730697
000d7d20_4053,11745.885560740513
000d7d20_4054,11745.887235341575
000d7d20_4055,11745.877055580153
000d7d20_4056,11745.882543924807
000d7d20_4057,11745.881572079643
000d7d20_4058,11745.88776251933
000d7d20_4059,11745.89152108951
000d7d20_4060,11745.89456783718
000d7d20_4061,11745.899088583874
000d7d20_4062,11745.89957643262
000d7d20_4063,11745.905004695793
000d7d20_4064,11745.92430777586
000d7d20_4065,11745.909669396271
000d7d20_4066,11745.79848064742
000d7d20_4067,11745.847492017589
000d7d20_4068,11745.855050026244
000d7d20_4069,11745.875817377859
000d7d20_4070,11745.882407788553
000d7d20_4071,11745.90126054361
000d7d20_4072,11745.88991577364
000d7d20_4073,11745.855577534432
000d7d20_4074,11745.87869149707
000d7d20_4075,11745.879203950612
000d7d20_4076,11745.886601169777
000d7d20_4077,11745.870649580656
000d7d20_4078,11745.88501911275
000d7d20_4079,11745.882936046271
000d7d20_4080,11745.891734022274
000d7d20_4081,11745.903643646838
000d7d20_4082,11745.882840907203
000d7d20_4083,11745.764342816921
000d7d20_4084,11745.76239879616
000d7d20_4085,11745.794730974738
000d7d20_4086,11745.772067997981
000d7d20_4087,11745.781050223863
000d7d20_4088,11745.78027063944
000d7d20_4089,11745.74546090365
000d7d20_4090,11745.727728041642
000d7d20_4091,11745.742043214299
000d7d20_4092,11745.74325375744
000d7d20_4093,11745.777208708236
000d7d20_4094,11745.763393731053
000d7d20_4095,11745.742590991418
000d7d20_4096,11745.747460782912
000d7d20_4097,11745.747387298954
000d7d20_4098,11745.750434046624
000d7d20_4099,11745.768692853315
000d7d20_4100,11745.768333267062
000d7d20_4101,11745.770507402733
000d7d20_4102,11745.765847698987
000d7d20_4103,11745.77730356531
000d7d20_4104,11745.783133516104
000d7d20_4105,11745.800330311078
000d7d20_4106,11745.678916266206
000d7d20_4107,11745.679834412802
000d7d20_4108,11745.669474406932
000d7d20_4109,11745.6714362547
000d7d20_4110,11745.673940552419
000d7d20_4111,11745.676444850138
000d7d20_4112,11745.678949147858
000d7d20_4113,11745.68984139266
000d7d20_4114,11745.679622721324
000d7d20_4115,11745.683372708434
000d7d20_4116,11745.687720649341
000d7d20_4117,11745.690620340432
000d7d20_4118,11745.69093423898
000d7d20_4119,11745.69490452486
000d7d20_4120,11745.701175073189
000d7d20_4121,11745.703679370909
000d7d20_4122,11745.700980612291
000d7d20_4123,11745.701667588233
000d7d20_4124,11745.709199847683
000d7d20_4125,11745.712294088335
000d7d20_4126,11745.712763626532
000d7d20_4127,11745.715480212155
000d7d20_4128,11745.71651794951
000d7d20_4129,11745.718812248144
000d7d20_4130,11745.718332498927
000d7d20_4131,11745.725285115128
000d7d20_4132,11745.727789412847
000d7d20_4133,11745.730836160517
000d7d20_4134,11745.742955784164
000d7d20_4135,11745.747720862219
000d7d20_4136,11745.749657532984
000d7d20_4137,11745.752729457656
000d7d20_4138,11745.765170088078
000d7d20_4139,11745.767674385796
000d7d20_4140,11745.760454638716
000d7d20_4141,11745.762746648532
000d7d20_4142,11745.765250946251
000d7d20_4143,11745.76775524397
000d7d20_4144,11745.770259541689
000d7d20_4145,11745.7853042752
000d7d20_4146,11745.78520446983
000d7d20_4147,11745.78770876755
000d7d20_4148,11745.79021306527
000d7d20_4149,11745.781529046642
000d7d20_4150,11745.790294406983
000d7d20_4151,11745.78420648058
000d7d20_4152,11745.781558075969
000d7d20_4153,11745.789427363921
000d7d20_4154,11745.815567716634
000d7d20_4155,11745.800384598277
000d7d20_4156,11745.807069422728
000d7d20_4157,11745.809573720448
000d7d20_4158,11745.813455886819
000d7d20_4159,11745.814582315887
000d7d20_4160,11745.827022946309
000d7d20_4161,11745.829527244026
000d7d20_4162,11745.832031541746
000d7d20_4163,11745.834535839465
000d7d20_4164,11745.828304289711
000d7d20_4165,11745.839544434903
000d7d20_4166,11745.84523247896
000d7d20_4167,11745.847736776679
000d7d20_4168,11745.841600785092
000d7d20_4169,11745.84302418834
000d7d20_4170,11745.861498716162
000d7d20_4171,11745.86209528378
000d7d20_4172,11745.590261240739
000d7d20_4173,11745.592765538458
000d7d20_4174,11745.6381708753
000d7d20_4175,11745.597774133896
000d7d20_4176,11745.600278431615
000d7d20_4177,11745.608143714137
000d7d20_4178,11745.621718454055
000d7d20_4179,11745.611021991886
000d7d20_4180,11745.613526289606
000d7d20_4181,11745.616030587324
000d7d20_4182,11745.62177814066
000d7d20_4183,11745.621039182763
000d7d20_4184,11745.624089935865
000d7d20_4185,11745.626047778202
000d7d20_4186,11745.636230489312
000d7d20_4187,11745.633163803144
000d7d20_4188,11745.64907828763
000d7d20_4189,11745.661461125388
000d7d20_4190,11745.629537017347
000d7d20_4191,11745.641073564515
000d7d20_4192,11745.643577862234
000d7d20_4193,11745.657384345011
000d7d20_4194,11745.654027551118
000d7d20_4195,11745.652637424399
000d7d20_4196,11745.663265310679
000d7d20_4197,11745.658346398253
000d7d20_4198,11745.660150317555
000d7d20_4199,11745.559329915872
000d7d20_4200,11745.575661537505
000d7d20_4201,11745.573370760761
000d7d20_4202,11745.572391476937
000d7d20_4203,11745.579079734618
000d7d20_4204,11745.580883653918
000d7d20_4205,11745.579904370095
000d7d20_4206,11745.506529761564
000d7d20_4207,11745.518383310076
000d7d20_4208,11745.511538357001
000d7d20_4209,11745.514042654722
000d7d20_4210,11745.526226365282
000d7d20_4211,11745.51905125016
000d7d20_4212,11745.526872472927
000d7d20_4213,11745.539242722185
000d7d20_4214,11745.525247500555
000d7d20_4215,11745.536216420773
000d7d20_4216,11745.5377742921
000d7d20_4217,11745.52950626621
000d7d20_4218,11745.536811360438
000d7d20_4219,11745.547129684037
000d7d20_4220,11745.541819955877
000d7d20_4221,11745.539523457086
000d7d20_4222,11745.552189536116
000d7d20_4223,11745.553227273473
000d7d20_4224,11745.54898184585
000d7d20_4225,11745.555041822889
000d7d20_4226,11745.56535671326
000d7d20_4227,11745.55935003991
000d7d20_4228,11745.57216203111
000d7d20_4229,11745.57770187418
000d7d20_4230,11745.550571696189
000d7d20_4231,11745.550220693005
000d7d20_4232,11745.579121932864
000d7d20_4233,11745.553682619437
000d7d20_4234,11745.562890293926
000d7d20_4235,11745.577114486054
000d7d20_4236,11745.565597482504
000d7d20_4237,11745.56524647932
000d7d20_4238,11745.570606077943
000d7d20_4239,11745.583087907095
000d7d20_4240,11745.580975658182
000d7d20_4241,11745.575263670196
000d7d20_4242,11745.58062326882
000d7d20_4243,11745.59868638154
000d7d20_4244,11745.584167592711
000d7d20_4245,11745.602379478627
000d7d20_4246,11745.60436593119
000d7d20_4247,11745.595086247587
000d7d20_4248,11745.619190696369
000d7d20_4249,11745.621432924385
000d7d20_4250,11745.600657650572
000d7d20_4251,11745.613469641772
000d7d20_4252,11745.601156701638
000d7d20_4253,11745.608170543728
000d7d20_4254,11745.605874044939
000d7d20_4255,11745.60835488227
000d7d20_4256,11745.60605838348
000d7d20_4257,11745.625913068772
000d7d20_4258,11745.626210373388
000d7d20_4259,11745.620343317958
000d7d20_4260,11745.50609441896
000d7d20_4261,11745.512552650396
000d7d20_4262,11745.517028192928
000d7d20_4263,11745.530060482895
000d7d20_4264,11745.517054603002
000d7d20_4265,11745.53634395016
000d7d20_4266,11745.548923626297
000d7d20_4267,11745.532790076115
000d7d20_4268,11745.53453219732
000d7d20_4269,11745.53148153288
000d7d20_4270,11745.553035665806
000d7d20_4271,11745.536086151878
000d7d20_4272,11745.542071170117
000d7d20_4273,11745.550532117617
000d7d20_4274,11745.547079765556
000d7d20_4275,11745.45085531114
000d7d20_4276,11745.557669644564
000d7d20_4277,11745.472699882224
000d7d20_4278,11745.45392045802
000d7d20_4279,11745.58415684192
000d7d20_4280,11745.524699393423
000d7d20_4281,11745.592429292337
000d7d20_4282,11745.586129650237
000d7d20_4283,11745.587415724385
000d7d20_4284,11745.59463327131
000d7d20_4285,11745.544672130187
000d7d20_4286,11745.599057073658
000d7d20_4287,11745.6035589376
000d7d20_4288,11745.59993721298
000d7d20_4289,11745.495139989398
000d7d20_4290,11745.611011177072
000d7d20_4291,11745.610402109618
000d7d20_4292,11745.613802479724
000d7d20_4293,11745.614979262795
000d7d20_4294,11745.614437715481
000d7d20_4295,11745.616124905046
000d7d20_4296,11745.619735846443
000d7d20_4297,11745.619123345761
000d7d20_4298,11745.624265506638
000d7d20_4299,11745.628236364722
000d7d20_4300,11745.630466004237
000d7d20_4301,11745.63324496016
000d7d20_4302,11745.63724900611
000d7d20_4303,11745.63473564178
000d7d20_4304,11745.644050890733
000d7d20_4305,11745.646456197057
000d7d20_4306,11745.55114326455
000d7d20_4307,11745.55364756227
000d7d20_4308,11745.544351284732
000d7d20_4309,11745.522801245905
000d7d20_4310,11745.525305543624
000d7d20_4311,11745.527809841342
000d7d20_4312,11745.530656317405
000d7d20_4313,11745.541083932081
000d7d20_4314,11745.5353227345
000d7d20_4315,11745.537827032218
000d7d20_4316,11745.544531311627
000d7d20_4317,11745.539387522798
000d7d20_4318,11745.545191724388
000d7d20_4319,11745.554497818066
000d7d20_4320,11745.551866007387
000d7d20_4321,11745.542038151785
000d7d20_4322,11745.551909011394
000d7d20_4323,11745.554413309113
000d7d20_4324,11745.542300640585
000d7d20_4325,11745.55942190455
000d7d20_4326,11745.56192620227
000d7d20_4327,11745.56443049999
000d7d20_4328,11745.565792105142
000d7d20_4329,11745.568481224944
000d7d20_4330,11745.572380557453
000d7d20_4331,11745.577574216744
000d7d20_4332,11745.580826958067
000d7d20_4333,11745.579893450611
000d7d20_4334,11745.58239774833
000d7d20_4335,11745.586144874418
000d7d20_4336,11745.563322824786
000d7d20_4337,11745.569345036323
000d7d20_4338,11745.568331420225
000d7d20_4339,11745.527993615893
000d7d20_4340,11745.519846897376
000d7d20_4341,11745.525764395474
000d7d20_4342,11745.530303452713
000d7d20_4343,11745.531047649114
000d7d20_4344,11745.53882996197
000d7d20_4345,11745.536168968858
000d7d20_4346,11745.540270861791
000d7d20_4347,11745.439806371363
000d7d20_4348,11745.550990059037
000d7d20_4349,11745.54765043128
000d7d20_4350,11745.59815067779
000d7d20_4351,11745.599436751938
000d7d20_4352,11745.60079835709
000d7d20_4353,11745.604445347375
000d7d20_4354,11745.605806952528
000d7d20_4355,11745.612971856632
000d7d20_4356,11745.615476154351
000d7d20_4357,11745.616513891706
000d7d20_4358,11745.622730652804
000d7d20_4359,11745.618745006064
000d7d20_4360,11745.611937818494
000d7d20_4361,11745.621123749208
000d7d20_4362,11745.615043261467
000d7d20_4363,11745.553473805829
000d7d20_4364,11745.555583854584
000d7d20_4365,11745.55590233077
000d7d20_4366,11745.543000592113
000d7d20_4367,11745.58161214386
000d7d20_4368,11745.566497117848
000d7d20_4369,11745.56228945573
000d7d20_4370,11745.568641829315
000d7d20_4371,11745.570250054647
000d7d20_4372,11745.573089664254
000d7d20_4373,11745.580038275024
000d7d20_4374,11745.579620896107
000d7d20_4375,11745.589460284464
000d7d20_4376,11745.58310685513
000d7d20_4377,11745.58903579732
000d7d20_4378,11745.593150278755
000d7d20_4379,11745.594352238828
000d7d20_4380,11745.59904235808
000d7d20_4381,11745.599018083716
000d7d20_4382,11745.601534969937
000d7d20_4383,11745.605757025834
000d7d20_4384,11745.613193154913
000d7d20_4385,11745.609047863094
000d7d20_4386,11745.61188232286
000d7d20_4387,11745.619294991553
000d7d20_4388,11745.6168909183
000d7d20_4389,11745.621581037552
000d7d20_4390,11745.621899513739
000d7d20_4391,11745.617732478144
000d7d20_4392,11745.624475095261
000d7d20_4393,11745.639130729649
000d7d20_4394,11745.63760212942
000d7d20_4395,11745.639785992567
000d7d20_4396,11745.642290290287
000d7d20_4397,11745.645115022577
000d7d20_4398,11745.671808124922
000d7d20_4399,11745.673991988071
000d7d20_4400,11745.675955552451
000d7d20_4401,11745.67259646974
000d7d20_4402,11745.67634645685
000d7d20_4403,11745.667166336845
000d7d20_4404,11745.671339755352
000d7d20_4405,11745.672692205233
000d7d20_4406,11745.680365227012
000d7d20_4407,11745.678920168652
000d7d20_4408,11745.677548924683
000d7d20_4409,11745.685547530875
000d7d20_4410,11745.615630754679
000d7d20_4411,11745.617280750947
000d7d20_4412,11745.620090605917
000d7d20_4413,11745.624437974619
000d7d20_4414,11745.621556110535
000d7d20_4415,11745.628508726735
000d7d20_4416,11745.631555474405
000d7d20_4417,11745.624989184966
000d7d20_4418,11745.645079046344
000d7d20_4419,11745.641932251534
000d7d20_4420,11745.641350649901
000d7d20_4421,11745.643534513049
000d7d20_4422,11745.646571533242
000d7d20_4423,11745.649075830961
000d7d20_4424,11745.649583134662
000d7d20_4425,11745.652712851997
000d7d20_4426,11745.6545917301
000d7d20_4427,11745.656275486435
000d7d20_4428,11745.652162810278
000d7d20_4429,11745.665193955836
000d7d20_4430,11745.669753612443
000d7d20_4431,11745.670522985845
000d7d20_4432,11745.673027283565
000d7d20_4433,11745.675211146714
000d7d20_4434,11745.678035879002
000d7d20_4435,11745.688851448389
000d7d20_4436,11745.680896418411
000d7d20_4437,11745.684544553105
000d7d20_4438,11745.68805306988
000d7d20_4439,11745.689093096053
000d7d20_4440,11745.691597393772
000d7d20_4441,11745.701106047874
000d7d20_4442,11745.70570690321
000d7d20_4443,11745.583319538333
000d7d20_4444,11745.501364721977
000d7d20_4445,11745.666908990093
000d7d20_4446,11745.672275455172
000d7d20_4447,11745.665542654197
000d7d20_4448,11745.667726517346
000d7d20_4449,11745.684026667726
000d7d20_4450,11745.686530965446
000d7d20_4451,11745.689035263164
000d7d20_4452,11745.691539560883
000d7d20_4453,11745.544649251058
000d7d20_4454,11745.555620460093
000d7d20_4455,11745.577709032104
000d7d20_4456,11745.578852055103
000d7d20_4457,11745.588151282327
000d7d20_4458,11745.590655580047
000d7d20_4459,11745.590394412982
000d7d20_4460,11745.595664175486
000d7d20_4461,11745.585222344358
000d7d20_4462,11745.582081271594
000d7d20_4463,11745.60098151963
000d7d20_4464,11745.60198606912
000d7d20_4465,11745.604490366839
000d7d20_4466,11745.61212848414
000d7d20_4467,11745.600276740903
000d7d20_4468,11745.607200746874
000d7d20_4469,11745.609917332495
000d7d20_4470,11745.61745874722
000d7d20_4471,11745.525601358231
000d7d20_4472,11745.522500911993
000d7d20_4473,11745.521552527218
000d7d20_4474,11745.521969422593
000d7d20_4475,11745.526561122655
000d7d20_4476,11745.529065420375
000d7d20_4477,11745.540570496292
000d7d20_4478,11745.532316203313
000d7d20_4479,11745.53841566247
000d7d20_4480,11745.540804947066
000d7d20_4481,11745.54158690897
000d7d20_4482,11745.54463365664
000d7d20_4483,11745.542949416762
000d7d20_4484,11745.549099802127
000d7d20_4485,11745.558025951957
000d7d20_4486,11745.560530249677
000d7d20_4487,11745.556985772677
000d7d20_4488,11745.565751133017
000d7d20_4489,11745.560157019177
000d7d20_4490,11745.56430869391
000d7d20_4491,11745.567025279532
000d7d20_4492,11745.569529577251
000d7d20_4493,11745.571821587067
000d7d20_4494,11745.574325884787
000d7d20_4495,11745.56220463319
000d7d20_4496,11745.579151374755
000d7d20_4497,11745.565859392567
000d7d20_4498,11745.563928532512
000d7d20_4499,11745.56643283023
000d7d20_4500,11745.56893712795
000d7d20_4501,11745.582341923106
000d7d20_4502,11745.596014510009
000d7d20_4503,11745.598306519825
000d7d20_4504,11745.60277004606
000d7d20_4505,11745.60811190634
000d7d20_4506,11745.606031700885
000d7d20_4507,11745.608323710701
000d7d20_4508,11745.608520307309
000d7d20_4509,11745.608439384692
000d7d20_4510,11745.615836603858
000d7d20_4511,11745.618340901578
000d7d20_4512,11745.615952277849
000d7d20_4513,11745.623561784918
000d7d20_4514,11745.620960873286
000d7d20_4515,11745.626893820909
000d7d20_4516,11745.62450519718
000d7d20_4517,11745.62812929928
000d7d20_4518,11745.524422697647
000d7d20_4519,11745.549083901495
000d7d20_4520,11745.55194182165
000d7d20_4521,11745.549554914534
000d7d20_4522,11745.556950417089
000d7d20_4523,11745.558770930322
000d7d20_4524,11745.560328229445
000d7d20_4525,11745.56283824921
000d7d20_4526,11745.560391260613
000d7d20_4527,11745.563987896894
000d7d20_4528,11745.57056343027
000d7d20_4529,11745.572855440087
000d7d20_4530,11745.575902187757
000d7d20_4531,11745.580078467287
000d7d20_4532,11745.581993394278
000d7d20_4533,11745.591930057415
000d7d20_4534,11745.585023306245
000d7d20_4535,11745.589152665
000d7d20_4536,11745.590597812023
000d7d20_4537,11745.592889821839
000d7d20_4538,11745.595394119558
000d7d20_4539,11745.59526570396
000d7d20_4540,11745.600402714997
000d7d20_4541,11745.61284220101
000d7d20_4542,11745.603882951975
000d7d20_4543,11745.607915608154
000d7d20_4544,11745.608757079335
000d7d20_4545,11745.611675653177
000d7d20_4546,11745.613765674772
000d7d20_4547,11745.616812422442
000d7d20_4548,11745.618774270211
000d7d20_4549,11745.619191165586
000d7d20_4550,11745.623782865649
000d7d20_4551,11745.631413544288
000d7d20_4552,11745.640383753873
000d7d20_4553,11745.642893773638
000d7d20_4554,11745.645398071358
000d7d20_4555,11745.647902369075
000d7d20_4556,11745.652359028856
000d7d20_4557,11745.65872227433
000d7d20_4558,11745.665097536097
000d7d20_4559,11745.667601833817
000d7d20_4560,11745.670106131536
000d7d20_4561,11745.674812272517
000d7d20_4562,11745.678519916488
000d7d20_4563,11745.677619024693
000d7d20_4564,11745.680123322412
000d7d20_4565,11745.60720590535
000d7d20_4566,11745.600529752628
000d7d20_4567,11745.599468071345
000d7d20_4568,11745.601972369062
000d7d20_4569,11745.601644254062
000d7d20_4570,11745.606980964501
000d7d20_4571,11745.598100679701
000d7d20_4572,11745.600934567263
000d7d20_4573,11745.602896415032
000d7d20_4574,11745.610203798078
000d7d20_4575,11745.612708095796
000d7d20_4576,11745.62100482058
000d7d20_4577,11745.609821412305
000d7d20_4578,11745.61262554523
000d7d20_4579,11745.610952749441
000d7d20_4580,11745.61345704716
000d7d20_4581,11745.613023646516
000d7d20_4582,11745.618372945455
000d7d20_4583,11745.622311187877
000d7d20_4584,11745.625028345703
000d7d20_4585,11745.627532643422
000d7d20_4586,11745.630036941142
000d7d20_4587,11745.634209787444
000d7d20_4588,11745.638166340412
000d7d20_4589,11745.640438323067
000d7d20_4590,11745.644461251768
000d7d20_4591,11745.652242420216
000d7d20_4592,11745.662186522011
000d7d20_4593,11745.66708950137
000d7d20_4594,11745.67496451137
000d7d20_4595,11745.669267972908
000d7d20_4596,11745.674373512693
000d7d20_4597,11745.67171766942
000d7d20_4598,11745.659100888648
000d7d20_4599,11745.668401832485
000d7d20_4600,11745.671128145585
000d7d20_4601,11745.673410427924
000d7d20_4602,11745.669782981258
000d7d20_4603,11745.665811067429
000d7d20_4604,11745.674791576695
000d7d20_4605,11745.669185446559
000d7d20_4606,11745.671369309708
000d7d20_4607,11745.676738063603
000d7d20_4608,11745.676155889765
000d7d20_4609,11745.678339752914
000d7d20_4610,11745.690221339451
000d7d20_4611,11745.68373973629
000d7d20_4612,11745.689301895338
000d7d20_4613,11745.692126627628
000d7d20_4614,11745.691505543877
000d7d20_4615,11745.693365539228
000d7d20_4616,11745.695505914828
000d7d20_4617,11745.701781040794
000d7d20_4618,11745.699627593152
000d7d20_4619,11745.70213189087
000d7d20_4620,11745.708243366324
000d7d20_4621,11745.7102933336
000d7d20_4622,11745.656343926485
000d7d20_4623,11745.65906108431
000d7d20_4624,11745.661894971874
000d7d20_4625,11745.662864616883
000d7d20_4626,11745.66514689922
000d7d20_4627,11745.66733076237
000d7d20_4628,11745.66983506009
000d7d20_4629,11745.682375826313
000d7d20_4630,11745.684626065195
000d7d20_4631,11745.68645172827
000d7d20_4632,11745.691014818103
000d7d20_4633,11745.694203472513
000d7d20_4634,11745.701533743742
000d7d20_4635,11745.706559174883
000d7d20_4636,11745.707279338692
000d7d20_4637,11745.709783636412
000d7d20_4638,11745.714197953052
000d7d20_4639,11745.70830228739
000d7d20_4640,11745.719573903836
000d7d20_4641,11745.724671432756
000d7d20_4642,11745.727175730475
000d7d20_4643,11745.726954045527
000d7d20_4644,11745.698963271836
000d7d20_4645,11745.725367410863
000d7d20_4646,11745.674539951991
000d7d20_4647,11745.680019713578
000d7d20_4648,11745.685000512762
000d7d20_4649,11745.680789417414
000d7d20_4650,11745.685242643965
000d7d20_4651,11745.68220342362
000d7d20_4652,11745.680756076441
000d7d20_4653,11745.67099574098
000d7d20_4654,11745.674579216557
000d7d20_4655,11745.686944888177
000d7d20_4656,11745.690486020612
000d7d20_4657,11745.692634407076
000d7d20_4658,11745.706664049645
000d7d20_4659,11745.657040509228
000d7d20_4660,11745.665222220889
000d7d20_4661,11745.66324386785
000d7d20_4662,11745.665153072796
000d7d20_4663,11745.668252463289
000d7d20_4664,11745.668364945823
000d7d20_4665,11745.682360256114
000d7d20_4666,11745.6759839386
000d7d20_4667,11745.668183976064
000d7d20_4668,11745.671612956401
000d7d20_4669,11745.670773290498
000d7d20_4670,11745.675696869223
000d7d20_4671,11745.677982584788
000d7d20_4672,11745.680776418028
000d7d20_4673,11745.682642135425
000d7d20_4674,11745.685714060099
000d7d20_4675,11745.687999775664
000d7d20_4676,11745.689258956196
000d7d20_4677,11745.697163720833
000d7d20_4678,11745.699668018553
000d7d20_4679,11745.702172316272
000d7d20_4680,11745.704611382667
000d7d20_4681,11745.707115680387
000d7d20_4682,11745.706360700762
000d7d20_4683,11745.710328697822
000d7d20_4684,11745.70792348016
000d7d20_4685,11745.708813016527
000d7d20_4686,11745.715765632727
000d7d20_4687,11745.718269930447
000d7d20_4688,11745.717940671037
000d7d20_4689,11745.723278525884
000d7d20_4690,11745.725995683712
000d7d20_4691,11745.721268459823
000d7d20_4692,11745.729576056492
000d7d20_4693,11745.733508576868
000d7d20_4694,11745.73580001448
000d7d20_4695,11745.738517172307
000d7d20_4696,11745.741138199763
000d7d20_4697,11745.743312907638
000d7d20_4698,11745.658337423252
000d7d20_4699,11745.66763836709
000d7d20_4700,11745.670355524915
000d7d20_4701,11745.665851460819
000d7d20_4702,11745.668568618645
000d7d20_4703,11745.676653055523
000d7d20_4704,11745.678944493135
000d7d20_4705,11745.67938999874
000d7d20_4706,11745.663187784008
000d7d20_4707,11745.666345539368
000d7d20_4708,11745.67671536138
000d7d20_4709,11745.677497323284
000d7d20_4710,11745.67555330252
000d7d20_4711,11745.682505918721
000d7d20_4712,11745.68056189796
000d7d20_4713,11745.682278842163
000d7d20_4714,11745.683538022695
000d7d20_4715,11745.687617027445
000d7d20_4716,11745.688333758026
000d7d20_4717,11745.692083172931
000d7d20_4718,11745.693555213571
000d7d20_4719,11745.697274873839
000d7d20_4720,11745.703467602343
000d7d20_4721,11745.700636664467
000d7d20_4722,11745.701895844999
000d7d20_4723,11745.715017971088
000d7d20_4724,11745.722857504403
000d7d20_4725,11745.727350785275
000d7d20_4726,11745.723994563585
000d7d20_4727,11745.726498861304
000d7d20_4728,11745.72637101791
000d7d20_4729,11745.73769069954
000d7d20_4730,11745.724851903387
000d7d20_4731,11745.725889068537
000d7d20_4732,11745.728396799484
000d7d20_4733,11745.736301564122
000d7d20_4734,11745.733734984766
000d7d20_4735,11745.744631235
000d7d20_4736,11745.747522343023
000d7d20_4737,11745.747887739984
000d7d20_4738,11745.75253093846
000d7d20_4739,11745.76496985227
000d7d20_4740,11745.739803480432
000d7d20_4741,11745.743237038405
000d7d20_4742,11745.739642779605
000d7d20_4743,11745.748499692681
000d7d20_4744,11745.767190513838
000d7d20_4745,11745.768763262484
000d7d20_4746,11745.762278226097
000d7d20_4747,11745.753363609021
000d7d20_4748,11745.757190843751
000d7d20_4749,11745.778241436637
000d7d20_4750,11745.766906394147
000d7d20_4751,11745.763706956513
000d7d20_4752,11745.767427761191
000d7d20_4753,11745.771179464915
000d7d20_4754,11745.773683762634
000d7d20_4755,11745.764548274587
000d7d20_4756,11745.787616460857
000d7d20_4757,11745.777511658232
000d7d20_4758,11745.739762507466
000d7d20_4759,11745.742266805184
000d7d20_4760,11745.742974380491
000d7d20_4761,11745.757681513294
000d7d20_4762,11745.697942540139
000d7d20_4763,11745.700446837858
000d7d20_4764,11745.702951135578
000d7d20_4765,11745.712027775215
000d7d20_4766,11745.708782561216
000d7d20_4767,11745.710464028734
000d7d20_4768,11745.712996936683
000d7d20_4769,11745.715472624173
000d7d20_4770,11745.711662072039
000d7d20_4771,11745.72048121961
000d7d20_4772,11745.72298551733
000d7d20_4773,11745.757598503404
000d7d20_4774,11745.734236864842
000d7d20_4775,11745.711107541347
000d7d20_4776,11745.730027244339
000d7d20_4777,11745.727941316838
000d7d20_4778,11745.717156735163
000d7d20_4779,11745.719661032883
000d7d20_4780,11745.736442979527
000d7d20_4781,11745.74615247744
000d7d20_4782,11745.764499975845
000d7d20_4783,11745.746071885258
000d7d20_4784,11745.7536653706
000d7d20_4785,11745.754082265974
000d7d20_4786,11745.753781616793
000d7d20_4787,11745.761178263756
000d7d20_4788,11745.781513600903
000d7d20_4789,11745.783805038514
000d7d20_4790,11745.781629847099
000d7d20_4791,11745.79406418327
000d7d20_4792,11745.781767837068
000d7d20_4793,11745.78892988015
000d7d20_4794,11745.800263294688
000d7d20_4795,11745.777516203858
000d7d20_4796,11745.772243096791
000d7d20_4797,11745.774747394511
000d7d20_4798,11745.780296965058
000d7d20_4799,11745.773967568319
000d7d20_4800,11745.789966739085
000d7d20_4801,11745.788614377867
000d7d20_4802,11745.788732582447
000d7d20_4803,11745.796678545816
000d7d20_4804,11745.815278958647
000d7d20_4805,11745.79891767104
000d7d20_4806,11745.801421968757
000d7d20_4807,11745.800205792235
000d7d20_4808,11745.806430564196
000d7d20_4809,11745.818307573098
000d7d20_4810,11745.81143343759
000d7d20_4811,11745.813259100665
000d7d20_4812,11745.814984055733
000d7d20_4813,11745.814618175229
000d7d20_4814,11745.82053510112
000d7d20_4815,11745.824284516028
000d7d20_4816,11745.826464945949
000d7d20_4817,11745.828969243668
000d7d20_4818,11745.831686401494
000d7d20_4819,11745.833977839106
000d7d20_4820,11745.830888264754
000d7d20_4821,11745.837522735204
000d7d20_4822,11745.840027032922
000d7d20_4823,11745.848079426345
000d7d20_4824,11745.845035628361
000d7d20_4825,11745.847752786187
000d7d20_4826,11745.847949955001
000d7d20_4827,11745.784527128695
000d7d20_4828,11745.782250084862
000d7d20_4829,11745.785340320082
000d7d20_4830,11745.7878446178
000d7d20_4831,11745.791964821281
000d7d20_4832,11745.79065938084
000d7d20_4833,11745.795357510957
000d7d20_4834,11745.788325446982
000d7d20_4835,11745.790616884595
000d7d20_4836,11745.79333404242
000d7d20_4837,11745.79583834014
000d7d20_4838,11745.7952561663
000d7d20_4839,11745.818663097687
000d7d20_4840,11745.820723364644
000d7d20_4841,11745.818123597423
000d7d20_4842,11745.821170345092
000d7d20_4843,11745.823132192862
000d7d20_4844,11745.820042618509
000d7d20_4845,11745.825045161468
000d7d20_4846,11745.814490606037
000d7d20_4847,11745.818550155831
000d7d20_4848,11745.827108378111
000d7d20_4849,11745.818175450488
000d7d20_4850,11745.830662429482
000d7d20_4851,11745.833709177152
000d7d20_4852,11745.857068043353
000d7d20_4853,11745.85920040809
000d7d20_4854,11745.873842309567
000d7d20_4855,11745.860802097399
000d7d20_4856,11745.842151991432
000d7d20_4857,11745.849317467739
000d7d20_4858,11745.845579013383
000d7d20_4859,11745.839895063422
000d7d20_4860,11745.891306831843
000d7d20_4861,11745.86511850261
000d7d20_4862,11745.851666303137
000d7d20_4863,11745.854170600855
000d7d20_4864,11745.840958727309
000d7d20_4865,11745.859290203984
000d7d20_4866,11745.805528479974
000d7d20_4867,11745.814275529769
000d7d20_4868,11745.810537075413
000d7d20_4869,11745.81856772506
000d7d20_4870,11745.82535440193
000d7d20_4871,11745.818695415348
000d7d20_4872,11745.820554266289
000d7d20_4873,11745.82768769914
000d7d20_4874,11745.834999659823
000d7d20_4875,11745.828067159446
000d7d20_4876,11745.830571457165
000d7d20_4877,11745.833075754885
000d7d20_4878,11745.844635762442
000d7d20_4879,11745.851911102032
000d7d20_4880,11745.85441539975
000d7d20_4881,11745.85691969747
000d7d20_4882,11745.853830123118
000d7d20_4883,11745.86845371405
000d7d20_4884,11745.855381458425
000d7d20_4885,11745.853110136637
000d7d20_4886,11745.85011325943
000d7d20_4887,11745.877728183368
000d7d20_4888,11745.876637891855
000d7d20_4889,11745.870892143797
000d7d20_4890,11745.868553301869
000d7d20_4891,11745.87830857615
000d7d20_4892,11745.881331291228
000d7d20_4893,11745.883835588946
000d7d20_4894,11745.917930157662
000d7d20_4895,11745.916624717222
000d7d20_4896,11745.89759123418
000d7d20_4897,11745.89498688932
000d7d20_4898,11745.88953754324
000d7d20_4899,11745.878518357684
000d7d20_4900,11745.894546138677
000d7d20_4901,11745.889483602901
000d7d20_4902,11745.895683197861
000d7d20_4903,11745.895822001807
000d7d20_4904,11745.9006917933
000d7d20_4905,11745.903196091018
000d7d20_4906,11745.911943140813
000d7d20_4907,11745.91277545672
000d7d20_4908,11745.92572821025
000d7d20_4909,11745.911749582554
000d7d20_4910,11745.882017018092
000d7d20_4911,11745.863611815688
000d7d20_4912,11745.875839013797
000d7d20_4913,11745.878343311517
000d7d20_4914,11745.879312956526
000d7d20_4915,11745.889949425875
000d7d20_4916,11745.885785251305
000d7d20_4917,11745.8889349958
000d7d20_4918,11745.890793846742
000d7d20_4919,11745.881879229666
000d7d20_4920,11745.902045194256
000d7d20_4921,11745.937975395296
000d7d20_4922,11745.929289660056
000d7d20_4923,11745.89903181178
000d7d20_4924,11745.909724357178
000d7d20_4925,11745.912228654897
000d7d20_4926,11745.9407739835
000d7d20_4927,11745.942561881073
000d7d20_4928,11745.919812501425
000d7d20_4929,11745.953869304636
000d7d20_4930,11745.923286444153
000d7d20_4931,11745.892316773365
000d7d20_4932,11745.932300471719
000d7d20_4933,11745.933200307769
000d7d20_4934,11745.902617447284
000d7d20_4935,11745.937822092903
000d7d20_4936,11745.907626042723
000d7d20_4937,11745.907098800524
000d7d20_4938,11745.912869242042
000d7d20_4939,11745.940130543546
000d7d20_4940,11745.91787783748
000d7d20_4941,11745.80033475666
000d7d20_4942,11745.697635807308
000d7d20_4943,11745.721519957322
000d7d20_4944,11745.694456155066
000d7d20_4945,11745.730622104396
000d7d20_4946,11745.707652998184
000d7d20_4947,11745.735367485722
000d7d20_4948,11745.704473345942
000d7d20_4949,11745.715165891343
000d7d20_4950,11745.71767018906
000d7d20_4951,11745.743915255212
000d7d20_4952,11745.711259869704
000d7d20_4953,11745.745288062688
000d7d20_4954,11745.743088838677
000d7d20_4955,11745.747060268965
000d7d20_4956,11745.74756299503
000d7d20_4957,11745.777710496484
000d7d20_4958,11745.757483394667
000d7d20_4959,11745.755912451297
000d7d20_4960,11745.716777421012
000d7d20_4961,11745.759107158185
000d7d20_4962,11745.76356954001
000d7d20_4963,11745.782389679403
000d7d20_4964,11745.771574198681
000d7d20_4965,11745.802695592347
000d7d20_4966,11745.80579498284
000d7d20_4967,11745.8302707924
000d7d20_4968,11745.769942448518
000d7d20_4969,11745.797156829245
000d7d20_4970,11745.777806344859
000d7d20_4971,11745.785738575318
000d7d20_4972,11745.750299986685
000d7d20_4973,11745.753360467264
000d7d20_4974,11745.749231769378
000d7d20_4975,11745.758409117023
000d7d20_4976,11745.753797478463
000d7d20_4977,11745.761839572202
000d7d20_4978,11745.760712659594
000d7d20_4979,11745.761824211342
000d7d20_4980,11745.770819597928
000d7d20_4981,11745.772756268694
000d7d20_4982,11745.770729850472
000d7d20_4983,11745.788094301388
000d7d20_4984,11745.769839016588
000d7d20_4985,11745.772436011452
000d7d20_4986,11745.775814637784
000d7d20_4987,11745.770924907793
000d7d20_4988,11745.799367239568
000d7d20_4989,11745.78512654217
000d7d20_4990,11745.78576087529
000d7d20_4991,11745.786432973913
000d7d20_4992,11745.794531143702
000d7d20_4993,11745.789180216812
000d7d20_4994,11745.796416646488
000d7d20_4995,11745.807764938349
000d7d20_4996,11745.79073302696
000d7d20_4997,11745.803969593968
000d7d20_4998,11745.748328750085
000d7d20_4999,11745.755321420607
000d7d20_5000,11745.749706135197
000d7d20_5001,11745.763863951592
000d7d20_5002,11745.754714730634
000d7d20_5003,11745.762317371249
000d7d20_5004,11745.76543163906
000d7d20_5005,11745.764030068249
000d7d20_5006,11745.790970935182
000d7d20_5007,11745.76723621923
000d7d20_5008,11745.772538597394
000d7d20_5009,11745.772244814667
000d7d20_5010,11745.77754719283
000d7d20_5011,11745.796188804394
000d7d20_5012,11745.79248811554
000d7d20_5013,11745.796514477468
000d7d20_5014,11745.80430251237
000d7d20_5015,11745.803896577545
000d7d20_5016,11745.806400875263
000d7d20_5017,11745.809210730233
000d7d20_5018,11745.825579545164
000d7d20_5019,11745.80703701366
000d7d20_5020,11745.814426794168
000d7d20_5021,11745.815983521086
000d7d20_5022,11745.814921839801
000d7d20_5023,11745.822311620308
000d7d20_5024,11745.820001388609
000d7d20_5025,11745.82021457915
000d7d20_5026,11745.829824513465
000d7d20_5027,11745.833919539944
000d7d20_5028,11745.835154687884
000d7d20_5029,11745.835423954473
000d7d20_5030,11745.8353235769
000d7d20_5031,11745.839480401475
000d7d20_5032,11745.836720416968
000d7d20_5033,11745.839452452114
000d7d20_5034,11745.846845665848
000d7d20_5035,11745.844233310125
000d7d20_5036,11745.856728299983
000d7d20_5037,11745.8592325977
000d7d20_5038,11745.856844546177
000d7d20_5039,11745.878538297022
000d7d20_5040,11745.861647147964
000d7d20_5041,11745.86087729102
000d7d20_5042,11745.867514050286
000d7d20_5043,11745.86875720909
000d7d20_5044,11745.881002717746
000d7d20_5045,11745.879081585168
000d7d20_5046,11745.877954672558
000d7d20_5047,11745.880458970278
000d7d20_5048,11745.901827708914
000d7d20_5049,11745.88452915019
000d7d20_5050,11745.883697495148
000d7d20_5051,11745.894244700583
000d7d20_5052,11745.894024160045
000d7d20_5053,11745.900502990846
000d7d20_5054,11745.912810297597
000d7d20_5055,11745.90942432127
000d7d20_5056,11745.908149779876
000d7d20_5057,11745.903214273518
000d7d20_5058,11745.898694187694
000d7d20_5059,11745.901198485411
000d7d20_5060,11745.909873437427
000d7d20_5061,11745.903409000406
000d7d20_5062,11745.916566603179
000d7d20_5063,11745.910778511981
000d7d20_5064,11745.813862262215
000d7d20_5065,11745.821169645262
000d7d20_5066,11745.823969200548
000d7d20_5067,11745.834729266091
000d7d20_5068,11745.823879453092
000d7d20_5069,11745.826383750811
000d7d20_5070,11745.833776964546
000d7d20_5071,11745.831392346248
000d7d20_5072,11745.843487937304
000d7d20_5073,11745.845524171667
000d7d20_5074,11745.845440960231
000d7d20_5075,11745.846212622451
000d7d20_5076,11745.862440675053
000d7d20_5077,11745.857726039667
000d7d20_5078,11745.867335973984
000d7d20_5079,11745.866172440281
000d7d20_5080,11745.870557002283
000d7d20_5081,11745.87486260005
000d7d20_5082,11745.872924301335
000d7d20_5083,11745.872010248833
000d7d20_5084,11745.874514546553
000d7d20_5085,11745.877018844272
000d7d20_5086,11745.883089120995
000d7d20_5087,11745.882027439711
000d7d20_5088,11745.884756041629
000d7d20_5089,11745.892364404288
000d7d20_5090,11745.8977972451
000d7d20_5091,11745.892416563569
000d7d20_5092,11745.894920861288
000d7d20_5093,11745.896986850292
000d7d20_5094,11745.905363111513
000d7d20_5095,11745.902892662527
000d7d20_5096,11745.905396960246
000d7d20_5097,11745.90465800235
000d7d20_5098,11745.78050138088
000d7d20_5099,11745.783292925304
000d7d20_5100,11745.807824810912
000d7d20_5101,11745.805960898793
000d7d20_5102,11745.809839631936
000d7d20_5103,11745.814718578704
000d7d20_5104,11745.78532132613
000d7d20_5105,11745.79417251716
000d7d20_5106,11745.79433077606
000d7d20_5107,11745.744890341113
000d7d20_5108,11745.751089936073
000d7d20_5109,11745.749898936552
000d7d20_5110,11745.757288717059
000d7d20_5111,11745.75889579798
000d7d20_5112,11745.757411829709
000d7d20_5113,11745.776873982653
000d7d20_5114,11745.762420425148
000d7d20_5115,11745.770023065761
000d7d20_5116,11745.772644093217
000d7d20_5117,11745.771049117255
000d7d20_5118,11745.770137353571
000d7d20_5119,11745.772595874923
000d7d20_5120,11745.775324476843
000d7d20_5121,11745.800102410425
000d7d20_5122,11745.804981357192
000d7d20_5123,11745.798952940067
000d7d20_5124,11745.78333094079
000d7d20_5125,11745.783676882796
000d7d20_5126,11745.780753247776
000d7d20_5127,11745.788685478234
000d7d20_5128,11745.796542177686
000d7d20_5129,11745.806424481387
000d7d20_5130,11745.790393928031
000d7d20_5131,11745.808239030805
000d7d20_5132,11745.815781017733
000d7d20_5133,11745.803005164085
000d7d20_5134,11745.805839051647
000d7d20_5135,11745.808343349367
000d7d20_5136,11745.805419714346
000d7d20_5137,11745.816588333964
000d7d20_5138,11745.815637660371
000d7d20_5139,11745.820146962973
000d7d20_5140,11745.81906811555
000d7d20_5141,11745.817941202942
000d7d20_5142,11745.823016988088
000d7d20_5143,11745.822949798381
000d7d20_5144,11745.834489206572
000d7d20_5145,11745.836812687641
000d7d20_5146,11745.828998992198
000d7d20_5147,11745.828976434446
000d7d20_5148,11745.833826770984
000d7d20_5149,11745.84184712095
000d7d20_5150,11745.844309075528
000d7d20_5151,11745.840761737505
000d7d20_5152,11745.836538053658
000d7d20_5153,11745.855968163145
000d7d20_5154,11745.850565737841
000d7d20_5155,11745.851495328528
000d7d20_5156,11745.853166496365
000d7d20_5157,11745.861575945451
000d7d20_5158,11745.876675610602
000d7d20_5159,11745.862976218747
000d7d20_5160,11745.865881059679
000d7d20_5161,11745.862957424657
000d7d20_5162,11745.883498755458
000d7d20_5163,11745.874173295486
000d7d20_5164,11745.87549770734
000d7d20_5165,11745.860379248103
000d7d20_5166,11745.860020234053
000d7d20_5167,11745.867622874668
000d7d20_5168,11745.86866003982
000d7d20_5169,11745.888835159682
000d7d20_5170,11745.875152933964
000d7d20_5171,11745.872541722649
000d7d20_5172,11745.875046020368
000d7d20_5173,11745.877987482394
000d7d20_5174,11745.885152958703
000d7d20_5175,11745.88765725642
000d7d20_5176,11745.890491143984
000d7d20_5177,11745.885221470146
000d7d20_5178,11745.890071806683
000d7d20_5179,11745.891112405061
000d7d20_5180,11745.872726657613
000d7d20_5181,11745.876423429698
000d7d20_5182,11745.878927727417
000d7d20_5183,11745.876552264395
000d7d20_5184,11745.879056562113
000d7d20_5185,11745.889895591888
000d7d20_5186,11745.892729479452
000d7d20_5187,11745.898925641184
000d7d20_5188,11745.922421836487
000d7d20_5189,11745.886499162769
000d7d20_5190,11745.902374737343
000d7d20_5191,11745.904879035063
000d7d20_5192,11745.845693955951
000d7d20_5193,11745.84819825367
000d7d20_5194,11745.845604208494
000d7d20_5195,11745.84854567052
000d7d20_5196,11745.874782725807
000d7d20_5197,11745.845845525724
000d7d20_5198,11745.853448166337
000d7d20_5199,11745.855952464057
000d7d20_5200,11745.8637954306
000d7d20_5201,11745.866299728319
000d7d20_5202,11745.868804026039
000d7d20_5203,11745.876736256496
000d7d20_5204,11745.873812621476
000d7d20_5205,11745.88148621546
000d7d20_5206,11745.877357517573
000d7d20_5207,11745.881877119857
000d7d20_5208,11745.883829812352
000d7d20_5209,11745.896494174769
000d7d20_5210,11745.88883840779
000d7d20_5211,11745.891342705509
000d7d20_5212,11745.899274935968
000d7d20_5213,11745.904643689864
000d7d20_5214,11745.898855598667
000d7d20_5215,11745.906569246972
000d7d20_5216,11745.89181814308
000d7d20_5217,11745.897120521242
000d7d20_5218,11745.901706499259
000d7d20_5219,11745.903945294049
000d7d20_5220,11745.906638419283
000d7d20_5221,11745.894423326132
000d7d20_5222,11745.9043514062
000d7d20_5223,11745.905277563661
000d7d20_5224,11745.907785294607
000d7d20_5225,11745.918236369671
000d7d20_5226,11745.90769554715
000d7d20_5227,11745.91019984487
000d7d20_5228,11745.919499644297
000d7d20_5229,11745.912085347656
000d7d20_5230,11745.919471694935
000d7d20_5231,11745.922046946023
000d7d20_5232,11745.927674336393
000d7d20_5233,11745.902978316732
000d7d20_5234,11745.891193521433
000d7d20_5235,11745.890349277892
000d7d20_5236,11745.886837416552
000d7d20_5237,11745.931082894691
000d7d20_5238,11745.904740070218
000d7d20_5239,11745.880809660295
000d7d20_5240,11745.883313958015
000d7d20_5241,11745.888073886228
000d7d20_5242,11745.897695264635
000d7d20_5243,11745.950314384741
000d7d20_5244,11745.899866869717
000d7d20_5245,11745.901075696243
000d7d20_5246,11745.883115669012
000d7d20_5247,11745.885619966732
000d7d20_5248,11745.883025921556
000d7d20_5249,11745.901464972692
000d7d20_5250,11745.898977357569
000d7d20_5251,11745.912173870254
000d7d20_5252,11745.956877112065
000d7d20_5253,11745.915869828363
000d7d20_5254,11745.923472468978
000d7d20_5255,11745.888449300877
000d7d20_5256,11745.931400452233
000d7d20_5257,11745.926170832716
000d7d20_5258,11745.927795079777
000d7d20_5259,11745.92430725103
000d7d20_5260,11745.931368586103
000d7d20_5261,11745.911225026157
000d7d20_5262,11745.914024581443
000d7d20_5263,11745.915061746593
000d7d20_5264,11745.946947605593
000d7d20_5265,11745.939589385001
000d7d20_5266,11745.939395165875
000d7d20_5267,11745.941899463593
000d7d20_5268,11745.92875511019
000d7d20_5269,11745.926893486889
000d7d20_5270,11745.92336674823
000d7d20_5271,11745.924829633595
000d7d20_5272,11745.927333931315
000d7d20_5273,11745.933032275054
000d7d20_5274,11745.942609021504
000d7d20_5275,11746.005778449839
000d7d20_5276,11745.964438143064
000d7d20_5277,11745.850629269396
00bbac68_1545,12223.760313946359
00bbac68_1546,12223.754226402745
00bbac68_1547,12223.749720575668
00bbac68_1548,12223.77377169153
00bbac68_1549,12223.758900324665
00bbac68_1550,12223.75472263904
00bbac68_1551,12223.790483009881
00bbac68_1552,12223.759846727073
00bbac68_1553,12223.774732859902
00bbac68_1554,12223.763211285994
00bbac68_1555,12223.782816229143
00bbac68_1556,12223.775085796744
00bbac68_1557,12223.777927917026
00bbac68_1558,12223.771861312523
00bbac68_1559,12223.810095913894
00bbac68_1560,12223.790019595266
00bbac68_1561,12223.7825239098
00bbac68_1562,12223.808372660025
00bbac68_1563,12223.793903785445
00bbac68_1564,12223.809495303482
00bbac68_1565,12223.813124616347
00bbac68_1566,12223.783060556008
00bbac68_1567,12223.806789198823
00bbac68_1568,12223.824048907816
00bbac68_1569,12223.825810348206
00bbac68_1570,12223.839683535858
00bbac68_1571,12223.83944043628
00bbac68_1572,12223.837896912366
00bbac68_1573,12223.858655312679
00bbac68_1574,12223.836597199217
00bbac68_1575,12223.83559508813
00bbac68_1576,12223.84030518818
00bbac68_1577,12223.851201588743
00bbac68_1578,12223.879953186497
00bbac68_1579,12223.853053864575
00bbac68_1580,12223.854420001
00bbac68_1581,12223.879983292662
00bbac68_1582,12223.846251526073
00bbac68_1583,12223.898092723437
00bbac68_1584,12223.869122146069
00bbac68_1585,12223.876156487517
00bbac68_1586,12223.86220712106
00bbac68_1587,12223.889228622473
00bbac68_1588,12223.872763701587
00bbac68_1589,12223.875647682213
00bbac68_1590,12223.898210082665
00bbac68_1591,12223.885464420087
00bbac68_1592,12223.909116852403
00bbac68_1593,12223.880568597786
00bbac68_1594,12223.940644927843
00bbac68_1595,12223.900033903099
00bbac68_1596,12223.9241342822
00bbac68_1597,12223.889343865594
00bbac68_1598,12223.896086847617
00bbac68_1599,12223.886798230595
00bbac68_1600,12223.888758422672
00bbac68_1601,12223.895501404695
00bbac68_1602,12223.896429679437
00bbac68_1603,12223.916211219228
00bbac68_1604,12223.914578288346
00bbac68_1605,12223.895879105232
00bbac68_1606,12223.927015419258
00bbac68_1607,12223.913257616168
00bbac68_1608,12223.932401576994
00bbac68_1609,12223.917490620723
00bbac68_1610,12223.90722104834
00bbac68_1611,12223.937636420345
00bbac68_1612,12223.94471526858
00bbac68_1613,12223.946675460658
00bbac68_1614,12223.932149437143
00bbac68_1615,12223.942392272776
00bbac68_1616,12223.949243097482
00bbac68_1617,12223.93810697489
00bbac68_1618,12223.941960037631
00bbac68_1619,12223.936112140453
00bbac68_1620,12223.967746290355
00bbac68_1621,12223.947103667995
00bbac68_1622,12223.932034693851
00bbac68_1623,12223.965638461357
00bbac68_1624,12223.96718807876
00bbac68_1625,12223.93791527008
00bbac68_1626,12223.939372530087
00bbac68_1627,12224.00768055961
00bbac68_1628,12223.972862408964
00bbac68_1629,12223.95494024392
00bbac68_1630,12223.976348114325
00bbac68_1631,12223.957512353129
00bbac68_1632,12223.970939382134
00bbac68_1633,12223.975757217577
00bbac68_1634,12223.972015373034
00bbac68_1635,12223.970384319698
00bbac68_1636,12223.973927122383
00bbac68_1637,12223.987505410096
00bbac68_1638,12223.988378180993
00bbac68_1639,12223.971258336192
00bbac68_1640,12224.001265976665
00bbac68_1641,12223.98191821753
00bbac68_1642,12223.993474226934
00bbac68_1643,12223.993753603792
00bbac68_1644,12223.980276663748
00bbac68_1645,12224.003763210376
00bbac68_1646,12223.987452069474
00bbac68_1647,12223.9961505428
00bbac68_1648,12223.979256092964
00bbac68_1649,12223.999716124346
00bbac68_1650,12223.99030246274
00bbac68_1651,12224.018114893948
00bbac68_1652,12224.018294993308
00bbac68_1653,12224.042633087654
00bbac68_1654,12224.054291468037
00bbac68_1655,12224.034485963111
00bbac68_1656,12224.039547736524
00bbac68_1657,12224.030396323433
00bbac68_1658,12224.010857841355
00bbac68_1659,12224.027416921592
00bbac68_1660,12224.014778225508
00bbac68_1661,12224.06092298313
00bbac68_1662,12224.034309387995
00bbac68_1663,12224.055108843986
00bbac68_1664,12224.060628702937
00bbac68_1665,12224.069367266347
00bbac68_1666,12224.052954863113
00bbac68_1667,12224.048610236798
00bbac68_1668,12224.036447829512
00bbac68_1669,12224.047871856352
00bbac68_1670,12224.041784312738
00bbac68_1671,12224.076544273263
00bbac68_1672,12224.05375833344
00bbac68_1673,12224.03896004783
00bbac68_1674,12224.03255210541
00bbac68_1675,12224.063047621821
00bbac68_1676,12224.061845793452
00bbac68_1677,12224.064810437043
00bbac68_1678,12224.06677062912
00bbac68_1679,12224.048538829868
00bbac68_1680,12224.082553225693
00bbac68_1681,12224.070166979123
00bbac68_1682,12224.084648312968
00bbac68_1683,12224.082908254657
00bbac68_1684,12224.061376068737
00bbac68_1685,12224.085641671914
00bbac68_1686,12224.092384653937
00bbac68_1687,12224.08956205607
00bbac68_1688,12224.101193238852
00bbac68_1689,12224.087937652577
00bbac68_1690,12224.09326646672
00bbac68_1691,12224.09814703009
00bbac68_1692,12224.090654134121
00bbac68_1693,12224.115556547364
00bbac68_1694,12224.117272372318
00bbac68_1695,12224.138706224387
00bbac68_1696,12224.147017458257
00bbac68_1697,12224.106603271892
00bbac68_1698,12224.14151985554
00bbac68_1699,12224.137188050185
00bbac68_1700,12224.116515029456
00bbac68_1701,12224.153025524754
00bbac68_1702,12224.134402784597
00bbac68_1703,12224.142592156772
00bbac68_1704,12224.137837259766
00bbac68_1705,12224.138551529992
00bbac68_1706,12224.134413111908
00bbac68_1707,12224.152132086609
00bbac68_1708,12224.154147603716
00bbac68_1709,12224.159184504111
00bbac68_1710,12224.144975946854
00bbac68_1711,12224.155212148491
00bbac68_1712,12224.15388323706
00bbac68_1713,12224.15581215458
00bbac68_1714,12224.141930183094
00bbac68_1715,12224.173475051199
00bbac68_1716,12224.184690259124
00bbac68_1717,12224.163896592636
00bbac68_1718,12224.18680626763
00bbac68_1719,12224.154685578826
00bbac68_1720,12224.182672747012
00bbac68_1721,12224.182861840713
00bbac68_1722,12224.19078790937
00bbac68_1723,12224.173122789356
00bbac68_1724,12224.155411732045
00bbac68_1725,12224.176962528425
00bbac68_1726,12224.166666241239
00bbac68_1727,12224.180976110401
00bbac68_1728,12224.186479572114
00bbac68_1729,12224.18464425962
00bbac68_1730,12224.179104065459
00bbac68_1731,12224.17286234847
00bbac68_1732,12224.182567115095
00bbac68_1733,12224.185905068534
00bbac68_1734,12224.199930623541
00bbac68_1735,12224.199945248487
00bbac68_1736,12224.201905440565
00bbac68_1737,12224.184055230247
00bbac68_1738,12224.212213952522
00bbac68_1739,12224.229774676893
00bbac68_1740,12224.20682304808
00bbac68_1741,12224.215430630284
00bbac68_1742,12224.19242814679
00bbac68_1743,12224.215173062625
00bbac68_1744,12224.213549912865
00bbac68_1745,12224.21529770975
00bbac68_1746,12224.19880155007
00bbac68_1747,12224.20853051022
00bbac68_1748,12224.221423779632
00bbac68_1749,12224.223383971708
00bbac68_1750,12224.203921235214
00bbac68_1751,12224.2256758616
00bbac68_1752,12224.224362185116
00bbac68_1753,12224.210391486155
00bbac68_1754,12224.231542436699
00bbac68_1755,12224.2192756736
00bbac68_1756,12224.24558440479
00bbac68_1757,12224.23305503555
00bbac68_1758,12224.271152647565
00bbac68_1759,12224.240689742746
00bbac68_1760,12224.269134334858
00bbac68_1761,12224.236086746143
00bbac68_1762,12224.266154021065
00bbac68_1763,12224.2534885923
00bbac68_1764,12224.255618961597
00bbac68_1765,12224.276319712299
00bbac68_1766,12224.27703636075
00bbac68_1767,12224.279733588102
00bbac68_1768,12224.247913807387
00bbac68_1769,12224.273487595427
00bbac68_1770,12224.25456062124
00bbac68_1771,12224.27511900029
00bbac68_1772,12224.279183796609
00bbac68_1773,12224.275457830743
00bbac68_1774,12224.29773319907
00bbac68_1775,12224.28684757692
00bbac68_1776,12224.288807768995
00bbac68_1777,12224.278183787392
00bbac68_1778,12224.271950850169
00bbac68_1779,12224.279131139549
00bbac68_1780,12224.268855791473
00bbac68_1781,12224.30542415096
00bbac68_1782,12224.277615220437
00bbac68_1783,12224.302776538374
00bbac68_1784,12224.330553296202
00bbac68_1785,12224.308314133632
00bbac68_1786,12224.282038174966
00bbac68_1787,12224.263943418713
00bbac68_1788,12224.291081131303
00bbac68_1789,12224.283987705665
00bbac68_1790,12224.26335797579
00bbac68_1791,12224.27787272996
00bbac68_1792,12224.279832922035
00bbac68_1793,12224.276954069303
00bbac68_1794,12224.265384805718
00bbac68_1795,12224.275323675545
00bbac68_1796,12224.26269379499
00bbac68_1797,12224.286285394805
00bbac68_1798,12224.267433450947
00bbac68_1799,12224.304601749063
00bbac68_1800,12224.30301421904
00bbac68_1801,12224.295375983105
00bbac68_1802,12224.29071811054
00bbac68_1803,12224.280653172822
00bbac68_1804,12224.301421550954
00bbac68_1805,12224.312764539318
00bbac68_1806,12224.30855218167
00bbac68_1807,12224.28969764501
00bbac68_1808,12224.31305061763
00bbac68_1809,12224.306963038252
00bbac68_1810,12224.306954506794
00bbac68_1811,12224.30436667374
00bbac68_1812,12224.29342384901
00bbac68_1813,12224.308287057893
00bbac68_1814,12224.308618755707
00bbac68_1815,12224.328381037236
00bbac68_1816,12224.342258373374
00bbac68_1817,12224.318774200903
00bbac68_1818,12224.325607752184
00bbac68_1819,12224.32530081603
00bbac68_1820,12224.317011286103
00bbac68_1821,12224.363625984624
00bbac68_1822,12224.36523428876
00bbac68_1823,12224.336066712083
00bbac68_1824,12224.342906199985
00bbac68_1825,12224.317408689902
00bbac68_1826,12224.345410485068
00bbac68_1827,12224.335092919022
00bbac68_1828,12224.372467675708
00bbac68_1829,12224.344935388222
00bbac68_1830,12224.35504954935
00bbac68_1831,12224.356415149332
00bbac68_1832,12224.344893879406
00bbac68_1833,12224.374768249854
00bbac68_1834,12224.366258993367
00bbac68_1835,12224.351701355547
00bbac68_1836,12224.361741505587
00bbac68_1837,12224.353948077038
00bbac68_1838,12224.367372227141
00bbac68_1839,12224.3512456401
00bbac68_1840,12224.367212738924
00bbac68_1841,12224.391985833929
00bbac68_1842,12224.381889174618
00bbac68_1843,12224.36187703231
00bbac68_1844,12224.374932128332
00bbac68_1845,12224.356742100015
00bbac68_1846,12224.369311287053
00bbac68_1847,12224.370573174954
00bbac68_1848,12224.36192437207
00bbac68_1849,12224.375023027167
00bbac68_1850,12224.382262235738
00bbac68_1851,12224.37442081353
00bbac68_1852,12224.363442351185
00bbac68_1853,12224.3784763989
00bbac68_1854,12224.37144350178
00bbac68_1855,12224.381581445157
00bbac68_1856,12224.385120832496
00bbac68_1857,12224.367661455795
00bbac68_1858,12224.37147990016
00bbac68_1859,12224.374696885974
00bbac68_1860,12224.39815249779
00bbac68_1861,12224.37224911584
00bbac68_1862,12224.399099849947
00bbac68_1863,12224.401060042024
00bbac68_1864,12224.386037720435
00bbac68_1865,12224.386019908532
00bbac68_1866,12224.379009023405
00bbac68_1867,12224.399092043488
00bbac68_1868,12224.381291489803
00bbac68_1869,12224.410826650217
00bbac68_1870,12224.34171883554
00bbac68_1871,12224.3360434044
00bbac68_1872,12224.329032438807
00bbac68_1873,12224.360897786184
00bbac68_1874,12224.32669243983
00bbac68_1875,12224.3378660914
00bbac68_1876,12224.3547101027
00bbac68_1877,12224.348168979659
00bbac68_1878,12224.329766493565
00bbac68_1879,12224.342335725307
00bbac68_1880,12224.344295917384
00bbac68_1881,12224.348201658711
00bbac68_1882,12224.338435885646
00bbac68_1883,12224.38576529452
00bbac68_1884,12224.349611672005
00bbac68_1885,12224.359710884288
00bbac68_1886,12224.350214744754
00bbac68_1887,12224.381644590794
00bbac68_1888,12224.395693552546
00bbac68_1889,12224.361082235977
00bbac68_1890,12224.35891094104
00bbac68_1891,12224.416512566715
00bbac68_1892,12224.409352801107
00bbac68_1893,12224.381297643795
00bbac68_1894,12224.396994519002
00bbac68_1895,12224.383072654127
00bbac68_1896,12224.399845327607
00bbac68_1897,12224.399706065282
00bbac68_1898,12224.41339773891
00bbac68_1899,12224.392312999098
00bbac68_1900,12224.396941595754
00bbac68_1901,12224.388292730286
00bbac68_1902,12224.410538209862
00bbac68_1903,12224.397592472373
00bbac68_1904,12224.39211729496
00bbac68_1905,12224.375469653054
00bbac68_1906,12224.363201620377
00bbac68_1907,12224.406767085342
00bbac68_1908,12224.384638751648
00bbac68_1909,12224.407662438407
00bbac68_1910,12224.380648148066
00bbac68_1911,12224.424640924692
00bbac68_1912,12224.397141601554
00bbac68_1913,12224.388291784986
00bbac68_1914,12224.395499415015
00bbac68_1915,12224.381658856837
00bbac68_1916,12224.390541901907
00bbac68_1917,12224.401711986138
00bbac68_1918,12224.399828188247
00bbac68_1919,12224.413903158485
00bbac68_1920,12224.420458609393
00bbac68_1921,12224.418891857547
00bbac68_1922,12224.428764932787
00bbac68_1923,12224.407943907767
00bbac68_1924,12224.455819521687
00bbac68_1925,12224.417533399952
00bbac68_1926,12224.434224105125
00bbac68_1927,12224.410106377003
00bbac68_1928,12224.420890464535
00bbac68_1929,12224.422850656612
00bbac68_1930,12224.417403052306
00bbac68_1931,12224.426075159517
00bbac68_1932,12224.425912347397
00bbac68_1933,12224.435315043642
00bbac68_1934,12224.453519390887
00bbac68_1935,12224.457991766749
00bbac68_1936,12224.463653729132
00bbac68_1937,12224.450135429424
00bbac68_1938,12224.444966980493
00bbac68_1939,12224.44692717257
00bbac68_1940,12224.447903360506
00bbac68_1941,12224.457483744158
00bbac68_1942,12224.458027837163
00bbac68_1943,12224.469741658804
00bbac68_1944,12224.464389871946
00bbac68_1945,12224.469010860068
00bbac68_1946,12224.456538353657
00bbac68_1947,12224.474532415716
00bbac68_1948,12224.479644954403
00bbac68_1949,12224.476495118095
00bbac68_1950,12224.468489285415
00bbac68_1951,12224.46750012046
00bbac68_1952,12224.47067650657
00bbac68_1953,12224.475868787331
00bbac68_1954,12224.477828979409
00bbac68_1955,12224.488825462131
00bbac68_1956,12224.476557429452
00bbac68_1957,12224.470897429956
00bbac68_1958,12224.490231443171
00bbac68_1959,12224.469702188846
00bbac68_1960,12224.461908751358
00bbac68_1961,12224.454620284421
00bbac68_1962,12224.465120263432
00bbac68_1963,12224.475656049934
00bbac68_1964,12224.464381078322
00bbac68_1965,12224.472470958424
00bbac68_1966,12224.497733744329
00bbac68_1967,12224.476624256667
00bbac68_1968,12224.487131522346
00bbac68_1969,12224.47738702814
00bbac68_1970,12224.511919751916
00bbac68_1971,12224.518354539183
00bbac68_1972,12224.482592680117
00bbac68_1973,12224.488318470132
00bbac68_1974,12224.355622073475
00bbac68_1975,12224.371255656373
00bbac68_1976,12224.37549479628
00bbac68_1977,12224.375076780912
00bbac68_1978,12224.358041824673
00bbac68_1979,12224.37203531387
00bbac68_1980,12224.356543820282
00bbac68_1981,12224.375359782707
00bbac68_1982,12224.360339445953
00bbac68_1983,12224.393263018106
00bbac68_1984,12224.38842615894
00bbac68_1985,12224.379088684362
00bbac68_1986,12224.390821763147
00bbac68_1987,12224.38931013405
00bbac68_1988,12224.39540090901
00bbac68_1989,12224.406630088453
00bbac68_1990,12224.409141635415
00bbac68_1991,12224.426773340534
00bbac68_1992,12224.436781279479
00bbac68_1993,12224.404565191206
00bbac68_1994,12224.424256801138
00bbac68_1995,12224.41661071569
00bbac68_1996,12224.428814132121
00bbac68_1997,12224.423591441098
00bbac68_1998,12224.436059407157
00bbac68_1999,12224.422889355968
00bbac68_2000,12224.445753745218
00bbac68_2001,12224.44991862705
00bbac68_2002,12224.4292244504
00bbac68_2003,12224.425510024737
00bbac68_2004,12224.440402323993
00bbac68_2005,12224.442517489637
00bbac68_2006,12224.43488360824
00bbac68_2007,12224.436843800318
00bbac68_2008,12224.431183814231
00bbac68_2009,12224.440764184472
00bbac68_2010,12224.441432258118
00bbac68_2011,12224.451012623329
00bbac68_2012,12224.447778344933
00bbac68_2013,12224.457782954027
00bbac68_2014,12224.494029904965
00bbac68_2015,12224.463185892506
00bbac68_2016,12224.469447375368
00bbac68_2017,12224.467848750148
00bbac68_2018,12224.48074798559
00bbac68_2019,12224.487997612308
00bbac68_2020,12224.481449400973
00bbac68_2021,12224.482054898683
00bbac68_2022,12224.50653882194
00bbac68_2023,12224.45552523845
00bbac68_2024,12224.45626194312
00bbac68_2025,12224.456989141594
00bbac68_2026,12224.484128692337
00bbac68_2027,12224.458467298444
00bbac68_2028,12224.466740686345
00bbac68_2029,12224.475222766872
00bbac68_2030,12224.461226022544
00bbac68_2031,12224.456563344354
00bbac68_2032,12224.535931646038
00bbac68_2033,12224.516267219718
00bbac68_2034,12224.481854537491
00bbac68_2035,12224.498746451365
00bbac68_2036,12224.500706643443
00bbac68_2037,12224.477194901774
00bbac68_2038,12224.492880483764
00bbac68_2039,12224.517107675474
00bbac68_2040,12224.507516046506
00bbac68_2041,12224.51908250926
00bbac68_2042,12224.517858817117
00bbac68_2043,12224.541512057865
00bbac68_2044,12224.5301309803
00bbac68_2045,12224.457018410752
00bbac68_2046,12224.45565972233
00bbac68_2047,12224.460779266055
00bbac68_2048,12224.441050597477
00bbac68_2049,12224.450630954305
00bbac68_2050,12224.452591146382
00bbac68_2051,12224.449608277584
00bbac68_2052,12224.461198516447
00bbac68_2053,12224.462794276784
00bbac68_2054,12224.398247500423
00bbac68_2055,12224.420529162999
00bbac68_2056,12224.409084166156
00bbac68_2057,12224.409766115765
00bbac68_2058,12224.42672351298
00bbac68_2059,12224.419786165083
00bbac68_2060,12224.4137706209
00bbac68_2061,12224.421722465584
00bbac68_2062,12224.425098756732
00bbac68_2063,12224.436210699612
00bbac68_2064,12224.432385849643
00bbac68_2065,12224.403926304618
00bbac68_2066,12224.437988863978
00bbac68_2067,12224.430815213467
00bbac68_2068,12224.436859909194
00bbac68_2069,12224.429278884778
00bbac68_2070,12224.426552086476
00bbac68_2071,12224.41121285295
00bbac68_2072,12224.44343843888
00bbac68_2073,12224.451472931365
00bbac68_2074,12224.426316026063
00bbac68_2075,12224.442977700794
00bbac68_2076,12224.444373126942
00bbac68_2077,12224.446333319018
00bbac68_2078,12224.448826412381
00bbac68_2079,12224.514509752864
00bbac68_2080,12224.517081238257
00bbac68_2081,12224.544337526837
00bbac68_2082,12224.55481969598
00bbac68_2083,12224.535905274535
00bbac68_2084,12224.54785539879
00bbac68_2085,12224.538211138735
00bbac68_2086,12224.53684804702
00bbac68_2087,12224.551211234028
00bbac68_2088,12224.538634970831
00bbac68_2089,12224.532974993685
00bbac68_2090,12224.541139255913
00bbac68_2091,12224.544496092105
00bbac68_2092,12224.538855569916
00bbac68_2093,12224.543407424102
00bbac68_2094,12224.559392632307
00bbac68_2095,12224.567399819905
00bbac68_2096,12224.552690185772
00bbac68_2097,12224.560475585977
00bbac68_2098,12224.553891802401
00bbac68_2099,12224.56018326136
00bbac68_2100,12224.541272036211
00bbac68_2101,12224.5508523841
00bbac68_2102,12224.545192420364
00bbac68_2103,12224.554560373062
00bbac68_2104,12224.555748991952
00bbac68_2105,12224.561615615823
00bbac68_2106,12224.552102176041
00bbac68_2107,12224.564562733614
00bbac68_2108,12224.558136498526
00bbac68_2109,12224.555853972384
00bbac68_2110,12224.537405513229
00bbac68_2111,12224.527459352666
00bbac68_2112,12224.528696600006
00bbac68_2113,12224.550372816482
00bbac68_2114,12224.538120027693
00bbac68_2115,12224.546496635938
00bbac68_2116,12224.47291177632
00bbac68_2117,12224.482279729018
00bbac68_2118,12224.478414771082
00bbac68_2119,12224.481435240381
00bbac68_2120,12224.481261878238
00bbac68_2121,12224.48698182998
00bbac68_2122,12224.501237947674
00bbac68_2123,12224.509882329785
00bbac68_2124,12224.50583144112
00bbac68_2125,12224.503824181147
00bbac68_2126,12224.499805264415
00bbac68_2127,12224.501285287433
00bbac68_2128,12224.503245479511
00bbac68_2129,12224.509988461532
00bbac68_2130,12224.511212655456
00bbac68_2131,12224.540228826307
00bbac68_2132,12224.52173030819
00bbac68_2133,12224.530855199107
00bbac68_2134,12224.515891474843
00bbac68_2135,12224.529952846282
00bbac68_2136,12224.520024254189
00bbac68_2137,12224.526204848506
00bbac68_2138,12224.536698381275
00bbac68_2139,12224.55017619344
00bbac68_2140,12224.548180162981
00bbac68_2141,12224.538518647381
00bbac68_2142,12224.548098959505
00bbac68_2143,12224.54082450264
00bbac68_2144,12224.539461419867
00bbac68_2145,12224.544070937076
00bbac68_2146,12224.541429173738
00bbac68_2147,12224.53537598028
00bbac68_2148,12224.54516872336
00bbac68_2149,12224.548550092824
00bbac68_2150,12224.537993649245
00bbac68_2151,12224.55181564247
00bbac68_2152,12224.58549824904
00bbac68_2153,12224.579558441497
00bbac68_2154,12224.569966824263
00bbac68_2155,12224.580963271223
00bbac68_2156,12224.5665336463
00bbac68_2157,12224.567509878942
00bbac68_2158,12224.569470071017
00bbac68_2159,12224.57277866321
00bbac68_2160,12224.574738855288
00bbac68_2161,12224.576326828279
00bbac68_2162,12224.59815852347
00bbac68_2163,12224.604588455937
00bbac68_2164,12224.458198117152
00bbac68_2165,12224.482708945758
00bbac68_2166,12224.486449927927
00bbac68_2167,12224.497566770307
00bbac68_2168,12224.495929851875
00bbac68_2169,12224.497890043951
00bbac68_2170,12224.492091356366
00bbac68_2171,12224.501031657659
00bbac68_2172,12224.493397766902
00bbac68_2173,12224.489683316655
00bbac68_2174,12224.508702769339
00bbac68_2175,12224.527491516284
00bbac68_2176,12224.522038797899
00bbac68_2177,12224.510448970712
00bbac68_2178,12224.509085870057
00bbac68_2179,12224.514828119896
00bbac68_2180,12224.509168174043
00bbac68_2181,12224.502584099895
00bbac68_2182,12224.504756687164
00bbac68_2183,12224.4994048556
00bbac68_2184,12224.500440722688
00bbac68_2185,12224.508568261004
00bbac68_2186,12224.52509565541
00bbac68_2187,12224.489322012505
00bbac68_2188,12224.490459445908
00bbac68_2189,12224.480797876662
00bbac68_2190,12224.492748117147
00bbac68_2191,12224.482208535723
00bbac68_2192,12224.49394230406
00bbac68_2193,12224.474470716275
00bbac68_2194,12224.48781946054
00bbac68_2195,12224.441780878566
00bbac68_2196,12224.462382602109
00bbac68_2197,12224.45894955135
00bbac68_2198,12224.449880356908
00bbac68_2199,12224.463113337031
00bbac68_2200,12224.47571331583
00bbac68_2201,12224.489967752672
00bbac68_2202,12224.420481800167
00bbac68_2203,12224.407498833618
00bbac68_2204,12224.420279700591
00bbac68_2205,12224.422982399648
00bbac68_2206,12224.413379409849
00bbac68_2207,12224.401754392078
00bbac68_2208,12224.416058110042
00bbac68_2209,12224.388777038253
00bbac68_2210,12224.406558365374
00bbac68_2211,12224.393209187887
00bbac68_2212,12224.396402266277
00bbac68_2213,12224.41110173524
00bbac68_2214,12224.407051204204
00bbac68_2215,12224.416228541246
00bbac68_2216,12224.395360666975
00bbac68_2217,12224.416468112087
00bbac68_2218,12224.421392645805
00bbac68_2219,12224.416434705576
00bbac68_2220,12224.409195957853
00bbac68_2221,12224.413819225854
00bbac68_2222,12224.425123661935
00bbac68_2223,12224.423030249407
00bbac68_2224,12224.435097827596
00bbac68_2225,12224.42673823837
00bbac68_2226,12224.452275226502
00bbac68_2227,12224.465314980289
00bbac68_2228,12224.443367177142
00bbac68_2229,12224.446211318022
00bbac68_2230,12224.453391661045
00bbac68_2231,12224.447731661548
00bbac68_2232,12224.4573120452
00bbac68_2233,12224.394739575839
00bbac68_2234,12224.389079647866
00bbac68_2235,12224.431912127695
00bbac68_2236,12224.419166626049
00bbac68_2237,12224.424328553145
00bbac68_2238,12224.408554801761
00bbac68_2239,12224.406436355282
00bbac68_2240,12224.414071100278
00bbac68_2241,12224.418916562474
00bbac68_2242,12224.416253484516
00bbac68_2243,12224.423740851065
00bbac68_2244,12224.413624701036
00bbac68_2245,12224.43570768345
00bbac68_2246,12224.418692641495
00bbac68_2247,12224.428411641707
00bbac68_2248,12224.419998980506
00bbac68_2249,12224.416284619665
00bbac68_2250,12224.43561851665
00bbac68_2251,12224.437578708728
00bbac68_2252,12224.439538900806
00bbac68_2253,12224.441499092882
00bbac68_2254,12224.429090083298
00bbac68_2255,12224.472171114494
00bbac68_2256,12224.421351906223
00bbac68_2257,12224.435064071928
00bbac68_2258,12224.437024264005
00bbac68_2259,12224.44921239855
00bbac68_2260,12224.457134211434
00bbac68_2261,12224.47378979755
00bbac68_2262,12224.49734899628
00bbac68_2263,12224.491062826146
00bbac68_2264,12224.491162351947
00bbac68_2265,12224.482784452175
00bbac68_2266,12224.51036070594
00bbac68_2267,12224.48922607704
00bbac68_2268,12224.521607848
00bbac68_2269,12224.49398617143
00bbac68_2270,12224.481420592365
00bbac68_2271,12224.475760163714
00bbac68_2272,12224.478567504686
00bbac68_2273,12224.49153483883
00bbac68_2274,12224.48953584006
00bbac68_2275,12224.495179634949
00bbac68_2276,12224.491773942722
00bbac68_2277,12224.437195207243
00bbac68_2278,12224.497238313672
00bbac68_2279,12224.48969608294
00bbac68_2280,12224.483092589599
00bbac68_2281,12224.47617177305
00bbac68_2282,12224.469809428181
00bbac68_2283,12224.478291465122
00bbac68_2284,12224.463976155948
00bbac68_2285,12224.479094407146
00bbac68_2286,12224.481054599222
00bbac68_2287,12224.47451601534
00bbac68_2288,12224.4982224137
00bbac68_2289,12224.502813387906
00bbac68_2290,12224.477266918566
00bbac68_2291,12224.472589430112
00bbac68_2292,12224.482169742238
00bbac68_2293,12224.484129934315
00bbac68_2294,12224.478662982341
00bbac68_2295,12224.490791929473
00bbac68_2296,12224.482390390498
00bbac68_2297,12224.494519337628
00bbac68_2298,12224.496479529706
00bbac68_2299,12224.490819601733
00bbac68_2300,12224.500399913859
00bbac68_2301,12224.469790792886
00bbac68_2302,12224.492962823686
00bbac68_2303,12224.51122862928
00bbac68_2304,12224.517435580772
00bbac68_2305,12224.529599468146
00bbac68_2306,12224.420183362749
00bbac68_2307,12224.41562170996
00bbac68_2308,12224.43854068328
00bbac68_2309,12224.43397910202
00bbac68_2310,12224.451690834758
00bbac68_2311,12224.439142815221
00bbac68_2312,12224.426364733677
00bbac68_2313,12224.480234968516
00bbac68_2314,12224.404017994608
00bbac68_2315,12224.398790009576
00bbac68_2316,12224.46659778924
00bbac68_2317,12224.479650632205
00bbac68_2318,12224.489289237674
00bbac68_2319,12224.47258218484
00bbac68_2320,12224.47111404888
00bbac68_2321,12224.441678304944
00bbac68_2322,12224.413710480358
00bbac68_2323,12224.401748147982
00bbac68_2324,12224.442800070177
00bbac68_2325,12224.445403706315
00bbac68_2326,12224.439743778345
00bbac68_2327,12224.445702965248
00bbac68_2328,12224.456041233878
00bbac68_2329,12224.485984483454
00bbac68_2330,12224.499971629228
00bbac68_2331,12224.457274292905
00bbac68_2332,12224.43946245606
00bbac68_2333,12224.451602525416
00bbac68_2334,12224.438621954972
00bbac68_2335,12224.446293964791
00bbac68_2336,12224.456304503243
00bbac68_2337,12224.430561767731
00bbac68_2338,12224.471567627455
00bbac68_2339,12224.434482151884
00bbac68_2340,12224.423928515684
00bbac68_2341,12224.424075105313
00bbac68_2342,12224.435602558131
00bbac68_2343,12224.487002585756
00bbac68_2344,12224.45184937356
00bbac68_2345,12224.505158633325
00bbac68_2346,12224.456945852722
00bbac68_2347,12224.430857863264
00bbac68_2348,12224.492709922979
00bbac68_2349,12224.440452800336
00bbac68_2350,12224.49014336675
00bbac68_2351,12224.492103558827
00bbac68_2352,12224.423577801386
00bbac68_2353,12224.486995055231
00bbac68_2354,12224.42749818554
00bbac68_2355,12224.500328204887
00bbac68_2356,12224.492275603423
00bbac68_2357,12224.484469479086
00bbac68_2358,12224.436322573538
00bbac68_2359,12224.48838986324
00bbac68_2360,12224.500103640179
00bbac68_2361,12224.500748691531
00bbac68_2362,12224.449729962671
00bbac68_2363,12224.452286463456
00bbac68_2364,12224.404139557908
00bbac68_2365,12224.471412540855
00bbac68_2366,12224.48630026513
00bbac68_2367,12224.478883096861
00bbac68_2368,12224.480843288939
00bbac68_2369,12224.426573794277
00bbac68_2370,12224.46768265083
00bbac68_2371,12224.469642842905
00bbac68_2372,12224.471006726275
00bbac68_2373,12224.499906453493
00bbac68_2374,12224.43328592276
00bbac68_2375,12224.52255223285
00bbac68_2376,12224.50094267414
00bbac68_2377,12224.516720748754
00bbac68_2378,12224.506725012028
00bbac68_2379,12224.462020203191
00bbac68_2380,12224.531869680355
00bbac68_2381,12224.519274489703
00bbac68_2382,12224.521234681779
00bbac68_2383,12224.45934506707
00bbac68_2384,12224.521071599404
00bbac68_2385,12224.52711525801
00bbac68_2386,12224.529075450087
00bbac68_2387,12224.465033988492
00bbac68_2388,12224.511295905004
00bbac68_2389,12224.560492873432
00bbac68_2390,12224.546890674228
00bbac68_2391,12224.496323843943
00bbac68_2392,12224.445467764237
00bbac68_2393,12224.38690988228
00bbac68_2394,12224.348214509095
00bbac68_2395,12224.424594628768
00bbac68_2396,12224.41585159094
00bbac68_2397,12224.407342584791
00bbac68_2398,12224.345452970081
00bbac68_2399,12224.407944110797
00bbac68_2400,12224.396142138758
00bbac68_2401,12224.341872644098
00bbac68_2402,12224.415426573778
00bbac68_2403,12224.429806967155
00bbac68_2404,12224.356849699745
00bbac68_2405,12224.427905813338
00bbac68_2406,12224.416869594092
00bbac68_2407,12224.354979979382
00bbac68_2408,12224.432371470668
00bbac68_2409,12224.440198476404
00bbac68_2410,12224.377941577875
00bbac68_2411,12224.455507734612
00bbac68_2412,12224.459347475717
00bbac68_2413,12224.397031354012
00bbac68_2414,12224.440725001747
00bbac68_2415,12224.458808917807
00bbac68_2416,12224.401154403844
00bbac68_2417,12224.456579103979
00bbac68_2418,12224.511471939944
00bbac68_2419,12224.496555386797
00bbac68_2420,12224.554715654023
00bbac68_2421,12224.499924380303
00bbac68_2422,12224.536616246574
00bbac68_2423,12224.54687769674
00bbac68_2424,12224.48369726
00bbac68_2425,12224.542496822805
00bbac68_2426,12224.485099657857
00bbac68_2427,12224.52514421387
00bbac68_2428,12224.51568634946
00bbac68_2429,12224.454816760957
00bbac68_2430,12224.538127136522
00bbac68_2431,12224.49198208873
00bbac68_2432,12224.47718498329
00bbac68_2433,12224.470824605376
00bbac68_2434,12224.429520980619
00bbac68_2435,12224.472613455908
00bbac68_2436,12224.442447650441
00bbac68_2437,12224.484188292385
00bbac68_2438,12224.445530184024
00bbac68_2439,12224.497535246477
00bbac68_2440,12224.46734440706
00bbac68_2441,12224.513699020714
00bbac68_2442,12224.502819514
00bbac68_2443,12224.437568698004
00bbac68_2444,12224.419696207471
00bbac68_2445,12224.377079945385
00bbac68_2446,12224.42660535925
00bbac68_2447,12224.388620449588
00bbac68_2448,12224.475800573267
00bbac68_2449,12224.421593735009
00bbac68_2450,12224.458452756546
00bbac68_2451,12224.34516479303
00bbac68_2452,12224.395288947471
00bbac68_2453,12224.335178960562
00bbac68_2454,12224.400932883374
00bbac68_2455,12224.322577938541
00bbac68_2456,12224.388594002583
00bbac68_2457,12224.35733027956
00bbac68_2458,12224.40614115294
00bbac68_2459,12224.349940753891
00bbac68_2460,12224.382500301666
00bbac68_2461,12224.340982314765
00bbac68_2462,12224.40059161859
00bbac68_2463,12224.363847463057
00bbac68_2464,12224.397097447194
00bbac68_2465,12224.355747116238
00bbac68_2466,12224.414280961535
00bbac68_2467,12224.372264012232
00bbac68_2468,12224.430521983393
00bbac68_2469,12224.386077026964
00bbac68_2470,12224.379220976822
00bbac68_2471,12224.451749086722
00bbac68_2472,12224.403402124144
00bbac68_2473,12224.421737309545
00bbac68_2474,12224.379808837377
00bbac68_2475,12224.42796475108
00bbac68_2476,12224.366053464122
00bbac68_2477,12224.420946872293
00bbac68_2478,12224.370463011674
00bbac68_2479,12224.42788849668
00bbac68_2480,12224.395505040802
00bbac68_2481,12224.379071215659
00bbac68_2482,12224.436560072325
00bbac68_2483,12224.40558044888
00bbac68_2484,12224.358065471775
00bbac68_2485,12224.309741182804
00bbac68_2486,12224.353742891184
00bbac68_2487,12224.30604144691
00bbac68_2488,12224.325060845948
00bbac68_2489,12224.355624401062
00bbac68_2490,12224.300714323363
00bbac68_2491,12224.336482866003
00bbac68_2492,12224.285017531462
00bbac68_2493,12224.328425935208
00bbac68_2494,12224.361193908504
00bbac68_2495,12224.328476070566
00bbac68_2496,12224.367122230089
00bbac68_2497,12224.296498126892
00bbac68_2498,12224.364987974426
00bbac68_2499,12224.282138004914
00bbac68_2500,12224.286454034813
00bbac68_2501,12224.340789400458
00bbac68_2502,12224.295805069676
00bbac68_2503,12224.272897965535
00bbac68_2504,12224.338011090731
00bbac68_2505,12224.282974269718
00bbac68_2506,12224.32221216031
00bbac68_2507,12224.306844709947
00bbac68_2508,12224.313523372597
00bbac68_2509,12224.371810669241
00bbac68_2510,12224.309936647109
00bbac68_2511,12224.32336668019
00bbac68_2512,12224.353852343953
00bbac68_2513,12224.330480395107
00bbac68_2514,12224.362807198664
00bbac68_2515,12224.315633040918
00bbac68_2516,12224.321135966187
00bbac68_2517,12224.385205819366
00bbac68_2518,12224.33292452108
00bbac68_2519,12224.321961114867
00bbac68_2520,12224.333727534628
00bbac68_2521,12224.314989227025
00bbac68_2522,12224.314624694905
00bbac68_2523,12224.335608543826
00bbac68_2524,12224.303993129557
00bbac68_2525,12224.295014057338
00bbac68_2526,12224.352050943902
00bbac68_2527,12224.321660762711
00bbac68_2528,12224.319486490524
00bbac68_2529,12224.397623778967
00bbac68_2530,12224.319079648993
00bbac68_2531,12224.306452414883
00bbac68_2532,12224.362563545948
00bbac68_2533,12224.333486717342
00bbac68_2534,12224.328074768535
00bbac68_2535,12224.3770707501
00bbac68_2536,12224.340085553384
00bbac68_2537,12224.324431070892
00bbac68_2538,12224.33571648117
00bbac68_2539,12224.273018985106
00bbac68_2540,12224.278514829342
00bbac68_2541,12224.288387037335
00bbac68_2542,12224.334802447727
00bbac68_2543,12224.296875330729
00bbac68_2544,12224.2912488052
00bbac68_2545,12224.342126052408
00bbac68_2546,12224.293156888863
00bbac68_2547,12224.287773693337
00bbac68_2548,12224.35114974845
00bbac68_2549,12224.29169407749
00bbac68_2550,12224.31166669785
00bbac68_2551,12224.310649566394
00bbac68_2552,12224.366454210376
00bbac68_2553,12224.309632254091
00bbac68_2554,12224.31658049663
00bbac68_2555,12224.375436063958
00bbac68_2556,12224.234139901702
00bbac68_2557,12224.36324674314
00bbac68_2558,12224.327176143936
00bbac68_2559,12224.325327170056
00bbac68_2560,12224.363894722974
00bbac68_2561,12224.316409858135
00bbac68_2562,12224.404869431277
00bbac68_2563,12224.327450327051
00bbac68_2564,12224.315796341423
00bbac68_2565,12224.379122614739
00bbac68_2566,12224.318770442238
00bbac68_2567,12224.40689971028
00bbac68_2568,12224.333594614003
00bbac68_2569,12224.373674575178
00bbac68_2570,12224.333052517613
00bbac68_2571,12224.399239241671
00bbac68_2572,12224.337899730152
00bbac68_2573,12224.38652320653
00bbac68_2574,12224.341108148743
00bbac68_2575,12224.295114306015
00bbac68_2576,12224.375011552725
00bbac68_2577,12224.304410981444
00bbac68_2578,12224.356726178785
00bbac68_2579,12224.354026479734
00bbac68_2580,12224.307048731212
00bbac68_2581,12224.340698328731
00bbac68_2582,12224.301215458978
00bbac68_2583,12224.349446116907
00bbac68_2584,12224.374592325066
00bbac68_2585,12224.373791486945
00bbac68_2586,12224.333590786537
00bbac68_2587,12224.380918934774
00bbac68_2588,12224.36496311504
00bbac68_2589,12224.331402133641
00bbac68_2590,12224.362591394474
00bbac68_2591,12224.355437511844
00bbac68_2592,12224.359702257905
00bbac68_2593,12224.30010253444
00bbac68_2594,12224.378545880812
00bbac68_2595,12224.375097022903
00bbac68_2596,12224.373027750258
00bbac68_2597,12224.362716585752
00bbac68_2598,12224.314713160504
00bbac68_2599,12224.378373029094
00bbac68_2600,12224.402746045802
00bbac68_2601,12224.385375593272
00bbac68_2602,12224.383671816307
00bbac68_2603,12224.369006747078
00bbac68_2604,12224.371809653465
00bbac68_2605,12224.339289798316
00bbac68_2606,12224.376132011343
00bbac68_2607,12224.368988285343
00bbac68_2608,12224.3798594195
00bbac68_2609,12224.37578499892
00bbac68_2610,12224.369530192751
00bbac68_2611,12224.380401326905
00bbac68_2612,12224.40323039258
00bbac68_2613,12224.399923298355
00bbac68_2614,12224.429294808257
00bbac68_2615,12224.409012978773
00bbac68_2616,12224.39592690811
00bbac68_2617,12224.430398763623
00bbac68_2618,12224.403078817684
00bbac68_2619,12224.410889229488
00bbac68_2620,12224.419246096673
00bbac68_2621,12224.418111234125
00bbac68_2622,12224.391795650292
00bbac68_2623,12224.426418281715
00bbac68_2624,12224.376894222769
00bbac68_2625,12224.372027727986
00bbac68_2626,12224.402522332448
00bbac68_2627,12224.379352586398
00bbac68_2628,12224.375978973392
00bbac68_2629,12224.403329885836
00bbac68_2630,12224.390445231187
00bbac68_2631,12224.389403781037
00bbac68_2632,12224.381286735032
00bbac68_2633,12224.386565856781
00bbac68_2634,12224.407244291502
00bbac68_2635,12224.405621767592
00bbac68_2636,12224.398744688931
00bbac68_2637,12224.42599031573
00bbac68_2638,12224.393573171306
00bbac68_2639,12224.369170181315
00bbac68_2640,12224.371508314523
00bbac68_2641,12224.40688940313
00bbac68_2642,12224.424019024986
00bbac68_2643,12224.417929585945
00bbac68_2644,12224.403859037284
00bbac68_2645,12224.400518612141
00bbac68_2646,12224.402287687886
00bbac68_2647,12224.386392235736
00bbac68_2648,12224.42345331702
00bbac68_2649,12224.418348069872
00bbac68_2650,12224.420465761263
00bbac68_2651,12224.445306555222
00bbac68_2652,12224.4521229046
00bbac68_2653,12224.417524230177
00bbac68_2654,12224.413345382261
00bbac68_2655,12224.408340127866
00bbac68_2656,12224.442605703625
00bbac68_2657,12224.442647150661
00bbac68_2658,12224.423332919137
00bbac68_2659,12224.432787989985
00bbac68_2660,12224.432261094811
00bbac68_2661,12224.429851646537
00bbac68_2662,12224.38398640679
00bbac68_2663,12224.449349585393
00bbac68_2664,12224.437038995
00bbac68_2665,12224.428459750736
00bbac68_2666,12224.415122339207
00bbac68_2667,12224.388042433093
00bbac68_2668,12224.418887798967
00bbac68_2669,12224.443284562165
00bbac68_2670,12224.39270192473
00bbac68_2671,12224.437552427093
00bbac68_2672,12224.448636993558
00bbac68_2673,12224.404519695783
00bbac68_2674,12224.45273776521
00bbac68_2675,12224.408219638119
00bbac68_2676,12224.457546783091
00bbac68_2677,12224.310424219126
00bbac68_2678,12224.372945400582
00bbac68_2679,12224.327599722603
00bbac68_2680,12224.352810160728
00bbac68_2681,12224.332649352515
00bbac68_2682,12224.34769943984
00bbac68_2683,12224.32121577091
00bbac68_2684,12224.3042654596
00bbac68_2685,12224.341516369754
00bbac68_2686,12224.298373107242
00bbac68_2687,12224.292116870562
00bbac68_2688,12224.345567750963
00bbac68_2689,12224.294897995376
00bbac68_2690,12224.332234307067
00bbac68_2691,12224.334194499144
00bbac68_2692,12224.31785959387
00bbac68_2693,12224.329603769178
00bbac68_2694,12224.365561353909
00bbac68_2695,12224.332883427242
00bbac68_2696,12224.33156488702
00bbac68_2697,12224.27846855482
00bbac68_2698,12224.282240346627
00bbac68_2699,12224.283988107749
00bbac68_2700,12224.285948299826
00bbac68_2701,12224.279371628576
00bbac68_2702,12224.299257989096
00bbac68_2703,12224.301979356327
00bbac68_2704,12224.297440734776
00bbac68_2705,12224.321931339526
00bbac68_2706,12224.312640415805
00bbac68_2707,12224.302507063874
00bbac68_2708,12224.308931167008
00bbac68_2709,12224.28734099173
00bbac68_2710,12224.316823509322
00bbac68_2711,12224.319901503066
00bbac68_2712,12224.326222466321
00bbac68_2713,12224.299901732647
00bbac68_2714,12224.323049373226
00bbac68_2715,12224.30448515887
00bbac68_2716,12224.300355377496
00bbac68_2717,12224.315836764032
00bbac68_2718,12224.309130631493
00bbac68_2719,12224.32135359899
00bbac68_2720,12224.307883865149
00bbac68_2721,12224.324238149786
00bbac68_2722,12224.290649559514
00bbac68_2723,12224.305341589818
00bbac68_2724,12224.301825783969
00bbac68_2725,12224.308162196749
00bbac68_2726,12224.305875343309
00bbac68_2727,12224.320890383104
00bbac68_2728,12224.336676897736
00bbac68_2729,12224.312344145857
00bbac68_2730,12224.340077290968
00bbac68_2731,12224.306324048825
00bbac68_2732,12224.355256372632
00bbac68_2733,12224.330307642513
00bbac68_2734,12224.33063976948
00bbac68_2735,12224.334073102273
00bbac68_2736,12224.326973865182
00bbac68_2737,12224.314373596215
00bbac68_2738,12224.3307277378
00bbac68_2739,12224.322054938086
00bbac68_2740,12224.325125064017
00bbac68_2741,12224.338260268682
00bbac68_2742,12224.339079484806
00bbac68_2743,12224.337976808765
00bbac68_2744,12224.34627745685
00bbac68_2745,12224.351256457292
00bbac68_2746,12224.365150834397
00bbac68_2747,12224.369599115082
00bbac68_2748,12224.33044554907
00bbac68_2749,12224.361882860594
00bbac68_2750,12224.322104733274
00bbac68_2751,12224.331409600414
00bbac68_2752,12224.347895635157
00bbac68_2753,12224.360073970698
00bbac68_2754,12224.401202711359
00bbac68_2755,12224.391862148888
00bbac68_2756,12224.352891116143
00bbac68_2757,12224.36422888314
00bbac68_2758,12224.381652475104
00bbac68_2759,12224.371971164801
00bbac68_2760,12224.37348789832
00bbac68_2761,12224.353708178363
00bbac68_2762,12224.294412438587
00bbac68_2763,12224.335480954715
00bbac68_2764,12224.337623250902
00bbac68_2765,12224.335440395645
00bbac68_2766,12224.331362112685
00bbac68_2767,12224.323867482222
00bbac68_2768,12224.320656232267
00bbac68_2769,12224.34710191705
00bbac68_2770,12224.376280307904
00bbac68_2771,12224.361260328777
00bbac68_2772,12224.34286319816
00bbac68_2773,12224.332414561502
00bbac68_2774,12224.327729169472
00bbac68_2775,12224.359269191718
00bbac68_2776,12224.358725845665
00bbac68_2777,12224.351816866598
00bbac68_2778,12224.358539231374
00bbac68_2779,12224.34609131188
00bbac68_2780,12224.304434779942
00bbac68_2781,12224.324608959369
00bbac68_2782,12224.301667952104
00bbac68_2783,12224.330360255159
00bbac68_2784,12224.328824992448
00bbac68_2785,12224.360324245117
00bbac68_2786,12224.308985296264
00bbac68_2787,12224.300527073272
00bbac68_2788,12224.275380503415
00bbac68_2789,12224.318665597073
00bbac68_2790,12224.313381965145
00bbac68_2791,12224.32877609048
00bbac68_2792,12224.33885386297
00bbac68_2793,12224.287477720818
00bbac68_2794,12224.30061864753
00bbac68_2795,12224.298359546012
00bbac68_2796,12224.317876119316
00bbac68_2797,12224.301588850072
00bbac68_2798,12224.302063885136
00bbac68_2799,12224.315376759327
00bbac68_2800,12224.299193774372
00bbac68_2801,12224.256466218492
00bbac68_2802,12224.286974698914
00bbac68_2803,12224.276563112504
00bbac68_2804,12224.271867849944
00bbac68_2805,12224.239565003387
00bbac68_2806,12224.280178616866
00bbac68_2807,12224.276021798825
00bbac68_2808,12224.245243734447
00bbac68_2809,12224.301058964214
00bbac68_2810,12224.31010390742
00bbac68_2811,12224.268627047724
00bbac68_2812,12224.299309907496
00bbac68_2813,12224.296787734917
00bbac68_2814,12224.274402767463
00bbac68_2815,12224.285012976325
00bbac68_2816,12224.275319363622
00bbac68_2817,12224.25141361942
00bbac68_2818,12224.259795520558
00bbac68_2819,12224.260323484546
00bbac68_2820,12224.244344490526
00bbac68_2821,12224.23582976233
00bbac68_2822,12224.20829767154
00bbac68_2823,12224.243756579972
00bbac68_2824,12224.265592441527
00bbac68_2825,12224.236306400619
00bbac68_2826,12224.255192261411
00bbac68_2827,12224.240023938244
00bbac68_2828,12224.265641929089
00bbac68_2829,12224.26377421551
00bbac68_2830,12224.246899149104
00bbac68_2831,12224.274799234903
00bbac68_2832,12224.262053053764
00bbac68_2833,12224.277375224372
00bbac68_2834,12224.244157422676
00bbac68_2835,12224.233692621237
00bbac68_2836,12224.253992399572
00bbac68_2837,12224.227111620656
00bbac68_2838,12224.230984263522
00bbac68_2839,12224.21285807178
00bbac68_2840,12224.237294460145
00bbac68_2841,12224.221638189516
00bbac68_2842,12224.22781681688
00bbac68_2843,12224.258210713331
00bbac68_2844,12224.248401515302
00bbac68_2845,12224.236090066603
00bbac68_2846,12224.240985239072
00bbac68_2847,12224.22663044778
00bbac68_2848,12224.243623598843
00bbac68_2849,12224.268585986276
00bbac68_2850,12224.255255012049
00bbac68_2851,12224.260060205346
00bbac68_2852,12224.258086633918
00bbac68_2853,12224.222565136542
00bbac68_2854,12224.266275521262
00bbac68_2855,12224.241301757193
00bbac68_2856,12224.269518129078
00bbac68_2857,12224.256786968312
00bbac68_2858,12224.265383446169
00bbac68_2859,12224.240592501466
00bbac68_2860,12224.262455113587
00bbac68_2861,12224.268958753159
00bbac68_2862,12224.267856077116
00bbac68_2863,12224.253401006972
00bbac68_2864,12224.274625324873
00bbac68_2865,12224.248315176983
00bbac68_2866,12224.289069838895
00bbac68_2867,12224.272259431606
00bbac68_2868,12224.293857542154
00bbac68_2869,12224.266968180169
00bbac68_2870,12224.290094220025
00bbac68_2871,12224.299049756264
00bbac68_2872,12224.287343556967
00bbac68_2873,12224.290737836798
00bbac68_2874,12224.30627129395
00bbac68_2875,12224.273800648396
00bbac68_2876,12224.286613129672
00bbac68_2877,12224.295292004992
00bbac68_2878,12224.299255199236
00bbac68_2879,12224.326648025666
00bbac68_2880,12224.320254316834
00bbac68_2881,12224.343262339493
00bbac68_2882,12224.349805175078
00bbac68_2883,12224.330455752974
00bbac68_2884,12224.30607364845
00bbac68_2885,12224.288305799832
00bbac68_2886,12224.287892916424
00bbac68_2887,12224.31090079603
00bbac68_2888,12224.299693559136
00bbac68_2889,12224.284295066675
00bbac68_2890,12224.281987041664
00bbac68_2891,12224.283462433403
00bbac68_2892,12224.277484145101
00bbac68_2893,12224.300956225683
00bbac68_2894,12224.314207015675
00bbac68_2895,12224.312235590016
00bbac68_2896,12224.284591490175
00bbac68_2897,12224.333426110048
00bbac68_2898,12224.335386302126
00bbac68_2899,12224.338859975342
00bbac68_2900,12224.32405500209
00bbac68_2901,12224.306347950209
00bbac68_2902,12224.333205765348
00bbac68_2903,12224.311994103406
00bbac68_2904,12224.282059325542
00bbac68_2905,12224.335309934337
00bbac68_2906,12224.305523929666
00bbac68_2907,12224.29820711178
00bbac68_2908,12224.294834643182
00bbac68_2909,12224.286080304313
00bbac68_2910,12224.29180689005
00bbac68_2911,12224.279714166556
00bbac68_2912,12224.281674358632
00bbac68_2913,12224.28363455071
00bbac68_2914,12224.298946421633
00bbac68_2915,12224.284188941363
00bbac68_2916,12224.281852163072
00bbac68_2917,12224.289429544557
00bbac68_2918,12224.286274227601
00bbac68_2919,12224.300160021636
00bbac68_2920,12224.314534621444
00bbac68_2921,12224.31544767912
00bbac68_2922,12224.301763654661
00bbac68_2923,12224.34853991157
00bbac68_2924,12224.32741808575
00bbac68_2925,12224.309398467112
00bbac68_2926,12224.323003308695
00bbac68_2927,12224.32287280825
00bbac68_2928,12224.338713396217
00bbac68_2929,12224.33080820896
00bbac68_2930,12224.339099987876
00bbac68_2931,12224.362244338277
00bbac68_2932,12224.350182370777
00bbac68_2933,12224.315431632984
00bbac68_2934,12224.33142313991
00bbac68_2935,12224.359099779818
00bbac68_2936,12224.351530333604
00bbac68_2937,12224.360489875275
00bbac68_2938,12224.360986081909
00bbac68_2939,12224.372005560102
00bbac68_2940,12224.353517592008
00bbac68_2941,12224.366511748241
00bbac68_2942,12224.278390200894
00bbac68_2943,12224.28154830328
00bbac68_2944,12224.28711924937
00bbac68_2945,12224.273325933831
00bbac68_2946,12224.278344702492
00bbac68_2947,12224.2712390281
00bbac68_2948,12224.299128671164
00bbac68_2949,12224.294837957252
00bbac68_2950,12224.299048343877
00bbac68_2951,12224.294975639912
00bbac68_2952,12224.307516896213
00bbac68_2953,12224.314637372332
00bbac68_2954,12224.305058629701
00bbac68_2955,12224.310414569918
00bbac68_2956,12224.295811870987
00bbac68_2957,12224.304545534897
00bbac68_2958,12224.302733754317
00bbac68_2959,12224.265082082304
00bbac68_2960,12224.253447980787
00bbac68_2961,12224.255408172863
00bbac68_2962,12224.248619213711
00bbac68_2963,12224.250579405787
00bbac68_2964,12224.252539597863
00bbac68_2965,12224.261539479958
00bbac68_2966,12224.258374149422
00bbac68_2967,12224.26498708007
00bbac68_2968,12224.256073954428
00bbac68_2969,12224.25961314507
00bbac68_2970,12224.281882880758
00bbac68_2971,12224.271952804509
00bbac68_2972,12224.264054626758
00bbac68_2973,12224.270797590898
00bbac68_2974,12224.278007473986
00bbac68_2975,12224.210186458024
00bbac68_2976,12224.211613784577
00bbac68_2977,12224.210921665328
00bbac68_2978,12224.211503273496
00bbac68_2979,12224.233896176222
00bbac68_2980,12224.219560410733
00bbac68_2981,12224.23543361436
00bbac68_2982,12224.243973157863
00bbac68_2983,12224.243243273111
00bbac68_2984,12224.239225071633
00bbac68_2985,12224.233063391763
00bbac68_2986,12224.241941823431
00bbac68_2987,12224.249608611884
00bbac68_2988,12224.235136089497
00bbac68_2989,12224.229464359807
00bbac68_2990,12224.233926516452
00bbac68_2991,12224.235994712146
00bbac68_2992,12224.236710645342
00bbac68_2993,12224.268353235262
00bbac68_2994,12224.271208498369
00bbac68_2995,12224.249752505066
00bbac68_2996,12224.271121590727
00bbac68_2997,12224.289996865737
00bbac68_2998,12224.291957057812
00bbac68_2999,12224.279134916516
00bbac68_3000,12224.28571251353
00bbac68_3001,12224.30333895202
00bbac68_3002,12224.29081178219
00bbac68_3003,12224.297442737283
00bbac68_3004,12224.280278707558
00bbac68_3005,12224.29209312098
00bbac68_3006,12224.321272513189
00bbac68_3007,12224.319300515324
00bbac68_3008,12224.323716895604
00bbac68_3009,12224.323356082814
00bbac68_3010,12224.315415704974
00bbac68_3011,12224.340288113237
00bbac68_3012,12224.32312994861
00bbac68_3013,12224.334897441255
00bbac68_3014,12224.347032289246
00bbac68_3015,12224.344375076384
00bbac68_3016,12224.358150577986
00bbac68_3017,12224.35951467593
00bbac68_3018,12224.361963673779
00bbac68_3019,12224.361520606579
00bbac68_3020,12224.359117023401
00bbac68_3021,12224.365440990732
00bbac68_3022,12224.362180960336
00bbac68_3023,12224.375053809197
00bbac68_3024,12224.36728580799
00bbac68_3025,12224.379232400672
00bbac68_3026,12224.371694568761
00bbac68_3027,12224.349772943975
00bbac68_3028,12224.360500740879
00bbac68_3029,12224.34568103336
00bbac68_3030,12224.347641225435
00bbac68_3031,12224.368493610353
00bbac68_3032,12224.368476692522
00bbac68_3033,12224.36508147879
00bbac68_3034,12224.370443713256
00bbac68_3035,12224.366388032377
00bbac68_3036,12224.364416034514
00bbac68_3037,12224.357938068555
00bbac68_3038,12224.369752481975
00bbac68_3039,12224.394437350184
00bbac68_3040,12224.379842948221
00bbac68_3041,12224.367573842661
00bbac68_3042,12224.400530357369
00bbac68_3043,12224.389903622032
00bbac68_3044,12224.386643591635
00bbac68_3045,12224.388603783713
00bbac68_3046,12224.379004298666
00bbac68_3047,12224.421893283696
00bbac68_3048,12224.386254484378
00bbac68_3049,12224.407151930407
00bbac68_3050,12224.39765343947
00bbac68_3051,12224.410683644594
00bbac68_3052,12224.417003892593
00bbac68_3053,12224.410625919387
00bbac68_3054,12224.419173902907
00bbac68_3055,12224.402860884458
00bbac68_3056,12224.415521302366
00bbac68_3057,12224.419681478039
00bbac68_3058,12224.401559434778
00bbac68_3059,12224.398062940836
00bbac68_3060,12224.427159077279
00bbac68_3061,12224.426588122353
00bbac68_3062,12224.416750171044
00bbac68_3063,12224.430508506506
00bbac68_3064,12224.43612708863
00bbac68_3065,12224.426605852559
00bbac68_3066,12224.429497450657
00bbac68_3067,12224.446188477696
00bbac68_3068,12224.453705920749
00bbac68_3069,12224.45128717415
00bbac68_3070,12224.453654203691
00bbac68_3071,12224.442097921998
00bbac68_3072,12224.431022006058
00bbac68_3073,12224.434398261443
00bbac68_3074,12224.436358453519
00bbac68_3075,12224.47380319798
00bbac68_3076,12224.459754393092
00bbac68_3077,12224.477242787227
00bbac68_3078,12224.459820979333
00bbac68_3079,12224.456180146783
00bbac68_3080,12224.453275312386
00bbac68_3081,12224.471479677513
00bbac68_3082,12224.481955275245
00bbac68_3083,12224.468373818458
00bbac68_3084,12224.47636876624
00bbac68_3085,12224.496499458119
00bbac68_3086,12224.476926017916
00bbac68_3087,12224.52119787839
00bbac68_3088,12224.52661804857
00bbac68_3089,12224.510034949555
00bbac68_3090,12224.524417703278
00bbac68_3091,12224.533123186111
00bbac68_3092,12224.535802639357
00bbac68_3093,12224.534563778623
00bbac68_3094,12224.53212328825
00bbac68_3095,12224.54842793414
00bbac68_3096,12224.532184009395
00bbac68_3097,12224.521377172663
00bbac68_3098,12224.522216988153
00bbac68_3099,12224.579726086557
00bbac68_3100,12224.541007825188
00bbac68_3101,12224.553524047538
00bbac68_3102,12224.543667928732
00bbac68_3103,12224.553438856512
00bbac68_3104,12224.53984452512
00bbac68_3105,12224.580930350436
00bbac68_3106,12224.611329539783
00bbac68_3107,12224.56650471103
00bbac68_3108,12224.588165907136
00bbac68_3109,12224.609416975602
00bbac68_3110,12224.569052052475
00bbac68_3111,12224.587322793333
00bbac68_3112,12224.578786178312
00bbac68_3113,12224.58552270515
00bbac68_3114,12224.593517795985
00bbac68_3115,12224.583793999493
00bbac68_3116,12224.600760543039
00bbac68_3117,12224.57339553599
00bbac68_3118,12224.563605649864
00bbac68_3119,12224.600375908165
00bbac68_3120,12224.580826786658
00bbac68_3121,12224.587822665228
00bbac68_3122,12224.608625411398
00bbac68_3123,12224.593475112675
00bbac68_3124,12224.60126192104
00bbac68_3125,12224.610708265765
00bbac68_3126,12224.606847134448
00bbac68_3127,12224.611395121781
00bbac68_3128,12224.610886251054
00bbac68_3129,12224.609605476333
00bbac68_3130,12224.63030179245
00bbac68_3131,12224.6579463889
00bbac68_3132,12224.639320519498
00bbac68_3133,12224.644762576503
00bbac68_3134,12224.66411893252
00bbac68_3135,12224.673432525782
00bbac68_3136,12224.662036461374
00bbac68_3137,12224.668846373452
00bbac68_3138,12224.650396313911
00bbac68_3139,12224.655135846731
00bbac68_3140,12224.643297754279
00bbac68_3141,12224.643145510061
00bbac68_3142,12224.604225260471
00bbac68_3143,12224.602866522877
00bbac68_3144,12224.6113213801
00bbac68_3145,12224.615904558015
00bbac68_3146,12224.616540096467
00bbac68_3147,12224.61403923851
00bbac68_3148,12224.615678996017
00bbac68_3149,12224.623745326324
00bbac68_3150,12224.577321328794
00bbac68_3151,12224.564016532926
00bbac68_3152,12224.550186596294
00bbac68_3153,12224.555809183848
00bbac68_3154,12224.557769375926
00bbac68_3155,12224.55903362417
00bbac68_3156,12224.570316745629
00bbac68_3157,12224.574867450936
00bbac68_3158,12224.566371319388
00bbac68_3159,12224.568331511466
00bbac68_3160,12224.584135049185
00bbac68_3161,12224.603105739308
00bbac68_3162,12224.573042215412
00bbac68_3163,12224.577086662706
00bbac68_3164,12224.573708901216
00bbac68_3165,12224.611137766999
00bbac68_3166,12224.57817416719
00bbac68_3167,12224.602508130934
00bbac68_3168,12224.597885252257
00bbac68_3169,12224.609205423963
00bbac68_3170,12224.571453330045
00bbac68_3171,12224.59035692918
00bbac68_3172,12224.584413259257
00bbac68_3173,12224.600171306713
00bbac68_3174,12224.588640917276
00bbac68_3175,12224.565226982919
00bbac68_3176,12224.610633382043
00bbac68_3177,12224.620055408073
00bbac68_3178,12224.638276653235
00bbac68_3179,12224.608512249288
00bbac68_3180,12224.611765337635
00bbac68_3181,12224.61811977486
00bbac68_3182,12224.585936805164
00bbac68_3183,12224.63022268465
00bbac68_3184,12224.630248396059
00bbac68_3185,12224.618809988511
00bbac68_3186,12224.591958678131
00bbac68_3187,12224.62120630574
00bbac68_3188,12224.627746566404
00bbac68_3189,12224.62664102934
00bbac68_3190,12224.643574528072
00bbac68_3191,12224.649298824992
00bbac68_3192,12224.639129281122
00bbac68_3193,12224.710326371622
00bbac68_3194,12224.733742519204
00bbac68_3195,12224.77436700457
00bbac68_3196,12224.725210873175
00bbac68_3197,12224.73146803562
00bbac68_3198,12224.721752536092
00bbac68_3199,12224.736940238621
00bbac68_3200,12224.776528604527
00bbac68_3201,12224.664677160632
00bbac68_3202,12224.667439440493
00bbac68_3203,12224.616377152559
00bbac68_3204,12224.744193887223
00bbac68_3205,12224.744767484528
00bbac68_3206,12224.693612070296
00bbac68_3207,12224.643163614835
00bbac68_3208,12224.64778141113
00bbac68_3209,12224.814230252576
00bbac68_3210,12224.811904918377
00bbac68_3211,12224.834292957363
00bbac68_3212,12224.809812290598
00bbac68_3213,12224.810348837655
00bbac68_3214,12224.82864775959
00bbac68_3215,12224.829191888359
00bbac68_3216,12224.838037704367
00bbac68_3217,12224.820589718114
00bbac68_3218,12224.85592703307
00bbac68_3219,12224.848816494938
00bbac68_3220,12224.833609691013
00bbac68_3221,12224.842759061556
00bbac68_3222,12224.844166360948
00bbac68_3223,12224.85798420569
00bbac68_3224,12224.834572417098
00bbac68_3225,12224.845439545821
00bbac68_3226,12224.837494161191
00bbac68_3227,12224.84797676843
00bbac68_3228,12224.804949091244
00bbac68_3229,12224.817600067776
00bbac68_3230,12224.848051327739
00bbac68_3231,12224.85082118931
00bbac68_3232,12224.863064183968
00bbac68_3233,12224.86056818975
00bbac68_3234,12224.879629002098
00bbac68_3235,12224.90298277938
00bbac68_3236,12224.866681224095
00bbac68_3237,12224.8740740696
00bbac68_3238,12224.855011178945
00bbac68_3239,12224.843197691287
00bbac68_3240,12224.84779546042
00bbac68_3241,12224.883731730532
00bbac68_3242,12224.915707200471
00bbac68_3243,12224.863743261154
00bbac68_3244,12224.865470995115
00bbac68_3245,12224.861169123213
00bbac68_3246,12224.868845782194
00bbac68_3247,12224.85999731567
00bbac68_3248,12224.861957507746
00bbac68_3249,12224.85096785165
00bbac68_3250,12224.890047956827
00bbac68_3251,12224.844425045725
00bbac68_3252,12224.828287980186
00bbac68_3253,12224.838759429435
00bbac68_3254,12224.835868900152
00bbac68_3255,12224.869600609029
00bbac68_3256,12224.876648415166
00bbac68_3257,12224.841043089817
00bbac68_3258,12224.88229800159
00bbac68_3259,12224.889568681414
00bbac68_3260,12224.872906475113
00bbac68_3261,12224.887644710938
00bbac68_3262,12224.901936627182
00bbac68_3263,12224.915509282257
00bbac68_3264,12224.925764867323
00bbac68_3265,12224.923701030622
00bbac68_3266,12224.936368601086
00bbac68_3267,12224.93113246214
00bbac68_3268,12225.00201941775
00bbac68_3269,12224.9390618547
00bbac68_3270,12224.939761050911
00bbac68_3271,12224.956745189751
00bbac68_3272,12224.946676639991
00bbac68_3273,12224.963501276801
00bbac68_3274,12224.972310185614
00bbac68_3275,12224.931471334035
00bbac68_3276,12224.918823429036
00bbac68_3277,12224.98275437955
00bbac68_3278,12224.97692071596
00bbac68_3279,12224.966634871507
00bbac68_3280,12224.970642411607
00bbac68_3281,12224.962289331208
00bbac68_3282,12224.958247812392
00bbac68_3283,12224.941422956937
00bbac68_3284,12224.952947405684
00bbac68_3285,12224.977715100507
00bbac68_3286,12224.96661844215
00bbac68_3287,12224.993142662013
00bbac68_3288,12224.98899042161
00bbac68_3289,12224.973914366434
00bbac68_3290,12224.986364356102
00bbac68_3291,12225.000947667533
00bbac68_3292,12224.993426429557
00bbac68_3293,12224.993875000158
00bbac68_3294,12225.015465528997
00bbac68_3295,12225.00368809023
00bbac68_3296,12225.009248164431
00bbac68_3297,12224.964007485994
00bbac68_3298,12224.97124583626
00bbac68_3299,12224.974868711823
00bbac68_3300,12224.936681885467
00bbac68_3301,12224.91936779509
00bbac68_3302,12224.923410954923
00bbac68_3303,12224.911462570035
00bbac68_3304,12224.923200451092
00bbac68_3305,12224.930538221904
00bbac68_3306,12224.95229297346
00bbac68_3307,12224.951824157053
00bbac68_3308,12224.931649329828
00bbac68_3309,12225.002952135124
00bbac68_3310,12224.991679666908
00bbac68_3311,12224.972429093146
00bbac68_3312,12224.963665312902
00bbac68_3313,12225.011442069539
00bbac68_3314,12224.978445854069
00bbac68_3315,12225.01985254311
00bbac68_3316,12224.969242869005
00bbac68_3317,12225.016818209628
00bbac68_3318,12224.984896880478
00bbac68_3319,12225.023701469147
00bbac68_3320,12225.02418523033
00bbac68_3321,12225.006764566848
00bbac68_3322,12225.02141153604
00bbac68_3323,12224.973076947384
00bbac68_3324,12224.997804873989
00bbac68_3325,12224.98466344253
00bbac68_3326,12224.991157354623
00bbac68_3327,12224.997178768777
00bbac68_3328,12225.013127789513
00bbac68_3329,12225.004743380912
00bbac68_3330,12225.001410108329
00bbac68_3331,12225.006016746633
00bbac68_3332,12224.982211567389
00bbac68_3333,12224.990527808048
00bbac68_3334,12224.998723742694
00bbac68_3335,12225.055656917179
00bbac68_3336,12225.003145664172
00bbac68_3337,12225.013111427614
00bbac68_3338,12225.02214278096
00bbac68_3339,12225.047928999953
00bbac68_3340,12225.040239247724
00bbac68_3341,12225.02238814334
00bbac68_3342,12225.009907894284
00bbac68_3343,12224.993330660365
00bbac68_3344,12224.99735379304
00bbac68_3345,12225.062072812327
00bbac68_3346,12225.026922961832
00bbac68_3347,12225.05441778373
00bbac68_3348,12225.021995775565
00bbac68_3349,12225.046478655555
00bbac68_3350,12225.030198681921
00bbac68_3351,12225.075096677267
00bbac68_3352,12225.063714345768
00bbac68_3353,12225.056990331836
00bbac68_3354,12225.082812027515
00bbac68_3355,12225.060802712374
00bbac68_3356,12225.047075629518
00bbac68_3357,12225.084545264877
00bbac68_3358,12225.079332300216
00bbac68_3359,12225.08804908409
00bbac68_3360,12225.080863014951
00bbac68_3361,12225.100234248288
00bbac68_3362,12225.094454371929
00bbac68_3363,12225.113400457256
00bbac68_3364,12225.076846416698
00bbac68_3365,12225.10000850544
00bbac68_3366,12225.109356860132
00bbac68_3367,12225.094476355873
00bbac68_3368,12225.110054588034
00bbac68_3369,12225.11571851737
00bbac68_3370,12225.111148710668
00bbac68_3371,12225.10664184647
00bbac68_3372,12225.133618537113
00bbac68_3373,12225.112579967059
00bbac68_3374,12225.105026685625
00bbac68_3375,12225.116500351212
00bbac68_3376,12225.128725035323
00bbac68_3377,12225.146028893478
00bbac68_3378,12225.140895179153
00bbac68_3379,12225.123890365354
00bbac68_3380,12225.139803051099
00bbac68_3381,12225.134366640545
00bbac68_3382,12225.15726322636
00bbac68_3383,12225.161594491205
00bbac68_3384,12225.157434955194
00bbac68_3385,12225.147098470636
00bbac68_3386,12225.13873709327
00bbac68_3387,12225.135778042488
00bbac68_3388,12225.166507966085
00bbac68_3389,12225.157368247426
00bbac68_3390,12225.1758837488
00bbac68_3391,12225.15797127547
00bbac68_3392,12225.157702444567
00bbac68_3393,12225.166097363359
00bbac68_3394,12225.180085152864
00bbac68_3395,12225.173336677186
00bbac68_3396,12225.162224283202
00bbac68_3397,12225.199907350874
00bbac68_3398,12225.198692379683
00bbac68_3399,12225.19981500729
00bbac68_3400,12225.21142957826
00bbac68_3401,12225.207131425685
00bbac68_3402,12225.203676559626
00bbac68_3403,12225.21146336799
00bbac68_3404,12225.216404030723
00bbac68_3405,12225.215318663872
00bbac68_3406,12225.21689876905
00bbac68_3407,12225.216183189414
00bbac68_3408,12225.21846381606
00bbac68_3409,12225.211517786747
00bbac68_3410,12225.218401370166
00bbac68_3411,12225.223452468386
00bbac68_3412,12225.223541980607
00bbac68_3413,12225.23011442778
00bbac68_3414,12225.237991215317
00bbac68_3415,12225.233860003433
00bbac68_3416,12225.23839339955
00bbac68_3417,12225.235226924604
00bbac68_3418,12225.233380668698
00bbac68_3419,12225.224558380534
00bbac68_3420,12225.228400410457
00bbac68_3421,12225.216464041865
00bbac68_3422,12225.15473385766
00bbac68_3423,12225.15510761251
00bbac68_3424,12225.176846342338
00bbac68_3425,12225.169894018774
00bbac68_3426,12225.176972437857
00bbac68_3427,12225.196402036061
00bbac68_3428,12225.29258987592
00bbac68_3429,12225.293492920016
00bbac68_3430,12225.276054089038
00bbac68_3431,12225.276957133136
00bbac68_3432,12225.280294907761
00bbac68_3433,12225.27972080571
00bbac68_3434,12225.283894857344
00bbac68_3435,12225.286175483992
00bbac68_3436,12225.292020945235
00bbac68_3437,12225.291423239743
00bbac68_3438,12225.298627257733
00bbac68_3439,12225.295649181147
00bbac68_3440,12225.298874517573
00bbac68_3441,12225.30593491221
00bbac68_3442,12225.328074757455
00bbac68_3443,12225.326828028908
00bbac68_3444,12225.302660501105
00bbac68_3445,12225.291132257436
00bbac68_3446,12225.317822559682
00bbac68_3447,12225.326881951054
00bbac68_3448,12225.344954566073
00bbac68_3449,12225.322582044071
00bbac68_3450,12225.281799554643
00bbac68_3451,12225.282156572512
00bbac68_3452,12225.281365747971
00bbac68_3453,12225.282437592423
00bbac68_3454,12225.301108161239
00bbac68_3455,12225.289676906248
00bbac68_3456,12225.318326866163
00bbac68_3457,12225.31699959982
00bbac68_3458,12225.31635082507
00bbac68_3459,12225.304690974344
00bbac68_3460,12225.32022085522
00bbac68_3461,12225.29639779458
00bbac68_3462,12225.298037552086
00bbac68_3463,12225.296844467719
00bbac68_3464,12225.286495966864
00bbac68_3465,12225.346516185109
00bbac68_3466,12225.316002622303
00bbac68_3467,12225.312246204427
00bbac68_3468,12225.312414823931
00bbac68_3469,12225.313450762545
00bbac68_3470,12225.345062024262
00bbac68_3471,12225.343644921799
00bbac68_3472,12225.39857452191
00bbac68_3473,12225.33510812593
00bbac68_3474,12225.346285246489
00bbac68_3475,12225.350417241087
00bbac68_3476,12225.37460643707
00bbac68_3477,12225.443188409541
00bbac68_3478,12225.472598543254
00bbac68_3479,12225.45374679609
00bbac68_3480,12225.394356642557
00bbac68_3481,12225.39174606437
00bbac68_3482,12225.393706256446
00bbac68_3483,12225.39094876473
00bbac68_3484,12225.404437877934
00bbac68_3485,12225.42335263506
00bbac68_3486,12225.427426407841
00bbac68_3487,12225.413581307788
00bbac68_3488,12225.43073152901
00bbac68_3489,12225.410727075701
00bbac68_3490,12225.421218266007
00bbac68_3491,12225.404726290573
00bbac68_3492,12225.413308177214
00bbac68_3493,12225.428599162671
00bbac68_3494,12225.427352434126
00bbac68_3495,12225.399623075802
00bbac68_3496,12225.41446402235
00bbac68_3497,12225.42994855601
00bbac68_3498,12225.383553740916
00bbac68_3499,12225.40533223896
00bbac68_3500,12225.421265953224
00bbac68_3501,12225.4021198068
00bbac68_3502,12225.449386013892
00bbac68_3503,12225.43228735854
00bbac68_3504,12225.431507405889
00bbac68_3505,12225.451507062917
00bbac68_3506,12225.405460291262
00bbac68_3507,12225.408036032428
00bbac68_3508,12225.423378373247
00bbac68_3509,12225.497964345428
00bbac68_3510,12225.479072257844
00bbac68_3511,12225.440629512985
00bbac68_3512,12225.441262619566
00bbac68_3513,12225.427113678876
00bbac68_3514,12225.415937770184
00bbac68_3515,12225.436365007092
00bbac68_3516,12225.442015203516
00bbac68_3517,12225.441390890512
00bbac68_3518,12225.447044949318
00bbac68_3519,12225.509854807991
00bbac68_3520,12225.519606853019
00bbac68_3521,12225.452865014915
00bbac68_3522,12225.447369238134
00bbac68_3523,12225.430474430668
00bbac68_3524,12225.439697186452
00bbac68_3525,12225.435598447177
00bbac68_3526,12225.428125417437
00bbac68_3527,12225.430085609514
00bbac68_3528,12225.45385380597
00bbac68_3529,12225.444086378875
00bbac68_3530,12225.47364886206
00bbac68_3531,12225.439903916884
00bbac68_3532,12225.434995222013
00bbac68_3533,12225.428597221646
00bbac68_3534,12225.437193699505
00bbac68_3535,12225.432197171229
00bbac68_3536,12225.441114083658
00bbac68_3537,12225.443074275736
00bbac68_3538,12225.445034467812
00bbac68_3539,12225.457570145118
00bbac68_3540,12225.44325669561
00bbac68_3541,12225.453403847907
00bbac68_3542,12225.45602064475
00bbac68_3543,12225.452104009586
00bbac68_3544,12225.445948767017
00bbac68_3545,12225.44369982213
00bbac68_3546,12225.437592501696
00bbac68_3547,12225.430938582826
00bbac68_3548,12225.431027379791
00bbac68_3549,12225.429531599197
00bbac68_3550,12225.426610170867
00bbac68_3551,12225.427877280134
00bbac68_3552,12225.426518542537
00bbac68_3553,12225.425498407008
00bbac68_3554,12225.452731159206
00bbac68_3555,12225.479866922724
00bbac68_3556,12225.440795611123
00bbac68_3557,12225.4427558032
00bbac68_3558,12225.471002644981
00bbac68_3559,12225.466157035666
00bbac68_3560,12225.509473171423
00bbac68_3561,12225.508812237325
00bbac68_3562,12225.48454342931
00bbac68_3563,12225.506987687397
00bbac68_3564,12225.49984181563
00bbac68_3565,12225.498677055391
00bbac68_3566,12225.509790089036
00bbac68_3567,12225.484080612914
00bbac68_3568,12225.506110451828
00bbac68_3569,12225.49394176817
00bbac68_3570,12225.492090648528
00bbac68_3571,12225.497368196713
00bbac68_3572,12225.507003512004
00bbac68_3573,12225.533450341198
00bbac68_3574,12225.500379023875
00bbac68_3575,12225.510028072076
00bbac68_3576,12225.46470413787
00bbac68_3577,12225.471215788308
00bbac68_3578,12225.478200222784
00bbac68_3579,12225.480573689627
00bbac68_3580,12225.496378228703
00bbac68_3581,12225.468382652196
00bbac68_3582,12225.464976566578
00bbac68_3583,12225.463727835315
00bbac68_3584,12225.480024327288
00bbac68_3585,12225.497064399126
00bbac68_3586,12225.498197755569
00bbac68_3587,12225.495833368408
00bbac68_3588,12225.48086703346
00bbac68_3589,12225.498473873944
00bbac68_3590,12225.482441521848
00bbac68_3591,12225.490038215237
00bbac68_3592,12225.481728050181
00bbac68_3593,12225.485043222727
00bbac68_3594,12225.499797480279
00bbac68_3595,12225.492667487191
00bbac68_3596,12225.487606442848
00bbac68_3597,12225.489538310798
00bbac68_3598,12225.495250734471
00bbac68_3599,12225.504479498402
00bbac68_3600,12225.484924797902
00bbac68_3601,12225.372033372165
00bbac68_3602,12225.372846866245
00bbac68_3603,12225.506142602906
00bbac68_3604,12225.505453916887
00bbac68_3605,12225.491408402177
00bbac68_3606,12225.484711711013
00bbac68_3607,12225.499024369674
00bbac68_3608,12225.457780683348
00bbac68_3609,12225.449679229916
00bbac68_3610,12225.453686770015
00bbac68_3611,12225.464293402598
00bbac68_3612,12225.479380254068
00bbac68_3613,12225.490859212548
00bbac68_3614,12225.489123821282
00bbac68_3615,12225.497033653633
00bbac68_3616,12225.483357210884
00bbac68_3617,12225.48030832398
00bbac68_3618,12225.478949586384
00bbac68_3619,12225.490151025639
00bbac68_3620,12225.488697159031
00bbac68_3621,12225.502520582766
00bbac68_3622,12225.520534260713
00bbac68_3623,12225.516371434525
00bbac68_3624,12225.500339082428
00bbac68_3625,12225.501299490035
00bbac68_3626,12225.501987671309
00bbac68_3627,12225.499881920621
00bbac68_3628,12225.527452273527
00bbac68_3629,12225.505506186993
00bbac68_3630,12225.507809844874
00bbac68_3631,12225.523093963877
00bbac68_3632,12225.461443745264
00bbac68_3633,12225.466756484033
00bbac68_3634,12225.472754294746
00bbac68_3635,12225.470676868186
00bbac68_3636,12225.465489652732
00bbac68_3637,12225.451321114033
00bbac68_3638,12225.345711134754
00bbac68_3639,12225.341515406803
00bbac68_3640,12225.344447059222
00bbac68_3641,12225.345435790956
00bbac68_3642,12225.35536192923
00bbac68_3643,12225.354880238221
00bbac68_3644,12225.35895901779
00bbac68_3645,12225.382350417525
00bbac68_3646,12225.36355460336
00bbac68_3647,12225.366661779539
00bbac68_3648,12225.440483715542
00bbac68_3649,12225.45014721191
00bbac68_3650,12225.446387933009
00bbac68_3651,12225.471779473886
00bbac68_3652,12225.468715423562
00bbac68_3653,12225.474702648491
00bbac68_3654,12225.469359364233
00bbac68_3655,12225.468770957068
00bbac68_3656,12225.479709754414
00bbac68_3657,12225.474690194904
00bbac68_3658,12225.480284458332
00bbac68_3659,12225.48196927695
00bbac68_3660,12225.478866888918
00bbac68_3661,12225.480855405121
00bbac68_3662,12225.486824891708
00bbac68_3663,12225.488785083786
00bbac68_3664,12225.384658831008
00bbac68_3665,12225.386591271163
00bbac68_3666,12225.384187687985
00bbac68_3667,12225.386121129497
00bbac68_3668,12225.428276548244
00bbac68_3669,12225.354316206187
00bbac68_3670,12225.378528433404
00bbac68_3671,12225.353946057276
00bbac68_3672,12225.36828675396
00bbac68_3673,12225.359920226752
00bbac68_3674,12225.358814260535
00bbac68_3675,12225.35443728678
00bbac68_3676,12225.35380253104
00bbac68_3677,12225.355017283588
00bbac68_3678,12225.348252929232
00bbac68_3679,12225.360857557193
00bbac68_3680,12225.263837227114
00bbac68_3681,12225.383588738083
00bbac68_3682,12225.36065645694
00bbac68_3683,12225.377280249937
00bbac68_3684,12225.275862527586
00bbac68_3685,12225.277517448514
00bbac68_3686,12225.282567545377
00bbac68_3687,12225.277384907558
00bbac68_3688,12225.396012894817
00bbac68_3689,12225.399755790293
00bbac68_3690,12225.431639278344
00bbac68_3691,12225.289583872123
00bbac68_3692,12225.423253830588
00bbac68_3693,12225.409160107642
00bbac68_3694,12225.415217427633
00bbac68_3695,12225.419979991688
00bbac68_3696,12225.41757369054
00bbac68_3697,12225.421185408115
00bbac68_3698,12225.444049378268
00bbac68_3699,12225.464019995912
00bbac68_3700,12225.44165877495
00bbac68_3701,12225.454367973296
00bbac68_3702,12225.423677456221
00bbac68_3703,12225.415973971083
00bbac68_3704,12225.427063973493
00bbac68_3705,12225.42099556297
00bbac68_3706,12225.462921813778
00bbac68_3707,12225.456650699778
00bbac68_3708,12225.457935118235
00bbac68_3709,12225.439649710564
00bbac68_3710,12225.452109427712
00bbac68_3711,12225.44688902439
00bbac68_3712,12225.448849216467
00bbac68_3713,12225.444726015447
00bbac68_3714,12225.403413521519
00bbac68_3715,12225.41239552222
00bbac68_3716,12225.345801885105
00bbac68_3717,12225.313454406587
00bbac68_3718,12225.322056749545
00bbac68_3719,12225.327056778504
00bbac68_3720,12225.329016970582
00bbac68_3721,12225.33065701419
00bbac68_3722,12225.332937354735
00bbac68_3723,12225.336769228024
00bbac68_3724,12225.338409271633
00bbac68_3725,12225.32204718664
00bbac68_3726,12225.342313347955
00bbac68_3727,12225.341065475
00bbac68_3728,12225.348192388421
00bbac68_3729,12225.356460563897
00bbac68_3730,12225.220508291832
00bbac68_3731,12225.219090760214
00bbac68_3732,12225.228200076437
00bbac68_3733,12225.214048703878
00bbac68_3734,12225.226790374836
00bbac68_3735,12225.201131109668
00bbac68_3736,12225.20181900484
00bbac68_3737,12225.236469531235
00bbac68_3738,12225.228994641831
00bbac68_3739,12225.206981750413
00bbac68_3740,12225.263663297927
00bbac68_3741,12225.24924813905
00bbac68_3742,12225.227104498883
00bbac68_3743,12225.244361150159
00bbac68_3744,12225.245235297924
00bbac68_3745,12225.240749605297
00bbac68_3746,12225.240498798838
00bbac68_3747,12225.245778063638
00bbac68_3748,12225.247738255715
00bbac68_3749,12225.221430396645
00bbac68_3750,12225.201405630072
00bbac68_3751,12225.163632221533
00bbac68_3752,12225.159331350987
00bbac68_3753,12225.170570412693
00bbac68_3754,12225.17720694678
00bbac68_3755,12225.159776269717
00bbac68_3756,12225.189326450502
00bbac68_3757,12225.207149870423
00bbac68_3758,12225.175561707398
00bbac68_3759,12225.167768386138
00bbac68_3760,12225.16994115222
00bbac68_3761,12225.171688770291
00bbac68_3762,12225.183402475704
00bbac68_3763,12225.182043595058
00bbac68_3764,12225.182440810298
00bbac68_3765,12225.106978288142
00bbac68_3766,12225.108938480218
00bbac68_3767,12225.110578523827
00bbac68_3768,12225.12549743325
00bbac68_3769,12225.124226099906
00bbac68_3770,12225.139599625876
00bbac68_3771,12225.157586696308
00bbac68_3772,12225.085275018726
00bbac68_3773,12224.944673298267
00bbac68_3774,12224.998806818743
00bbac68_3775,12225.023781365526
00bbac68_3776,12225.157460765367
00bbac68_3777,12225.133144750473
00bbac68_3778,12225.195790958633
00bbac68_3779,12225.164712057693
00bbac68_3780,12225.15668785188
00bbac68_3781,12225.164112311688
00bbac68_3782,12225.147327081402
00bbac68_3783,12225.152294208598
00bbac68_3784,12225.15308052296
00bbac68_3785,12225.178069660958
00bbac68_3786,12225.173090727974
00bbac68_3787,12225.166425794167
00bbac68_3788,12225.149289802466
00bbac68_3789,12225.156615556982
00bbac68_3790,12225.178590607306
00bbac68_3791,12225.1631371832
00bbac68_3792,12225.168026204472
00bbac68_3793,12225.19653583121
00bbac68_3794,12225.205174509158
00bbac68_3795,12225.175554157715
00bbac68_3796,12225.233460509156
00bbac68_3797,12225.192932221618
00bbac68_3798,12225.20240202673
00bbac68_3799,12225.213980405759
00bbac68_3800,12225.147376755063
00bbac68_3801,12225.112983645138
00bbac68_3802,12225.113740204859
00bbac68_3803,12225.116583880823
00bbac68_3804,12225.107892770562
00bbac68_3805,12225.037307148124
00bbac68_3806,12224.847710981865
00bbac68_3807,12224.925811577688
00bbac68_3808,12224.914443980459
00bbac68_3809,12225.024849816915
00bbac68_3810,12225.03415024947
00bbac68_3811,12225.055950777392
00bbac68_3812,12225.054902317737
00bbac68_3813,12225.119010508623
00bbac68_3814,12225.06164882036
00bbac68_3815,12225.07384460814
00bbac68_3816,12225.086181158247
00bbac68_3817,12225.11209555107
00bbac68_3818,12225.117952456403
00bbac68_3819,12225.057343507093
00bbac68_3820,12225.062228809033
00bbac68_3821,12225.054315324809
00bbac68_3822,12225.049310642618
00bbac68_3823,12225.086325804483
00bbac68_3824,12225.090753914956
00bbac68_3825,12225.06177643537
00bbac68_3826,12225.089860055792
00bbac68_3827,12225.075213440161
00bbac68_3828,12225.077173632239
00bbac68_3829,12225.099764946903
00bbac68_3830,12225.07741502698
00bbac68_3831,12225.102187013339
00bbac68_3832,12225.072582969728
00bbac68_3833,12225.097720880922
00bbac68_3834,12225.104553967285
00bbac68_3835,12225.05446128003
00bbac68_3836,12225.038335801633
00bbac68_3837,12225.083998405364
00bbac68_3838,12225.053510877866
00bbac68_3839,12225.085727818143
00bbac68_3840,12225.059655135157
00bbac68_3841,12225.07179885232
00bbac68_3842,12225.072342838037
00bbac68_3843,12225.06876723681
00bbac68_3844,12225.071725639793
00bbac68_3845,12225.073870653952
00bbac68_3846,12225.080865960317
00bbac68_3847,12225.076679244588
00bbac68_3848,12225.08940632433
00bbac68_3849,12225.008818565662
00bbac68_3850,12225.01077875774
00bbac68_3851,12224.99675212578
00bbac68_3852,12224.99760939351
00bbac68_3853,12224.998365953232
00bbac68_3854,12225.001529777663
00bbac68_3855,12225.004656694899
00bbac68_3856,12225.022470673444
00bbac68_3857,12225.018491095776
00bbac68_3858,12225.035257367717
00bbac68_3859,12225.008831062296
00bbac68_3860,12225.000099611612
00bbac68_3861,12225.013014374459
00bbac68_3862,12225.017174407083
00bbac68_3863,12225.031267053077
00bbac68_3864,12225.042199699226
00bbac68_3865,12225.038271047766
00bbac68_3866,12225.014765560674
00bbac68_3867,12225.03572494785
00bbac68_3868,12225.043084176334
00bbac68_3869,12225.06472048154
00bbac68_3870,12225.066937021273
00bbac68_3871,12225.03203064383
00bbac68_3872,12225.036523127319
00bbac68_3873,12225.023647484893
00bbac68_3874,12225.045211120116
00bbac68_3875,12225.061502748349
00bbac68_3876,12225.035677829954
00bbac68_3877,12225.042505766476
00bbac68_3878,12225.040134942012
00bbac68_3879,12225.048034903833
00bbac68_3880,12225.056690461817
00bbac68_3881,12225.049677055413
00bbac68_3882,12225.046534040855
00bbac68_3883,12225.07178181533
00bbac68_3884,12225.055443476827
00bbac68_3885,12225.057403668905
00bbac68_3886,12225.059363860983
00bbac68_3887,12225.061120634327
00bbac68_3888,12225.057602253559
00bbac68_3889,12225.091204501146
00bbac68_3890,12225.105671941148
00bbac68_3891,12225.062598487595
00bbac68_3892,12225.069073087783
00bbac68_3893,12225.07047480818
00bbac68_3894,12225.07513809474
00bbac68_3895,12225.089576066204
00bbac68_3896,12225.069242595257
00bbac68_3897,12225.096225866253
00bbac68_3898,12224.976085323618
00bbac68_3899,12224.957748560586
00bbac68_3900,12225.007159962686
00bbac68_3901,12224.976891589546
00bbac68_3902,12225.006484685677
00bbac68_3903,12224.985537525305
00bbac68_3904,12224.989316469671
00bbac68_3905,12224.990050999517
00bbac68_3906,12224.990823294864
00bbac68_3907,12225.006764161684
00bbac68_3908,12224.997624156924
00bbac68_3909,12225.00183454355
00bbac68_3910,12224.995717781738
00bbac68_3911,12225.015834025451
00bbac68_3912,12225.001357354582
00bbac68_3913,12224.998565673643
00bbac68_3914,12225.003688440487
00bbac68_3915,12225.01244356207
00bbac68_3916,12225.042691546352
00bbac68_3917,12225.016880074763
00bbac68_3918,12225.00784592785
00bbac68_3919,12225.032122098932
00bbac68_3920,12225.034476253868
00bbac68_3921,12225.054952986473
00bbac68_3922,12225.060570424184
00bbac68_3923,12225.062939170339
00bbac68_3924,12225.032473100515
00bbac68_3925,12225.052541851246
00bbac68_3926,12225.036326250629
00bbac68_3927,12225.047483487078
00bbac68_3928,12225.042861609758
00bbac68_3929,12225.068501344376
00bbac68_3930,12225.044009376572
00bbac68_3931,12225.038615881362
00bbac68_3932,12225.034260079176
00bbac68_3933,12225.028760153913
00bbac68_3934,12225.039752023236
00bbac68_3935,12224.969214179882
00bbac68_3936,12224.984434641123
00bbac68_3937,12224.996075962656
00bbac68_3938,12224.996090373024
00bbac68_3939,12224.97974173484
00bbac68_3940,12224.988124351234
00bbac68_3941,12225.034996309363
00bbac68_3942,12224.976317692235
00bbac68_3943,12224.984233103582
00bbac68_3944,12225.057234212101
00bbac68_3945,12225.03948224216
00bbac68_3946,12224.999765912935
00bbac68_3947,12225.009003116884
00bbac68_3948,12224.999490893037
00bbac68_3949,12225.016974137328
00bbac68_3950,12225.052493842497
00bbac68_3951,12225.007364743957
00bbac68_3952,12225.009324936032
00bbac68_3953,12225.003449358455
00bbac68_3954,12225.018600869045
00bbac68_3955,12225.02110951922
00bbac68_3956,12225.017742200464
00bbac68_3957,12225.02335134121
00bbac68_3958,12225.032809988335
00bbac68_3959,12225.051299168295
00bbac68_3960,12224.895054804862
00bbac68_3961,12224.891626260214
00bbac68_3962,12224.89159804134
00bbac68_3963,12224.794674413837
00bbac68_3964,12224.907277229815
00bbac68_3965,12224.88775199785
00bbac68_3966,12224.895167016282
00bbac68_3967,12224.764456996567
00bbac68_3968,12224.897708101273
00bbac68_3969,12224.890127354018
00bbac68_3970,12224.752169504865
00bbac68_3971,12224.894047738173
00bbac68_3972,12224.897953711956
00bbac68_3973,12224.904096433482
00bbac68_3974,12224.776409084514
00bbac68_3975,12224.904785292216
00bbac68_3976,12224.926478245676
00bbac68_3977,12224.783656371406
00bbac68_3978,12224.928727792427
00bbac68_3979,12224.924328788795
00bbac68_3980,12224.916924852758
00bbac68_3981,12224.791497139715
00bbac68_3982,12224.911091723576
00bbac68_3983,12224.922805428989
00bbac68_3984,12224.79716514194
00bbac68_3985,12224.922641702882
00bbac68_3986,12224.919145065887
00bbac68_3987,12224.921105257965
00bbac68_3988,12224.806939103453
00bbac68_3989,12224.95682104846
00bbac68_3990,12224.958164117887
00bbac68_3991,12224.83671294064
00bbac68_3992,12224.967460936366
00bbac68_3993,12224.935017899683
00bbac68_3994,12224.941387214229
00bbac68_3995,12224.913631391442
00bbac68_3996,12224.682363281518
00bbac68_3997,12224.611435480736
00bbac68_3998,12224.48699625112
00bbac68_3999,12224.629835788137
00bbac68_4000,12224.631795980215
00bbac68_4001,12224.627546321979
00bbac68_4002,12224.488262102588
00bbac68_4003,12224.617087776995
00bbac68_4004,12224.628801482408
00bbac68_4005,12224.494506028734
00bbac68_4006,12224.647308505966
00bbac68_4007,12224.638197683638
00bbac68_4008,12224.6354311797
00bbac68_4009,12224.510643477492
00bbac68_4010,12224.640204148694
00bbac68_4011,12224.63479148463
00bbac68_4012,12224.517980886607
00bbac68_4013,12224.650954472087
00bbac68_4014,12224.65912651719
00bbac68_4015,12224.654331547981
00bbac68_4016,12224.531840674996
00bbac68_4017,12224.658251932135
00bbac68_4018,12224.653608024939
00bbac68_4019,12224.533637140965
00bbac68_4020,12224.681469163028
00bbac68_4021,12224.69860679575
00bbac68_4022,12224.681846456362
00bbac68_4023,12224.556887378878
00bbac68_4024,12224.68448681885
00bbac68_4025,12224.677082882812
00bbac68_4026,12224.551442595763
00bbac68_4027,12224.671462327635
00bbac68_4028,12224.680058662443
00bbac68_4029,12224.682018854519
00bbac68_4030,12224.546979248775
00bbac68_4031,12224.69406969369
00bbac68_4032,12224.688008435725
00bbac68_4033,12224.598978942742
00bbac68_4034,12224.697395376428
00bbac68_4035,12224.68708893261
00bbac68_4036,12224.690720534292
00bbac68_4037,12224.556423077902
00bbac68_4038,12224.697521396352
00bbac68_4039,12224.720480924672
00bbac68_4040,12224.571130196033
00bbac68_4041,12224.700853373339
00bbac68_4042,12224.71685289113
00bbac68_4043,12224.633575198686
00bbac68_4044,12224.709237058549
00bbac68_4045,12224.704503029128
00bbac68_4046,12224.720943144453
00bbac68_4047,12224.585760201458
00bbac68_4048,12224.771369170545
00bbac68_4049,12224.797973355999
00bbac68_4050,12224.595010776622
00bbac68_4051,12224.731685953593
00bbac68_4052,12224.754752198069
00bbac68_4053,12224.727393485267
00bbac68_4054,12224.603553353858
00bbac68_4055,12224.74180066294
00bbac68_4056,12224.761112387
00bbac68_4057,12224.608944695165
00bbac68_4058,12224.762897017521
00bbac68_4059,12224.764909280217
00bbac68_4060,12224.757617782381
00bbac68_4061,12224.759514173647
00bbac68_4062,12224.767465633882
00bbac68_4063,12224.733727984314
00bbac68_4064,12224.740459790466
00bbac68_4065,12224.773346210111
00bbac68_4066,12224.778908430082
00bbac68_4067,12224.749838253354
00bbac68_4068,12224.739108950344
00bbac68_4069,12224.723977391322
00bbac68_4070,12224.754717757654
00bbac68_4071,12224.726349103754
00bbac68_4072,12224.742697952446
00bbac68_4073,12224.739645632317
00bbac68_4074,12224.750254410666
00bbac68_4075,12224.741037158285
00bbac68_4076,12224.73774622884
00bbac68_4077,12224.748141860982
00bbac68_4078,12224.761922369373
00bbac68_4079,12224.817581101184
00bbac68_4080,12224.769096308824
00bbac68_4081,12224.767298261155
00bbac68_4082,12224.83272509752
00bbac68_4083,12224.794418680403
00bbac68_4084,12224.774340698805
00bbac68_4085,12224.789425547558
00bbac68_4086,12224.777855676008
00bbac68_4087,12224.77774105424
00bbac68_4088,12224.79210606962
00bbac68_4089,12224.783953976084
00bbac68_4090,12224.786553320688
00bbac68_4091,12224.787131924782
00bbac68_4092,12224.783051353004
00bbac68_4093,12224.789867559333
00bbac68_4094,12224.798909927618
00bbac68_4095,12224.786785017614
00bbac68_4096,12224.815181633945
00bbac68_4097,12224.79681683289
00bbac68_4098,12224.81755878232
00bbac68_4099,12224.857090213869
00bbac68_4100,12224.805028284516
00bbac68_4101,12224.834742115814
00bbac68_4102,12224.822120532226
00bbac68_4103,12224.82601019818
00bbac68_4104,12224.819047717985
00bbac68_4105,12224.808839693356
00bbac68_4106,12224.823351765317
00bbac68_4107,12224.84731923202
00bbac68_4108,12224.833759519006
00bbac68_4109,12224.836894447108
00bbac68_4110,12224.83565515722
00bbac68_4111,12224.828434326653
00bbac68_4112,12224.829303324575
00bbac68_4113,12224.837131474722
00bbac68_4114,12224.861596473318
00bbac68_4115,12224.83486375234
00bbac68_4116,12224.842043880786
00bbac68_4117,12224.84288398238
00bbac68_4118,12224.881737065385
00bbac68_4119,12224.84474957985
00bbac68_4120,12224.841329904373
00bbac68_4121,12224.855898338485
00bbac68_4122,12224.845037714522
00bbac68_4123,12224.850757862958
00bbac68_4124,12224.857471930769
00bbac68_4125,12224.855161473888
00bbac68_4126,12224.843713195813
00bbac68_4127,12224.845460813884
00bbac68_4128,12224.86626198649
00bbac68_4129,12224.855014838326
00bbac68_4130,12224.852075242501
00bbac68_4131,12224.844174346777
00bbac68_4132,12224.889375753606
00bbac68_4133,12224.88091953333
00bbac68_4134,12224.780683413457
00bbac68_4135,12224.793669701878
00bbac68_4136,12224.787792407687
00bbac68_4137,12224.789933702517
00bbac68_4138,12224.793983871858
00bbac68_4139,12224.796586649689
00bbac68_4140,12224.798640111114
00bbac68_4141,12224.805947841185
00bbac68_4142,12224.823064016233
00bbac68_4143,12224.844145855192
00bbac68_4144,12224.83127593481
00bbac68_4145,12224.80060587405
00bbac68_4146,12224.843954482418
00bbac68_4147,12224.849361634942
00bbac68_4148,12224.817345748987
00bbac68_4149,12224.826440760095
00bbac68_4150,12224.81185250933
00bbac68_4151,12224.807026641074
00bbac68_4152,12224.819251039084
00bbac68_4153,12224.824844730305
00bbac68_4154,12224.849399851124
00bbac68_4155,12224.834762104663
00bbac68_4156,12224.882076090838
00bbac68_4157,12224.832334737199
00bbac68_4158,12224.838696040879
00bbac68_4159,12224.84102959645
00bbac68_4160,12224.835834656235
00bbac68_4161,12224.834683199751
00bbac68_4162,12224.833118897657
00bbac68_4163,12224.844879809949
00bbac68_4164,12224.836419298137
00bbac68_4165,12224.837604152995
00bbac68_4166,12224.839564345071
00bbac68_4167,12224.844854767862
00bbac68_4168,12224.857159846717
00bbac68_4169,12224.827085164832
00bbac68_4170,12224.849095405738
00bbac68_4171,12224.851055597814
00bbac68_4172,12224.650936303044
00bbac68_4173,12224.66260165717
00bbac68_4174,12224.664561849246
00bbac68_4175,12224.659772888186
00bbac68_4176,12224.668675066347
00bbac68_4177,12224.679786526429
00bbac68_4178,12224.682870814422
00bbac68_4179,12224.676961762878
00bbac68_4180,12224.681779830778
00bbac68_4181,12224.678283193783
00bbac68_4182,12224.677188671658
00bbac68_4183,12224.732911490382
00bbac68_4184,12224.759754571254
00bbac68_4185,12224.73841688125
00bbac68_4186,12224.711709623376
00bbac68_4187,12224.709500160607
00bbac68_4188,12224.721086264395
00bbac68_4189,12224.721006833213
00bbac68_4190,12224.705324241171
00bbac68_4191,12224.71721332729
00bbac68_4192,12224.717133896107
00bbac68_4193,12224.712052252398
00bbac68_4194,12224.727622044542
00bbac68_4195,12224.726023410172
00bbac68_4196,12224.735955842698
00bbac68_4197,12224.735163730697
00bbac68_4198,12224.731691412399
00bbac68_4199,12224.731101002515
00bbac68_4200,12224.709049487286
00bbac68_4201,12224.755276856946
00bbac68_4202,12224.752333255687
00bbac68_4203,12224.740288740428
00bbac68_4204,12224.75875188508
00bbac68_4205,12224.748161341684
00bbac68_4206,12224.711892545112
00bbac68_4207,12224.721072814704
00bbac68_4208,12224.700311906927
00bbac68_4209,12224.711065166937
00bbac68_4210,12224.712812785008
00bbac68_4211,12224.714772977086
00bbac68_4212,12224.704429053867
00bbac68_4213,12224.751454076722
00bbac68_4214,12224.688944549867
00bbac68_4215,12224.671081286133
00bbac68_4216,12224.756286660247
00bbac68_4217,12224.748280192778
00bbac68_4218,12224.733064519682
00bbac68_4219,12224.726923153074
00bbac68_4220,12224.774776155973
00bbac68_4221,12224.75964459695
00bbac68_4222,12224.738116362818
00bbac68_4223,12224.761306489589
00bbac68_4224,12224.750057338708
00bbac68_4225,12224.743181261407
00bbac68_4226,12224.731070656517
00bbac68_4227,12224.728125052543
00bbac68_4228,12224.734956422293
00bbac68_4229,12224.736548686818
00bbac68_4230,12224.763931928821
00bbac68_4231,12224.756729122699
00bbac68_4232,12224.75490875905
00bbac68_4233,12224.758298318193
00bbac68_4234,12224.761132266678
00bbac68_4235,12224.771155393631
00bbac68_4236,12224.76242308464
00bbac68_4237,12224.760970076339
00bbac68_4238,12224.764586800702
00bbac68_4239,12224.762009982587
00bbac68_4240,12224.785526552074
00bbac68_4241,12224.781149006114
00bbac68_4242,12224.772187243081
00bbac68_4243,12224.77823297593
00bbac68_4244,12224.788666373574
00bbac68_4245,12224.786793081
00bbac68_4246,12224.785330917426
00bbac68_4247,12224.80062891239
00bbac68_4248,12224.785712502293
00bbac68_4249,12224.785696013614
00bbac68_4250,12224.785318177737
00bbac68_4251,12224.790236381441
00bbac68_4252,12224.792196573519
00bbac68_4253,12224.781455540315
00bbac68_4254,12224.823286948213
00bbac68_4255,12224.806146092773
00bbac68_4256,12224.822257762662
00bbac68_4257,12224.80033156024
00bbac68_4258,12224.808205486752
00bbac68_4259,12224.809421812863
00bbac68_4260,12224.797132107935
00bbac68_4261,12224.776554305628
00bbac68_4262,12224.772538965173
00bbac68_4263,12224.801512363732
00bbac68_4264,12224.79648507946
00bbac68_4265,12224.790424107596
00bbac68_4266,12224.797876319326
00bbac68_4267,12224.81111580828
00bbac68_4268,12224.796589641712
00bbac68_4269,12224.798337259785
00bbac68_4270,12224.819308377155
00bbac68_4271,12224.798517714738
00bbac68_4272,12224.81295654451
00bbac68_4273,12224.793495113357
00bbac68_4274,12224.8067460464
00bbac68_4275,12224.810712673872
00bbac68_4276,12224.818418658338
00bbac68_4277,12224.830320905163
00bbac68_4278,12224.846654304332
00bbac68_4279,12224.860420221507
00bbac68_4280,12224.83565617042
00bbac68_4281,12224.851898302957
00bbac68_4282,12224.840561604775
00bbac68_4283,12224.839294562966
00bbac68_4284,12224.847348733923
00bbac68_4285,12224.84110437049
00bbac68_4286,12224.847381560094
00bbac68_4287,12224.858967663884
00bbac68_4288,12224.840268123142
00bbac68_4289,12224.849527356966
00bbac68_4290,12224.843884380556
00bbac68_4291,12224.856973379701
00bbac68_4292,12224.849848965607
00bbac68_4293,12224.857219065978
00bbac68_4294,12224.856047582336
00bbac68_4295,12224.864153537808
00bbac68_4296,12224.870041628292
00bbac68_4297,12224.865663510129
00bbac68_4298,12224.857158938563
00bbac68_4299,12224.865755273371
00bbac68_4300,12224.867234813591
00bbac68_4301,12224.878362867608
00bbac68_4302,12224.881698639518
00bbac68_4303,12224.89476503658
00bbac68_4304,12224.897693398825
00bbac68_4305,12224.900407470448
00bbac68_4306,12224.878385709859
00bbac68_4307,12224.897820171802
00bbac68_4308,12224.899352354845
00bbac68_4309,12224.878665547563
00bbac68_4310,12224.866740623063
00bbac68_4311,12224.859606195389
00bbac68_4312,12224.849721752456
00bbac68_4313,12224.862125536605
00bbac68_4314,12224.90258680061
00bbac68_4315,12224.900370471387
00bbac68_4316,12224.894464853069
00bbac68_4317,12224.87963541807
00bbac68_4318,12224.923829744821
00bbac68_4319,12224.911662491677
00bbac68_4320,12224.910799140205
00bbac68_4321,12224.899776868446
00bbac68_4322,12224.914260330177
00bbac68_4323,12224.890542841284
00bbac68_4324,12224.893494663915
00bbac68_4325,12224.883728667332
00bbac68_4326,12224.871438962406
00bbac68_4327,12224.880970279513
00bbac68_4328,12224.897316839388
00bbac68_4329,12224.89797497992
00bbac68_4330,12224.895303175843
00bbac68_4331,12224.895517285613
00bbac68_4332,12224.88614897122
00bbac68_4333,12224.899610761655
00bbac68_4334,12224.88624016226
00bbac68_4335,12224.922598147152
00bbac68_4336,12224.901924786678
00bbac68_4337,12224.9051372485
00bbac68_4338,12224.910792737817
00bbac68_4339,12224.91820918676
00bbac68_4340,12224.91315958651
00bbac68_4341,12224.934359299614
00bbac68_4342,12224.929377219503
00bbac68_4343,12224.914740045248
00bbac68_4344,12224.908718269398
00bbac68_4345,12224.918660429401
00bbac68_4346,12224.909663475786
00bbac68_4347,12224.9213771812
00bbac68_4348,12224.924753579637
00bbac68_4349,12224.929991359604
00bbac68_4350,12224.990404539352
00bbac68_4351,12224.991864052412
00bbac68_4352,12224.965649748792
00bbac68_4353,12224.945331155164
00bbac68_4354,12224.948024055218
00bbac68_4355,12224.953561956492
00bbac68_4356,12224.951211731393
00bbac68_4357,12224.942761805369
00bbac68_4358,12224.956252778236
00bbac68_4359,12224.984862254676
00bbac68_4360,12224.957774194649
00bbac68_4361,12224.973052448553
00bbac68_4362,12224.971095900213
00bbac68_4363,12224.865869298008
00bbac68_4364,12224.86097962894
00bbac68_4365,12224.863548932803
00bbac68_4366,12224.863210865145
00bbac68_4367,12224.85666351938
00bbac68_4368,12224.874549595705
00bbac68_4369,12224.881680228455
00bbac68_4370,12224.865021741483
00bbac68_4371,12224.892469928709
00bbac68_4372,12224.870329721769
00bbac68_4373,12224.875926560117
00bbac68_4374,12224.877886752192
00bbac68_4375,12224.86796254104
00bbac68_4376,12224.897464370539
00bbac68_4377,12224.917551145714
00bbac68_4378,12224.893635387933
00bbac68_4379,12224.904937678244
00bbac68_4380,12224.878346005698
00bbac68_4381,12224.893781901967
00bbac68_4382,12224.899433099752
00bbac68_4383,12224.917665645953
00bbac68_4384,12224.912683851948
00bbac68_4385,12224.90585068999
00bbac68_4386,12224.901294043992
00bbac68_4387,12224.914942659227
00bbac68_4388,12224.922015785414
00bbac68_4389,12224.899792036606
00bbac68_4390,12224.912806076947
00bbac68_4391,12224.914051871594
00bbac68_4392,12224.933655419994
00bbac68_4393,12224.924533439678
00bbac68_4394,12224.927938162242
00bbac68_4395,12224.940727612284
00bbac68_4396,12224.955401904244
00bbac68_4397,12224.946373193276
00bbac68_4398,12224.865501907234
00bbac68_4399,12224.877915991065
00bbac68_4400,12224.88635125028
00bbac68_4401,12224.866798552495
00bbac68_4402,12224.891568250034
00bbac68_4403,12224.854898051944
00bbac68_4404,12224.864390173036
00bbac68_4405,12224.862488556337
00bbac68_4406,12224.86198855478
00bbac68_4407,12224.902687569793
00bbac68_4408,12224.880981380034
00bbac68_4409,12224.876490537565
00bbac68_4410,12224.901180984769
00bbac68_4411,12224.899216139462
00bbac68_4412,12224.892177269954
00bbac68_4413,12224.919453223598
00bbac68_4414,12224.914635366205
00bbac68_4415,12224.899471477624
00bbac68_4416,12224.922659029473
00bbac68_4417,12224.9124704598
00bbac68_4418,12224.904982981894
00bbac68_4419,12224.907496209707
00bbac68_4420,12224.921237522083
00bbac68_4421,12224.955845133136
00bbac68_4422,12224.949142719928
00bbac68_4423,12224.955093466815
00bbac68_4424,12224.957149217058
00bbac68_4425,12224.97686033992
00bbac68_4426,12224.953820913468
00bbac68_4427,12224.980578449751
00bbac68_4428,12224.96116222276
00bbac68_4429,12224.955250882398
00bbac68_4430,12224.968910369518
00bbac68_4431,12224.980618638989
00bbac68_4432,12224.956913166392
00bbac68_4433,12224.992327013711
00bbac68_4434,12225.006502915476
00bbac68_4435,12225.001372348273
00bbac68_4436,12224.99982063468
00bbac68_4437,12224.990676052283
00bbac68_4438,12225.001231329505
00bbac68_4439,12225.007224705632
00bbac68_4440,12225.013934481907
00bbac68_4441,12224.987523053805
00bbac68_4442,12225.008165725741
00bbac68_4443,12225.00493373337
00bbac68_4444,12225.014130882995
00bbac68_4445,12225.01289187921
00bbac68_4446,12225.00462820578
00bbac68_4447,12225.012774501676
00bbac68_4448,12225.022415109861
00bbac68_4449,12225.038041836362
00bbac68_4450,12225.023811499568
00bbac68_4451,12224.99631231054
00bbac68_4452,12224.992189681727
00bbac68_4453,12224.913209245751
00bbac68_4454,12224.925920875969
00bbac68_4455,12224.941020602042
00bbac68_4456,12224.936474255728
00bbac68_4457,12224.89815496401
00bbac68_4458,12224.9327422618
00bbac68_4459,12224.956467685963
00bbac68_4460,12224.928993387835
00bbac68_4461,12224.92566240407
00bbac68_4462,12224.944973269823
00bbac68_4463,12224.934873964066
00bbac68_4464,12224.928223907576
00bbac68_4465,12224.937421057204
00bbac68_4466,12224.949856312605
00bbac68_4467,12224.954447215283
00bbac68_4468,12224.949937776166
00bbac68_4469,12224.960517944286
00bbac68_4470,12224.962267565073
00bbac68_4471,12224.965571865732
00bbac68_4472,12224.974067778634
00bbac68_4473,12224.980723481574
00bbac68_4474,12224.99729062632
00bbac68_4475,12225.001866651679
00bbac68_4476,12224.995873199958
00bbac68_4477,12224.862464091191
00bbac68_4478,12224.994490678073
00bbac68_4479,12225.00903736841
00bbac68_4480,12225.020841768252
00bbac68_4481,12224.855335129121
00bbac68_4482,12225.023369406434
00bbac68_4483,12225.01339255246
00bbac68_4484,12224.881994742827
00bbac68_4485,12224.955739431212
00bbac68_4486,12224.82248052615
00bbac68_4487,12224.946597242886
00bbac68_4488,12224.81371913998
00bbac68_4489,12224.818961497584
00bbac68_4490,12224.825284177454
00bbac68_4491,12224.889961139703
00bbac68_4492,12224.778653719322
00bbac68_4493,12224.773661053428
00bbac68_4494,12224.784640048149
00bbac68_4495,12224.77523625707
00bbac68_4496,12224.767738765584
00bbac68_4497,12224.79997201369
00bbac68_4498,12224.781116833301
00bbac68_4499,12224.745050883257
00bbac68_4500,12224.799229607897
00bbac68_4501,12224.787096114824
00bbac68_4502,12224.7410966931
00bbac68_4503,12224.79447147029
00bbac68_4504,12224.793112589643
00bbac68_4505,12224.774856221356
00bbac68_4506,12224.818459460766
00bbac68_4507,12224.760232026958
00bbac68_4508,12224.762341564434
00bbac68_4509,12224.803147867808
00bbac68_4510,12224.74541052723
00bbac68_4511,12224.750130748147
00bbac68_4512,12224.74035302137
00bbac68_4513,12224.765988178351
00bbac68_4514,12224.749070482701
00bbac68_4515,12224.756996765935
00bbac68_4516,12224.756307936863
00bbac68_4517,12224.747954999515
00bbac68_4518,12224.758451625765
00bbac68_4519,12224.761940748507
00bbac68_4520,12224.778474419281
00bbac68_4521,12224.72193813614
00bbac68_4522,12224.713376344116
00bbac68_4523,12224.718155502105
00bbac68_4524,12224.723434766904
00bbac68_4525,12224.719256920345
00bbac68_4526,12224.755357413174
00bbac68_4527,12224.7231773045
00bbac68_4528,12224.729054809199
00bbac68_4529,12224.716629205683
00bbac68_4530,12224.708835884423
00bbac68_4531,12224.709063441001
00bbac68_4532,12224.637337128715
00bbac68_4533,12224.639297320791
00bbac68_4534,12224.633698118032
00bbac68_4535,12224.649162052327
00bbac68_4536,12224.638600119159
00bbac68_4537,12224.638476056018
00bbac68_4538,12224.605649070054
00bbac68_4539,12224.599577798508
00bbac68_4540,12224.608356380479
00bbac68_4541,12224.606342039473
00bbac68_4542,12224.61396076274
00bbac68_4543,12224.595357066268
00bbac68_4544,12224.60650972508
00bbac68_4545,12224.582674362042
00bbac68_4546,12224.578293382854
00bbac68_4547,12224.570385334573
00bbac68_4548,12224.577411253886
00bbac68_4549,12224.600286095925
00bbac68_4550,12224.608458141029
00bbac68_4551,12224.576042570166
00bbac68_4552,12224.56997988169
00bbac68_4553,12224.542256960667
00bbac68_4554,12224.552523846776
00bbac68_4555,12224.563476806186
00bbac68_4556,12224.546044984712
00bbac68_4557,12224.548681522616
00bbac68_4558,12224.607240187288
00bbac68_4559,12224.568460556977
00bbac68_4560,12224.589770991668
00bbac68_4561,12224.577769391753
00bbac68_4562,12224.550697639555
00bbac68_4563,12224.549676645718
00bbac68_4564,12224.52722372897
00bbac68_4565,12224.34335246963
00bbac68_4566,12224.29774987179
00bbac68_4567,12224.272768955163
00bbac68_4568,12224.280990782067
00bbac68_4569,12224.303481102623
00bbac68_4570,12224.29511014083
00bbac68_4571,12224.25560266628
00bbac68_4572,12224.264992362752
00bbac68_4573,12224.257383577473
00bbac68_4574,12224.256404926777
00bbac68_4575,12224.25153528487
00bbac68_4576,12224.26312911342
00bbac68_4577,12224.253610881426
00bbac68_4578,12224.254491895645
00bbac68_4579,12224.31005392488
00bbac68_4580,12224.332726206496
00bbac68_4581,12224.2943597079
00bbac68_4582,12224.286735473095
00bbac68_4583,12224.272830720714
00bbac68_4584,12224.281297451183
00bbac68_4585,12224.29052464155
00bbac68_4586,12224.293762566476
00bbac68_4587,12224.28696573951
00bbac68_4588,12224.285590551033
00bbac68_4589,12224.291271217353
00bbac68_4590,12224.301998155952
00bbac68_4591,12224.26966269373
00bbac68_4592,12224.289383544072
00bbac68_4593,12224.288699006534
00bbac68_4594,12224.286782512514
00bbac68_4595,12224.16428305646
00bbac68_4596,12224.143011169985
00bbac68_4597,12224.323076907105
00bbac68_4598,12224.273762990295
00bbac68_4599,12224.29534064453
00bbac68_4600,12224.268831941648
00bbac68_4601,12224.300978786863
00bbac68_4602,12224.260707419186
00bbac68_4603,12224.319330742976
00bbac68_4604,12224.33224750854
00bbac68_4605,12224.323060010796
00bbac68_4606,12224.338299354791
00bbac68_4607,12224.350109476676
00bbac68_4608,12224.398570446952
00bbac68_4609,12224.343462386465
00bbac68_4610,12224.392853761403
00bbac68_4611,12224.405783115468
00bbac68_4612,12224.386382910205
00bbac68_4613,12224.381878907032
00bbac68_4614,12224.37679812163
00bbac68_4615,12224.359917333177
00bbac68_4616,12224.383546913072
00bbac68_4617,12224.344047449387
00bbac68_4618,12224.417442806869
00bbac68_4619,12224.357998579999
00bbac68_4620,12224.404972390546
00bbac68_4621,12224.380606593853
00bbac68_4622,12224.277980947612
00bbac68_4623,12224.292703018657
00bbac68_4624,12224.286137934549
00bbac68_4625,12224.30170114634
00bbac68_4626,12224.311711112587
00bbac68_4627,12224.253673364601
00bbac68_4628,12224.308695804908
00bbac68_4629,12224.111373732274
00bbac68_4630,12224.145442612706
00bbac68_4631,12224.179839938572
00bbac68_4632,12224.162226728244
00bbac68_4633,12224.191116012727
00bbac68_4634,12224.147783922701
00bbac68_4635,12224.168209156891
00bbac68_4636,12224.150716681732
00bbac68_4637,12224.120488076811
00bbac68_4638,12224.169023433684
00bbac68_4639,12224.137479902616
00bbac68_4640,12224.204193627102
00bbac68_4641,12224.168468997097
00bbac68_4642,12224.148158414331
00bbac68_4643,12224.173627059778
00bbac68_4644,12224.13041456051
00bbac68_4645,12224.177483929223
00bbac68_4646,12224.117608832297
00bbac68_4647,12224.178059205344
00bbac68_4648,12224.16875326125
00bbac68_4649,12224.187638120686
00bbac68_4650,12224.04403232613
00bbac68_4651,12224.006381655476
00bbac68_4652,12224.067107831133
00bbac68_4653,12224.039391776567
00bbac68_4654,12224.045629770157
00bbac68_4655,12224.042250721206
00bbac68_4656,12224.01640463124
00bbac68_4657,12224.041151726698
00bbac68_4658,12224.019002078381
00bbac68_4659,12224.02743905421
00bbac68_4660,12223.990357727123
00bbac68_4661,12224.042294840281
00bbac68_4662,12224.072913327036
00bbac68_4663,12223.996727538277
00bbac68_4664,12224.04079226069
00bbac68_4665,12224.003964420233
00bbac68_4666,12224.05509701374
00bbac68_4667,12224.008444420477
00bbac68_4668,12224.08115198804
00bbac68_4669,12224.047197759037
00bbac68_4670,12224.075129173038
00bbac68_4671,12224.059093530765
00bbac68_4672,12223.98965403412
00bbac68_4673,12224.109251479003
00bbac68_4674,12224.024984444824
00bbac68_4675,12224.076051807006
00bbac68_4676,12224.025904188109
00bbac68_4677,12224.103655739133
00bbac68_4678,12224.085418253599
00bbac68_4679,12224.082114735653
00bbac68_4680,12224.037603331966
00bbac68_4681,12224.074509774957
00bbac68_4682,12224.048940632012
00bbac68_4683,12224.0869560075
00bbac68_4684,12224.108846657646
00bbac68_4685,12224.087130740409
00bbac68_4686,12224.105394185659
00bbac68_4687,12224.0589538803
00bbac68_4688,12224.122875246387
00bbac68_4689,12224.100961918566
00bbac68_4690,12224.116106276599
00bbac68_4691,12224.112614503343
00bbac68_4692,12224.141209674668
00bbac68_4693,12224.083713804428
00bbac68_4694,12224.097820755538
00bbac68_4695,12224.064669329573
00bbac68_4696,12224.10698196153
00bbac68_4697,12224.085193946514
00bbac68_4698,12224.110902345685
00bbac68_4699,12224.11515650596
00bbac68_4700,12224.12702670933
00bbac68_4701,12224.111680573587
00bbac68_4702,12224.0435823245
00bbac68_4703,12224.027654828895
00bbac68_4704,12224.042646408301
00bbac68_4705,12224.009493837926
00bbac68_4706,12224.051594181981
00bbac68_4707,12224.000764495213
00bbac68_4708,12224.041020051669
00bbac68_4709,12224.002849819246
00bbac68_4710,12224.068899786409
00bbac68_4711,12224.029058144379
00bbac68_4712,12224.092042811553
00bbac68_4713,12224.02702531198
00bbac68_4714,12224.09923735037
00bbac68_4715,12224.078562845487
00bbac68_4716,12224.116008305204
00bbac68_4717,12224.035704932216
00bbac68_4718,12224.077521462794
00bbac68_4719,12224.052775150049
00bbac68_4720,12224.070866933922
00bbac68_4721,12224.034432770226
00bbac68_4722,12224.07830694851
00bbac68_4723,12224.04477729531
00bbac68_4724,12224.083675582478
00bbac68_4725,12224.054593103352
00bbac68_4726,12224.069008472736
00bbac68_4727,12224.120430601764
00bbac68_4728,12224.11707100777
00bbac68_4729,12224.10280233327
00bbac68_4730,12224.055602712418
00bbac68_4731,12224.100270538467
00bbac68_4732,12224.04744500209
00bbac68_4733,12224.125952435377
00bbac68_4734,12223.95240374684
00bbac68_4735,12223.937903901684
00bbac68_4736,12224.137609989148
00bbac68_4737,12224.119125883433
00bbac68_4738,12224.134136917795
00bbac68_4739,12224.052215922433
00bbac68_4740,12224.068271230171
00bbac68_4741,12224.090821060005
00bbac68_4742,12224.070775407965
00bbac68_4743,12224.10330620246
00bbac68_4744,12224.092215552251
00bbac68_4745,12224.068318391117
00bbac68_4746,12224.115027843143
00bbac68_4747,12224.076847883241
00bbac68_4748,12224.105897385012
00bbac68_4749,12224.124664370302
00bbac68_4750,12224.095793606873
00bbac68_4751,12224.12997921704
00bbac68_4752,12224.09412927423
00bbac68_4753,12224.082439525815
00bbac68_4754,12224.169704550352
00bbac68_4755,12224.18377774139
00bbac68_4756,12224.113807238888
00bbac68_4757,12224.148052930537
00bbac68_4758,12224.151052246149
00bbac68_4759,12224.127446909355
00bbac68_4760,12224.151366596976
00bbac68_4761,12224.140433875236
00bbac68_4762,12224.085033418203
00bbac68_4763,12224.121103298085
00bbac68_4764,12224.13426954485
00bbac68_4765,12224.105369026784
00bbac68_4766,12224.105574267382
00bbac68_4767,12224.145962575303
00bbac68_4768,12224.100061858873
00bbac68_4769,12224.113658975693
00bbac68_4770,12224.147702679122
00bbac68_4771,12224.115312285261
00bbac68_4772,12224.149189477155
00bbac68_4773,12224.105615344586
00bbac68_4774,12224.151515127116
00bbac68_4775,12224.133844696331
00bbac68_4776,12224.110525461832
00bbac68_4777,12224.221871144327
00bbac68_4778,12224.159090392495
00bbac68_4779,12224.12689397599
00bbac68_4780,12224.158964717994
00bbac68_4781,12224.179323576453
00bbac68_4782,12224.142796143407
00bbac68_4783,12224.171574992406
00bbac68_4784,12224.147465543369
00bbac68_4785,12224.178010787935
00bbac68_4786,12224.199280596102
00bbac68_4787,12224.162850437837
00bbac68_4788,12224.242332907746
00bbac68_4789,12224.198687821807
00bbac68_4790,12224.222905055814
00bbac68_4791,12224.192142011809
00bbac68_4792,12224.213125717679
00bbac68_4793,12224.154112360866
00bbac68_4794,12224.184278805995
00bbac68_4795,12224.232988113063
00bbac68_4796,12224.22037368203
00bbac68_4797,12224.257178844811
00bbac68_4798,12224.200605940574
00bbac68_4799,12224.223877320395
00bbac68_4800,12224.210556788901
00bbac68_4801,12224.250795751424
00bbac68_4802,12224.217297569478
00bbac68_4803,12224.274990488606
00bbac68_4804,12224.229894864031
00bbac68_4805,12224.236500212968
00bbac68_4806,12224.245297105484
00bbac68_4807,12224.290169208572
00bbac68_4808,12224.187419393937
00bbac68_4809,12224.214266480238
00bbac68_4810,12224.270687960767
00bbac68_4811,12224.198656377332
00bbac68_4812,12224.228196258435
00bbac68_4813,12224.248244982005
00bbac68_4814,12224.266787090892
00bbac68_4815,12224.239523650156
00bbac68_4816,12224.244442139961
00bbac68_4817,12224.08512017414
00bbac68_4818,12224.183223325812
00bbac68_4819,12224.22055434461
00bbac68_4820,12224.26842365534
00bbac68_4821,12224.317551243961
00bbac68_4822,12224.235966132694
00bbac68_4823,12224.226266511843
00bbac68_4824,12224.253160518923
00bbac68_4825,12224.233560614259
00bbac68_4826,12224.270027031922
00bbac68_4827,12224.254947543517
00bbac68_4828,12224.222298513183
00bbac68_4829,12224.255824371457
00bbac68_4830,12224.235339838498
00bbac68_4831,12224.292299191342
00bbac68_4832,12224.279027297236
00bbac68_4833,12224.289351976007
00bbac68_4834,12224.249500034295
00bbac68_4835,12224.247742613152
00bbac68_4836,12224.291826790519
00bbac68_4837,12224.29352434069
00bbac68_4838,12224.282240857534
00bbac68_4839,12224.274051856803
00bbac68_4840,12224.288365373768
00bbac68_4841,12224.268392391712
00bbac68_4842,12224.307251196766
00bbac68_4843,12224.288170853868
00bbac68_4844,12224.264043094285
00bbac68_4845,12224.27827764702
00bbac68_4846,12224.319210121506
00bbac68_4847,12224.29657066606
00bbac68_4848,12224.340270894147
00bbac68_4849,12224.331101706952
00bbac68_4850,12224.361243547284
00bbac68_4851,12224.325937771038
00bbac68_4852,12224.313242659158
00bbac68_4853,12224.32042307371
00bbac68_4854,12224.354341464334
00bbac68_4855,12224.348909345314
00bbac68_4856,12224.331907249489
00bbac68_4857,12224.368294130712
00bbac68_4858,12224.345940777563
00bbac68_4859,12224.351062399997
00bbac68_4860,12224.380595986851
00bbac68_4861,12224.394494083284
00bbac68_4862,12224.36809581589
00bbac68_4863,12224.36922745572
00bbac68_4864,12224.393360003449
00bbac68_4865,12224.368318433135
00bbac68_4866,12224.404804305756
00bbac68_4867,12224.3947550679
00bbac68_4868,12224.357264042324
00bbac68_4869,12224.378418265163
00bbac68_4870,12224.38447372549
00bbac68_4871,12224.342576724574
00bbac68_4872,12224.350790540613
00bbac68_4873,12224.36083426693
00bbac68_4874,12224.343317186973
00bbac68_4875,12224.342538235678
00bbac68_4876,12224.365560706503
00bbac68_4877,12224.361628335713
00bbac68_4878,12224.396481136433
00bbac68_4879,12224.425682272418
00bbac68_4880,12224.395347237445
00bbac68_4881,12224.369256816119
00bbac68_4882,12224.4166838127
00bbac68_4883,12224.371242576553
00bbac68_4884,12224.40701491005
00bbac68_4885,12224.224031712234
00bbac68_4886,12224.231664740613
00bbac68_4887,12224.250028893872
00bbac68_4888,12224.25334292201
00bbac68_4889,12224.28970920387
00bbac68_4890,12224.25398171284
00bbac68_4891,12224.261562670603
00bbac68_4892,12224.284789418465
00bbac68_4893,12224.281219825387
00bbac68_4894,12224.328506631842
00bbac68_4895,12224.268399219854
00bbac68_4896,12224.267654600835
00bbac68_4897,12224.300761033146
00bbac68_4898,12224.303548633061
00bbac68_4899,12224.319898053958
00bbac68_4900,12224.274884826846
00bbac68_4901,12224.348325960695
00bbac68_4902,12224.278592923096
00bbac68_4903,12224.307905066773
00bbac68_4904,12224.269143747008
00bbac68_4905,12224.26278179553
00bbac68_4906,12224.318167585752
00bbac68_4907,12224.28190737225
00bbac68_4908,12224.352310099726
00bbac68_4909,12224.309635472773
00bbac68_4910,12224.327108703485
00bbac68_4911,12224.316078706963
00bbac68_4912,12224.344363171196
00bbac68_4913,12224.31244942376
00bbac68_4914,12224.345003678642
00bbac68_4915,12224.325032413199
00bbac68_4916,12224.303955648487
00bbac68_4917,12224.25057164043
00bbac68_4918,12224.317660158924
00bbac68_4919,12224.327627209826
00bbac68_4920,12224.28856033281
00bbac68_4921,12224.333402109056
00bbac68_4922,12224.333136425277
00bbac68_4923,12224.331341810836
00bbac68_4924,12224.30756652928
00bbac68_4925,12224.344781390546
00bbac68_4926,12224.332239629497
00bbac68_4927,12224.357094871624
00bbac68_4928,12224.339627573467
00bbac68_4929,12224.374117024272
00bbac68_4930,12224.25919298478
00bbac68_4931,12224.128081849647
00bbac68_4932,12224.077383769934
00bbac68_4933,12224.144019674597
00bbac68_4934,12224.093226608922
00bbac68_4935,12224.141143412633
00bbac68_4936,12224.102215581333
00bbac68_4937,12224.150574126987
00bbac68_4938,12224.110317636629
00bbac68_4939,12224.154492794527
00bbac68_4940,12224.123795554047
00bbac68_4941,12224.168379266022
00bbac68_4942,12224.163296764007
00bbac68_4943,12224.159790685637
00bbac68_4944,12224.131120193815
00bbac68_4945,12224.165765856473
00bbac68_4946,12224.171137532314
00bbac68_4947,12224.204713172388
00bbac68_4948,12224.148993425195
00bbac68_4949,12224.17930521029
00bbac68_4950,12224.129493475488
00bbac68_4951,12224.215441285056
00bbac68_4952,12224.151826258932
00bbac68_4953,12224.197559529928
00bbac68_4954,12224.180598632833
00bbac68_4955,12224.191076090228
00bbac68_4956,12224.16467496181
00bbac68_4957,12224.208681891558
00bbac68_4958,12224.18468688344
00bbac68_4959,12224.213799327714
00bbac68_4960,12224.175654844497
00bbac68_4961,12224.202827515212
00bbac68_4962,12224.171588969191
00bbac68_4963,12224.235726628614
00bbac68_4964,12224.19566640443
00bbac68_4965,12224.23227701765
00bbac68_4966,12224.179429737498
00bbac68_4967,12224.236940123363
00bbac68_4968,12224.207126938974
00bbac68_4969,12224.223883769539
00bbac68_4970,12224.230534894843
00bbac68_4971,12224.19300667597
00bbac68_4972,12224.260539225226
00bbac68_4973,12224.22802237415
00bbac68_4974,12224.269121360172
00bbac68_4975,12224.241598138553
00bbac68_4976,12223.990463657472
00bbac68_4977,12223.967669706788
00bbac68_4978,12223.974810639222
00bbac68_4979,12223.94060120697
00bbac68_4980,12223.968977223936
00bbac68_4981,12223.934767791685
00bbac68_4982,12223.972897608091
00bbac68_4983,12223.948441975277
00bbac68_4984,12223.98851728729
00bbac68_4985,12223.99818507519
00bbac68_4986,12223.958098529596
00bbac68_4987,12223.989793333185
00bbac68_4988,12223.963938087945
00bbac68_4989,12224.01869101989
00bbac68_4990,12223.963569798698
00bbac68_4991,12224.014288688284
00bbac68_4992,12224.008775888418
00bbac68_4993,12224.006617351857
00bbac68_4994,12224.005258757312
00bbac68_4995,12223.984239785266
00bbac68_4996,12224.002744128647
00bbac68_4997,12223.96658920079
00bbac68_4998,12224.022142646958
00bbac68_4999,12224.002843721908
00bbac68_5000,12224.050717610273
00bbac68_5001,12223.987709121015
00bbac68_5002,12224.027784433027
00bbac68_5003,12224.085219860088
00bbac68_5004,12224.020533094768
00bbac68_5005,12224.045617790935
00bbac68_5006,12224.001374751198
00bbac68_5007,12224.06670774601
00bbac68_5008,12223.952016593788
00bbac68_5009,12224.011250459876
00bbac68_5010,12223.958003208716
00bbac68_5011,12224.083720953893
00bbac68_5012,12224.02397574741
00bbac68_5013,12224.057122806247
00bbac68_5014,12224.06470376401
00bbac68_5015,12224.065391945283
00bbac68_5016,12224.031143030916
00bbac68_5017,12224.092572446014
00bbac68_5018,12224.073449187774
00bbac68_5019,12224.110535875212
00bbac68_5020,12224.044621731045
00bbac68_5021,12224.113229452725
00bbac68_5022,12224.087517258633
00bbac68_5023,12224.064786250452
00bbac68_5024,12224.067629354213
00bbac68_5025,12224.098741653528
00bbac68_5026,12224.111557711083
00bbac68_5027,12224.094288967917
00bbac68_5028,12224.069366988364
00bbac68_5029,12224.09639145809
00bbac68_5030,12224.088597850729
00bbac68_5031,12224.052442922872
00bbac68_5032,12224.097364807758
00bbac68_5033,12224.099046908404
00bbac68_5034,12224.10581934108
00bbac68_5035,12224.08271525551
00bbac68_5036,12224.146563951614
00bbac68_5037,12224.134539463515
00bbac68_5038,12224.08942724501
00bbac68_5039,12224.11450621913
00bbac68_5040,12224.116466411206
00bbac68_5041,12224.09530782124
00bbac68_5042,12224.119928459484
00bbac68_5043,12224.142659678171
00bbac68_5044,12224.110900425974
00bbac68_5045,12224.171591697152
00bbac68_5046,12224.128095956612
00bbac68_5047,12224.161171489875
00bbac68_5048,12224.172711531195
00bbac68_5049,12224.138158203985
00bbac68_5050,12224.179424845952
00bbac68_5051,12224.158148954044
00bbac68_5052,12224.164891632083
00bbac68_5053,12224.187348764772
00bbac68_5054,12224.173965290773
00bbac68_5055,12224.138217772583
00bbac68_5056,12224.154109429808
00bbac68_5057,12224.134952983703
00bbac68_5058,12224.146160574155
00bbac68_5059,12224.127473908016
00bbac68_5060,12224.155811587276
00bbac68_5061,12224.131394292172
00bbac68_5062,12224.149836837458
00bbac68_5063,12224.134418603937
00bbac68_5064,12224.152976162346
00bbac68_5065,12224.19634565618
00bbac68_5066,12224.170390847343
00bbac68_5067,12224.231979907523
00bbac68_5068,12224.21509168041
00bbac68_5069,12224.185812362904
00bbac68_5070,12224.208435434924
00bbac68_5071,12224.18164463518
00bbac68_5072,12224.241410079332
00bbac68_5073,12224.230894494736
00bbac68_5074,12224.17404235466
00bbac68_5075,12224.217124601792
00bbac68_5076,12224.201081520858
00bbac68_5077,12224.17992293089
00bbac68_5078,12224.237190129803
00bbac68_5079,12224.195660484234
00bbac68_5080,12224.231444834026
00bbac68_5081,12224.20111208787
00bbac68_5082,12224.189265555398
00bbac68_5083,12224.2163867277
00bbac68_5084,12224.25317186332
00bbac68_5085,12224.24070734989
00bbac68_5086,12224.189230499731
00bbac68_5087,12224.270692225316
00bbac68_5088,12224.204344350072
00bbac68_5089,12224.254206077183
00bbac68_5090,12224.229284097628
00bbac68_5091,12224.245140850375
00bbac68_5092,12224.200991652193
00bbac68_5093,12224.249527009064
00bbac68_5094,12224.242390864776
00bbac68_5095,12224.277154973784
00bbac68_5096,12224.217243255765
00bbac68_5097,12224.262819170499
00bbac68_5098,12224.247248158352
00bbac68_5099,12224.219556708584
00bbac68_5100,12224.256368165614
00bbac68_5101,12224.256616893763
00bbac68_5102,12224.223284078942
00bbac68_5103,12224.26530774758
00bbac68_5104,12224.279183528037
00bbac68_5105,12224.270946462118
00bbac68_5106,12224.279198043661
00bbac68_5107,12224.259577539631
00bbac68_5108,12224.310466946186
00bbac68_5109,12224.297253989154
00bbac68_5110,12224.317465218828
00bbac68_5111,12224.308566112199
00bbac68_5112,12224.296306448014
00bbac68_5113,12224.270328750992
00bbac68_5114,12224.29630150868
00bbac68_5115,12224.324370251783
00bbac68_5116,12224.3102658
00bbac68_5117,12224.331731302136
00bbac68_5118,12224.309142200695
00bbac68_5119,12224.295358755686
00bbac68_5120,12224.333667672128
00bbac68_5121,12224.343272517526
00bbac68_5122,12224.318519338325
00bbac68_5123,12224.284945053168
00bbac68_5124,12224.17588439411
00bbac68_5125,12224.173713841254
00bbac68_5126,12224.224281668829
00bbac68_5127,12224.191129098454
00bbac68_5128,12224.161512180239
00bbac68_5129,12224.211613661075
00bbac68_5130,12224.171980301515
00bbac68_5131,12224.209120776184
00bbac68_5132,12224.200380170227
00bbac68_5133,12224.15217003607
00bbac68_5134,12224.219272859678
00bbac68_5135,12224.169581287839
00bbac68_5136,12224.220401457638
00bbac68_5137,12224.23241928979
00bbac68_5138,12224.223860644892
00bbac68_5139,12224.25155745501
00bbac68_5140,12224.216798134148
00bbac68_5141,12224.244345598869
00bbac68_5142,12224.252958241508
00bbac68_5143,12224.198294211783
00bbac68_5144,12224.240748178274
00bbac68_5145,12224.23938958373
00bbac68_5146,12224.253185255542
00bbac68_5147,12224.214450829395
00bbac68_5148,12224.239867976426
00bbac68_5149,12224.248709500902
00bbac68_5150,12224.252417778
00bbac68_5151,12224.243050035813
00bbac68_5152,12224.244301266403
00bbac68_5153,12224.267608695112
00bbac68_5154,12224.25151468797
00bbac68_5155,12224.246431041545
00bbac68_5156,12224.289973913372
00bbac68_5157,12224.286408325725
00bbac68_5158,12224.289524943277
00bbac68_5159,12224.3071366475
00bbac68_5160,12224.201311805396
00bbac68_5161,12224.129825532935
00bbac68_5162,12224.327223347083
00bbac68_5163,12224.33081432224
00bbac68_5164,12224.314198464512
00bbac68_5165,12224.295521525852
00bbac68_5166,12224.323091306553
00bbac68_5167,12224.285085296848
00bbac68_5168,12224.29281960544
00bbac68_5169,12224.307948513948
00bbac68_5170,12224.318028861358
00bbac68_5171,12224.334940759367
00bbac68_5172,12224.3145174523
00bbac68_5173,12224.308788359098
00bbac68_5174,12224.130287812039
00bbac68_5175,12224.127898677028
00bbac68_5176,12224.120274442226
00bbac68_5177,12224.133741668604
00bbac68_5178,12224.135545648827
00bbac68_5179,12224.138440251
00bbac68_5180,12224.145727667808
00bbac68_5181,12224.161194177024
00bbac68_5182,12224.141130786642
00bbac68_5183,12224.150000921345
00bbac68_5184,12224.149889732807
00bbac68_5185,12224.166894900165
00bbac68_5186,12224.062135503009
00bbac68_5187,12224.037513358659
00bbac68_5188,12224.161884706436
00bbac68_5189,12224.173917988113
00bbac68_5190,12224.18858913295
00bbac68_5191,12224.152555512464
00bbac68_5192,12224.156866893201
00bbac68_5193,12224.154100103162
00bbac68_5194,12224.168009643688
00bbac68_5195,12224.133776178844
00bbac68_5196,12224.17925653541
00bbac68_5197,12224.195200263253
00bbac68_5198,12224.182223054511
00bbac68_5199,12224.172368366219
00bbac68_5200,12224.17572187647
00bbac68_5201,12224.174872544012
00bbac68_5202,12224.183879435612
00bbac68_5203,12224.162754605717
00bbac68_5204,12224.168205817996
00bbac68_5205,12224.174178308658
00bbac68_5206,12224.189783291384
00bbac68_5207,12224.197354521668
00bbac68_5208,12224.090852761536
00bbac68_5209,12224.17600577893
00bbac68_5210,12224.233100172056
00bbac68_5211,12224.221527725584
00bbac68_5212,12224.191478792905
00bbac68_5213,12224.21517818176
00bbac68_5214,12224.198964011654
00bbac68_5215,12224.229139612054
00bbac68_5216,12224.22089167425
00bbac68_5217,12224.22272025927
00bbac68_5218,12224.207362679435
00bbac68_5219,12224.214147700613
00bbac68_5220,12224.221328115163
00bbac68_5221,12224.223288307241
00bbac68_5222,12224.247011156483
00bbac68_5223,12224.21536977843
00bbac68_5224,12224.235876837878
00bbac68_5225,12224.221201325914
00bbac68_5226,12224.21818333806
00bbac68_5227,12224.226278135544
00bbac68_5228,12224.264569313644
00bbac68_5229,12224.256574862471
00bbac68_5230,12224.256416180951
00bbac68_5231,12224.246001304364
00bbac68_5232,12224.255011629193
00bbac68_5233,12224.242346271953
00bbac68_5234,12224.243837256266
00bbac68_5235,12224.209103112406
00bbac68_5236,12224.247453227577
00bbac68_5237,12224.25202839463
00bbac68_5238,12224.247399650854
00bbac68_5239,12224.257721468603
00bbac68_5240,12224.252363163976
00bbac68_5241,12224.237716262242
00bbac68_5242,12224.26507776047
00bbac68_5243,12224.253084743625
00bbac68_5244,12224.220180510041
00bbac68_5245,12224.255130585541
00bbac68_5246,12224.258515567048
00bbac68_5247,12224.23908102951
00bbac68_5248,12224.274090042083
00bbac68_5249,12224.257778024992
00bbac68_5250,12224.250853024198
00bbac68_5251,12224.265782805507
00bbac68_5252,12224.264824181972
00bbac68_5253,12224.268238918115
00bbac68_5254,12224.219168188256
00bbac68_5255,12224.216151917015
00bbac68_5256,12224.20166179934
00bbac68_5257,12224.214769681235
00bbac68_5258,12224.233370727194
00bbac68_5259,12224.252119974142
00bbac68_5260,12224.216288914082
00bbac68_5261,12224.229978728046
00bbac68_5262,12224.226102433306
00bbac68_5263,12224.231203456377
00bbac68_5264,12224.227465062944
00bbac68_5265,12224.230795112808
00bbac68_5266,12224.238638712479
00bbac68_5267,12224.225469242994
00bbac68_5268,12224.228739783583
00bbac68_5269,12224.254634721448
00bbac68_5270,12224.239718311352
00bbac68_5271,12224.208590200817
00bbac68_5272,12224.29566811445
00bbac68_5273,12224.289218043466
00bbac68_5274,12224.273832997811
00bbac68_5275,12224.262883109932
00bbac68_5276,12224.27561963105
00bbac68_5277,12224.265225926032
00bbac68_5278,12224.26689601038
00bbac68_5279,12224.264335213993
00bbac68_5280,12224.265468570438
00bbac68_5281,12224.271255666812
00bbac68_5282,12224.262748520327
00bbac68_5283,12224.267840960329
00bbac68_5284,12224.27939130133
00bbac68_5285,12224.278416083862
00bbac68_5286,12224.26531527893
00bbac68_5287,12224.26476635388
00bbac68_5288,12224.287383703855
00bbac68_5289,12224.301545014401
00bbac68_5290,12224.287688327206
00bbac68_5291,12224.27426193786
00bbac68_5292,12224.274414535637
00bbac68_5293,12224.284652239312
00bbac68_5294,12224.282158963066
00bbac68_5295,12224.298975875114
00bbac68_5296,12224.291428315726
00bbac68_5297,12224.289764736135
00bbac68_5298,12224.301123960804
00bbac68_5299,12224.322476738636
00bbac68_5300,12224.30601938158
00bbac68_5301,12224.289058484484
00bbac68_5302,12224.28706531505
00bbac68_5303,12224.301589403305
00bbac68_5304,12224.317974873093
00bbac68_5305,12224.306867628951
00bbac68_5306,12224.293877259504
00bbac68_5307,12224.300338412884
00bbac68_5308,12224.311370908734
00bbac68_5309,12224.310335609782
00bbac68_5310,12224.309843332987
00bbac68_5311,12224.29784402189
00bbac68_5312,12224.3002448115
00bbac68_5313,12224.33438178428
00bbac68_5314,12224.31920330448
00bbac68_5315,12224.31650117356
00bbac68_5316,12224.324003739293
00bbac68_5317,12224.30463958292
00bbac68_5318,12224.304479184788
00bbac68_5319,12224.306329513583
00bbac68_5320,12224.23016432419
00bbac68_5321,12224.216175457734
00bbac68_5322,12224.24127503122
00bbac68_5323,12224.23339444876
00bbac68_5324,12224.24306566989
00bbac68_5325,12224.232603300321
00bbac68_5326,12224.245576141935
00bbac68_5327,12224.242163332912
00bbac68_5328,12224.282096738185
00bbac68_5329,12224.24877593966
00bbac68_5330,12224.247867670128
00bbac68_5331,12224.242374325218
00bbac68_5332,12224.264444075401
00bbac68_5333,12224.261306496788
00bbac68_5334,12224.260462886374
00bbac68_5335,12224.284962217245
00bbac68_5336,12224.2427625201
00bbac68_5337,12224.219074785848
00bbac68_5338,12224.216584942827
00bbac68_5339,12224.219187720659
00bbac68_5340,12224.218048280472
00bbac68_5341,12224.221710781205
00bbac68_5342,12224.236896910172
00bbac68_5343,12224.228117394301
00bbac68_5344,12224.208807597364
00bbac68_5345,12224.2432386833
00bbac68_5346,12224.238375907848
00bbac68_5347,12224.236316362681
00bbac68_5348,12224.23942496937
00bbac68_5349,12224.253758513498
00bbac68_5350,12224.240996453682
00bbac68_5351,12224.249856288705
00bbac68_5352,12224.24327289405
00bbac68_5353,12224.21630184986
00bbac68_5354,12224.254960383307
00bbac68_5355,12224.267789601567
00bbac68_5356,12224.242049941655
00bbac68_5357,12224.25222813605
00bbac68_5358,12224.237269382815
00bbac68_5359,12224.247623816223
00bbac68_5360,12224.240720559204
00bbac68_5361,12224.241511737304
00bbac68_5362,12224.219374105285
00bbac68_5363,12224.175316459838
00bbac68_5364,12224.204800837095
00bbac68_5365,12224.199778988766
00bbac68_5366,12224.201527465144
00bbac68_5367,12224.239521669062
00bbac68_5368,12224.210414012934
00bbac68_5369,12224.223113912958
00bbac68_5370,12224.214334397087
00bbac68_5371,12224.202974810722
00bbac68_5372,12224.207893300529
00bbac68_5373,12224.194213424551
00bbac68_5374,12224.227349611501
00bbac68_5375,12224.233512074085
00bbac68_5376,12224.246528975451
00bbac68_5377,12224.223620583849
00bbac68_5378,12224.239081371019
00bbac68_5379,12224.20179920012
00bbac68_5380,12224.088473328049
00bbac68_5381,12224.066069620894
00bbac68_5382,12224.10115130345
00bbac68_5383,12224.103945197614
00bbac68_5384,12224.110261583233
00bbac68_5385,12224.106449947612
00bbac68_5386,12224.097232123026
00bbac68_5387,12224.11417205906
00bbac68_5388,12224.091336337442
00bbac68_5389,12224.091468908058
00bbac68_5390,12224.101278602699
00bbac68_5391,12224.128034708472
00bbac68_5392,12224.113470204198
00bbac68_5393,12224.115430396276
00bbac68_5394,12224.121469262669
00bbac68_5395,12224.085409320773
00bbac68_5396,12224.116148542696
00bbac68_5397,12224.113817772553
00bbac68_5398,12224.120261759797
00bbac68_5399,12223.963927846344
00bbac68_5400,12223.962585273528
00bbac68_5401,12223.964515710966
00bbac68_5402,12223.984332119473
00bbac68_5403,12223.97845825851
00bbac68_5404,12223.965840394252
00bbac68_5405,12223.96993376504
00bbac68_5406,12223.974585035303
00bbac68_5407,12223.976681412072
00bbac68_5408,12223.96456308242
00bbac68_5409,12223.957036694603
00bbac68_5410,12223.966026420065
00bbac68_5411,12223.987528543295
00bbac68_5412,12223.99030012148
00bbac68_5413,12223.960204840228
00bbac68_5414,12223.971346627155
00bbac68_5415,12223.972423335345
00bbac68_5416,12223.97503641286
00bbac68_5417,12223.956127731339
00bbac68_5418,12223.961222460159
00bbac68_5419,12223.951978886367
00bbac68_5420,12223.95997011482
00bbac68_5421,12223.958764298903
00bbac68_5422,12223.944164890148
00bbac68_5423,12223.986492399425
00bbac68_5424,12223.96968370875
00bbac68_5425,12223.988109660106
00bbac68_5426,12223.958515630075
00bbac68_5427,12223.966719146432
00bbac68_5428,12223.98130217176
00bbac68_5429,12223.987452618048
00bbac68_5430,12224.000913550177
00bbac68_5431,12223.998123299749
00bbac68_5432,12223.992895457768
00bbac68_5433,12223.817869336977
00bbac68_5434,12223.791612976322
00bbac68_5435,12223.821250132203
00bbac68_5436,12223.824962414734
00bbac68_5437,12223.812632369385
00bbac68_5438,12223.807548150757
00bbac68_5439,12223.845528621763
00bbac68_5440,12223.817464666807
00bbac68_5441,12223.83997100909
00bbac68_5442,12223.864020587154
00bbac68_5443,12223.852892171442
00bbac68_5444,12223.851432296686
00bbac68_5445,12223.856014902398
00bbac68_5446,12223.849905293144
00bbac68_5447,12223.810254767448
00bbac68_5448,12223.882407296562
00bbac68_5449,12223.841975711599
00bbac68_5450,12223.856813940176
00bbac68_5451,12223.832928223133
00bbac68_5452,12223.834399180287
00bbac68_5453,12223.778365864977
00bbac68_5454,12223.773994041063
00bbac68_5455,12223.720252977342
00bbac68_5456,12223.768474766099
00bbac68_5457,12223.761657339766
00bbac68_5458,12223.716626946516
00bbac68_5459,12223.777307345808
00bbac68_5460,12223.739700734906
00bbac68_5461,12223.735163543864
00bbac68_5462,12223.78650556425
00bbac68_5463,12223.744340771585
00bbac68_5464,12223.795683364175
00bbac68_5465,12223.748418512001
00bbac68_5466,12223.797192478187
00bbac68_5467,12223.742508421301
00bbac68_5468,12223.814445229284
00bbac68_5469,12223.777074938878
00bbac68_5470,12223.765360585667
00bbac68_5471,12223.795580818027
00bbac68_5472,12223.790871393405
00bbac68_5473,12223.792544338778
00bbac68_5474,12223.80909860892
00bbac68_5475,12223.680333512604
00bbac68_5476,12223.473614123992
00bbac68_5477,12223.50848924069
00bbac68_5478,12223.556201195157
00bbac68_5479,12223.557696184904
00bbac68_5480,12223.57869076266
00bbac68_5481,12223.536001258388
00bbac68_5482,12223.51524778927
00bbac68_5483,12223.553237987757
00bbac68_5484,12223.558557020775
00bbac68_5485,12223.52599382113
00bbac68_5486,12223.52147551284
00bbac68_5487,12223.554848020285
00bbac68_5488,12223.464239814839
00bbac68_5489,12223.46024621816
00bbac68_5490,12223.448639439412
00bbac68_5491,12223.490094336688
00bbac68_5492,12223.457786340288
00bbac68_5493,12223.462227039261
00bbac68_5494,12223.460671606339
00bbac68_5495,12223.480053139358
00bbac68_5496,12223.456843195936
00bbac68_5497,12223.457439824477
00bbac68_5498,12223.466666442639
00bbac68_5499,12223.508467523694
00bbac68_5500,12223.470087292186
00bbac68_5501,12223.4643353108
00bbac68_5502,12223.47400767634
00bbac68_5503,12223.493564876168
00bbac68_5504,12223.462125486336
00bbac68_5505,12223.45501451905
00bbac68_5506,12223.46663924665
00bbac68_5507,12223.50240242487
00bbac68_5508,12223.535284552983
00bbac68_5509,12223.490081353946
00bbac68_5510,12223.4740491449
00bbac68_5511,12223.485118834047
00bbac68_5512,12223.497440506837
00bbac68_5513,12223.527911364807
00bbac68_5514,12223.500080869322
00bbac68_5515,12223.500114448547
00bbac68_5516,12223.516946810118
00bbac68_5517,12223.516724041685
00bbac68_5518,12223.556695212459
00bbac68_5519,12223.456029366938
00bbac68_5520,12223.463588008723
00bbac68_5521,12223.452269048883
00bbac68_5522,12223.449915390556
00bbac68_5523,12223.45853489965
00bbac68_5524,12223.482977010062
00bbac68_5525,12223.467772781058
00bbac68_5526,12223.469896623646
00bbac68_5527,12223.501703579335
00bbac68_5528,12223.494057028553
00bbac68_5529,12223.486824753894
00bbac68_5530,12223.493331683641
00bbac68_5531,12223.519570516466
00bbac68_5532,12223.427899727098
00bbac68_5533,12223.431427187545
00bbac68_5534,12223.428939061141
00bbac68_5535,12223.423819365828
00bbac68_5536,12223.164086366376
00bbac68_5537,12223.182028232648
00bbac68_5538,12223.147528692669
00bbac68_5539,12223.148066956339
00bbac68_5540,12223.176488749674
00bbac68_5541,12223.142975690407
00bbac68_5542,12223.173418510352
00bbac68_5543,12223.193789385108
00bbac68_5544,12223.144087513587
00bbac68_5545,12223.174541205419
00bbac68_5546,12223.174788216955
00bbac68_5547,12223.173684253452
00bbac68_5548,12223.185356474032
00bbac68_5549,12223.195020828707
00bbac68_5550,12223.187342234467
00bbac68_5551,12223.1918899357
00bbac68_5552,12223.189251319487
00bbac68_5553,12223.170549203825
00bbac68_5554,12223.14352895004
00bbac68_5555,12223.137819884
00bbac68_5556,12223.14212554269
00bbac68_5557,12223.186223452967
00bbac68_5558,12223.155472425256
00bbac68_5559,12223.14898344436
00bbac68_5560,12223.162036394617
00bbac68_5561,12223.14707649697
00bbac68_5562,12223.161383147482
00bbac68_5563,12223.16334333956
00bbac68_5564,12223.15689384078
00bbac68_5565,12223.168955160481
00bbac68_5566,12223.153943764424
00bbac68_5567,12223.10043444356
00bbac68_5568,12223.109196431597
00bbac68_5569,12223.05927826674
00bbac68_5570,12223.072483995622
00bbac68_5571,12223.075313938674
00bbac68_5572,12223.067760085036
00bbac68_5573,12223.083862885756
00bbac68_5574,12223.088403148327
00bbac68_5575,12223.075348119763
00bbac68_5576,12223.068892898937
00bbac68_5577,12223.085224581491
00bbac68_5578,12223.066944180613
00bbac68_5579,12223.096526977059
00bbac68_5580,12223.097070962776
00bbac68_5581,12223.114377681952
00bbac68_5582,12223.007850172613
00bbac68_5583,12223.01085006043
00bbac68_5584,12223.00145714124
00bbac68_5585,12223.003417333317
00bbac68_5586,12222.980000824038
00bbac68_5587,12223.012448076663
00bbac68_5588,12223.031023373414
00bbac68_5589,12223.048312926454
00bbac68_5590,12223.047066484009
00bbac68_5591,12223.01365527716
00bbac68_5592,12223.03217049243
00bbac68_5593,12223.035030190122
00bbac68_5594,12223.02158434582
00bbac68_5595,12223.009124982234
00bbac68_5596,12223.043169257868
00bbac68_5597,12223.056214769464
00bbac68_5598,12223.014366405938
00bbac68_5599,12223.030686072198
00bbac68_5600,12223.055806245047
00bbac68_5601,12223.008347987723
00bbac68_5602,12222.84202338213
00bbac68_5603,12222.85310451537
00bbac68_5604,12222.812700396229
00bbac68_5605,12222.883700505297
00bbac68_5606,12222.826747657215
00bbac68_5607,12222.874646150376
00bbac68_5608,12222.848858997482
00bbac68_5609,12222.850974257004
00bbac68_5610,12222.890542595747
00bbac68_5611,12222.828743174787
00bbac68_5612,12222.86164418565
00bbac68_5613,12222.810210250836
00bbac68_5614,12222.880111154887
00bbac68_5615,12222.856858296122
00bbac68_5616,12222.853438620645
00bbac68_5617,12222.873784890604
00bbac68_5618,12222.84755141813
00bbac68_5619,12222.885934721167
00bbac68_5620,12222.829469391394
00bbac68_5621,12222.81718741123
00bbac68_5622,12222.898605649267
00bbac68_5623,12222.745648887303
00bbac68_5624,12222.793836343784
00bbac68_5625,12222.73180346335
00bbac68_5626,12222.701040419342
00bbac68_5627,12222.691063279268
00bbac68_5628,12222.737351588714
00bbac68_5629,12222.710336484772
00bbac68_5630,12222.544106292937
00bbac68_5631,12222.59835396823
00bbac68_5632,12222.550372143703
00bbac68_5633,12222.541625243495
00bbac68_5634,12222.611170236292
00bbac68_5635,12222.374519969995
00bbac68_5636,12222.439614355493
00bbac68_5637,12222.390196297447
00bbac68_5638,12222.357046015892
00bbac68_5639,12222.373452657248
00bbac68_5640,12222.384143546957
00bbac68_5641,12222.384753908405
00bbac68_5642,12222.384401821735
00bbac68_5643,12222.43901628017
00bbac68_5644,12222.39883188759
00bbac68_5645,12222.392998653155
00bbac68_5646,12222.301791349502
00bbac68_5647,12222.322598816361
00bbac68_5648,12222.324559008437
00bbac68_5649,12222.307671925733
00bbac68_5650,12222.29892674214
00bbac68_5651,12222.32068578523
00bbac68_5652,12222.32118170576
00bbac68_5653,12222.317453039805
00bbac68_5654,12222.327610634837
00bbac68_5655,12222.318864879036
00bbac68_5656,12222.199375219125
00bbac68_5657,12222.340736465583
00bbac68_5658,12222.341504183294
00bbac68_5659,12222.358156872626
00bbac68_5660,12222.34941168903
00bbac68_5661,12222.399953195194
00bbac68_5662,12222.399147922488
00bbac68_5663,12222.356483023013
00bbac68_5664,12222.305551483827
00bbac68_5665,12222.225670397827
00bbac68_5666,12222.27558591217
00bbac68_5667,12222.30650652295
00bbac68_5668,12222.351614374327
00bbac68_5669,12222.353909306088
00bbac68_5670,12222.364388480099
00bbac68_5671,12222.36500399139
00bbac68_5672,12222.239832912104
00bbac68_5673,12222.36814102746
00bbac68_5674,12222.367557197931
00bbac68_5675,12222.365740267509
00bbac68_5676,12222.339005543816
00bbac68_5677,12222.328936851005
00bbac68_5678,12222.219074533316
00bbac68_5679,12222.350358112539
00bbac68_5680,12222.351508062917
00bbac68_5681,12222.365277413319
00bbac68_5682,12222.376481570544
00bbac68_5683,12222.227028989488
00bbac68_5684,12222.318962059067
00bbac68_5685,12222.3191838936
00bbac68_5686,12222.296706944258
00bbac68_5687,12222.292384902144
00bbac68_5688,12222.267235757368
00bbac68_5689,12222.151690303692
00bbac68_5690,12222.283813879254
00bbac68_5691,12222.289452774638
00bbac68_5692,12222.310629313455
00bbac68_5693,12222.272546628335
00bbac68_5694,12222.162542976113
00bbac68_5695,12222.284804605568
00bbac68_5696,12222.29824608274
00bbac68_5697,12222.289716048072
00bbac68_5698,12222.17408876914
00bbac68_5699,12222.315689769322
00bbac68_5700,12222.301299215243
00bbac68_5701,12222.308894478121
00bbac68_5702,12222.297224184664
00bbac68_5703,12222.1856944628
00bbac68_5704,12222.293379180328
00bbac68_5705,12222.34585645462
00bbac68_5706,12222.348721302153
00bbac68_5707,12222.160609434599
00bbac68_5708,12222.321828469143
00bbac68_5709,12222.304982012965
00bbac68_5710,12222.323106984706
00bbac68_5711,12222.195896568262
00bbac68_5712,12222.320679903345
00bbac68_5713,12222.322160587975
00bbac68_5714,12222.22010771853
00bbac68_5715,12222.078303224022
00bbac68_5716,12222.225360767172
00bbac68_5717,12222.226909544148
00bbac68_5718,12222.226616394551
00bbac68_5719,12222.067960474873
00bbac68_5720,12222.218051846758
00bbac68_5721,12222.207174628862
00bbac68_5722,12222.078398088455
00bbac68_5723,12222.2063806194
00bbac68_5724,12222.229106116043
00bbac68_5725,12222.21676577101
00bbac68_5726,12222.067373271437
00bbac68_5727,12222.227550893627
00bbac68_5728,12222.195925537304
00bbac68_5729,12222.05549032838
00bbac68_5730,12222.215503727854
00bbac68_5731,12222.210063025766
00bbac68_5732,12222.146815927194
00bbac68_5733,12222.012229793587
00bbac68_5734,12222.198113134773
00bbac68_5735,12222.131909455084
00bbac68_5736,12222.035241030828
00bbac68_5737,12222.147233876713
00bbac68_5738,12222.15293285358
00bbac68_5739,12222.031801538698
00bbac68_5740,12222.168830052004
00bbac68_5741,12222.169457007387
00bbac68_5742,12222.030122147888
00bbac68_5743,12222.158298083983
00bbac68_5744,12222.14343660553
00bbac68_5745,12222.005131142088
00bbac68_5746,12222.13258495599
00bbac68_5747,12222.08864404028
00bbac68_5748,12221.94122564654
00bbac68_5749,12222.082382615961
00bbac68_5750,12222.077062076838
00bbac68_5751,12221.930460791253
00bbac68_5752,12222.113213601127
00bbac68_5753,12222.109939265616
00bbac68_5754,12221.917586789847
00bbac68_5755,12221.9208905183
00bbac68_5756,12221.911133104786
00bbac68_5757,12221.800056568958
00bbac68_5758,12221.921631552905
00bbac68_5759,12221.756720864854
00bbac68_5760,12221.907378719285
00bbac68_5761,12221.941497953721
00bbac68_5762,12221.78017384404
00bbac68_5763,12221.912275103621
00bbac68_5764,12221.902197255537
00bbac68_5765,12221.79297466258
00bbac68_5766,12221.924541483075
00bbac68_5767,12221.76758901646
00bbac68_5768,12221.91166194047
00bbac68_5769,12221.914452973611
00bbac68_5770,12221.765924502968
00bbac68_5771,12221.908685934059
00bbac68_5772,12221.795832130774
00bbac68_5773,12221.933213694312
00bbac68_5774,12221.922246640293
00bbac68_5775,12221.780538848363
00bbac68_5776,12221.940023530795
00bbac68_5777,12221.793233417697
00bbac68_5778,12221.924340185702
00bbac68_5779,12221.92043871396
00bbac68_5780,12221.821494059845
00bbac68_5781,12221.990945401825
00bbac68_5782,12221.864611602812
00bbac68_5783,12221.991677462003
00bbac68_5784,12221.984565922514
00bbac68_5785,12221.87332802499
00bbac68_5786,12221.980504052639
00bbac68_5787,12221.870730998866
00bbac68_5788,12222.006367338403
00bbac68_5789,12221.989523743248
00bbac68_5790,12221.884162386863
00bbac68_5791,12222.010657185874
00bbac68_5792,12221.780682258322
00bbac68_5793,12221.90952309615
00bbac68_5794,12221.795307445942
00bbac68_5795,12221.903757201007
00bbac68_5796,12221.816304703876
00bbac68_5797,12221.59284833101
00bbac68_5798,12221.618794195085
00bbac68_5799,12221.49037070491
00bbac68_5800,12221.621772730483
00bbac68_5801,12221.515087292677
00bbac68_5802,12221.626688750624
00bbac68_5803,12221.503547853223
00bbac68_5804,12221.623106388195
00bbac68_5805,12221.459801306224
00bbac68_5806,12221.563072609752
00bbac68_5807,12221.57348426362
00bbac68_5808,12221.468180127695
00bbac68_5809,12221.58738504023
00bbac68_5810,12221.466005388556
00bbac68_5811,12221.559442784002
00bbac68_5812,12221.41313217835
00bbac68_5813,12221.561240289127
00bbac68_5814,12221.412979610233
00bbac68_5815,12221.564237135073
00bbac68_5816,12221.395236328615
00bbac68_5817,12221.554505862123
00bbac68_5818,12221.388154362916
00bbac68_5819,12221.5352908703
00bbac68_5820,12221.409403390868
00bbac68_5821,12221.531014995908
00bbac68_5822,12221.413323775021
00bbac68_5823,12221.539839173398
00bbac68_5824,12221.423010837032
00bbac68_5825,12221.539900609798
00bbac68_5826,12221.44895308703
00bbac68_5827,12221.57003597503
00bbac68_5828,12221.430617001457
00bbac68_5829,12221.567561400687
00bbac68_5830,12221.43621051183
00bbac68_5831,12221.568188175223
00bbac68_5832,12221.430377096547
00bbac68_5833,12221.57157297588
00bbac68_5834,12221.410311808704
00bbac68_5835,12221.539809537402
00bbac68_5836,12221.473878799303
00bbac68_5837,12221.622596880174
00bbac68_5838,12221.430424076645
00bbac68_5839,12221.538506476363
00bbac68_5840,12221.399859978987
00bbac68_5841,12221.530198848432
00bbac68_5842,12221.402321241436
00bbac68_5843,12221.539690216472
00bbac68_5844,12221.402331179423
00bbac68_5845,12221.548160771525
00bbac68_5846,12221.40542186692
00bbac68_5847,12221.414896249673
00bbac68_5848,12221.563609752906
00bbac68_5849,12221.443509550696
00bbac68_5850,12221.56775444126
00bbac68_5851,12221.434927264561
00bbac68_5852,12221.560120870334
00bbac68_5853,12221.465813362216
00bbac68_5854,12221.439198801485
00bbac68_5855,12221.549932797274
00bbac68_5856,12221.459932845308
00bbac68_5857,12221.50850711209
00bbac68_5858,12221.447039569794
00bbac68_5859,12221.586975454618
00bbac68_5860,12221.458166298551
00bbac68_5861,12221.426639933621
00bbac68_5862,12221.462172513393
00bbac68_5863,12221.509840408107
00bbac68_5864,12221.450731493127
00bbac68_5865,12221.287917362695
00bbac68_5866,12221.29515556991
00bbac68_5867,12221.360146386374
00bbac68_5868,12221.338870494466
00bbac68_5869,12221.334170225118
00bbac68_5870,12221.375835693685
00bbac68_5871,12221.363530825336
00bbac68_5872,12221.338307866168
00bbac68_5873,12221.297464866106
00bbac68_5874,12221.264673929032
00bbac68_5875,12221.258338298965
00bbac68_5876,12221.299091673416
00bbac68_5877,12221.261723099624
00bbac68_5878,12221.306733676221
00bbac68_5879,12221.271542913099
00bbac68_5880,12221.294321052563
00bbac68_5881,12220.976408579234
00bbac68_5882,12221.019530880687
00bbac68_5883,12220.951390288461
00bbac68_5884,12221.011544831734
00bbac68_5885,12220.971597904061
00bbac68_5886,12221.00502705976
00bbac68_5887,12220.966285194952
00bbac68_5888,12220.993434977483
00bbac68_5889,12221.00689075977
00bbac68_5890,12220.97690019196
00bbac68_5891,12221.021538835574
00bbac68_5892,12220.878359333437
00bbac68_5893,12220.836725546633
00bbac68_5894,12220.904849755432
00bbac68_5895,12220.900289104004
00bbac68_5896,12220.839738233459
00bbac68_5897,12220.97006909204
00bbac68_5898,12220.985954455015
00bbac68_5899,12220.964091481197
00bbac68_5900,12220.933058356624
00bbac68_5901,12220.944219598507
00bbac68_5902,12220.98606931695
00bbac68_5903,12220.98247225805
00bbac68_5904,12220.966607132745
00bbac68_5905,12220.940470935051
00bbac68_5906,12220.981739293631
00bbac68_5907,12220.957911369253
00bbac68_5908,12220.98166454534
00bbac68_5909,12220.975885098134
00bbac68_5910,12220.97784529021
00bbac68_5911,12220.99978000011
00bbac68_5912,12221.008433841478
00bbac68_5913,12221.000379308824
00bbac68_5914,12221.011669868942
00bbac68_5915,12221.006891779769
00bbac68_5916,12221.047898068648
00bbac68_5917,12221.027351165387
00bbac68_5918,12221.042490373577
00bbac68_5919,12221.04477672227
00bbac68_5920,12221.04314804716
00bbac68_5921,12221.029765145366
00bbac68_5922,12221.064125850136
00bbac68_5923,12221.039971769143
00bbac68_5924,12221.047342727821
00bbac68_5925,12221.066414125953
00bbac68_5926,12220.254348057653
00bbac68_5927,12220.219363288183
00bbac68_5928,12220.220426263462
00bbac68_5929,12220.247164058688
00bbac68_5930,12220.247907743807
00bbac68_5931,12220.228490372407
00bbac68_5932,12220.224101382355
00bbac68_5933,12220.221268788788
00bbac68_5934,12220.271900703277
00bbac68_5935,12220.261313593108
00bbac68_5936,12220.255359051298
00bbac68_5937,12220.260609419765
00bbac68_5938,12220.267611878688
00bbac68_5939,12220.2185749089
00bbac68_5940,12220.252684988061
00bbac68_5941,12220.275212501916
00bbac68_5942,12220.259664377953
00bbac68_5943,12220.260475583214
00bbac68_5944,12220.245757155906
00bbac68_5945,12220.240583101157
00bbac68_5946,12220.26708743691
00bbac68_5947,12220.250079046833
00bbac68_5948,12220.246536919574
00bbac68_5949,12220.30744219527
00bbac68_5950,12220.295588224139
00bbac68_5951,12220.263303115922
00bbac68_5952,12220.289712465714
00bbac68_5953,12220.297764347853
00bbac68_5954,12220.293162497694
00bbac68_5955,12220.267591638136
00bbac68_5956,12220.275835781018
00bbac68_5957,12220.271952619823
00bbac68_5958,12220.323560715342
00bbac68_5959,12220.288624011057
00bbac68_5960,12220.297094746957
00bbac68_5961,12220.30837844062
00bbac68_5962,12220.2768658086
00bbac68_5963,12220.319344952095
00bbac68_5964,12220.312276900153
00bbac68_5965,12220.293720124455
00bbac68_5966,12220.293420108403
00bbac68_5967,12220.195674795108
00bbac68_5968,12220.17282419617
00bbac68_5969,12220.215789713564
00bbac68_5970,12220.190898633058
00bbac68_5971,12220.21282876532
00bbac68_5972,12220.228579088012
00bbac68_5973,12220.211515766296
00bbac68_5974,12220.208953253294
00bbac68_5975,12220.217420555966
00bbac68_5976,12220.199306666622
00bbac68_5977,12220.217271421077
00bbac68_5978,12220.20909443664
00bbac68_5979,12220.22470857464
00bbac68_5980,12220.237263706902
00bbac68_5981,12220.222171057792
00bbac68_5982,12220.231180810417
00bbac68_5983,12220.248688945609
00bbac68_5984,12220.221264143178
00bbac68_5985,12220.22950828606
00bbac68_5986,12220.248242083484
00bbac68_5987,12220.236945439623
00bbac68_5988,12220.237747489611
00bbac68_5989,12220.25098812297
00bbac68_5990,12220.245389492417
00bbac68_5991,12220.240566771285
00bbac68_5992,12220.262414506087
00bbac68_5993,12220.256741488934
00bbac68_5994,12220.239864705914
00bbac68_5995,12220.241530784831
00bbac68_5996,12220.268877405742
00bbac68_5997,12220.258427624674
00bbac68_5998,12220.244808974589
00bbac68_5999,12220.2700739152
00bbac68_6000,12220.261317859718
00bbac68_6001,12220.28890022892
00bbac68_6002,12220.278071648412
00bbac68_6003,12220.268109385655
00bbac68_6004,12220.271208264867
00bbac68_6005,12220.275552261264
00bbac68_6006,12220.28670663669
00bbac68_6007,12220.271474369662
00bbac68_6008,12220.277247733125
00bbac68_6009,12220.29540818155
00bbac68_6010,12220.291143932098
00bbac68_6011,12220.184456205474
00bbac68_6012,12220.171524200894
00bbac68_6013,12220.170507784696
00bbac68_6014,12219.923472005094
00bbac68_6015,12219.92177695425
00bbac68_6016,12219.918301202722
00bbac68_6017,12219.909886181176
00bbac68_6018,12219.938123152428
00bbac68_6019,12219.93407977395
00bbac68_6020,12219.94101471273
00bbac68_6021,12219.92748532656
00bbac68_6022,12219.919689430379
00bbac68_6023,12219.945132898823
00bbac68_6024,12219.93533199776
00bbac68_6025,12219.939909453631
00bbac68_6026,12219.938856416338
00bbac68_6027,12219.921454349504
00bbac68_6028,12219.93145058284
00bbac68_6029,12219.953590141982
00bbac68_6030,12219.92424502095
00bbac68_6031,12219.92292190309
00bbac68_6032,12219.921213119336
00bbac68_6033,12219.883203676403
00bbac68_6034,12219.899626911692
00bbac68_6035,12219.901091574595
00bbac68_6036,12219.928804406441
00bbac68_6037,12219.935286159189
00bbac68_6038,12219.933774213814
00bbac68_6039,12219.956611862555
00bbac68_6040,12219.965446520575
00bbac68_6041,12219.952543126226
00bbac68_6042,12219.87704970502
00bbac68_6043,12219.882448846683
00bbac68_6044,12219.871056072452
00bbac68_6045,12219.874755766481
00bbac68_6046,12219.888142884218
00bbac68_6047,12219.793537829712
00bbac68_6048,12219.791783269591
00bbac68_6049,12219.811504692138
00bbac68_6050,12219.823185495787
00bbac68_6051,12219.828549160764
00bbac68_6052,12219.805759215511
00bbac68_6053,12219.812820039302
00bbac68_6054,12219.80021304693
00bbac68_6055,12219.84499931933
00bbac68_6056,12219.826072899468
00bbac68_6057,12219.80845568371
00bbac68_6058,12219.832176816337
00bbac68_6059,12219.74438099645
00bbac68_6060,12219.76581331072
00bbac68_6061,12219.655789631337
00bbac68_6062,12219.617627981983
00bbac68_6063,12219.652000130847
00bbac68_6064,12219.65368795354
00bbac68_6065,12219.643817243516
00bbac68_6066,12219.66822845488
00bbac68_6067,12219.669507723494
00bbac68_6068,12219.66611436943
00bbac68_6069,12219.67396941319
00bbac68_6070,12219.68272052934
00bbac68_6071,12219.678506633893
00bbac68_6072,12219.669989759928
00bbac68_6073,12219.680072968364
00bbac68_6074,12219.684387210124
00bbac68_6075,12219.675861180885
00bbac68_6076,12219.671475624062
00bbac68_6077,12219.672271952004
00bbac68_6078,12219.666818661413
00bbac68_6079,12219.671970610692
00bbac68_6080,12219.690228333897
00bbac68_6081,12219.722085071384
00bbac68_6082,12219.694216238193
00bbac68_6083,12219.688063713595
00bbac68_6084,12219.703231532014
00bbac68_6085,12219.686795346528
00bbac68_6086,12219.683998229644
00bbac68_6087,12219.68766244699
00bbac68_6088,12219.731044529326
00bbac68_6089,12219.732558401822
00bbac68_6090,12219.733384484402
00bbac68_6091,12219.730216578944
00bbac68_6092,12219.727267255641
00bbac68_6093,12219.729787063807
00bbac68_6094,12219.70073834475
00bbac68_6095,12219.724872609093
00bbac68_6096,12219.724207526511
00bbac68_6097,12219.725895349204
00bbac68_6098,12219.718186428121
00bbac68_6099,12219.719974958822
00bbac68_6100,12219.693351242817
00bbac68_6101,12219.463739092975
00bbac68_6102,12219.443545812152
00bbac68_6103,12219.445231346024
00bbac68_6104,12219.421745599991
00bbac68_6105,12219.427617382644
00bbac68_6106,12219.435417494766
00bbac68_6107,12219.461287827833
00bbac68_6108,12219.456030231213
00bbac68_6109,12219.450794378368
00bbac68_6110,12219.448822380504
00bbac68_6111,12219.450487315013
00bbac68_6112,12219.429570767588
00bbac68_6113,12219.438280685006
00bbac68_6114,12219.439781969002
00bbac68_6115,12219.463606098458
00bbac68_6116,12219.463055456794
00bbac68_6117,12219.500326394109
00bbac68_6118,12219.493404826542
00bbac68_6119,12219.482203168644
00bbac68_6120,12219.466896515018
00bbac68_6121,12219.459100618838
00bbac68_6122,12219.482414341799
00bbac68_6123,12219.477585898621
00bbac68_6124,12219.473415490722
00bbac68_6125,12219.510671550719
00bbac68_6126,12219.490001051268
00bbac68_6127,12219.47745929022
00bbac68_6128,12219.469698870724
00bbac68_6129,12219.49854237884
00bbac68_6130,12219.463343604853
00bbac68_6131,12219.48713797967
00bbac68_6132,12219.521915249383
00bbac68_6133,12219.499049773125
00bbac68_6134,12219.488028931877
00bbac68_6135,12219.493769107474
00bbac68_6136,12219.502662130362
00bbac68_6137,12219.487290245412
00bbac68_6138,12219.481880442372
00bbac68_6139,12219.482133175952
00bbac68_6140,12219.518932616686
00bbac68_6141,12219.531900880662
00bbac68_6142,12219.518661030015
00bbac68_6143,12219.495682257248
00bbac68_6144,12219.547220543807
00bbac68_6145,12219.529520930586
00bbac68_6146,12219.523746061017
00bbac68_6147,12219.525453338665
00bbac68_6148,12219.507088823711
00bbac68_6149,12219.520731144694
00bbac68_6150,12219.538448706766
00bbac68_6151,12219.511637307656
00bbac68_6152,12219.54191018284
00bbac68_6153,12219.5469602797
00bbac68_6154,12219.5506061865
00bbac68_6155,12219.48358825968
00bbac68_6156,12219.479294255589
00bbac68_6157,12219.457250465122
00bbac68_6158,12219.499816583713
00bbac68_6159,12219.507055935335
00bbac68_6160,12219.520683379
00bbac68_6161,12219.51538458365
00bbac68_6162,12219.494717517426
00bbac68_6163,12219.51603081314
00bbac68_6164,12219.52656835202
00bbac68_6165,12219.513540217069
00bbac68_6166,12219.54700942709
00bbac68_6167,12219.53244892825
00bbac68_6168,12219.192094590908
00bbac68_6169,12219.209409320947
00bbac68_6170,12219.232961081017
00bbac68_6171,12219.243769844872
00bbac68_6172,12219.251511592125
00bbac68_6173,12219.286196164694
00bbac68_6174,12219.264813842734
00bbac68_6175,12219.26677403481
00bbac68_6176,12219.264246998493
00bbac68_6177,12219.195725318012
00bbac68_6178,12219.192399484087
00bbac68_6179,12219.220492259783
00bbac68_6180,12219.212121870194
00bbac68_6181,12219.204794037369
00bbac68_6182,12219.205543444534
00bbac68_6183,12219.203411229384
00bbac68_6184,12219.183034843092
00bbac68_6185,12219.170961145399
00bbac68_6186,12219.194615902294
00bbac68_6187,12219.199583601694
00bbac68_6188,12219.194973740672
00bbac68_6189,12219.216399188486
00bbac68_6190,12219.231429677804
00bbac68_6191,12219.193292061042
00bbac68_6192,12219.19625704438
00bbac68_6193,12219.185168682989
00bbac68_6194,12219.187128875066
00bbac68_6195,12219.200202424687
00bbac68_6196,12219.206931369816
00bbac68_6197,12219.214416769411
00bbac68_6198,12219.187922371644
00bbac68_6199,12219.185848521363
00bbac68_6200,12219.20067072821
00bbac68_6201,12219.205787200804
00bbac68_6202,12219.191623811948
00bbac68_6203,12219.199323216062
00bbac68_6204,12219.232403326962
00bbac68_6205,12219.198366128292
00bbac68_6206,12219.193102809626
00bbac68_6207,12219.213772947382
00bbac68_6208,12219.21573313946
00bbac68_6209,12219.07404823571
00bbac68_6210,12219.067901433158
00bbac68_6211,12219.060107825797
00bbac68_6212,12219.08504889861
00bbac68_6213,12219.085131115224
00bbac68_6214,12219.073634199756
00bbac68_6215,12219.080941071521
00bbac68_6216,12219.108522296314
00bbac68_6217,12219.085327230212
00bbac68_6218,12219.085189720261
00bbac68_6219,12219.086004358749
00bbac68_6220,12219.094357220503
00bbac68_6221,12219.085443236556
00bbac68_6222,12219.07833741911
00bbac68_6223,12219.101128147076
00bbac68_6224,12219.096792944256
00bbac68_6225,12219.091999977763
00bbac68_6226,12219.09439504533
00bbac68_6227,12219.114646329324
00bbac68_6228,12219.105118942056
00bbac68_6229,12219.104171190407
00bbac68_6230,12219.100590153235
00bbac68_6231,12219.10929205979
00bbac68_6232,12219.105744210485
00bbac68_6233,12219.154880382175
00bbac68_6234,12219.115568601595
00bbac68_6235,12219.111814758639
00bbac68_6236,12219.151541598056
00bbac68_6237,12219.187368290986
00bbac68_6238,12219.136286261994
00bbac68_6239,12219.130509103607
00bbac68_6240,12219.128564571562
00bbac68_6241,12219.122447523649
00bbac68_6242,12219.136382813382
00bbac68_6243,12219.126531558315
00bbac68_6244,12219.138052144679
00bbac68_6245,12219.128182579065
00bbac68_6246,12219.1311223854
00bbac68_6247,12219.125888821374
00bbac68_6248,12219.13517437661
00bbac68_6249,12219.118655793662
00bbac68_6250,12219.122960880148
00bbac68_6251,12219.128378332356
00bbac68_6252,12219.13748650417
00bbac68_6253,12219.17945409676
00bbac68_6254,12219.138379926044
00bbac68_6255,12219.119179992387
00bbac68_6256,12219.123486223283
00bbac68_6257,12219.122259235795
00bbac68_6258,12219.117652807998
00bbac68_6259,12219.115803261917
00bbac68_6260,12219.116922313246
00bbac68_6261,12219.122069684887
00bbac68_6262,12219.121683838146
00bbac68_6263,12219.130342257153
00bbac68_6264,12219.131710789683
00bbac68_6265,12219.124649604197
00bbac68_6266,12219.134820932137
00bbac68_6267,12219.137521556953
00bbac68_6268,12219.146130766365
00bbac68_6269,12219.15146696552
00bbac68_6270,12219.153427157598
00bbac68_6271,12219.16273216779
00bbac68_6272,12219.16133924097
00bbac68_6273,12219.151315180117
00bbac68_6274,12219.17376144092
00bbac68_6275,12219.197805296937
00bbac68_6276,12219.169452378663
00bbac68_6277,12219.174320514465
00bbac68_6278,12219.174202459471
00bbac68_6279,12219.171520927915
00bbac68_6280,12219.190594614865
00bbac68_6281,12219.196974515195
00bbac68_6282,12219.172105178463
00bbac68_6283,12219.215252656915
00bbac68_6284,12219.206639652582
00bbac68_6285,12219.233733359062
00bbac68_6286,12219.263805962639
00bbac68_6287,12219.227431880423
00bbac68_6288,12219.220065137686
00bbac68_6289,12219.249601013356
00bbac68_6290,12219.200976030874
00bbac68_6291,12219.190208104053
00bbac68_6292,12219.158084357532
00bbac68_6293,12219.177841256762
00bbac68_6294,12219.175685009019
00bbac68_6295,12219.170703215012
00bbac68_6296,12219.17157278514
00bbac68_6297,12219.187412371748
00bbac68_6298,12219.186864018904
00bbac68_6299,12219.180029426434
00bbac68_6300,12219.181321283551
00bbac68_6301,12219.189175182903
00bbac68_6302,12219.241421858744
00bbac68_6303,12219.213239457436
00bbac68_6304,12219.197834384622
00bbac68_6305,12219.208048055702
00bbac68_6306,12219.246426781105
00bbac68_6307,12219.199516123572
00bbac68_6308,12219.205034283788
00bbac68_6309,12219.20414146378
00bbac68_6310,12219.208354997532
00bbac68_6311,12219.211418400058
00bbac68_6312,12219.214799948335
00bbac68_6313,12219.217219048494
00bbac68_6314,12219.228035823213
00bbac68_6315,12219.22950735257
00bbac68_6316,12219.064947998137
00bbac68_6317,12219.082777712309
00bbac68_6318,12219.07153485568
00bbac68_6319,12219.065852683254
00bbac68_6320,12219.060405114711
00bbac68_6321,12219.066371883326
00bbac68_6322,12219.07474076681
00bbac68_6323,12219.071582016626
00bbac68_6324,12219.086950106652
00bbac68_6325,12219.103984456444
00bbac68_6326,12219.120509544151
00bbac68_6327,12219.106835962422
00bbac68_6328,12219.091627727987
00bbac68_6329,12219.084951063984
00bbac68_6330,12219.087626511799
00bbac68_6331,12219.107128207781
00bbac68_6332,12219.093073537797
00bbac68_6333,12219.12147759279
00bbac68_6334,12219.120777033524
00bbac68_6335,12219.134793576308
00bbac68_6336,12219.1079947657
00bbac68_6337,12219.084202318007
00bbac68_6338,12219.07920450227
00bbac68_6339,12219.086248159923
00bbac68_6340,12219.083750878246
00bbac68_6341,12219.07806870582
00bbac68_6342,12219.091662961619
00bbac68_6343,12219.125703231819
00bbac68_6344,12219.117676164986
00bbac68_6345,12219.104305851692
00bbac68_6346,12219.10442125617
00bbac68_6347,12219.101141198613
00bbac68_6348,12219.10785755524
00bbac68_6349,12219.107520918094
00bbac68_6350,12219.116565002993
00bbac68_6351,12219.118575549073
00bbac68_6352,12219.10818871051
00bbac68_6353,12219.12024488037
00bbac68_6354,12219.142018228576
00bbac68_6355,12219.121119991698
00bbac68_6356,12219.120734144955
00bbac68_6357,12219.162362992429
00bbac68_6358,12219.164817569272
00bbac68_6359,12219.152375371821
00bbac68_6360,12219.148074501276
00bbac68_6361,12219.131466654413
00bbac68_6362,12219.12664736651
00bbac68_6363,12219.138360213616
00bbac68_6364,12219.139534196585
00bbac68_6365,12219.135827274404
00bbac68_6366,12219.143956976368
00bbac68_6367,12219.144673195668
00bbac68_6368,12219.165186549366
00bbac68_6369,12219.155504666858
00bbac68_6370,12219.15216853325
00bbac68_6371,12219.144389803208
00bbac68_6372,12219.14640034929
00bbac68_6373,12219.149729254745
00bbac68_6374,12219.154686654463
00bbac68_6375,12219.176438258894
00bbac68_6376,12219.171234449506
00bbac68_6377,12219.180169815532
00bbac68_6378,12219.157347826824
00bbac68_6379,12219.15745178721
00bbac68_6380,12219.177727103799
00bbac68_6381,12219.161855112037
00bbac68_6382,12219.15243758805
00bbac68_6383,12219.160782438941
00bbac68_6384,12219.217896287024
00bbac68_6385,12219.17713911765
00bbac68_6386,12219.157530629916
00bbac68_6387,12219.162647102512
00bbac68_6388,12219.153493937045
00bbac68_6389,12219.169342678926
00bbac68_6390,12219.17187850882
00bbac68_6391,12219.186950196869
00bbac68_6392,12219.196444034576
00bbac68_6393,12219.194047460905
00bbac68_6394,12219.174422951444
00bbac68_6395,12219.165833979703
00bbac68_6396,12219.182577649563
00bbac68_6397,12219.181119491419
00bbac68_6398,12219.174270021631
00bbac68_6399,12219.158208057946
00bbac68_6400,12219.230313666283
00bbac68_6401,12219.18656958895
00bbac68_6402,12219.20073376052
00bbac68_6403,12219.141075529134
00bbac68_6404,12219.146544479756
00bbac68_6405,12219.108981356403
00bbac68_6406,12219.110769887104
00bbac68_6407,12219.137070518023
00bbac68_6408,12219.139879861712
00bbac68_6409,12219.14115340828
00bbac68_6410,12219.116845976456
00bbac68_6411,12219.110287186599
00bbac68_6412,12219.13930693373
00bbac68_6413,12219.136797063551
00bbac68_6414,12219.12810967262
00bbac68_6415,12219.13323301167
00bbac68_6416,12219.112988232433
00bbac68_6417,12219.119220503977
00bbac68_6418,12219.116125840706
00bbac68_6419,12219.137698917306
00bbac68_6420,12219.120251074104
00bbac68_6421,12219.131427193304
00bbac68_6422,12219.147792063726
00bbac68_6423,12219.165337964421
00bbac68_6424,12219.150790054082
00bbac68_6425,12219.131005327336
00bbac68_6426,12219.120010807497
00bbac68_6427,12219.138136923648
00bbac68_6428,12219.149752495972
00bbac68_6429,12219.140516933045
00bbac68_6430,12219.138406461669
00bbac68_6431,12219.145464996642
00bbac68_6432,12219.144268908201
00bbac68_6433,12219.063973546079
00bbac68_6434,12219.060907493038
00bbac68_6435,12219.06641764239
00bbac68_6436,12219.12338042846
00bbac68_6437,12219.07507244732
00bbac68_6438,12219.066660859002
00bbac68_6439,12219.110390841728
00bbac68_6440,12219.095381734489
00bbac68_6441,12219.089308174123
00bbac68_6442,12219.076135843618
00bbac68_6443,12219.086145809864
00bbac68_6444,12219.08311180028
00bbac68_6445,12219.070608949145
00bbac68_6446,12219.087983188463
00bbac68_6447,12219.096306295578
00bbac68_6448,12219.077315788803
00bbac68_6449,12219.080024424484
00bbac68_6450,12219.0742976201
00bbac68_6451,12219.094743453657
00bbac68_6452,12219.076388093976
00bbac68_6453,12219.104848225017
00bbac68_6454,12219.096969931377
00bbac68_6455,12219.10464186967
00bbac68_6456,12219.109441340921
00bbac68_6457,12219.088018964638
00bbac68_6458,12219.151619323951
00bbac68_6459,12219.119254107092
00bbac68_6460,12219.115098576513
00bbac68_6461,12219.150699820837
00bbac68_6462,12219.130520272924
00bbac68_6463,12219.12977279288
00bbac68_6464,12219.118011518893
00bbac68_6465,12219.122587830354
00bbac68_6466,12219.177597109956
00bbac68_6467,12219.135430028473
00bbac68_6468,12219.129126441863
00bbac68_6469,12219.128108881254
00bbac68_6470,12219.136596783293
00bbac68_6471,12219.133719557767
00bbac68_6472,12219.126761369107
00bbac68_6473,12219.130110873928
00bbac68_6474,12219.116039037806
00bbac68_6475,12219.123302422022
00bbac68_6476,12219.18245789608
00bbac68_6477,12219.14755666848
00bbac68_6478,12219.141877929282
00bbac68_6479,12219.20224876589
00bbac68_6480,12219.140577518758
00bbac68_6481,12219.149496863058
00bbac68_6482,12219.159609826129
00bbac68_6483,12219.156077998552
00bbac68_6484,12219.20181641939
00bbac68_6485,12219.168571151871
00bbac68_6486,12219.159818529617
00bbac68_6487,12219.141634831314
00bbac68_6488,12219.160139746902
00bbac68_6489,12219.146237283338
00bbac68_6490,12219.205750957472
00bbac68_6491,12219.173963667248
00bbac68_6492,12219.175414597239
00bbac68_6493,12219.173019167978
00bbac68_6494,12219.222395665598
00bbac68_6495,12219.205533759896
00bbac68_6496,12219.206835916695
00bbac68_6497,12219.187044323493
00bbac68_6498,12219.181395338934
00bbac68_6499,12219.172761735235
00bbac68_6500,12219.17836572614
00bbac68_6501,12219.176505880376
00bbac68_6502,12219.176743736636
00bbac68_6503,12219.226048136476
00bbac68_6504,12219.204446087953
00bbac68_6505,12219.190778228272
00bbac68_6506,12219.236016542298
00bbac68_6507,12219.20629834387
00bbac68_6508,12219.218631460753
00bbac68_6509,12219.230178368527
00bbac68_6510,12219.207049678158
00bbac68_6511,12219.25604394311
00bbac68_6512,12219.216784805354
00bbac68_6513,12219.222241167474
00bbac68_6514,12219.27577873687
00bbac68_6515,12219.226161551629
00bbac68_6516,12219.221957955862
00bbac68_6517,12219.23409080114
00bbac68_6518,12219.230754667531
00bbac68_6519,12219.217462174061
00bbac68_6520,12219.253379275318
00bbac68_6521,12219.242766988147
00bbac68_6522,12219.235837409717
00bbac68_6523,12219.234641321274
00bbac68_6524,12219.276432674851
00bbac68_6525,12219.300317457992
00bbac68_6526,12219.30088032646
00bbac68_6527,12219.238446902815
00bbac68_6528,12219.246234426435
00bbac68_6529,12219.279818077373
00bbac68_6530,12219.263886576335
00bbac68_6531,12219.25887388328
00bbac68_6532,12219.24693408146
00bbac68_6533,12219.279631959695
00bbac68_6534,12219.260676929604
00bbac68_6535,12219.267500860695
00bbac68_6536,12219.26162184989
00bbac68_6537,12219.279094508398
00bbac68_6538,12219.279743207555
00bbac68_6539,12219.282032989475
00bbac68_6540,12219.287998613681
00bbac68_6541,12219.307295460421
00bbac68_6542,12219.284958701204
00bbac68_6543,12219.287298837127
00bbac68_6544,12219.283328700836
00bbac68_6545,12219.285018812347
00bbac68_6546,12219.297188278715
00bbac68_6547,12219.306175143156
00bbac68_6548,12219.304203145291
00bbac68_6549,12219.293304755825
00bbac68_6550,12219.299039209376
00bbac68_6551,12219.300681255701
00bbac68_6552,12219.29691711306
00bbac68_6553,12219.283923310386
00bbac68_6554,12219.340274981956
00bbac68_6555,12219.31465834603
00bbac68_6556,12219.297345543111
00bbac68_6557,12219.302181635456
00bbac68_6558,12219.301934262226
00bbac68_6559,12219.308643752398
00bbac68_6560,12219.292939988787
00bbac68_6561,12219.369314243364
00bbac68_6562,12219.402128851334
00bbac68_6563,12219.373157952103
00bbac68_6564,12219.350030406142
00bbac68_6565,12219.352000897901
00bbac68_6566,12219.364442733655
00bbac68_6567,12219.35135280061
00bbac68_6568,12219.345458912487
00bbac68_6569,12219.353411231028
00bbac68_6570,12219.354209847788
00bbac68_6571,12219.371194987985
00bbac68_6572,12219.365444151008
00bbac68_6573,12219.370169235664
00bbac68_6574,12219.381262957404
00bbac68_6575,12219.384352681342
00bbac68_6576,12219.384294135625
00bbac68_6577,12219.418404214786
00bbac68_6578,12219.404089763919
00bbac68_6579,12219.396303023012
00bbac68_6580,12219.450987290407
00bbac68_6581,12219.415083560365
00bbac68_6582,12219.412640065919
00bbac68_6583,12219.44266002667
00bbac68_6584,12219.398335733884
00bbac68_6585,12219.406864834653
00bbac68_6586,12219.40537921069
00bbac68_6587,12219.43773491058
00bbac68_6588,12219.444359714473
00bbac68_6589,12219.428554098444
00bbac68_6590,12219.451856377313
00bbac68_6591,12219.439470255913
00bbac68_6592,12219.46269128173
00bbac68_6593,12219.484773620414
00bbac68_6594,12219.458446306387
00bbac68_6595,12219.465240482838
00bbac68_6596,12219.48466092577
00bbac68_6597,12219.484585213915
00bbac68_6598,12219.477736888537
00bbac68_6599,12219.46972698784
00bbac68_6600,12219.47758432042
00bbac68_6601,12219.471040407883
00bbac68_6602,12219.47827518187
00bbac68_6603,12219.474381720991
00bbac68_6604,12219.50789556297
00bbac68_6605,12219.48104296513
00bbac68_6606,12219.470818632672
00bbac68_6607,12219.524343613566
00bbac68_6608,12219.502782763773
00bbac68_6609,12219.495418309854
00bbac68_6610,12219.476755104104
00bbac68_6611,12219.484914560706
00bbac68_6612,12219.501452236915
00bbac68_6613,12219.54194468607
00bbac68_6614,12219.50260772849
00bbac68_6615,12219.498077976108
00bbac68_6616,12219.498962423557
00bbac68_6617,12219.495939858065
00bbac68_6618,12219.494727747897
00bbac68_6619,12219.496291974396
00bbac68_6620,12219.494543136321
00bbac68_6621,12219.479165529327
00bbac68_6622,12219.547770389983
00bbac68_6623,12219.555568213285
00bbac68_6624,12219.512604623013
00bbac68_6625,12219.518126216457
00bbac68_6626,12219.51744167892
00bbac68_6627,12219.524730240137
00bbac68_6628,12219.499591967247
00bbac68_6629,12219.506644780175
00bbac68_6630,12219.52149788607
00bbac68_6631,12219.531784799337
00bbac68_6632,12219.526350963704
00bbac68_6633,12219.527494047628
00bbac68_6634,12219.547773941853
00bbac68_6635,12219.570907992573
00bbac68_6636,12219.527767018877
00bbac68_6637,12219.524743308977
00bbac68_6638,12219.538910913774
00bbac68_6639,12219.579587612809
00bbac68_6640,12219.595080443434
00bbac68_6641,12219.553660661146
00bbac68_6642,12219.550678149975
00bbac68_6643,12219.553320409925
00bbac68_6644,12219.533122551464
00bbac68_6645,12219.540547297374
00bbac68_6646,12219.578057416209
00bbac68_6647,12219.551513808847
00bbac68_6648,12219.54385409736
00bbac68_6649,12219.588364567146
00bbac68_6650,12219.5820689914
00bbac68_6651,12219.557597909063
00bbac68_6652,12219.581479258977
00bbac68_6653,12219.571536451176
00bbac68_6654,12219.582195297427
00bbac68_6655,12219.572237612307
00bbac68_6656,12219.566463887148
00bbac68_6657,12219.588540503784
00bbac68_6658,12219.56515432135
00bbac68_6659,12219.578047054321
00bbac68_6660,12219.599322584532
00bbac68_6661,12219.58507222058
00bbac68_6662,12219.604387377865
00bbac68_6663,12219.614282903194
00bbac68_6664,12219.570480460994
00bbac68_6665,12219.597555856928
00bbac68_6666,12219.566812267876
00bbac68_6667,12219.613118315667
00bbac68_6668,12219.602954636894
00bbac68_6669,12219.594359943107
00bbac68_6670,12219.6114194699
00bbac68_6671,12219.593050377309
00bbac68_6672,12219.60352955132
00bbac68_6673,12219.588907254383
00bbac68_6674,12219.635142348803
00bbac68_6675,12219.651170762925
00bbac68_6676,12219.606658787034
00bbac68_6677,12219.618137030258
00bbac68_6678,12219.621825280195
00bbac68_6679,12219.612984538435
00bbac68_6680,12219.620725141278
00bbac68_6681,12219.593813034162
00bbac68_6682,12219.606548983074
00bbac68_6683,12219.635186497539
00bbac68_6684,12219.62611801835
00bbac68_6685,12219.632180917337
00bbac68_6686,12219.64208559794
00bbac68_6687,12219.669979246437
00bbac68_6688,12219.673358505897
00bbac68_6689,12219.679597643895
00bbac68_6690,12219.659352864659
00bbac68_6691,12219.658318137914
00bbac68_6692,12219.65380555167
00bbac68_6693,12219.664443798556
00bbac68_6694,12219.654888945466
00bbac68_6695,12219.670504227875
00bbac68_6696,12219.657259799591
00bbac68_6697,12219.669123708709
00bbac68_6698,12219.66336486087
00bbac68_6699,12219.676555140226
00bbac68_6700,12219.673511975368
00bbac68_6701,12219.671243575527
00bbac68_6702,12219.6804341448
00bbac68_6703,12219.660999607264
00bbac68_6704,12219.688291296534
00bbac68_6705,12219.691665978356
00bbac68_6706,12219.69773231057
00bbac68_6707,12219.673620572716
00bbac68_6708,12219.686880661033
00bbac68_6709,12219.685538088215
00bbac68_6710,12219.674280354267
00bbac68_6711,12219.679312140583
00bbac68_6712,12219.697059457294
00bbac68_6713,12219.686190822466
00bbac68_6714,12219.705839002823
00bbac68_6715,12219.69384999141
00bbac68_6716,12219.674062975844
00bbac68_6717,12219.714216679884
00bbac68_6718,12219.713209418958
00bbac68_6719,12219.722770776807
00bbac68_6720,12219.751617718151
00bbac68_6721,12219.72457171516
00bbac68_6722,12219.71691429249
00bbac68_6723,12219.721753818063
00bbac68_6724,12219.709286443613
00bbac68_6725,12219.726737358345
00bbac68_6726,12219.726137507087
00bbac68_6727,12219.721630642889
00bbac68_6728,12219.714146026006
00bbac68_6729,12219.755391496403
00bbac68_6730,12219.744021610355
00bbac68_6731,12219.722363485782
00bbac68_6732,12219.730686592897
00bbac68_6733,12219.728681407167
00bbac68_6734,12219.726954312866
00bbac68_6735,12219.757511001526
00bbac68_6736,12219.751065508177
00bbac68_6737,12219.7440054671
00bbac68_6738,12219.747694861448
00bbac68_6739,12219.770372292904
00bbac68_6740,12219.731644161006
00bbac68_6741,12219.75380889715
00bbac68_6742,12219.743457535273
00bbac68_6743,12219.744766558526
00bbac68_6744,12219.779514073602
00bbac68_6745,12219.792678031547
00bbac68_6746,12219.759618158316
00bbac68_6747,12219.777676754324
00bbac68_6748,12219.773910322865
00bbac68_6749,12219.771440507007
00bbac68_6750,12219.773147784656
00bbac68_6751,12219.771900197802
00bbac68_6752,12219.806918937851
00bbac68_6753,12219.773339502854
00bbac68_6754,12219.788311627304
00bbac68_6755,12219.787631667403
00bbac68_6756,12219.796758149763
00bbac68_6757,12219.796152576459
00bbac68_6758,12219.795075506572
00bbac68_6759,12219.798696236368
00bbac68_6760,12219.795244517436
00bbac68_6761,12219.831993604166
00bbac68_6762,12219.807850967263
00bbac68_6763,12219.80537542936
00bbac68_6764,12219.794179493507
00bbac68_6765,12219.792230383826
00bbac68_6766,12219.788296868628
00bbac68_6767,12219.790257060704
00bbac68_6768,12219.790520093968
00bbac68_6769,12219.810493286532
00bbac68_6770,12219.818897646699
00bbac68_6771,12219.834376744417
00bbac68_6772,12219.824043693085
00bbac68_6773,12219.823592615021
00bbac68_6774,12219.819781551603
00bbac68_6775,12219.81736208975
00bbac68_6776,12219.80927322482
00bbac68_6777,12219.817998019558
00bbac68_6778,12219.868190480922
00bbac68_6779,12219.868604576197
00bbac68_6780,12219.867678568324
00bbac68_6781,12219.858375485253
00bbac68_6782,12219.851946013634
00bbac68_6783,12219.895851090965
00bbac68_6784,12219.948126377036
00bbac68_6785,12219.950086569112
00bbac68_6786,12220.00051134554
00bbac68_6787,12219.969890208271
00bbac68_6788,12219.967893033405
00bbac68_6789,12219.994098678362
00bbac68_6790,12219.994782854203
00bbac68_6791,12219.967260776993
00bbac68_6792,12219.979520651686
00bbac68_6793,12219.97670064662
00bbac68_6794,12219.977522151563
00bbac68_6795,12219.97273032948
00bbac68_6796,12219.974690521558
00bbac68_6797,12219.974106692029
00bbac68_6798,12220.016541203562
00bbac68_6799,12219.996981925424
00bbac68_6800,12219.995290307808
00bbac68_6801,12220.035105266732
00bbac68_6802,12220.008246946845
00bbac68_6803,12220.001131974128
00bbac68_6804,12220.000034304876
00bbac68_6805,12220.001568776737
00bbac68_6806,12219.999397651676
00bbac68_6807,12219.992869760867
00bbac68_6808,12220.010547268617
00bbac68_6809,12220.004884551148
00bbac68_6810,12220.009096940492
00bbac68_6811,12220.008547443238
00bbac68_6812,12220.017093710143
00bbac68_6813,12220.005639137817
00bbac68_6814,12220.0355755567
00bbac68_6815,12220.024355588253
00bbac68_6816,12220.01341256683
00bbac68_6817,12220.01380491833
00bbac68_6818,12220.016363636409
00bbac68_6819,12220.049827124383
00bbac68_6820,12220.04740651812
00bbac68_6821,12220.057478282462
00bbac68_6822,12220.05020309246
00bbac68_6823,12220.038652389761
00bbac68_6824,12220.038355806935
00bbac68_6825,12220.093131627063
00bbac68_6826,12220.064444541309
00bbac68_6827,12220.061317834581
00bbac68_6828,12220.107701702196
00bbac68_6829,12220.07739642186
00bbac68_6830,12220.06508125383
00bbac68_6831,12220.075855685409
00bbac68_6832,12220.06716486125
00bbac68_6833,12220.067014762799
00bbac68_6834,12220.076386148725
00bbac68_6835,12220.08169602647
00bbac68_6836,12220.075343230266
00bbac68_6837,12220.067046082864
00bbac68_6838,12220.117642520669
00bbac68_6839,12220.103059133644
00bbac68_6840,12220.138676399696
00bbac68_6841,12220.145950083594
00bbac68_6842,12220.190608182165
00bbac68_6843,12220.157991195287
00bbac68_6844,12220.142805849033
00bbac68_6845,12220.154661747287
00bbac68_6846,12220.15361443204
00bbac68_6847,12220.15812322336
00bbac68_6848,12220.154385402131
00bbac68_6849,12220.159993970672
00bbac68_6850,12220.146974990996
00bbac68_6851,12220.173633821989
00bbac68_6852,12220.196530980009
00bbac68_6853,12220.196526221524
00bbac68_6854,12220.166104211452
00bbac68_6855,12220.15685949325
00bbac68_6856,12220.133501921046
00bbac68_6857,12220.184866257408
00bbac68_6858,12220.17419674978
00bbac68_6859,12220.184792653527
00bbac68_6860,12220.171076728659
00bbac68_6861,12220.17605701656
00bbac68_6862,12220.166102764668
00bbac68_6863,12220.18489378255
00bbac68_6864,12220.186926072405
00bbac68_6865,12220.202424625078
00bbac68_6866,12220.191074193986
00bbac68_6867,12220.203347801591
00bbac68_6868,12220.206348261612
00bbac68_6869,12220.200139660965
00bbac68_6870,12220.23365693617
00bbac68_6871,12220.20150572383
00bbac68_6872,12220.212184025037
00bbac68_6873,12220.216284262278
00bbac68_6874,12220.21158513734
00bbac68_6875,12220.211606700266
00bbac68_6876,12220.21528693934
00bbac68_6877,12220.220846298287
00bbac68_6878,12220.218994463386
00bbac68_6879,12220.213945149237
00bbac68_6880,12220.236740454839
00bbac68_6881,12220.237694711248
00bbac68_6882,12220.227574520024
00bbac68_6883,12220.226423063541
00bbac68_6884,12220.24025192322
00bbac68_6885,12220.243602572451
00bbac68_6886,12220.2357105459
00bbac68_6887,12220.232548362488
00bbac68_6888,12220.236130182373
00bbac68_6889,12220.230286648253
00bbac68_6890,12220.236930907102
00bbac68_6891,12220.275030396664
00bbac68_6892,12220.260806354123
00bbac68_6893,12220.267935842463
00bbac68_6894,12220.266084007562
00bbac68_6895,12220.255134119683
00bbac68_6896,12220.262094235466
00bbac68_6897,12220.266707168023
00bbac68_6898,12220.26198286608
00bbac68_6899,12220.265564685964
00bbac68_6900,12220.267524878042
00bbac68_6901,12220.266638924488
00bbac68_6902,12220.314066493274
00bbac68_6903,12220.352576825731
00bbac68_6904,12220.344652755724
00bbac68_6905,12220.341767519334
00bbac68_6906,12220.330073765488
00bbac68_6907,12220.342632330978
00bbac68_6908,12220.335549401716
00bbac68_6909,12220.340790614911
00bbac68_6910,12220.331146497907
00bbac68_6911,12220.366221314007
00bbac68_6912,12220.348494234966
00bbac68_6913,12220.405638982096
00bbac68_6914,12220.405094062478
00bbac68_6915,12220.398639413857
00bbac68_6916,12220.418218929664
00bbac68_6917,12220.371846144446
00bbac68_6918,12220.42768855393
00bbac68_6919,12220.420536960119
00bbac68_6920,12220.412207769261
00bbac68_6921,12220.419790443637
00bbac68_6922,12220.457782358737
00bbac68_6923,12220.463907055819
00bbac68_6924,12220.624658599214
00bbac68_6925,12220.593057847687
00bbac68_6926,12220.62214511496
00bbac68_6927,12220.625094076568
00bbac68_6928,12220.616311699674
00bbac68_6929,12220.630035273709
00bbac68_6930,12220.631498792201
00bbac68_6931,12220.627521789454
00bbac68_6932,12220.613153551356
00bbac68_6933,12220.598593052515
00bbac68_6934,12220.604678839683
00bbac68_6935,12220.60016739785
00bbac68_6936,12220.638971843468
00bbac68_6937,12220.621060514548
00bbac68_6938,12220.645005951375
00bbac68_6939,12220.644160052143
00bbac68_6940,12220.616996175006
00bbac68_6941,12220.590773002215
00bbac68_6942,12220.644882776201
00bbac68_6943,12220.650601208024
00bbac68_6944,12220.641983626054
00bbac68_6945,12220.65647280983
00bbac68_6946,12220.655502169997
00bbac68_6947,12220.673535589001
00bbac68_6948,12220.658345665113
00bbac68_6949,12220.675597452648
00bbac68_6950,12220.688562283398
00bbac68_6951,12220.633750624887
00bbac68_6952,12220.651153474435
00bbac68_6953,12220.643190494515
00bbac68_6954,12220.67100517878
00bbac68_6955,12220.653295265876
00bbac68_6956,12220.661984583929
00bbac68_6957,12220.685564954229
00bbac68_6958,12220.67794758588
00bbac68_6959,12220.670205476932
00bbac68_6960,12220.681097782657
00bbac68_6961,12220.67484455005
00bbac68_6962,12220.678511056214
00bbac68_6963,12220.67926046338
00bbac68_6964,12220.690568189635
00bbac68_6965,12220.685252228148
00bbac68_6966,12220.706524325133
00bbac68_6967,12220.705214940182
00bbac68_6968,12220.692112418637
00bbac68_6969,12220.696918756343
00bbac68_6970,12220.681742565363
00bbac68_6971,12220.70809126147
00bbac68_6972,12220.709100449518
00bbac68_6973,12220.707167361565
00bbac68_6974,12220.719471868217
00bbac68_6975,12220.704343742422
00bbac68_6976,12220.699402002736
00bbac68_6977,12220.729982723988
00bbac68_6978,12220.729877257496
00bbac68_6979,12220.728948960803
00bbac68_6980,12220.730760379687
00bbac68_6981,12220.72415810228
00bbac68_6982,12220.723078743576
00bbac68_6983,12220.734245707505
00bbac68_6984,12220.73620589958
00bbac68_6985,12220.727358291364
00bbac68_6986,12220.723152406781
00bbac68_6987,12220.727200001202
00bbac68_6988,12220.746143225506
00bbac68_6989,12220.755996407694
00bbac68_6990,12220.765397548257
00bbac68_6991,12220.76617785447
00bbac68_6992,12220.754464645668
00bbac68_6993,12220.772253161109
00bbac68_6994,12220.774213353186
00bbac68_6995,12220.778948737523
00bbac68_6996,12220.768890344396
00bbac68_6997,12220.77400681699
00bbac68_6998,12220.771089537142
00bbac68_6999,12220.784811966769
00bbac68_7000,12220.787920001252
00bbac68_7001,12220.790709889985
00bbac68_7002,12220.788743614166
00bbac68_7003,12220.782583078704
00bbac68_7004,12220.785372967435
00bbac68_7005,12220.785977034635
00bbac68_7006,12220.789873567044
00bbac68_7007,12220.787629199795
00bbac68_7008,12220.801404272243
00bbac68_7009,12220.809421822107
00bbac68_7010,12220.825810725122
00bbac68_7011,12220.8002570317
00bbac68_7012,12220.803532149925
00bbac68_7013,12220.795898759849
00bbac68_7014,12220.80117316091
00bbac68_7015,12220.806259878866
00bbac68_7016,12220.827329415424
00bbac68_7017,12220.817756251789
00bbac68_7018,12220.808723249285
00bbac68_7019,12220.823550033769
00bbac68_7020,12220.80953198488
00bbac68_7021,12220.800201435988
00bbac68_7022,12220.822148734389
00bbac68_7023,12220.796232263257
00bbac68_7024,12220.81121468739
00bbac68_7025,12220.822418272412
00bbac68_7026,12220.809676239758
00bbac68_7027,12220.840345080516
00bbac68_7028,12220.811038869393
00bbac68_7029,12220.811748222237
00bbac68_7030,12220.80990668702
00bbac68_7031,12220.815486645331
00bbac68_7032,12220.840681776983
00bbac68_7033,12220.851282258367
00bbac68_7034,12220.852244525639
00bbac68_7035,12220.857760397037
00bbac68_7036,12220.86055028577
00bbac68_7037,12220.867759882754
00bbac68_7038,12220.891090771853
00bbac68_7039,12220.876721389344
00bbac68_7040,12220.88102533142
00bbac68_7041,12220.880946186338
00bbac68_7042,12220.860952032714
00bbac68_7043,12220.884866570494
00bbac68_7044,12220.886887416256
00bbac68_7045,12220.902686948542
00bbac68_7046,12220.90979469311
00bbac68_7047,12220.872209825982
00bbac68_7048,12220.890057850702
00bbac68_7049,12220.898795233941
00bbac68_7050,12220.897741052238
00bbac68_7051,12220.909679347953
00bbac68_7052,12220.907127134633
00bbac68_7053,12220.889188339894
00bbac68_7054,12220.888198245106
00bbac68_7055,12220.879213307788
00bbac68_7056,12220.892111762805
00bbac68_7057,12220.890855020678
00bbac68_7058,12220.890573315171
00bbac68_7059,12220.891011443038
00bbac68_7060,12220.912166810287
00bbac68_7061,12220.905540500287
00bbac68_7062,12220.925339742658
00bbac68_7063,12220.931054741253
00bbac68_7064,12220.93453470872
00bbac68_7065,12220.992719723796
00bbac68_7066,12221.000784194437
00bbac68_7067,12221.017585084755
00bbac68_7068,12220.997738559914
00bbac68_7069,12221.015145987098
00bbac68_7070,12221.00489075559
00bbac68_7071,12221.007108439733
00bbac68_7072,12221.022745465916
00bbac68_7073,12221.004470214879
00bbac68_7074,12220.983777971653
00bbac68_7075,12221.016867237826
00bbac68_7076,12220.988224784029
00bbac68_7077,12221.005026818757
00bbac68_7078,12220.996505367157
00bbac68_7079,12221.023031446684
00bbac68_7080,12221.021933777434
00bbac68_7081,12221.026088946317
00bbac68_7082,12221.053352025356
00bbac68_7083,12221.081230796535
00bbac68_7084,12221.08196647079
00bbac68_7085,12221.07546719021
00bbac68_7086,12221.07933396798
00bbac68_7087,12221.064316849877
00bbac68_7088,12221.058111682456
00bbac68_7089,12221.067787481223
00bbac68_7090,12221.065524803427
00bbac68_7091,12221.064218851705
00bbac68_7092,12221.071676785481
00bbac68_7093,12221.058291594867
00bbac68_7094,12221.054727723833
00bbac68_7095,12221.082342136491
00bbac68_7096,12221.082663534624
00bbac68_7097,12221.094749459122
00bbac68_7098,12221.087802714554
00bbac68_7099,12221.081176404554
00bbac68_7100,12221.065525283766
00bbac68_7101,12221.085824632946
00bbac68_7102,12221.077442799266
00bbac68_7103,12221.083087988902
00bbac68_7104,12221.089853555124
00bbac68_7105,12221.107190028939
00bbac68_7106,12221.109538175728
00bbac68_7107,12221.105656158943
00bbac68_7108,12221.113703463447
00bbac68_7109,12221.103201039557
00bbac68_7110,12221.11030077326
00bbac68_7111,12221.112191156377
00bbac68_7112,12221.113182033878
00bbac68_7113,12221.11885926697
00bbac68_7114,12221.105420289125
00bbac68_7115,12221.124673648315
00bbac68_7116,12221.106816106629
00bbac68_7117,12221.115135780517
00bbac68_7118,12221.168162943419
00bbac68_7119,12221.192177044797
00bbac68_7120,12221.139542052548
00bbac68_7121,12221.159874589595
00bbac68_7122,12221.170785205866
00bbac68_7123,12221.138545874019
00bbac68_7124,12221.128460015068
00bbac68_7125,12221.166368388298
00bbac68_7126,12221.16709490728
00bbac68_7127,12221.157803268303
00bbac68_7128,12221.150453691702
00bbac68_7129,12221.143442860219
00bbac68_7130,12221.164290381397
00bbac68_7131,12221.207291375476
00bbac68_7132,12221.20466820879
00bbac68_7133,12221.19521063048
00bbac68_7134,12221.18127726787
00bbac68_7135,12221.21915588646
00bbac68_7136,12221.22335797612
00bbac68_7137,12221.214398215803
00bbac68_7138,12221.250861200238
00bbac68_7139,12221.24083027293
00bbac68_7140,12221.219514326702
00bbac68_7141,12221.22918669224
00bbac68_7142,12221.236886096354
00bbac68_7143,12221.23884628843
00bbac68_7144,12221.236223121743
00bbac68_7145,12221.233551889869
00bbac68_7146,12221.233043591346
00bbac68_7147,12221.230349471289
00bbac68_7148,12221.213374269078
00bbac68_7149,12221.238246677342
00bbac68_7150,12221.254119451816
00bbac68_7151,12221.26251465671
00bbac68_7152,12221.261587504427
00bbac68_7153,12221.257808484468
00bbac68_7154,12221.26839523294
00bbac68_7155,12221.257714281219
00bbac68_7156,12221.265298100005
00bbac68_7157,12221.26054976547
00bbac68_7158,12221.244305840726
00bbac68_7159,12221.271164943326
00bbac68_7160,12221.249933683375
00bbac68_7161,12221.24280040011
00bbac68_7162,12221.232641298975
00bbac68_7163,12221.254715626794
00bbac68_7164,12221.26206026406
00bbac68_7165,12221.319942010703
00bbac68_7166,12221.35721180361
00bbac68_7167,12221.31366113143
00bbac68_7168,12221.31645102016
00bbac68_7169,12221.322071032795
00bbac68_7170,12221.338209310199
00bbac68_7171,12221.349435783402
00bbac68_7172,12221.351002298723
00bbac68_7173,12221.349184796098
00bbac68_7174,12221.351682860488
00bbac68_7175,12221.334237306106
00bbac68_7176,12221.326354434826
00bbac68_7177,12221.336265981885
00bbac68_7178,12221.328472374524
00bbac68_7179,12221.325778254466
00bbac68_7180,12221.356366986582
00bbac68_7181,12221.32969863862
00bbac68_7182,12221.368531694467
00bbac68_7183,12221.350329685616
00bbac68_7184,12221.345758734504
00bbac68_7185,12221.36958171955
00bbac68_7186,12221.367224055792
00bbac68_7187,12221.353524152653
00bbac68_7188,12221.339390518437
00bbac68_7189,12221.350635302188
00bbac68_7190,12221.370709202762
00bbac68_7191,12221.383551581726
00bbac68_7192,12221.392773050049
00bbac68_7193,12221.340450481506
00bbac68_7194,12221.369253935301
00bbac68_7195,12221.390235352354
00bbac68_7196,12221.399964938351
00bbac68_7197,12221.343934484066
00bbac68_7198,12221.339253669674
00bbac68_7199,12221.38592821722
00bbac68_7200,12221.394609524408
00bbac68_7201,12221.400865828546
00bbac68_7202,12221.396047685052
00bbac68_7203,12221.398345477835
00bbac68_7204,12221.388946264395
00bbac68_7205,12221.404621056081
00bbac68_7206,12221.41117032897
00bbac68_7207,12221.416202115284
00bbac68_7208,12221.424502334216
00bbac68_7209,12221.416904420825
00bbac68_7210,12221.429200916613
00bbac68_7211,12221.429785528855
00bbac68_7212,12221.450829888412
00bbac68_7213,12221.432366954268
00bbac68_7214,12221.423789426619
00bbac68_7215,12221.410351593182
00bbac68_7216,12221.43390564207
00bbac68_7217,12221.42785496989
00bbac68_7218,12221.442738974833
00bbac68_7219,12221.457150338785
00bbac68_7220,12221.4508124199
00bbac68_7221,12221.452772611978
00bbac68_7222,12221.451117615456
00bbac68_7223,12221.4492589141
00bbac68_7224,12221.452271962622
00bbac68_7225,12221.50817731461
00bbac68_7226,12221.50693659421
00bbac68_7227,12221.50023017557
00bbac68_7228,12221.498614088961
00bbac68_7229,12221.48596475345
00bbac68_7230,12221.513055026702
00bbac68_7231,12221.511064718292
00bbac68_7232,12221.511635597624
00bbac68_7233,12221.519537562162
00bbac68_7234,12221.504264096402
00bbac68_7235,12221.50424102737
00bbac68_7236,12221.502802324183
00bbac68_7237,12221.522219333889
00bbac68_7238,12221.517230673426
00bbac68_7239,12221.495985680565
00bbac68_7240,12221.503364650109
00bbac68_7241,12221.541120816917
00bbac68_7242,12221.565233337486
00bbac68_7243,12221.54314262624
00bbac68_7244,12221.538931019611
00bbac68_7245,12221.520683234394
00bbac68_7246,12221.535975793415
00bbac68_7247,12221.535266078874
00bbac68_7248,12221.553241133013
00bbac68_7249,12221.513969406755
00bbac68_7250,12221.51920947554
00bbac68_7251,12221.525745015517
00bbac68_7252,12221.527705207594
00bbac68_7253,12221.51770975697
00bbac68_7254,12221.581470333569
00bbac68_7255,12221.589169737683
00bbac68_7256,12221.588276917673
00bbac68_7257,12221.574985568614
00bbac68_7258,12221.575248601876
00bbac68_7259,12221.596978462532
00bbac68_7260,12221.58691205854
00bbac68_7261,12221.558670147955
00bbac68_7262,12221.599306792668
00bbac68_7263,12221.607837037845
00bbac68_7264,12221.594087925114
00bbac68_7265,12221.603977728397
00bbac68_7266,12221.641778527162
00bbac68_7267,12221.601473399416
00bbac68_7268,12221.623981458313
00bbac68_7269,12221.609375183105
00bbac68_7270,12221.60777969586
00bbac68_7271,12221.614961827025
00bbac68_7272,12221.623715231992
00bbac68_7273,12221.600820001095
00bbac68_7274,12221.607592433773
00bbac68_7275,12221.692219022945
00bbac68_7276,12221.640824570246
00bbac68_7277,12221.619430804192
00bbac68_7278,12221.60530518084
00bbac68_7279,12221.648624320671
00bbac68_7280,12221.652992349662
00bbac68_7281,12221.673479381949
00bbac68_7282,12221.704221464894
00bbac68_7283,12221.690047776356
00bbac68_7284,12221.660712955005
00bbac68_7285,12221.666227681993
00bbac68_7286,12221.67587601494
00bbac68_7287,12221.703422907456
00bbac68_7288,12221.664598645188
00bbac68_7289,12221.656523513167
00bbac68_7290,12221.637906083784
00bbac68_7291,12221.673658390118
00bbac68_7292,12221.671165686077
00bbac68_7293,12221.658008232891
00bbac68_7294,12221.67091698759
00bbac68_7295,12221.736072598978
00bbac68_7296,12221.763055297768
00bbac68_7297,12221.783958894997
00bbac68_7298,12221.756577580116
00bbac68_7299,12221.736728766455
00bbac68_7300,12221.74737044657
00bbac68_7301,12221.732678340672
00bbac68_7302,12221.712338575475
00bbac68_7303,12221.710666412815
00bbac68_7304,12221.756745867586
00bbac68_7305,12221.756013264863
00bbac68_7306,12221.733487678131
00bbac68_7307,12221.739473901704
00bbac68_7308,12221.747791286773
00bbac68_7309,12221.742213255584
00bbac68_7310,12221.734770981839
00bbac68_7311,12221.748465945646
00bbac68_7312,12221.739466131008
00bbac68_7313,12221.723993538051
00bbac68_7314,12221.740065439722
00bbac68_7315,12221.76878191842
00bbac68_7316,12221.77869117666
00bbac68_7317,12221.740638246178
00bbac68_7318,12221.763150882713
00bbac68_7319,12221.785988531454
00bbac68_7320,12221.769207878804
00bbac68_7321,12221.787293940632
00bbac68_7322,12221.781179181537
00bbac68_7323,12221.788264037921
00bbac68_7324,12221.743413316912
00bbac68_7325,12221.76211163765
00bbac68_7326,12221.77369402211
00bbac68_7327,12221.79036902742
00bbac68_7328,12221.775291255628
00bbac68_7329,12221.7785720959
00bbac68_7330,12221.83278601112
00bbac68_7331,12221.83090442158
00bbac68_7332,12221.815778584605
00bbac68_7333,12221.809136252878
00bbac68_7334,12221.797689691415
00bbac68_7335,12221.807346035224
00bbac68_7336,12221.796955763435
00bbac68_7337,12221.777423951116
00bbac68_7338,12221.79530974134
00bbac68_7339,12221.79485065241
00bbac68_7340,12221.78769791419
00bbac68_7341,12221.80068792194
00bbac68_7342,12221.798831509403
00bbac68_7343,12221.793773039979
00bbac68_7344,12221.820801515138
00bbac68_7345,12221.822761707215
00bbac68_7346,12221.886647024414
00bbac68_7347,12221.863294029845
00bbac68_7348,12221.851278697019
00bbac68_7349,12221.863742276548
00bbac68_7350,12221.895977813472
00bbac68_7351,12221.884004823787
00bbac68_7352,12221.873565342401
00bbac68_7353,12221.903379309502
00bbac68_7354,12221.91306769677
00bbac68_7355,12221.89392956121
00bbac68_7356,12221.931490034049
00bbac68_7357,12221.900776199636
00bbac68_7358,12221.882027163198
00bbac68_7359,12221.877118611377
00bbac68_7360,12221.92524999181
00bbac68_7361,12221.879682870655
00bbac68_7362,12221.90023856749
00bbac68_7363,12221.910123793137
00bbac68_7364,12221.897786881333
00bbac68_7365,12221.903941333054
00bbac68_7366,12221.8976572014
00bbac68_7367,12221.897850425703
00bbac68_7368,12221.93546926341
00bbac68_7369,12221.905947903362
00bbac68_7370,12221.90415443333
00bbac68_7371,12221.929080628825
00bbac68_7372,12221.942098102396
00bbac68_7373,12221.963363332925
00bbac68_7374,12221.93254077964
00bbac68_7375,12221.937276163977
00bbac68_7376,12221.938020993506
00bbac68_7377,12221.906863128332
00bbac68_7378,12221.908481142063
00bbac68_7379,12221.920266086949
00bbac68_7380,12221.91826891208
00bbac68_7381,12221.945922234652
00bbac68_7382,12221.953958095062
00bbac68_7383,12221.955605863433
00bbac68_7384,12221.975880035614
00bbac68_7385,12221.957912630645
00bbac68_7386,12221.97549973007
00bbac68_7387,12221.966763129543
00bbac68_7388,12221.972387719814
00bbac68_7389,12221.950014339503
00bbac68_7390,12221.991739317347
00bbac68_7391,12221.965319306177
00bbac68_7392,12221.942244403039
00bbac68_7393,12221.977956655051
00bbac68_7394,12222.004855811972
00bbac68_7395,12221.996446512472
00bbac68_7396,12221.991101940755
00bbac68_7397,12221.989709013935
00bbac68_7398,12222.054909257282
00bbac68_7399,12222.015749683123
00bbac68_7400,12222.00956282625
00bbac68_7401,12222.003493843522
00bbac68_7402,12221.993490382034
00bbac68_7403,12222.009050732802
00bbac68_7404,12222.012268630568
00bbac68_7405,12222.0371994037
00bbac68_7406,12222.069082462598
00bbac68_7407,12222.026351187389
00bbac68_7408,12222.039381249462
00bbac68_7409,12222.06343654957
00bbac68_7410,12222.072187665719
00bbac68_7411,12222.072447265755
00bbac68_7412,12222.078339647775
00bbac68_7413,12222.066724858161
00bbac68_7414,12222.086826224555
00bbac68_7415,12222.095072656255
00bbac68_7416,12222.090768352482
00bbac68_7417,12222.08579228052
00bbac68_7418,12222.077128922183
00bbac68_7419,12222.07908911426
00bbac68_7420,12222.084706838075
00bbac68_7421,12222.079379432496
00bbac68_7422,12222.083824136902
00bbac68_7423,12222.131773556273
00bbac68_7424,12222.10976524249
00bbac68_7425,12222.090575608518
00bbac68_7426,12222.087571353573
00bbac68_7427,12222.133724050533
00bbac68_7428,12222.11238521612
00bbac68_7429,12222.107299280877
00bbac68_7430,12222.098288022149
00bbac68_7431,12222.063964721183
00bbac68_7432,12222.090337449881
00bbac68_7433,12222.093645755973
00bbac68_7434,12222.153170874197
00bbac68_7435,12222.162227547597
00bbac68_7436,12222.18320667583
00bbac68_7437,12222.138425763782
00bbac68_7438,12222.128432601976
00bbac68_7439,12222.140662722031
00bbac68_7440,12222.117754902634
00bbac68_7441,12222.156597113753
00bbac68_7442,12222.144214425582
00bbac68_7443,12222.106032176864
00bbac68_7444,12222.111736875775
00bbac68_7445,12222.127864853497
00bbac68_7446,12222.124369647014
00bbac68_7447,12222.138332402566
00bbac68_7448,12222.13397774479
00bbac68_7449,12222.135937936868
00bbac68_7450,12222.160012691933
00bbac68_7451,12222.124827650856
00bbac68_7452,12222.198639573278
00bbac68_7453,12222.146817111547
00bbac68_7454,12222.171711263585
00bbac68_7455,12222.191030998509
00bbac68_7456,12222.232600336703
00bbac68_7457,12222.152801648164
00bbac68_7458,12222.164784575838
00bbac68_7459,12222.177609788667
00bbac68_7460,12222.129553577544
00bbac68_7461,12222.152126867766
00bbac68_7462,12222.142419808257
00bbac68_7463,12222.168110469083
00bbac68_7464,12222.149055875394
00bbac68_7465,12222.133221649136
00bbac68_7466,12222.12769397195
00bbac68_7467,12222.182444615075
00bbac68_7468,12222.157630209984
00bbac68_7469,12222.156579461509
00bbac68_7470,12222.159914089012
00bbac68_7471,12222.158958326498
00bbac68_7472,12222.169683548482
00bbac68_7473,12222.209221560384
00bbac68_7474,12222.155549733418
00bbac68_7475,12222.218023994097
00bbac68_7476,12222.229377496722
00bbac68_7477,12222.174846218462
00bbac68_7478,12222.229021223771
00bbac68_7479,12222.209497422316
00bbac68_7480,12222.192968539686
00bbac68_7481,12222.247896566236
00bbac68_7482,12222.182622719007
00bbac68_7483,12222.198568735668
00bbac68_7484,12222.260001583996
00bbac68_7485,12222.189312392527
00bbac68_7486,12222.214362184213
00bbac68_7487,12222.270569660226
00bbac68_7488,12222.198924887092
00bbac68_7489,12222.154280159735
00bbac68_7490,12222.089012034552
00bbac68_7491,12222.244915860661
00bbac68_7492,12222.242943862797
00bbac68_7493,12222.239207185978
00bbac68_7494,12222.123871159183
00bbac68_7495,12222.168412528017
00bbac68_7496,12222.164409203859
00bbac68_7497,12222.19395766803
00bbac68_7498,12222.10028072937
00bbac68_7499,12222.215876175353
00bbac68_7500,12222.161490237058
00bbac68_7501,12222.296168706112
00bbac68_7502,12222.26103287463
00bbac68_7503,12222.266659753719
00bbac68_7504,12222.20068667248
00bbac68_7505,12222.218232573176
00bbac68_7506,12222.21058545019
00bbac68_7507,12222.222413882622
00bbac68_7508,12222.215673131706
00bbac68_7509,12222.199393730276
00bbac68_7510,12222.176040735707
00bbac68_7511,12222.256435299732
00bbac68_7512,12222.184317885609
00bbac68_7513,12222.27880699309
00bbac68_7514,12222.2848229713
00bbac68_7515,12222.311976187058
00bbac68_7516,12222.265137627304
00bbac68_7517,12222.309737361007
00bbac68_7518,12222.254791806625
00bbac68_7519,12222.256729110517
00bbac68_7520,12222.283027452619
00bbac68_7521,12222.23291702702
00bbac68_7522,12222.26697217454
00bbac68_7523,12222.261667657145
00bbac68_7524,12222.249928126932
00bbac68_7525,12222.218012662881
00bbac68_7526,12222.27079034458
00bbac68_7527,12222.344101015784
00bbac68_7528,12222.318073536962
00bbac68_7529,12222.279301917517
00bbac68_7530,12222.25541562827
00bbac68_7531,12222.241710003087
00bbac68_7532,12222.335907286228
00bbac68_7533,12222.28745625394
00bbac68_7534,12222.331996478364
00bbac68_7535,12222.282064580597
00bbac68_7536,12222.26065135959
00bbac68_7537,12222.262611551665
00bbac68_7538,12222.284302502409
00bbac68_7539,12222.339832488187
00bbac68_7540,12222.33836631918
00bbac68_7541,12222.362318622463
00bbac68_7542,12222.32336046432
00bbac68_7543,12222.31248152981
00bbac68_7544,12222.330240290612
00bbac68_7545,12222.312256863916
00bbac68_7546,12222.271005309776
00bbac68_7547,12222.322207140036
00bbac68_7548,12222.28245705074
00bbac68_7549,12222.27332219582
00bbac68_7550,12222.270002083942
00bbac68_7551,12222.360065761128
00bbac68_7552,12222.37267353621
00bbac68_7553,12222.332885681413
00bbac68_7554,12222.343114229814
00bbac68_7555,12222.415662724503
00bbac68_7556,12222.370421759962
00bbac68_7557,12222.338539483779
00bbac68_7558,12222.39700945674
00e12e8b_2083,11604.725185475956
00e12e8b_2084,11604.72974112751
00e12e8b_2085,11604.734791905908
00e12e8b_2086,11604.74998962406
00e12e8b_2087,11604.744795579956
00e12e8b_2088,11604.747216836866
00e12e8b_2089,11604.768146095936
00e12e8b_2090,11604.77317205496
00e12e8b_2091,11604.763752583944
00e12e8b_2092,11604.779844246597
00e12e8b_2093,11604.784595484833
00e12e8b_2094,11604.779014737715
00e12e8b_2095,11604.79390142691
00e12e8b_2096,11604.813193465598
00e12e8b_2097,11604.811446167365
00e12e8b_2098,11604.825225184704
00e12e8b_2099,11604.836248938595
00e12e8b_2100,11604.840150748058
00e12e8b_2101,11604.848040278128
00e12e8b_2102,11604.853467692315
00e12e8b_2103,11604.85736950178
00e12e8b_2104,11604.855346552928
00e12e8b_2105,11604.866085107533
00e12e8b_2106,11604.85504801414
00e12e8b_2107,11604.866405542121
00e12e8b_2108,11604.873643447394
00e12e8b_2109,11604.875465668681
00e12e8b_2110,11604.80092135812
00e12e8b_2111,11604.841140143535
00e12e8b_2112,11604.851771087915
00e12e8b_2113,11604.864377693812
00e12e8b_2114,11604.871670807886
00e12e8b_2115,11604.867437843975
00e12e8b_2116,11604.874966545409
00e12e8b_2117,11604.893905632212
00e12e8b_2118,11604.89239584359
00e12e8b_2119,11604.907574956153
00e12e8b_2120,11604.89361612354
00e12e8b_2121,11604.910110376826
00e12e8b_2122,11604.915953578115
00e12e8b_2123,11604.922465597161
00e12e8b_2124,11604.938453136461
00e12e8b_2125,11604.93366478541
00e12e8b_2126,11604.946890051759
00e12e8b_2127,11604.956902004882
00e12e8b_2128,11604.950157518797
00e12e8b_2129,11604.97152244908
00e12e8b_2130,11604.978802929949
00e12e8b_2131,11604.988951818785
00e12e8b_2132,11604.98512047097
00e12e8b_2133,11604.981204758742
00e12e8b_2134,11605.002144040332
00e12e8b_2135,11604.997614012833
00e12e8b_2136,11604.991455938105
00e12e8b_2137,11605.003654776707
00e12e8b_2138,11605.009480257533
00e12e8b_2139,11605.024311004789
00e12e8b_2140,11605.034078170578
00e12e8b_2141,11605.036310975482
00e12e8b_2142,11605.050789816914
00e12e8b_2143,11605.04554340715
00e12e8b_2144,11605.059020050125
00e12e8b_2145,11605.06735439774
00e12e8b_2146,11605.067365493152
00e12e8b_2147,11605.052179943306
00e12e8b_2148,11605.078282745473
00e12e8b_2149,11605.060886644125
00e12e8b_2150,11605.075011594901
00e12e8b_2151,11605.075661735555
00e12e8b_2152,11605.084216203122
00e12e8b_2153,11605.087036393918
00e12e8b_2154,11605.104572560236
00e12e8b_2155,11605.118182222897
00e12e8b_2156,11605.109694953624
00e12e8b_2157,11605.115869282556
00e12e8b_2158,11605.120638026676
00e12e8b_2159,11605.131101225705
00e12e8b_2160,11605.146292658548
00e12e8b_2161,11605.144582705605
00e12e8b_2162,11605.160873862025
00e12e8b_2163,11605.154610734111
00e12e8b_2164,11605.079633130566
00e12e8b_2165,11605.093130086803
00e12e8b_2166,11605.091334088596
00e12e8b_2167,11605.09817882673
00e12e8b_2168,11605.10847560363
00e12e8b_2169,11605.10332536
00e12e8b_2170,11605.11485818822
00e12e8b_2171,11605.125445251662
00e12e8b_2172,11605.151490314809
00e12e8b_2173,11605.149983333564
00e12e8b_2174,11605.16509115301
00e12e8b_2175,11605.169264250035
00e12e8b_2176,11605.178581359032
00e12e8b_2177,11605.171818106424
00e12e8b_2178,11605.16582960095
00e12e8b_2179,11605.16661522892
00e12e8b_2180,11605.1911644241
00e12e8b_2181,11605.146764235782
00e12e8b_2182,11605.162107463773
00e12e8b_2183,11605.179275487964
00e12e8b_2184,11605.176354267314
00e12e8b_2185,11605.191009061658
00e12e8b_2186,11605.191667195293
00e12e8b_2187,11605.204273157458
00e12e8b_2188,11605.208106847753
00e12e8b_2189,11605.21981312549
00e12e8b_2190,11605.22092110134
00e12e8b_2191,11605.244150703327
00e12e8b_2192,11605.243720664765
00e12e8b_2193,11605.234472023642
00e12e8b_2194,11605.242439713284
00e12e8b_2195,11605.189957367591
00e12e8b_2196,11605.198807039083
00e12e8b_2197,11605.196340005825
00e12e8b_2198,11605.21144780739
00e12e8b_2199,11605.200949095934
00e12e8b_2200,11605.215910270072
00e12e8b_2201,11605.21426191853
00e12e8b_2202,11605.235191186543
00e12e8b_2203,11605.235967480425
00e12e8b_2204,11605.253403582466
00e12e8b_2205,11605.232301455042
00e12e8b_2206,11605.258796235234
00e12e8b_2207,11605.264384519378
00e12e8b_2208,11605.276875593592
00e12e8b_2209,11605.273132472572
00e12e8b_2210,11605.29266101951
00e12e8b_2211,11605.31455309327
00e12e8b_2212,11605.312119963135
00e12e8b_2213,11605.311124210928
00e12e8b_2214,11605.318362053615
00e12e8b_2215,11605.332650315157
00e12e8b_2216,11605.331962909699
00e12e8b_2217,11605.336405747541
00e12e8b_2218,11605.338982948084
00e12e8b_2219,11605.324687230019
00e12e8b_2220,11605.342960681952
00e12e8b_2221,11605.356866925404
00e12e8b_2222,11605.357028957658
00e12e8b_2223,11605.373620092336
00e12e8b_2224,11605.37322544105
00e12e8b_2225,11605.368875532826
00e12e8b_2226,11605.384390922874
00e12e8b_2227,11605.379964875678
00e12e8b_2228,11605.397991778958
00e12e8b_2229,11605.389894252536
00e12e8b_2230,11605.408823021775
00e12e8b_2231,11605.423202478423
00e12e8b_2232,11605.425861146592
00e12e8b_2233,11605.410679584296
00e12e8b_2234,11605.426158532064
00e12e8b_2235,11605.419024169018
00e12e8b_2236,11605.44548082608
00e12e8b_2237,11605.447712808438
00e12e8b_2238,11605.447231825787
00e12e8b_2239,11605.440867864694
00e12e8b_2240,11605.45846200249
00e12e8b_2241,11605.460104113445
00e12e8b_2242,11605.475964757436
00e12e8b_2243,11605.484315502288
00e12e8b_2244,11605.49204218651
00e12e8b_2245,11605.486487179656
00e12e8b_2246,11605.494917389422
00e12e8b_2247,11605.495799183525
00e12e8b_2248,11605.506269946383
00e12e8b_2249,11605.518489080365
00e12e8b_2250,11605.513715633457
00e12e8b_2251,11605.531911408616
00e12e8b_2252,11605.529620507084
00e12e8b_2253,11605.528235190839
00e12e8b_2254,11605.56167421017
00e12e8b_2255,11605.555868649233
00e12e8b_2256,11605.55944570577
00e12e8b_2257,11605.580438202389
00e12e8b_2258,11605.562968036309
00e12e8b_2259,11605.570492410447
00e12e8b_2260,11605.585744264517
00e12e8b_2261,11605.596942406697
00e12e8b_2262,11605.603688260726
00e12e8b_2263,11605.598599493325
00e12e8b_2264,11605.61728911681
00e12e8b_2265,11605.623782986242
00e12e8b_2266,11605.62366656944
00e12e8b_2267,11605.62792562232
00e12e8b_2268,11605.649812796579
00e12e8b_2269,11605.535813683146
00e12e8b_2270,11605.533180138353
00e12e8b_2271,11605.525217795264
00e12e8b_2272,11605.549579504033
00e12e8b_2273,11605.556859975964
00e12e8b_2274,11605.558033451358
00e12e8b_2275,11605.571332657266
00e12e8b_2276,11605.573202541407
00e12e8b_2277,11605.589412015623
00e12e8b_2278,11605.595673605754
00e12e8b_2279,11605.613515293562
00e12e8b_2280,11605.607358327481
00e12e8b_2281,11605.621264678222
00e12e8b_2282,11605.628132662168
00e12e8b_2283,11605.630173134803
00e12e8b_2284,11605.63182583154
00e12e8b_2285,11605.644790941495
00e12e8b_2286,11605.651111325647
00e12e8b_2287,11605.663497364556
00e12e8b_2288,11605.670392242118
00e12e8b_2289,11605.67129377728
00e12e8b_2290,11605.676125249329
00e12e8b_2291,11605.6882698179
00e12e8b_2292,11605.689344087323
00e12e8b_2293,11605.695086401789
00e12e8b_2294,11605.715298697449
00e12e8b_2295,11605.699419903862
00e12e8b_2296,11605.727090028044
00e12e8b_2297,11605.722745376948
00e12e8b_2298,11605.733524593845
00e12e8b_2299,11605.733650148057
00e12e8b_2300,11605.738171163352
00e12e8b_2301,11605.714715880315
00e12e8b_2302,11605.715617415477
00e12e8b_2303,11605.711044740854
00e12e8b_2304,11605.704799547977
00e12e8b_2305,11605.714355892138
00e12e8b_2306,11605.723365673626
00e12e8b_2307,11605.73493217251
00e12e8b_2308,11605.735321083886
00e12e8b_2309,11605.748859757416
00e12e8b_2310,11605.753315255286
00e12e8b_2311,11605.754389524707
00e12e8b_2312,11605.772962025065
00e12e8b_2313,11605.77691723731
00e12e8b_2314,11605.78419770924
00e12e8b_2315,11605.792501247213
00e12e8b_2316,11605.77622176736
00e12e8b_2317,11605.797923726144
00e12e8b_2318,11605.798997995567
00e12e8b_2319,11605.771134877525
00e12e8b_2320,11605.775077894657
00e12e8b_2321,11605.77784424458
00e12e8b_2322,11605.790411708105
00e12e8b_2323,11605.790485012887
00e12e8b_2324,11605.806183544166
00e12e8b_2325,11605.814476174488
00e12e8b_2326,11605.8153775666
00e12e8b_2327,11605.82796638051
00e12e8b_2328,11605.835236624283
00e12e8b_2329,11605.829092675856
00e12e8b_2330,11605.844105849086
00e12e8b_2331,11605.682907939383
00e12e8b_2332,11605.855154315072
00e12e8b_2333,11605.846748012747
00e12e8b_2334,11605.861183116293
00e12e8b_2335,11605.86225745724
00e12e8b_2336,11605.844614843005
00e12e8b_2337,11605.838470966102
00e12e8b_2338,11605.856295523536
00e12e8b_2339,11605.858330023786
00e12e8b_2340,11605.620548108725
00e12e8b_2341,11605.847683245458
00e12e8b_2342,11605.859632048534
00e12e8b_2343,11605.853487957056
00e12e8b_2344,11605.872272816841
00e12e8b_2345,11605.87334665711
00e12e8b_2346,11605.883953354321
00e12e8b_2347,11605.8753227478
00e12e8b_2348,11605.897554353456
00e12e8b_2349,11605.686802632203
00e12e8b_2350,11605.899529800414
00e12e8b_2351,11605.923389900334
00e12e8b_2352,11605.936494807022
00e12e8b_2353,11605.930350822831
00e12e8b_2354,11605.899685761962
00e12e8b_2355,11605.895503760024
00e12e8b_2356,11605.912819770627
00e12e8b_2357,11605.91485419935
00e12e8b_2358,11605.90906694896
00e12e8b_2359,11605.667126715858
00e12e8b_2360,11605.931843177168
00e12e8b_2361,11605.932824248768
00e12e8b_2362,11605.952551601038
00e12e8b_2363,11605.942111469025
00e12e8b_2364,11605.965192369345
00e12e8b_2365,11605.961970526709
00e12e8b_2366,11605.96638124957
00e12e8b_2367,11605.977097881587
00e12e8b_2368,11605.730212656417
00e12e8b_2369,11605.987252063322
00e12e8b_2370,11605.991600272831
00e12e8b_2371,11605.998056555576
00e12e8b_2372,11606.012047127679
00e12e8b_2373,11605.961334092224
00e12e8b_2374,11605.980118880483
00e12e8b_2375,11605.977244795185
00e12e8b_2376,11605.980107418529
00e12e8b_2377,11605.979327816605
00e12e8b_2378,11605.780380175362
00e12e8b_2379,11606.00263362016
00e12e8b_2380,11606.013239959744
00e12e8b_2381,11606.00460935322
00e12e8b_2382,11606.018894825265
00e12e8b_2383,11606.021275008612
00e12e8b_2384,11606.032841507498
00e12e8b_2385,11606.033337635708
00e12e8b_2386,11606.044904134593
00e12e8b_2387,11606.05319669339
00e12e8b_2388,11605.843584016897
00e12e8b_2389,11606.065837461698
00e12e8b_2390,11606.008845768329
00e12e8b_2391,11606.005623925692
00e12e8b_2392,11605.939098016395
00e12e8b_2393,11605.946614236616
00e12e8b_2394,11605.948475859555
00e12e8b_2395,11605.959255004924
00e12e8b_2396,11605.968334917237
00e12e8b_2397,11605.965059501945
00e12e8b_2398,11605.787429700324
00e12e8b_2399,11605.990569151478
00e12e8b_2400,11605.99163326427
00e12e8b_2401,11605.98929275975
00e12e8b_2402,11606.006760619148
00e12e8b_2403,11606.021096802822
00e12e8b_2404,11606.00300779748
00e12e8b_2405,11606.021706111322
00e12e8b_2406,11606.032042155763
00e12e8b_2407,11606.037350524573
00e12e8b_2408,11605.993591992177
00e12e8b_2409,11605.79596414082
00e12e8b_2410,11606.014989922578
00e12e8b_2411,11606.022260309403
00e12e8b_2412,11606.015378431632
00e12e8b_2413,11606.027237756214
00e12e8b_2414,11606.011452160448
00e12e8b_2415,11606.040545858124
00e12e8b_2416,11606.042469493736
00e12e8b_2417,11606.04973988056
00e12e8b_2418,11606.036658166058
00e12e8b_2419,11605.84683497073
00e12e8b_2420,11606.070327524567
00e12e8b_2421,11606.072261889014
00e12e8b_2422,11606.081341801328
00e12e8b_2423,11606.08970137959
00e12e8b_2424,11606.086331979692
00e12e8b_2425,11606.092731757233
00e12e8b_2426,11606.048744414526
00e12e8b_2427,11606.01795117983
00e12e8b_2428,11606.052537469364
00e12e8b_2429,11606.054738767252
00e12e8b_2430,11606.06240855288
00e12e8b_2431,11605.858116377714
00e12e8b_2432,11606.066306321156
00e12e8b_2433,11606.074801225803
00e12e8b_2434,11606.081512139588
00e12e8b_2435,11606.089947105804
00e12e8b_2436,11606.093659023809
00e12e8b_2437,11606.100602753339
00e12e8b_2438,11606.103933082408
00e12e8b_2439,11606.119550861313
00e12e8b_2440,11606.11417602738
00e12e8b_2441,11605.926996274206
00e12e8b_2442,11606.089007447583
00e12e8b_2443,11606.111346270074
00e12e8b_2444,11606.097960428833
00e12e8b_2445,11606.11550310398
00e12e8b_2446,11606.116859327214
00e12e8b_2447,11606.119299091366
00e12e8b_2448,11606.131887762223
00e12e8b_2449,11605.91804248838
00e12e8b_2450,11606.136460874968
00e12e8b_2451,11606.149999548497
00e12e8b_2452,11606.160987906169
00e12e8b_2453,11606.162062175592
00e12e8b_2454,11606.156853066414
00e12e8b_2455,11606.17432092581
00e12e8b_2456,11606.186847583996
00e12e8b_2457,11605.975136132594
00e12e8b_2458,11606.200486062531
00e12e8b_2459,11606.131485940588
00e12e8b_2460,11606.114976148388
00e12e8b_2461,11606.143744690808
00e12e8b_2462,11606.134305630723
00e12e8b_2463,11605.949701227357
00e12e8b_2464,11606.15020932418
00e12e8b_2465,11606.157502313084
00e12e8b_2466,11606.176584576206
00e12e8b_2467,11606.17970118686
00e12e8b_2468,11606.188375978325
00e12e8b_2469,11605.986774237615
00e12e8b_2470,11606.181193934552
00e12e8b_2471,11606.212876929523
00e12e8b_2472,11606.197595302949
00e12e8b_2473,11606.215460486907
00e12e8b_2474,11606.20182909837
00e12e8b_2475,11606.012142230786
00e12e8b_2476,11606.22638459675
00e12e8b_2477,11606.232312591606
00e12e8b_2478,11606.244199095909
00e12e8b_2479,11606.243536223721
00e12e8b_2480,11606.035735433063
00e12e8b_2481,11606.246963353724
00e12e8b_2482,11606.267852495888
00e12e8b_2483,11606.275064875472
00e12e8b_2484,11606.295954017636
00e12e8b_2485,11606.08391798318
00e12e8b_2486,11606.30233665587
00e12e8b_2487,11606.303793157958
00e12e8b_2488,11606.322195713552
00e12e8b_2489,11606.106377263706
00e12e8b_2490,11606.327040051272
00e12e8b_2491,11606.325917555749
00e12e8b_2492,11606.347293429442
00e12e8b_2493,11606.351063068587
00e12e8b_2494,11606.13306780943
00e12e8b_2495,11606.350756992793
00e12e8b_2496,11606.36194125901
00e12e8b_2497,11606.358072038405
00e12e8b_2498,11606.154346631887
00e12e8b_2499,11606.369318558704
00e12e8b_2500,11606.374949436327
00e12e8b_2501,11606.37851258114
00e12e8b_2502,11606.1711070408
00e12e8b_2503,11606.41426161723
00e12e8b_2504,11606.424745934184
00e12e8b_2505,11606.436223026101
00e12e8b_2506,11606.232082413628
00e12e8b_2507,11606.438729478918
00e12e8b_2508,11606.4427937319
00e12e8b_2509,11606.449963482242
00e12e8b_2510,11606.24952088498
00e12e8b_2511,11606.463763393996
00e12e8b_2512,11606.193729989775
00e12e8b_2513,11606.005011006253
00e12e8b_2514,11606.21785375979
00e12e8b_2515,11606.208644940529
00e12e8b_2516,11606.229534368797
00e12e8b_2517,11606.043999274663
00e12e8b_2518,11606.249811064305
00e12e8b_2519,11606.273831166933
00e12e8b_2520,11606.0635745457
00e12e8b_2521,11606.262978931394
00e12e8b_2522,11606.27059092436
00e12e8b_2523,11606.277052786098
00e12e8b_2524,11606.080295186395
00e12e8b_2525,11606.276803644661
00e12e8b_2526,11606.306910430563
00e12e8b_2527,11606.114592423222
00e12e8b_2528,11606.313111751468
00e12e8b_2529,11606.292540951768
00e12e8b_2530,11606.099100565123
00e12e8b_2531,11606.321878936109
00e12e8b_2532,11606.127081280178
00e12e8b_2533,11606.330539020137
00e12e8b_2534,11606.344286905969
00e12e8b_2535,11606.122143306586
00e12e8b_2536,11606.341884844762
00e12e8b_2537,11606.154999920002
00e12e8b_2538,11606.364973067522
00e12e8b_2539,11606.15959091414
00e12e8b_2540,11606.374562984007
00e12e8b_2541,11606.179449900295
00e12e8b_2542,11606.109816133296
00e12e8b_2543,11606.323578562662
00e12e8b_2544,11606.11437408262
00e12e8b_2545,11606.328321047964
00e12e8b_2546,11606.12618257935
00e12e8b_2547,11606.129982688388
00e12e8b_2548,11606.312372713655
00e12e8b_2549,11606.118949493148
00e12e8b_2550,11606.120376669753
00e12e8b_2551,11606.126697053905
00e12e8b_2552,11606.344281952983
00e12e8b_2553,11606.15420655848
00e12e8b_2554,11606.160526942633
00e12e8b_2555,11606.167696621449
00e12e8b_2556,11606.169720893544
00e12e8b_2557,11606.383275612643
00e12e8b_2558,11606.182545482574
00e12e8b_2559,11606.192128863402
00e12e8b_2560,11606.187784212307
00e12e8b_2561,11606.19755141386
00e12e8b_2562,11606.126061987376
00e12e8b_2563,11606.133021381003
00e12e8b_2564,11606.15185230326
00e12e8b_2565,11606.141153892399
00e12e8b_2566,11606.164319550524
00e12e8b_2567,11606.159125604769
00e12e8b_2568,11606.15288695648
00e12e8b_2569,11606.174719377912
00e12e8b_2570,11606.18170709567
00e12e8b_2571,11606.198202278789
00e12e8b_2572,11606.158536010567
00e12e8b_2573,11606.181588658286
00e12e8b_2574,11606.17639471253
00e12e8b_2575,11606.194229426594
00e12e8b_2576,11606.196570270877
00e12e8b_2577,11606.206870194901
00e12e8b_2578,11606.187283014891
00e12e8b_2579,11606.215457322842
00e12e8b_2580,11606.232516842738
00e12e8b_2581,11606.231302436852
00e12e8b_2582,11606.226170718346
00e12e8b_2583,11606.15984114675
00e12e8b_2584,11606.173696320942
00e12e8b_2585,11606.172844835819
00e12e8b_2586,11606.178802299211
00e12e8b_2587,11606.199875548202
00e12e8b_2588,11606.19951058003
00e12e8b_2589,11606.19005885992
00e12e8b_2590,11606.20492984031
00e12e8b_2591,11606.196340718621
00e12e8b_2592,11606.224676388267
00e12e8b_2593,11606.219165870321
00e12e8b_2594,11606.21840093114
00e12e8b_2595,11606.222344234377
00e12e8b_2596,11606.24147170166
00e12e8b_2597,11606.2442123739
00e12e8b_2598,11606.252863919552
00e12e8b_2599,11606.247438946193
00e12e8b_2600,11606.254852384165
00e12e8b_2601,11606.260358664238
00e12e8b_2602,11606.231612491461
00e12e8b_2603,11606.27264838503
00e12e8b_2604,11606.260901981463
00e12e8b_2605,11606.275510319947
00e12e8b_2606,11606.276989567168
00e12e8b_2607,11606.299357429045
00e12e8b_2608,11606.278924101498
00e12e8b_2609,11606.307658740794
00e12e8b_2610,11606.309107232019
00e12e8b_2611,11606.305722740226
00e12e8b_2612,11606.23065288657
00e12e8b_2613,11606.22211597855
00e12e8b_2614,11606.201453769167
00e12e8b_2615,11606.231614628403
00e12e8b_2616,11606.236520665861
00e12e8b_2617,11606.197987934933
00e12e8b_2618,11606.21515703201
00e12e8b_2619,11606.196721842889
00e12e8b_2620,11606.220395904793
00e12e8b_2621,11606.219498071096
00e12e8b_2622,11606.240438568622
00e12e8b_2623,11606.239357057253
00e12e8b_2624,11606.236879795839
00e12e8b_2625,11606.244893476425
00e12e8b_2626,11606.254477143353
00e12e8b_2627,11606.260797527508
00e12e8b_2628,11606.25774405607
00e12e8b_2629,11606.265476355049
00e12e8b_2630,11606.26183422814
00e12e8b_2631,11606.286840668432
00e12e8b_2632,11606.282312482715
00e12e8b_2633,11606.305739638337
00e12e8b_2634,11606.27772645964
00e12e8b_2635,11606.310978511123
00e12e8b_2636,11606.312318283475
00e12e8b_2637,11606.301228341625
00e12e8b_2638,11606.31891227978
00e12e8b_2639,11606.32003618795
00e12e8b_2640,11606.303872221899
00e12e8b_2641,11606.331261751255
00e12e8b_2642,11606.330269932956
00e12e8b_2643,11606.344611337998
00e12e8b_2644,11606.340283137786
00e12e8b_2645,11606.356935677168
00e12e8b_2646,11606.37079085136
00e12e8b_2647,11606.362045374766
00e12e8b_2648,11606.38628935244
00e12e8b_2649,11606.386208769949
00e12e8b_2650,11606.383015108388
00e12e8b_2651,11606.400813630511
00e12e8b_2652,11606.389280087053
00e12e8b_2653,11606.397380599687
00e12e8b_2654,11606.335009825545
00e12e8b_2655,11606.366772285428
00e12e8b_2656,11606.3690182868
00e12e8b_2657,11606.364127180323
00e12e8b_2658,11606.379756188744
00e12e8b_2659,11606.372253540518
00e12e8b_2660,11606.372688371312
00e12e8b_2661,11606.393401989719
00e12e8b_2662,11606.416526735215
00e12e8b_2663,11606.411358109512
00e12e8b_2664,11606.419305128264
00e12e8b_2665,11606.416621014889
00e12e8b_2666,11606.384443903391
00e12e8b_2667,11606.4120022331
00e12e8b_2668,11606.418322617255
00e12e8b_2669,11606.429419765325
00e12e8b_2670,11606.29356190012
00e12e8b_2671,11606.314665475955
00e12e8b_2672,11606.323533887145
00e12e8b_2673,11606.450681850798
00e12e8b_2674,11606.33248164703
00e12e8b_2675,11606.352898291254
00e12e8b_2676,11606.34213293246
00e12e8b_2677,11606.46668265812
00e12e8b_2678,11606.334225547842
00e12e8b_2679,11606.36547502631
00e12e8b_2680,11606.483095783542
00e12e8b_2681,11606.377698800523
00e12e8b_2682,11606.379884720413
00e12e8b_2683,11606.50970745442
00e12e8b_2684,11606.396659952983
00e12e8b_2685,11606.518507156366
00e12e8b_2686,11606.399356091622
00e12e8b_2687,11606.484067932379
00e12e8b_2688,11606.358157557866
00e12e8b_2689,11606.500682375461
00e12e8b_2690,11606.370991302172
00e12e8b_2691,11606.510048846054
00e12e8b_2692,11606.515486318525
00e12e8b_2693,11606.395977912014
00e12e8b_2694,11606.532187879757
00e12e8b_2695,11606.526795951211
00e12e8b_2696,11606.422178310844
00e12e8b_2697,11606.545987603766
00e12e8b_2698,11606.564514113179
00e12e8b_2699,11606.546821931719
00e12e8b_2700,11606.437213236817
00e12e8b_2701,11606.567488870758
00e12e8b_2702,11606.58977047279
00e12e8b_2703,11606.253915373241
00e12e8b_2704,11606.27231785731
00e12e8b_2705,11606.271420166664
00e12e8b_2706,11606.258805728736
00e12e8b_2707,11606.290358046483
00e12e8b_2708,11606.276041586001
00e12e8b_2709,11606.216801343171
00e12e8b_2710,11606.23626097522
00e12e8b_2711,11606.233715907561
00e12e8b_2712,11606.234678454037
00e12e8b_2713,11606.238741777186
00e12e8b_2714,11606.263606453791
00e12e8b_2715,11606.265330318474
00e12e8b_2716,11606.259234435232
00e12e8b_2717,11606.271144399921
00e12e8b_2718,11606.278858674455
00e12e8b_2719,11606.283785168229
00e12e8b_2720,11606.297990817733
00e12e8b_2721,11606.304311201886
00e12e8b_2722,11606.298866773572
00e12e8b_2723,11606.316951970193
00e12e8b_2724,11606.316054279549
00e12e8b_2725,11606.28157819306
00e12e8b_2726,11606.280182684422
00e12e8b_2727,11606.293258802067
00e12e8b_2728,11606.293321270723
00e12e8b_2729,11606.30067677298
00e12e8b_2730,11606.312025404966
00e12e8b_2731,11606.303928236171
00e12e8b_2732,11606.321979958826
00e12e8b_2733,11606.327450905268
00e12e8b_2734,11606.321689189506
00e12e8b_2735,11606.332873598776
00e12e8b_2736,11606.329247636646
00e12e8b_2737,11606.353581879595
00e12e8b_2738,11606.355998397936
00e12e8b_2739,11606.365373210188
00e12e8b_2740,11606.29587677229
00e12e8b_2741,11606.26256855537
00e12e8b_2742,11606.294610394145
00e12e8b_2743,11606.31387776545
00e12e8b_2744,11606.28868541233
00e12e8b_2745,11606.32026061826
00e12e8b_2746,11606.307161809145
00e12e8b_2747,11606.316916279146
00e12e8b_2748,11606.313735206086
00e12e8b_2749,11606.287582693663
00e12e8b_2750,11606.32541581509
00e12e8b_2751,11606.341540924892
00e12e8b_2752,11606.323900241845
00e12e8b_2753,11606.352555201653
00e12e8b_2754,11606.351657511008
00e12e8b_2755,11606.35797789516
00e12e8b_2756,11606.341114265948
00e12e8b_2757,11606.371818862595
00e12e8b_2758,11606.34586290245
00e12e8b_2759,11606.34411577409
00e12e8b_2760,11606.36588310725
00e12e8b_2761,11606.36482405491
00e12e8b_2762,11606.334285022103
00e12e8b_2763,11606.391102175208
00e12e8b_2764,11606.371349771123
00e12e8b_2765,11606.377706490268
00e12e8b_2766,11606.408501495242
00e12e8b_2767,11606.374611632355
00e12e8b_2768,11606.418552465575
00e12e8b_2769,11606.407616303708
00e12e8b_2770,11606.41297652856
00e12e8b_2771,11606.43570402102
00e12e8b_2772,11606.41935938137
00e12e8b_2773,11606.448344789327
00e12e8b_2774,11606.425311078023
00e12e8b_2775,11606.44403285225
00e12e8b_2776,11606.398952670304
00e12e8b_2777,11606.41861028514
00e12e8b_2778,11606.411593438612
00e12e8b_2779,11606.494501404399
00e12e8b_2780,11606.417976291423
00e12e8b_2781,11606.439743624582
00e12e8b_2782,11606.43061705973
00e12e8b_2783,11606.458642308386
00e12e8b_2784,11606.45384733228
00e12e8b_2785,11606.53868162482
00e12e8b_2786,11606.47134554535
00e12e8b_2787,11606.472230558104
00e12e8b_2788,11606.48949836047
00e12e8b_2789,11606.54056399914
00e12e8b_2790,11606.499420584772
00e12e8b_2791,11606.505633680565
00e12e8b_2792,11606.365568108908
00e12e8b_2793,11606.31805949068
00e12e8b_2794,11606.331323005328
00e12e8b_2795,11606.404257159013
00e12e8b_2796,11606.323731477645
00e12e8b_2797,11606.34730840782
00e12e8b_2798,11606.411946739361
00e12e8b_2799,11606.335421626383
00e12e8b_2800,11606.410680361214
00e12e8b_2801,11606.362549184394
00e12e8b_2802,11606.430010201177
00e12e8b_2803,11606.3790669249
00e12e8b_2804,11606.436231978394
00e12e8b_2805,11606.379580103028
00e12e8b_2806,11606.445231236692
00e12e8b_2807,11606.39631299246
00e12e8b_2808,11606.470031924739
00e12e8b_2809,11606.415211676263
00e12e8b_2810,11606.489133741172
00e12e8b_2811,11606.468480400961
00e12e8b_2812,11606.427914913227
00e12e8b_2813,11606.508094893634
00e12e8b_2814,11606.517583574601
00e12e8b_2815,11606.483932321029
00e12e8b_2816,11606.505068798628
00e12e8b_2817,11606.49440185902
00e12e8b_2818,11606.48681509672
00e12e8b_2819,11606.513909940713
00e12e8b_2820,11606.526129468086
00e12e8b_2821,11606.525701271306
00e12e8b_2822,11606.733715762515
00e12e8b_2823,11606.537872545747
00e12e8b_2824,11606.744603009858
00e12e8b_2825,11606.556014202879
00e12e8b_2826,11606.770829059536
00e12e8b_2827,11606.507084326808
00e12e8b_2828,11606.311241682244
00e12e8b_2829,11606.50406757482
00e12e8b_2830,11606.517606033773
00e12e8b_2831,11606.52477585564
00e12e8b_2832,11606.509205981005
00e12e8b_2833,11606.54302823436
00e12e8b_2834,11606.523656632431
00e12e8b_2835,11606.444356327193
00e12e8b_2836,11606.450676711345
00e12e8b_2837,11606.464072977456
00e12e8b_2838,11606.457206334633
00e12e8b_2839,11606.45020379322
00e12e8b_2840,11606.496818538488
00e12e8b_2841,11606.457164572665
00e12e8b_2842,11606.494690992433
00e12e8b_2843,11606.46643391153
00e12e8b_2844,11606.43645077548
00e12e8b_2845,11606.416261207089
00e12e8b_2846,11606.449091543787
00e12e8b_2847,11606.448193853143
00e12e8b_2848,11606.454514237297
00e12e8b_2849,11606.463628124258
00e12e8b_2850,11606.496335723072
00e12e8b_2851,11606.478717069904
00e12e8b_2852,11606.47877953856
00e12e8b_2853,11606.505419766007
00e12e8b_2854,11606.51174015016
00e12e8b_2855,11606.505217974498
00e12e8b_2856,11606.52397236439
00e12e8b_2857,11606.533267926308
00e12e8b_2858,11606.532584812385
00e12e8b_2859,11606.549901538243
00e12e8b_2860,11606.53565345621
00e12e8b_2861,11606.515598069795
00e12e8b_2862,11606.522123875397
00e12e8b_2863,11606.535456912901
00e12e8b_2864,11606.541777297054
00e12e8b_2865,11606.63055550973
00e12e8b_2866,11606.532873132042
00e12e8b_2867,11606.630411510887
00e12e8b_2868,11606.545209201406
00e12e8b_2869,11606.64486187621
00e12e8b_2870,11606.656683149187
00e12e8b_2871,11606.569781964281
00e12e8b_2872,11606.667408176529
00e12e8b_2873,11606.675138758894
00e12e8b_2874,11606.680498983746
00e12e8b_2875,11606.687779527201
00e12e8b_2876,11606.691625984811
00e12e8b_2877,11606.688487254889
00e12e8b_2878,11606.696090807836
00e12e8b_2879,11606.693060510685
00e12e8b_2880,11606.705188771424
00e12e8b_2881,11606.707929729766
00e12e8b_2882,11606.710779979185
00e12e8b_2883,11606.725250845517
00e12e8b_2884,11606.731811269496
00e12e8b_2885,11606.735308968407
00e12e8b_2886,11606.745590724937
00e12e8b_2887,11606.765305560231
00e12e8b_2888,11606.756852766284
00e12e8b_2889,11606.763173150439
00e12e8b_2890,11606.77920241597
00e12e8b_2891,11606.807280879653
00e12e8b_2892,11606.794847258374
00e12e8b_2893,11606.803245889598
00e12e8b_2894,11606.823247971597
00e12e8b_2895,11606.822174900246
00e12e8b_2896,11606.843029567084
00e12e8b_2897,11606.82217280814
00e12e8b_2898,11606.837954022983
00e12e8b_2899,11606.853191643466
00e12e8b_2900,11606.650686820862
00e12e8b_2901,11606.6770892973
00e12e8b_2902,11606.682067003385
00e12e8b_2903,11606.689347546839
00e12e8b_2904,11606.637175461205
00e12e8b_2905,11606.648592757743
00e12e8b_2906,11606.643798353842
00e12e8b_2907,11606.663053994953
00e12e8b_2908,11606.671089276262
00e12e8b_2909,11606.672062408525
00e12e8b_2910,11606.682315840926
00e12e8b_2911,11606.688956373548
00e12e8b_2912,11606.693996449932
00e12e8b_2913,11606.694058918589
00e12e8b_2914,11606.656667163614
00e12e8b_2915,11606.692057829749
00e12e8b_2916,11606.712059053441
00e12e8b_2917,11606.677121770053
00e12e8b_2918,11606.58548645047
00e12e8b_2919,11606.564551013398
00e12e8b_2920,11606.608716723022
00e12e8b_2921,11606.580563211148
00e12e8b_2922,11606.562109997583
00e12e8b_2923,11606.578779846155
00e12e8b_2924,11606.640641554923
00e12e8b_2925,11606.584998190145
00e12e8b_2926,11606.598245969166
00e12e8b_2927,11606.595787876604
00e12e8b_2928,11606.609326335558
00e12e8b_2929,11606.601739573256
00e12e8b_2930,11606.605341699506
00e12e8b_2931,11606.479382973705
00e12e8b_2932,11606.48753126542
00e12e8b_2933,11606.482683646493
00e12e8b_2934,11606.492546835365
00e12e8b_2935,11606.438100236486
00e12e8b_2936,11606.425418564517
00e12e8b_2937,11606.440233039704
00e12e8b_2938,11606.43417406366
00e12e8b_2939,11606.448903852568
00e12e8b_2940,11606.466426285977
00e12e8b_2941,11606.460189354304
00e12e8b_2942,11606.478489127649
00e12e8b_2943,11606.463494604728
00e12e8b_2944,11606.486971971304
00e12e8b_2945,11606.485624241748
00e12e8b_2946,11606.498652580309
00e12e8b_2947,11606.399653845963
00e12e8b_2948,11606.511293348616
00e12e8b_2949,11606.511355817274
00e12e8b_2950,11606.433371582592
00e12e8b_2951,11606.523996585582
00e12e8b_2952,11606.52247605024
00e12e8b_2953,11606.44330506324
00e12e8b_2954,11606.457803681493
00e12e8b_2955,11606.549278122195
00e12e8b_2956,11606.463226375
00e12e8b_2957,11606.478779852418
00e12e8b_2958,11606.616557660735
00e12e8b_2959,11606.53050591354
00e12e8b_2960,11606.523124572688
00e12e8b_2961,11606.543146681848
00e12e8b_2962,11606.535765340996
00e12e8b_2963,11606.548569375356
00e12e8b_2964,11606.581855759114
00e12e8b_2965,11606.569277656175
00e12e8b_2966,11606.574954024063
00e12e8b_2967,11606.568974012253
00e12e8b_2968,11606.607137295729
00e12e8b_2969,11606.586697101726
00e12e8b_2970,11606.594108680032
00e12e8b_2971,11606.57027130738
00e12e8b_2972,11606.590405282539
00e12e8b_2973,11606.603414738347
00e12e8b_2974,11606.6169531973
00e12e8b_2975,11606.548674982972
00e12e8b_2976,11606.537870714264
00e12e8b_2977,11606.596569848265
00e12e8b_2978,11606.606063679073
00e12e8b_2979,11606.612384063228
00e12e8b_2980,11606.591700682275
00e12e8b_2981,11606.62761606002
00e12e8b_2982,11606.598318138967
00e12e8b_2983,11606.63670544054
00e12e8b_2984,11606.611975142627
00e12e8b_2985,11606.64722476033
00e12e8b_2986,11606.623655751631
00e12e8b_2987,11606.670516830976
00e12e8b_2988,11606.644701347057
00e12e8b_2989,11606.408921397044
00e12e8b_2990,11606.41252953144
00e12e8b_2991,11606.461366719337
00e12e8b_2992,11606.43562018607
00e12e8b_2993,11606.425358367313
00e12e8b_2994,11606.450210169312
00e12e8b_2995,11606.520427495605
00e12e8b_2996,11606.345792469756
00e12e8b_2997,11606.540286338712
00e12e8b_2998,11606.538258257899
00e12e8b_2999,11606.553640932245
00e12e8b_3000,11606.573065945915
00e12e8b_3001,11606.382788563193
00e12e8b_3002,11606.578720382282
00e12e8b_3003,11606.3333823268
00e12e8b_3004,11606.520596322862
00e12e8b_3005,11606.554854882217
00e12e8b_3006,11606.358879486188
00e12e8b_3007,11606.552707595103
00e12e8b_3008,11606.369073793772
00e12e8b_3009,11606.571466660987
00e12e8b_3010,11606.390713337561
00e12e8b_3011,11606.577646381169
00e12e8b_3012,11606.397148833194
00e12e8b_3013,11606.585369051027
00e12e8b_3014,11606.401171914276
00e12e8b_3015,11606.610145992583
00e12e8b_3016,11606.418993709041
00e12e8b_3017,11606.618478060329
00e12e8b_3018,11606.427597287866
00e12e8b_3019,11606.452850777488
00e12e8b_3020,11606.641799411764
00e12e8b_3021,11606.459473670124
00e12e8b_3022,11606.09493080736
00e12e8b_3023,11606.229194707292
00e12e8b_3024,11606.112598679092
00e12e8b_3025,11606.11066787306
00e12e8b_3026,11606.243664053722
00e12e8b_3027,11605.950917131357
00e12e8b_3028,11605.971856198372
00e12e8b_3029,11606.101595104406
00e12e8b_3030,11605.961615649541
00e12e8b_3031,11605.994393057315
00e12e8b_3032,11605.989389512635
00e12e8b_3033,11606.011579418884
00e12e8b_3034,11606.127939323302
00e12e8b_3035,11605.999615962033
00e12e8b_3036,11606.014186964167
00e12e8b_3037,11605.9910582669
00e12e8b_3038,11605.997560612113
00e12e8b_3039,11605.983331412832
00e12e8b_3040,11606.126510832477
00e12e8b_3041,11606.00503418523
00e12e8b_3042,11606.01987412352
00e12e8b_3043,11606.019464809493
00e12e8b_3044,11606.021432433332
00e12e8b_3045,11606.029848802898
00e12e8b_3046,11606.038916341287
00e12e8b_3047,11606.048669380776
00e12e8b_3048,11606.054989764929
00e12e8b_3049,11606.068710471043
00e12e8b_3050,11606.086148790379
00e12e8b_3051,11606.067174298432
00e12e8b_3052,11606.091211281097
00e12e8b_3053,11606.1027988085
00e12e8b_3054,11606.110292784268
00e12e8b_3055,11606.110172433559
00e12e8b_3056,11606.043609974695
00e12e8b_3057,11606.116789031945
00e12e8b_3058,11606.07780797872
00e12e8b_3059,11606.092564947347
00e12e8b_3060,11606.099824891437
00e12e8b_3061,11606.112005795
00e12e8b_3062,11606.119526664383
00e12e8b_3063,11606.065316385999
00e12e8b_3064,11606.13096694746
00e12e8b_3065,11606.138440896066
00e12e8b_3066,11606.141971782845
00e12e8b_3067,11606.081480986884
00e12e8b_3068,11606.148941431462
00e12e8b_3069,11606.16310387952
00e12e8b_3070,11606.175683037476
00e12e8b_3071,11606.10953657135
00e12e8b_3072,11606.164833662962
00e12e8b_3073,11606.185013986691
00e12e8b_3074,11606.135138158075
00e12e8b_3075,11606.200448257805
00e12e8b_3076,11605.919602618706
00e12e8b_3077,11605.985872305533
00e12e8b_3078,11605.998451463489
00e12e8b_3079,11605.820092244066
00e12e8b_3080,11605.895239685105
00e12e8b_3081,11605.83485932463
00e12e8b_3082,11605.908000616377
00e12e8b_3083,11605.824835641339
00e12e8b_3084,11605.92121931132
00e12e8b_3085,11605.846234000892
00e12e8b_3086,11605.920574061256
00e12e8b_3087,11605.862191839207
00e12e8b_3088,11605.93591105759
00e12e8b_3089,11605.874832607515
00e12e8b_3090,11605.857419661896
00e12e8b_3091,11605.82867992642
00e12e8b_3092,11605.9028351647
00e12e8b_3093,11605.834057129665
00e12e8b_3094,11605.821054737024
00e12e8b_3095,11605.907461447776
00e12e8b_3096,11605.85026998348
00e12e8b_3097,11605.865069295247
00e12e8b_3098,11605.935579590288
00e12e8b_3099,11605.86949778328
00e12e8b_3100,11605.88599425386
00e12e8b_3101,11605.95852271449
00e12e8b_3102,11605.901428524974
00e12e8b_3103,11605.953316421641
00e12e8b_3104,11605.922715876839
00e12e8b_3105,11605.928185964973
00e12e8b_3106,11605.993496064702
00e12e8b_3107,11605.919112713504
00e12e8b_3108,11605.938969169434
00e12e8b_3109,11606.012457217163
00e12e8b_3110,11605.951991598204
00e12e8b_3111,11605.941675133909
00e12e8b_3112,11605.831136463496
00e12e8b_3113,11605.77114119671
00e12e8b_3114,11605.77955184423
00e12e8b_3115,11605.824578435659
00e12e8b_3116,11605.79078785027
00e12e8b_3117,11605.797108234423
00e12e8b_3118,11605.802743117478
00e12e8b_3119,11605.851180620466
00e12e8b_3120,11605.82270982115
00e12e8b_3121,11605.821811844402
00e12e8b_3122,11605.901558665933
00e12e8b_3123,11605.824074538063
00e12e8b_3124,11605.846048150977
00e12e8b_3125,11605.904490079014
00e12e8b_3126,11605.85956496451
00e12e8b_3127,11605.852674289094
00e12e8b_3128,11605.8747343049
00e12e8b_3129,11605.808587838774
00e12e8b_3130,11605.80548973538
00e12e8b_3131,11605.89465504446
00e12e8b_3132,11605.823211680443
00e12e8b_3133,11605.830491651694
00e12e8b_3134,11605.824352280904
00e12e8b_3135,11605.913450069844
00e12e8b_3136,11605.848493217058
00e12e8b_3137,11605.863084246354
00e12e8b_3138,11605.91162245735
00e12e8b_3139,11605.868413956618
00e12e8b_3140,11605.86751597987
00e12e8b_3141,11605.881054724923
00e12e8b_3142,11605.936903993965
00e12e8b_3143,11605.893695493232
00e12e8b_3144,11605.893388603825
00e12e8b_3145,11605.963417674808
00e12e8b_3146,11605.893870596803
00e12e8b_3147,11605.873041017578
00e12e8b_3148,11605.879468976194
00e12e8b_3149,11605.96332537109
00e12e8b_3150,11605.614770190668
00e12e8b_3151,11605.633236189446
00e12e8b_3152,11605.646774934501
00e12e8b_3153,11605.717154194692
00e12e8b_3154,11605.640051727283
00e12e8b_3155,11605.664776499865
00e12e8b_3156,11605.664838110215
00e12e8b_3157,11605.728285684005
00e12e8b_3158,11605.676519291424
00e12e8b_3159,11605.680427833233
00e12e8b_3160,11605.760818957133
00e12e8b_3161,11605.68570203965
00e12e8b_3162,11605.536467461645
00e12e8b_3163,11605.535569484899
00e12e8b_3164,11605.62000380643
00e12e8b_3165,11605.537220491853
00e12e8b_3166,11605.539625279998
00e12e8b_3167,11605.546905251249
00e12e8b_3168,11605.539318775052
00e12e8b_3169,11605.613135268213
00e12e8b_3170,11605.565866403711
00e12e8b_3171,11605.564968426963
00e12e8b_3172,11605.559721123129
00e12e8b_3173,11605.647565784016
00e12e8b_3174,11605.574491064715
00e12e8b_3175,11605.580811448868
00e12e8b_3176,11605.575564145034
00e12e8b_3177,11605.664729454114
00e12e8b_3178,11605.606990962231
00e12e8b_3179,11605.552244528146
00e12e8b_3180,11605.552074395639
00e12e8b_3181,11605.570922054876
00e12e8b_3182,11605.635283439397
00e12e8b_3183,11605.579030390629
00e12e8b_3184,11605.570151304262
00e12e8b_3185,11605.591671158934
00e12e8b_3186,11605.667783336912
00e12e8b_3187,11605.59812696783
00e12e8b_3188,11605.607946383052
00e12e8b_3189,11605.62485655755
00e12e8b_3190,11605.623958580802
00e12e8b_3191,11605.691130634268
00e12e8b_3192,11605.644942092029
00e12e8b_3193,11605.637916948534
00e12e8b_3194,11605.637672429428
00e12e8b_3195,11605.662778862472
00e12e8b_3196,11605.716065799359
00e12e8b_3197,11605.652068533673
00e12e8b_3198,11605.6390249423
00e12e8b_3199,11605.663749714882
00e12e8b_3200,11605.626827453772
00e12e8b_3201,11605.62879851084
00e12e8b_3202,11605.710745459019
00e12e8b_3203,11605.653006967133
00e12e8b_3204,11605.6477596633
00e12e8b_3205,11605.66564773544
00e12e8b_3206,11605.653182070706
00e12e8b_3207,11605.679716726405
00e12e8b_3208,11605.684501313439
00e12e8b_3209,11605.74898743856
00e12e8b_3210,11605.694456153402
00e12e8b_3211,11605.689208849568
00e12e8b_3212,11605.701903592852
00e12e8b_3213,11605.711289849198
00e12e8b_3214,11605.706892841385
00e12e8b_3215,11605.378684683972
00e12e8b_3216,11605.3637585395
00e12e8b_3217,11605.372613789987
00e12e8b_3218,11605.435382729134
00e12e8b_3219,11605.383444675177
00e12e8b_3220,11605.38307655988
00e12e8b_3221,11605.371801652896
00e12e8b_3222,11605.402664464113
00e12e8b_3223,11605.392147156006
00e12e8b_3224,11605.408844470396
00e12e8b_3225,11605.40758142712
00e12e8b_3226,11605.431497102412
00e12e8b_3227,11605.361825283806
00e12e8b_3228,11605.385740959098
00e12e8b_3229,11605.381961932242
00e12e8b_3230,11605.398000066943
00e12e8b_3231,11605.387684747056
00e12e8b_3232,11605.41064083525
00e12e8b_3233,11605.3870154644
00e12e8b_3234,11605.418763476118
00e12e8b_3235,11605.33506749522
00e12e8b_3236,11605.399152504922
00e12e8b_3237,11605.363692798745
00e12e8b_3238,11605.347187941808
00e12e8b_3239,11605.361923738867
00e12e8b_3240,11605.34610209421
00e12e8b_3241,11605.349852135347
00e12e8b_3242,11605.359702449616
00e12e8b_3243,11605.368786581937
00e12e8b_3244,11605.38034893234
00e12e8b_3245,11605.371983685694
00e12e8b_3246,11605.390431373926
00e12e8b_3247,11605.386668368796
00e12e8b_3248,11605.403171705831
00e12e8b_3249,11605.423076226947
00e12e8b_3250,11605.393459301837
00e12e8b_3251,11605.385476860061
00e12e8b_3252,11605.386726939345
00e12e8b_3253,11605.383629980359
00e12e8b_3254,11605.382144349498
00e12e8b_3255,11605.42253608375
00e12e8b_3256,11605.399660873116
00e12e8b_3257,11605.425750353645
00e12e8b_3258,11605.429399114568
00e12e8b_3259,11605.42906475934
00e12e8b_3260,11605.450768863893
00e12e8b_3261,11605.458542647704
00e12e8b_3262,11605.452470224851
00e12e8b_3263,11605.450587484005
00e12e8b_3264,11605.461787056696
00e12e8b_3265,11605.463469150445
00e12e8b_3266,11605.469548636467
00e12e8b_3267,11605.479240450064
00e12e8b_3268,11605.503661382008
00e12e8b_3269,11605.48519271892
00e12e8b_3270,11605.494344943589
00e12e8b_3271,11605.499680563644
00e12e8b_3272,11605.527301835858
00e12e8b_3273,11605.476806881878
00e12e8b_3274,11605.474099022013
00e12e8b_3275,11605.487637767066
00e12e8b_3276,11605.491618978856
00e12e8b_3277,11605.494107308874
00e12e8b_3278,11605.507449215549
00e12e8b_3279,11605.50570094278
00e12e8b_3280,11605.512021326935
00e12e8b_3281,11605.529909399076
00e12e8b_3282,11605.525646859342
00e12e8b_3283,11605.530982479395
00e12e8b_3284,11605.531284987877
00e12e8b_3285,11605.543864145835
00e12e8b_3286,11605.477749150961
00e12e8b_3287,11605.42229375539
00e12e8b_3288,11605.410329341876
00e12e8b_3289,11605.400480940934
00e12e8b_3290,11605.400160890822
00e12e8b_3291,11605.412162122144
00e12e8b_3292,11605.413208496593
00e12e8b_3293,11605.430111804635
00e12e8b_3294,11605.424864500801
00e12e8b_3295,11605.438403245857
00e12e8b_3296,11605.445708394109
00e12e8b_3297,11605.451044014164
00e12e8b_3298,11605.450146037416
00e12e8b_3299,11605.456466421569
00e12e8b_3300,11605.482272088622
00e12e8b_3301,11605.476325550779
00e12e8b_3302,11605.47542757403
00e12e8b_3303,11605.483310648919
00e12e8b_3304,11605.488646268974
00e12e8b_3305,11605.494966653127
00e12e8b_3306,11605.509355694203
00e12e8b_3307,11605.515810546434
00e12e8b_3308,11605.525495493577
00e12e8b_3309,11605.526506963546
00e12e8b_3310,11605.527553337995
00e12e8b_3311,11605.539147731854
00e12e8b_3312,11605.545849776468
00e12e8b_3313,11605.548655680032
00e12e8b_3314,11605.552904111364
00e12e8b_3315,11605.561034378636
00e12e8b_3316,11605.56650446677
00e12e8b_3317,11605.573809615022
00e12e8b_3318,11605.571926874176
00e12e8b_3319,11605.59607372012
00e12e8b_3320,11605.592192840848
00e12e8b_3321,11605.583639911098
00e12e8b_3322,11605.58281918197
00e12e8b_3323,11605.582055673302
00e12e8b_3324,11605.24896546633
00e12e8b_3325,11605.256270614582
00e12e8b_3326,11605.268824595538
00e12e8b_3327,11605.267348692154
00e12e8b_3328,11605.281872201307
00e12e8b_3329,11605.286248234266
00e12e8b_3330,11605.293528205517
00e12e8b_3331,11605.293614992868
00e12e8b_3332,11605.301669729133
00e12e8b_3333,11605.313092461614
00e12e8b_3334,11605.320237964788
00e12e8b_3335,11605.330057380008
00e12e8b_3336,11605.333013201172
00e12e8b_3337,11605.330552533691
00e12e8b_3338,11605.3465042655
00e12e8b_3339,11605.343771228634
00e12e8b_3340,11605.350091612789
00e12e8b_3341,11605.363053575617
00e12e8b_3342,11605.366579312553
00e12e8b_3343,11605.373884460805
00e12e8b_3344,11605.367817759998
00e12e8b_3345,11605.376082495348
00e12e8b_3346,11605.367511255052
00e12e8b_3347,11605.38677891246
00e12e8b_3348,11605.387825286907
00e12e8b_3349,11605.393160906962
00e12e8b_3350,11605.400466055216
00e12e8b_3351,11605.3997837996
00e12e8b_3352,11605.426343060095
00e12e8b_3353,11605.401978400914
00e12e8b_3354,11605.406801897861
00e12e8b_3355,11605.422415456758
00e12e8b_3356,11605.418318284148
00e12e8b_3357,11605.154158703092
00e12e8b_3358,11605.17092182101
00e12e8b_3359,11605.167206308863
00e12e8b_3360,11605.183562589318
00e12e8b_3361,11605.180295113365
00e12e8b_3362,11605.193427020955
00e12e8b_3363,11605.200732169209
00e12e8b_3364,11605.206067789262
00e12e8b_3365,11605.21279501088
00e12e8b_3366,11605.214540047133
00e12e8b_3367,11605.21210684547
00e12e8b_3368,11605.230926466686
00e12e8b_3369,11605.237669710032
00e12e8b_3370,11605.244974858284
00e12e8b_3371,11605.250310478339
00e12e8b_3372,11605.249819339055
00e12e8b_3373,11605.26237332001
00e12e8b_3374,11605.256349534548
00e12e8b_3375,11605.272622845336
00e12e8b_3376,11605.281172538573
00e12e8b_3377,11605.277642992916
00e12e8b_3378,11605.290758878778
00e12e8b_3379,11605.287280259332
00e12e8b_3380,11605.305209530205
00e12e8b_3381,11605.172331992604
00e12e8b_3382,11605.170841784107
00e12e8b_3383,11605.179828641649
00e12e8b_3384,11605.179666520005
00e12e8b_3385,11605.185251049055
00e12e8b_3386,11605.198995787763
00e12e8b_3387,11605.21209336308
00e12e8b_3388,11605.213830388468
00e12e8b_3389,11605.227060715248
00e12e8b_3390,11605.217869205175
00e12e8b_3391,11605.224395582982
00e12e8b_3392,11605.230509973484
00e12e8b_3393,11605.239516285981
00e12e8b_3394,11605.24833434317
00e12e8b_3395,11605.259482989653
00e12e8b_3396,11605.16190074777
00e12e8b_3397,11605.16801513827
00e12e8b_3398,11605.174335522424
00e12e8b_3399,11605.187250564475
00e12e8b_3400,11605.187616587667
00e12e8b_3401,11605.199891332782
00e12e8b_3402,11605.200194985675
00e12e8b_3403,11605.206515369828
00e12e8b_3404,11605.212463820997
00e12e8b_3405,11605.218784205152
00e12e8b_3406,11605.225104589306
00e12e8b_3407,11605.229711220712
00e12e8b_3408,11605.240279079537
00e12e8b_3409,11605.249226454962
00e12e8b_3410,11605.246531183599
00e12e8b_3411,11605.26186722327
00e12e8b_3412,11605.266390312807
00e12e8b_3413,11605.266661350037
00e12e8b_3414,11605.279420752438
00e12e8b_3415,11605.287148759884
00e12e8b_3416,11605.290842152766
00e12e8b_3417,11605.307007889092
00e12e8b_3418,11605.297094256828
00e12e8b_3419,11605.310633001882
00e12e8b_3420,11605.32637130138
00e12e8b_3421,11605.323851696825
00e12e8b_3422,11605.33860980986
00e12e8b_3423,11605.328588603134
00e12e8b_3424,11605.335578466656
00e12e8b_3425,11605.346981171977
00e12e8b_3426,11605.346142132303
00e12e8b_3427,11605.351184211402
00e12e8b_3428,11605.179088915625
00e12e8b_3429,11605.171416036534
00e12e8b_3430,11605.175322861727
00e12e8b_3431,11605.18744139499
00e12e8b_3432,11605.201424170806
00e12e8b_3433,11605.20450702139
00e12e8b_3434,11605.224465901943
00e12e8b_3435,11605.214727936487
00e12e8b_3436,11605.226859058252
00e12e8b_3437,11605.229788558005
00e12e8b_3438,11605.237060518391
00e12e8b_3439,11605.243380902546
00e12e8b_3440,11605.276631523517
00e12e8b_3441,11605.255443744218
00e12e8b_3442,11605.276590521498
00e12e8b_3443,11605.283740602306
00e12e8b_3444,11605.274404896678
00e12e8b_3445,11605.286382667611
00e12e8b_3446,11605.120063777169
00e12e8b_3447,11605.12369479975
00e12e8b_3448,11605.137080193974
00e12e8b_3449,11605.13896255933
00e12e8b_3450,11605.145282943482
00e12e8b_3451,11605.142587672119
00e12e8b_3452,11605.17724591638
00e12e8b_3453,11605.155228440426
00e12e8b_3454,11605.16154882458
00e12e8b_3455,11605.181725142877
00e12e8b_3456,11605.190423609305
00e12e8b_3457,11605.193963651356
00e12e8b_3458,11605.195908387013
00e12e8b_3459,11605.202166400866
00e12e8b_3460,11605.205706442917
00e12e8b_3461,11605.206369440291
00e12e8b_3462,11605.233231397015
00e12e8b_3463,11605.225650642864
00e12e8b_3464,11605.230410052896
00e12e8b_3465,11605.246729140054
00e12e8b_3466,11605.267935998816
00e12e8b_3467,11605.250102482823
00e12e8b_3468,11605.263487877048
00e12e8b_3469,11605.256932513521
00e12e8b_3470,11605.28437239688
00e12e8b_3471,11605.264527581754
00e12e8b_3472,11605.274978710842
00e12e8b_3473,11605.305908469996
00e12e8b_3474,11605.283488734216
00e12e8b_3475,11605.30268486605
00e12e8b_3476,11605.296129502523
00e12e8b_3477,11605.325710575458
00e12e8b_3478,11605.32023839522
00e12e8b_3479,11605.322309015884
00e12e8b_3480,11605.155033399367
00e12e8b_3481,11605.168437676342
00e12e8b_3482,11605.159594066661
00e12e8b_3483,11605.178109847238
00e12e8b_3484,11605.198082460702
00e12e8b_3485,11605.181722371526
00e12e8b_3486,11605.177303047734
00e12e8b_3487,11605.205946849552
00e12e8b_3488,11605.200086142397
00e12e8b_3489,11605.21543477057
00e12e8b_3490,11605.214424641721
00e12e8b_3491,11605.217015968563
00e12e8b_3492,11605.249858035457
00e12e8b_3493,11605.237823812982
00e12e8b_3494,11605.244144197135
00e12e8b_3495,11605.25487170104
00e12e8b_3496,11605.256784965442
00e12e8b_3497,11605.034220080432
00e12e8b_3498,11605.04998470134
00e12e8b_3499,11605.046860848739
00e12e8b_3500,11605.06864334532
00e12e8b_3501,11605.059501617046
00e12e8b_3502,11605.075266237955
00e12e8b_3503,11605.07493588816
00e12e8b_3504,11605.0923375864
00e12e8b_3505,11605.094795017369
00e12e8b_3506,11605.104266532198
00e12e8b_3507,11605.118830667878
00e12e8b_3508,11605.116907300506
00e12e8b_3509,11605.088214485808
00e12e8b_3510,11605.071854396634
00e12e8b_3511,11605.100855254115
00e12e8b_3512,11605.092309190819
00e12e8b_3513,11605.102809529502
00e12e8b_3514,11605.09366780123
00e12e8b_3515,11605.11545029781
00e12e8b_3516,11605.106308569537
00e12e8b_3517,11605.128091066117
00e12e8b_3518,11605.144017620925
00e12e8b_3519,11605.125847648633
00e12e8b_3520,11605.158865382335
00e12e8b_3521,11605.148641042979
00e12e8b_3522,11605.156516679206
00e12e8b_3523,11605.16236442237
00e12e8b_3524,11605.184631576238
00e12e8b_3525,11605.181588404483
00e12e8b_3526,11605.17966503711
00e12e8b_3527,11605.202530144776
00e12e8b_3528,11605.192305805418
00e12e8b_3529,11605.206869941097
00e12e8b_3530,11605.222613390437
00e12e8b_3531,11605.215908681512
00e12e8b_3532,11605.236519875296
00e12e8b_3533,11605.224485652821
00e12e8b_3534,11605.23236128905
00e12e8b_3535,11605.254215311204
00e12e8b_3536,11605.235542943283
00e12e8b_3537,11605.266688995773
00e12e8b_3538,11605.26375339848
00e12e8b_3539,11605.254611670207
00e12e8b_3540,11605.267582788309
00e12e8b_3541,11605.284752171487
00e12e8b_3542,11605.29635228739
00e12e8b_3543,11605.280471133457
00e12e8b_3544,11605.302253630038
00e12e8b_3545,11605.308574014192
00e12e8b_3546,11605.310714443816
00e12e8b_3547,11605.327855216765
00e12e8b_3548,11605.334175600918
00e12e8b_3549,11605.340495985072
00e12e8b_3550,11605.342636414696
00e12e8b_3551,11605.064961933433
00e12e8b_3552,11605.079583289571
00e12e8b_3553,11605.086966257648
00e12e8b_3554,11605.075679334368
00e12e8b_3555,11605.099122368669
00e12e8b_3556,11605.103782215101
00e12e8b_3557,11605.105029433362
00e12e8b_3558,11605.103094049693
00e12e8b_3559,11605.108941792856
00e12e8b_3560,11605.12456851246
00e12e8b_3561,11605.135962062506
00e12e8b_3562,11605.139182814397
00e12e8b_3563,11605.148731004641
00e12e8b_3564,11605.14845215326
00e12e8b_3565,11605.147554176514
00e12e8b_3566,11605.156912967039
00e12e8b_3567,11605.167413305722
00e12e8b_3568,11605.173733689875
00e12e8b_3569,11605.161678868035
00e12e8b_3570,11605.165276130545
00e12e8b_3571,11605.172679125782
00e12e8b_3572,11605.1734348203
00e12e8b_3573,11605.141818612352
00e12e8b_3574,11605.16360454216
00e12e8b_3575,11605.177139853988
00e12e8b_3576,11605.16522121684
00e12e8b_3577,11605.181987767985
00e12e8b_3578,11605.185080346047
00e12e8b_3579,11605.168720256874
00e12e8b_3580,11605.200948920447
00e12e8b_3581,11605.196823137609
00e12e8b_3582,11605.211444493747
00e12e8b_3583,11605.217260193453
00e12e8b_3584,11605.219400623077
00e12e8b_3585,11605.22990096176
00e12e8b_3586,11605.231390222561
00e12e8b_3587,11605.23094657626
00e12e8b_3588,11605.220100822717
00e12e8b_3589,11605.140340464988
00e12e8b_3590,11605.134443708943
00e12e8b_3591,11605.151141023334
00e12e8b_3592,11605.1468784836
00e12e8b_3593,11605.160388046219
00e12e8b_3594,11605.167202242934
00e12e8b_3595,11605.18069521162
00e12e8b_3596,11605.186444535595
00e12e8b_3597,11605.193548840036
00e12e8b_3598,11605.184730979561
00e12e8b_3599,11605.177708124884
00e12e8b_3600,11605.174352529422
00e12e8b_3601,11605.180672913577
00e12e8b_3602,11605.175711139833
00e12e8b_3603,11605.183705222411
00e12e8b_3604,11605.175271311216
00e12e8b_3605,11605.187036222042
00e12e8b_3606,11605.196334931086
00e12e8b_3607,11605.20150461181
00e12e8b_3608,11605.206297781913
00e12e8b_3609,11605.215958696463
00e12e8b_3610,11605.219852933154
00e12e8b_3611,11605.221236336107
00e12e8b_3612,11605.234775081162
00e12e8b_3613,11605.22482311119
00e12e8b_3614,11605.24696952989
00e12e8b_3615,11605.236405301006
00e12e8b_3616,11605.25184147648
00e12e8b_3617,11605.25280087583
00e12e8b_3618,11605.266697248755
00e12e8b_3619,11605.27251294846
00e12e8b_3620,11605.286556377963
00e12e8b_3621,11605.292876762116
00e12e8b_3622,11605.301538035248
00e12e8b_3623,11605.148647642118
00e12e8b_3624,11605.031817010036
00e12e8b_3625,11605.043412548304
00e12e8b_3626,11605.063755378136
00e12e8b_3627,11605.04883495571
00e12e8b_3628,11605.068205609945
00e12e8b_3629,11605.086251038349
00e12e8b_3630,11605.004965755388
00e12e8b_3631,11605.009967207963
00e12e8b_3632,11605.00288999385
00e12e8b_3633,11605.032988339733
00e12e8b_3634,11605.017978653392
00e12e8b_3635,11605.013158214182
00e12e8b_3636,11605.032998648385
00e12e8b_3637,11605.027032655584
00e12e8b_3638,11605.014262005803
00e12e8b_3639,11605.014933586246
00e12e8b_3640,11605.059726718202
00e12e8b_3641,11605.044018370056
00e12e8b_3642,11605.043980416807
00e12e8b_3643,11605.038958561581
00e12e8b_3644,11605.05093690472
00e12e8b_3645,11605.050898951471
00e12e8b_3646,11604.963459035942
00e12e8b_3647,11604.963543534475
00e12e8b_3648,11604.981762340869
00e12e8b_3649,11604.991626960253
00e12e8b_3650,11605.000373491868
00e12e8b_3651,11605.019863736861
00e12e8b_3652,11605.01262859428
00e12e8b_3653,11604.970302433025
00e12e8b_3654,11604.97494625773
00e12e8b_3655,11604.82234368351
00e12e8b_3656,11604.79793324796
00e12e8b_3657,11604.792502838658
00e12e8b_3658,11604.801369533237
00e12e8b_3659,11604.808868658845
00e12e8b_3660,11604.866058031035
00e12e8b_3661,11604.86067454251
00e12e8b_3662,11604.854613563748
00e12e8b_3663,11604.8609339479
00e12e8b_3664,11604.864165571678
00e12e8b_3665,11604.884184533714
00e12e8b_3666,11604.889726719624
00e12e8b_3667,11604.896047103779
00e12e8b_3668,11604.918517390275
00e12e8b_3669,11604.93542584816
00e12e8b_3670,11604.916090867324
00e12e8b_3671,11604.943162823132
00e12e8b_3672,11604.911287406505
00e12e8b_3673,11604.926904970835
00e12e8b_3674,11604.952620801765
00e12e8b_3675,11604.937128746955
00e12e8b_3676,11604.939155307866
00e12e8b_3677,11604.95606147693
00e12e8b_3678,11604.92639477002
00e12e8b_3679,11604.939341283325
00e12e8b_3680,11604.940724686277
00e12e8b_3681,11604.949234325191
00e12e8b_3682,11604.947480902583
00e12e8b_3683,11604.970588624994
00e12e8b_3684,11604.977710095573
00e12e8b_3685,11604.993672127064
00e12e8b_3686,11604.990791461414
00e12e8b_3687,11604.994009352282
00e12e8b_3688,11605.026806787217
00e12e8b_3689,11605.026660115096
00e12e8b_3690,11605.027455291729
00e12e8b_3691,11605.053983653179
00e12e8b_3692,11605.001592413188
00e12e8b_3693,11605.021961564431
00e12e8b_3694,11605.02676560642
00e12e8b_3695,11605.034063316014
00e12e8b_3696,11605.020450381076
00e12e8b_3697,11605.02677076523
00e12e8b_3698,11604.981580147796
00e12e8b_3699,11604.977726734342
00e12e8b_3700,11604.978160277675
00e12e8b_3701,11604.985049433191
00e12e8b_3702,11604.988403508753
00e12e8b_3703,11604.999534989096
00e12e8b_3704,11605.00319233309
00e12e8b_3705,11605.014965826984
00e12e8b_3706,11605.015833101395
00e12e8b_3707,11605.038188946975
00e12e8b_3708,11605.025964180373
00e12e8b_3709,11604.893395633251
00e12e8b_3710,11604.921072981517
00e12e8b_3711,11604.947655130198
00e12e8b_3712,11604.901663426339
00e12e8b_3713,11604.924219543524
00e12e8b_3714,11604.940307460027
00e12e8b_3715,11604.934297979678
00e12e8b_3716,11604.923264543031
00e12e8b_3717,11604.933265347106
00e12e8b_3718,11604.958370063536
00e12e8b_3719,11604.967017031551
00e12e8b_3720,11604.95134416009
00e12e8b_3721,11604.992842538019
00e12e8b_3722,11605.001310978201
00e12e8b_3723,11605.010772765554
00e12e8b_3724,11605.007593409107
00e12e8b_3725,11604.805675954516
00e12e8b_3726,11604.821544144455
00e12e8b_3727,11604.839766384077
00e12e8b_3728,11604.822866705976
00e12e8b_3729,11604.833533556193
00e12e8b_3730,11604.725498853068
00e12e8b_3731,11604.730889976967
00e12e8b_3732,11604.73430928385
00e12e8b_3733,11604.758788008457
00e12e8b_3734,11604.74020719327
00e12e8b_3735,11604.757483006502
00e12e8b_3736,11604.760673431549
00e12e8b_3737,11604.800788218778
00e12e8b_3738,11604.772231588771
00e12e8b_3739,11604.780752671779
00e12e8b_3740,11604.777384487816
00e12e8b_3741,11604.7964993666
00e12e8b_3742,11604.797513125386
00e12e8b_3743,11604.80927517519
00e12e8b_3744,11604.653068856464
00e12e8b_3745,11604.655899937028
00e12e8b_3746,11604.646322188857
00e12e8b_3747,11604.696928919446
00e12e8b_3748,11604.677633992931
00e12e8b_3749,11604.67472471705
00e12e8b_3750,11604.388632534065
00e12e8b_3751,11604.385580207037
00e12e8b_3752,11604.444811205205
00e12e8b_3753,11604.414423520511
00e12e8b_3754,11604.40128894861
00e12e8b_3755,11604.43456817981
00e12e8b_3756,11604.414549986692
00e12e8b_3757,11604.439897317867
00e12e8b_3758,11604.429401753536
00e12e8b_3759,11604.469620682
00e12e8b_3760,11604.444747905143
00e12e8b_3761,11604.46078775646
00e12e8b_3762,11604.467458329822
00e12e8b_3763,11604.40541285399
00e12e8b_3764,11604.424135200425
00e12e8b_3765,11604.251202197127
00e12e8b_3766,11604.248247144878
00e12e8b_3767,11604.263425256084
00e12e8b_3768,11604.27763863035
00e12e8b_3769,11604.276066024391
00e12e8b_3770,11604.291446696021
00e12e8b_3771,11604.30173589121
00e12e8b_3772,11604.294578568453
00e12e8b_3773,11604.303042431002
00e12e8b_3774,11604.291754935515
00e12e8b_3775,11604.315683199307
00e12e8b_3776,11604.330530576259
00e12e8b_3777,11604.326759560267
00e12e8b_3778,11604.33577388363
00e12e8b_3779,11604.135215987144
00e12e8b_3780,11604.1548138066
00e12e8b_3781,11604.130752415851
00e12e8b_3782,11604.164251373613
00e12e8b_3783,11604.14128518245
00e12e8b_3784,11604.164648108108
00e12e8b_3785,11604.17515359663
00e12e8b_3786,11604.163842068552
00e12e8b_3787,11604.169570793161
00e12e8b_3788,11604.194945590156
00e12e8b_3789,11604.193890257147
00e12e8b_3790,11604.221220849431
00e12e8b_3791,11604.19804065375
00e12e8b_3792,11604.22096984833
00e12e8b_3793,11604.234956629578
00e12e8b_3794,11604.225812612485
00e12e8b_3795,11604.235584534725
00e12e8b_3796,11604.239032451838
00e12e8b_3797,11604.26023816619
00e12e8b_3798,11604.241824434745
00e12e8b_3799,11604.247196103688
00e12e8b_3800,11604.073348717457
00e12e8b_3801,11604.089760501756
00e12e8b_3802,11604.092893706345
00e12e8b_3803,11604.10298034111
00e12e8b_3804,11604.106428258221
00e12e8b_3805,11604.108330078532
00e12e8b_3806,11604.111850093423
00e12e8b_3807,11604.124810339637
00e12e8b_3808,11604.131130723792
00e12e8b_3809,11604.140251477207
00e12e8b_3810,11604.147700248812
00e12e8b_3811,11604.143321551544
00e12e8b_3812,11604.160022871369
00e12e8b_3813,11604.092679925443
00e12e8b_3814,11604.105689381253
00e12e8b_3815,11604.125378753442
00e12e8b_3816,11604.104963450342
00e12e8b_3817,11604.112807043113
00e12e8b_3818,11604.115719376729
00e12e8b_3819,11604.125201763447
00e12e8b_3820,11604.128360145036
00e12e8b_3821,11604.103423281265
00e12e8b_3822,11604.11539246913
00e12e8b_3823,11604.117655922742
00e12e8b_3824,11604.120814304331
00e12e8b_3825,11604.137792571177
00e12e8b_3826,11604.139127908944
00e12e8b_3827,11604.168694676764
00e12e8b_3828,11604.140447037236
00e12e8b_3829,11604.155665202761
00e12e8b_3830,11604.168288992678
00e12e8b_3831,11604.16866760437
00e12e8b_3832,11604.17087727075
00e12e8b_3833,11604.173777015865
00e12e8b_3834,11604.164406405756
00e12e8b_3835,11603.898105635126
00e12e8b_3836,11603.911644952384
00e12e8b_3837,11603.906635685658
00e12e8b_3838,11603.917197250232
00e12e8b_3839,11603.922240473741
00e12e8b_3840,11603.92983801854
00e12e8b_3841,11603.942798264754
00e12e8b_3842,11603.94378799095
00e12e8b_3843,11603.946628226786
00e12e8b_3844,11603.954209749856
00e12e8b_3845,11603.964181943702
00e12e8b_3846,11603.977721260962
00e12e8b_3847,11603.978625156467
00e12e8b_3848,11603.987489562227
00e12e8b_3849,11603.98665281137
00e12e8b_3850,11603.995783864471
00e12e8b_3851,11604.006450714689
00e12e8b_3852,11603.992235820522
00e12e8b_3853,11603.985442419886
00e12e8b_3854,11603.99131419564
00e12e8b_3855,11604.01358764376
00e12e8b_3856,11604.004534034993
00e12e8b_3857,11604.020945819293
00e12e8b_3858,11604.029068647906
00e12e8b_3859,11604.026726998978
00e12e8b_3860,11604.029815571608
00e12e8b_3861,11604.047450729322
00e12e8b_3862,11604.05302495869
00e12e8b_3863,11604.048646261423
00e12e8b_3864,11604.06686049018
00e12e8b_3865,11604.068274792182
00e12e8b_3866,11603.89326926386
00e12e8b_3867,11603.903563036685
00e12e8b_3868,11603.904629438295
00e12e8b_3869,11603.921041222595
00e12e8b_3870,11603.921945118102
00e12e8b_3871,11603.923590590755
00e12e8b_3872,11603.918033152033
00e12e8b_3873,11603.940358098565
00e12e8b_3874,11603.934784638113
00e12e8b_3875,11603.941105022268
00e12e8b_3876,11603.95210031792
00e12e8b_3877,11603.96383719072
00e12e8b_3878,11603.960066174728
00e12e8b_3879,11603.990778496138
00e12e8b_3880,11603.973286014081
00e12e8b_3881,11603.931405027995
00e12e8b_3882,11603.937725412148
00e12e8b_3883,11603.955939640908
00e12e8b_3884,11603.957006042518
00e12e8b_3885,11603.96332642667
00e12e8b_3886,11603.986819814974
00e12e8b_3887,11603.967974641268
00e12e8b_3888,11603.897046261383
00e12e8b_3889,11603.924519904813
00e12e8b_3890,11603.918946444363
00e12e8b_3891,11603.9220109844
00e12e8b_3892,11603.93158721267
00e12e8b_3893,11603.905691334006
00e12e8b_3894,11603.90523338259
00e12e8b_3895,11603.910437967792
00e12e8b_3896,11603.918000035907
00e12e8b_3897,11603.936425980362
00e12e8b_3898,11603.930614482802
00e12e8b_3899,11603.936961188367
00e12e8b_3900,11603.936036318004
00e12e8b_3901,11603.957941266366
00e12e8b_3902,11603.951128410774
00e12e8b_3903,11603.968931796637
00e12e8b_3904,11603.97057726929
00e12e8b_3905,11603.980639871463
00e12e8b_3906,11603.981768071168
00e12e8b_3907,11603.981967010619
00e12e8b_3908,11603.970822566282
00e12e8b_3909,11603.981526037594
00e12e8b_3910,11604.000511598138
00e12e8b_3911,11603.993718197502
00e12e8b_3912,11604.000038581657
00e12e8b_3913,11604.00635896581
00e12e8b_3914,11604.02744566161
00e12e8b_3915,11604.030277886583
00e12e8b_3916,11604.037242573106
00e12e8b_3917,11604.035593291732
00e12e8b_3918,11604.035151362043
00e12e8b_3919,11603.974323537577
00e12e8b_3920,11603.976656800149
00e12e8b_3921,11603.967557415017
00e12e8b_3922,11603.958050620215
00e12e8b_3923,11603.951214876439
00e12e8b_3924,11603.957535260592
00e12e8b_3925,11603.993377968354
00e12e8b_3926,11603.978636645965
00e12e8b_3927,11603.97136488229
00e12e8b_3928,11603.992249017665
00e12e8b_3929,11604.022072133143
00e12e8b_3930,11604.009968673912
00e12e8b_3931,11604.014034571983
00e12e8b_3932,11604.018742483602
00e12e8b_3933,11604.015140840167
00e12e8b_3934,11604.012273907427
00e12e8b_3935,11604.037683036697
00e12e8b_3936,11604.033912020705
00e12e8b_3937,11604.056774839552
00e12e8b_3938,11604.057251870432
00e12e8b_3939,11603.91147340815
00e12e8b_3940,11603.92127394062
00e12e8b_3941,11603.916067835517
00e12e8b_3942,11603.90305228217
00e12e8b_3943,11603.910488465273
00e12e8b_3944,11603.9177403985
00e12e8b_3945,11603.952324256165
00e12e8b_3946,11603.925361788144
00e12e8b_3947,11603.92600246954
00e12e8b_3948,11603.947858208307
00e12e8b_3949,11603.987320682305
00e12e8b_3950,11603.951482176688
00e12e8b_3951,11603.94174764446
00e12e8b_3952,11603.940226536914
00e12e8b_3953,11603.980606827074
00e12e8b_3954,11603.960708796922
00e12e8b_3955,11603.967029181074
00e12e8b_3956,11603.986354631146
00e12e8b_3957,11603.981450650066
00e12e8b_3958,11604.009760856607
00e12e8b_3959,11604.013732913125
00e12e8b_3960,11603.767847257848
00e12e8b_3961,11603.780430993444
00e12e8b_3962,11603.701806461824
00e12e8b_3963,11603.662201705598
00e12e8b_3964,11603.671606272492
00e12e8b_3965,11603.666439077298
00e12e8b_3966,11603.666868042996
00e12e8b_3967,11603.712191036402
00e12e8b_3968,11603.682859641382
00e12e8b_3969,11603.693464693502
00e12e8b_3970,11603.704213941182
00e12e8b_3971,11603.719489327166
00e12e8b_3972,11603.755210727555
00e12e8b_3973,11603.724591872207
00e12e8b_3974,11603.739756250503
00e12e8b_3975,11603.731702855359
00e12e8b_3976,11603.743929535289
00e12e8b_3977,11603.774832973031
00e12e8b_3978,11603.767059958136
00e12e8b_3979,11603.759887758062
00e12e8b_3980,11603.769080609258
00e12e8b_3981,11603.758620521608
00e12e8b_3982,11603.80569674988
00e12e8b_3983,11603.765615919432
00e12e8b_3984,11603.76770542285
00e12e8b_3985,11603.784500584225
00e12e8b_3986,11603.790820968377
00e12e8b_3987,11603.800621500846
00e12e8b_3988,11603.819057744986
00e12e8b_3989,11603.795908448354
00e12e8b_3990,11603.706936168934
00e12e8b_3991,11603.713864234362
00e12e8b_3992,11603.720184618514
00e12e8b_3993,11603.749872693708
00e12e8b_3994,11603.722126305402
00e12e8b_3995,11603.736273303935
00e12e8b_3996,11602.984484404642
00e12e8b_3997,11602.97541019651
00e12e8b_3998,11602.987529301978
00e12e8b_3999,11603.01321423386
00e12e8b_4000,11603.000206691378
00e12e8b_4001,11603.006078467133
00e12e8b_4002,11603.01367944516
00e12e8b_4003,11603.026517239592
00e12e8b_4004,11603.01622881332
00e12e8b_4005,11603.042507693568
00e12e8b_4006,11603.084995985435
00e12e8b_4007,11603.051798776207
00e12e8b_4008,11603.061468846028
00e12e8b_4009,11603.0543149565
00e12e8b_4010,11603.057762873614
00e12e8b_4011,11603.067876974197
00e12e8b_4012,11603.10274235652
00e12e8b_4013,11603.082907268872
00e12e8b_4014,11602.912534308909
00e12e8b_4015,11602.93131730903
00e12e8b_4016,11602.937637693183
00e12e8b_4017,11602.943958077338
00e12e8b_4018,11602.941108310733
00e12e8b_4019,11602.950154677554
00e12e8b_4020,11603.002142710022
00e12e8b_4021,11602.976603887022
00e12e8b_4022,11602.969766998838
00e12e8b_4023,11602.976087382991
00e12e8b_4024,11602.99696694073
00e12e8b_4025,11603.02103711126
00e12e8b_4026,11602.997826016532
00e12e8b_4027,11603.030384269949
00e12e8b_4028,11603.012452334766
00e12e8b_4029,11602.97352964641
00e12e8b_4030,11602.979118753097
00e12e8b_4031,11603.004153660568
00e12e8b_4032,11603.01047404472
00e12e8b_4033,11602.988210520793
00e12e8b_4034,11602.99537662333
00e12e8b_4035,11602.997978822059
00e12e8b_4036,11603.033120006994
00e12e8b_4037,11603.00849556693
00e12e8b_4038,11603.032514239047
00e12e8b_4039,11603.046053556305
00e12e8b_4040,11603.046114022247
00e12e8b_4041,11603.058694324613
00e12e8b_4042,11603.059333861598
00e12e8b_4043,11603.064116159814
00e12e8b_4044,11602.991895741967
00e12e8b_4045,11603.020746109642
00e12e8b_4046,11603.004536510274
00e12e8b_4047,11603.009579733784
00e12e8b_4048,11603.036936647477
00e12e8b_4049,11603.03071659584
00e12e8b_4050,11603.020289696058
00e12e8b_4051,11603.026610080213
00e12e8b_4052,11603.042598433116
00e12e8b_4053,11603.032031915414
00e12e8b_4054,11603.040580464241
00e12e8b_4055,11603.056992248541
00e12e8b_4056,11603.064499385015
00e12e8b_4057,11603.066062460208
00e12e8b_4058,11603.029259217652
00e12e8b_4059,11603.071939770263
00e12e8b_4060,11603.04853984802
00e12e8b_4061,11603.047641299068
00e12e8b_4062,11603.054540754267
00e12e8b_4063,11603.062078789788
00e12e8b_4064,11603.06831563207
00e12e8b_4065,11603.076381240224
00e12e8b_4066,11602.776836527331
00e12e8b_4067,11602.79453348314
00e12e8b_4068,11602.802131027938
00e12e8b_4069,11602.808451412093
00e12e8b_4070,11602.789772177715
00e12e8b_4071,11602.805358842998
00e12e8b_4072,11602.821770627297
00e12e8b_4073,11602.817999611305
00e12e8b_4074,11602.82431999546
00e12e8b_4075,11602.830640379612
00e12e8b_4076,11602.836960763765
00e12e8b_4077,11602.837681553803
00e12e8b_4078,11602.849601532072
00e12e8b_4079,11602.863140849333
00e12e8b_4080,11602.86224230038
00e12e8b_4081,11602.868562684534
00e12e8b_4082,11602.724350918419
00e12e8b_4083,11602.74194945504
00e12e8b_4084,11602.620361513997
00e12e8b_4085,11602.626681898151
00e12e8b_4086,11602.625948144121
00e12e8b_4087,11602.633144001296
00e12e8b_4088,11602.637845046462
00e12e8b_4089,11602.644165430615
00e12e8b_4090,11602.660577214916
00e12e8b_4091,11602.664025132028
00e12e8b_4092,11602.663126583077
00e12e8b_4093,11602.66944696723
00e12e8b_4094,11602.686043001408
00e12e8b_4095,11602.692363385562
00e12e8b_4096,11602.69408667804
00e12e8b_4097,11602.702526507996
00e12e8b_4098,11602.708267821103
00e12e8b_4099,11602.707048837581
00e12e8b_4100,11602.716294331598
00e12e8b_4101,11602.71857037371
00e12e8b_4102,11602.72428307659
00e12e8b_4103,11602.725948004201
00e12e8b_4104,11602.736923844897
00e12e8b_4105,11602.743244229052
00e12e8b_4106,11602.738265861373
00e12e8b_4107,11602.740094439498
00e12e8b_4108,11602.749906416058
00e12e8b_4109,11602.754608605632
00e12e8b_4110,11602.770856739418
00e12e8b_4111,11602.75646331742
00e12e8b_4112,11602.77032306925
00e12e8b_4113,11602.779503331943
00e12e8b_4114,11602.69289425748
00e12e8b_4115,11602.692462627472
00e12e8b_4116,11602.727057929229
00e12e8b_4117,11602.733378313384
00e12e8b_4118,11602.73070821902
00e12e8b_4119,11602.737636284448
00e12e8b_4120,11602.743348987327
00e12e8b_4121,11602.74856844985
00e12e8b_4122,11602.745667184834
00e12e8b_4123,11602.77155811037
00e12e8b_4124,11602.726548309587
00e12e8b_4125,11602.733395121964
00e12e8b_4126,11602.845385672133
00e12e8b_4127,11602.845354585339
00e12e8b_4128,11602.846259625254
00e12e8b_4129,11602.83333791346
00e12e8b_4130,11602.853640688973
00e12e8b_4131,11602.83190244886
00e12e8b_4132,11602.842554421757
00e12e8b_4133,11602.845884464725
00e12e8b_4134,11602.756408645264
00e12e8b_4135,11602.762729029419
00e12e8b_4136,11602.785020788084
00e12e8b_4137,11602.796112214108
00e12e8b_4138,11602.811423076777
00e12e8b_4139,11602.811719291009
00e12e8b_4140,11602.8092803673
00e12e8b_4141,11602.812127469595
00e12e8b_4142,11602.824565865223
00e12e8b_4143,11602.806338672472
00e12e8b_4144,11602.839392455062
00e12e8b_4145,11602.83696039781
00e12e8b_4146,11602.859113682965
00e12e8b_4147,11602.861522476542
00e12e8b_4148,11602.878448100564
00e12e8b_4149,11602.871434973365
00e12e8b_4150,11602.87885627915
00e12e8b_4151,11602.878759961033
00e12e8b_4152,11602.807141502413
00e12e8b_4153,11602.823061190766
00e12e8b_4154,11602.827504743866
00e12e8b_4155,11602.841261498868
00e12e8b_4156,11602.848865910122
00e12e8b_4157,11602.838945983607
00e12e8b_4158,11602.84857371029
00e12e8b_4159,11602.864312581993
00e12e8b_4160,11602.865126069173
00e12e8b_4161,11602.864617763751
00e12e8b_4162,11602.88418239534
00e12e8b_4163,11602.875429766189
00e12e8b_4164,11602.883188672682
00e12e8b_4165,11602.889899300366
00e12e8b_4166,11602.90632138435
00e12e8b_4167,11602.916742186593
00e12e8b_4168,11602.913269861396
00e12e8b_4169,11602.91518083698
00e12e8b_4170,11602.92516104169
00e12e8b_4171,11602.942387645327
00e12e8b_4172,11602.485113592835
00e12e8b_4173,11602.494523881775
00e12e8b_4174,11602.497279431333
00e12e8b_4175,11602.500034980892
00e12e8b_4176,11602.505747683772
00e12e8b_4177,11602.508156477348
00e12e8b_4178,11602.51082505181
00e12e8b_4179,11602.5308634688
00e12e8b_4180,11602.523603149219
00e12e8b_4181,11602.537957285815
00e12e8b_4182,11602.554348470749
00e12e8b_4183,11602.578483872603
00e12e8b_4184,11602.584403713543
00e12e8b_4185,11602.58155394694
00e12e8b_4186,11602.54747897587
00e12e8b_4187,11602.55966216825
00e12e8b_4188,11602.572994347449
00e12e8b_4189,11602.576872562413
00e12e8b_4190,11602.610806395664
00e12e8b_4191,11602.604070215486
00e12e8b_4192,11602.607801946075
00e12e8b_4193,11602.610370956938
00e12e8b_4194,11602.623801555324
00e12e8b_4195,11602.608516638575
00e12e8b_4196,11602.616946168846
00e12e8b_4197,11602.617426632956
00e12e8b_4198,11602.622917320454
00e12e8b_4199,11602.61393008742
00e12e8b_4200,11602.61492782448
00e12e8b_4201,11602.636484872452
00e12e8b_4202,11602.646201863052
00e12e8b_4203,11602.673232620129
00e12e8b_4204,11602.684867640513
00e12e8b_4205,11602.666640447762
00e12e8b_4206,11602.489387299811
00e12e8b_4207,11602.496911602422
00e12e8b_4208,11602.492128928716
00e12e8b_4209,11602.518352877321
00e12e8b_4210,11602.52668856604
00e12e8b_4211,11602.530385964355
00e12e8b_4212,11602.528348728269
00e12e8b_4213,11602.55574111865
00e12e8b_4214,11602.546474649775
00e12e8b_4215,11602.55829048681
00e12e8b_4216,11602.549945267325
00e12e8b_4217,11602.581022655264
00e12e8b_4218,11602.578455557727
00e12e8b_4219,11602.590790956529
00e12e8b_4220,11602.587269421738
00e12e8b_4221,11602.579568504621
00e12e8b_4222,11602.581343295515
00e12e8b_4223,11602.378110914775
00e12e8b_4224,11602.384269937234
00e12e8b_4225,11602.39329341587
00e12e8b_4226,11602.390946044898
00e12e8b_4227,11602.417457240208
00e12e8b_4228,11602.432816168062
00e12e8b_4229,11602.420418595673
00e12e8b_4230,11602.436418392668
00e12e8b_4231,11602.440115790983
00e12e8b_4232,11602.455106219082
00e12e8b_4233,11602.466293775477
00e12e8b_4234,11602.494367089317
00e12e8b_4235,11602.472306125816
00e12e8b_4236,11602.490750380819
00e12e8b_4237,11602.480591272784
00e12e8b_4238,11602.486911656939
00e12e8b_4239,11602.509680634232
00e12e8b_4240,11602.500776943069
00e12e8b_4241,11602.507652365673
00e12e8b_4242,11602.520664110301
00e12e8b_4243,11602.533150571115
00e12e8b_4244,11602.522494789497
00e12e8b_4245,11602.545648288275
00e12e8b_4246,11602.532399275457
00e12e8b_4247,11602.536679178042
00e12e8b_4248,11602.564752491882
00e12e8b_4249,11602.56681109625
00e12e8b_4250,11602.572919764707
00e12e8b_4251,11602.564833181697
00e12e8b_4252,11602.612066194026
00e12e8b_4253,11602.593463635063
00e12e8b_4254,11602.58419716619
00e12e8b_4255,11602.61732304656
00e12e8b_4256,11602.617477354053
00e12e8b_4257,11602.608210885179
00e12e8b_4258,11602.614082660933
00e12e8b_4259,11602.651870864302
00e12e8b_4260,11602.65637163786
00e12e8b_4261,11602.632608937907
00e12e8b_4262,11602.660682251748
00e12e8b_4263,11602.648122173256
00e12e8b_4264,11602.657065543248
00e12e8b_4265,11602.657890474522
00e12e8b_4266,11602.685963788363
00e12e8b_4267,11602.67053124283
00e12e8b_4268,11602.689281055083
00e12e8b_4269,11602.691989683866
00e12e8b_4270,11602.678508355984
00e12e8b_4271,11602.684828740137
00e12e8b_4272,11602.719779953148
00e12e8b_4273,11602.704234111105
00e12e8b_4274,11602.704774084494
00e12e8b_4275,11602.729367250018
00e12e8b_4276,11602.713934704485
00e12e8b_4277,11602.727923774552
00e12e8b_4278,11602.744611361464
00e12e8b_4279,11602.746112638562
00e12e8b_4280,11602.746091851452
00e12e8b_4281,11602.767026340829
00e12e8b_4282,11602.757089248176
00e12e8b_4283,11602.782539576177
00e12e8b_4284,11602.764234563603
00e12e8b_4285,11602.774821305178
00e12e8b_4286,11602.793582561524
00e12e8b_4287,11602.78685439221
00e12e8b_4288,11602.789965853026
00e12e8b_4289,11602.86557677978
00e12e8b_4290,11602.850846901483
00e12e8b_4291,11602.872655719475
00e12e8b_4292,11602.862879988515
00e12e8b_4293,11602.880437326405
00e12e8b_4294,11602.898668721302
00e12e8b_4295,11602.873735290757
00e12e8b_4296,11602.901218089462
00e12e8b_4297,11602.890585196028
00e12e8b_4298,11602.91385885777
00e12e8b_4299,11602.900443905619
00e12e8b_4300,11602.920333549417
00e12e8b_4301,11602.940038943336
00e12e8b_4302,11602.925214079076
00e12e8b_4303,11602.953287392918
00e12e8b_4304,11602.930028233004
00e12e8b_4305,11602.968800628267
00e12e8b_4306,11602.949887934417
00e12e8b_4307,11602.968891805509
00e12e8b_4308,11602.962528702725
00e12e8b_4309,11602.952256298182
00e12e8b_4310,11602.988973334557
00e12e8b_4311,11602.96489706649
00e12e8b_4312,11602.99453249886
00e12e8b_4313,11602.984756767903
00e12e8b_4314,11603.012830081743
00e12e8b_4315,11603.012984389235
00e12e8b_4316,11603.02547085005
00e12e8b_4317,11603.010038304517
00e12e8b_4318,11603.03766300996
00e12e8b_4319,11603.024726420846
00e12e8b_4320,11603.045928701973
00e12e8b_4321,11603.032345521673
00e12e8b_4322,11603.051960507268
00e12e8b_4323,11603.058021110537
00e12e8b_4324,11603.07359175409
00e12e8b_4325,11603.07026248004
00e12e8b_4326,11603.081455758482
00e12e8b_4327,11603.066023212947
00e12e8b_4328,11603.101315459895
00e12e8b_4329,11603.110120356378
00e12e8b_4330,11603.101014104788
00e12e8b_4331,11603.12593342693
00e12e8b_4332,11603.10393998357
00e12e8b_4333,11603.136834693285
00e12e8b_4334,11603.12430436943
00e12e8b_4335,11603.149475461592
00e12e8b_4336,11603.141682991742
00e12e8b_4337,11603.14575117863
00e12e8b_4338,11603.138664809243
00e12e8b_4339,11603.166738123084
00e12e8b_4340,11603.159132191931
00e12e8b_4341,11603.183140564366
00e12e8b_4342,11603.18537426334
00e12e8b_4343,11603.204397589387
00e12e8b_4344,11603.201472291777
00e12e8b_4345,11603.229680645902
00e12e8b_4346,11603.23193608865
00e12e8b_4347,11603.241515750147
00e12e8b_4348,11603.248641798364
00e12e8b_4349,11603.245923638815
00e12e8b_4350,11603.276972416523
00e12e8b_4351,11603.283758575213
00e12e8b_4352,11603.293987116716
00e12e8b_4353,11603.294238698989
00e12e8b_4354,11603.310624161879
00e12e8b_4355,11603.31334881239
00e12e8b_4356,11603.348601005015
00e12e8b_4357,11603.30818371827
00e12e8b_4358,11603.327989820198
00e12e8b_4359,11603.325064522589
00e12e8b_4360,11603.320541629764
00e12e8b_4361,11603.319129241092
00e12e8b_4362,11603.349750009766
00e12e8b_4363,11603.49083487451
00e12e8b_4364,11603.520929214963
00e12e8b_4365,11603.515559459347
00e12e8b_4366,11603.545126227167
00e12e8b_4367,11603.534981996452
00e12e8b_4368,11603.56194294457
00e12e8b_4369,11603.54340905016
00e12e8b_4370,11603.565894213976
00e12e8b_4371,11603.5631348557
00e12e8b_4372,11603.580629251082
00e12e8b_4373,11603.58920526573
00e12e8b_4374,11603.59395437608
00e12e8b_4375,11603.602969843852
00e12e8b_4376,11603.618135366556
00e12e8b_4377,11603.584565079933
00e12e8b_4378,11603.630753246678
00e12e8b_4379,11603.615343589328
00e12e8b_4380,11603.638272783908
00e12e8b_4381,11603.633820844452
00e12e8b_4382,11603.634713295867
00e12e8b_4383,11603.628222019253
00e12e8b_4384,11603.658983550258
00e12e8b_4385,11603.63938535531
00e12e8b_4386,11603.67225832125
00e12e8b_4387,11603.659356064414
00e12e8b_4388,11603.69149431966
00e12e8b_4389,11603.677087164753
00e12e8b_4390,11603.698241380693
00e12e8b_4391,11603.701676709305
00e12e8b_4392,11603.708534965772
00e12e8b_4393,11603.68573471394
00e12e8b_4394,11603.723522917307
00e12e8b_4395,11603.709915704416
00e12e8b_4396,11603.738600132758
00e12e8b_4397,11603.73038652033
00e12e8b_4398,11603.517060450626
00e12e8b_4399,11603.497862798891
00e12e8b_4400,11603.523591218323
00e12e8b_4401,11603.517722500304
00e12e8b_4402,11603.551692954648
00e12e8b_4403,11603.524862093685
00e12e8b_4404,11603.566582486994
00e12e8b_4405,11603.56106739141
00e12e8b_4406,11603.574966053153
00e12e8b_4407,11603.559533507618
00e12e8b_4408,11603.580328379077
00e12e8b_4409,11603.573414815477
00e12e8b_4410,11603.610429398239
00e12e8b_4411,11603.601035899947
00e12e8b_4412,11603.618760321575
00e12e8b_4413,11603.603362108317
00e12e8b_4414,11603.628800992226
00e12e8b_4415,11603.624514992103
00e12e8b_4416,11603.652987704747
00e12e8b_4417,11603.638103331212
00e12e8b_4418,11603.638803521884
00e12e8b_4419,11603.669068379304
00e12e8b_4420,11603.69615635684
00e12e8b_4421,11603.697388697781
00e12e8b_4422,11603.678783850002
00e12e8b_4423,11603.710029466089
00e12e8b_4424,11603.696880016869
00e12e8b_4425,11603.698692573264
00e12e8b_4426,11603.695449129902
00e12e8b_4427,11603.73399035451
00e12e8b_4428,11603.713256905656
00e12e8b_4429,11603.71957728981
00e12e8b_4430,11603.752221373914
00e12e8b_4431,11603.73678882838
00e12e8b_4432,11603.755792699474
00e12e8b_4433,11603.76234539869
00e12e8b_4434,11603.794483653937
00e12e8b_4435,11603.779051108404
00e12e8b_4436,11603.78221406763
00e12e8b_4437,11603.809679700198
00e12e8b_4438,11603.779712013673
00e12e8b_4439,11603.802693851074
00e12e8b_4440,11603.79916087219
00e12e8b_4441,11603.805481256344
00e12e8b_4442,11603.82104732226
00e12e8b_4443,11603.816083831902
00e12e8b_4444,11603.822197077994
00e12e8b_4445,11603.84000847472
00e12e8b_4446,11603.837083177112
00e12e8b_4447,11603.865292675646
00e12e8b_4448,11603.875507484237
00e12e8b_4449,11603.851489581037
00e12e8b_4450,11603.8667123242
00e12e8b_4451,11603.885521645732
00e12e8b_4452,11603.884792469338
00e12e8b_4453,11603.662217284644
00e12e8b_4454,11603.663738016698
00e12e8b_4455,11603.71233173154
00e12e8b_4456,11603.706163178316
00e12e8b_4457,11603.711083950044
00e12e8b_4458,11603.72505814279
00e12e8b_4459,11603.739090700406
00e12e8b_4460,11603.732922147183
00e12e8b_4461,11603.746707512415
00e12e8b_4462,11603.756351260827
00e12e8b_4463,11603.771710188681
00e12e8b_4464,11603.756277643148
00e12e8b_4465,11603.7625980273
00e12e8b_4466,11603.781632797441
00e12e8b_4467,11603.767408748
00e12e8b_4468,11603.799547003247
00e12e8b_4469,11603.798869325268
00e12e8b_4470,11603.786369900461
00e12e8b_4471,11603.800624473459
00e12e8b_4472,11603.815938769356
00e12e8b_4473,11603.835362638616
00e12e8b_4474,11603.830717294011
00e12e8b_4475,11603.84975206415
00e12e8b_4476,11603.850235961487
00e12e8b_4477,11603.858327891052
00e12e8b_4478,11603.867393712826
00e12e8b_4479,11603.870256836848
00e12e8b_4480,11603.877140270319
00e12e8b_4481,11603.888434256767
00e12e8b_4482,11603.87706665264
00e12e8b_4483,11603.899866528982
00e12e8b_4484,11603.889707420947
00e12e8b_4485,11603.90467724968
00e12e8b_4486,11603.902348189255
00e12e8b_4487,11603.904603632001
00e12e8b_4488,11603.927703343548
00e12e8b_4489,11603.921309341717
00e12e8b_4490,11603.954620616372
00e12e8b_4491,11603.956056662148
00e12e8b_4492,11603.967869065953
00e12e8b_4493,11603.847711636387
00e12e8b_4494,11603.857797126742
00e12e8b_4495,11603.871115573029
00e12e8b_4496,11603.866672788849
00e12e8b_4497,11603.889472665189
00e12e8b_4498,11603.883078663357
00e12e8b_4499,11603.902113433496
00e12e8b_4500,11603.895719431664
00e12e8b_4501,11603.925386907493
00e12e8b_4502,11603.911162858052
00e12e8b_4503,11603.939062221698
00e12e8b_4504,11603.92380362636
00e12e8b_4505,11603.946903337906
00e12e8b_4506,11603.936444394667
00e12e8b_4507,11603.964132042614
00e12e8b_4508,11603.957738040783
00e12e8b_4509,11603.976772810922
00e12e8b_4510,11603.970378809088
00e12e8b_4511,11603.98941357923
00e12e8b_4512,11603.983019577396
00e12e8b_4513,11604.002054347537
00e12e8b_4514,11603.987830298096
00e12e8b_4515,11604.014695115844
00e12e8b_4516,11604.009854077267
00e12e8b_4517,11604.02357077795
00e12e8b_4518,11604.017176776117
00e12e8b_4519,11604.039976652459
00e12e8b_4520,11604.056189309562
00e12e8b_4521,11604.047681583974
00e12e8b_4522,11604.051107757312
00e12e8b_4523,11604.054096766344
00e12e8b_4524,11604.06374852562
00e12e8b_4525,11604.065184571395
00e12e8b_4526,11604.080154400128
00e12e8b_4527,11604.077825339702
00e12e8b_4528,11604.098888002907
00e12e8b_4529,11604.105208387062
00e12e8b_4530,11604.104132454686
00e12e8b_4531,11604.11784915537
00e12e8b_4532,11604.104232787204
00e12e8b_4533,11604.126724817475
00e12e8b_4534,11604.120330815642
00e12e8b_4535,11604.139365585783
00e12e8b_4536,11604.105980693446
00e12e8b_4537,11604.106556143519
00e12e8b_4538,11604.124337785606
00e12e8b_4539,11604.117943783775
00e12e8b_4540,11604.144868110798
00e12e8b_4541,11604.13546889046
00e12e8b_4542,11604.108500700395
00e12e8b_4543,11604.146721490433
00e12e8b_4544,11604.111758457839
00e12e8b_4545,11604.146920242138
00e12e8b_4546,11604.159328883128
00e12e8b_4547,11604.173713918772
00e12e8b_4548,11604.174727677559
00e12e8b_4549,11604.162525799138
00e12e8b_4550,11604.173001533023
00e12e8b_4551,11604.182145174624
00e12e8b_4552,11604.203364621888
00e12e8b_4553,11604.199350991148
00e12e8b_4554,11604.194127719908
00e12e8b_4555,11604.208668395198
00e12e8b_4556,11604.210533594416
00e12e8b_4557,11604.24984843963
00e12e8b_4558,11604.221548157278
00e12e8b_4559,11604.242614253712
00e12e8b_4560,11604.253804098926
00e12e8b_4561,11604.265151872605
00e12e8b_4562,11604.272276776413
00e12e8b_4563,11604.277792640913
00e12e8b_4564,11604.280518435833
00e12e8b_4565,11604.150465300088
00e12e8b_4566,11604.1310364777
00e12e8b_4567,11604.145273884558
00e12e8b_4568,11604.15784732047
00e12e8b_4569,11604.152596583408
00e12e8b_4570,11604.170488088777
00e12e8b_4571,11604.176808472932
00e12e8b_4572,11604.174061703154
00e12e8b_4573,11604.191489722805
00e12e8b_4574,11604.191704683986
00e12e8b_4575,11604.193869718409
00e12e8b_4576,11604.204966866479
00e12e8b_4577,11604.20607332241
00e12e8b_4578,11604.217700331928
00e12e8b_4579,11604.213592859636
00e12e8b_4580,11604.208818196794
00e12e8b_4581,11604.21845507875
00e12e8b_4582,11604.224775462904
00e12e8b_4583,11604.220510062145
00e12e8b_4584,11604.225130998668
00e12e8b_4585,11604.235906567757
00e12e8b_4586,11604.241422432258
00e12e8b_4587,11604.265538379155
00e12e8b_4588,11604.265018629641
00e12e8b_4589,11604.267262628298
00e12e8b_4590,11604.27693384253
00e12e8b_4591,11604.275033935546
00e12e8b_4592,11604.280917155393
00e12e8b_4593,11604.292544164913
00e12e8b_4594,11604.298230546381
00e12e8b_4595,11604.30394324926
00e12e8b_4596,11604.311505317373
00e12e8b_4597,11604.313126757435
00e12e8b_4598,11604.328311735095
00e12e8b_4599,11604.330702218125
00e12e8b_4600,11604.336083042343
00e12e8b_4601,11604.344506850568
00e12e8b_4602,11604.34155408714
00e12e8b_4603,11604.347429296122
00e12e8b_4604,11604.369584870095
00e12e8b_4605,11604.34358027256
00e12e8b_4606,11604.347141486181
00e12e8b_4607,11604.349847826144
00e12e8b_4608,11604.360606229096
00e12e8b_4609,11604.369910087982
00e12e8b_4610,11604.375120395232
00e12e8b_4611,11604.547706267056
00e12e8b_4612,11604.554475259609
00e12e8b_4613,11604.560347035364
00e12e8b_4614,11604.570018249597
00e12e8b_4615,11604.569671305868
00e12e8b_4616,11604.572085821492
00e12e8b_4617,11604.581863465777
00e12e8b_4618,11604.593016689898
00e12e8b_4619,11604.598717948684
00e12e8b_4620,11604.613828539746
00e12e8b_4621,11604.606489255932
00e12e8b_4622,11604.476998025095
00e12e8b_4623,11604.488187870309
00e12e8b_4624,11604.489638793402
00e12e8b_4625,11604.515574350897
00e12e8b_4626,11604.498480123233
00e12e8b_4627,11604.508151337466
00e12e8b_4628,11604.543226146669
00e12e8b_4629,11604.516589835264
00e12e8b_4630,11604.523347383725
00e12e8b_4631,11604.552018079157
00e12e8b_4632,11604.535550987726
00e12e8b_4633,11604.550528827323
00e12e8b_4634,11604.545278090261
00e12e8b_4635,11604.554949304493
00e12e8b_4636,11604.562074208301
00e12e8b_4637,11604.567590072802
00e12e8b_4638,11604.574714976608
00e12e8b_4639,11604.57688001103
00e12e8b_4640,11604.591420686322
00e12e8b_4641,11604.59179243156
00e12e8b_4642,11604.602389472817
00e12e8b_4643,11604.607335421546
00e12e8b_4644,11604.608786344641
00e12e8b_4645,11604.619976189853
00e12e8b_4646,11604.621427112948
00e12e8b_4647,11604.63596778824
00e12e8b_4648,11604.639385950713
00e12e8b_4649,11604.648608556547
00e12e8b_4650,11604.643357819485
00e12e8b_4651,11604.623486110742
00e12e8b_4652,11604.631599784081
00e12e8b_4653,11604.620965746237
00e12e8b_4654,11604.63109586855
00e12e8b_4655,11604.63426683864
00e12e8b_4656,11604.651842487077
00e12e8b_4657,11604.649505415786
00e12e8b_4658,11604.656262964247
00e12e8b_4659,11604.6264921161
00e12e8b_4660,11604.641032791393
00e12e8b_4661,11604.644572261239
00e12e8b_4662,11604.651754385504
00e12e8b_4663,11604.666295060797
00e12e8b_4664,11604.664395153812
00e12e8b_4665,11604.674053779543
00e12e8b_4666,11604.669919985841
00e12e8b_4667,11604.684460661132
00e12e8b_4668,11604.682560754147
00e12e8b_4669,11604.697857883906
00e12e8b_4670,11604.720427734002
00e12e8b_4671,11604.703037104362
00e12e8b_4672,11604.718157995108
00e12e8b_4673,11604.717584458363
00e12e8b_4674,11604.72699932494
00e12e8b_4675,11604.728238532334
00e12e8b_4676,11604.613432360093
00e12e8b_4677,11604.598184064436
00e12e8b_4678,11604.605093819317
00e12e8b_4679,11604.631024799173
00e12e8b_4680,11604.638034117654
00e12e8b_4681,11604.564604059302
00e12e8b_4682,11604.567573613378
00e12e8b_4683,11604.569254562717
00e12e8b_4684,11604.573281550875
00e12e8b_4685,11604.582049826264
00e12e8b_4686,11604.612508088836
00e12e8b_4687,11604.594690594571
00e12e8b_4688,11604.628950584438
00e12e8b_4689,11604.633262530482
00e12e8b_4690,11604.62563714437
00e12e8b_4691,11604.633141992026
00e12e8b_4692,11604.616426563802
00e12e8b_4693,11604.640607742022
00e12e8b_4694,11604.65843287166
00e12e8b_4695,11604.648328695266
00e12e8b_4696,11604.654617035963
00e12e8b_4697,11604.64840385078
00e12e8b_4698,11604.670778006906
00e12e8b_4699,11604.662026522165
00e12e8b_4700,11604.675390744818
00e12e8b_4701,11604.673685387395
00e12e8b_4702,11604.683670169743
00e12e8b_4703,11604.646432051699
00e12e8b_4704,11604.652312982727
00e12e8b_4705,11604.647817555724
00e12e8b_4706,11604.654127640195
00e12e8b_4707,11604.675960490778
00e12e8b_4708,11604.6838727481
00e12e8b_4709,11604.693349412773
00e12e8b_4710,11604.687006909353
00e12e8b_4711,11604.688602028004
00e12e8b_4712,11604.698480380297
00e12e8b_4713,11604.713839308153
00e12e8b_4714,11604.710914010544
00e12e8b_4715,11604.721020100264
00e12e8b_4716,11604.71674668864
00e12e8b_4717,11604.73822362797
00e12e8b_4718,11604.74184206205
00e12e8b_4719,11604.748410782997
00e12e8b_4720,11604.580225933385
00e12e8b_4721,11604.592192832431
00e12e8b_4722,11604.589515871614
00e12e8b_4723,11604.60766486905
00e12e8b_4724,11604.615839196074
00e12e8b_4725,11604.606554416654
00e12e8b_4726,11604.61482372964
00e12e8b_4727,11604.627470407739
00e12e8b_4728,11604.636065877343
00e12e8b_4729,11604.644575516257
00e12e8b_4730,11604.665901393575
00e12e8b_4731,11604.657216284564
00e12e8b_4732,11604.66045248598
00e12e8b_4733,11604.669042233536
00e12e8b_4734,11604.679634697157
00e12e8b_4735,11604.67941363844
00e12e8b_4736,11604.68951972816
00e12e8b_4737,11604.698388711557
00e12e8b_4738,11604.704916233772
00e12e8b_4739,11604.710018966558
00e12e8b_4740,11604.714452219974
00e12e8b_4741,11604.71595578589
00e12e8b_4742,11604.72634111145
00e12e8b_4743,11604.446387539305
00e12e8b_4744,11604.455270255612
00e12e8b_4745,11604.463806215937
00e12e8b_4746,11604.4644800852
00e12e8b_4747,11604.475656197503
00e12e8b_4748,11604.48235995873
00e12e8b_4749,11604.473206786366
00e12e8b_4750,11604.46606434093
00e12e8b_4751,11604.47602966832
00e12e8b_4752,11604.48383435118
00e12e8b_4753,11604.49099702049
00e12e8b_4754,11604.488930029765
00e12e8b_4755,11604.506186388042
00e12e8b_4756,11604.506412793313
00e12e8b_4757,11604.514762214942
00e12e8b_4758,11604.524038608008
00e12e8b_4759,11604.531115446629
00e12e8b_4760,11604.53159476633
00e12e8b_4761,11604.538626972993
00e12e8b_4762,11604.427678604094
00e12e8b_4763,11604.448563883878
00e12e8b_4764,11604.444177175747
00e12e8b_4765,11604.457827500695
00e12e8b_4766,11604.456369335656
00e12e8b_4767,11604.458236823692
00e12e8b_4768,11604.461387194417
00e12e8b_4769,11604.476883451372
00e12e8b_4770,11604.478096337358
00e12e8b_4771,11604.478441761185
00e12e8b_4772,11604.48916812068
00e12e8b_4773,11604.496740488476
00e12e8b_4774,11604.518775899485
00e12e8b_4775,11604.514516220774
00e12e8b_4776,11604.525406230781
00e12e8b_4777,11604.527959219915
00e12e8b_4778,11604.537656755558
00e12e8b_4779,11604.54526231122
00e12e8b_4780,11604.550090385805
00e12e8b_4781,11604.54923417999
00e12e8b_4782,11604.562879927304
00e12e8b_4783,11604.504910836971
00e12e8b_4784,11604.512723530695
00e12e8b_4785,11604.518653671317
00e12e8b_4786,11604.52476691741
00e12e8b_4787,11604.530789755177
00e12e8b_4788,11604.536719895801
00e12e8b_4789,11604.544981197923
00e12e8b_4790,11604.549360664108
00e12e8b_4791,11604.552511034834
00e12e8b_4792,11604.558196271893
00e12e8b_4793,11604.570981423502
00e12e8b_4794,11604.569479770913
00e12e8b_4795,11604.566496108437
00e12e8b_4796,11604.569375254187
00e12e8b_4797,11604.590445928257
00e12e8b_4798,11604.593943054964
00e12e8b_4799,11604.605532298981
00e12e8b_4800,11604.602770651885
00e12e8b_4801,11604.608493654447
00e12e8b_4802,11604.621786923732
00e12e8b_4803,11604.627717064355
00e12e8b_4804,11604.629638339622
00e12e8b_4805,11604.627508406393
00e12e8b_4806,11604.637596185567
00e12e8b_4807,11604.645221196184
00e12e8b_4808,11604.655389084
00e12e8b_4809,11604.658356349259
00e12e8b_4810,11604.663069982924
00e12e8b_4811,11604.673959992931
00e12e8b_4812,11604.678281094248
00e12e8b_4813,11604.68699100477
00e12e8b_4814,11604.692921145393
00e12e8b_4815,11604.699034391484
00e12e8b_4816,11604.705057229252
00e12e8b_4817,11604.707817356448
00e12e8b_4818,11604.71665200757
00e12e8b_4819,11604.723179529785
00e12e8b_4820,11604.73143625427
00e12e8b_4821,11604.728885178461
00e12e8b_4822,11604.74282847216
00e12e8b_4823,11604.76118346325
00e12e8b_4824,11604.75502292089
00e12e8b_4825,11604.754516904286
00e12e8b_4826,11604.531905098498
00e12e8b_4827,11604.539040301988
00e12e8b_4828,11604.544674040633
00e12e8b_4829,11604.54987633702
00e12e8b_4830,11604.550331624127
00e12e8b_4831,11604.553361831888
00e12e8b_4832,11604.57185186326
00e12e8b_4833,11604.587757818703
00e12e8b_4834,11604.584285493505
00e12e8b_4835,11604.589918087742
00e12e8b_4836,11604.590476371675
00e12e8b_4837,11604.604413943329
00e12e8b_4838,11604.623717649627
00e12e8b_4839,11604.62056461459
00e12e8b_4840,11604.624929203455
00e12e8b_4841,11604.62478939779
00e12e8b_4842,11604.63229996749
00e12e8b_4843,11604.63854367623
00e12e8b_4844,11604.644703843098
00e12e8b_4845,11604.660433559528
00e12e8b_4846,11604.653386100053
00e12e8b_4847,11604.517424379716
00e12e8b_4848,11604.532095517652
00e12e8b_4849,11604.52512931123
00e12e8b_4850,11604.545631213938
00e12e8b_4851,11604.559350203439
00e12e8b_4852,11604.553240015082
00e12e8b_4853,11604.560877614202
00e12e8b_4854,11604.564905746769
00e12e8b_4855,11604.580068980653
00e12e8b_4856,11604.594543280213
00e12e8b_4857,11604.590315644957
00e12e8b_4858,11604.601806469786
00e12e8b_4859,11604.593337654109
00e12e8b_4860,11604.553653933648
00e12e8b_4861,11604.547501402154
00e12e8b_4862,11604.543864282034
00e12e8b_4863,11604.557767521412
00e12e8b_4864,11604.579833831469
00e12e8b_4865,11604.591872828294
00e12e8b_4866,11604.449652334151
00e12e8b_4867,11604.472844742842
00e12e8b_4868,11604.476497509197
00e12e8b_4869,11604.473438315714
00e12e8b_4870,11604.490650042031
00e12e8b_4871,11604.471926175696
00e12e8b_4872,11604.492851509802
00e12e8b_4873,11604.494252078892
00e12e8b_4874,11604.50727526761
00e12e8b_4875,11604.515831827302
00e12e8b_4876,11604.522458913116
00e12e8b_4877,11604.51097686807
00e12e8b_4878,11604.53355358462
00e12e8b_4879,11604.531915747339
00e12e8b_4880,11604.544570436301
00e12e8b_4881,11604.53933343215
00e12e8b_4882,11604.562058921894
00e12e8b_4883,11604.552548693866
00e12e8b_4884,11604.569644834855
00e12e8b_4885,11604.565797143447
00e12e8b_4886,11604.583100422498
00e12e8b_4887,11604.577255737073
00e12e8b_4888,11604.588799204721
00e12e8b_4889,11604.58234798243
00e12e8b_4890,11604.581051179084
00e12e8b_4891,11604.584246181768
00e12e8b_4892,11604.61039345496
00e12e8b_4893,11604.606838732301
00e12e8b_4894,11604.606995328613
00e12e8b_4895,11604.619479500609
00e12e8b_4896,11604.573622837033
00e12e8b_4897,11604.578861754511
00e12e8b_4898,11604.590892740473
00e12e8b_4899,11604.592664098136
00e12e8b_4900,11604.599642517569
00e12e8b_4901,11604.602624660145
00e12e8b_4902,11604.60579219701
00e12e8b_4903,11604.61458336058
00e12e8b_4904,11604.614785733262
00e12e8b_4905,11604.629689186262
00e12e8b_4906,11604.641832324322
00e12e8b_4907,11604.643227171366
00e12e8b_4908,11604.653882577491
00e12e8b_4909,11604.668157749855
00e12e8b_4910,11604.662427505345
00e12e8b_4911,11604.42332247446
00e12e8b_4912,11604.428828039278
00e12e8b_4913,11604.445524781464
00e12e8b_4914,11604.457077404388
00e12e8b_4915,11604.445427131192
00e12e8b_4916,11604.457186892178
00e12e8b_4917,11604.463300138268
00e12e8b_4918,11604.455974587365
00e12e8b_4919,11604.477042972616
00e12e8b_4920,11604.479086699666
00e12e8b_4921,11604.485023706744
00e12e8b_4922,11604.481256123978
00e12e8b_4923,11604.498959946242
00e12e8b_4924,11604.520488383985
00e12e8b_4925,11604.52230094038
00e12e8b_4926,11604.527490648265
00e12e8b_4927,11604.52440513337
00e12e8b_4928,11604.53011783625
00e12e8b_4929,11604.532277148626
00e12e8b_4930,11604.544768187076
00e12e8b_4931,11604.478924417177
00e12e8b_4932,11604.475794270325
00e12e8b_4933,11604.492667251525
00e12e8b_4934,11604.493846949643
00e12e8b_4935,11604.504574453547
00e12e8b_4936,11604.508313050592
00e12e8b_4937,11604.51892268035
00e12e8b_4938,11604.50855300103
00e12e8b_4939,11604.527467608204
00e12e8b_4940,11604.534006574511
00e12e8b_4941,11604.532658272752
00e12e8b_4942,11604.54562652983
00e12e8b_4943,11604.55811871269
00e12e8b_4944,11604.55519341508
00e12e8b_4945,11604.570759480997
00e12e8b_4946,11604.575772949867
00e12e8b_4947,11604.569045924964
00e12e8b_4948,11604.581820776892
00e12e8b_4949,11604.584880739292
00e12e8b_4950,11604.480345639437
00e12e8b_4951,11604.501864921906
00e12e8b_4952,11604.498044696318
00e12e8b_4953,11604.545963209745
00e12e8b_4954,11604.544447824244
00e12e8b_4955,11604.551189350976
00e12e8b_4956,11604.567650344872
00e12e8b_4957,11604.56623566738
00e12e8b_4958,11604.566037496847
00e12e8b_4959,11604.563319337298
00e12e8b_4960,11604.582791271745
00e12e8b_4961,11604.59979700441
00e12e8b_4962,11604.592706057387
00e12e8b_4963,11604.59902644154
00e12e8b_4964,11604.615487435434
00e12e8b_4965,11604.612769275887
00e12e8b_4966,11604.578401336066
00e12e8b_4967,11604.59288250208
00e12e8b_4968,11604.591871801029
00e12e8b_4969,11604.598399323244
00e12e8b_4970,11604.600396129517
00e12e8b_4971,11604.605953192748
00e12e8b_4972,11604.586557558225
00e12e8b_4973,11604.582819730098
00e12e8b_4974,11604.590847572748
00e12e8b_4975,11604.597167956901
00e12e8b_4976,11604.59576701232
00e12e8b_4977,11604.605282586903
00e12e8b_4978,11604.617975041368
00e12e8b_4979,11604.629758834946
00e12e8b_4980,11604.628701213118
00e12e8b_4981,11604.638711172469
00e12e8b_4982,11604.642952165143
00e12e8b_4983,11604.64868203416
00e12e8b_4984,11604.658098045144
00e12e8b_4985,11604.665233248634
00e12e8b_4986,11604.669405576757
00e12e8b_4987,11604.677269768894
00e12e8b_4988,11604.679865101167
00e12e8b_4989,11604.693731719452
00e12e8b_4990,11604.695841822235
00e12e8b_4991,11604.699269139981
00e12e8b_4992,11604.710821762905
00e12e8b_4993,11604.71874431991
00e12e8b_4994,11604.714056632163
00e12e8b_4995,11604.731789064657
00e12e8b_4996,11604.730026486775
00e12e8b_4997,11604.742119270832
00e12e8b_4998,11604.681765231766
00e12e8b_4999,11604.687574065018
00e12e8b_5000,11604.692990365918
00e12e8b_5001,11604.701021641797
00e12e8b_5002,11604.709649154856
00e12e8b_5003,11604.719743800484
00e12e8b_5004,11604.69824359748
00e12e8b_5005,11604.704562837225
00e12e8b_5006,11604.72291897272
00e12e8b_5007,11604.719585121034
00e12e8b_5008,11604.744100466736
00e12e8b_5009,11604.741378873961
00e12e8b_5010,11604.73770284393
00e12e8b_5011,11604.751500797664
00e12e8b_5012,11604.756719115778
00e12e8b_5013,11604.773180109672
00e12e8b_5014,11604.770254812063
00e12e8b_5015,11604.7758874063
00e12e8b_5016,11604.782000652393
00e12e8b_5017,11604.563380545824
00e12e8b_5018,11604.571822664597
00e12e8b_5019,11604.580729413496
00e12e8b_5020,11604.59719040739
00e12e8b_5021,11604.606789523845
00e12e8b_5022,11604.594848570718
00e12e8b_5023,11604.490117776892
00e12e8b_5024,11604.49507860294
00e12e8b_5025,11604.509337753574
00e12e8b_5026,11604.52357859366
00e12e8b_5027,11604.529898977815
00e12e8b_5028,11604.53193354959
00e12e8b_5029,11604.528690106228
00e12e8b_5030,11604.53109203335
00e12e8b_5031,11604.553221285913
00e12e8b_5032,11604.537111250145
00e12e8b_5033,11604.550053185812
00e12e8b_5034,11604.57909466982
00e12e8b_5035,11604.559515929828
00e12e8b_5036,11604.581848887223
00e12e8b_5037,11604.572550374893
00e12e8b_5038,11604.598781189954
00e12e8b_5039,11604.591160381482
00e12e8b_5040,11604.59923171168
00e12e8b_5041,11604.610865587654
00e12e8b_5042,11604.620523068976
00e12e8b_5043,11604.428981972418
00e12e8b_5044,11604.444766620487
00e12e8b_5045,11604.443381697634
00e12e8b_5046,11604.453714380372
00e12e8b_5047,11604.450878346679
00e12e8b_5048,11604.472258011228
00e12e8b_5049,11604.481977290645
00e12e8b_5050,11604.477894995354
00e12e8b_5051,11604.496410203727
00e12e8b_5052,11604.482716015738
00e12e8b_5053,11604.5161028214
00e12e8b_5054,11604.515371356189
00e12e8b_5055,11604.52368987877
00e12e8b_5056,11604.512266198593
00e12e8b_5057,11604.532540363874
00e12e8b_5058,11604.540652892803
00e12e8b_5059,11604.546078348978
00e12e8b_5060,11604.532074026101
00e12e8b_5061,11604.551393754127
00e12e8b_5062,11604.565934429418
00e12e8b_5063,11604.570947898288
00e12e8b_5064,11604.55693098691
00e12e8b_5065,11604.551310605682
00e12e8b_5066,11604.356391213225
00e12e8b_5067,11604.359024311001
00e12e8b_5068,11604.365344695156
00e12e8b_5069,11604.368032724573
00e12e8b_5070,11604.382629475915
00e12e8b_5071,11604.382895935507
00e12e8b_5072,11604.381830302815
00e12e8b_5073,11604.398287863482
00e12e8b_5074,11604.406601808427
00e12e8b_5075,11604.405945874221
00e12e8b_5076,11604.415907768385
00e12e8b_5077,11604.422228152538
00e12e8b_5078,11604.424907026681
00e12e8b_5079,11604.305358422798
00e12e8b_5080,11604.303457371405
00e12e8b_5081,11604.320793838324
00e12e8b_5082,11604.316098139712
00e12e8b_5083,11604.329747320253
00e12e8b_5084,11604.338731888976
00e12e8b_5085,11604.341017086363
00e12e8b_5086,11604.250131354795
00e12e8b_5087,11604.249253405207
00e12e8b_5088,11604.263795224908
00e12e8b_5089,11604.258206887138
00e12e8b_5090,11604.277328632375
00e12e8b_5091,11604.281882048756
00e12e8b_5092,11604.285389475146
00e12e8b_5093,11604.284381062913
00e12e8b_5094,11604.298922882614
00e12e8b_5095,11604.30716358537
00e12e8b_5096,11604.31400810893
00e12e8b_5097,11604.317023439371
00e12e8b_5098,11604.328180096718
00e12e8b_5099,11604.320112968666
00e12e8b_5100,11604.328365115514
00e12e8b_5101,11604.337006361484
00e12e8b_5102,11604.314032159456
00e12e8b_5103,11604.320835484283
00e12e8b_5104,11604.316645614532
00e12e8b_5105,11604.325653071439
00e12e8b_5106,11604.336031530544
00e12e8b_5107,11604.344327164941
00e12e8b_5108,11604.360954098167
00e12e8b_5109,11604.34683762319
00e12e8b_5110,11604.365842638692
00e12e8b_5111,11604.367610563128
00e12e8b_5112,11604.365709511734
00e12e8b_5113,11604.389681263076
00e12e8b_5114,11604.39593298268
00e12e8b_5115,11604.400845743541
00e12e8b_5116,11604.398940114512
00e12e8b_5117,11604.413491089486
00e12e8b_5118,11604.420413432868
00e12e8b_5119,11604.417901266974
00e12e8b_5120,11604.431550447513
00e12e8b_5121,11604.436943860232
00e12e8b_5122,11604.401030968018
00e12e8b_5123,11604.404174472289
00e12e8b_5124,11604.402497725096
00e12e8b_5125,11604.412120874142
00e12e8b_5126,11604.413584385737
00e12e8b_5127,11604.428881515494
00e12e8b_5128,11604.430493800284
00e12e8b_5129,11604.147992773305
00e12e8b_5130,11604.154162095447
00e12e8b_5131,11604.16850478795
00e12e8b_5132,11604.181675605452
00e12e8b_5133,11604.182388384626
00e12e8b_5134,11604.182757841045
00e12e8b_5135,11604.185915078226
00e12e8b_5136,11604.201354114724
00e12e8b_5137,11604.210720916113
00e12e8b_5138,11604.207714365453
00e12e8b_5139,11604.22083940659
00e12e8b_5140,11604.224367432344
00e12e8b_5141,11604.234086711762
00e12e8b_5142,11604.2376376257
00e12e8b_5143,11604.239577211514
00e12e8b_5144,11604.242082135463
00e12e8b_5145,11604.246999473962
00e12e8b_5146,11604.25900528292
00e12e8b_5147,11604.256847883871
00e12e8b_5148,11604.267203454792
00e12e8b_5149,11604.269488652179
00e12e8b_5150,11604.27353852852
00e12e8b_5151,11604.286333979811
00e12e8b_5152,11604.289351599073
00e12e8b_5153,11604.291607041821
00e12e8b_5154,11604.308961819284
00e12e8b_5155,11604.311574317697
00e12e8b_5156,11604.312708239448
00e12e8b_5157,11604.320051725408
00e12e8b_5158,11604.323208962589
00e12e8b_5159,11604.333136524478
00e12e8b_5160,11604.343622558044
00e12e8b_5161,11604.341721506651
00e12e8b_5162,11604.28068196649
00e12e8b_5163,11604.287894989802
00e12e8b_5164,11604.302324657403
00e12e8b_5165,11604.303959830375
00e12e8b_5166,11604.302617250662
00e12e8b_5167,11604.310892285695
00e12e8b_5168,11604.322291557788
00e12e8b_5169,11604.330875583299
00e12e8b_5170,11604.332137678877
00e12e8b_5171,11604.303883172895
00e12e8b_5172,11604.323616032634
00e12e8b_5173,11603.994251449747
00e12e8b_5174,11603.999329005532
00e12e8b_5175,11604.00094129032
00e12e8b_5176,11604.003574388098
00e12e8b_5177,11604.015845699985
00e12e8b_5178,11604.016215156404
00e12e8b_5179,11604.020265032745
00e12e8b_5180,11604.034806852445
00e12e8b_5181,11604.035176308866
00e12e8b_5182,11604.046980701809
00e12e8b_5183,11604.054296721948
00e12e8b_5184,11604.050791208885
00e12e8b_5185,11604.070707174093
00e12e8b_5186,11604.077087067524
00e12e8b_5187,11604.066513683367
00e12e8b_5188,11604.076704459367
00e12e8b_5189,11604.079154451674
00e12e8b_5190,11604.09148527284
00e12e8b_5191,11604.09972139796
00e12e8b_5192,11604.102878635142
00e12e8b_5193,11604.111469527108
00e12e8b_5194,11603.878915094367
00e12e8b_5195,11603.891190983892
00e12e8b_5196,11603.855683212529
00e12e8b_5197,11603.858188136477
00e12e8b_5198,11603.86361588147
00e12e8b_5199,11603.86766575781
00e12e8b_5200,11603.879943936154
00e12e8b_5201,11603.885268684322
00e12e8b_5202,11603.89031419665
00e12e8b_5203,11603.906776334952
00e12e8b_5204,11603.905225472769
00e12e8b_5205,11603.903672321767
00e12e8b_5206,11603.91507159386
00e12e8b_5207,11603.921391978012
00e12e8b_5208,11603.924549215193
00e12e8b_5209,11603.933453675276
00e12e8b_5210,11603.940353130474
00e12e8b_5211,11603.941965415263
00e12e8b_5212,11603.951448946389
00e12e8b_5213,11603.961584790748
00e12e8b_5214,11603.964089714696
00e12e8b_5215,11603.969831027805
00e12e8b_5216,11603.980545943208
00e12e8b_5217,11603.992368646697
00e12e8b_5218,11603.989792393888
00e12e8b_5219,11604.02117305026
00e12e8b_5220,11604.012886195644
00e12e8b_5221,11603.91744342672
00e12e8b_5222,11603.920000993492
00e12e8b_5223,11603.929484524619
00e12e8b_5224,11603.93984009554
00e12e8b_5225,11603.943017932086
00e12e8b_5226,11603.708371519364
00e12e8b_5227,11603.716184213088
00e12e8b_5228,11603.724040394362
00e12e8b_5229,11603.732484801953
00e12e8b_5230,11603.743446909739
00e12e8b_5231,11603.743209829292
00e12e8b_5232,11603.750345032782
00e12e8b_5233,11603.755850597601
00e12e8b_5234,11603.76408672272
00e12e8b_5235,11603.779681398866
00e12e8b_5236,11603.772550397522
00e12e8b_5237,11603.77812462689
00e12e8b_5238,11603.38335019293
00e12e8b_5239,11603.387507643733
00e12e8b_5240,11603.396412103815
00e12e8b_5241,11603.430312749198
00e12e8b_5242,11603.414557480277
00e12e8b_5243,11603.42104265935
00e12e8b_5244,11603.303256445604
00e12e8b_5245,11603.310808214035
00e12e8b_5246,11603.3098867769
00e12e8b_5247,11603.319400062666
00e12e8b_5248,11603.32572044682
00e12e8b_5249,11603.335432859782
00e12e8b_5250,11603.344096993935
00e12e8b_5251,11603.349197437903
00e12e8b_5252,11603.36501412943
00e12e8b_5253,11603.36602445499
00e12e8b_5254,11603.376597463655
00e12e8b_5255,11603.375753846343
00e12e8b_5256,11603.393660229032
00e12e8b_5257,11603.404114219144
00e12e8b_5258,11603.394351076686
00e12e8b_5259,11603.413067701074
00e12e8b_5260,11603.421308403831
00e12e8b_5261,11603.283907016745
00e12e8b_5262,11603.289016615987
00e12e8b_5263,11603.29699639345
00e12e8b_5264,11603.29825848903
00e12e8b_5265,11603.312875839736
00e12e8b_5266,11603.316930293713
00e12e8b_5267,11603.326409247204
00e12e8b_5268,11603.315417009288
00e12e8b_5269,11603.329935940805
00e12e8b_5270,11603.337444221686
00e12e8b_5271,11603.342640796025
00e12e8b_5272,11603.358075254886
00e12e8b_5273,11603.354693338015
00e12e8b_5274,11603.374895405517
00e12e8b_5275,11603.381087615842
00e12e8b_5276,11603.379314738278
00e12e8b_5277,11603.397031149043
00e12e8b_5278,11603.40396035888
00e12e8b_5279,11603.411523571403
00e12e8b_5280,11603.135991996329
00e12e8b_5281,11603.135148379017
00e12e8b_5282,11603.149690198718
00e12e8b_5283,11603.147789147324
00e12e8b_5284,11603.163223606185
00e12e8b_5285,11603.16954399034
00e12e8b_5286,11603.174621546123
00e12e8b_5287,11603.185872045024
00e12e8b_5288,11603.178226059548
00e12e8b_5289,11603.196024867773
00e12e8b_5290,11603.201594519505
00e12e8b_5291,11603.2070222645
00e12e8b_5292,11603.199946194796
00e12e8b_5293,11603.216403755463
00e12e8b_5294,11603.203461444304
00e12e8b_5295,11603.218003264004
00e12e8b_5296,11603.22063636178
00e12e8b_5297,11603.225713917565
00e12e8b_5298,11603.232384490928
00e12e8b_5299,11603.239597514243
00e12e8b_5300,11603.2413929045
00e12e8b_5301,11603.257724580157
00e12e8b_5302,11603.269368755815
00e12e8b_5303,11603.259690299636
00e12e8b_5304,11603.273707979932
00e12e8b_5305,11603.261939832591
00e12e8b_5306,11603.268260216746
00e12e8b_5307,11603.268146732491
00e12e8b_5308,11603.280900985053
00e12e8b_5309,11603.2923071236
00e12e8b_5310,11603.289453923771
00e12e8b_5311,11603.30399574347
00e12e8b_5312,11603.311208766785
00e12e8b_5313,11603.309005591367
00e12e8b_5314,11603.327147722348
00e12e8b_5315,11603.330169919245
00e12e8b_5316,11603.337669044855
00e12e8b_5317,11603.335767993462
00e12e8b_5318,11603.14368444695
00e12e8b_5319,11603.150615945608
00e12e8b_5320,11603.129237049976
00e12e8b_5321,11603.164705535935
00e12e8b_5322,11603.168620371993
00e12e8b_5323,11603.174940756147
00e12e8b_5324,11603.184209138348
00e12e8b_5325,11603.196427807414
00e12e8b_5326,11603.193901908608
00e12e8b_5327,11603.201114931922
00e12e8b_5328,11603.192715925206
00e12e8b_5329,11603.218656060337
00e12e8b_5330,11603.204683780916
00e12e8b_5331,11603.203732589142
00e12e8b_5332,11603.210052973296
00e12e8b_5333,11603.225242528591
00e12e8b_5334,11603.239784348292
00e12e8b_5335,11603.229327693873
00e12e8b_5336,11603.248261756004
00e12e8b_5337,11603.242597887227
00e12e8b_5338,11603.267757535297
00e12e8b_5339,11603.268699196307
00e12e8b_5340,11603.28479970131
00e12e8b_5341,11603.283166441664
00e12e8b_5342,11603.280372751111
00e12e8b_5343,11603.26991838551
00e12e8b_5344,11603.259386200083
00e12e8b_5345,11603.263014933846
00e12e8b_5346,11603.262883139045
00e12e8b_5347,11603.260089448491
00e12e8b_5348,11603.278318554569
00e12e8b_5349,11603.288829765139
00e12e8b_5350,11603.264216769165
00e12e8b_5351,11603.298172346189
00e12e8b_5352,11603.296271294796
00e12e8b_5353,11603.306990787838
00e12e8b_5354,11603.276779342157
00e12e8b_5355,11603.252802637688
00e12e8b_5356,11603.290418035269
00e12e8b_5357,11603.283905014881
00e12e8b_5358,11603.314837062853
00e12e8b_5359,11603.308186713364
00e12e8b_5360,11603.291438097274
00e12e8b_5361,11603.316220090313
00e12e8b_5362,11603.32433719688
00e12e8b_5363,11603.33615990037
00e12e8b_5364,11603.335181242775
00e12e8b_5365,11603.33601761814
00e12e8b_5366,11603.347822011083
00e12e8b_5367,11603.358143249729
00e12e8b_5368,11603.356981486666
00e12e8b_5369,11603.348516104217
00e12e8b_5370,11603.364978242522
00e12e8b_5371,11603.375299481168
00e12e8b_5372,11603.369937736416
00e12e8b_5373,11603.375640139611
00e12e8b_5374,11603.369781721274
00e12e8b_5375,11603.376102105429
00e12e8b_5376,11603.357476658284
00e12e8b_5377,11603.389120528765
00e12e8b_5378,11603.398549128251
00e12e8b_5379,11603.375922826614
00e12e8b_5380,11603.411189896558
00e12e8b_5381,11603.338742885691
00e12e8b_5382,11603.320117438547
00e12e8b_5383,11603.350113359811
00e12e8b_5384,11603.343794888984
00e12e8b_5385,11603.363131783148
00e12e8b_5386,11603.37637355402
00e12e8b_5387,11603.362778929628
00e12e8b_5388,11603.384338266418
00e12e8b_5389,11603.380304036315
00e12e8b_5390,11603.402996338193
00e12e8b_5391,11603.381530467464
00e12e8b_5392,11603.25281743487
00e12e8b_5393,11603.253935334891
00e12e8b_5394,11603.262349987845
00e12e8b_5395,11603.247290519703
00e12e8b_5396,11603.260035616991
00e12e8b_5397,11603.283721266038
00e12e8b_5398,11603.269554437056
00e12e8b_5399,11603.299303165937
00e12e8b_5400,11603.27487785307
00e12e8b_5401,11603.29959118156
00e12e8b_5402,11603.312464452676
00e12e8b_5403,11603.306063584387
00e12e8b_5404,11603.32753594608
00e12e8b_5405,11603.34989179166
00e12e8b_5406,11603.318291033236
00e12e8b_5407,11603.341459409332
00e12e8b_5408,11603.341293282256
00e12e8b_5409,11603.330218646877
00e12e8b_5410,11603.173801756862
00e12e8b_5411,11603.187100748193
00e12e8b_5412,11603.193782765647
00e12e8b_5413,11603.177180633931
00e12e8b_5414,11603.183501018086
00e12e8b_5415,11603.189821402239
00e12e8b_5416,11603.20586926442
00e12e8b_5417,11603.223688672011
00e12e8b_5418,11603.224055839612
00e12e8b_5419,11603.222109011853
00e12e8b_5420,11603.243984205576
00e12e8b_5421,11603.23619860218
00e12e8b_5422,11603.244077671638
00e12e8b_5423,11603.251224319218
00e12e8b_5424,11603.26721496094
00e12e8b_5425,11603.2625902157
00e12e8b_5426,11603.206842423584
00e12e8b_5427,11603.219587520873
00e12e8b_5428,11603.24327316992
00e12e8b_5429,11603.246061907344
00e12e8b_5430,11603.233641446772
00e12e8b_5431,11603.234207741569
00e12e8b_5432,11603.260898609122
00e12e8b_5433,11603.27008459386
00e12e8b_5434,11603.263830209948
00e12e8b_5435,11603.270704488144
00e12e8b_5436,11603.276470978255
00e12e8b_5437,11603.283345256452
00e12e8b_5438,11603.294943655743
00e12e8b_5439,11603.293880311869
00e12e8b_5440,11603.302434582742
00e12e8b_5441,11603.306521080176
00e12e8b_5442,11603.307934237768
00e12e8b_5443,11603.311414198337
00e12e8b_5444,11603.31959081418
00e12e8b_5445,11603.323677311615
00e12e8b_5446,11603.343510879362
00e12e8b_5447,11603.32504793832
00e12e8b_5448,11603.327541418177
00e12e8b_5449,11603.350419114344
00e12e8b_5450,11603.362056423546
00e12e8b_5451,11603.362453345784
00e12e8b_5452,11603.356844408649
00e12e8b_5453,11603.372860227373
00e12e8b_5454,11603.380302132524
00e12e8b_5455,11603.379154102371
00e12e8b_5456,11603.379464049513
00e12e8b_5457,11603.393445108715
00e12e8b_5458,11603.401218892526
00e12e8b_5459,11603.412158112129
00e12e8b_5460,11603.414580638617
00e12e8b_5461,11603.421562491276
00e12e8b_5462,11603.348506654727
00e12e8b_5463,11603.362604443666
00e12e8b_5464,11603.358039207702
00e12e8b_5465,11603.244560550109
00e12e8b_5466,11603.241700483823
00e12e8b_5467,11603.244800500544
00e12e8b_5468,11603.260752232354
00e12e8b_5469,11603.260661636283
00e12e8b_5470,11603.28215688616
00e12e8b_5471,11603.26578363628
00e12e8b_5472,11603.272104020434
00e12e8b_5473,11603.280658291307
00e12e8b_5474,11603.28512244377
00e12e8b_5475,11603.286265520795
00e12e8b_5476,11603.310505063884
00e12e8b_5477,11603.305939827922
00e12e8b_5478,11603.322431720864
00e12e8b_5479,11603.272618834753
00e12e8b_5480,11603.351123972325
00e12e8b_5481,11603.344324849642
00e12e8b_5482,11603.37190377872
00e12e8b_5483,11603.378414134797
00e12e8b_5484,11603.327891714995
00e12e8b_5485,11603.394062410427
00e12e8b_5486,11603.373260297023
00e12e8b_5487,11603.379516594263
00e12e8b_5488,11603.344324679832
00e12e8b_5489,11603.39560432302
00e12e8b_5490,11603.410839654682
00e12e8b_5491,11603.383873753435
00e12e8b_5492,11603.36476078798
00e12e8b_5493,11603.399132929946
00e12e8b_5494,11603.385998358044
00e12e8b_5495,11603.332578294201
00e12e8b_5496,11603.361796017221
00e12e8b_5497,11603.397573493661
00e12e8b_5498,11603.342326952765
00e12e8b_5499,11603.408959989507
00e12e8b_5500,11603.424813302126
00e12e8b_5501,11603.368850361085
00e12e8b_5502,11603.432487334594
00e12e8b_5503,11603.44834751367
00e12e8b_5504,11603.377640004757
00e12e8b_5505,11603.452480744136
00e12e8b_5506,11603.396323253533
00e12e8b_5507,11603.470152335198
00e12e8b_5508,11603.430048616567
00e12e8b_5509,11603.478316174793
00e12e8b_5510,11603.487190880236
00e12e8b_5511,11603.421882693834
00e12e8b_5512,11603.486217756941
00e12e8b_5513,11603.442312311017
00e12e8b_5514,11603.491447331402
00e12e8b_5515,11603.453206710916
00e12e8b_5516,11603.53193386387
00e12e8b_5517,11603.465847479223
00e12e8b_5518,11603.476644792088
00e12e8b_5519,11603.534541409153
00e12e8b_5520,11603.48360242441
00e12e8b_5521,11603.54952592746
00e12e8b_5522,11603.493368436857
00e12e8b_5523,11603.564210610562
00e12e8b_5524,11603.505631550135
00e12e8b_5525,11603.518156920862
00e12e8b_5526,11603.316487803062
00e12e8b_5527,11603.266377370564
00e12e8b_5528,11603.280074616292
00e12e8b_5529,11603.336620830523
00e12e8b_5530,11603.280097128983
00e12e8b_5531,11603.299035768752
00e12e8b_5532,11603.355916150464
00e12e8b_5533,11603.299149834178
00e12e8b_5534,11603.328795566233
00e12e8b_5535,11603.377106612008
00e12e8b_5536,11603.32854570954
00e12e8b_5537,11603.334866093694
00e12e8b_5538,11603.406772567934
00e12e8b_5539,11603.35892119916
00e12e8b_5540,11603.353827246156
00e12e8b_5541,11603.360147630308
00e12e8b_5542,11603.372295346006
00e12e8b_5543,11603.423934333674
00e12e8b_5544,11603.385615893365
00e12e8b_5545,11603.397331022392
00e12e8b_5546,11603.384315469046
00e12e8b_5547,11603.389051990895
00e12e8b_5548,11603.466737731495
00e12e8b_5549,11603.414313303636
00e12e8b_5550,11603.40959700566
00e12e8b_5551,11603.368948548261
00e12e8b_5552,11603.390526195599
00e12e8b_5553,11603.375761985026
00e12e8b_5554,11603.393496706338
00e12e8b_5555,11603.40910969303
00e12e8b_5556,11603.456823357214
00e12e8b_5557,11603.400665866611
00e12e8b_5558,11603.399952711947
00e12e8b_5559,11603.422152917878
00e12e8b_5560,11603.417052098417
00e12e8b_5561,11603.442033218655
00e12e8b_5562,11603.432645442408
00e12e8b_5563,11603.46473792129
00e12e8b_5564,11603.456345781029
00e12e8b_5565,11603.474906765769
00e12e8b_5566,11603.481227149921
00e12e8b_5567,11603.462121050921
00e12e8b_5568,11603.475474973893
00e12e8b_5569,11603.553119515762
00e12e8b_5570,11603.509200336926
00e12e8b_5571,11603.489528899792
00e12e8b_5572,11603.50296979786
00e12e8b_5573,11603.507152425667
00e12e8b_5574,11603.511538758306
00e12e8b_5575,11603.572204845586
00e12e8b_5576,11603.392870017336
00e12e8b_5577,11603.406775545534
00e12e8b_5578,11603.398383405274
00e12e8b_5579,11603.45377834387
00e12e8b_5580,11603.41561554321
00e12e8b_5581,11603.403332411737
00e12e8b_5582,11603.437770929437
00e12e8b_5583,11603.479059880485
00e12e8b_5584,11603.429327103018
00e12e8b_5585,11603.442768001087
00e12e8b_5586,11603.493113806384
00e12e8b_5587,11603.443381028916
00e12e8b_5588,11603.517844113265
00e12e8b_5589,11603.46542884068
00e12e8b_5590,11603.461330523662
00e12e8b_5591,11603.523704069437
00e12e8b_5592,11603.465761300515
00e12e8b_5593,11603.532945942481
00e12e8b_5594,11603.478402068822
00e12e8b_5595,11603.540775614596
00e12e8b_5596,11603.495634206758
00e12e8b_5597,11603.564475953217
00e12e8b_5598,11603.492369976286
00e12e8b_5599,11603.55581926669
00e12e8b_5600,11603.507043215297
00e12e8b_5601,11603.590077924402
00e12e8b_5602,11603.440976097861
00e12e8b_5603,11603.50106998055
00e12e8b_5604,11603.436350020465
00e12e8b_5605,11603.494937860674
00e12e8b_5606,11603.512445988968
00e12e8b_5607,11603.455890243971
00e12e8b_5608,11603.5066388813
00e12e8b_5609,11603.473751806956
00e12e8b_5610,11603.544932725777
00e12e8b_5611,11603.531958371163
00e12e8b_5612,11603.533895668159
00e12e8b_5613,11603.488326251287
00e12e8b_5614,11603.546914091496
00e12e8b_5615,11603.558196633852
00e12e8b_5616,11603.458661457702
00e12e8b_5617,11603.502186584288
00e12e8b_5618,11603.524457743588
00e12e8b_5619,11603.524172597956
00e12e8b_5620,11603.513889893731
00e12e8b_5621,11603.475154888481
00e12e8b_5622,11603.53121587322
00e12e8b_5623,11603.538355654346
00e12e8b_5624,11603.55766508269
00e12e8b_5625,11603.564283013231
00e12e8b_5626,11603.482085636153
00e12e8b_5627,11603.431535750531
00e12e8b_5628,11603.48582518986
00e12e8b_5629,11603.506251561563
00e12e8b_5630,11603.493277206948
00e12e8b_5631,11603.523350948035
00e12e8b_5632,11603.530277869053
00e12e8b_5633,11603.52105259891
00e12e8b_5634,11603.559780362215
00e12e8b_5635,11603.541134315705
00e12e8b_5636,11603.546557483061
00e12e8b_5637,11603.558446562283
00e12e8b_5638,11603.56146875918
00e12e8b_5639,11603.591613453638
00e12e8b_5640,11603.567023345848
00e12e8b_5641,11603.589683604268
00e12e8b_5642,11603.581898000873
00e12e8b_5643,11603.602324372576
00e12e8b_5644,11603.6600539059
00e12e8b_5645,11603.600859153335
00e12e8b_5646,11603.607786074353
00e12e8b_5647,11603.613499921641
00e12e8b_5648,11603.62680349061
00e12e8b_5649,11603.645222568612
00e12e8b_5650,11603.646567061653
00e12e8b_5651,11603.698112207769
00e12e8b_5652,11603.63809805823
00e12e8b_5653,11603.665528214113
00e12e8b_5654,11603.669156947875
00e12e8b_5655,11603.720670050536
00e12e8b_5656,11603.674642869992
00e12e8b_5657,11603.678955960444
00e12e8b_5658,11603.68504975158
00e12e8b_5659,11603.74595158715
00e12e8b_5660,11603.69908212145
00e12e8b_5661,11603.69841932079
00e12e8b_5662,11603.735679951526
00e12e8b_5663,11603.684411376938
00e12e8b_5664,11603.649798533554
00e12e8b_5665,11603.644098043684
00e12e8b_5666,11603.658223298442
00e12e8b_5667,11603.666777569315
00e12e8b_5668,11603.67309795347
00e12e8b_5669,11603.73445755271
00e12e8b_5670,11603.676697889256
00e12e8b_5671,11603.69205910593
00e12e8b_5672,11603.692080661958
00e12e8b_5673,11603.693232894257
00e12e8b_5674,11603.704011896574
00e12e8b_5675,11603.713264257047
00e12e8b_5676,11603.709248337489
00e12e8b_5677,11603.725053584923
00e12e8b_5678,11603.719501868247
00e12e8b_5679,11603.725144762167
00e12e8b_5680,11603.794437405842
00e12e8b_5681,11603.742026710894
00e12e8b_5682,11603.731744006669
00e12e8b_5683,11603.679910093948
00e12e8b_5684,11603.6862304781
00e12e8b_5685,11603.692550862255
00e12e8b_5686,11603.651137939523
00e12e8b_5687,11603.71622831269
00e12e8b_5688,11603.711134359686
00e12e8b_5689,11603.71745474384
00e12e8b_5690,11603.732692364321
00e12e8b_5691,11603.741509849306
00e12e8b_5692,11603.732833895569
00e12e8b_5693,11603.75094627191
00e12e8b_5694,11603.733252373837
00e12e8b_5695,11603.751795048029
00e12e8b_5696,11603.76347584478
00e12e8b_5697,11603.767862177421
00e12e8b_5698,11603.70803342217
00e12e8b_5699,11603.775298172779
00e12e8b_5700,11603.79392782207
00e12e8b_5701,11603.775723517503
00e12e8b_5702,11603.786269060347
00e12e8b_5703,11603.795011014325
00e12e8b_5704,11603.734207222453
00e12e8b_5705,11603.80236690104
00e12e8b_5706,11603.8163800037
00e12e8b_5707,11603.82569187345
00e12e8b_5708,11603.774935994175
00e12e8b_5709,11603.828026092684
00e12e8b_5710,11603.852080241486
00e12e8b_5711,11603.860426229889
00e12e8b_5712,11603.801043794218
00e12e8b_5713,11603.85731077261
00e12e8b_5714,11603.857751182399
00e12e8b_5715,11603.809702975244
00e12e8b_5716,11603.883218488792
00e12e8b_5717,11603.880015099752
00e12e8b_5718,11603.820744816181
00e12e8b_5719,11603.888904494768
00e12e8b_5720,11603.895224878923
00e12e8b_5721,11603.835837865616
00e12e8b_5722,11603.917513016615
00e12e8b_5723,11603.853076870006
00e12e8b_5724,11603.910859046151
00e12e8b_5725,11603.921990526498
00e12e8b_5726,11603.877540341804
00e12e8b_5727,11603.93819498499
00e12e8b_5728,11603.899114368167
00e12e8b_5729,11603.963522673463
00e12e8b_5730,11603.900427774413
00e12e8b_5731,11603.955101735228
00e12e8b_5732,11603.91306854272
00e12e8b_5733,11603.967742503535
00e12e8b_5734,11603.915189901849
00e12e8b_5735,11603.996874208122
00e12e8b_5736,11603.934864208975
00e12e8b_5737,11604.004060722278
00e12e8b_5738,11603.947504977281
00e12e8b_5739,11604.016701490586
00e12e8b_5740,11603.963253960921
00e12e8b_5741,11604.017927921735
00e12e8b_5742,11603.976272384258
00e12e8b_5743,11603.985364527445
00e12e8b_5744,11604.042455480447
00e12e8b_5745,11603.986936570167
00e12e8b_5746,11603.99844570554
00e12e8b_5747,11604.055850226658
00e12e8b_5748,11604.01650868454
00e12e8b_5749,11604.068490994965
00e12e8b_5750,11604.023786751433
00e12e8b_5751,11604.024481220058
00e12e8b_5752,11604.036368010462
00e12e8b_5753,11604.094150186607
00e12e8b_5754,11604.04863112374
00e12e8b_5755,11604.05691073641
00e12e8b_5756,11604.000792155719
00e12e8b_5757,11604.069551504717
00e12e8b_5758,11604.024261323686
00e12e8b_5759,11604.078987927322
00e12e8b_5760,11604.033651969923
00e12e8b_5761,11604.081292391918
00e12e8b_5762,11604.036150984079
00e12e8b_5763,11604.120261437813
00e12e8b_5764,11604.127202091742
00e12e8b_5765,11604.067945541081
00e12e8b_5766,11604.119927851505
00e12e8b_5767,11604.134687108948
00e12e8b_5768,11604.141007493103
00e12e8b_5769,11604.099145961973
00e12e8b_5770,11604.16836536346
00e12e8b_5771,11604.14949501275
00e12e8b_5772,11604.161004148125
00e12e8b_5773,11604.16029099346
00e12e8b_5774,11604.165881244558
00e12e8b_5775,11604.117929167774
00e12e8b_5776,11604.11014356438
00e12e8b_5777,11604.111275197312
00e12e8b_5778,11604.03597860759
00e12e8b_5779,11604.048485667769
00e12e8b_5780,11604.071313009928
00e12e8b_5781,11604.110381807168
00e12e8b_5782,11604.079824749915
00e12e8b_5783,11604.08345348368
00e12e8b_5784,11604.093902896153
00e12e8b_5785,11604.132664991732
00e12e8b_5786,11604.095129327303
00e12e8b_5787,11604.098146946564
00e12e8b_5788,11604.160117660307
00e12e8b_5789,11604.10559896365
00e12e8b_5790,11604.169007055323
00e12e8b_5791,11604.131459946802
00e12e8b_5792,11604.139668606102
00e12e8b_5793,11604.207251502463
00e12e8b_5794,11604.210880236225
00e12e8b_5795,11604.151552732195
00e12e8b_5796,11604.206821785781
00e12e8b_5797,11604.161172260268
00e12e8b_5798,11604.21984020912
00e12e8b_5799,11604.226160593273
00e12e8b_5800,11604.180133412729
00e12e8b_5801,11604.23880136158
00e12e8b_5802,11604.24015958753
00e12e8b_5803,11604.259910757817
00e12e8b_5804,11604.264693056033
00e12e8b_5805,11604.268516339356
00e12e8b_5806,11604.213571922486
00e12e8b_5807,11604.283654208495
00e12e8b_5808,11604.292895124874
00e12e8b_5809,11604.284502984614
00e12e8b_5810,11604.297275547722
00e12e8b_5811,11604.29752140795
00e12e8b_5812,11604.315256129263
00e12e8b_5813,11604.321576513415
00e12e8b_5814,11604.32495118834
00e12e8b_5815,11604.336908932115
00e12e8b_5816,11604.324161170516
00e12e8b_5817,11604.333209826154
00e12e8b_5818,11604.346703367046
00e12e8b_5819,11604.345850594462
00e12e8b_5820,11604.352170978615
00e12e8b_5821,11604.353529204565
00e12e8b_5822,11604.364811746922
00e12e8b_5823,11604.370754476047
00e12e8b_5824,11604.370041321381
00e12e8b_5825,11604.392539073699
00e12e8b_5826,11604.390093283537
00e12e8b_5827,11604.396413667691
00e12e8b_5828,11604.409907208583
00e12e8b_5829,11604.409054435999
00e12e8b_5830,11604.410412661948
00e12e8b_5831,11604.444617720175
00e12e8b_5832,11604.433577417072
00e12e8b_5833,11604.450474430865
00e12e8b_5834,11604.45171592708
00e12e8b_5835,11604.446331294143
00e12e8b_5836,11604.303434454176
00e12e8b_5837,11604.28634480415
00e12e8b_5838,11604.313823025217
00e12e8b_5839,11604.325087257026
00e12e8b_5840,11604.323753832587
00e12e8b_5841,11604.323622037786
00e12e8b_5842,11604.350070290591
00e12e8b_5843,11604.343612201845
00e12e8b_5844,11604.350436126037
00e12e8b_5845,11604.356378855162
00e12e8b_5846,11604.371616475644
00e12e8b_5847,11604.380433960627
00e12e8b_5848,11604.375340007622
00e12e8b_5849,11604.376471640557
00e12e8b_5850,11604.396827058888
00e12e8b_5851,11604.408407147632
00e12e8b_5852,11604.396037041064
00e12e8b_5853,11604.411384524827
00e12e8b_5854,11604.413262312544
00e12e8b_5855,11604.414620538495
00e12e8b_5856,11604.440009068401
00e12e8b_5857,11604.436288406412
00e12e8b_5858,11604.433581690957
00e12e8b_5859,11604.458970220861
00e12e8b_5860,11604.451562272496
00e12e8b_5861,11604.452693905429
00e12e8b_5862,11604.464203040803
00e12e8b_5863,11604.472370501373
00e12e8b_5864,11604.363865446074
00e12e8b_5865,11604.386779763332
00e12e8b_5866,11604.386304645777
00e12e8b_5867,11604.385213836083
00e12e8b_5868,11604.394196115989
00e12e8b_5869,11604.411843862203
00e12e8b_5870,11604.414300720966
00e12e8b_5871,11604.417094036027
00e12e8b_5872,11604.43261089235
00e12e8b_5873,11604.448578645888
00e12e8b_5874,11604.440793042493
00e12e8b_5875,11604.441924675426
00e12e8b_5876,11604.464848147958
00e12e8b_5877,11604.460131849984
00e12e8b_5878,11604.461336725104
00e12e8b_5879,11604.48687860584
00e12e8b_5880,11604.479093002445
00e12e8b_5881,11604.492586543336
00e12e8b_5882,11604.486618261719
00e12e8b_5883,11604.509468492064
00e12e8b_5884,11604.50437453906
00e12e8b_5885,11604.522109260372
00e12e8b_5886,11604.531892626703
00e12e8b_5887,11604.536395689078
00e12e8b_5888,11604.53400025292
00e12e8b_5889,11604.540320637074
00e12e8b_5890,11604.528470092271
00e12e8b_5891,11604.565256937607
00e12e8b_5892,11604.575491201156
00e12e8b_5893,11604.577259125592
00e12e8b_5894,11604.558963268291
00e12e8b_5895,11604.57846037974
00e12e8b_5896,11604.594819521217
00e12e8b_5897,11604.592298200048
00e12e8b_5898,11604.607821922826
00e12e8b_5899,11604.598573764499
00e12e8b_5900,11604.620437514131
00e12e8b_5901,11604.633807458831
00e12e8b_5902,11604.623483555875
00e12e8b_5903,11604.618989273282
00e12e8b_5904,11604.642471217494
00e12e8b_5905,11604.63838205575
00e12e8b_5906,11604.651065354941
00e12e8b_5907,11604.651137264975
00e12e8b_5908,11604.650836097615
00e12e8b_5909,11604.64954844954
00e12e8b_5910,11604.670849149858
00e12e8b_5911,11604.665755196853
00e12e8b_5912,11604.672075581006
00e12e8b_5913,11604.67839596516
00e12e8b_5914,11604.678758555125
00e12e8b_5915,11604.700846608956
00e12e8b_5916,11604.693738495795
00e12e8b_5917,11604.714382305241
00e12e8b_5918,11604.72084917377
00e12e8b_5919,11604.710639711731
00e12e8b_5920,11604.725094556336
00e12e8b_5921,11604.731314232482
00e12e8b_5922,11604.731019931576
00e12e8b_5923,11604.752052840144
00e12e8b_5924,11604.750275384942
00e12e8b_5925,11604.761287846732
00e12e8b_5926,11604.769647568044
00e12e8b_5927,11604.772859736866
00e12e8b_5928,11604.794334387378
00e12e8b_5929,11604.71990754863
00e12e8b_5930,11604.722929745529
00e12e8b_5931,11604.729250129682
00e12e8b_5932,11604.734751116863
00e12e8b_5933,11604.760647764444
00e12e8b_5934,11604.779755776772
00e12e8b_5935,11604.77058543827
00e12e8b_5936,11604.766269683507
00e12e8b_5937,11604.780239298618
00e12e8b_5938,11604.790707021639
00e12e8b_5939,11604.79922009378
00e12e8b_5940,11604.78033601016
00e12e8b_5941,11604.806184592557
00e12e8b_5942,11604.81250497671
00e12e8b_5943,11604.828612348168
00e12e8b_5944,11604.828949761131
00e12e8b_5945,11604.831763675558
00e12e8b_5946,11604.838084059711
00e12e8b_5947,11604.832564386492
00e12e8b_5948,11604.853933751358
00e12e8b_5949,11604.859439316177
00e12e8b_5950,11604.879943507704
00e12e8b_5951,11604.86663040797
00e12e8b_5952,11604.880435228159
00e12e8b_5953,11604.849354031501
00e12e8b_5954,11604.846081977912
00e12e8b_5955,11604.859303149418
00e12e8b_5956,11604.865623533573
00e12e8b_5957,11604.866322579835
00e12e8b_5958,11604.88711058484
00e12e8b_5959,11604.884584686033
00e12e8b_5960,11604.882592081905
00e12e8b_5961,11604.898127248774
00e12e8b_5962,11604.895232850213
00e12e8b_5963,11604.908932384758
00e12e8b_5964,11604.90373085729
00e12e8b_5965,11604.919243135975
00e12e8b_5966,11604.924757856066
00e12e8b_5967,11604.874347588364
00e12e8b_5968,11604.899017429305
00e12e8b_5969,11604.912881758772
00e12e8b_5970,11604.913507562847
00e12e8b_5971,11604.925522527079
00e12e8b_5972,11604.91598597764
00e12e8b_5973,11604.934485164282
00e12e8b_5974,11604.934868353612
00e12e8b_5975,11604.930195543186
00e12e8b_5976,11604.955895352388
00e12e8b_5977,11604.950757911834
00e12e8b_5978,11604.957414752287
00e12e8b_5979,11604.97262261813
00e12e8b_5980,11604.970556771816
00e12e8b_5981,11604.981999531457
00e12e8b_5982,11604.993380493002
00e12e8b_5983,11604.985951945273
00e12e8b_5984,11604.986866140462
00e12e8b_5985,11605.004328492389
00e12e8b_5986,11605.01903510701
00e12e8b_5987,11605.014907035353
00e12e8b_5988,11604.957923281323
00e12e8b_5989,11605.01778370454
00e12e8b_5990,11605.026553124339
00e12e8b_5991,11604.984600040474
00e12e8b_5992,11604.968286299872
00e12e8b_5993,11604.964412287052
00e12e8b_5994,11604.91255319733
00e12e8b_5995,11604.975320419862
00e12e8b_5996,11604.925193965637
00e12e8b_5997,11605.002632513853
00e12e8b_5998,11604.935143083554
00e12e8b_5999,11605.001554104914
00e12e8b_6000,11604.947783851861
00e12e8b_6001,11604.962490466483
00e12e8b_6002,11604.960424620169
00e12e8b_6003,11605.024530801442
00e12e8b_6004,11604.980993855272
00e12e8b_6005,11604.978928008957
00e12e8b_6006,11604.985248393112
00e12e8b_6007,11604.993843862714
00e12e8b_6008,11605.047961640666
00e12e8b_6009,11605.000748852213
00e12e8b_6010,11605.0086691204
00e12e8b_6011,11605.001645693517
00e12e8b_6012,11605.008854139196
00e12e8b_6013,11604.953010216708
00e12e8b_6014,11605.029281467561
00e12e8b_6015,11605.00543293692
00e12e8b_6016,11605.020139551541
00e12e8b_6017,11605.01670270303
00e12e8b_6018,11605.029273850123
00e12e8b_6019,11604.977542934228
00e12e8b_6020,11605.032127631126
00e12e8b_6021,11605.034941545553
00e12e8b_6022,11604.996126431659
00e12e8b_6023,11605.046966621721
00e12e8b_6024,11605.005787158463
00e12e8b_6025,11605.079714659316
00e12e8b_6026,11605.018306619397
00e12e8b_6027,11605.081277546764
00e12e8b_6028,11605.02625302125
00e12e8b_6029,11605.084472361701
00e12e8b_6030,11605.028205007819
00e12e8b_6031,11605.018286225713
00e12e8b_6032,11605.084525585697
00e12e8b_6033,11605.037834647828
00e12e8b_6034,11605.04690619165
00e12e8b_6035,11605.044169721556
00e12e8b_6036,11605.039194787107
00e12e8b_6037,11605.057098880976
00e12e8b_6038,11605.082892531731
00e12e8b_6039,11605.037650415885
00e12e8b_6040,11605.027248693106
00e12e8b_6041,11605.023967484241
00e12e8b_6042,11605.049550563708
00e12e8b_6043,11605.028398261093
00e12e8b_6044,11605.032484758529
00e12e8b_6045,11605.066197720807
00e12e8b_6046,11605.08090433543
00e12e8b_6047,11605.051970050394
00e12e8b_6048,11605.108667326636
00e12e8b_6049,11605.060422281103
00e12e8b_6050,11605.100656086888
00e12e8b_6051,11605.111448822116
00e12e8b_6052,11605.125548899872
00e12e8b_6053,11605.127053610198
00e12e8b_6054,11605.133383149625
00e12e8b_6055,11605.057180187832
00e12e8b_6056,11605.080801749964
00e12e8b_6057,11605.045081118493
00e12e8b_6058,11604.947802717246
00e12e8b_6059,11604.959147057698
00e12e8b_6060,11604.964945591266
00e12e8b_6061,11604.94940547127
00e12e8b_6062,11604.934396357132
00e12e8b_6063,11604.926722905837
00e12e8b_6064,11604.768282700392
00e12e8b_6065,11604.783142665843
00e12e8b_6066,11604.782363135446
00e12e8b_6067,11604.787857256171
00e12e8b_6068,11604.793129361517
00e12e8b_6069,11604.80087567951
00e12e8b_6070,11604.804975909854
00e12e8b_6071,11604.816784880433
00e12e8b_6072,11604.828664804381
00e12e8b_6073,11604.838880757383
00e12e8b_6074,11604.803631622493
00e12e8b_6075,11604.809874186823
00e12e8b_6076,11604.812067831475
00e12e8b_6077,11604.833045808402
00e12e8b_6078,11604.83421177361
00e12e8b_6079,11604.837243125781
00e12e8b_6080,11604.85129971599
00e12e8b_6081,11604.870979932908
00e12e8b_6082,11604.882189233076
00e12e8b_6083,11604.866150150678
00e12e8b_6084,11604.86558119157
00e12e8b_6085,11604.88563448588
00e12e8b_6086,11604.885255498695
00e12e8b_6087,11604.89073588651
00e12e8b_6088,11604.901379848545
00e12e8b_6089,11604.90913761063
00e12e8b_6090,11604.869516832674
00e12e8b_6091,11604.876148496123
00e12e8b_6092,11604.868880165679
00e12e8b_6093,11604.87843922781
00e12e8b_6094,11604.888325590968
00e12e8b_6095,11604.897106454857
00e12e8b_6096,11604.914431477682
00e12e8b_6097,11604.906664184835
00e12e8b_6098,11604.921975047504
00e12e8b_6099,11604.916306601091
00e12e8b_6100,11604.919475282364
00e12e8b_6101,11604.733672253433
00e12e8b_6102,11604.62662059779
00e12e8b_6103,11604.651844332775
00e12e8b_6104,11604.649938703744
00e12e8b_6105,11604.655595330574
00e12e8b_6106,11604.674108250128
00e12e8b_6107,11604.677940688725
00e12e8b_6108,11604.671576441531
00e12e8b_6109,11604.67063440503
00e12e8b_6110,11604.692280716918
00e12e8b_6111,11604.682677791745
00e12e8b_6112,11604.698643256466
00e12e8b_6113,11604.717261461665
00e12e8b_6114,11604.711107785759
00e12e8b_6115,11604.73079715795
00e12e8b_6116,11604.734084857779
00e12e8b_6117,11604.74063183495
00e12e8b_6118,11604.743670053576
00e12e8b_6119,11604.755870412095
00e12e8b_6120,11604.74995248448
00e12e8b_6121,11604.768350963117
00e12e8b_6122,11604.750004751812
00e12e8b_6123,11604.758323274393
00e12e8b_6124,11604.647163189797
00e12e8b_6125,11604.665193168676
00e12e8b_6126,11604.64682178037
00e12e8b_6127,11604.648491285618
00e12e8b_6128,11604.676548577729
00e12e8b_6129,11604.680163578581
00e12e8b_6130,11604.686497695646
00e12e8b_6131,11604.681955347865
00e12e8b_6132,11604.688550390223
00e12e8b_6133,11604.700789658655
00e12e8b_6134,11604.70802785897
00e12e8b_6135,11604.699674628622
00e12e8b_6136,11604.709638811604
00e12e8b_6137,11604.729985074664
00e12e8b_6138,11604.748278267654
00e12e8b_6139,11604.741312061233
00e12e8b_6140,11604.74824127107
00e12e8b_6141,11604.68398822993
00e12e8b_6142,11604.686108632395
00e12e8b_6143,11604.700888489204
00e12e8b_6144,11604.718717052068
00e12e8b_6145,11604.713080649113
00e12e8b_6146,11604.495991762027
00e12e8b_6147,11604.503738080019
00e12e8b_6148,11604.510058464171
00e12e8b_6149,11604.512497012389
00e12e8b_6150,11604.522449751279
00e12e8b_6151,11604.526270745784
00e12e8b_6152,11604.534332920708
00e12e8b_6153,11604.554383926199
00e12e8b_6154,11604.545449335988
00e12e8b_6155,11604.55181549651
00e12e8b_6156,11604.569449509814
00e12e8b_6157,11604.579058925949
00e12e8b_6158,11604.581662269087
00e12e8b_6159,11604.596014116863
00e12e8b_6160,11604.589654447307
00e12e8b_6161,11604.592994789957
00e12e8b_6162,11604.59817305375
00e12e8b_6163,11604.604864226476
00e12e8b_6164,11604.611349405553
00e12e8b_6165,11604.577755086337
00e12e8b_6166,11604.57684967093
00e12e8b_6167,11604.576509593659
00e12e8b_6168,11604.58565209085
00e12e8b_6169,11604.590768556545
00e12e8b_6170,11604.590110333522
00e12e8b_6171,11604.604073082177
00e12e8b_6172,11604.606381167747
00e12e8b_6173,11604.628128187642
00e12e8b_6174,11604.629758782978
00e12e8b_6175,11604.625859593158
00e12e8b_6176,11604.638094283951
00e12e8b_6177,11604.618827967664
00e12e8b_6178,11604.612740667493
00e12e8b_6179,11604.618138657848
00e12e8b_6180,11604.616166653086
00e12e8b_6181,11604.63621308094
00e12e8b_6182,11604.629091234869
00e12e8b_6183,11604.651941465214
00e12e8b_6184,11604.644792153324
00e12e8b_6185,11604.417469959351
00e12e8b_6186,11604.441945250732
00e12e8b_6187,11604.359599100462
00e12e8b_6188,11604.364765920162
00e12e8b_6189,11604.374208252559
00e12e8b_6190,11604.371819682854
00e12e8b_6191,11604.383278464225
00e12e8b_6192,11604.381372835196
00e12e8b_6193,11604.38755360143
00e12e8b_6194,11604.286578758532
00e12e8b_6195,11604.291704379502
00e12e8b_6196,11604.285466017318
00e12e8b_6197,11604.29092122813
00e12e8b_6198,11604.31087839207
00e12e8b_6199,11604.303829788187
00e12e8b_6200,11604.33198321067
00e12e8b_6201,11604.33102744126
00e12e8b_6202,11604.338819535618
00e12e8b_6203,11604.343990932955
00e12e8b_6204,11604.353176917695
00e12e8b_6205,11604.358078234465
00e12e8b_6206,11604.365449186247
00e12e8b_6207,11604.355708931973
00e12e8b_6208,11604.375398304164
00e12e8b_6209,11604.373364501305
00e12e8b_6210,11604.379922922568
00e12e8b_6211,11604.392587911214
00e12e8b_6212,11604.398988404011
00e12e8b_6213,11604.393230693682
00e12e8b_6214,11604.411743613236
00e12e8b_6215,11604.403115724685
00e12e8b_6216,11604.423741223583
00e12e8b_6217,11604.43014171638
00e12e8b_6218,11604.424384006052
00e12e8b_6219,11604.439594160713
00e12e8b_6220,11604.451794519231
00e12e8b_6221,11604.442967503484
00e12e8b_6222,11604.448939987247
00e12e8b_6223,11604.444999598694
00e12e8b_6224,11604.462873937926
00e12e8b_6225,11604.470711808652
00e12e8b_6226,11604.464954098325
00e12e8b_6227,11604.459780036677
00e12e8b_6228,11604.471316637871
00e12e8b_6229,11604.45030166436
00e12e8b_6230,11604.466805001393
00e12e8b_6231,11604.316407703662
00e12e8b_6232,11604.316259887133
00e12e8b_6233,11604.325622110886
00e12e8b_6234,11604.340314992598
00e12e8b_6235,11604.349327027143
00e12e8b_6236,11604.344583263348
00e12e8b_6237,11604.3478618079
00e12e8b_6238,11604.354070039955
00e12e8b_6239,11604.371356152868
00e12e8b_6240,11604.366710808263
00e12e8b_6241,11604.369890933627
00e12e8b_6242,11604.37658897281
00e12e8b_6243,11604.379899560821
00e12e8b_6244,11604.404713597318
00e12e8b_6245,11604.393018692166
00e12e8b_6246,11604.240680476465
00e12e8b_6247,11604.408639501977
00e12e8b_6248,11604.070634629783
00e12e8b_6249,11604.24837835378
00e12e8b_6250,11604.101428016498
00e12e8b_6251,11604.096334063493
00e12e8b_6252,11604.264608945938
00e12e8b_6253,11604.112316506606
00e12e8b_6254,11604.129916187634
00e12e8b_6255,11604.04470443678
00e12e8b_6256,11603.9520723368
00e12e8b_6257,11603.954719167488
00e12e8b_6258,11604.011849030401
00e12e8b_6259,11603.923650371586
00e12e8b_6260,11603.979892172976
00e12e8b_6261,11603.935142153077
00e12e8b_6262,11603.938420697632
00e12e8b_6263,11603.956533073972
00e12e8b_6264,11603.941915347776
00e12e8b_6265,11603.971865492671
00e12e8b_6266,11603.92432769201
00e12e8b_6267,11603.924498021232
00e12e8b_6268,11603.990126266714
00e12e8b_6269,11603.993404811268
00e12e8b_6270,11603.946501013292
00e12e8b_6271,11603.949779557846
00e12e8b_6272,11604.012365963728
00e12e8b_6273,11603.965462165754
00e12e8b_6274,11603.971782549906
00e12e8b_6275,11604.030949461161
00e12e8b_6276,11604.040311684914
00e12e8b_6277,11603.99036604734
00e12e8b_6278,11604.003324004734
00e12e8b_6279,11604.082051157688
00e12e8b_6280,11604.005216482026
00e12e8b_6281,11604.022951203338
00e12e8b_6282,11604.052249035001
00e12e8b_6283,11604.046651541958
00e12e8b_6284,11604.06707791366
00e12e8b_6285,11603.946428388146
00e12e8b_6286,11603.971766564047
00e12e8b_6287,11603.987111758992
00e12e8b_6288,11603.954776289875
00e12e8b_6289,11603.809091669145
00e12e8b_6290,11604.004406651688
00e12e8b_6291,11604.006662094434
00e12e8b_6292,11603.837844386548
00e12e8b_6293,11603.861140936473
00e12e8b_6294,11603.886483690012
00e12e8b_6295,11603.893710446235
00e12e8b_6296,11603.888447120673
00e12e8b_6297,11603.812301379337
00e12e8b_6298,11603.806317075992
00e12e8b_6299,11603.83442014447
00e12e8b_6300,11603.861046925109
00e12e8b_6301,11603.941811126402
00e12e8b_6302,11603.997535654842
00e12e8b_6303,11603.957885122249
00e12e8b_6304,11604.007340577202
00e12e8b_6305,11604.065530163016
00e12e8b_6306,11603.98896785674
00e12e8b_6307,11603.991449892506
00e12e8b_6308,11604.076498761766
00e12e8b_6309,11603.978677910569
00e12e8b_6310,11603.963149234663
00e12e8b_6311,11603.97715318205
00e12e8b_6312,11603.95969045463
00e12e8b_6313,11603.927279454507
00e12e8b_6314,11603.902499374793
00e12e8b_6315,11603.952950465735
00e12e8b_6316,11603.886259833043
00e12e8b_6317,11603.919684404207
00e12e8b_6318,11603.754947659456
00e12e8b_6319,11603.787953376861
00e12e8b_6320,11603.792291644315
00e12e8b_6321,11603.80348034512
00e12e8b_6322,11603.730323800562
00e12e8b_6323,11603.78991872085
00e12e8b_6324,11603.77881890847
00e12e8b_6325,11603.819428080464
00e12e8b_6326,11603.822058889422
00e12e8b_6327,11603.874478364152
00e12e8b_6328,11603.863628032974
00e12e8b_6329,11603.802128440322
00e12e8b_6330,11603.797135195326
00e12e8b_6331,11603.760775983532
00e12e8b_6332,11603.709738579599
00e12e8b_6333,11603.732794803596
00e12e8b_6334,11603.717879531012
00e12e8b_6335,11603.747186517949
00e12e8b_6336,11603.631590703371
00e12e8b_6337,11603.63373399402
00e12e8b_6338,11603.631876430176
00e12e8b_6339,11603.63392587927
00e12e8b_6340,11603.58118330566
00e12e8b_6341,11603.605956143427
00e12e8b_6342,11603.62293555468
00e12e8b_6343,11603.611874652213
00e12e8b_6344,11603.649226835683
00e12e8b_6345,11603.63636005553
00e12e8b_6346,11603.623983082507
00e12e8b_6347,11603.720961273057
00e12e8b_6348,11603.650423136702
00e12e8b_6349,11603.63928441441
00e12e8b_6350,11603.647976014385
00e12e8b_6351,11603.680166912454
00e12e8b_6352,11603.655073264625
00e12e8b_6353,11603.660796267188
00e12e8b_6354,11603.731198987767
00e12e8b_6355,11603.684682000094
00e12e8b_6356,11603.691860691133
00e12e8b_6357,11603.720046157074
00e12e8b_6358,11603.732669946989
00e12e8b_6359,11603.639293981045
00e12e8b_6360,11603.691241959192
00e12e8b_6361,11603.64989998983
00e12e8b_6362,11603.667955145713
00e12e8b_6363,11603.70016206551
00e12e8b_6364,11603.683138791217
00e12e8b_6365,11603.689385933183
00e12e8b_6366,11603.664056537064
00e12e8b_6367,11603.747425413649
00e12e8b_6368,11603.677017739941
00e12e8b_6369,11603.753149372875
00e12e8b_6370,11603.744922027536
00e12e8b_6371,11603.76964222248
00e12e8b_6372,11603.8044698393
00e12e8b_6373,11603.713542909001
00e12e8b_6374,11603.739487621768
00e12e8b_6375,11603.722226310365
00e12e8b_6376,11603.772851351501
00e12e8b_6377,11603.772422010312
00e12e8b_6378,11603.725586876888
00e12e8b_6379,11603.742964542536
00e12e8b_6380,11603.772154799737
00e12e8b_6381,11603.762075800345
00e12e8b_6382,11603.841340825613
00e12e8b_6383,11603.70128212041
