Well_ID,Horizontal_TVT_Min,Horizontal_TVT_Max,Horizontal_TVT_Range,Last_Known_TVT,Final_TVT,Delta_TVT_LastKnown_to_Final,Abs_Delta_TVT,Prediction_Rows,Prediction_Horizon_MD,Prediction_Percentage,TVT_Change_Per_MD,Prefix_Slope_Last_50,Prefix_Slope_Last_100
000d7d20,11236.02,11756.12,520.1000000000004,11747.37,11737.31,-10.06000000000131,10.06000000000131,3836,3835.0,72.67904509283821,-0.002623207301173744,0.016695318127218976,0.01247428742873353
00bbac68,11406.63,12240.01,833.380000000001,12223.54,12216.8,-6.740000000001601,6.740000000001601,6014,6013.0,79.56078846408255,-0.0011209047064695827,0.01306794717891345,0.007589918991898677
00e12e8b,10606.18,11616.64,1010.4599999999991,11604.820000000002,11596.37,-8.450000000000728,8.450000000000728,4301,4300.0,67.37155388471177,-0.0019651162790699367,0.04213589435777754,0.03671479147915616
015fe0d2,11747.26,12271.53,524.2700000000004,12233.78,12257.76,23.979999999999563,23.979999999999563,4296,4295.0,72.2016806722689,0.00558323632130374,0.02988763505400674,0.0258812481248351
01869cd4,11358.27,11767.75,409.47999999999956,11745.94,11749.39,3.4499999999989086,3.4499999999989086,5557,5556.0,81.12408759124088,0.0006209503239738857,0.008511884753948594,0.014921512151226122
01982c1d,9927.92,10700.87,772.9500000000007,10694.08,10682.86,-11.219999999999345,11.219999999999345,3941,3940.0,70.538750671201,-0.002847715736040443,0.022317406962783427,0.01876141614161784
028d7b28,11874.64,12437.08,562.4400000000005,12427.92,12428.78,0.8600000000005821,0.8600000000005821,6234,6233.0,80.32470042520293,0.00013797529279649962,0.029426650660297638,0.03631509150913843
02e7fe5a,11356.13,12199.39,843.2600000000002,12178.98,12197.91,18.93000000000029,18.93000000000029,5108,5107.0,74.15795586527294,0.0037066771098492836,0.03466698679466722,0.03606090609059697
0390d174,10114.85,10639.09,524.2399999999998,10620.96,10618.87,-2.0899999999983265,2.0899999999983265,4411,4410.0,72.29962301262088,-0.0004739229024939516,0.02598175270102182,0.027324032403259632
03a935ae,12192.18,12837.98,645.7999999999993,12792.17,12742.570000000002,-49.599999999998545,49.599999999998545,2786,2785.0,62.88939051918736,-0.017809694793536283,-0.019527010804288755,-0.02025946594659102
044af7d1,11313.18,11870.04,556.8600000000006,11850.28,11857.15,6.869999999998981,6.869999999998981,4519,4518.0,74.48491841107632,0.001520584329349044,0.03770756302516821,0.04050939093909738
0498acab,10650.9,11416.25,765.3500000000004,11400.71,11394.11,-6.599999999998545,6.599999999998545,4798,4797.0,74.59577114427861,-0.001375859912444975,0.05598559423768276,0.052431443144319204
052d64df,10522.89,11456.35,933.460000000001,11440.240000000002,11449.85,9.609999999998763,9.609999999998763,2445,2444.0,53.26797385620915,0.003932078559737628,-0.002905162064763656,-0.0019792379237891697
05948241,10026.56,10841.42,814.8600000000006,10837.56,10841.42,3.860000000000582,3.860000000000582,3879,3878.0,71.46278555637436,0.000995358432181687,-0.022934933973614118,-0.0075858385838599275
059c8f24,9556.52,10326.13,769.6099999999988,10300.070000000002,10326.13,26.05999999999767,26.05999999999767,6258,6257.0,78.24456114028507,0.004164935272494434,0.033811284513796225,0.031722172217222025
05a0ee4d,11142.98,11929.08,786.1000000000004,11927.5,11895.8,-31.700000000000728,31.700000000000728,4348,4347.0,71.30206625122992,-0.0072923855532552855,0.024620408163219774,0.020428742874297877
060ab2b8,10009.16,10970.71,961.5499999999993,10950.59,10965.76,15.170000000000073,15.170000000000073,6258,6257.0,80.04604758250193,0.0024244845772734653,0.011305162064818587,0.01651875187519646
06df5958,10768.09,11343.09,575.0,11338.8,11342.320000000002,3.5200000000022555,3.5200000000022555,3509,3508.0,69.63683270490176,0.0010034207525662074,0.0025675870347814556,0.027739633963385246
071d7b45,10128.63,10553.96,425.3299999999999,10530.11,10543.27,13.159999999999854,13.159999999999854,3211,3210.0,68.02966101694915,0.004099688473520204,0.036494597839153785,0.04367452745273881
0849b4e2,11050.65,11951.15,900.5,11944.08,11911.05,-33.030000000000655,33.030000000000655,5537,5536.0,74.46207638515331,-0.005966401734104164,-0.008883553421315929,-0.010972397239735367
084d66f9,10128.06,11028.1,900.0400000000009,11007.070000000002,10983.47,-23.600000000002183,23.600000000002183,3885,3884.0,68.98082386363636,-0.0060762100926885125,0.0016187274910060207,-0.001077047704777364
08fecf00,11229.55,12155.05,925.5,12148.1,12140.66,-7.440000000000509,7.440000000000509,5574,5573.0,75.27346387575962,-0.0013350080746457043,-0.010206002401037044,-0.010514731473151141
09053135,10676.97,11486.67,809.7000000000007,11461.63,11472.69,11.06000000000131,11.06000000000131,5907,5906.0,76.5651328580687,0.001872671859126534,-0.013084753901540994,-0.010052025202523698
09441b8d,10351.68,11219.51,867.8299999999999,11212.2,11205.33,-6.8700000000008,6.8700000000008,5488,5487.0,74.21230561189994,-0.0012520503007109169,0.007998559423741865,0.005576897689782874
0955cd6c,11438.21,12190.06,751.8500000000004,12184.63,12173.79,-10.839999999998327,10.839999999998327,5195,5194.0,72.91228070175438,-0.002087023488640417,0.0007577430972200667,-0.0025811581158057314
09ec2ca9,10243.31,11059.02,815.710000000001,11053.11,11042.63,-10.480000000001382,10.480000000001382,5885,5884.0,75.21728016359918,-0.0017811012916385761,0.025320048019236156,0.015966576657675546
0a57a29c,10681.71,11210.09,528.380000000001,11195.4,11210.09,14.69000000000051,14.69000000000051,5821,5820.0,80.91465109813734,0.0025240549828179568,-0.014446578631453759,-0.015858085808586095
0bbf5e67,10180.13,10972.06,791.9300000000003,10947.13,10926.23,-20.899999999999636,20.899999999999636,4298,4297.0,71.26513016083568,-0.004863858505934288,-0.068655462184885,-0.0687423942394254
0be01c24,10548.98,11322.65,773.6700000000001,11306.28,11312.86,6.579999999999927,6.579999999999927,4738,4737.0,74.2051683633516,0.0013890648089507974,0.011075150060022116,0.0006737473747350408
0c1b160c,10592.33,11180.9,588.5699999999997,11159.320000000002,11153.72,-5.600000000002183,5.600000000002183,5054,5053.0,75.2755436401549,-0.0011082525232539448,-0.005382472989221768,-0.006899009900999346
0d99f8e4,10649.92,11203.73,553.8099999999995,11199.34,11188.66,-10.680000000000291,10.680000000000291,5823,5822.0,77.41292209518745,-0.0018344211611130696,0.007928451380584867,-0.000675487548776941
0dc5e64d,10348.58,10915.05,566.4699999999993,10861.64,10915.05,53.409999999999854,53.409999999999854,4879,4878.0,78.80794701986756,0.010949159491594886,0.006710204081670127,-0.018922172217213463
0dc835f3,10437.3,10694.58,257.28000000000065,10687.83,10668.34,-19.48999999999978,19.48999999999978,4428,4427.0,83.87952263686304,-0.0044025299299751035,0.020979111644681626,0.021971017101712943
0dd99dc5,11765.77,12601.48,835.7099999999991,12581.48,12581.22,-0.2600000000002183,0.2600000000002183,7342,7341.0,79.96079285558702,-3.541751804934182e-05,0.030245858343288558,0.027678247824760457
0e5e560d,10218.990000000002,11029.34,810.3499999999985,11012.59,11005.86,-6.729999999999563,6.729999999999563,3253,3252.0,66.44199346405229,-0.0020694956949568154,0.04043313325330994,0.028979717971799764
109d9d70,11590.81,12250.89,660.0799999999999,12228.18,12250.89,22.709999999999127,22.709999999999127,4215,4214.0,72.03896769782942,0.0053891789273847,-0.011142376950808244,-0.008632343234314619
10a1281a,10431.22,11265.570000000002,834.3500000000022,11257.52,11262.34,4.819999999999709,4.819999999999709,5609,5608.0,76.28178974568203,0.0008594864479314745,0.015869387755045414,0.014636363636350425
10b89021,11311.08,12161.18,850.1000000000004,12141.92,12137.59,-4.329999999999927,4.329999999999927,5414,5413.0,75.55121406642479,-0.0007999261038241137,-0.018833133253300566,-0.016900210020989886
10be2420,9970.88,10824.63,853.75,10823.21,10803.54,-19.669999999998254,19.669999999998254,3271,3270.0,62.8675763982318,-0.006015290519877142,-0.013750780312146455,-0.014026882688272305
113011eb,12163.79,12548.58,384.78999999999905,12534.83,12534.73,-0.1000000000003638,0.1000000000003638,3272,3271.0,71.73865380399035,-3.05716906146022e-05,0.006729411764689404,0.004361716171615127
1131525f,10764.52,11313.4,548.8799999999992,11290.35,11313.39,23.039999999999054,23.039999999999054,4159,4158.0,74.96395097332372,0.005541125541125314,0.035738295318199116,0.03931689168917364
11d0f5ac,10396.33,10945.1,548.7700000000004,10917.26,10939.87,22.610000000000582,22.610000000000582,4883,4882.0,76.56005017246785,0.0046312986480951624,-0.012355822328967401,-0.0049604560456076125
12203f2a,11224.52,12032.5,807.9799999999996,12031.41,12028.820000000002,-2.5899999999983265,2.5899999999983265,3261,3260.0,65.33760769384894,-0.0007944785276068487,-0.0111183673469527,-0.010544314431446631
122bd617,9795.14,10835.84,1040.7000000000007,10813.01,10822.5,9.489999999999782,9.489999999999782,4570,4569.0,71.31710362047441,0.0020770409279929486,0.024107082833111457,0.026090849084881775
125be846,10894.61,11470.87,576.2600000000002,11459.09,11436.79,-22.299999999999272,22.299999999999272,6510,6509.0,81.04070708328146,-0.0034260255031493734,-0.007027611044458304,-0.01042022202221026
1285a37b,11880.83,12760.31,879.4799999999996,12755.8,12751.61,-4.18999999999869,4.18999999999869,5597,5596.0,75.60448466837768,-0.0007487491065044121,0.009461224489800357,0.00909648964895089
1295a25b,11216.43,11771.84,555.4099999999999,11752.77,11746.05,-6.720000000001164,6.720000000001164,5551,5550.0,78.88304675287765,-0.0012108108108110206,-0.004512845138022395,0.010314431443145618
12f0cd90,10854.83,11406.14,551.3099999999995,11394.42,11383.2,-11.219999999999345,11.219999999999345,5947,5946.0,80.02960570582694,-0.0018869828456103844,-0.029310444177715767,-0.014002340234022687
137d1e44,11887.070000000002,12792.81,905.739999999998,12750.83,12779.11,28.280000000000655,28.280000000000655,4554,4553.0,72.1368604466973,0.006211289259828829,0.030319327731125074,0.031918751875177453
13ce113d,10284.0,11195.79,911.7900000000009,11186.15,11195.79,9.640000000001237,9.640000000001237,2966,2965.0,60.84102564102564,0.0032512647554810243,0.004665066026355857,0.006676387638776601
13f598d9,11871.070000000002,12544.53,673.4599999999991,12518.61,12536.69,18.079999999999927,18.079999999999927,7306,7305.0,81.7774792925901,0.0024750171115674098,0.05609651860745393,0.05216561656166578
14a53cb3,10384.42,11200.97,816.5499999999993,11180.84,11192.62,11.780000000000655,11.780000000000655,6919,6918.0,78.80410022779043,0.0017028042786933586,-0.024090756302560492,-0.03172247224722065
14ab73fb,10652.3,11312.62,660.3200000000015,11311.54,11281.2,-30.340000000000146,30.340000000000146,3649,3648.0,69.12293995074825,-0.00831688596491232,-0.014065786314507906,-0.01114449444944896
14ad5efb,10850.09,11413.59,563.5,11404.28,11407.68,3.399999999999636,3.399999999999636,5842,5841.0,79.4613710554951,0.000582092107515774,0.0010597839136387219,0.00658277827784832
14fee784,10343.29,10897.9,554.6099999999988,10880.95,10888.44,7.489999999999782,7.489999999999782,4910,4909.0,76.64689353730877,0.0015257689957220986,-0.016522448979581706,-0.018209120912087668
153552f5,11322.13,12091.11,768.9800000000014,12085.88,12078.65,-7.229999999999563,7.229999999999563,4695,4694.0,72.25300092336103,-0.001540264167021637,-0.018433133253326135,-0.017278247824769354
1550491d,10952.23,11383.94,431.71000000000095,11383.7,11367.5,-16.200000000000728,16.200000000000728,4563,4562.0,76.9607016360263,-0.0035510740903114263,0.004893637454982862,0.005480168016819128
155887bb,11318.79,12321.1,1002.3099999999995,12294.490000000002,12321.1,26.609999999998763,26.609999999998763,5585,5584.0,79.08524497309544,0.004765401146131583,-0.0495999999999836,-0.03883666366635879
1590af81,10995.25,11457.62,462.3700000000008,11446.95,11451.63,4.679999999998472,4.679999999998472,3799,3798.0,72.62473714394953,0.0012322274881512564,0.03760432172868051,0.037197479747965105
15e154a1,10222.41,10965.7,743.2900000000009,10928.69,10946.320000000002,17.63000000000102,17.63000000000102,6068,6067.0,78.8154305753994,0.002905884292072032,0.04766818727489954,0.04905712571257295
1619e2ca,10777.41,11473.490000000002,696.0800000000017,11455.88,11460.8,4.920000000000073,4.920000000000073,4443,4442.0,74.02532489170277,0.001107609185051795,-0.02852773109246248,-0.006495349534959758
16e4a047,11154.66,12018.4,863.7399999999998,12014.59,12006.09,-8.5,8.5,4131,4130.0,72.67769176636172,-0.0020581113801452786,-0.06248211284515897,-0.03890861086109044
173ed841,11972.59,12763.96,791.369999999999,12724.83,12734.44,9.610000000000582,9.610000000000582,4883,4882.0,74.77794793261869,0.0019684555510038064,0.00892148859547004,0.016161836183624507
1770d7c6,11784.08,12599.15,815.0699999999997,12579.06,12569.820000000002,-9.239999999997963,9.239999999997963,7240,7239.0,79.37726126521216,-0.0012764193949437717,0.01501128451375603,0.0139842184218472
177622d7,11745.83,12296.02,550.1900000000005,12294.39,12287.21,-7.180000000000291,7.180000000000291,3154,3153.0,67.12066397105767,-0.0022771963209642534,-0.016404321728696533,-0.013158895889612271
18d24f7b,10554.77,11213.23,658.4599999999991,11207.68,11193.64,-14.040000000000873,14.040000000000873,4558,4557.0,72.81150159744409,-0.0030809743252141484,0.00017719087640525433,4.914491448789388e-05
19137a89,10349.41,11082.56,733.1499999999996,11041.54,11081.28,39.73999999999978,39.73999999999978,6267,6266.0,78.75094244785123,0.006342164060006349,0.0278977190875954,0.02728616861686641
1944513c,10433.02,11333.2,900.1800000000003,11312.41,11321.740000000002,9.330000000001746,9.330000000001746,4722,4721.0,71.55629640854674,0.0019762762126671776,-0.012628091236493647,-0.013312931293131344
197f8a5a,10045.1,10996.44,951.3400000000001,10949.52,10953.23,3.709999999999127,3.709999999999127,6310,6309.0,76.50339476236664,0.0005880488191471116,0.0024710684274353687,0.0024743474347337004
19871e7f,11723.09,12563.17,840.0799999999999,12553.16,12547.19,-5.969999999999345,5.969999999999345,5293,5292.0,74.00727069351231,-0.0011281179138320759,0.007305642256872858,0.006700210021014624
198a5607,10330.96,11182.62,851.6600000000017,11166.35,11171.68,5.329999999999927,5.329999999999927,6251,6250.0,77.23004694835682,0.0008527999999999883,0.0025906362544781928,0.0029218121812136905
19fb4f7b,11663.9,12789.34,1125.4400000000005,12766.14,12755.45,-10.68999999999869,10.68999999999869,5620,5619.0,70.93272750220876,-0.0019024737497773073,-0.037080432172856385,-0.03677953795377809
1a518997,10429.25,11215.37,786.1200000000008,11200.63,11215.37,14.7400000000016,14.7400000000016,4606,4605.0,70.38508557457213,0.0032008686210644086,0.017718127250918803,0.020945814581465685
1a68190b,11965.5,12823.96,858.4599999999991,12793.43,12801.05,7.619999999998981,7.619999999998981,4474,4473.0,68.80959704706244,0.0017035546613009124,0.020001440576202244,0.013847284728469113
1a730ac2,10969.14,11417.12,447.9800000000014,11387.92,11401.83,13.909999999999854,13.909999999999854,4605,4604.0,76.12828566705241,0.0030212858384013586,0.053373829531785905,0.03306726672667906
1aaf1da0,11158.88,11913.53,754.6500000000015,11897.740000000002,11912.54,14.799999999999272,14.799999999999272,4804,4803.0,76.00063281126404,0.003081407453674635,0.0022415366146500094,0.005124512451229618
1b08ed48,11543.46,12125.36,581.9000000000015,12122.9,12110.02,-12.8799999999992,12.8799999999992,5618,5617.0,78.29965156794425,-0.0022930389887839057,0.0024936374549960447,-0.00010849084909663336
1b1c5372,10327.61,10881.58,553.9699999999993,10870.68,10845.09,-25.590000000000146,25.590000000000146,4261,4260.0,73.56698895027624,-0.006007042253521161,0.013393037214898812,0.01312127212721015
1b1eba53,11793.02,12825.070000000002,1032.050000000001,12726.15,12797.1,70.95000000000073,70.95000000000073,4655,4654.0,69.37406855439643,0.015244950580146268,0.024006242496967835,0.017305730573046036
1b6ba517,11172.71,12066.7,893.9900000000016,12061.48,12066.61,5.130000000001019,5.130000000001019,6597,6596.0,76.6113111136918,0.0007777440873258063,-0.015485234093614074,-0.015065526552653447
1b82b665,10126.72,10853.320000000002,726.6000000000022,10845.95,10838.06,-7.890000000001237,7.890000000001237,3806,3805.0,70.9545115585384,-0.002073587385020036,-0.01869867947171179,-0.013367656765678167
1bcb2fcf,11929.01,12568.8,639.789999999999,12555.66,12568.8,13.139999999999418,13.139999999999418,4524,4523.0,72.944211544663,0.0029051514481537514,-0.0323999999999549,-0.02755619561957126
1beca81d,10759.05,11377.0,617.9500000000007,11368.71,11365.69,-3.0199999999986176,3.0199999999986176,5036,5035.0,75.72932330827068,-0.0005998013902678486,0.03996062424968062,0.05576615661565683
1d3fbf02,11288.85,11767.08,478.22999999999956,11761.8,11767.08,5.280000000000655,5.280000000000655,2694,2693.0,63.35841956726247,0.0019606386929077813,-0.013550540216118607,-0.012115571557144206
1d78281a,11918.4,12805.9,887.5,12780.2,12786.71,6.509999999998399,6.509999999998399,4949,4948.0,72.67254038179148,0.001315683104284236,0.02262809123653879,0.014927872787284245
1e30dedf,10298.16,10655.44,357.28000000000065,10651.68,10651.84,0.15999999999985448,0.15999999999985448,4071,4070.0,74.36974789915966,3.9312039312003555e-05,-0.018325570228084457,-0.01676033603361433
1e5e3573,11483.7,12237.97,754.2699999999986,12215.14,12227.78,12.640000000001237,12.640000000001237,5480,5479.0,76.90148751052483,0.002306990326702179,0.020074429771868477,0.020345214521450203
1f9afacb,11172.070000000002,11958.08,786.0099999999984,11951.83,11952.820000000002,0.9900000000016007,0.9900000000016007,5328,5327.0,75.5316132690672,0.00018584569175926426,0.003969267707085711,0.008272127212732615
1fdbba44,12337.28,12816.12,478.84000000000015,12803.78,12815.05,11.269999999998618,11.269999999998618,4911,4910.0,77.54618664140219,0.0022953156822807775,4.465786313174248e-05,0.003412841284137796
1fee2b62,11747.1,12524.86,777.7600000000002,12510.64,12514.29,3.650000000001455,3.650000000001455,4641,4640.0,73.39870314724023,0.0007866379310347964,0.004221368547446548,0.005565856585669889
20096916,11111.23,11917.42,806.1900000000005,11891.11,11894.76,3.649999999999636,3.649999999999636,5133,5132.0,74.60755813953487,0.0007112236944660242,0.031236014405771947,0.022488868886874173
200d233d,11340.43,12059.31,718.8799999999992,12039.88,12049.88,10.0,10.0,3926,3925.0,66.5875169606513,0.0025477707006369425,0.002947899159673486,-0.007543534353449476
201661b5,11048.2,12213.54,1165.3400000000001,12188.4,12191.6,3.2000000000007276,3.2000000000007276,5955,5954.0,73.19321533923303,0.000537453812563105,-0.0005882352941460389,0.0008607860786064096
203721ab,10622.67,11209.59,586.9200000000001,11200.73,11202.28,1.5500000000010914,1.5500000000010914,5730,5729.0,79.19834139599172,0.0002705533251878323,-0.011839135654265042,-0.011426222622262543
20402d71,10286.45,10967.51,681.0599999999995,10966.39,10950.91,-15.479999999999563,15.479999999999563,6372,6371.0,80.3530895334174,-0.00242975984931715,0.01726578631450423,0.020213141314138445
2043abc5,10897.61,11452.23,554.619999999999,11420.990000000002,11449.66,28.669999999998254,28.669999999998254,6958,6957.0,81.73381886526488,0.004121029179243676,0.014006242496942512,0.005698409840983713
204cc64b,11787.23,12569.320000000002,782.090000000002,12558.35,12543.490000000002,-14.859999999998763,14.859999999998763,4805,4804.0,74.44995351719864,-0.0030932556203161457,0.018693877551022923,0.01743840384040397
206b6193,10719.490000000002,11472.14,752.6499999999978,11456.55,11386.48,-70.06999999999971,70.06999999999971,6535,6534.0,76.27217553688142,-0.010723905723905679,-0.00053685474190987,0.001198199819981264
2075c696,10082.98,11222.56,1139.58,11192.35,11216.83,24.479999999999563,24.479999999999563,3188,3187.0,57.1326164874552,0.007681204894885336,-0.007898679471764508,-0.0034970897089614842
22c5f93f,11045.070000000002,11878.490000000002,833.4200000000001,11871.94,11861.94,-10.0,10.0,5172,5171.0,74.75068651539239,-0.0019338619222587507,0.0015150060024100621,-0.0016276027602855345
230eaaa3,10515.75,11484.240000000002,968.4900000000016,11430.25,11484.240000000002,53.9900000000016,53.9900000000016,4690,4689.0,72.70190668113472,0.011514182128385925,-0.01087827130852131,-0.010429402940290959
2364716c,10204.01,10995.46,791.4499999999989,10967.56,10986.58,19.020000000000437,19.020000000000437,4316,4315.0,70.83538486788117,0.0044078794901507385,0.0045944777911257634,0.007238163816363808
23b9beb0,10893.58,11403.740000000002,510.1600000000017,11391.0,11396.52,5.520000000000437,5.520000000000437,7340,7339.0,83.50398179749715,0.0007521460689467825,-0.00565618247295059,-0.004790699069885683
24d8997e,10473.35,11190.25,716.8999999999996,11183.39,11188.52,5.130000000001019,5.130000000001019,3442,3441.0,66.34541249036238,0.0014908456843943675,0.024846578631418804,0.02703522352234244
25050f63,10252.06,10977.59,725.5300000000007,10929.05,10968.15,39.100000000000364,39.100000000000364,6124,6123.0,85.59049615653389,0.0063857586150580375,0.21558895558225966,0.25556753675367516
25939962,11448.27,12274.45,826.1800000000003,12257.09,12259.01,1.9200000000000728,1.9200000000000728,4319,4318.0,71.14149234063582,0.00044465030106532484,-0.005796878751481382,-0.0045865586558551
25fd32b3,10672.33,11196.52,524.1900000000005,11185.4,11188.22,2.819999999999709,2.819999999999709,2885,2884.0,63.46238451385834,0.0009778085991677214,0.0027322929171138145,0.003848244824498561
261785ee,10336.13,11320.17,984.0400000000009,11319.490000000002,11291.29,-28.200000000000728,28.200000000000728,3646,3645.0,66.14658925979681,-0.007736625514403492,0.0074703481392701465,0.007017761776187011
264feceb,10435.77,11209.35,773.5799999999999,11199.93,11190.63,-9.300000000001091,9.300000000001091,5665,5664.0,76.47138228941685,-0.0016419491525425656,-0.010929171668639713,-0.007676567656776302
26623a50,10575.12,11387.02,811.8999999999996,11385.69,11369.35,-16.340000000000146,16.340000000000146,5735,5734.0,76.68137451530953,-0.002849668643181051,0.004327971188459772,0.0010405640564164276
26d3a96a,11871.68,12647.26,775.5799999999999,12631.820000000002,12608.88,-22.94000000000233,22.94000000000233,4721,4720.0,73.02397525135345,-0.004860169491525917,0.028559903961618425,0.03151275127512813
272abef3,10855.88,11455.98,600.1000000000004,11446.94,11445.240000000002,-1.6999999999989086,1.6999999999989086,4135,4134.0,72.77367124252024,-0.0004112239961293925,0.0008225690276319782,-0.0011565556555508457
27300fd5,11794.58,12587.45,792.8700000000008,12560.42,12566.72,6.299999999999272,6.299999999999272,5467,5466.0,74.01841321418901,0.0011525795828758274,-0.005121248499374297,-0.003601020102014444
276b012a,11965.77,12454.93,489.15999999999985,12406.78,12417.91,11.1299999999992,11.1299999999992,4837,4836.0,76.88761723096486,0.0023014888337467326,0.01748091236497137,0.015597239723980255
27c3155b,11737.42,12757.37,1019.9500000000007,12756.02,12737.820000000002,-18.19999999999891,18.19999999999891,4958,4957.0,71.43062959227777,-0.003671575549727438,0.0173589435775062,0.00926600660066675
27ebb9b9,11120.89,11955.02,834.130000000001,11934.83,11936.41,1.5799999999999272,1.5799999999999272,5766,5765.0,75.36269768657692,0.00027406764960970117,0.017168787514962036,0.01937383738373827
283269ac,10534.55,11452.75,918.2000000000007,11451.62,11451.39,-0.23000000000138243,0.23000000000138243,2626,2625.0,57.49945259470112,-8.761904761957426e-05,-0.0062160864345981335,-0.00461272127212575
28473855,9864.490000000002,10998.22,1133.7299999999977,10982.9,10997.12,14.220000000001164,14.220000000001164,4290,4289.0,64.8036253776435,0.0033154581487528944,0.007156782713095449,0.006154515451534429
28f4eda9,10544.87,10953.31,408.4399999999987,10928.38,10945.45,17.070000000001528,17.070000000001528,5266,5265.0,77.16881594372802,0.0032421652421655324,-0.003435774309767264,-0.01394635463547766
29b24409,10464.39,11221.92,757.5300000000007,11201.320000000002,11217.75,16.429999999998472,16.429999999998472,5587,5586.0,75.326951597681,0.0029412817758679684,0.015916446578607336,0.02052433243324807
29de15c8,11348.15,11992.54,644.3900000000012,11990.59,11991.990000000002,1.4000000000014552,1.4000000000014552,3431,3430.0,66.44074360960495,0.0004081632653065467,-0.021878031212492516,-0.014108970897071827
2ab29395,11853.56,12216.21,362.64999999999964,12213.59,12215.17,1.5799999999999272,1.5799999999999272,1852,1851.0,55.69924812030075,0.0008535926526201659,0.005109243697493534,0.005563036303621419
2ac7cb6b,10349.29,10899.91,550.619999999999,10880.73,10834.09,-46.63999999999942,46.63999999999942,4990,4989.0,77.35234847310495,-0.009348566847063424,-0.00184249699886339,-0.004040624062419187
2acc78d4,11085.6,11890.83,805.2299999999996,11861.61,11867.12,5.510000000000218,5.510000000000218,4266,4265.0,69.83139630054018,0.001291910902696417,-0.0019563025209171454,-0.0038636663666243897
2b034622,9467.05,10072.18,605.130000000001,10071.9,10065.59,-6.309999999999491,6.309999999999491,5203,5202.0,76.95607158704334,-0.0012129950019222396,-0.005722929171659131,-0.0015384938493791568
2b06ad65,11448.94,11960.62,511.6800000000003,11952.52,11951.91,-0.6100000000005821,0.6100000000005821,4256,4255.0,74.58815282159131,-0.00014336075205654102,-0.0027236494597331273,-0.004424782478232283
2b547943,11478.63,12226.18,747.5500000000011,12209.62,12223.84,14.219999999999345,14.219999999999345,3480,3479.0,67.82303644513739,0.004087381431445629,0.0002823529411708452,0.005611101110108879
2be5c96a,11192.78,11808.570000000002,615.7900000000009,11797.61,11798.73,1.1199999999989814,1.1199999999989814,4210,4209.0,73.17921084651486,0.00026609645996649594,0.017321968787570675,0.014206900690057285
2bff06cf,10160.0,11048.66,888.6599999999999,11004.13,11018.08,13.950000000000728,13.950000000000728,7624,7623.0,83.10442555046872,0.0018299881936246526,0.05336998799520401,0.05093519351933807
2c0c4a4e,10211.19,10981.41,770.2199999999993,10963.62,10976.28,12.659999999999854,12.659999999999854,4790,4789.0,71.29037059086174,0.0026435581541031225,-0.010858583433341186,-0.01678277827783545
2cee0cba,10463.67,11246.740000000002,783.0700000000015,11231.11,11242.52,11.409999999999854,11.409999999999854,5500,5499.0,74.98295841854124,0.0020749227132205593,-0.050836974789921247,-0.04733477347733676
2d0c268a,10541.83,11335.92,794.0900000000001,11325.79,11310.14,-15.650000000001455,15.650000000001455,4550,4549.0,72.34854507870885,-0.0034403165530889107,-0.013854501800734264,-0.016963276327638468
2d179ded,9719.41,10715.19,995.7800000000007,10698.47,10696.63,-1.8400000000001455,1.8400000000001455,7008,7007.0,75.96747967479675,-0.0002625945483088548,-0.028954621848785514,-0.02848604860485893
2d196986,10426.18,11209.96,783.7799999999988,11202.46,11183.97,-18.48999999999978,18.48999999999978,6474,6473.0,77.84992784992785,-0.002856480766259815,-0.01280336134457733,-0.009875967596766792
2d2d0c6b,10404.27,11199.26,794.9899999999998,11193.320000000002,11199.240000000002,5.920000000000073,5.920000000000073,5045,5044.0,72.41280321515717,0.001173671689135621,0.007592316926698498,0.014333093309331559
2d35f86d,11191.34,11893.88,702.539999999999,11880.98,11891.67,10.69000000000051,10.69000000000051,4896,4895.0,73.86843693421847,0.002183861082737591,-0.03014789915970722,-0.026575457545760704
2d9f6cb9,12200.01,12540.86,340.85000000000036,12523.69,12535.64,11.949999999998909,11.949999999998909,7338,7337.0,85.05853715080562,0.0016287310890008052,0.023193757502968648,0.01919195919590624
2ddad940,11108.76,11713.52,604.7600000000002,11701.37,11694.02,-7.350000000000364,7.350000000000364,5331,5330.0,78.25895478567234,-0.001378986866791813,0.0058333733493649426,0.005192619261925479
2e29e833,11343.75,12159.46,815.7099999999991,12150.02,12152.15,2.1299999999991996,2.1299999999991996,5428,5427.0,74.82768127929418,0.0003924820342729316,-0.015743577431064727,-0.013450945094520082
2e43c2ea,10445.94,11203.31,757.369999999999,11181.61,11188.42,6.809999999999491,6.809999999999491,5698,5697.0,77.53435841611103,0.0011953659820957505,-0.055104441776716785,-0.05436021602161749
2e63d9de,11743.54,12554.21,810.6699999999983,12533.92,12517.46,-16.460000000000946,16.460000000000946,4699,4698.0,72.23674096848578,-0.003503618561090027,0.02237166866746945,0.020513951395135576
2ee0235b,10454.83,11193.43,738.6000000000004,11187.39,11191.48,4.0900000000001455,4.0900000000001455,5556,5555.0,76.57111356119074,0.0007362736273627625,-0.029620648259308224,-0.024897089708974574
2f19d536,11732.93,12282.29,549.3600000000006,12279.03,12271.14,-7.890000000001237,7.890000000001237,3088,3087.0,65.09274873524453,-0.0025558794946554057,-0.02260504201678362,-0.020506210621065734
2f8e53c3,11409.78,11956.2,546.4200000000001,11952.89,11945.0,-7.889999999999418,7.889999999999418,2594,2593.0,62.76312605855311,-0.0030428075588119622,-0.0017915966386267959,-0.002014461446139933
2fa01aa6,11948.71,12736.570000000002,787.8600000000024,12716.09,12683.71,-32.38000000000102,32.38000000000102,2174,2173.0,56.32124352331607,-0.014901058444547179,-0.015662424969989326,-0.017081728172824544
2fd68f7b,10078.54,10885.76,807.2199999999993,10810.63,10874.39,63.76000000000022,63.76000000000022,4730,4729.0,74.1263124902053,0.01348276591245511,-0.019628811524571667,-0.019324932493259096
2fe023be,10566.3,11461.96,895.6599999999999,11444.45,11427.04,-17.409999999999854,17.409999999999854,4221,4220.0,69.65346534653465,-0.004125592417061577,0.014157503001225192,0.016235343534341102
30d75030,10310.21,10893.27,583.0600000000013,10885.83,10839.88,-45.95000000000073,45.95000000000073,3404,3403.0,67.95767618287083,-0.013502791654422782,0.054507563025212556,0.05758001800179674
310c71a5,10401.06,11202.23,801.1700000000001,11182.06,11167.84,-14.219999999999345,14.219999999999345,5245,5244.0,75.05724098454493,-0.0027116704805490743,0.001263385354099619,0.005121512151202802
32fe84c9,11430.93,12133.01,702.0799999999999,12127.51,12096.16,-31.350000000000364,31.350000000000364,6408,6407.0,78.50055126791621,-0.004893085687529322,-0.027841056422588776,-0.02993999399940511
33c40295,10616.48,11417.740000000002,801.260000000002,11405.81,11415.77,9.960000000000946,9.960000000000946,4169,4168.0,69.61095341459342,0.0023896353166988835,-0.05355582232884081,-0.05227110711071375
3407f5bf,10393.87,11025.52,631.6499999999996,11008.05,10939.11,-68.93999999999869,68.93999999999869,3638,3637.0,68.52514597852702,-0.018955182843002114,-0.03665450180071768,-0.032163396339628135
3417285d,11137.85,12210.62,1072.7700000000004,12164.85,12197.29,32.44000000000051,32.44000000000051,5449,5448.0,73.06248323947439,0.0059544787077827665,0.009131812725116234,0.006470567056713909
347242c8,11252.85,12047.18,794.3299999999999,12035.04,12037.53,2.4899999999997817,2.4899999999997817,3595,3594.0,66.12102262276991,0.0006928213689481864,0.0054458583433633035,-0.010494509450950207
353e5502,10353.06,11201.09,848.0300000000007,11189.8,11188.86,-0.9399999999986903,0.9399999999986903,6062,6061.0,76.72446525756233,-0.00015508991915503883,0.02391788715487221,0.038636663666365235
357c12f9,9808.64,10797.95,989.3100000000013,10784.23,10787.65,3.4200000000000728,3.4200000000000728,4079,4078.0,70.69324090121317,0.0008386463952918276,-0.009677791116400701,-0.004379237923787263
3584a6eb,11463.46,12224.01,760.5500000000011,12223.77,12214.46,-9.31000000000131,9.31000000000131,4494,4493.0,73.07317073170732,-0.0020721121744939485,-0.004899399759907998,0.0014255025502647265
35b30c7f,10354.33,11005.45,651.1200000000008,11002.62,10986.04,-16.579999999999927,16.579999999999927,9579,9578.0,84.9955634427684,-0.0017310503236583762,0.02906362545020854,0.02779279927992471
35b3ef6a,10145.51,10799.36,653.8500000000004,10787.740000000002,10750.6,-37.14000000000124,37.14000000000124,3904,3903.0,68.06136680613668,-0.009515757109915767,-0.01812725090033914,-0.020502010201028088
367456ce,10171.46,10893.35,721.8900000000012,10869.42,10892.76,23.340000000000146,23.340000000000146,5569,5568.0,76.1624726477024,0.0041918103448276125,-0.0007337334933545024,-0.008164776477648286
368131f9,11387.7,11914.56,526.8599999999988,11875.51,11899.98,24.469999999999345,24.469999999999345,4991,4990.0,75.989646772229,0.00490380761523033,0.00865978391355299,0.009558955895583499
368fe682,10753.59,11304.63,551.039999999999,11280.87,11291.66,10.789999999999054,10.789999999999054,4936,4935.0,76.93266832917706,0.00218642350557225,-0.0038141656663075074,-0.007725472547244384
3690a146,10396.56,11209.41,812.8500000000004,11198.25,11208.38,10.1299999999992,10.1299999999992,4073,4072.0,70.69953133136609,0.0024877210216108056,-0.028291476590646594,-0.021157575757565297
37344c2a,10311.97,11052.94,740.9700000000012,11016.71,11027.39,10.680000000000291,10.680000000000291,5197,5196.0,74.85236929281291,0.0020554272517321576,0.00960048019207197,0.007753255325526958
373ef48b,10628.490000000002,11194.17,565.6799999999985,11183.44,11187.4,3.959999999999127,3.959999999999127,3509,3508.0,70.29246794871796,0.0011288483466360111,0.02511452581030801,0.024395739573949873
374be387,9880.94,10721.320000000002,840.380000000001,10711.58,10702.56,-9.020000000000437,9.020000000000437,9965,9964.0,84.43484155227927,-0.0009052589321558045,0.040056662665023245,0.027288688868892873
37d36812,11502.47,12243.55,741.0799999999999,12209.81,12242.44,32.63000000000102,32.63000000000102,4367,4366.0,72.57769652650823,0.007473660100778978,-0.001468907562990264,-0.006833843384336574
38991fd4,10392.78,11221.52,828.7399999999998,11221.48,11209.4,-12.079999999999927,12.079999999999927,4798,4797.0,73.30786860198624,-0.0025182405670210396,0.01631548619446351,0.01894851485149366
389ae58f,10898.46,11775.87,877.4100000000017,11707.31,11759.06,51.75,51.75,6463,6462.0,78.80746250457261,0.008008356545961003,0.05684897959181491,0.06249966996700255
3932faa6,11084.64,12058.92,974.2800000000007,12030.31,12027.22,-3.0900000000001455,3.0900000000001455,5452,5451.0,73.79534380075799,-0.000566868464501953,-0.01982280912369418,-0.01981146114611567
398dce4b,10004.59,10834.02,829.4300000000003,10820.2,10834.02,13.819999999999709,13.819999999999709,3166,3165.0,63.256743256743256,0.004366508688783478,-0.013717166866808352,-0.011454665466530997
39b51819,10266.91,10991.990000000002,725.0800000000017,10982.86,10984.04,1.180000000000291,1.180000000000291,4231,4230.0,66.29583202757756,0.0002789598108747733,0.0043169267707214186,0.0035330333033433458
3a0af893,11716.0,12216.83,500.8299999999999,12189.64,12210.92,21.280000000000655,21.280000000000655,2927,2926.0,63.90829694323145,0.0072727272727274965,0.010521488595446094,0.007927632763293948
3a223519,11877.58,12822.85,945.2700000000004,12819.1,12804.240000000002,-14.859999999998763,14.859999999998763,4583,4582.0,69.63987235982374,-0.0032431252728063647,0.006158463385351073,0.005008580858085617
3a7dd95d,11452.31,11901.73,449.4200000000001,11895.75,11889.5,-6.25,6.25,3072,3071.0,71.11111111111111,-0.0020351676978183,0.0044931572629784795,0.006949594959500098
3a824aa7,11671.45,12214.67,543.2199999999993,12210.62,12214.02,3.399999999999636,3.399999999999636,4201,4200.0,73.98731947868968,0.0008095238095237229,0.0002223289315410134,0.0010796879688092097
3a86fe8d,10905.0,11487.2,582.2000000000007,11450.46,11447.320000000002,-3.139999999997599,3.139999999997599,5118,5117.0,77.87583688374924,-0.0006136408051588038,-0.06347418967588873,-0.05549138913890916
3aaa2b30,10333.81,10915.86,582.0500000000011,10886.86,10911.92,25.05999999999949,25.05999999999949,4711,4710.0,73.65540963101938,0.005320594479830041,-0.0073637454982170445,0.0045581158115817815
3ac16ad0,10184.63,10985.26,800.630000000001,10961.66,10964.3,2.639999999999418,2.639999999999418,5649,5648.0,76.2142471667566,0.0004674220963171774,-0.0025344537815528683,-0.0023897389739005923
3b21ea64,11704.75,12439.7,734.9500000000007,12425.91,12437.01,11.100000000000364,11.100000000000364,7376,7375.0,81.02823245084039,0.0015050847457627613,0.0028211284513978358,0.010680348034810013
3bbe1f5d,10457.75,11210.68,752.9300000000003,11194.53,11210.68,16.149999999999636,16.149999999999636,6918,6917.0,84.5307917888563,0.002334827237241526,-0.026240096038400388,-0.014686408640855575
3bfee975,11697.41,12178.58,481.1700000000001,12164.26,12157.63,-6.630000000001019,6.630000000001019,3603,3602.0,70.81367924528303,-0.001840644086618828,-0.01018103241293533,-0.009645004500461362
3c3dbcbc,11051.240000000002,11877.65,826.409999999998,11859.75,11865.31,5.559999999999491,5.559999999999491,5069,5068.0,73.3468383736073,0.0010970797158641457,-0.001471308523391433,-0.0028417041704189663
3d96d897,10635.15,11207.28,572.130000000001,11202.03,11205.7,3.6700000000000728,3.6700000000000728,5659,5658.0,79.18007555617741,0.0006486390950866159,-0.0029354141656545347,8.478847883429093e-05
3df4b19e,10634.740000000002,11388.27,753.5299999999988,11382.94,11373.65,-9.290000000000873,9.290000000000873,4988,4987.0,74.9173926103935,-0.0018628433928215107,-0.006547899159683582,-0.0063927992799403316
3e011332,10352.31,11463.240000000002,1110.930000000002,11428.740000000002,11423.21,-5.530000000002474,5.530000000002474,2723,2722.0,56.237092110698065,-0.0020315944158715922,0.017343097238951617,0.017534653465360556
3e678ea7,11854.46,12551.13,696.6700000000001,12528.21,12532.78,4.570000000001528,4.570000000001528,6858,6857.0,78.4937621609248,0.0006664722181714347,-0.0016057623049802608,-0.001123492349239566
3ef6372a,10548.11,11425.18,877.0699999999997,11415.56,11413.37,-2.1899999999986903,2.1899999999986903,4727,4726.0,70.9120912091209,-0.000463393990689524,-0.0040307322929197375,-0.003751515151536172
3ef98781,11493.91,11969.85,475.9400000000005,11963.61,11960.96,-2.650000000001455,2.650000000001455,3892,3891.0,72.84297211304511,-0.0006810588537654729,-0.043068427370951706,-0.034255445544577136
3f603129,10462.52,11018.37,555.8500000000004,10974.28,10989.3,15.019999999998618,15.019999999998618,5051,5050.0,76.54190028792242,0.0029742574257423005,0.06168643457382432,0.0594870687068769
404c4384,10083.09,10819.35,736.2600000000002,10810.45,10819.35,8.899999999999636,8.899999999999636,911,910.0,34.87748851454824,0.00978021978021938,0.03319327731086042,0.03381470147014656
4121c517,10078.56,10968.04,889.4800000000014,10947.09,10959.76,12.670000000000073,12.670000000000073,3723,3722.0,68.04971668799122,0.003404083825900073,0.011503961584594696,0.011408580858087977
41fb0192,12136.78,12601.66,464.8799999999992,12593.8,12599.17,5.3700000000008,5.3700000000008,2973,2972.0,67.86121889979457,0.0018068640646032304,0.02032076830736536,0.020349774977490808
42669188,10807.0,11624.16,817.1599999999999,11623.16,11587.28,-35.8799999999992,35.8799999999992,4282,4281.0,70.42763157894737,-0.008381219341275215,0.03061272509001612,0.022927272727274007
42c538a1,10836.87,11318.81,481.9399999999987,11283.46,11303.42,19.960000000000946,19.960000000000946,3279,3278.0,68.85762284754306,0.00608907870652866,-0.021393037214901614,-0.024541254125410254
43b06c70,11120.93,11919.85,798.9200000000001,11903.54,11906.22,2.679999999998472,2.679999999998472,4846,4845.0,73.53566009104703,0.000553147574819086,0.05202545018006703,0.05227704770478057
43c7f85a,10419.02,10978.5,559.4799999999996,10976.95,10968.5,-8.450000000000728,8.450000000000728,5978,5977.0,79.87707108498128,-0.00141375271875535,0.0005171668667304097,0.001395439543963965
43e16325,9949.65,11036.23,1086.58,10952.1,11036.23,84.1299999999992,84.1299999999992,3720,3719.0,63.64414029084687,0.022621672492605324,-0.00900216086435295,-0.005965976597646468
44441e54,11550.85,11976.91,426.0599999999995,11971.16,11966.01,-5.149999999999636,5.149999999999636,4357,4356.0,78.2507183908046,-0.0011822773186408715,-0.013851620648255673,-0.01375421542152384
445af6c2,10310.51,11225.990000000002,915.4800000000014,11223.73,11188.02,-35.70999999999913,35.70999999999913,6041,6040.0,75.53138284571142,-0.005912251655628994,0.035608643457398725,0.03939441944193664
4463446c,10125.76,10542.53,416.77000000000044,10510.78,10532.1,21.31999999999971,21.31999999999971,3256,3255.0,68.85176570099387,0.006549923195084396,0.013078031212492859,0.012962676267617268
44a94013,10422.66,10953.08,530.4200000000001,10931.54,10871.44,-60.100000000000364,60.100000000000364,4903,4902.0,75.52372150338878,-0.012260301917584733,-0.02856134453784637,-0.03635169516952237
45fb3e21,10516.240000000002,11477.1,960.8599999999988,11468.84,11433.12,-35.719999999999345,35.719999999999345,3649,3648.0,64.85958051901885,-0.009791666666666487,-0.004682833133304666,-0.0040553255325408806
460f859e,10560.39,11244.820000000002,684.4300000000021,11214.37,11186.38,-27.9900000000016,27.9900000000016,3336,3335.0,66.9610598153352,-0.00839280359820138,0.03570036014408518,0.03539459945995235
4630ab92,11064.4,12027.45,963.0500000000011,12026.36,12019.89,-6.470000000001164,6.470000000001164,3373,3372.0,63.5575654795553,-0.0019187425860027177,-0.002234813925554705,-0.001031083108307914
463c38f2,10730.92,11195.45,464.53000000000065,11182.63,11184.64,2.0100000000002183,2.0100000000002183,4460,4459.0,73.74338624338624,0.00045077371607988746,0.0457848739495886,0.03563456345634854
4654e7de,10620.98,11234.02,613.0400000000009,11220.92,11228.06,7.139999999999418,7.139999999999418,5373,5372.0,76.64764621968617,0.0013291139240505245,0.03719231692679494,0.030127272727261564
466fc788,11141.52,12024.490000000002,882.9700000000012,11993.9,12016.320000000002,22.42000000000189,22.42000000000189,6197,6196.0,79.78627526715592,0.00361846352485505,-0.051613925570282534,-0.0602194419441907
46a301e9,10257.71,10974.4,716.6900000000005,10973.64,10961.12,-12.519999999998618,12.519999999998618,8226,8225.0,82.57378036538847,-0.0015221884498478563,0.011667707082833097,0.016295409540969284
46a7190b,11973.95,12517.06,543.1099999999988,12490.41,12505.86,15.450000000000728,15.450000000000728,4215,4214.0,74.65462274176407,0.0036663502610348193,-0.004948379351721066,-0.0026238823882246097
46d24a09,12162.28,12779.66,617.3799999999992,12738.91,12759.08,20.170000000000073,20.170000000000073,4449,4448.0,72.66046055854973,0.00453462230215829,5.714285714987832e-05,-0.004393279327928452
46d41ff6,11682.29,12078.86,396.5699999999997,12061.59,12072.05,10.459999999999127,10.459999999999127,7901,7900.0,85.63841318014308,0.001324050632911282,-0.0026324129650623523,0.003370177017702239
46dfcfca,12030.06,12526.15,496.09000000000015,12482.81,12526.15,43.340000000000146,43.340000000000146,3606,3605.0,73.27778906726276,0.012022191400832218,0.03474573829533383,0.030702370237030048
47222616,11775.81,12224.91,449.10000000000036,12201.84,12216.2,14.360000000000582,14.360000000000582,4406,4405.0,75.50985432733505,0.0032599318955733444,-0.040844657863203675,-0.041086408640864894
47ee27ab,10512.36,11383.6,871.2399999999998,11367.15,11350.7,-16.44999999999891,16.44999999999891,6397,6396.0,77.31447909112885,-0.0025719199499685597,-0.03059447779110508,-0.027496189618978584
481de5fc,11278.79,12074.04,795.25,12071.51,12049.73,-21.780000000000655,21.780000000000655,5952,5951.0,77.35898102417468,-0.0036598890942699806,-0.0025891956782658986,-0.006887008700869835
48c1f673,9975.04,10881.91,906.869999999999,10854.43,10864.16,9.729999999999563,9.729999999999563,2917,2916.0,62.516073724817836,0.003336762688614391,-0.00022761104440446005,0.0039858385838418674
4936af16,10294.1,10873.35,579.25,10868.75,10871.18,2.430000000000291,2.430000000000291,3991,3990.0,71.7934880374168,0.0006090225563910504,0.02037503001197618,0.02647008700868612
493b5b31,11672.990000000002,12720.46,1047.4699999999975,12688.25,12714.83,26.579999999999927,26.579999999999927,4671,4670.0,67.85299244625219,0.005691648822269792,-0.07740840336139013,-0.06557263726372071
49dbc14c,10727.95,11208.09,480.1399999999994,11199.1,11192.87,-6.229999999999563,6.229999999999563,3872,3871.0,74.49018853405155,-0.0016094032549727624,0.005461224489803303,0.0056629462946417835
4a035ec2,11795.22,12615.11,819.8900000000012,12610.1,12581.25,-28.850000000000364,28.850000000000364,2588,2587.0,57.2313135780628,-0.011151913413220086,-0.009488595438151169,-0.00961980198019657
4a335117,10144.21,11237.240000000002,1093.0300000000025,11189.89,11236.51,46.6200000000008,46.6200000000008,5015,5014.0,74.55031960755166,0.009297965696051217,0.06146266506601414,0.06096993699370783
4a8ecc0b,11016.75,11889.01,872.2600000000002,11866.88,11871.820000000002,4.940000000002328,4.940000000002328,5809,5808.0,78.77678329264985,0.0008505509641877287,-0.06547466986792416,-0.024591359135931766
4b462989,10285.43,10982.94,697.5100000000002,10976.77,10972.25,-4.520000000000437,4.520000000000437,3106,3105.0,65.5550865344027,-0.0014557165861515094,0.044664105642243074,0.04558229822981685
4b831d20,11380.6,12565.66,1185.0599999999995,12550.17,12520.93,-29.23999999999978,29.23999999999978,7312,7311.0,77.51510654086718,-0.003999452879223059,-0.03132100840333354,-0.031125772577246375
4c2208f5,11914.89,12722.77,807.880000000001,12672.98,12705.0,32.02000000000044,32.02000000000044,5384,5383.0,74.28256070640177,0.005948355935352115,0.02458679471786083,0.026935673567343617
4c3168cf,11335.04,12010.69,675.6499999999996,11997.88,12005.04,7.1600000000016735,7.1600000000016735,4334,4333.0,72.73032387984561,0.0016524348026775153,-0.0287222088835417,-0.03380150015002794
4c3df468,10466.61,10978.56,511.9499999999989,10942.490000000002,10956.67,14.179999999998472,14.179999999998472,5392,5391.0,78.11096624655947,0.002630309775551562,0.018415366146496588,0.018925772577261447
4caa7289,10692.01,11208.25,516.2399999999998,11191.1,11206.52,15.420000000000073,15.420000000000073,5396,5395.0,78.7277502188503,0.002858202038924944,-0.03787082833136818,-0.033639123912389705
4cd1ac61,10886.34,11876.44,990.1000000000004,11859.88,11876.11,16.230000000001382,16.230000000001382,4489,4488.0,66.91012073334328,0.0036163101604281154,0.029225450180087875,0.03156123612361842
4cecf7b3,11504.09,12068.56,564.4699999999993,12052.16,12034.43,-17.729999999999563,17.729999999999563,6019,6018.0,78.41323606044816,-0.0029461615154535666,0.02048355342138379,0.025113171317125857
4ddde4c1,10042.84,10967.34,924.5,10958.48,10967.34,8.860000000000582,8.860000000000582,4472,4471.0,69.68988623967586,0.0019816595839858156,-0.013622088835522366,-0.0138695469546911
4e050c92,11504.78,12051.3,546.5199999999986,12048.33,12037.88,-10.450000000000728,10.450000000000728,3705,3704.0,70.76012223071046,-0.002821274298056352,-0.007637935174104335,-0.0068200420041728054
4ed93db6,10496.88,11384.63,887.75,11373.78,11362.1,-11.680000000000291,11.680000000000291,4657,4656.0,71.69027093596058,-0.0025085910652921585,-0.030877791116438714,-0.026656165616556232
4f3eb9e9,11140.42,11404.12,263.7000000000007,11349.63,11393.490000000002,43.8600000000024,43.8600000000024,4697,4696.0,79.46201996278126,0.009339863713799489,-0.04952028811525394,-0.045972577257725265
4f4ac5ce,10556.01,11211.33,655.3199999999997,11197.18,11210.78,13.600000000000364,13.600000000000364,5162,5161.0,74.82243803449775,0.002635148227087844,0.0003318127250645146,0.0018574857485861463
4f4afcc6,10617.93,11198.09,580.1599999999999,11177.65,11170.12,-7.529999999998836,7.529999999998836,5645,5644.0,78.57739420935413,-0.001334160170091927,-0.000365426170474374,0.00047812781278568783
4f69febf,9828.42,10963.63,1135.2099999999991,10941.33,10961.93,20.600000000000364,20.600000000000364,5460,5459.0,71.8515594157126,0.003773584905660444,-0.03689699879954308,-0.0345385538553818
4fbe9c06,10473.18,11213.45,740.2700000000004,11207.94,11213.45,5.510000000000218,5.510000000000218,6287,6286.0,79.20131015369111,0.0008765510658606774,-0.005660984393717896,-0.004394239423931261
504c8b08,10386.37,11225.47,839.0999999999985,11211.9,11185.240000000002,-26.659999999998035,26.659999999998035,6367,6366.0,79.4682975536695,-0.004187873075714426,-0.028192076830763146,-0.030175457545747405
511e1db0,10488.73,11203.89,715.1599999999999,11183.18,11186.820000000002,3.640000000001237,3.640000000001237,3821,3820.0,67.68821966341896,0.0009528795811521562,0.007934693877523885,0.000184698469830578
512943b2,10607.19,11365.15,757.9599999999991,11360.12,11351.1,-9.020000000000437,9.020000000000437,5029,5028.0,75.27316270019459,-0.001793953858393086,0.0025147659063847576,0.004981938193832
5138a660,11635.18,12067.51,432.3299999999999,12064.4,12055.55,-8.850000000000364,8.850000000000364,3559,3558.0,73.70055912197142,-0.0024873524451940313,0.010709243697456149,0.027941194119405547
516088b7,10736.7,11478.56,741.8599999999988,11463.26,11461.18,-2.0799999999999272,2.0799999999999272,6645,6644.0,80.06024096385542,-0.000313064419024673,-0.008208403361366697,-0.007433423342332373
521a7819,10335.77,11229.79,894.0200000000004,11225.79,11209.06,-16.730000000001382,16.730000000001382,5200,5199.0,71.98228128460687,-0.003217926524331868,0.07314573829534295,0.08045352535253374
5254b6db,11232.21,12052.36,820.1500000000015,12042.06,12050.53,8.470000000001164,8.470000000001164,3274,3273.0,64.0078201368524,0.0025878399022307252,0.06402641056420923,0.06285724572458337
529e88ca,10155.92,11032.5,876.5799999999999,11004.46,11016.72,12.260000000000218,12.260000000000218,3417,3416.0,65.0485436893204,0.0035889929742389396,0.01770516206482047,0.01706384638464343
52f1e77a,11530.53,12047.25,516.7199999999993,12024.5,12045.75,21.25,21.25,4442,4441.0,73.38509829836445,0.004784958342715605,0.08805858343336384,0.06876999699970732
5305524b,10455.29,10975.83,520.539999999999,10943.14,10921.52,-21.61999999999898,21.61999999999898,4898,4897.0,75.85566052346292,-0.004414947927302222,-0.03570516206484022,-0.05354893489349165
53134831,11290.4,12212.46,922.0599999999995,12206.570000000002,12187.37,-19.200000000000728,19.200000000000728,5126,5125.0,71.05627945661215,-0.003746341463414776,-0.03522256902760583,-0.035583798379823756
5397ceb1,10842.46,11433.070000000002,590.6100000000024,11402.9,11417.05,14.149999999999636,14.149999999999636,5255,5254.0,77.15460284833358,0.0026931861438903,-0.04422665066028525,-0.04063588358838777
53f23031,10693.22,11413.39,720.1700000000001,11389.73,11401.66,11.930000000000291,11.930000000000291,8550,8549.0,83.82352941176471,0.0013954848520295112,-0.012115246098464047,-0.011266246624649841
543198e8,10152.62,11020.64,868.0199999999986,10978.35,10930.34,-48.01000000000022,48.01000000000022,6503,6502.0,78.2456984719047,-0.007383881882497727,0.01829675870351125,0.01748082808281305
54753541,10269.13,10826.28,557.1500000000015,10775.6,10826.28,50.68000000000029,50.68000000000029,4026,4025.0,70.89276281035394,0.01259130434782616,-0.012740936374544123,-0.011934413441326295
54a7e3c2,10519.92,11176.88,656.9599999999991,11158.45,11163.22,4.769999999998618,4.769999999998618,6155,6154.0,77.98048904092234,0.0007751056223592164,-0.012635774309694833,-0.0054535853585413515
5542c301,10090.83,10996.4,905.5699999999997,10979.91,10979.0,-0.9099999999998545,0.9099999999998545,3591,3590.0,66.09607951408061,-0.0002534818941503773,-0.03914861944778133,-0.041621242124218596
5567d551,10881.86,11429.83,547.9699999999993,11415.03,11429.2,14.170000000000073,14.170000000000073,6889,6888.0,82.10965435041716,0.002057200929152159,-0.0041911164465282865,-0.004454305430536959
55efee7f,10403.5,11245.03,841.5300000000007,11228.11,11240.02,11.909999999999854,11.909999999999854,4801,4800.0,72.99680705488825,0.0024812499999999696,0.0059178871548763575,0.003930453045304939
5663b2b7,11130.5,12071.36,940.8600000000006,12055.54,12052.53,-3.0100000000002183,3.0100000000002183,4972,4971.0,71.98494281164037,-0.0006055119694226953,0.005549579831956293,0.006633363336341973
5693dde2,11757.19,12251.38,494.1899999999987,12249.48,12246.58,-2.899999999999636,2.899999999999636,3488,3487.0,71.97688815517952,-0.0008316604531114529,0.01135126050418803,0.014732133213337637
56b00794,10585.55,11032.27,446.72000000000116,10989.23,11011.64,22.409999999999854,22.409999999999854,6065,6064.0,83.16193610311258,0.003695580474934013,0.03641776710681044,0.03205964596460678
57796579,10342.23,11214.97,872.7399999999998,11192.64,11213.02,20.38000000000102,20.38000000000102,5890,5889.0,77.27630543164524,0.0034606894209544947,-0.06260504201682852,-0.06273981398135732
577eec7c,9425.83,10094.35,668.5200000000004,10062.71,10060.240000000002,-2.469999999997526,2.469999999997526,4539,4538.0,74.59326211996714,-0.0005442926399289392,0.001070348139263173,-0.0055839183918418795
57f05c51,11799.51,12727.97,928.4599999999991,12664.45,12677.14,12.68999999999869,12.68999999999869,4771,4770.0,73.64927446742821,0.0026603773584902915,-0.050281872749108586,-0.06652703270327132
58850d2c,11727.36,12537.14,809.7799999999988,12526.59,12512.66,-13.930000000000291,13.930000000000291,4995,4994.0,72.20294882914136,-0.0027893472166600503,0.0033435774309880087,0.003003960396028408
58fa8486,11268.94,12058.92,789.9799999999996,12052.81,12045.21,-7.600000000000364,7.600000000000364,4475,4474.0,73.04929807378387,-0.0016987036209209574,0.0016974789916088988,0.0007891389138890008
591cc951,10344.490000000002,11220.12,875.6299999999992,11212.45,11197.84,-14.610000000000582,14.610000000000582,4609,4608.0,69.11081121607438,-0.003170572916666793,0.003966866746727683,-0.0014523252325130058
593876b6,10840.83,11385.9,545.0699999999997,11369.77,11358.11,-11.659999999999854,11.659999999999854,4842,4841.0,76.0603204524034,-0.0024085932658541322,0.05094645858346083,0.045575157515761654
59f8b2e8,10800.33,11521.1,720.7700000000004,11509.990000000002,11521.1,11.109999999998763,11.109999999998763,3747,3746.0,66.10797459421313,0.00296583021889983,-0.0025046818727051086,-0.004008280828084327
5a1a8fd8,11349.13,12027.14,678.0100000000002,12020.75,12011.13,-9.6200000000008,9.6200000000008,5260,5259.0,77.1940123275609,-0.0018292451036320213,0.04342328931569584,0.044570537053707525
5a5269a9,10838.75,11416.28,577.5300000000007,11404.87,11402.8,-2.070000000001528,2.070000000001528,6513,6512.0,80.87669191605613,-0.0003178746928749275,0.003545738295318212,0.005414281428128688
5a5d1982,10509.58,11213.88,704.2999999999993,11200.16,11213.88,13.719999999999345,13.719999999999345,3894,3893.0,71.50201983106868,0.003524274338556215,-0.006397118847498234,-0.007356795679578639
5a63b5d1,10757.03,11513.25,756.2199999999993,11512.320000000002,11500.36,-11.960000000000946,11.960000000000946,6217,6216.0,77.21063089915549,-0.0019240669240670762,0.013961104441751067,0.008157695769576154
5aa03df7,10385.42,11358.92,973.5,11330.0,11358.92,28.920000000000073,28.920000000000073,4871,4870.0,72.14158767772511,0.005938398357289543,0.0005387755102127627,0.0013518751875302426
5aa403d0,10307.01,10991.01,684.0,10960.64,10989.45,28.81000000000131,28.81000000000131,3118,3117.0,66.31220757124628,0.009242861726019028,0.03538487394957762,0.0333461746174599
5aef5c6c,10553.83,11335.21,781.3799999999992,11323.1,11292.89,-30.210000000000946,30.210000000000946,3121,3120.0,64.31073562744693,-0.00968269230769261,-0.0009637454981387799,-4.6804680474960763e-05
5b7b6324,12026.58,12555.81,529.2299999999996,12518.5,12555.81,37.30999999999949,37.30999999999949,6564,6563.0,80.07807734537026,0.0056849001980800685,-0.0018242496998805997,-0.0027534953495285887
5bd25f59,9836.96,10805.7,968.7400000000016,10803.98,10796.23,-7.75,7.75,4210,4209.0,68.79084967320262,-0.0018412924685198384,0.020182472989182333,0.021339213921386335
5beded95,10654.67,11412.89,758.2199999999993,11412.820000000002,11396.64,-16.18000000000211,16.18000000000211,3057,3056.0,63.96735718769617,-0.005294502617801737,0.00785546218486355,0.008149114911494835
5cb483ac,11524.570000000002,12010.59,486.0199999999986,11997.63,12004.43,6.800000000001091,6.800000000001091,3852,3851.0,73.99154821359969,0.0017657751233448693,0.004414405762345777,0.007065346534658573
5cdd8dbc,10484.9,11226.44,741.5400000000009,11189.87,11222.7,32.82999999999993,32.82999999999993,4010,4009.0,69.72700399930447,0.008189074582190054,-0.035704201680725106,-0.03306372637263761
5d11dfb5,11395.990000000002,12241.4,845.409999999998,12220.12,12195.35,-24.770000000000437,24.770000000000437,5895,5894.0,77.12939945047756,-0.004202578893790369,-0.01266506602643604,-0.009235523552346928
5d7198fd,11984.38,12248.28,263.90000000000146,12239.46,12214.01,-25.44999999999891,25.44999999999891,3368,3367.0,70.21054825932875,-0.007558657558657235,0.010859063625421057,-0.027161296129618845
5def1ce5,10621.05,11200.01,578.960000000001,11183.3,11180.26,-3.039999999999054,3.039999999999054,6443,6442.0,80.56771289233463,-0.0004719031356720047,0.0313579831932743,0.04179543954395524
5eae34a8,10182.15,10911.08,728.9300000000003,10895.45,10889.44,-6.010000000000218,6.010000000000218,4904,4903.0,73.72218881539386,-0.001225780134611507,0.01428427370946763,0.011706270627064896
5f4d2a52,10070.48,10959.12,888.6400000000012,10865.83,10917.41,51.57999999999993,51.57999999999993,5225,5224.0,73.4673790776153,0.009873660030627857,-0.02248259303725388,-0.02814125412542763
5f6756c5,11252.23,12238.22,985.9899999999998,12202.3,12200.25,-2.0499999999992724,2.0499999999992724,5931,5930.0,73.54910714285714,-0.0003456998313658132,-0.012839375750310217,-0.018810861086109604
5f75f796,11912.48,12791.35,878.8700000000008,12769.39,12791.35,21.960000000000946,21.960000000000946,5562,5561.0,75.94210813762972,0.003948930048552589,0.007886194477759706,0.01342082208220414
5fb1c15f,10209.59,11035.320000000002,825.7300000000014,11012.240000000002,11026.63,14.389999999997599,14.389999999997599,2860,2859.0,58.8840848260243,0.00503322840153816,0.021128451380560895,0.008985538553859643
5fffa282,10528.54,11438.39,909.8499999999985,11435.87,11431.42,-4.450000000000728,4.450000000000728,4201,4200.0,67.50763297444962,-0.0010595238095239827,-0.006298679471832645,-0.006902010201003852
60e37807,10502.29,11465.15,962.8599999999988,11424.490000000002,11448.55,24.05999999999767,24.05999999999767,2699,2698.0,58.15556992027581,0.008917716827278604,0.025147178871587704,0.026129372937282652
61f27424,11031.88,12151.05,1119.17,12146.12,12150.35,4.229999999999563,4.229999999999563,6220,6219.0,74.57139431722814,0.0006801736613602772,0.001239375750336084,0.0006730273027180565
62569ae3,11282.65,11957.06,674.4099999999999,11952.04,11938.08,-13.960000000000946,13.960000000000946,3588,3587.0,68.44715757344525,-0.003891831614162516,0.025905402160869277,0.03891689168918142
62a6f539,10549.13,11204.73,655.6000000000004,11200.51,11204.68,4.170000000000073,4.170000000000073,3693,3692.0,70.3026841804683,0.0011294691224268886,-0.00021512605041269976,0.0013028502850351365
633774dc,10388.67,11184.86,796.1900000000005,11153.89,11184.86,30.970000000001164,30.970000000001164,6233,6232.0,78.18615153035626,0.004969512195122138,0.0010809123649562823,-0.006232823282315316
63559d57,11481.820000000002,12149.61,667.789999999999,12133.94,12149.61,15.670000000000073,15.670000000000073,4069,4068.0,70.03442340791737,0.0038520157325467237,0.013855942376943781,0.01212565256524759
647f2a41,11021.570000000002,11901.86,880.289999999999,11897.17,11892.33,-4.8400000000001455,4.8400000000001455,3881,3880.0,66.50102810143935,-0.0012474226804124087,0.015612004801947152,0.015031323132322772
65156b96,10227.04,11056.320000000002,829.2800000000007,11031.26,11056.320000000002,25.06000000000131,25.06000000000131,3221,3220.0,63.83273880301229,0.0077826086956525806,-0.0009363745498413153,-0.0009351335133369176
653612bc,11535.66,11965.28,429.6200000000008,11959.97,11959.83,-0.13999999999941792,0.13999999999941792,4605,4604.0,77.44702320887991,-3.0408340573287993e-05,0.011336374549800866,0.010160756075591372
656a067b,10165.1,11041.2,876.1000000000004,11020.21,11022.41,2.2000000000007276,2.2000000000007276,3051,3050.0,62.31617647058824,0.0007213114754100746,0.043792076830717605,0.03513903390338803
65a5466a,10328.45,10871.77,543.3199999999997,10846.09,10858.4,12.30999999999949,12.30999999999949,4683,4682.0,76.55713585090731,0.002629218282785026,0.008560864345758685,0.002748334833509777
660d9546,11566.15,12012.79,446.64000000000124,12012.35,12006.31,-6.040000000000873,6.040000000000873,4732,4731.0,77.06840390879479,-0.0012766856901291214,0.01310876350534441,0.05791641164117297
6767c111,10354.84,11079.820000000002,724.9800000000014,11039.61,11071.71,32.099999999998545,32.099999999998545,6783,6782.0,81.19463729949726,0.004733117074609045,0.029343097238869888,0.01935961596159222
67847288,11768.42,12542.05,773.6299999999992,12541.94,12528.47,-13.470000000001164,13.470000000001164,7429,7428.0,80.97885328101155,-0.0018134087237481372,0.011922208883531028,0.015285148514830928
67a8da4a,11941.87,12692.63,750.7599999999984,12662.68,12678.03,15.350000000000364,15.350000000000364,4911,4910.0,73.90519187358916,0.0031262729124236993,0.033256662665107725,0.012419801980185363
684a6fc1,10222.76,10967.05,744.289999999999,10929.02,10934.45,5.430000000000291,5.430000000000291,9818,9817.0,85.75421434186393,0.0005531221350718439,0.04913325330131397,0.050548514851495724
698930d1,10188.19,11059.85,871.6599999999999,11032.97,11058.5,25.530000000000655,25.530000000000655,4741,4740.0,72.96091104955372,0.005386075949367227,-0.0026060024009521457,-0.008156495649561533
699ea575,11536.42,12010.77,474.35000000000036,11991.05,11999.87,8.820000000001528,8.820000000001528,4120,4119.0,75.2648885641213,0.0021412964311729858,0.005869867947143316,0.0032664266426818086
69c1bdad,10679.47,11435.45,755.9800000000014,11414.38,11396.42,-17.959999999999127,17.959999999999127,2714,2713.0,58.42841765339074,-0.006619977884260644,-0.044103721488563945,-0.05860210021002109
69e41fa6,11563.78,12055.75,491.96999999999935,12051.81,12039.14,-12.670000000000073,12.670000000000073,5772,5771.0,80.53578903306823,-0.0021954600589152787,-0.02448019207685702,-0.012172097209718048
6a0ff78e,10701.34,11231.58,530.2399999999998,11206.01,11189.84,-16.170000000000073,16.170000000000073,6465,6464.0,81.93916349809885,-0.0025015470297029816,0.060146938775531705,0.058619501950195815
6a8fa194,11311.15,12004.7,693.5500000000011,11989.88,11989.5,-0.37999999999919964,0.37999999999919964,3017,3016.0,64.78419583422804,-0.00012599469495994684,-0.0032340936375417927,0.0037570957095483764
6ae68655,11387.98,12133.59,745.6100000000006,12126.45,12117.740000000002,-8.709999999999127,8.709999999999127,4204,4203.0,70.67921990585072,-0.002072329288603171,-0.018874429771892496,-0.014081308130825913
6d1d74e1,10528.14,10978.17,450.03000000000065,10962.94,10941.25,-21.69000000000051,21.69000000000051,5830,5829.0,79.68835429196282,-0.0037210499227998814,0.0015092436974764967,0.0029242124212458215
6d590e26,10579.070000000002,11395.89,816.8199999999979,11374.69,11367.66,-7.030000000000655,7.030000000000655,6096,6095.0,77.73527161438409,-0.0011534044298606488,0.02578727490999442,0.024073627362747863
6d6d93af,10941.95,11542.75,600.7999999999993,11522.62,11512.36,-10.260000000000218,10.260000000000218,3595,3594.0,67.76625824693684,-0.0028547579298831994,-0.03462569027606469,-0.03356135613561847
6dbe4b60,10619.070000000002,11413.19,794.119999999999,11397.76,11393.38,-4.380000000001019,4.380000000001019,4648,4647.0,69.65382886258055,-0.0009425435765011876,-0.023821848739500315,-0.02638499849984988
6e6d122c,11729.03,12285.7,556.6700000000001,12263.45,12256.35,-7.100000000000364,7.100000000000364,5632,5631.0,79.5143300861217,-0.0012608772864500734,-0.002682833133259861,-0.003949114911489169
6e9ccd38,10372.05,10714.42,342.3700000000008,10690.94,10675.36,-15.579999999999927,15.579999999999927,8282,8281.0,86.10042623973386,-0.001881415288008686,0.019372869147659788,0.01735385538553779
6ea22614,9943.52,10877.59,934.0699999999997,10866.070000000002,10861.87,-4.200000000000728,4.200000000000728,5971,5970.0,75.63972637446162,-0.0007035175879398204,-0.008881632653096,-0.013841944194403998
6ede926a,10540.38,11220.31,679.9300000000003,11196.3,11207.75,11.450000000000728,11.450000000000728,4938,4937.0,74.58087902129587,0.0023192221997165746,0.034637695078025485,0.034407080708051985
708caea9,10130.12,11064.740000000002,934.6200000000008,11014.1,11055.1,41.0,41.0,6548,6547.0,77.1987738740863,0.006262410264243165,0.012370228091209065,0.006721032103219533
70925e23,11723.79,12710.42,986.6299999999992,12705.63,12696.87,-8.7599999999984,8.7599999999984,5947,5946.0,73.67443012884044,-0.0014732593340057853,-0.030414885954306813,-0.026603240324038727
70e1788b,9729.56,10687.4,957.8400000000001,10673.77,10683.27,9.5,9.5,9285,9284.0,81.8927500440995,0.001023265833692374,0.02783193277310348,0.023574437443755984
71642c7d,11842.8,12846.06,1003.2600000000002,12824.37,12821.740000000002,-2.6299999999991996,2.6299999999991996,4648,4647.0,69.82124079915877,-0.0005659565310951581,0.03959087635053512,0.039030843084310846
71ccf778,11110.77,11989.7,878.9300000000003,11983.3,11981.62,-1.679999999998472,1.679999999998472,2698,2697.0,58.36037205277959,-0.0006229143492764078,-0.00873565426166841,-0.008161956195627595
7224331b,11644.240000000002,12182.2,537.9599999999991,12174.79,12165.53,-9.260000000000218,9.260000000000218,6063,6062.0,80.13481363996829,-0.0015275486638073603,-0.02215126050424101,-0.014957335733570339
722cf0d8,9929.03,10954.29,1025.2600000000002,10935.75,10952.58,16.829999999999927,16.829999999999927,5143,5142.0,70.69415807560138,0.0032730455075845833,-0.009780072028829823,-0.006157095709571608
7256229b,10155.56,10911.490000000002,755.9300000000021,10895.55,10893.43,-2.1199999999989814,2.1199999999989814,5415,5414.0,77.66781411359725,-0.00039157739194661643,-0.010156062424965437,-0.009324992499239085
726f3dc2,10594.28,11446.19,851.9099999999999,11439.94,11438.62,-1.319999999999709,1.319999999999709,6723,6722.0,78.00208840932822,-0.00019637012793807037,-0.015981752701109842,-0.010634263426341469
7271dd80,10108.45,11000.93,892.4799999999996,10983.490000000002,10974.87,-8.6200000000008,8.6200000000008,4340,4339.0,75.28187337380746,-0.001986632864715557,-0.0871442977191098,-0.09854173417341847
727a3a10,11911.73,12763.92,852.1900000000005,12738.23,12729.02,-9.209999999999127,9.209999999999127,4397,4396.0,69.33144118574582,-0.0020950864422200014,-0.046196398559392234,-0.07470309030901619
729665c0,11293.51,11873.51,580.0,11859.08,11873.42,14.340000000000146,14.340000000000146,4263,4262.0,73.81818181818181,0.003364617550445834,-0.040350060024085796,-0.048900750075023224
729e9750,10401.990000000002,10975.55,573.5599999999977,10959.53,10975.55,16.019999999998618,16.019999999998618,5919,5918.0,79.6957048606436,0.0027069956066236257,0.014955582232891831,0.019186738673864064
729f4217,10745.91,11224.85,478.9400000000005,11223.67,11224.16,0.4899999999997817,0.4899999999997817,6195,6194.0,81.59905163329822,7.910881498220564e-05,-0.0004240096038191187,-0.0038678667866765596
72dd8501,11250.13,12026.64,776.5100000000002,12018.01,12025.52,7.510000000000218,7.510000000000218,5193,5192.0,74.9566974595843,0.0014464560862866367,0.020018247298946863,0.020996219621971086
73348914,12396.4,12762.13,365.72999999999956,12741.68,12749.36,7.680000000000291,7.680000000000291,4221,4220.0,74.23496306718256,0.001819905213270211,-0.005647539015596397,-0.0029635163516288396
739a914f,10480.320000000002,11392.97,912.6499999999978,11387.02,11373.33,-13.69000000000051,13.69000000000051,5505,5504.0,75.21519333242246,-0.0024872819767442784,-0.0017647058823639,-0.005961896189632685
73b1447d,11412.63,12321.54,908.9100000000017,12286.12,12321.54,35.42000000000007,35.42000000000007,5670,5669.0,75.37888859345918,0.006248015523019946,-0.07875294117647987,-0.045587098709882305
74b6186b,9994.59,10811.6,817.0100000000002,10800.5,10810.17,9.670000000000073,9.670000000000073,3405,3404.0,66.14219114219114,0.002840775558166884,0.03243169267702183,0.033802520252030815
75c20ec7,11359.35,12238.48,879.1299999999992,12203.03,12200.09,-2.9400000000005093,2.9400000000005093,5361,5360.0,74.40666204024983,-0.0005485074626866621,-0.0023947178871839042,-0.018734593459357275
75cd5f11,10625.05,11224.55,599.5,11215.04,11205.14,-9.900000000001455,9.900000000001455,4946,4945.0,77.16068642745711,-0.002002022244691902,0.029813205282076555,0.027911551155105838
75d20a82,11065.12,12071.73,1006.6099999999988,12056.27,12069.11,12.840000000000146,12.840000000000146,5067,5066.0,72.3650385604113,0.0025345440189498904,0.005808403361369513,0.0053194119412043935
76201745,10179.65,10630.38,450.72999999999956,10618.89,10624.81,5.920000000000073,5.920000000000073,4448,4447.0,75.93035165585525,0.0013312345401394361,-0.001151980792295024,0.0008519651965004613
764072a5,10470.22,11190.4,720.1800000000003,11178.16,11177.26,-0.8999999999996362,0.8999999999996362,2949,2948.0,64.19242490204616,-0.0003052917232020476,0.023724849939994925,-0.00906318631862398
77b0d905,11478.3,12225.55,747.25,12205.98,12221.12,15.140000000001237,15.140000000001237,4174,4173.0,70.47104507850752,0.0036280853103285975,0.034763985594191166,0.014009660966083937
77e4821c,10687.02,11224.14,537.119999999999,11183.9,11204.16,20.26000000000022,20.26000000000022,5393,5392.0,82.46177370030581,0.003757418397626153,-0.00371284513805217,0.0009435343534400528
7850c72e,11817.75,12893.89,1076.1399999999994,12873.070000000002,12880.9,7.829999999998108,7.829999999998108,5497,5496.0,71.27852697095436,0.0014246724890826252,-0.026667947178869462,-0.04058169816980861
78a4a386,11221.54,11380.47,158.92999999999847,11366.86,11363.47,-3.390000000001237,3.390000000001237,5119,5118.0,81.95645212936279,-0.0006623681125442042,-0.034443217286942586,-0.02891293129314746
79507629,11516.81,12560.5,1043.6900000000005,12559.1,12537.65,-21.450000000000728,21.450000000000728,5302,5301.0,72.43169398907104,-0.004046406338426849,-0.003805522208877415,-0.002025922592242509
796dbd4c,9995.66,10907.17,911.5100000000002,10897.98,10899.48,1.5,1.5,6248,6247.0,77.43214772586443,0.00024011525532255482,0.0274852340935591,0.02642430243026519
7987f2f2,11340.93,12235.41,894.4799999999996,12222.97,12235.41,12.44000000000051,12.44000000000051,3705,3704.0,64.84074203710185,0.003358531317494738,-0.007040576230526169,-0.008446804680483536
7993a768,11439.17,12172.3,733.1299999999992,12156.36,12167.97,11.609999999998763,11.609999999998763,5487,5486.0,77.86292039165602,0.0021162960262484072,-0.006299159663891853,-0.009062046204603753
7a5660b0,11839.68,12735.01,895.3299999999999,12735.01,12704.34,-30.670000000000073,30.670000000000073,4998,4997.0,72.05882352941177,-0.006137682609565754,0.002598799519760038,0.004883168316844929
7acda2df,10739.79,11210.77,470.97999999999956,11185.47,11209.67,24.200000000000728,24.200000000000728,3091,3090.0,67.90421792618629,0.007831715210356223,-0.02803217286914677,-0.024082868286837988
7b2c7b3c,10882.28,11429.41,547.1299999999992,11412.39,11429.41,17.020000000000437,17.020000000000437,2584,2583.0,61.073032380052,0.006589237320944807,-0.002512364945990896,-0.0021287728773134048
7b38844c,11554.68,12054.47,499.78999999999905,12037.26,12045.77,8.510000000000218,8.510000000000218,3749,3748.0,72.13777179141813,0.002270544290288212,0.012560384153624926,0.012085448544842498
7bb17b96,11548.43,12040.35,491.9200000000001,12009.45,12022.6,13.149999999999636,13.149999999999636,3922,3921.0,74.06987724268177,0.003353736291762213,-0.022131092436968935,-0.02581362136212989
7c607683,10348.44,11226.97,878.5299999999988,11213.47,11216.7,3.2300000000013824,3.2300000000013824,5328,5327.0,76.10341379802885,0.0006063450347289999,-0.07999519807923207,-0.080445484548462
7cbbd047,11277.63,12036.96,759.3299999999999,12014.6,12035.03,20.43000000000029,20.43000000000029,5121,5120.0,75.41973490427098,0.003990234375000057,0.03438655462184467,0.03165532553255298
7cd4bb31,10673.67,11206.92,533.25,11192.95,11195.69,2.7399999999997817,2.7399999999997817,6439,6438.0,80.90212338233447,0.0004255980118048745,-0.01035102040816988,-0.009660786078616715
7d50373e,10690.63,11226.8,536.1700000000001,11218.09,11201.67,-16.420000000000073,16.420000000000073,5122,5121.0,78.87280566676932,-0.0032064049990236424,-0.019594237695046802,-0.019070987098709028
7d57c75d,10083.46,10832.71,749.25,10794.1,10813.83,19.729999999999563,19.729999999999563,4405,4404.0,71.6609728322759,0.004480018165304169,-0.0010060024009411854,-0.0030365436543888062
7e208414,11526.62,12034.5,507.8799999999992,12032.75,12023.25,-9.5,9.5,4226,4225.0,73.72644801116539,-0.0022485207100591716,0.0037469387755505344,-0.001294089408935127
7e721392,10567.14,11516.37,949.2300000000014,11514.17,11466.34,-47.82999999999993,47.82999999999993,6174,6173.0,74.37658113480303,-0.007748258545277811,-0.02534645858349754,-0.0224797479748017
7ff89f8f,9631.19,10709.4,1078.2099999999991,10682.81,10668.43,-14.3799999999992,14.3799999999992,7337,7336.0,76.91581926826711,-0.001960196292257252,-0.001684993997568537,-0.0016351035103514449
8050c789,11448.16,12295.98,847.8199999999997,12282.63,12266.52,-16.109999999998763,16.109999999998763,3077,3076.0,62.287449392712546,-0.0052373211963585055,-0.00645042016806278,-0.004775337533768957
807f0298,10413.4,11061.4,648.0,11036.990000000002,11051.89,14.899999999997817,14.899999999997817,3747,3746.0,68.13966175668304,0.003977576081152647,-0.0043265306122347936,-0.006627002700279502
811f52b3,10349.39,11228.17,878.7800000000007,11215.77,11215.38,-0.3900000000012369,0.3900000000012369,4836,4835.0,72.46029367695535,-8.066184074482667e-05,-0.008564225690233018,-0.010327092709269068
81bf5923,11957.64,12788.35,830.710000000001,12773.62,12733.45,-40.17000000000007,40.17000000000007,4543,4542.0,71.13999373629815,-0.008844121532364612,-0.018951740696293847,-0.023002940294033828
81fc01c6,9969.61,10834.36,864.75,10794.71,10834.25,39.54000000000087,39.54000000000087,5909,5908.0,77.19137818419334,0.006692620176032646,-0.0038434573829905466,-0.0003571557155808128
8255c867,10267.36,11193.2,925.8400000000001,11151.14,11192.77,41.63000000000102,41.63000000000102,3589,3588.0,67.2349194454852,0.011602564102564387,0.0433925570228447,0.038318391839185055
82aab6d2,11383.03,12173.55,790.5199999999986,12160.7,12147.02,-13.680000000000291,13.680000000000291,6140,6139.0,77.8298897198631,-0.0022283759569963007,-0.10466938775508842,-0.09487554755475788
82fcf37c,10498.93,10968.62,469.6900000000005,10955.63,10965.77,10.140000000001237,10.140000000001237,6014,6013.0,81.30323103961065,0.0016863462497923227,0.010322208883546801,0.01290993099310555
833af382,10404.69,11176.0,771.3099999999995,11170.19,11163.67,-6.520000000000437,6.520000000000437,3628,3627.0,67.47256834666172,-0.0017976288944032083,0.039200480192034266,0.03130339033901965
8382f4b6,10900.71,11427.89,527.1800000000003,11400.77,11344.35,-56.42000000000007,56.42000000000007,4967,4966.0,74.3562874251497,-0.011361256544502632,-0.015322929171683954,-0.02417779777977929
84633df4,10026.76,10883.27,856.5100000000002,10877.31,10882.41,5.100000000000364,5.100000000000364,4972,4971.0,73.99910700997172,0.0010259505129753296,-0.005553901560652609,-0.004367116711668918
8478df29,10096.72,10928.93,832.210000000001,10921.63,10919.58,-2.0499999999992724,2.0499999999992724,4857,4856.0,72.51418333830995,-0.0004221581548598172,-0.030522448979561047,-0.0301922592259404
84815d5a,11061.2,11976.68,915.4799999999996,11942.31,11963.62,21.31000000000131,21.31000000000131,3647,3646.0,68.99356791524782,0.005844761382337167,0.015016086434556559,0.013112631263129984
84c3b497,10984.68,11564.05,579.369999999999,11516.44,11549.96,33.51999999999862,33.51999999999862,5312,5311.0,77.13082619427908,0.006311429109395333,-0.01607442977190465,-0.016508910891098252
85380836,10580.45,11218.02,637.5699999999997,11195.13,11218.02,22.890000000001237,22.890000000001237,6618,6617.0,80.95412844036697,0.0034592715732206796,-0.04366146458584305,-0.03636999699968733
8612b37f,11245.64,11919.36,673.7200000000012,11880.09,11882.58,2.4899999999997817,2.4899999999997817,5165,5164.0,75.87777288085795,0.0004821843532145201,0.028407202881140646,0.03302844284429565
861e71df,10495.53,11398.37,902.8400000000001,11389.73,11377.88,-11.850000000000364,11.850000000000364,4700,4699.0,74.79312539783577,-0.002521813151734489,0.009875630252057508,-0.0021732973297389595
86454a6f,12057.48,12274.63,217.14999999999964,12177.94,12257.13,79.18999999999869,79.18999999999869,7964,7963.0,87.51648351648352,0.009944744443048938,0.012573349339698623,0.011212601260137487
8648abae,11095.58,12028.46,932.8799999999992,12013.11,12018.81,5.699999999998909,5.699999999998909,4244,4243.0,69.73381531383504,0.0013433891114774709,-0.019095318127290564,-0.027931473147305385
865033f8,10414.46,11202.15,787.6900000000005,11194.25,11198.76,4.510000000000218,4.510000000000218,3557,3556.0,67.07524042994531,0.0012682789651294202,0.0009488595438347403,0.004740474047399128
87695469,9267.54,10109.36,841.8199999999997,10096.98,10088.240000000002,-8.739999999997963,8.739999999997963,7003,7002.0,80.92211694014328,-0.0012482147957723455,0.002918127250887797,0.005670267026713034
877ed19c,10578.88,11367.01,788.130000000001,11365.28,11364.85,-0.43000000000029104,0.43000000000029104,3708,3707.0,65.84976025572722,-0.00011599676288111439,-0.029971188475362103,-0.011826282628277247
87aa3730,10624.09,11224.7,600.6100000000006,11212.68,11207.21,-5.470000000001164,5.470000000001164,5607,5606.0,76.88194158782395,-0.0009757402782734863,-0.008096518607419563,-0.006199339933993173
884ecb5f,10636.75,11213.88,577.1299999999992,11173.91,11184.27,10.360000000000582,10.360000000000582,6724,6723.0,83.48646635212317,0.0015409787297338364,-0.09044225690277828,-0.09274833483347314
8902c3f6,10203.31,10784.39,581.0799999999999,10766.36,10768.34,1.9799999999995634,1.9799999999995634,4959,4958.0,75.90693402724628,0.000399354578458968,0.015466506602592741,0.03698109810982301
896d15b9,11475.54,11990.84,515.2999999999993,11945.53,11965.35,19.81999999999971,19.81999999999971,4279,4278.0,75.0965250965251,0.00463300607760629,-0.035182713085170264,-0.03293225322533046
8995c945,10274.87,11016.75,741.8799999999992,10986.86,11015.68,28.81999999999971,28.81999999999971,6724,6723.0,82.02000487923884,0.00428677673657589,-0.009272028811454919,-0.02321680168018425
89969c7a,10014.97,10922.1,907.130000000001,10906.21,10899.34,-6.869999999998981,6.869999999998981,4947,4946.0,78.31249010606301,-0.0013890012131012903,0.007047298919584017,0.017897629762976878
89f1085d,12440.71,12823.52,382.8100000000013,12813.12,12800.08,-13.040000000000873,13.040000000000873,5994,5993.0,79.95198079231692,-0.002175871850492387,-0.009923649459752552,-0.010548094809483429
89f36adf,11446.98,12242.12,795.1400000000012,12229.33,12223.51,-5.819999999999709,5.819999999999709,5292,5291.0,75.15977844056242,-0.001099981099981045,0.00666410564221898,0.006288328832874907
89fdb2f2,11417.56,11956.73,539.1700000000001,11951.4,11951.7,0.3000000000010914,0.3000000000010914,2031,2030.0,56.890756302521005,0.00014778325123206474,-0.002447058823511618,-0.0026612061206113483
8a3da6d1,11190.25,12020.75,830.5,12003.01,12014.67,11.659999999999854,11.659999999999854,4593,4592.0,72.5134196400379,0.0025391986062717454,0.008738535414177058,0.007558115811578342
8a89da23,10562.97,11232.81,669.8400000000001,11196.6,11232.81,36.20999999999913,36.20999999999913,3935,3934.0,70.5829596412556,0.009204372140314979,0.001060744297752106,0.011558955895608352
8a9c8932,10773.47,11287.01,513.5400000000009,11281.12,11277.43,-3.6900000000005093,3.6900000000005093,4663,4662.0,73.50252206809584,-0.0007915057915059007,-0.0073925570228700185,-0.006346294629466266
8ac2f237,10821.26,11370.320000000002,549.0600000000013,11360.27,11319.5,-40.77000000000044,40.77000000000044,5319,5318.0,78.50922509225093,-0.007666415945844385,0.009100120048014736,0.013021002100206973
8b12bab6,10990.06,11885.23,895.1700000000001,11856.72,11884.18,27.460000000000946,27.460000000000946,5234,5233.0,74.98567335243553,0.005247467991592002,-0.009957743097215047,-0.043925172517255875
8b5be31b,10014.08,10856.1,842.0200000000004,10842.45,10830.84,-11.610000000000582,11.610000000000582,5672,5671.0,76.24680736658152,-0.002047257979192485,-0.016158463385382814,-0.017662646264634027
8b95d6d1,10271.92,10780.38,508.4599999999991,10775.76,10761.19,-14.569999999999709,14.569999999999709,1731,1730.0,62.19906575637801,-0.008421965317918906,-0.03232797118849703,-0.03126744674467733
8b9d8326,11565.53,12255.22,689.6899999999987,12247.12,12232.990000000002,-14.1299999999992,14.1299999999992,6163,6162.0,78.68998978549541,-0.002293086660175138,-0.005513565426134788,-0.007168316831665156
8bb9c1e6,10410.240000000002,11187.68,777.4399999999987,11185.25,11179.5,-5.75,5.75,4546,4545.0,71.23158884362269,-0.001265126512651265,0.003885714285666182,-0.007984578457846002
8bda1a11,10403.95,10988.76,584.8099999999995,10968.740000000002,10987.54,18.799999999999272,18.799999999999272,5981,5980.0,80.41140091422425,0.0031438127090299786,0.041603841536619,0.04272691269126009
8bfa881d,11432.56,12235.0,802.4400000000005,12181.81,12235.0,53.19000000000051,53.19000000000051,4089,4088.0,69.9811740544241,0.013011252446184078,-0.019740216086473736,-0.021234683468348885
8c167025,10066.55,10791.33,724.7800000000007,10764.61,10769.11,4.5,4.5,5368,5367.0,75.46745395754253,0.0008384572386808273,0.012724609843932675,0.013241524152405934
8c8348e8,11832.05,12451.21,619.1599999999999,12446.69,12440.71,-5.980000000001382,5.980000000001382,3888,3887.0,69.66493459953413,-0.001538461538461894,0.060279471788785115,0.037879267926810865
8cc21f01,10920.820000000002,11762.95,842.1299999999992,11753.97,11749.72,-4.25,4.25,4044,4043.0,69.65208405098174,-0.0010511996042542667,0.0149747899159138,0.006105910591051115
8cc800b3,10297.13,10911.96,614.8299999999999,10910.320000000002,10895.26,-15.06000000000131,15.06000000000131,6576,6575.0,81.27549128661475,-0.002290494296578146,-0.01286290516208748,-0.01176825682567909
8d5d46d7,10576.84,11234.43,657.5900000000001,11208.18,11216.02,7.8400000000001455,7.8400000000001455,5755,5754.0,79.03048613018402,0.0013625304136253293,-0.012781272509009851,-0.011660846084617399
8d92cb49,10980.53,11435.38,454.84999999999854,11423.96,11402.29,-21.669999999998254,21.669999999998254,3589,3588.0,74.16821657367224,-0.006039576365662836,-0.03205282112843598,-0.034851245124521486
8f201368,10428.75,11213.42,784.6700000000001,11169.490000000002,11201.12,31.6299999999992,31.6299999999992,6349,6348.0,77.89228315544105,0.004982671707624322,-0.03372581032417714,-0.03839429942994244
90386ee4,10668.2,11205.8,537.5999999999985,11183.43,11191.1,7.670000000000073,7.670000000000073,3840,3839.0,72.39819004524887,0.0019979161239906417,0.014550300120060328,0.008951215121506912
91abc4c7,10072.240000000002,10972.27,900.0299999999988,10965.71,10959.59,-6.119999999998981,6.119999999998981,5848,5847.0,75.0995248491075,-0.0010466906105693486,0.0670319327730188,0.062189978997917
91b301ce,10398.56,11050.06,651.5,11011.78,10920.76,-91.02000000000044,91.02000000000044,6570,6569.0,77.18515037593986,-0.013855990257269057,0.03169843937574416,0.03115385538554576
91db7070,11409.990000000002,12091.570000000002,681.5799999999999,12029.18,12086.2,57.02000000000044,57.02000000000044,4073,4072.0,72.13956783563586,0.014002946954813467,0.032956542617050305,0.03380792079208853
925a7cd1,11298.59,12096.44,797.8500000000004,12096.4,12088.69,-7.709999999999127,7.709999999999127,4517,4516.0,69.48161821258267,-0.0017072630646587969,0.03319183673467638,0.043344914491442434
9283ae69,10213.67,10991.7,778.0300000000007,10981.86,10979.740000000002,-2.1199999999989814,2.1199999999989814,3371,3370.0,65.86557248925361,-0.0006290801186940597,-0.017193757502987277,-0.016187638763886816
9298ad5b,10404.11,11178.05,773.9399999999987,11147.6,11135.4,-12.200000000000728,12.200000000000728,3964,3963.0,68.26244188048906,-0.0030784759020945564,-0.0002559423769428299,0.0032445844584327497
9314ff13,11386.88,11999.37,612.4900000000016,11995.94,11988.740000000002,-7.199999999998909,7.199999999998909,2748,2747.0,61.148197596795725,-0.002621041135784095,0.042912845138050444,0.024512751275119506
93209a3d,11292.53,11890.23,597.6999999999989,11871.78,11872.88,1.0999999999985448,1.0999999999985448,4697,4696.0,74.55555555555556,0.00023424190800650443,0.020396158463389078,0.018726612661263554
939d9c34,10864.490000000002,11891.93,1027.4399999999987,11860.97,11891.93,30.960000000000946,30.960000000000946,5101,5100.0,76.9729892862532,0.006070588235294303,-0.01972196878747849,0.010444284428434132
93f5d2e6,10515.2,11038.240000000002,523.0400000000009,11037.89,10989.95,-47.93999999999869,47.93999999999869,3691,3690.0,71.3788435505705,-0.012991869918698832,0.00505978391363618,0.005235403540361177
940a48d9,10090.53,10924.01,833.4799999999996,10918.16,10907.7,-10.459999999999127,10.459999999999127,3963,3962.0,70.42829216278656,-0.0026400807672890274,0.006630012004809319,-0.011451245124508425
940e709a,10347.04,11045.44,698.3999999999996,11031.33,11030.41,-0.9200000000000728,0.9200000000000728,3348,3347.0,67.10763680096211,-0.00027487302061549826,-0.06594333733493639,-0.04283654365437311
9426ec1e,11547.34,12019.06,471.71999999999935,12018.85,12003.41,-15.44000000000051,15.44000000000051,2532,2531.0,64.54244200866684,-0.006100355590675823,-0.004497959183704336,0.015081368136799765
94467f50,9713.31,10778.070000000002,1064.760000000002,10764.77,10731.98,-32.79000000000087,32.79000000000087,3035,3034.0,59.3236903831118,-0.010807514831905363,0.011578391356514551,0.0011552955295573537
944f36b9,10355.97,10861.01,505.0400000000009,10850.3,10857.83,7.530000000000655,7.530000000000655,4630,4629.0,76.71913835956919,0.0016267012313676075,0.023585594237758783,0.023781518151813914
94d813a4,11922.76,12740.58,817.8199999999997,12740.53,12685.66,-54.8700000000008,54.8700000000008,4847,4846.0,73.53967531482324,-0.01132274040445745,0.015245138055218594,0.03304410441044715
95b559e7,11180.13,11969.070000000002,788.9400000000023,11940.93,11949.070000000002,8.140000000001237,8.140000000001237,2887,2886.0,62.2466580422596,0.002820512820513249,0.032652581032399576,0.023642064206425964
95c8427f,10401.13,11218.61,817.4800000000014,11218.09,11198.9,-19.19000000000051,19.19000000000051,6335,6334.0,78.68587753074152,-0.003029681086201533,-0.009786314525799348,-0.00015769576958684525
96936c22,11387.37,12097.61,710.2399999999998,12087.070000000002,12095.27,8.199999999998909,8.199999999998909,3346,3345.0,66.9601761056634,0.0024514200298950397,-0.03170660264107749,-0.02907488748875841
96ae5806,11339.42,12125.4,785.9799999999996,12120.820000000002,12114.2,-6.6200000000008,6.6200000000008,9839,9838.0,85.35612041294353,-0.0006729009961375077,0.011806482592999497,0.013159375937589196
96b7eea1,10319.75,11142.61,822.8600000000006,11126.92,11140.1,13.180000000000291,13.180000000000291,4332,4331.0,71.27344521224087,0.0030431770953591067,0.058907563025200296,0.05753663366336422
9719aa04,10157.78,10972.06,814.2799999999988,10958.39,10965.7,7.31000000000131,7.31000000000131,4871,4870.0,73.08327081770443,0.0015010266940454434,0.008090756302510082,0.010687548754886863
974802e7,9454.19,10126.28,672.0900000000001,10092.6,10124.85,32.25,32.25,5843,5842.0,77.52421387820088,0.005520369736391647,0.026752460984438967,0.043893309330937096
97cd5bf9,10088.84,10840.71,751.869999999999,10823.5,10840.71,17.209999999999127,17.209999999999127,3449,3448.0,67.64071386546382,0.004991299303944062,-0.001359423769516071,-0.001946774677469082
98177ced,11703.43,12686.490000000002,983.0600000000013,12663.64,12659.36,-4.279999999998836,4.279999999998836,4772,4771.0,70.29017528354692,-0.0008970865646612525,-0.05754621848737633,-0.04010609060903999
9896fc0b,10383.34,10986.89,603.5499999999993,10977.98,10934.490000000002,-43.48999999999796,43.48999999999796,3595,3594.0,70.36602074770015,-0.012100723427934881,0.019462665066009622,0.020111851185116863
98bc6f66,10215.64,10973.23,757.5900000000001,10947.31,10946.820000000002,-0.48999999999796273,0.48999999999796273,6063,6062.0,78.5362694300518,-8.083140877564545e-05,-0.0018343337334966706,0.0010626462646123728
992c99e8,10562.42,11394.47,832.0499999999993,11389.55,11368.67,-20.8799999999992,20.8799999999992,4904,4903.0,72.75964391691396,-0.004258617173159127,-0.0030040816326232112,-0.007458145814581652
992ce078,11185.47,12006.43,820.960000000001,11989.02,11982.02,-7.0,7.0,2879,2878.0,61.7678609740399,-0.002432244614315497,-0.0032240096038088613,-0.008301650164984662
99529c45,10370.73,11162.56,791.8299999999999,11155.73,11148.38,-7.350000000000364,7.350000000000364,5840,5839.0,76.933210380714,-0.0012587771878746984,-0.029033853541382517,-0.029809780978108956
995ff498,10570.18,11224.21,654.0299999999988,11214.69,11196.89,-17.80000000000109,17.80000000000109,4526,4525.0,73.86975681410152,-0.003933701657458805,-0.004495558223329102,-0.0031461146114672794
999daf80,10466.18,11153.73,687.5499999999993,11143.92,11142.05,-1.8700000000008004,1.8700000000008004,3564,3563.0,65.52675124103695,-0.0005248386191413978,0.004776950780308657,0.00752913291329487
9a6b0392,10010.61,10630.23,619.619999999999,10626.66,10610.79,-15.869999999998981,15.869999999998981,4255,4254.0,73.33678042054464,-0.003730606488011044,0.05252100840335818,0.05356957695769853
9a8ae0d6,11355.97,11964.27,608.3000000000011,11951.2,11964.27,13.069999999999709,13.069999999999709,6294,6293.0,80.33184428844926,0.0020769108533290497,-0.042600720288129945,-0.043565016501648554
9a95e33f,10613.2,11506.64,893.4399999999987,11500.37,11490.26,-10.110000000000582,10.110000000000582,6447,6446.0,79.04610102991663,-0.001568414520633041,0.006280432172841489,0.0028907290729053518
9ab94eeb,10143.36,10991.87,848.5100000000002,10983.39,10966.94,-16.44999999999891,16.44999999999891,4442,4441.0,69.7112366603892,-0.003704120693537246,0.009779591836751261,0.007130993099311061
9ad5410a,11431.34,11922.0,490.65999999999985,11901.570000000002,11887.5,-14.070000000001528,14.070000000001528,4205,4204.0,73.14315533136198,-0.0033468125594675376,-0.05598847539020314,-0.05844326432643967
9ae248be,12348.87,12772.08,423.2099999999991,12761.03,12769.17,8.139999999999418,8.139999999999418,5271,5270.0,79.20360631104433,0.0015445920303604208,-0.009837214885953271,-0.010541434143410607
9af1ffd0,9987.34,10816.44,829.1000000000004,10813.69,10781.4,-32.29000000000087,32.29000000000087,3525,3524.0,64.63146314631463,-0.009162883087400929,0.0021815126050585237,0.0011192319231803794
9b5b61c1,10360.52,11147.09,786.5699999999997,11132.91,11141.03,8.1200000000008,8.1200000000008,5532,5531.0,76.67359667359668,0.0014680889531731695,-0.0065786314526047685,0.0009942994299378697
9b9e3b49,11088.92,11922.4,833.4799999999996,11913.23,11905.29,-7.93999999999869,7.93999999999869,5118,5117.0,74.44363636363637,-0.0015516904436190522,-0.038442256902773496,-0.02551875187519838
9bd2bba3,11706.71,12546.64,839.9300000000003,12524.19,12527.94,3.75,3.75,7439,7438.0,81.81918169819622,0.0005041677870395268,0.03617959183677416,0.03698463846384117
9c211c53,9462.08,10092.69,630.6100000000006,10075.14,10063.570000000002,-11.56999999999789,11.56999999999789,7265,7264.0,82.16466862700746,-0.0015927863436120443,-0.017463145258135065,-0.012853525352519123
9c350a6a,10589.48,11429.29,839.8100000000013,11396.990000000002,11386.23,-10.760000000002037,10.760000000002037,6052,6051.0,77.64947395432384,-0.0017782184762852482,0.0011313325330117256,-8.754875487339011e-05
9c8375f7,10337.45,11209.46,872.0099999999984,11200.64,11206.03,5.390000000001237,5.390000000001237,3674,3673.0,67.63622974963181,0.001467465287231483,-0.003178391356586839,-0.0027260126012660776
9d072e4c,11464.27,12031.55,567.2799999999988,12011.820000000002,12025.83,14.0099999999984,14.0099999999984,5107,5106.0,75.12503677552222,0.0027438307873087348,0.07273997599038581,0.06957275727574307
9d3ec64c,10089.5,10817.2,727.7000000000007,10811.14,10817.2,6.06000000000131,6.06000000000131,3480,3479.0,70.48815069880494,0.0017418798505321384,0.010570468187267635,0.023037383738360437
9d4272e3,11763.2,12527.12,763.9200000000001,12500.21,12525.87,25.660000000001673,25.660000000001673,4030,4029.0,69.8319182117484,0.0063688260114176404,0.0045445378150427,-0.0007909390939123429
9d5e14d4,10236.03,10964.68,728.6499999999996,10964.66,10927.17,-37.48999999999978,37.48999999999978,5400,5399.0,82.25437928408226,-0.0069438784960177405,0.00015894357746748796,0.002393699369931605
9da441ba,10902.89,11377.97,475.0799999999999,11349.27,11361.36,12.090000000000146,12.090000000000146,5783,5782.0,79.40409172044487,0.002090971982013169,-0.006827851140475131,-0.006689048904878937
9dede370,11364.37,12239.490000000002,875.1200000000008,12201.56,12224.15,22.590000000000146,22.590000000000146,6297,6296.0,78.15564105746556,0.00358799237611184,0.031251380552236134,0.030671107110725102
9def2eb2,10725.68,11450.35,724.6700000000001,11437.97,11450.35,12.380000000001019,12.380000000001019,6003,6002.0,77.45806451612903,0.00206264578473859,0.009306602641011704,0.0049734773477283795
9df1b1f9,11130.28,12019.86,889.5799999999999,11989.71,11999.45,9.7400000000016,9.7400000000016,4701,4700.0,72.95158286778398,0.0020723404255322555,-0.02769843937575003,-0.032187518751869815
9dfff011,10494.89,11425.740000000002,930.8500000000022,11419.13,11424.17,5.040000000000873,5.040000000000873,4319,4318.0,71.18839624196472,0.0011672070402966358,0.0018400960383409138,0.006588238823859709
9e3e364d,10892.48,11412.27,519.7900000000009,11394.6,11412.27,17.670000000000073,17.670000000000073,4290,4289.0,73.85092098467895,0.004119841454884606,-0.009663385354140864,-0.008581518151818275
9efc812e,10614.97,11188.44,573.4700000000012,11167.54,11154.23,-13.31000000000131,13.31000000000131,4450,4449.0,72.95081967213115,-0.0029916835243877973,-0.02286914765902095,-0.027729312931276656
9f0c7bae,12444.08,12803.68,359.60000000000036,12791.0,12803.39,12.389999999999418,12.389999999999418,2542,2541.0,62.92079207920792,0.0048760330578510105,-0.0056302521008864395,-0.001303810381025998
9ffce529,11465.3,12062.28,596.9800000000014,12054.09,12032.89,-21.200000000000728,21.200000000000728,5212,5211.0,78.08239700374531,-0.004068317021685037,-0.008306842737095498,-0.006733693369311273
a0383629,10484.11,11202.21,718.0999999999985,11200.62,11201.56,0.9399999999986903,0.9399999999986903,5832,5831.0,75.86834916092103,0.00016120734007866409,0.020932052821110388,0.02951401140114145
a056d01e,10982.63,11748.39,765.7600000000002,11730.37,11705.46,-24.910000000001673,24.910000000001673,6557,6556.0,79.07621804148577,-0.0037995729103114206,0.033753661464568076,0.037665286528653606
a08d9e63,10407.4,11025.96,618.5599999999995,10991.21,11005.59,14.380000000001019,14.380000000001019,3685,3684.0,70.87901519522985,0.003903365906623512,-0.03966434573822958,-0.04422388238823368
a0b83014,10460.94,11422.73,961.789999999999,11396.69,11402.820000000002,6.130000000001019,6.130000000001019,5035,5034.0,73.25767495998836,0.0012177195073502223,-0.021792076830746975,-0.02055643564355896
a0e92ed6,11561.63,11966.64,405.0100000000002,11956.48,11933.27,-23.209999999999127,23.209999999999127,4897,4896.0,75.96959354638535,-0.004740604575163221,-0.03195438175271269,-0.0365273327332799
a15bc102,10082.0,10954.02,872.0200000000004,10944.61,10948.47,3.859999999998763,3.859999999998763,3236,3235.0,63.15378610460578,0.0011931993817615961,-0.020131572629047294,-0.0227427542754284
a247e7cf,10374.23,10981.51,607.2800000000007,10976.45,10973.25,-3.2000000000007276,3.2000000000007276,5674,5673.0,78.40265303302473,-0.0005640754450909092,0.01061992797120204,0.011102310231016035
a2e8e7f6,10271.78,10794.84,523.0599999999995,10775.26,10794.38,19.11999999999898,19.11999999999898,4760,4759.0,81.89951823812801,0.004017650766967636,-0.03282208883552655,-0.03180264026402794
a3518960,11054.62,12157.93,1103.3099999999995,12147.37,12157.93,10.55999999999949,10.55999999999949,4967,4966.0,71.0383295194508,0.002126459927506945,-0.004432172869145928,-0.005658865886584606
a3f71395,12223.17,12789.45,566.2800000000007,12773.56,12764.490000000002,-9.06999999999789,9.06999999999789,5543,5542.0,78.73579545454545,-0.0016365932876214165,-0.004295798319326699,-0.002674707470738403
a4719920,10885.18,11453.070000000002,567.8900000000012,11440.05,11447.0,6.950000000000728,6.950000000000728,5884,5883.0,78.50567044696464,0.0011813700492947013,-0.007907322929114755,0.000382658265824497
a48640d9,11718.31,12537.15,818.8400000000001,12509.75,12512.71,2.959999999999127,2.959999999999127,4532,4531.0,68.81263285757669,0.0006532774222024116,-0.022039375750340078,-0.022003780378051053
a4cdbb0f,10427.84,10985.85,558.0100000000002,10964.9,10959.990000000002,-4.9099999999980355,4.9099999999980355,5204,5203.0,76.99363811214677,-0.0009436863348064647,-0.007246098439386707,-0.023290009000904475
a4f989c2,10572.9,11172.06,599.1599999999999,11170.570000000002,11161.95,-8.6200000000008,8.6200000000008,5385,5384.0,76.66571753986332,-0.0016010401188708767,0.0224513805522553,0.016962016201599765
a5aa7973,10128.56,10966.38,837.8199999999997,10953.87,10931.56,-22.31000000000131,22.31000000000131,4616,4615.0,71.57698868041557,-0.004834236186349147,0.00695030012002904,0.012450285028502001
a5e6f7dc,10702.26,11406.63,704.369999999999,11402.85,11389.65,-13.200000000000728,13.200000000000728,5649,5648.0,77.0563361069431,-0.002337110481586531,-0.0056465786314771485,-0.010487368736874676
a612d5a0,10418.89,11173.11,754.2200000000012,11145.740000000002,11161.67,15.929999999998472,15.929999999998472,5329,5328.0,74.42737430167597,0.002989864864864578,0.03528595438183301,0.03449150915089833
a622ce4d,10791.14,11422.72,631.5799999999999,11393.240000000002,11399.71,6.469999999997526,6.469999999997526,6298,6297.0,78.26519199701752,0.0010274734000313684,-0.0002266506602533086,-0.0019491749174874089
a645da9a,11265.93,12040.38,774.4499999999989,12022.35,12013.91,-8.44000000000051,8.44000000000051,5153,5152.0,76.16021282885013,-0.001638198757764074,0.0011587034813358374,-0.003410141014109407
a692b17e,10341.820000000002,11201.46,859.6399999999976,11174.29,11177.19,2.899999999999636,2.899999999999636,3566,3565.0,65.92715843963765,0.0008134642356240213,-0.04898343337338171,-0.03204488448845277
a6b8ac67,12040.55,12773.51,732.960000000001,12752.41,12766.73,14.319999999999709,14.319999999999709,5453,5452.0,77.71127262362833,0.002626559060895031,-0.00025786314527757854,0.00021182118213275804
a6ed2eff,10471.67,11335.85,864.1800000000003,11314.65,11326.69,12.040000000000873,12.040000000000873,5275,5274.0,74.78026651545223,0.002282897231702858,-0.0008782713085343021,-0.004418961896196822
a6f967fb,11508.97,12685.43,1176.460000000001,12677.94,12666.91,-11.030000000000655,11.030000000000655,4670,4669.0,66.41069397042094,-0.0023623902334548416,-0.030424969988025536,-0.024411641164105907
a76db406,9935.17,10788.36,853.1900000000005,10770.320000000002,10785.740000000002,15.420000000000073,15.420000000000073,4672,4671.0,72.42288017361649,0.0033012202954399643,-0.018751500600296945,-0.01589636963696005
a7744f5b,10541.81,11225.91,684.1000000000004,11196.51,11217.28,20.770000000000437,20.770000000000437,4377,4376.0,72.74389230513545,0.004746343692870301,-0.0141939975990368,-0.020410021002102915
a783cc24,10310.89,10778.33,467.4400000000005,10769.72,10713.94,-55.779999999998836,55.779999999998836,1889,1888.0,57.6793893129771,-0.029544491525423114,-0.021090516206446072,-0.02097869786978119
a79fd2e7,11112.9,11976.59,863.6900000000005,11964.67,11963.98,-0.6900000000005093,0.6900000000005093,4404,4403.0,69.60644855381697,-0.00015671133318203708,0.013981752701049515,-6.41464146485189e-05
a7fc3e6b,10238.88,10980.9,742.0200000000004,10947.85,10952.29,4.440000000000509,4.440000000000509,4764,4763.0,74.69426152398871,0.000932185597312725,0.010199279711884317,0.0057900390039091415
a85bb86f,10244.93,11161.09,916.1599999999999,11142.83,11141.97,-0.8600000000005821,0.8600000000005821,3099,3098.0,60.76470588235294,-0.0002775984506134868,-0.01407827130855028,-0.010405160516047587
a85e4bc3,9545.96,10093.820000000002,547.8600000000024,10083.11,10084.2,1.0900000000001455,1.0900000000001455,4581,4580.0,76.43917904221593,0.00023799126637557763,-0.018694357743112205,-0.008425382538253088
a87433c9,11066.45,11907.0,840.5499999999993,11899.42,11898.55,-0.8700000000008004,0.8700000000008004,5721,5720.0,76.68900804289545,-0.000152097902098042,0.010453301320513017,0.01549624962495822
a8ed028a,12061.12,12859.44,798.3199999999997,12822.85,12839.01,16.159999999999854,16.159999999999854,5538,5537.0,75.75923392612859,0.0029185479501534863,0.0024941176470673313,0.004081788178813938
a959858c,10968.21,12224.91,1256.7000000000007,12133.85,12223.59,89.73999999999978,89.73999999999978,4404,4403.0,76.32582322357018,0.0203815580286168,0.5710761104441457,0.5884178817881826
a9c9b150,10329.26,11162.18,832.9200000000001,11158.3,11159.09,0.7900000000008731,0.7900000000008731,3986,3985.0,68.41743906625472,0.00019824341279821157,-0.0013690276110443474,-1.7161716179128758e-05
aa95015b,10745.820000000002,11366.19,620.369999999999,11344.81,11354.94,10.130000000001019,10.130000000001019,4300,4299.0,74.63981947578546,0.002356361944638525,-0.029403121248530156,-0.029983858385832816
aaaf3c03,11219.3,12020.37,801.0700000000015,11995.84,11999.75,3.9099999999998545,3.9099999999998545,2997,2996.0,63.388324873096444,0.001305073431241607,-0.006989675870312293,-0.005369216921698722
aaeffccb,11325.46,12219.37,893.9100000000017,12212.01,12219.37,7.360000000000582,7.360000000000582,2712,2711.0,59.13650239860445,0.0027148653633347775,-0.01491044417769384,-0.01006618661866072
ab112491,11287.43,12319.27,1031.8400000000001,12276.5,12306.27,29.770000000000437,29.770000000000437,5185,5184.0,72.23460573976038,0.005742669753086504,0.013193757503012776,-0.0004057605760706352
ab18d3fc,11549.25,12292.990000000002,743.7400000000016,12282.02,12255.92,-26.100000000000364,26.100000000000364,5694,5693.0,77.60665121984462,-0.004584577551378951,0.058583433373326964,0.0570497449744964
ab3ced07,11455.27,12250.08,794.8099999999995,12222.14,12225.3,3.1599999999998545,3.1599999999998545,4250,4249.0,70.73901464713715,0.0007437044010355035,0.019239375750365214,0.0024415241524081976
ab6fe95d,9245.19,10083.17,837.9799999999996,10065.52,10073.45,7.930000000000291,7.930000000000291,5491,5490.0,73.96282327586206,0.0014444444444444975,0.009831932773115028,0.013902130213025624
ab94878e,10366.15,11189.6,823.4500000000007,11172.76,11176.92,4.1599999999998545,4.1599999999998545,6004,6003.0,78.46314688970205,0.0006929868399133524,0.02531716686671644,0.036185898589856755
abf460d2,11510.05,12109.27,599.2200000000012,12086.87,12109.27,22.399999999999636,22.399999999999636,3217,3216.0,67.54146546294353,0.00696517412935312,-0.021336374549860225,-0.02338565856586126
ac6f01d5,11722.96,12532.52,809.5600000000013,12523.62,12508.48,-15.140000000001237,15.140000000001237,5004,5003.0,74.36469014712439,-0.0030261842894265915,0.055596638655434925,0.054048544854489095
ad2133a8,11366.0,12076.59,710.5900000000001,12070.21,12076.59,6.380000000001019,6.380000000001019,5729,5728.0,79.71337136496453,0.001113826815642636,-0.02676062424967443,-0.029111731173113227
add9c322,10234.44,10888.42,653.9799999999996,10887.54,10879.64,-7.900000000001455,7.900000000001455,3932,3931.0,71.24479072295705,-0.0020096667514631025,0.010848979591838333,-0.0022017401740306204
ae069086,10231.08,11214.76,983.6800000000003,11205.75,11197.1,-8.649999999999636,8.649999999999636,4770,4769.0,70.76101468624833,-0.0018137974418116242,0.10731812725087762,0.05266930693068408
ae0784a8,11656.21,12091.29,435.08000000000175,12067.03,12076.9,9.869999999998981,9.869999999998981,7823,7822.0,85.30149383927598,0.0012618256200458938,-0.01723313325329952,-0.016078007800776128
ae35f33a,11745.65,12687.87,942.2200000000012,12679.47,12667.44,-12.029999999998836,12.029999999998836,4450,4449.0,68.78961199567166,-0.002703978422117068,0.003751740696241447,0.003967116711659515
ae8959c3,9798.98,10903.67,1104.6900000000005,10869.47,10903.67,34.20000000000073,34.20000000000073,4518,4517.0,67.99097065462753,0.007571396944875078,-0.007134693877519128,-0.009483648364840409
aed44918,12440.89,12787.23,346.34000000000015,12770.94,12772.3,1.359999999998763,1.359999999998763,2719,2718.0,67.636815920398,0.0005003679175860056,0.007361344537843284,-0.0011557755775630466
aee6393a,10636.68,11016.83,380.14999999999964,11003.59,11002.87,-0.7199999999993452,0.7199999999993452,5865,5864.0,82.07388748950461,-0.00012278308321953362,-0.003722448979574965,-0.0019455745574762278
af7a59ce,10856.4,11319.96,463.5599999999995,11315.72,11319.96,4.239999999999782,4.239999999999782,3024,3023.0,69.83833718244804,0.0014025802183260938,-0.0012067226891038182,-0.002772997299725472
aff4e561,10195.4,10961.72,766.3199999999997,10940.68,10960.19,19.51000000000022,19.51000000000022,6026,6025.0,78.02667357244594,0.0032381742738589576,0.04183337334934436,0.04191221122112298
b04b58a3,10126.66,10772.84,646.1800000000003,10750.64,10745.86,-4.779999999998836,4.779999999998836,3402,3401.0,65.06024096385542,-0.0014054689797115072,-0.008642016806713185,-0.0030523852385132455
b0d42b0d,10592.89,11092.04,499.15000000000146,11065.59,11059.11,-6.479999999999563,6.479999999999563,4971,4970.0,78.19726285983954,-0.0013038229376256666,0.03508139255704047,0.034419381938194646
b0f53bf4,11862.35,12224.22,361.869999999999,12216.87,12216.8,-0.07000000000152795,0.07000000000152795,2755,2754.0,65.56401713469776,-2.541757443773709e-05,0.009909723889590775,0.009285508550859679
b19b0395,10688.87,11209.28,520.4099999999999,11199.23,11184.87,-14.359999999998763,14.359999999998763,5813,5812.0,80.780989438577,-0.0024707501720575985,-0.04021368547417614,-0.044205520552051424
b1efb8a4,11391.35,12032.56,641.2099999999991,12015.570000000002,12017.990000000002,2.4200000000000728,2.4200000000000728,5998,5997.0,79.31764083575774,0.00040353510088378733,-0.02173397358941456,-0.019448664866489076
b32902c0,10075.52,10941.35,865.8299999999999,10919.4,10941.35,21.950000000000728,21.950000000000728,3808,3807.0,66.3761547847307,0.005765694772787162,0.008617527010828015,0.009023342334237598
b32e4903,10434.85,11197.66,762.8099999999995,11184.37,11197.66,13.289999999999054,13.289999999999054,5770,5769.0,77.76280323450135,0.0023036921476857434,-0.022916686674650306,-0.014751635163521093
b3388334,10642.52,11506.240000000002,863.7200000000012,11481.52,11506.240000000002,24.720000000001164,24.720000000001164,6080,6079.0,77.87882669399258,0.004066458299062537,-1.0084033602932869e-05,0.0028257425742658636
b37fd114,10831.23,11416.78,585.5500000000011,11373.26,11391.31,18.049999999999272,18.049999999999272,8161,8160.0,83.39464541181279,0.0022120098039214793,-0.016902280912334495,-0.016137893789371513
b38e3116,11227.96,12032.6,804.6400000000012,12012.820000000002,12010.94,-1.8800000000010186,1.8800000000010186,6211,6210.0,78.08649735981896,-0.0003027375201289885,0.01541704681867666,0.01345574557456886
b4d8dd4f,10426.98,11231.96,804.9799999999996,11194.490000000002,11223.23,28.739999999997963,28.739999999997963,4259,4258.0,72.07649348451514,0.006749647721934702,-0.0205738295318406,-0.044374917491749113
b4f37e6e,10663.17,11213.35,550.1800000000003,11179.72,11213.35,33.63000000000102,33.63000000000102,2992,2991.0,66.50366748166259,0.011243731193581083,0.012882112845134124,0.009486468646868872
b56bc0aa,10342.5,11206.47,863.9699999999993,11192.6,11192.71,0.10999999999876309,0.10999999999876309,5602,5601.0,75.38689274660207,1.963935011582987e-05,-0.03307899159666554,-0.0390324632463434
b585b4fa,10467.34,11245.8,778.4599999999991,11233.570000000002,11209.06,-24.510000000002037,24.510000000002037,4294,4293.0,71.57859643273879,-0.005709294199860712,-0.01734693877552621,-0.015558835883605784
b5aa9634,12155.27,12548.03,392.7600000000002,12541.7,12508.3,-33.400000000001455,33.400000000001455,7326,7325.0,83.75443009031667,-0.0045597269624575365,0.012615126050372143,0.009260066006611065
b7974e66,11575.98,12128.3,552.3199999999997,12116.19,12109.67,-6.520000000000437,6.520000000000437,5558,5557.0,77.51743375174337,-0.0011732949433148167,-0.030533493397351934,-0.033206420642075365
b7cdcecb,10378.44,10982.1,603.6599999999999,10956.66,10977.01,20.350000000000364,20.350000000000364,6168,6167.0,80.94488188976378,0.003299821631263234,0.03827370948380744,0.039743114311433
b7fea9ef,9994.5,10778.320000000002,783.8200000000015,10769.62,10767.92,-1.7000000000007276,1.7000000000007276,3866,3865.0,69.34529147982063,-0.000439844760672892,-0.023624489795912966,-0.024109270927100242
b85f7b06,10808.79,11404.37,595.5799999999999,11393.1,11401.4,8.299999999999272,8.299999999999272,3803,3802.0,69.74142673757565,0.0021830615465542537,0.004759663865539097,0.0028914491449231086
b881d27e,10591.83,11199.55,607.7199999999993,11170.12,11189.570000000002,19.450000000000728,19.450000000000728,4009,4008.0,73.66776920249907,0.004852794411177826,0.00402304921973055,0.002031983198322941
b8c49c1a,9839.990000000002,10798.15,958.159999999998,10786.990000000002,10790.15,3.1599999999980355,3.1599999999980355,4319,4318.0,69.05980172689479,0.0007318202871695311,0.0009555822329151107,0.011909090909104008
b95e7121,10864.23,11367.3,503.0699999999997,11360.92,11362.320000000002,1.4000000000014552,1.4000000000014552,6306,6305.0,84.16978109983982,0.00022204599524210233,0.014693397358857323,0.034188298829886866
b977be4a,10837.04,11422.33,585.289999999999,11387.65,11376.0,-11.649999999999636,11.649999999999636,5917,5916.0,78.94596397598399,-0.0019692359702501074,0.013213925570258429,0.015030363036307988
ba48188d,11778.490000000002,12275.31,496.8199999999979,12271.54,12167.76,-103.78000000000065,103.78000000000065,4166,4165.0,75.28008673653777,-0.024917166866746856,0.005796398559423041,0.005171077107726839
bb2cdd83,10380.17,11223.740000000002,843.5700000000015,11216.240000000002,11222.72,6.4799999999977445,6.4799999999977445,3825,3824.0,67.5198587819947,0.001694560669455477,-0.004316446578626665,-0.0022880888088771026
bb337fa0,10890.14,11461.4,571.2600000000002,11424.42,11458.12,33.70000000000073,33.70000000000073,6873,6872.0,83.65384615384616,0.004903958090803366,0.03723169267706139,0.027356135613517775
bb682ebd,10146.72,11052.45,905.7300000000014,11016.97,11046.29,29.320000000001528,29.320000000001528,4139,4138.0,69.78587084808633,0.0070855485741908,0.0016547418967512604,0.008179777977799505
bc4381e2,11207.21,12147.76,940.5500000000011,12127.25,12142.78,15.530000000000655,15.530000000000655,4955,4954.0,71.96804647785041,0.003134840532902837,0.011486674669860317,-0.005791719171920765
bcebcc5f,10224.240000000002,10966.36,742.119999999999,10928.62,10966.27,37.649999999999636,37.649999999999636,6258,6257.0,79.32564330079857,0.006017260668051724,0.047521728691520784,0.04894227422742015
bd2c2f34,9984.44,10700.52,716.0799999999999,10685.38,10681.08,-4.299999999999272,4.299999999999272,9823,9822.0,84.52800963772481,-0.0004377927102422391,-0.04137575030011824,-0.04336963696369142
bd4ae5da,10966.91,11877.71,910.7999999999993,11877.71,11862.9,-14.80999999999949,14.80999999999949,5006,5005.0,72.49818971759593,-0.002959040959040857,0.01047346938778695,0.021467746774667694
bd6f0e19,10600.15,11361.88,761.7299999999996,11345.85,11354.4,8.549999999999272,8.549999999999272,5140,5139.0,73.64951998853704,0.001663747810858002,0.002018727490961576,0.0013849384938561585
bd8f847e,12301.8,12813.28,511.4800000000014,12797.820000000002,12804.86,7.039999999999054,7.039999999999054,4961,4960.0,80.52264242817725,0.0014193548387094867,-0.034157983193252785,-0.03353969396937702
be063506,10985.62,11887.94,902.3199999999997,11874.12,11871.63,-2.4900000000016007,2.4900000000016007,4500,4499.0,68.81786205841873,-0.0005534563236278286,-0.05511692677071715,-0.04501452145214278
be35c8f2,11804.33,12555.240000000002,750.9100000000017,12549.26,12537.81,-11.450000000000728,11.450000000000728,4226,4225.0,71.65140725669718,-0.0027100591715978053,0.025003121248530217,0.02205538553855171
be83e781,10625.36,11191.51,566.1499999999996,11181.45,11191.51,10.05999999999949,10.05999999999949,3221,3220.0,67.44137353433835,0.003124223602484314,0.048352460984368795,0.041598919891980196
beda8696,10148.87,10972.22,823.3499999999985,10951.43,10923.27,-28.159999999999854,28.159999999999854,5912,5911.0,75.13980681240467,-0.004763999323295526,-0.011594717887190445,-0.012584878487839707
bf39bc20,10549.51,11219.04,669.5300000000007,11201.28,11185.22,-16.06000000000131,16.06000000000131,3303,3302.0,65.44481870418069,-0.004863718958207544,-0.006236734693881761,-0.007115691569160201
bf70b410,10276.63,10985.17,708.5400000000009,10982.53,10936.990000000002,-45.539999999999054,45.539999999999054,6347,6346.0,79.3375,-0.007176173967853617,-0.007063625450189639,-0.002427242724267136
bffe3082,11333.81,11922.81,589.0,11889.740000000002,11921.36,31.61999999999898,31.61999999999898,5723,5722.0,79.64096854995826,0.005526039846207442,0.019909723889562473,0.01486894689470457
c03b9305,9961.13,10822.42,861.2900000000009,10797.47,10817.070000000002,19.600000000002183,19.600000000002183,4255,4254.0,70.13350914784901,0.004607428302774373,5.378151260466922e-05,-0.0032128412841150138
c03d4aed,12081.06,12818.25,737.1900000000005,12793.21,12792.08,-1.1299999999991996,1.1299999999991996,4641,4640.0,72.8,-0.0002435344827584482,-0.004548859543885472,-0.004543234323438998
c03fba65,9869.12,10835.7,966.5799999999999,10805.3,10770.5,-34.79999999999927,34.79999999999927,3699,3698.0,65.24960310460398,-0.009410492157923006,-0.024469627851140964,-0.02511473147314509
c07fd0cd,11720.08,12538.94,818.8600000000006,12532.42,12536.81,4.389999999999418,4.389999999999418,4191,4190.0,69.44490472245236,0.0010477326968972359,0.004086434573826155,0.0030067806780882025
c1708b88,10586.17,11369.17,783.0,11366.3,11366.31,0.010000000000218279,0.010000000000218279,6315,6314.0,79.33417085427136,1.5837820716215202e-06,0.03578151260502097,0.03331263126312906
c1d046f4,10973.740000000002,11425.92,452.1799999999985,11382.18,11373.3,-8.880000000001019,8.880000000001019,5513,5512.0,79.70218302732398,-0.001611030478955192,-0.05221896758702801,-0.05393351335132862
c2717d4f,10356.66,11333.78,977.1200000000008,11318.56,11328.38,9.819999999999709,9.819999999999709,4721,4720.0,70.65249925172104,0.0020805084745762095,-0.023504441776704736,-0.017141854185406938
c2c4db09,10694.97,11399.570000000002,704.6000000000022,11382.0,11384.98,2.9799999999995634,2.9799999999995634,6039,6038.0,76.920137562094,0.0004935409075852208,0.003999519807888255,-0.0012992499249782235
c2c6fc71,11340.45,12096.89,756.4399999999987,12077.78,12086.72,8.93999999999869,8.93999999999869,7119,7118.0,80.53167420814479,0.0012559707783083296,0.026112364946021527,0.01740048004800046
c36625df,11074.88,11875.19,800.3100000000013,11874.22,11854.65,-19.56999999999971,19.56999999999971,4742,4741.0,74.2561854055747,-0.004127821134781631,0.00831644657863441,0.004359675967601711
c3957531,11748.51,12688.490000000002,939.9800000000014,12663.72,12660.83,-2.889999999999418,2.889999999999418,5316,5315.0,73.28370554177006,-0.0005437441204138133,-0.034546938775462235,-0.07008316831682684
c42fe306,10084.7,10990.66,905.9599999999991,10965.09,10989.84,24.75,24.75,5095,5094.0,72.54734443969814,0.004858657243816254,-0.020614645858335764,-0.019274767476732187
c43812e2,11344.78,12201.87,857.0900000000001,12194.58,12182.15,-12.430000000000291,12.430000000000291,5527,5526.0,75.78499931441108,-0.002249366630474175,0.008638175270138396,0.007572877287729218
c472c0b5,9903.66,10810.52,906.8600000000006,10796.13,10807.490000000002,11.360000000002401,11.360000000002401,3054,3053.0,62.749126772138894,0.003720930232558926,0.01631164465787186,0.017498829882983458
c47e0767,11420.88,12185.23,764.3500000000004,12153.58,12184.47,30.889999999999418,30.889999999999418,4356,4355.0,71.42154451549433,0.007092996555682989,0.007087154861908698,0.009061566156618866
c50b42f6,10079.12,10989.52,910.3999999999996,10966.65,10980.87,14.220000000001164,14.220000000001164,6014,6013.0,75.93434343434343,0.002364876101779671,0.0019078031212581659,-0.0026573657365800765
c593337f,11455.09,12125.2,670.1100000000006,12115.4,12078.21,-37.19000000000051,37.19000000000051,5208,5207.0,73.16661983703287,-0.0071423084309584235,0.004340936374576248,0.0013231923192212486
c59b6c4a,10012.35,10945.43,933.0799999999999,10944.88,10903.97,-40.909999999999854,40.909999999999854,5499,5498.0,73.71313672922251,-0.007440887595489242,-0.0032465786315138178,-0.0031555355535463347
c66be2b8,10476.47,11383.570000000002,907.1000000000022,11366.95,11338.59,-28.360000000000582,28.360000000000582,4154,4153.0,66.92444014821976,-0.006828798458945481,0.023675390156038825,0.0285030303030367
c6797dd7,11004.15,12048.46,1044.3099999999995,12033.740000000002,12026.44,-7.300000000001091,7.300000000001091,4664,4663.0,74.25569176882661,-0.001565515762384965,0.038344777911130605,0.038267206720671104
c6b782a4,10339.06,11232.39,893.3299999999999,11217.87,11214.070000000002,-3.7999999999992724,3.7999999999992724,4877,4876.0,73.06367041198502,-0.0007793273174731896,-0.0610631452580659,-0.05806264626461596
c6c96179,10290.7,11132.75,842.0499999999993,11117.92,11124.73,6.809999999999491,6.809999999999491,4004,4003.0,68.88009633579907,0.0017012240819384188,0.00545450180071383,0.006805940594056592
c70c0e01,11840.490000000002,12593.9,753.409999999998,12587.86,12572.36,-15.5,15.5,4312,4311.0,71.19035826316659,-0.0035954534910693572,0.0006319327731489716,0.0030231023102212785
c84c65be,9282.34,10076.05,793.7099999999991,10055.26,10050.81,-4.450000000000728,4.450000000000728,8496,8495.0,82.94444986820267,-0.0005238375515009686,-0.0035404561824594156,-0.006397179717980652
c8d9680c,10862.15,11421.05,558.8999999999996,11364.54,11397.51,32.969999999999345,32.969999999999345,6281,6280.0,81.13938767601086,0.005249999999999895,-0.008962304921969621,-0.014138313831380441
c908edd0,10837.06,11360.84,523.7800000000007,11348.79,11329.79,-19.0,19.0,5293,5292.0,78.40319952599614,-0.0035903250188964475,-0.038508523409325125,-0.032970237023701665
c9578d27,10556.92,11246.39,689.4699999999993,11221.94,11213.72,-8.220000000001164,8.220000000001164,4487,4486.0,72.34762979683973,-0.0018323673651362382,0.030892677070799353,0.024481248124800726
c96c018a,10746.65,11369.58,622.9300000000003,11350.13,11356.81,6.680000000000291,6.680000000000291,6236,6235.0,81.20849068889179,0.0010713712910986834,-0.007165906362559499,-0.0026547854785381963
c99f9fae,11193.71,12192.5,998.7900000000009,12188.740000000002,12162.54,-26.200000000000728,26.200000000000728,6361,6360.0,75.78031927567311,-0.004119496855346026,-0.002238175270112684,-0.0018479447944794107
c9e6734f,10582.71,11217.990000000002,635.2800000000025,11202.85,11211.740000000002,8.890000000001237,8.890000000001237,4735,4734.0,74.12335629304947,0.001877904520490333,-0.016325570228071653,-0.012738613861392587
c9e980e8,10432.08,11398.9,966.8199999999997,11393.52,11379.91,-13.610000000000582,13.610000000000582,4359,4358.0,69.61034813158736,-0.003122992198256214,-0.01722304921965809,-0.02694689468948187
c9fedcf3,11380.570000000002,12137.43,756.8599999999988,12122.05,12130.91,8.860000000000582,8.860000000000582,3517,3516.0,67.50479846449137,0.002519908987485945,0.00926050420163381,0.011393099309912145
cad13e8f,11700.96,12756.78,1055.8200000000015,12753.01,12731.26,-21.75,21.75,4848,4847.0,70.60879697057968,-0.004487311739220136,-0.01619735894364407,-0.015205820582065882
cb34231f,11815.94,12765.5,949.5599999999995,12759.81,12761.53,1.7200000000011642,1.7200000000011642,5609,5608.0,74.68708388814913,0.00030670470756083526,-0.0047495798319976456,-0.015005520552068642
cb879f40,10250.77,10843.27,592.5,10828.04,10815.990000000002,-12.049999999999272,12.049999999999272,6315,6314.0,79.89625506072875,-0.001908457396262159,0.008564705882376476,0.008615361536152765
cbb406b5,10537.64,11424.15,886.5100000000002,11397.06,11398.85,1.7900000000008731,1.7900000000008731,6328,6327.0,77.78733866011063,0.0002829144934409472,-0.0031140456182940862,-0.0015010501050018773
cbe51de1,11584.12,12220.3,636.1799999999985,12191.6,12196.38,4.779999999998836,4.779999999998836,3963,3962.0,73.90898918314062,0.0012064613831395345,0.026289555822317057,0.023945214521461904
cbe62450,10234.65,10846.740000000002,612.090000000002,10816.19,10806.23,-9.960000000000946,9.960000000000946,6258,6257.0,79.63858488164928,-0.0015918171647756026,-0.038128211284505276,-0.03845232523252562
cc08aa63,10484.26,11214.86,730.6000000000004,11193.23,11201.41,8.180000000000291,8.180000000000291,3274,3273.0,65.2451175767238,0.002499236174763303,0.028032653061211745,0.026829762976296766
cc8a1d57,11379.22,12061.65,682.4300000000003,12054.77,12051.66,-3.110000000000582,3.110000000000582,6638,6637.0,79.77406561711334,-0.00046858520415859307,-0.008443217286925113,-0.008332673267308462
ccedb12b,11862.27,12688.53,826.2600000000002,12670.12,12653.2,-16.920000000000073,16.920000000000073,4401,4400.0,68.47673875836315,-0.003845454545454562,0.015678271308485335,0.010179717971786193
cd7f1687,10623.62,11451.7,828.0799999999999,11448.36,11451.5,3.139999999999418,3.139999999999418,4232,4231.0,70.75739842835647,0.0007421413377450764,-0.002728931572627082,-0.006629102910297801
cda7eb37,11383.06,12080.92,697.8600000000006,12056.34,12051.63,-4.710000000000946,4.710000000000946,5973,5972.0,78.38582677165354,-0.0007886805090423553,0.005138535414175096,0.0007905790579164158
cdc31d65,11220.92,12107.47,886.5499999999993,12090.43,12080.45,-9.979999999999563,9.979999999999563,4840,4839.0,73.24455205811138,-0.0020624095887579177,0.0017037214886085404,0.0014915691569053241
cdc60a53,10418.97,11218.92,799.9500000000007,11207.88,11218.85,10.970000000001164,10.970000000001164,5878,5877.0,77.02791246232474,0.0018665986047305026,-0.007039135654265747,-0.004896909690968734
ce55ba43,10963.73,11458.36,494.630000000001,11432.77,11446.97,14.199999999998909,14.199999999998909,4104,4103.0,72.53446447507953,0.0034608822812573505,-0.004209363745519749,-0.02459261926192875
ce8399b7,10237.27,11204.39,967.119999999999,11184.3,11179.28,-5.019999999998618,5.019999999998618,1615,1614.0,45.51860202931229,-0.0031102850061949304,0.027225930372189143,0.010616021602156588
cf50c9d1,10399.19,11227.05,827.8599999999988,11223.79,11179.39,-44.400000000001455,44.400000000001455,4858,4857.0,73.22882122399758,-0.009141445336627847,-0.004667947178862369,-0.0033720372037167943
d00e7eb9,10170.78,10934.4,763.619999999999,10932.16,10924.31,-7.850000000000364,7.850000000000364,5704,5703.0,77.91285343532304,-0.0013764685253376055,0.008282352941159825,0.009306270627072073
d011f41b,10572.9,11170.97,598.0699999999997,11169.75,11163.820000000002,-5.929999999998472,5.929999999998472,2267,2266.0,58.0389144905274,-0.002616946160634807,0.04513277310929176,0.039656705670557194
d07aed8f,11578.27,12384.86,806.5900000000001,12375.28,12379.08,3.7999999999992724,3.7999999999992724,2957,2956.0,62.79464854533872,0.0012855209742893344,0.00830684273711304,0.00801530153013623
d085e611,10220.12,10935.52,715.3999999999996,10911.490000000002,10899.490000000002,-12.0,12.0,6191,6190.0,78.84615384615384,-0.0019386106623586429,-0.05139303721487911,-0.05987140714071086
d0a0e7b5,10374.96,10920.61,545.6500000000015,10903.08,10919.0,15.920000000000073,15.920000000000073,3816,3815.0,70.36695555965333,0.004173001310616009,0.019580312124872958,0.011652865286515993
d0a43760,10625.23,11188.320000000002,563.090000000002,11180.53,11180.96,0.42999999999847205,0.42999999999847205,4041,4040.0,73.44601962922573,0.00010643564356397822,-0.013189435774323363,-0.019779837983795595
d0cb63ae,10250.89,11050.01,799.1200000000008,11044.69,11044.69,0.0,0.0,5223,5222.0,76.14812654905963,0.0,0.03399519807923365,0.03735895589558236
d114d9c2,10480.17,10973.67,493.5,10965.77,10958.27,-7.5,7.5,6206,6205.0,82.27495691369482,-0.0012087026591458502,-0.0027875150059856716,-0.000779297929780075
d1457cc5,9760.68,10717.3,956.619999999999,10704.67,10709.87,5.200000000000728,5.200000000000728,6920,6919.0,81.9613881321805,0.0007515536927302685,-0.01078559423770979,0.0060675667566676104
d1ecf309,10126.34,11058.88,932.539999999999,11040.04,11055.41,15.369999999998981,15.369999999998981,6168,6167.0,78.43336724313326,0.0024922977136369357,-0.016414405762289336,-0.016307890789089802
d1ee630d,10724.85,11365.06,640.2099999999991,11345.820000000002,11354.820000000002,9.0,9.0,6290,6289.0,79.832466048991,0.0014310701224359993,0.03967731092436545,0.039853765376531514
d217e0c5,10615.3,11442.47,827.1700000000001,11432.02,11441.93,9.909999999999854,9.909999999999854,3838,3837.0,67.18011552599334,0.002582746937711716,0.0013186074430266796,0.0026952295229511133
d24ff243,10601.13,11216.5,615.3700000000008,11207.43,11208.43,1.0,1.0,5641,5640.0,79.27206295671726,0.0001773049645390071,-0.029865066026438004,-0.025034143414342108
d273674e,10893.09,11965.76,1072.67,11954.09,11965.76,11.670000000000073,11.670000000000073,3899,3898.0,67.9505054025793,0.0029938429964084332,-0.0072004801920612545,-0.008131413141297195
d2f3b1ab,10630.570000000002,11189.02,558.4499999999989,11157.1,11141.47,-15.630000000001019,15.630000000001019,5581,5580.0,79.52408093473923,-0.002801075268817387,0.017982232893160068,0.021039603960385928
d3df146b,11598.14,12235.18,637.0400000000009,12209.54,12235.18,25.639999999999418,25.639999999999418,5787,5786.0,79.79867622724765,0.004431386104389806,0.0048196878751461,0.00683018301831999
d40f61d5,10422.13,11209.09,786.960000000001,11201.06,11202.46,1.3999999999996362,1.3999999999996362,4039,4038.0,68.69047619047619,0.0003467062902426043,-0.02541848739493019,-0.009092649264920032
d41beaf2,10417.62,11229.27,811.6499999999996,11225.78,11210.21,-15.570000000001528,15.570000000001528,4753,4752.0,72.10254854368931,-0.003276515151515473,-0.005055942376979069,-0.00041842184218790626
d463e527,11083.05,12230.01,1146.960000000001,12211.240000000002,12209.12,-2.1200000000008004,2.1200000000008004,4767,4766.0,68.18766986125017,-0.0004448174569871591,-0.0024470588235063723,0.0008406840684159081
d4f60a28,11539.83,12551.97,1012.1399999999994,12546.48,12545.43,-1.0499999999992724,1.0499999999992724,4501,4500.0,69.94560994560995,-0.00023333333333317165,0.0014525810323755333,-0.0017054905490589006
d50c649a,11305.86,11929.14,623.2799999999988,11914.25,11917.47,3.219999999999345,3.219999999999345,4873,4872.0,74.41967012828344,0.0006609195402297506,0.02613589435767974,0.02633297329734468
d543916f,10321.18,10898.54,577.3600000000006,10875.77,10882.56,6.789999999999054,6.789999999999054,4799,4798.0,76.40503104601179,0.0014151729887451135,-0.002306362545025264,-0.014909810981126283
d5df0ff5,11630.3,12063.98,433.6800000000003,12058.95,12036.12,-22.829999999999927,22.829999999999927,4032,4031.0,73.44262295081967,-0.005663607045398146,-0.005196158463389595,-0.00426210621062015
d60430e6,10516.27,11216.25,699.9799999999996,11204.22,11205.01,0.7900000000008731,0.7900000000008731,2511,2510.0,60.129310344827594,0.00031474103585692155,-0.012743337334984586,-0.01175205520550205
d63196fe,11455.92,12062.3,606.3799999999992,12057.08,12025.54,-31.539999999999054,31.539999999999054,4510,4509.0,76.68763815677606,-0.006994899090707264,-0.00663865546223089,-0.011545694569424652
d6c320d9,10626.13,11185.34,559.210000000001,11167.64,11185.34,17.700000000000728,17.700000000000728,5452,5451.0,78.49121796717536,0.0032471106219043714,0.0014472989195616613,0.0010927692769363401
d6dd7330,11380.05,11969.83,589.7800000000007,11943.55,11939.820000000002,-3.7299999999977445,3.7299999999977445,6193,6192.0,80.8485639686684,-0.0006023901808781887,-0.010792316926845378,-0.009675007500761982
d7ba4f9d,11941.06,12612.52,671.460000000001,12606.42,12597.29,-9.1299999999992,9.1299999999992,6023,6022.0,77.50611246943765,-0.0015161076054465625,-0.002481152461000411,0.0009237323732319071
d7eb0be8,11953.16,12783.73,830.5699999999997,12730.83,12727.41,-3.4200000000000728,3.4200000000000728,5401,5400.0,74.93063263041066,-0.0006333333333333468,0.016169027611017798,0.02236843684367519
d84b621b,10433.4,11230.64,797.2399999999998,11205.51,11190.48,-15.030000000000655,15.030000000000655,3994,3993.0,69.50922380786633,-0.0037640871525170686,-0.03155342136856935,-0.0312948694869449
d90aa14c,10112.570000000002,10940.84,828.2699999999986,10916.87,10892.02,-24.850000000000364,24.850000000000364,10018,10017.0,82.51379622765835,-0.002480782669461951,-0.037285474189690755,-0.03615739573958794
d924e971,11040.19,12098.320000000002,1058.130000000001,12029.45,12098.320000000002,68.8700000000008,68.8700000000008,3184,3183.0,59.984928409947244,0.021636820609488155,0.06812340936374991,0.07255139513949194
d9ae59b2,10382.31,11043.23,660.9200000000001,11039.17,11035.46,-3.710000000000946,3.710000000000946,3648,3647.0,70.83495145631068,-0.0010172744721691654,0.00838607442983903,0.008027962796257131
d9d6d94d,12043.47,12641.33,597.8600000000006,12625.34,12622.990000000002,-2.349999999998545,2.349999999998545,4919,4918.0,73.85885885885885,-0.0004778365189098302,-0.027187995198066105,-0.02895601560154121
d9eca87b,10254.4,10985.69,731.2900000000009,10984.61,10901.58,-83.03000000000065,83.03000000000065,6373,6372.0,80.34543620776601,-0.013030445699937328,-0.011717166866664793,-0.009957155715577008
da2d4d7c,11814.72,12258.75,444.03000000000065,12250.56,12251.64,1.0799999999999272,1.0799999999999272,2114,2113.0,59.26548920661621,0.000511121628017003,0.004625690276061861,0.0009195919591809797
da3bfe4e,10448.2,10999.81,551.6099999999988,10996.19,10964.84,-31.350000000000364,31.350000000000364,5549,5548.0,78.07795131560434,-0.005650684931506915,0.008467226890757495,0.005194359435919212
da3cf798,9982.37,10805.17,822.7999999999993,10779.490000000002,10797.15,17.659999999998035,17.659999999998035,5844,5843.0,76.98590436042683,0.003022419989730966,0.03252917166869918,0.019010321032067092
da940160,10510.13,11387.11,876.9800000000014,11367.19,11378.81,11.619999999998981,11.619999999998981,5132,5131.0,75.55948174322734,0.002264665757162148,0.011299399759852792,0.010994119411948514
dafc88c3,10714.14,11208.6,494.46000000000095,11194.320000000002,11205.2,10.8799999999992,10.8799999999992,5572,5571.0,77.52887157367469,0.0019529707413389337,0.0026031212485263583,-0.0030660666066631664
dbee6c86,11739.36,12602.23,862.869999999999,12591.84,12591.88,0.039999999999054126,0.039999999999054126,7369,7368.0,80.85363177529075,5.428881650251646e-06,-0.0026852340936527833,-0.002172097209735187
dc5fbe29,11281.4,12053.0,771.6000000000004,12047.1,12038.13,-8.970000000001164,8.970000000001164,5203,5202.0,79.37452326468345,-0.0017243367935411695,-0.018634813925539603,-0.01745460546053247
dc7da28f,10085.86,10975.41,889.5499999999993,10955.19,10975.41,20.219999999999345,20.219999999999345,4774,4773.0,71.55275779376498,0.004236329352608285,0.026723169267699593,0.03332985298531656
dc7f9757,10210.05,11063.1,853.0500000000011,11050.320000000002,11035.12,-15.200000000000728,15.200000000000728,4360,4359.0,70.28857004675157,-0.003487038311539511,-0.04940024009603047,-0.048020702070215325
dd168de0,10280.1,11018.59,738.4899999999998,11002.35,11009.62,7.270000000000437,7.270000000000437,3304,3303.0,64.84789008832188,0.0022010293672420334,0.00031692677072258735,0.008251185118516855
dd64382d,9989.51,10838.59,849.0799999999999,10824.14,10838.59,14.450000000000728,14.450000000000728,3124,3123.0,61.76354290233294,0.004626961255203563,0.002251140456117537,0.00621494149409925
dd6bc5b2,10047.17,11165.740000000002,1118.5700000000015,11145.39,11159.02,13.630000000001019,13.630000000001019,3602,3601.0,62.491325468424705,0.003785059705637606,-0.016111404561881273,-0.008872427242714018
dd7d638e,10426.44,11207.78,781.3400000000001,11194.27,11207.78,13.510000000000218,13.510000000000218,4301,4300.0,71.1379424412835,0.00314186046511633,-0.007828571428578493,-0.003883648364844178
ddc790ff,10425.67,11319.83,894.1599999999999,11314.96,11305.43,-9.529999999998836,9.529999999998836,4726,4725.0,73.0674087816945,-0.0020169312169309706,0.006994957983209554,0.0066833483348327
df71d1ff,10288.63,10970.05,681.4200000000001,10959.0,10960.86,1.860000000000582,1.860000000000582,6228,6227.0,79.04556415788807,0.000298699213104317,0.024701560624275896,0.024689108910876056
df73b8f3,11782.7,12561.23,778.5299999999988,12554.65,12526.53,-28.11999999999898,28.11999999999898,5311,5310.0,74.27972027972028,-0.005295668549905646,0.009308523409386005,0.00655985598560762
df8290be,10510.58,11244.16,733.5799999999999,11220.64,11236.81,16.170000000000073,16.170000000000073,3972,3971.0,69.99118942731278,0.004072022160664838,-0.04208115246100077,-0.04324176417642172
e0079ed1,10357.98,10975.36,617.380000000001,10958.18,10954.38,-3.8000000000010914,3.8000000000010914,3471,3470.0,66.0262507133346,-0.0010951008645536287,0.011788715486182646,0.011678187818765898
e03b45fd,12017.27,12841.61,824.3400000000001,12806.71,12765.85,-40.85999999999876,40.85999999999876,5342,5341.0,75.42001976563603,-0.007650252761654889,0.03217478991592966,0.03302166216622187
e0f36d98,10703.91,11374.5,670.5900000000001,11349.3,11365.36,16.06000000000131,16.06000000000131,4976,4975.0,74.11379207625856,0.003228140703517851,-0.015147659063564257,-0.013241824182416557
e149204f,10453.29,10973.08,519.789999999999,10965.53,10965.52,-0.010000000000218279,0.010000000000218279,6097,6096.0,80.76566432640084,-1.6404199475423686e-06,0.021321008403363026,0.015368916891697414
e14d641e,10447.4,11235.73,788.3299999999999,11231.85,11223.42,-8.430000000000291,8.430000000000291,3184,3183.0,63.961430293290476,-0.0026484448633365665,0.015954381752714658,0.015040444044418882
e161bd0c,11258.43,12230.09,971.6599999999999,12218.58,12230.09,11.510000000000218,11.510000000000218,2949,2948.0,61.27155620195305,0.0039043419267300603,0.002991596638700724,0.00685700570058553
e201fd6d,11716.740000000002,12528.21,811.4699999999975,12517.570000000002,12522.58,5.009999999998399,5.009999999998399,5070,5069.0,73.35069444444444,0.000988360623396804,-0.006262665066067182,-0.01806132613260357
e25f1537,9981.72,10795.95,814.2300000000014,10787.18,10765.65,-21.530000000000655,21.530000000000655,3177,3176.0,63.31207652451176,-0.0067789672544082665,-0.003691236494632968,-0.005942994299432853
e2fc7745,11190.56,12014.37,823.8100000000013,11981.26,11982.88,1.6199999999989814,1.6199999999989814,3692,3691.0,69.09975669099757,0.0004389054456784019,-0.0017527010804152348,-0.0015310531052848144
e32da4ec,11512.7,12014.63,501.9299999999985,11986.19,12014.63,28.43999999999869,28.43999999999869,4689,4688.0,76.2687052700065,0.006066552901023611,-0.006584393757521985,-0.0066807680768074425
e3b34f5b,10326.79,10976.320000000002,649.5300000000007,10966.87,10956.77,-10.100000000000364,10.100000000000364,5455,5454.0,74.79775126833951,-0.0018518518518519185,0.023298439375772487,0.019865106510649
e45a2a62,10561.070000000002,11252.27,691.1999999999989,11212.01,11215.6,3.5900000000001455,3.5900000000001455,5007,5006.0,74.76482006868747,0.0007171394326808122,-0.03808499399758077,-0.03218829882989225
e46f4ef4,11747.76,12498.21,750.4499999999989,12487.9,12476.1,-11.799999999999272,11.799999999999272,7195,7194.0,80.57110862262039,-0.0016402557686960345,-0.007067466986771605,-0.005738373837388346
e4726608,11393.41,11968.320000000002,574.9100000000017,11958.94,11968.320000000002,9.380000000001019,9.380000000001019,4733,4732.0,75.51052967453732,0.0019822485207102746,0.013051620648254856,0.012196459645964573
e5864244,11998.03,12778.64,780.6099999999988,12725.62,12778.63,53.0099999999984,53.0099999999984,4469,4468.0,74.02683452045719,0.011864368845120501,0.060759183673497676,0.05958547854785562
e5c92e59,11536.52,12215.23,678.7099999999991,12205.0,12197.58,-7.420000000000073,7.420000000000073,4295,4294.0,72.46499072043193,-0.001727992547741051,0.009465066026393758,0.009302310231028683
e5ff9fd2,10874.65,11781.41,906.7600000000002,11760.83,11764.04,3.210000000000946,3.210000000000946,2354,2353.0,56.07432110528823,0.0013642158946030368,-0.013488115246062526,-0.015693789378932153
e6c55748,10595.66,11229.03,633.3700000000008,11215.64,11223.71,8.069999999999709,8.069999999999709,4472,4471.0,75.04614868266488,0.0018049653321403957,-0.049910204081624165,-0.03418481848184978
e730c32b,10456.67,11384.41,927.7399999999998,11366.070000000002,11379.28,13.209999999999127,13.209999999999127,4728,4727.0,73.08703045292935,0.0027945843029403695,0.010869627851154078,0.005526672667263189
e737965a,10279.76,10949.65,669.8899999999994,10935.88,10920.92,-14.959999999999127,14.959999999999127,5955,5954.0,77.39797244606187,-0.0025125965737317984,0.0003750300120235803,-0.0014427242724201384
e748dd88,11471.01,12035.17,564.1599999999999,12028.33,12015.77,-12.55999999999949,12.55999999999949,4812,4811.0,76.81992337164752,-0.0026106838495114303,0.02074141656660173,0.010123792379236387
e7818f7a,10374.46,11032.0,657.5400000000009,11022.87,11032.0,9.1299999999992,9.1299999999992,5371,5370.0,78.64987553082442,0.0017001862197391433,-0.005664345738284997,-0.0018732073207346862
e7c36e81,10248.37,11200.44,952.0699999999997,11191.13,11183.7,-7.429999999998472,7.429999999998472,3531,3530.0,62.44031830238727,-0.00210481586402223,0.034564225690280885,0.03549210921092349
e7d0c1de,10556.51,11321.740000000002,765.2300000000014,11319.1,11304.67,-14.430000000000291,14.430000000000291,4711,4710.0,72.98218435321456,-0.0030636942675159855,-0.0007759903961283341,0.007848544854466623
e85074c5,10402.52,11009.33,606.8099999999995,10992.31,10997.7,5.390000000001237,5.390000000001237,5675,5674.0,78.42730790491984,0.0009499471272473099,0.011524609843890948,0.015243144314413589
e97032ad,10237.15,11207.56,970.4099999999999,11191.16,11199.13,7.969999999999345,7.969999999999345,3530,3529.0,62.433675274142196,0.0022584301501840025,0.03251332533010329,0.033450225022498385
e9949a23,11157.21,12074.51,917.3000000000011,12051.17,12074.51,23.340000000000146,23.340000000000146,4559,4558.0,71.15654752614327,0.0051206669591926605,-0.016296758703481157,-0.013514491449126786
ea0b99b7,11851.88,12542.96,691.0799999999999,12518.2,12531.2,13.0,13.0,9239,9238.0,84.45927415668709,0.0014072310023814677,0.03684417767106139,0.024710711071102363
ea3a0e38,10236.11,10981.35,745.2399999999998,10951.42,10937.7,-13.719999999999345,13.719999999999345,10052,10051.0,85.22977785314568,-0.0013650383046462386,-0.039530852340958246,-0.049109630963098234
ea41324e,10671.1,11363.98,692.8799999999992,11356.37,11350.95,-5.420000000000073,5.420000000000073,5025,5024.0,73.47565433542916,-0.0010788216560509698,-0.0004331332533469419,0.0016996699669822209
eabc711b,10956.5,11884.21,927.7099999999991,11869.94,11884.21,14.269999999998618,14.269999999998618,5348,5347.0,73.12004375170905,0.0026687862352718565,0.024124369747884428,0.019545754575468602
eac10e86,10400.1,10954.61,554.5100000000002,10950.3,10950.43,0.13000000000101863,0.13000000000101863,6067,6066.0,80.88254899346754,2.1430926475604788e-05,-0.0010674669867918895,0.00604212421242569
eafb863e,10429.52,11226.06,796.539999999999,11189.63,11226.06,36.43000000000029,36.43000000000029,3568,3567.0,67.10551062629303,0.010213064199607595,0.026791356542593323,0.02685676567655909
eb06a4e7,10478.61,11384.41,905.7999999999993,11373.76,11360.67,-13.090000000000146,13.090000000000146,4535,4534.0,71.0926477504311,-0.0028870754300838433,0.06018967587031885,0.055617761776182564
eb640a35,10136.04,10884.14,748.0999999999985,10862.51,10863.18,0.6700000000000728,0.6700000000000728,6037,6036.0,77.57645849396042,0.00011100066269053559,0.0002785114045612165,-0.003910051005091986
eb934281,11136.03,11955.36,819.3299999999999,11944.54,11939.72,-4.820000000001528,4.820000000001528,5971,5970.0,76.43369175627241,-0.0008073701842548623,0.003945258103252018,-0.0006414641464159392
eba6605e,10542.23,11306.92,764.6900000000005,11280.47,11305.84,25.3700000000008,25.3700000000008,4410,4409.0,77.11138310893513,0.005754139260603493,0.05602929171664775,0.07473615361535453
ebe69318,10294.6,11187.39,892.789999999999,11178.59,11186.05,7.459999999999127,7.459999999999127,4976,4975.0,74.06966359035427,0.0014994974874370105,0.030459543817513902,0.030585958595865166
ec0d597b,10100.76,10971.97,871.2099999999991,10936.98,10927.69,-9.289999999999054,9.289999999999054,4616,4615.0,71.54370737755734,-0.0020130010834234135,-0.0016542617047177023,-0.0020147614761694744
ec13af42,11391.240000000002,12235.6,844.3599999999988,12212.5,12206.85,-5.649999999999636,5.649999999999636,5462,5461.0,74.19179570768813,-0.0010346090459622114,0.03391068427365349,0.014697869786991702
ecdab904,11232.98,12200.23,967.25,12169.8,12191.38,21.579999999999927,21.579999999999927,6147,6146.0,75.1834637964775,0.003511226814188078,-0.0069344537815111025,-0.007837743774367238
ecdaf714,10301.070000000002,11040.14,739.0699999999979,11013.31,11034.7,21.390000000001237,21.390000000001237,6592,6591.0,80.0,0.003245334547109883,-0.034418727491017195,-0.03345496549653758
ed6436d6,11262.92,12234.36,971.4400000000005,12230.94,12232.34,1.3999999999996362,1.3999999999996362,2945,2944.0,58.5836482991844,0.000475543478260746,-0.0009613445378092679,-0.00021302130212004402
ed6e6e54,11554.64,11980.11,425.47000000000116,11946.18,11946.59,0.4099999999998545,0.4099999999998545,6048,6047.0,81.8957345971564,6.78022159748395e-05,-0.0202016806723136,-0.029870567056708063
edf885a3,11492.490000000002,12301.04,808.5499999999993,12280.14,12277.06,-3.0799999999999272,3.0799999999999272,3117,3116.0,64.09623689080814,-0.0009884467265725055,-0.011298439375785061,-0.009346294629469865
ee0300f7,11687.09,12565.05,877.9599999999991,12528.47,12563.43,34.960000000000946,34.960000000000946,4544,4543.0,73.75426067196884,0.00769535549196587,0.01431068427367592,0.0131702970297244
ee288beb,10411.87,11066.17,654.2999999999993,11020.51,11066.17,45.659999999999854,45.659999999999854,4638,4637.0,74.92730210016155,0.009846883761052373,-0.07566626650658159,-0.0654086408640962
ee4aecac,11326.52,11766.89,440.369999999999,11746.45,11766.89,20.43999999999869,20.43999999999869,5265,5264.0,79.82110369921165,0.0038829787234040064,-0.008509003601436254,-0.0035131113111088277
eeda36f5,12367.58,12845.96,478.3799999999992,12811.97,12807.35,-4.619999999998981,4.619999999998981,4797,4796.0,77.39593417231364,-0.0009633027522933656,-0.035314285714278255,-0.033097749774973526
eeed308d,10520.17,11207.76,687.5900000000001,11191.81,11201.5,9.69000000000051,9.69000000000051,3899,3898.0,70.852262402326,0.0024858902001027475,-0.0001392557022756443,-0.0027860186018484603
ef04658e,9970.94,10804.51,833.5699999999997,10775.26,10793.67,18.409999999999854,18.409999999999854,4104,4103.0,72.45762711864407,0.00448696076041917,0.009184153661456373,0.00939093909391089
ef8e3ed0,11625.59,12130.58,504.9899999999998,12120.11,12104.6,-15.510000000000218,15.510000000000218,5224,5223.0,78.71026065993672,-0.002969557725445188,0.006521008403327828,0.013460246024612552
efde6ac3,10221.56,10922.18,700.6200000000008,10911.490000000002,10892.65,-18.840000000001965,18.840000000001965,4559,4558.0,73.29581993569133,-0.0041333918385261,-0.05139303721487911,-0.059366456645669974
efe96181,9900.02,10804.63,904.6099999999988,10791.62,10764.64,-26.980000000001382,26.980000000001382,4012,4011.0,73.42606149341142,-0.006726502119172621,-0.0367078031212363,-0.042246924692467935
f0188a48,10574.37,11418.03,843.6599999999999,11404.72,11409.89,5.170000000000073,5.170000000000073,4170,4169.0,67.9263723733507,0.001240105540897115,-0.049303721488613984,-0.043285268526848775
f021b650,11231.84,12135.47,903.6299999999992,12134.52,12135.47,0.9499999999989086,0.9499999999989086,3739,3738.0,66.64884135472371,0.0002541466024609172,0.016339495798284902,0.017312211221147157
f03f10fe,10596.12,11233.62,637.5,11208.85,11202.89,-5.960000000000946,5.960000000000946,4145,4144.0,71.18323888030224,-0.0014382239382241665,-0.04186266506605788,-0.03644488448846233
f053a1b9,11469.13,12278.75,809.6200000000008,12275.3,12262.63,-12.670000000000073,12.670000000000073,4108,4107.0,69.01881720430107,-0.0030849768687606703,-0.037608643457384384,-0.036615721572163515
f074d277,11450.22,12031.84,581.6200000000008,12010.52,12022.52,12.0,12.0,2453,2452.0,63.41778697001034,0.004893964110929853,-0.0006991596638835466,-0.002646384638482779
f07d7037,11174.85,12140.65,965.7999999999993,12125.35,12140.65,15.299999999999272,15.299999999999272,5563,5562.0,72.35952133194588,0.0027508090614885424,-0.006869147659050551,-0.0059950795079501355
f08774c3,11203.490000000002,12060.63,857.1399999999976,12038.4,12060.63,22.229999999999563,22.229999999999563,3900,3899.0,69.08768821966342,0.005701461913310993,0.00231116446574118,-5.0405040486426e-05
f140c2fa,11152.570000000002,12058.79,906.2199999999993,12058.27,12036.38,-21.890000000001237,21.890000000001237,4082,4081.0,67.76228419654714,-0.0053638814016175535,0.026493157262929907,0.027903090309013435
f16e25e3,10113.76,10891.77,778.0100000000002,10879.39,10879.38,-0.010000000000218279,0.010000000000218279,4651,4650.0,70.63022019741837,-2.150537634455544e-06,-0.015570708283312746,-0.010481488148805854
f2d4c8c9,10357.03,10938.16,581.1299999999992,10928.72,10927.01,-1.7099999999991269,1.7099999999991269,6249,6248.0,79.02124430955993,-0.00027368758002546846,-0.024171428571438825,-0.023712511251126535
f321a31c,12080.16,12560.58,480.4200000000001,12545.08,12526.490000000002,-18.589999999998327,18.589999999998327,5141,5140.0,78.42868039664378,-0.003616731517509402,0.0014665066026393046,7.200720027604702e-07
f40cd091,11338.92,11910.93,572.0100000000002,11899.75,11902.69,2.9400000000005093,2.9400000000005093,5166,5165.0,76.2396694214876,0.0005692158760891596,-0.03875486194477131,-0.029767356735665145
f439a621,10313.92,11033.87,719.9500000000007,11021.37,11009.73,-11.640000000001237,11.640000000001237,2821,2820.0,60.08519701810437,-0.004127659574468524,0.002422569027613378,0.003648724872493355
f49fdea3,11348.39,12118.25,769.8600000000006,12101.06,12114.23,13.170000000000073,13.170000000000073,5391,5390.0,76.71837199373843,0.0024434137291280285,0.0030156062424767957,-0.004627542754275645
f4d12d23,10369.71,11224.51,854.8000000000011,11200.91,11187.48,-13.430000000000291,13.430000000000291,3701,3700.0,67.93318649045521,-0.003629729729729808,0.05568499399761331,0.028824962496252236
f56d3ace,10462.3,11326.98,864.6800000000003,11311.69,11320.27,8.579999999999927,8.579999999999927,5432,5431.0,73.57442773940133,0.0015798195544098558,0.006703481392573139,0.008053165316522512
f5859199,11466.7,12268.19,801.4899999999998,12242.62,12241.42,-1.2000000000007276,1.2000000000007276,5790,5789.0,77.84350631890294,-0.0002072896873381806,-0.0010386554621459945,-0.01902916291628115
f5d8aab6,10071.84,11050.320000000002,978.4800000000014,11043.71,11029.85,-13.859999999998763,13.859999999998763,4444,4443.0,67.57907542579076,-0.003119513841998371,-0.033874669867945205,-0.03149306930692147
f631da6e,10578.87,11173.93,595.0599999999995,11173.25,11173.35,0.1000000000003638,0.1000000000003638,4093,4092.0,73.03711634546752,2.443792766382302e-05,-0.00637262905163089,-0.002163036303642215
f6824bb0,10310.14,11228.14,918.0,11225.11,11199.41,-25.700000000000728,25.700000000000728,5015,5014.0,73.06235431235432,-0.005125648185081916,0.019337815126114544,0.03466144614461974
f6bc699b,10243.69,11006.070000000002,762.380000000001,10982.67,10995.43,12.760000000000218,12.760000000000218,3752,3751.0,68.20578076713325,0.003401759530791847,0.005238415366170158,0.014202940294019419
f6d009f4,10009.81,11086.25,1076.4400000000005,11001.490000000002,11085.22,83.72999999999774,83.72999999999774,6715,6714.0,83.90603523678621,0.012470956210902256,0.3220211284513848,0.3577182718271796
f72b268f,10412.54,11062.23,649.6899999999987,11037.92,11056.2,18.280000000000655,18.280000000000655,6404,6403.0,80.87900985097247,0.0028549117601125496,0.008896038415362663,0.0021121512151051603
f8662c22,11178.31,11731.6,553.2900000000009,11705.46,11712.48,7.020000000000437,7.020000000000437,5429,5428.0,78.0365099899382,0.0012932940309507068,0.010816806722680287,0.00859153915391172
f88ddb26,11433.48,12199.36,765.880000000001,12186.8,12145.73,-41.06999999999971,41.06999999999971,4990,4989.0,75.77828397873955,-0.008232110643415455,-0.01968259303717317,-0.01170231023104583
f8afa78a,10493.19,10993.69,500.5,10968.070000000002,10993.51,25.43999999999869,25.43999999999869,6032,6031.0,81.87864802497624,0.00421820593599713,-0.00783625450181481,-0.01004764476446735
f8f59188,10361.84,11323.98,962.1399999999994,11308.97,11307.34,-1.6299999999991996,1.6299999999991996,4807,4806.0,71.32047477744807,-0.0003391593841030378,0.004519087635063397,0.005596999699966424
f9fc81aa,10621.86,11197.97,576.1099999999988,11178.46,11168.12,-10.339999999998327,10.339999999998327,5598,5597.0,78.70097005482918,-0.0018474182597817271,-0.00988187274911045,-0.011161656165632354
fa16d114,10639.63,10963.16,323.53000000000065,10954.6,10940.61,-13.989999999999782,13.989999999999782,5686,5685.0,82.07274826789839,-0.0024608619173262587,0.014206002400960524,0.010679027902768576
fa31da94,11428.36,12208.56,780.1999999999989,12189.97,12188.41,-1.5599999999994907,1.5599999999994907,5027,5026.0,75.2432270618171,-0.000310385992837145,-0.013992316926794122,-0.016439843984425072
fa667be2,12080.09,12590.26,510.1700000000001,12590.22,12566.77,-23.44999999999891,23.44999999999891,7296,7295.0,82.9279381677654,-0.003214530500342551,0.0011755102040550555,0.0036174017401750702
fae0c593,10069.95,10889.490000000002,819.5400000000009,10875.63,10869.98,-5.649999999999636,5.649999999999636,4403,4402.0,71.62843663575728,-0.0012835074965923754,-0.03956350540216449,-0.04131677167715469
fb03ae90,10671.570000000002,11504.09,832.5199999999986,11478.2,11443.39,-34.81000000000131,34.81000000000131,6431,6430.0,79.11182187230902,-0.005413685847589628,-0.04341608643457656,-0.055989138913899325
fb0904bd,10146.03,10972.18,826.1499999999996,10968.85,10968.740000000002,-0.10999999999876309,0.10999999999876309,3181,3180.0,62.531944171417344,-3.459119496816449e-05,0.026647298919527496,0.029196399639943735
fb3848a1,10037.93,10954.240000000002,916.3100000000013,10937.11,10946.44,9.329999999999927,9.329999999999927,5919,5918.0,75.31492556304873,0.0015765461304494638,0.007195678271324807,0.004863726372642728
fb73b13a,10033.16,10818.09,784.9300000000003,10797.7,10808.4,10.699999999998909,10.699999999998909,5640,5639.0,75.55257870060281,0.0018974995566587885,0.048408163265307995,0.04969798979897783
fba7683c,10978.94,11862.92,883.9799999999996,11857.08,11862.92,5.8400000000001455,5.8400000000001455,407,406.0,19.776482021379984,0.01438423645320233,0.0015855942377082858,-0.003145274527458448
fbd68d27,10585.03,11234.63,649.5999999999985,11231.63,11212.09,-19.539999999999054,19.539999999999054,6829,6828.0,79.85266604303088,-0.002861745752782521,0.04380936374548907,0.03977143714368399
fc03f21f,11010.43,11893.320000000002,882.8900000000012,11887.91,11860.04,-27.86999999999898,27.86999999999898,4803,4802.0,77.44276039987102,-0.005803831736776131,-0.12501944777906973,-0.06845904590458689
fc0d20b2,10374.95,10799.1,424.14999999999964,10796.320000000002,10774.79,-21.530000000000655,21.530000000000655,3954,3953.0,74.49133383571966,-0.005446496331899989,-0.009126050420153912,-0.007322412241218574
fcfcc902,10623.89,11440.36,816.4700000000012,11414.16,11397.98,-16.18000000000029,16.18000000000029,2791,2790.0,59.82851018220793,-0.005799283154121968,-0.0003577430972965821,-0.0010945094509380165
fd3b4faa,10463.490000000002,11355.28,891.789999999999,11338.92,11346.18,7.260000000000218,7.260000000000218,5022,5021.0,72.19666474985624,0.001445927106154196,-0.0005349339735796787,-0.0023184518451802335
fd710aea,11426.95,12175.87,748.9200000000001,12161.08,12165.59,4.510000000000218,4.510000000000218,4217,4216.0,70.75503355704697,0.0010697343453510955,0.018904681872728143,0.013717071707166644
fd8f77fa,10523.54,11421.98,898.4399999999987,11380.16,11390.63,10.469999999999345,10.469999999999345,5272,5271.0,78.03433984606276,0.0019863403528740933,-0.03641056422571551,-0.030702070207016575
fde20ecf,11188.12,12047.7,859.5799999999999,12023.39,12045.36,21.970000000001164,21.970000000001164,4667,4666.0,73.0817413091137,0.004708529789970245,0.0004739495797879084,0.003596279627931879
fdfd57da,10384.08,11375.43,991.3500000000004,11367.820000000002,11370.72,2.899999999997817,2.899999999997817,5236,5235.0,71.10266159695817,0.0005539637058257531,-0.00020792316927173215,0.0027183318331720618
febb4411,11695.84,12615.16,919.3199999999997,12613.23,12605.240000000002,-7.989999999997963,7.989999999997963,4247,4246.0,67.6812749003984,-0.0018817710786617906,0.01811860744288904,0.013646024602444542
fef8af96,10499.9,11043.2,543.3000000000011,11042.3,10954.44,-87.85999999999876,87.85999999999876,3826,3825.0,75.4932912391476,-0.022969934640522553,0.02225498199276716,0.025529852985294123
ff0aea78,10974.36,11760.08,785.7199999999993,11721.43,11743.5,22.06999999999971,22.06999999999971,3261,3260.0,65.53456591639872,0.006769938650306659,-0.02465066026412272,-0.02876639663967101
ff8bb73a,10378.28,11227.820000000002,849.5400000000009,11211.820000000002,11212.0,0.17999999999847205,0.17999999999847205,5927,5926.0,77.27509778357235,3.0374620316988196e-05,-0.0039020408163454217,0.00022886288628842143
ffefef30,11987.96,12772.06,784.1000000000004,12762.570000000002,12753.27,-9.300000000001091,9.300000000001091,4570,4569.0,71.17271453044697,-0.0020354563361788336,0.014340936374574183,0.013310171017110977
