Well_ID,Typewell_Rows,Horizontal_Rows,Known_Rows,Prediction_Rows,Prediction_Percentage,Prediction_Start_MD,Last_Known_MD,Last_Known_TVT,Final_TVT,Delta_TVT_LastKnown_to_Final,Abs_Delta_TVT,Prediction_Horizon_MD,TVT_Change_Per_MD,Clean_Prediction_Boundary,Unexpected_Internal_Gaps,TVT_Input_Matches_TVT,MD_Min,MD_Max,Median_MD_Step,MD_Is_Monotonic,X_Min,X_Max,Y_Min,Y_Max,Z_Min,Z_Max,Typewell_TVT_Min,Typewell_TVT_Max,Typewell_TVT_Range,Typewell_GR_Min,Typewell_GR_Max,Median_Typewell_TVT_Step,Typewell_TVT_Is_Monotonic,Horizontal_TVT_Min,Horizontal_TVT_Max,Horizontal_TVT_Range,Pred_Region_TVT_Min,Pred_Region_TVT_Max,Coverage_Lower_Margin,Coverage_Upper_Margin,Pred_Coverage_Lower_Margin,Pred_Coverage_Upper_Margin,Typewell_Covers_Horizontal_TVT,Typewell_Covers_Prediction_TVT,Coverage_Category,GR_Missing_Percentage,Prediction_GR_Missing_Percentage,Longest_GR_Missing_Run,Geology_Missing_Percentage,Formation_Missing_Percentage,Z_TVT_Correlation,GR_TVT_Correlation,Prefix_Slope_Last_10,Prefix_Slope_Last_50,Prefix_Slope_Last_100,Typewell_Duplicate_Rows,Horizontal_Duplicate_Rows
000d7d20,1296,5278,1442,3836,72.67904509283821,12909.0,12908.0,11747.37,11737.31,-10.06000000000131,10.06000000000131,3835.0,-0.002623207301173744,True,False,True,11467.0,16744.0,1.0,True,2983468.41,2983578.28,1069022.09,1074040.56,-9755.61,-9258.57,11223.95,11871.45,647.5,28.66,158.17999999999998,0.5,True,11236.02,11756.12,520.1000000000004,11734.83,11750.03,12.069999999999709,115.32999999999993,510.8799999999992,121.42000000000007,True,True,complete,42.78135657446002,47.340980187695514,19,23.070987654320987,0.0,-0.9176984519483595,0.0011208309909164387,0.011272727272976608,0.016695318127218976,0.01247428742873353,0,0
00bbac68,1946,7559,1545,6014,79.56078846408255,13123.0,13122.0,12223.54,12216.8,-6.740000000001601,6.740000000001601,6013.0,-0.0011209047064695827,True,False,True,11578.0,19136.0,1.0,True,3005789.15,3010760.08,1084504.44,1089521.36,-10182.58,-9436.36,11394.45,12366.95,972.5,31.86,215.44,0.5,True,11406.63,12240.01,833.380000000001,12189.820000000002,12240.01,12.179999999998472,126.94000000000051,795.3700000000008,126.94000000000051,True,True,complete,12.461965868501125,13.834386431659462,8,47.3792394655704,0.0,-0.9076498684498955,-0.24204087163850124,0.017030303030192522,0.01306794717891345,0.007589918991898677,0,0
00e12e8b,2556,6384,2083,4301,67.37155388471177,12539.0,12538.0,11604.820000000002,11596.37,-8.450000000000728,8.450000000000728,4300.0,-0.0019651162790699367,True,False,True,10456.0,16839.0,1.0,True,2967726.49,2971071.98,1060431.23,1065106.5,-9338.34,-8356.04,10593.95,11871.45,1277.5,28.66,195.42,0.5,True,10606.18,11616.64,1010.4599999999991,11587.05,11616.64,12.229999999999563,254.8100000000013,993.0999999999985,254.8100000000013,True,True,complete,9.147869674185463,9.718670076726342,8,60.99374021909233,0.0,-0.9638614653956835,-0.7860019355286658,0.04151515151549554,0.04213589435777754,0.03671479147915616,0,0
015fe0d2,1265,5950,1654,4296,72.2016806722689,13488.0,13487.0,12233.78,12257.76,23.979999999999563,23.979999999999563,4295.0,0.00558323632130374,True,False,True,11834.0,17783.0,1.0,True,2998620.5,3002003.09,1073179.45,1077773.53,-10231.85,-9537.66,11734.95,12366.95,632.0,31.86,215.44,0.5,True,11747.26,12271.53,524.2700000000004,12232.92,12271.53,12.30999999999949,95.42000000000007,497.96999999999935,95.42000000000007,True,True,complete,25.428571428571427,32.02979515828678,9,19.051383399209488,0.0,-0.928339441859033,0.2036920835535086,0.029454545454482332,0.02988763505400674,0.0258812481248351,0,0
01869cd4,1052,6850,1293,5557,81.12408759124088,12549.0,12548.0,11745.94,11749.39,3.4499999999989086,3.4499999999989086,5556.0,0.0006209503239738857,True,False,True,11256.0,18105.0,1.0,True,2971669.4,2975650.09,1063180.31,1068509.12,-9643.35,-8961.39,11345.95,11871.45,525.5,28.66,145.20999999999998,0.5,True,11358.27,11767.75,409.47999999999956,11728.75,11767.75,12.319999999999709,103.70000000000073,382.7999999999993,103.70000000000073,True,True,complete,47.70802919708029,51.12470757603024,14,5.228136882129278,0.0,-0.8799740735409246,0.06509061526736984,0.0009696969700621414,0.008511884753948594,0.014921512151226122,0,0
01982c1d,2213,5587,1646,3941,70.538750671201,11667.0,11666.0,10694.08,10682.86,-11.219999999999345,11.219999999999345,3940.0,-0.002847715736040443,True,False,True,10021.0,15607.0,1.0,True,2994734.18,2996249.89,1121978.97,1126836.24,-8630.69,-7911.91,9915.37,11021.27,1105.8999999999996,30.96,207.46,0.5,True,9927.92,10700.87,772.9500000000007,10682.86,10700.87,12.549999999999272,320.39999999999964,767.4899999999998,320.39999999999964,True,True,complete,15.142294612493288,15.808170515097691,11,47.537279710799815,0.0,-0.9290169068755212,-0.8618351515887,0.02496969697014126,0.022317406962783427,0.01876141614161784,0,0
028d7b28,1774,7761,1527,6234,80.32470042520293,13424.0,13423.0,12427.92,12428.78,0.8600000000005821,0.8600000000005821,6233.0,0.00013797529279649962,True,False,True,11897.0,19657.0,1.0,True,3005520.61,3009836.04,1066661.73,1072695.03,-10472.41,-9632.68,11862.45,12748.95,886.5,29.71,233.85,0.5,True,11874.64,12437.08,562.4400000000005,12410.84,12437.08,12.18999999999869,311.8700000000008,548.3899999999994,311.8700000000008,True,True,complete,21.788429326117768,23.307667629130574,7,39.00789177001127,0.0,-0.8171212651938295,-0.5148343418974739,0.023030303030834667,0.029426650660297638,0.03631509150913843,0,0
02e7fe5a,1006,6888,1780,5108,74.15795586527294,13255.0,13254.0,12178.98,12197.91,18.93000000000029,18.93000000000029,5107.0,0.0037066771098492836,True,False,True,11475.0,18362.0,1.0,True,2985890.9,2985960.87,1058610.08,1064948.05,-10035.68,-9229.89,11782.62,12285.1,502.47999999999956,26.77,120.06,0.5,True,11356.13,12199.39,843.2600000000002,12175.21,12199.39,-426.4900000000016,85.71000000000095,392.5899999999983,85.71000000000095,False,True,complete,57.9849012775842,63.664839467501956,21,1.0934393638170974,0.0,-0.9725847337498847,-0.538132695857931,0.033454545454045935,0.03466698679466722,0.03606090609059697,0,0
0390d174,1709,6101,1690,4411,72.29962301262088,12048.0,12047.0,10620.96,10618.87,-2.0899999999983265,2.0899999999983265,4410.0,-0.0004739229024939516,True,False,True,10358.0,16458.0,1.0,True,2999862.38,3001908.43,1122743.7,1128190.32,-8839.7,-8105.309999999999,10102.6,10956.570000000002,853.9700000000012,22.9,177.14999999999998,0.5,True,10114.85,10639.09,524.2399999999998,10607.69,10639.09,12.25,317.4800000000014,505.09000000000015,317.4800000000014,True,True,complete,47.95935092607769,49.78462933575153,23,31.36337039204213,0.0,-0.8956407629413595,-0.8666349274201759,0.022545454545601362,0.02598175270102182,0.027324032403259632,0,0
03a935ae,1616,4430,1644,2786,62.88939051918736,13952.0,13951.0,12792.17,12742.570000000002,-49.599999999998545,49.599999999998545,2785.0,-0.017809694793536283,True,False,True,12308.0,16737.0,1.0,True,3032648.63,3036280.49,1087844.62,1089694.83,-10780.86,-10154.55,12179.95,12987.45,807.5,21.06,214.25,0.5,True,12192.18,12837.98,645.7999999999993,12738.58,12792.15,12.229999999999563,149.47000000000116,558.6299999999992,195.3000000000011,True,True,complete,3.9503386004514676,4.0559942569992815,3,49.81435643564357,16.666666666666664,-0.9657639965656768,-0.1483413382819877,-0.019999999999961045,-0.019527010804288755,-0.02025946594659102,0,0
044af7d1,1503,6067,1548,4519,74.48491841107632,12988.0,12987.0,11850.28,11857.15,6.869999999998981,6.869999999998981,4518.0,0.001520584329349044,True,False,True,11440.0,17506.0,1.0,True,3009755.45,3010003.63,1105274.94,1111006.23,-9929.66,-9182.07,11300.9,12051.84,750.9400000000005,32.93,238.11,0.5,True,11313.18,11870.04,556.8600000000006,11846.820000000002,11870.04,12.280000000000655,181.79999999999927,545.9200000000019,181.79999999999927,True,True,complete,60.59007746827098,65.89953529541934,19,19.960079840319363,0.0,-0.9434894279575355,0.04560455849647761,0.0585454545453581,0.03770756302516821,0.04050939093909738,0,0
0498acab,1914,6432,1634,4798,74.59577114427861,12544.0,12543.0,11400.71,11394.11,-6.599999999998545,6.599999999998545,4797.0,-0.001375859912444975,True,False,True,10910.0,17341.0,1.0,True,2990506.76,2992765.47,1090272.49,1095706.71,-9535.32,-8611.0,10638.42,11594.55,956.1299999999992,27.21,224.46,0.5,True,10650.9,11416.25,765.3500000000004,11393.85,11416.25,12.479999999999563,178.29999999999927,755.4300000000003,178.29999999999927,True,True,complete,45.77114427860697,47.45727386411004,27,35.318704284221525,0.0,-0.9625149734504114,-0.32682967191809814,0.05345454545521526,0.05598559423768276,0.052431443144319204,0,0
052d64df,2170,4590,2145,2445,53.26797385620915,12540.0,12539.0,11440.240000000002,11449.85,9.609999999998763,9.609999999998763,2444.0,0.003932078559737628,True,False,True,10395.0,14984.0,1.0,True,2978492.02,2981035.84,1097598.24,1100711.09,-9068.01,-8172.25,10510.42,11594.55,1084.1299999999992,27.21,224.46,0.5,True,10522.89,11456.35,933.460000000001,11431.5,11456.35,12.469999999999345,138.1999999999989,921.0799999999999,138.1999999999989,True,True,complete,25.359477124183005,27.52556237218814,10,42.94930875576037,0.0,-0.9842278545622485,-0.3881547705481268,-0.0024242424235154224,-0.002905162064763656,-0.0019792379237891697,0,0
05948241,1900,5428,1549,3879,71.46278555637436,11771.0,11770.0,10837.56,10841.42,3.860000000000582,3.860000000000582,3878.0,0.000995358432181687,True,False,True,10222.0,15649.0,1.0,True,2955879.14,2959047.81,1087249.09,1090976.43,-8696.47,-7940.34,10014.47,10963.71,949.2399999999998,24.5,198.91,0.5,True,10026.56,10841.42,814.8600000000006,10826.41,10841.42,12.090000000000146,122.28999999999905,811.9400000000005,122.28999999999905,True,True,complete,54.77155490051584,59.86078886310905,17,40.94736842105263,0.0,-0.9301730123662808,-0.3999235886849467,-0.03375757575792383,-0.022934933973614118,-0.0075858385838599275,0,0
059c8f24,1634,7998,1740,6258,78.24456114028507,11571.0,11570.0,10300.070000000002,10326.13,26.05999999999767,26.05999999999767,6257.0,0.004164935272494434,True,False,True,9831.0,17828.0,1.0,True,2913069.21,2918081.05,1061262.71,1066811.04,-8599.38,-7543.459999999999,9544.45,10362.45,818.0,19.08,195.58,0.5,True,9556.52,10326.13,769.6099999999988,10294.81,10326.13,12.069999999999709,36.32000000000153,750.3599999999988,36.32000000000153,True,True,complete,40.77269317329332,43.528283796740176,28,29.069767441860467,0.0,-0.9019257109614868,-0.19477552844790452,0.03484848484889772,0.033811284513796225,0.031722172217222025,0,0
05a0ee4d,1843,6098,1750,4348,71.30206625122992,12720.0,12719.0,11927.5,11895.8,-31.700000000000728,31.700000000000728,4347.0,-0.0072923855532552855,True,False,True,10970.0,17067.0,1.0,True,2992517.01,2994585.45,1100501.81,1105683.34,-9482.16,-8728.84,11130.9,12051.84,920.9400000000005,32.93,238.11,0.5,True,11142.98,11929.08,786.1000000000004,11887.87,11929.08,12.079999999999927,122.76000000000022,756.9700000000012,122.76000000000022,True,True,complete,32.076090521482456,35.970561177552895,14,34.725990233315244,0.0,-0.8891836018839747,-0.347409599038878,0.03127272727274901,0.024620408163219774,0.020428742874297877,0,0
060ab2b8,1082,7818,1560,6258,80.04604758250193,11948.0,11947.0,10950.59,10965.76,15.170000000000073,15.170000000000073,6257.0,0.0024244845772734653,True,False,True,10388.0,18205.0,1.0,True,2896319.2,2901028.92,1025943.05,1031472.81,-9202.74,-8346.62,9997.22,11077.56,1080.3400000000001,23.92,192.06,1.0,True,10009.16,10970.71,961.5499999999993,10943.63,10970.71,11.94000000000051,106.85000000000036,946.4099999999999,106.85000000000036,True,True,complete,56.74085443847532,57.494407158836694,17,0.0,0.0,-0.9366789473553976,-0.34765725850982365,0.013272727272539744,0.011305162064818587,0.01651875187519646,0,0
06df5958,1234,5039,1530,3509,69.63683270490176,12302.0,12301.0,11338.8,11342.320000000002,3.5200000000022555,3.5200000000022555,3508.0,0.0010034207525662074,True,False,True,10772.0,15810.0,1.0,True,2903605.04,2906775.06,1023595.71,1027075.94,-9472.13,-8731.06,10755.95,11372.45,616.5,29.9,231.0,0.5,True,10768.09,11343.09,575.0,11332.240000000002,11343.09,12.139999999999418,29.360000000000582,576.2900000000009,29.360000000000582,True,True,complete,15.677713832109546,18.922770019948704,4,20.583468395461914,0.0,-0.9497702784631131,-0.23517633286347706,2.1738521444085497e-13,0.0025675870347814556,0.027739633963385246,0,0
071d7b45,1088,4720,1509,3211,68.02966101694915,11892.0,11891.0,10530.11,10543.27,13.159999999999854,13.159999999999854,3210.0,0.004099688473520204,True,False,True,10383.0,15102.0,1.0,True,2944000.39,2947003.8,1077503.74,1080957.59,-8561.95,-8188.559999999999,10125.070000000002,10668.02,542.9499999999989,24.39,141.2,0.5,True,10128.63,10553.96,425.3299999999999,10530.15,10553.96,3.5599999999976717,114.06000000000131,405.0799999999981,114.06000000000131,True,True,complete,15.550847457627118,15.384615384615385,6,0.0,0.0,-0.6494346191464738,0.1376167361537708,0.03775757575810621,0.036494597839153785,0.04367452745273881,0,0
0849b4e2,2288,7436,1899,5537,74.46207638515331,12981.0,12980.0,11944.08,11911.05,-33.030000000000655,33.030000000000655,5536.0,-0.005966401734104164,True,False,True,11082.0,18517.0,1.0,True,3021164.43,3021865.8,1112421.72,1119203.61,-9972.42,-8911.6,11038.45,12181.95,1143.5,34.4,157.26,0.5,True,11050.65,11951.15,900.5,11908.15,11951.15,12.199999999998909,230.8000000000011,869.6999999999989,230.8000000000011,True,True,complete,22.807961269499728,24.99548491963157,10,46.80944055944056,0.0,-0.96534809289282,-0.5642164290419487,-0.0073939393941406415,-0.008883553421315929,-0.010972397239735367,0,0
084d66f9,2060,5632,1747,3885,68.98082386363636,11972.0,11971.0,11007.070000000002,10983.47,-23.600000000002183,23.600000000002183,3884.0,-0.0060762100926885125,True,False,True,10225.0,15856.0,1.0,True,2929601.31,2932964.64,1052915.76,1056686.42,-9059.5,-8085.25,10115.96,11145.28,1029.3200000000015,23.41,153.88,0.5,True,10128.06,11028.1,900.0400000000009,10983.47,11028.1,12.100000000000364,117.18000000000029,867.5100000000002,117.18000000000029,True,True,complete,60.03196022727273,64.63320463320463,20,43.203883495145625,0.0,-0.9776481053543343,-0.5102597951362031,0.007030303030472418,0.0016187274910060207,-0.001077047704777364,0,0
08fecf00,4437,7405,1831,5574,75.27346387575962,12985.0,12984.0,12148.1,12140.66,-7.440000000000509,7.440000000000509,5573.0,-0.0013350080746457043,True,False,True,11154.0,18558.0,1.0,True,3021653.52,3022185.74,1112483.96,1119258.26,-10002.14,-8939.09,11217.12,12325.65,1108.5299999999988,26.38,179.08999999999995,0.25,True,11229.55,12155.05,925.5,12139.070000000002,12155.05,12.429999999998472,170.60000000000036,921.9500000000007,170.60000000000036,True,True,complete,24.307900067521945,28.238249013275922,10,48.636466080685146,0.0,-0.9708679038878211,-0.6803448851971481,-0.009999999999576887,-0.010206002401037044,-0.010514731473151141,0,0
09053135,1856,7715,1808,5907,76.5651328580687,12790.0,12789.0,11461.63,11472.69,11.06000000000131,11.06000000000131,5906.0,0.001872671859126534,True,False,True,10982.0,18696.0,1.0,True,2989779.85,2992322.2,1082598.81,1089333.48,-9726.56,-8737.92,10664.45,11591.95,927.5,25.9,145.91,0.5,True,10676.97,11486.67,809.7000000000007,11460.990000000002,11486.67,12.519999999998618,105.28000000000065,796.5400000000009,105.28000000000065,True,True,complete,37.17433570965652,42.18723548332487,24,37.5,0.0,-0.9489443383266474,-0.3901104079959723,-0.011454545454479747,-0.013084753901540994,-0.010052025202523698,0,0
09441b8d,2055,7395,1907,5488,74.21230561189994,12294.0,12293.0,11212.2,11205.33,-6.8700000000008,6.8700000000008,5487.0,-0.0012520503007109169,True,False,True,10387.0,17781.0,1.0,True,2903888.74,2908308.81,1038444.9,1043612.09,-9084.04,-8216.46,10339.45,11366.45,1027.0,22.82,168.04,0.5,True,10351.68,11219.51,867.8299999999999,11178.02,11212.75,12.229999999999563,146.9400000000005,838.5699999999997,153.70000000000073,True,True,complete,13.252197430696416,11.716472303206997,114,41.216545012165454,0.0,-0.9091184169870141,-0.1397268718194014,0.006545454545764696,0.007998559423741865,0.005576897689782874,0,0
0955cd6c,3602,7125,1930,5195,72.91228070175438,13374.0,13373.0,12184.63,12173.79,-10.839999999998327,10.839999999998327,5194.0,-0.002087023488640417,True,False,True,11444.0,18568.0,1.0,True,3026919.29,3026971.01,1115112.86,1121768.96,-10153.8,-9253.19,11425.84,12325.65,899.8099999999995,26.38,168.11,0.25,True,11438.21,12190.06,751.8500000000004,12169.98,12190.06,12.369999999998981,135.59000000000015,744.1399999999994,135.59000000000015,True,True,complete,58.07719298245614,64.54282964388835,22,36.729594669627986,0.0,-0.9575203125613985,0.00629682936520649,0.0005454545448782883,0.0007577430972200667,-0.0025811581158057314,0,0
09ec2ca9,1784,7824,1939,5885,75.21728016359918,12409.0,12408.0,11053.11,11042.63,-10.480000000001382,10.480000000001382,5884.0,-0.0017811012916385761,True,False,True,10470.0,18293.0,1.0,True,3004554.56,3004835.07,1122895.6,1130196.55,-9129.28,-8350.77,10230.95,11122.45,891.5,38.91,273.82,0.5,True,10243.31,11059.02,815.710000000001,11039.46,11059.02,12.359999999998763,63.43000000000029,808.5099999999984,63.43000000000029,True,True,complete,51.34202453987729,56.04078164825829,18,36.827354260089685,0.0,-0.9075669070989324,-0.3291875871551412,0.026000000000175785,0.025320048019236156,0.015966576657675546,0,0
0a57a29c,1395,7194,1373,5821,80.91465109813734,12085.0,12084.0,11195.4,11210.09,14.69000000000051,14.69000000000051,5820.0,0.0025240549828179568,True,False,True,10712.0,17905.0,1.0,True,2899359.54,2903864.38,1030782.87,1036013.26,-9163.22,-8669.51,10669.45,11366.45,697.0,22.82,168.04,0.5,True,10681.71,11210.09,528.380000000001,11187.76,11210.09,12.2599999999984,156.36000000000058,518.3099999999995,156.36000000000058,True,True,complete,49.61078676675007,52.99776670675141,18,13.405017921146953,0.0,-0.6286924477169282,0.1040766651731206,-0.005757575758108222,-0.014446578631453759,-0.015858085808586095,0,0
0bbf5e67,1609,6031,1733,4298,71.26513016083568,11953.0,11952.0,10947.13,10926.23,-20.899999999999636,20.899999999999636,4297.0,-0.004863858505934288,True,False,True,10220.0,16250.0,1.0,True,2897725.21,2901254.56,1032191.64,1036367.41,-9088.65,-8187.030000000001,10167.95,10971.95,804.0,31.8,198.4,0.5,True,10180.13,10972.06,791.9300000000003,10915.93,10947.06,12.179999999998472,-0.10999999999876309,747.9799999999996,24.890000000001237,False,True,complete,50.00829049908805,52.74546300604932,22,40.1491609695463,0.0,-0.9661093285750479,-0.3196283684545402,-0.06854545454504431,-0.068655462184885,-0.0687423942394254,0,0
0be01c24,2003,6385,1647,4738,74.2051683633516,12441.0,12440.0,11306.28,11312.86,6.579999999999927,6.579999999999927,4737.0,0.0013890648089507974,True,False,True,10794.0,17178.0,1.0,True,3006483.95,3007171.91,1110893.28,1116759.59,-9568.39,-8650.31,10536.92,11537.41,1000.4899999999998,28.58,224.14,0.5,True,10548.98,11322.65,773.6700000000001,11301.68,11322.65,12.05999999999949,214.76000000000022,764.7600000000002,214.76000000000022,True,True,complete,3.837118245888802,3.5035880118193328,2,39.69046430354468,0.0,-0.94946164010955,-0.6229435037420358,0.013454545454688232,0.011075150060022116,0.0006737473747350408,0,0
0c1b160c,1464,6714,1660,5054,75.2755436401549,12102.0,12101.0,11159.320000000002,11153.72,-5.600000000002183,5.600000000002183,5053.0,-0.0011082525232539448,True,False,True,10442.0,17155.0,1.0,True,2970655.7,2974809.23,1090177.05,1094893.7,-9040.79,-8236.55,10580.03,11311.5,731.4699999999993,33.05,256.22,0.5,True,10592.33,11180.9,588.5699999999997,11153.72,11180.9,12.299999999999272,130.60000000000036,573.6899999999987,130.60000000000036,True,True,complete,51.26601131963062,52.097348634744755,16,19.672131147540984,0.0,-0.9270351672748782,-0.059320191616878695,-0.0034545454541549617,-0.005382472989221768,-0.006899009900999346,0,0
0d99f8e4,1459,7522,1699,5823,77.41292209518745,12133.0,12132.0,11199.34,11188.66,-10.680000000000291,10.680000000000291,5822.0,-0.0018344211611130696,True,False,True,10434.0,17955.0,1.0,True,2893691.37,2898357.99,1031287.87,1036798.5,-9018.87,-8275.47,10637.45,11366.45,729.0,22.82,168.04,0.5,True,10649.92,11203.73,553.8099999999995,11180.96,11203.73,12.469999999999345,162.72000000000116,543.5099999999984,162.72000000000116,True,True,complete,50.58495081095453,53.99278722308088,12,17.20356408498972,0.0,-0.8869652612203605,0.016352647503198547,0.013454545454275883,0.007928451380584867,-0.000675487548776941,0,0
0dc5e64d,1573,6191,1312,4879,78.80794701986756,12104.0,12103.0,10861.64,10915.05,53.409999999999854,53.409999999999854,4878.0,0.010949159491594886,True,False,True,10792.0,16982.0,1.0,True,3011083.23,3015095.45,1119880.25,1124184.88,-9535.45,-8694.01,10336.45,11122.45,786.0,38.91,273.82,0.5,True,10348.58,10915.05,566.4699999999993,10849.09,10915.05,12.1299999999992,207.40000000000146,512.6399999999994,207.40000000000146,True,True,complete,1.1145210789856244,1.1477761836441895,2,28.35346471710108,0.0,-0.9001447394290848,-0.5650024202405554,0.008545454545524078,0.006710204081670127,-0.018922172217213463,0,0
0dc835f3,1194,5279,851,4428,83.87952263686304,11509.0,11508.0,10687.83,10668.34,-19.48999999999978,19.48999999999978,4427.0,-0.0044025299299751035,True,False,True,10658.0,15936.0,1.0,True,2993184.97,2994854.75,1121984.78,1126934.8,-8580.67,-8368.09,10424.81,11021.27,596.460000000001,30.96,183.96,0.5,True,10437.3,10694.58,257.28000000000065,10668.34,10694.58,12.489999999999782,326.6900000000005,243.53000000000065,326.6900000000005,True,True,complete,3.5991665088084863,3.342366757000903,4,2.763819095477387,0.0,-0.1533124709691333,-0.2786145541239412,0.021454545454547384,0.020979111644681626,0.021971017101712943,0,0
0dd99dc5,1992,9182,1840,7342,79.96079285558702,13715.0,13714.0,12581.48,12581.22,-0.2600000000002183,0.2600000000002183,7341.0,-3.541751804934182e-05,True,False,True,11875.0,21056.0,1.0,True,3004595.84,3008856.68,1074084.5,1081607.67,-10384.41,-9588.95,11753.45,12748.95,995.5,29.71,233.85,0.5,True,11765.77,12601.48,835.7099999999991,12572.14,12601.48,12.319999999999709,147.47000000000116,818.6899999999987,147.47000000000116,True,True,complete,47.08124591592246,47.6436938163988,119,45.682730923694784,0.0,-0.770973829468868,-0.3447775837095043,0.03327272727299612,0.030245858343288558,0.027678247824760457,0,0
0e5e560d,1833,4896,1643,3253,66.44199346405229,12208.0,12207.0,11012.59,11005.86,-6.729999999999563,6.729999999999563,3252.0,-0.0020694956949568154,True,False,True,10565.0,15460.0,1.0,True,3010092.88,3010144.97,1128343.29,1132722.58,-9169.82,-8401.38,10206.45,11122.45,916.0,38.91,273.82,0.5,True,10218.990000000002,11029.34,810.3499999999985,11004.41,11029.34,12.540000000000873,93.11000000000058,797.9599999999991,93.11000000000058,True,True,complete,24.65277777777778,28.46603135567169,16,38.51609383524277,0.0,-0.9599342481166175,-0.11385583142478022,0.04727272727298544,0.04043313325330994,0.028979717971799764,0,0
109d9d70,2992,5851,1636,4215,72.03896769782942,13642.0,13641.0,12228.18,12250.89,22.709999999999127,22.709999999999127,4214.0,0.0053891789273847,True,False,True,12006.0,17856.0,1.0,True,3018415.45,3022021.13,1104837.17,1108984.08,-10339.06,-9734.32,11578.33,12325.65,747.3199999999997,26.38,168.11,0.25,True,11590.81,12250.89,660.0799999999999,12216.48,12250.89,12.479999999999563,74.76000000000022,638.1499999999996,74.76000000000022,True,True,complete,37.17313279781234,41.32858837485172,18,23.830213903743317,0.0,-0.8072169763453372,-0.002492433142060554,-0.012424242424289689,-0.011142376950808244,-0.008632343234314619,0,0
10a1281a,1896,7353,1744,5609,76.28178974568203,12341.0,12340.0,11257.52,11262.34,4.819999999999709,4.819999999999709,5608.0,0.0008594864479314745,True,False,True,10597.0,17949.0,1.0,True,2899861.89,2904336.64,1026905.39,1032123.51,-9266.04,-8553.16,10418.95,11366.45,947.5,22.82,168.04,0.5,True,10431.22,11265.570000000002,834.3500000000022,11255.63,11265.570000000002,12.269999999998618,100.8799999999992,836.6799999999985,100.8799999999992,True,True,complete,4.7599619203046375,4.278837582456766,52,36.28691983122363,0.0,-0.8084029868130718,-0.2706388737573108,0.013757575757405147,0.015869387755045414,0.014636363636350425,0,0
10b89021,1006,7166,1752,5414,75.55121406642479,13176.0,13175.0,12141.92,12137.59,-4.329999999999927,4.329999999999927,5413.0,-0.0007999261038241137,True,False,True,11424.0,18589.0,1.0,True,2983557.41,2984522.56,1055772.0,1062243.77,-10055.35,-9234.76,11782.62,12285.1,502.47999999999956,26.77,120.06,0.5,True,11311.08,12161.18,850.1000000000004,12123.06,12141.92,-471.5400000000009,123.92000000000007,340.4399999999987,143.1800000000003,False,True,complete,50.60005581914597,57.33284078315478,48,1.0934393638170974,0.0,-0.925348797751362,-0.31790128532707357,-0.012303030303123545,-0.018833133253300566,-0.016900210020989886,0,0
10be2420,2012,5203,1932,3271,62.8675763982318,11918.0,11917.0,10823.21,10803.54,-19.669999999998254,19.669999999998254,3270.0,-0.006015290519877142,True,False,True,9986.0,15188.0,1.0,True,2951819.58,2954845.63,1083945.85,1087527.03,-8621.78,-7821.02,9958.47,10963.71,1005.2399999999998,24.5,198.91,0.5,True,9970.88,10824.63,853.75,10802.02,10823.88,12.409999999999854,139.07999999999993,843.5500000000011,139.82999999999993,True,True,complete,46.876801845089375,51.66615713848975,23,44.23459244532803,0.0,-0.9345797146515601,-0.34403418139861663,-0.012545454546033787,-0.013750780312146455,-0.014026882688272305,0,0
113011eb,1196,4561,1289,3272,71.73865380399035,13383.0,13382.0,12534.83,12534.73,-0.1000000000003638,0.1000000000003638,3271.0,-3.05716906146022e-05,True,False,True,12094.0,16654.0,1.0,True,3002206.61,3004824.0,1069380.49,1072892.35,-10356.2,-9808.91,12151.45,12748.95,597.5,29.71,233.85,0.5,True,12163.79,12548.58,384.78999999999905,12528.02,12548.58,12.340000000000146,200.3700000000008,376.5699999999997,200.3700000000008,True,True,complete,47.796535847401884,50.30562347188264,13,9.531772575250837,0.0,-0.8776884330386099,0.0887803946099874,0.008727272727346814,0.006729411764689404,0.004361716171615127,0,0
1131525f,1241,5548,1389,4159,74.96395097332372,12105.0,12104.0,11290.35,11313.39,23.039999999999054,23.039999999999054,4158.0,0.005541125541125314,True,False,True,10716.0,16263.0,1.0,True,2901513.56,2905062.8,1022434.37,1026300.68,-9362.26,-8678.08,10752.45,11372.45,620.0,29.9,231.0,0.5,True,10764.52,11313.4,548.8799999999992,11290.39,11313.4,12.069999999999709,59.05000000000109,537.9399999999987,59.05000000000109,True,True,complete,31.542898341744774,35.393123346958404,10,21.031426269137793,0.0,-0.9711441043919595,0.03788019082369166,0.03696969696956813,0.035738295318199116,0.03931689168917364,0,0
11d0f5ac,695,6378,1495,4883,76.56005017246785,11932.0,11931.0,10917.26,10939.87,22.610000000000582,22.610000000000582,4882.0,0.0046312986480951624,True,False,True,10437.0,16814.0,1.0,True,2887424.28,2891720.37,1028545.97,1032898.39,-8855.08,-8357.87,10384.02,11077.56,693.539999999999,23.92,192.06,1.0,True,10396.33,10945.1,548.7700000000004,10916.34,10945.1,12.30999999999949,132.45999999999913,532.3199999999997,132.45999999999913,True,True,complete,37.31577296958294,40.405488429244315,12,0.0,0.0,-0.7429735078191034,-0.09162768168556268,-0.022424242424637187,-0.012355822328967401,-0.0049604560456076125,0,0
12203f2a,1940,4991,1730,3261,65.33760769384894,12854.0,12853.0,12031.41,12028.820000000002,-2.5899999999983265,2.5899999999983265,3260.0,-0.0007944785276068487,True,False,True,11124.0,16114.0,1.0,True,3013788.78,3014909.2,1114046.56,1118354.92,-9772.58,-9000.59,11212.45,12181.95,969.5,34.4,156.51999999999998,0.5,True,11224.52,12032.5,807.9799999999996,12010.64,12031.56,12.069999999999709,149.45000000000073,798.1899999999987,150.39000000000124,True,True,complete,25.92666800240433,29.101502606562402,6,37.2680412371134,0.0,-0.9488018652260635,-0.0863705273871609,-0.007454545454978832,-0.0111183673469527,-0.010544314431446631,0,0
122bd617,2363,6408,1838,4570,71.31710362047441,11785.0,11784.0,10813.01,10822.5,9.489999999999782,9.489999999999782,4569.0,0.0020770409279929486,True,False,True,9947.0,16354.0,1.0,True,2955566.98,2959345.81,1086328.08,1090736.67,-8684.18,-7781.26,9782.98,10963.71,1180.7299999999996,24.5,198.91,0.5,True,9795.14,10835.84,1040.7000000000007,10795.66,10835.84,12.159999999999854,127.86999999999898,1012.6800000000003,127.86999999999898,True,True,complete,29.33832709113608,30.45951859956236,53,52.51798561151079,0.0,-0.9480754843431328,-0.47616282615581523,0.022545454544921708,0.024107082833111457,0.026090849084881775,0,0
125be846,1426,8033,1523,6510,81.04070708328146,12227.0,12226.0,11459.09,11436.79,-22.299999999999272,22.299999999999272,6509.0,-0.0034260255031493734,True,False,True,10704.0,18736.0,1.0,True,2978794.65,2983834.67,1103635.58,1109414.62,-9051.8,-8481.69,10882.39,11594.55,712.1599999999999,27.21,224.46,0.5,True,10894.61,11470.87,576.2600000000002,11432.04,11459.08,12.220000000001164,123.67999999999847,549.6500000000015,135.46999999999935,True,True,complete,24.12548238516121,27.58832565284178,9,13.183730715287517,0.0,-0.6240924582778526,-0.1496180036167012,-0.007454545454292333,-0.007027611044458304,-0.01042022202221026,0,0
1285a37b,2011,7403,1806,5597,75.60448466837768,13812.0,13811.0,12755.8,12751.61,-4.18999999999869,4.18999999999869,5596.0,-0.0007487491065044121,True,False,True,12006.0,19408.0,1.0,True,3013034.56,3016347.95,1080454.45,1086497.92,-10532.78,-9736.58,11868.45,12873.45,1005.0,34.36,207.01,0.5,True,11880.83,12760.31,879.4799999999996,12745.38,12756.11,12.3799999999992,113.14000000000124,876.9299999999985,117.34000000000015,True,True,complete,3.8362825881399436,4.18081114882973,4,46.79264047737444,0.0,-0.8888973444522755,-0.5326220463738187,0.007757575757403388,0.009461224489800357,0.00909648964895089,0,0
1295a25b,1336,7037,1486,5551,78.88304675287765,12548.0,12547.0,11752.77,11746.05,-6.720000000001164,6.720000000001164,5550.0,-0.0012108108108110206,True,False,True,11062.0,18098.0,1.0,True,2971697.45,2975680.97,1061972.63,1067333.01,-9662.57,-8886.31,11203.95,11871.45,667.5,28.66,158.17999999999998,0.5,True,11216.43,11771.84,555.4099999999999,11739.61,11771.84,12.479999999999563,99.61000000000058,535.6599999999999,99.61000000000058,True,True,complete,41.02600540002842,44.55053143577734,15,25.37425149700599,0.0,-0.8667419591181995,-0.14694747705124314,-0.03442424242356706,-0.004512845138022395,0.010314431443145618,0,0
12f0cd90,1392,7431,1484,5947,80.02960570582694,12294.0,12293.0,11394.42,11383.2,-11.219999999999345,11.219999999999345,5946.0,-0.0018869828456103844,True,False,True,10810.0,18240.0,1.0,True,2998510.38,3000573.77,1109057.27,1115872.3,-9494.82,-8583.85,10842.320000000002,11537.41,695.0899999999983,28.58,224.14,0.5,True,10854.83,11406.14,551.3099999999995,11370.97,11406.14,12.5099999999984,131.27000000000044,528.6499999999978,131.27000000000044,True,True,complete,25.999192571659265,29.140743231881622,24,13.218390804597702,0.0,-0.8004170097887,0.05436726925168153,-0.03199999999988812,-0.029310444177715767,-0.014002340234022687,0,0
137d1e44,1998,6313,1759,4554,72.1368604466973,13650.0,13649.0,12750.83,12779.11,28.280000000000655,28.280000000000655,4553.0,0.006211289259828829,True,False,True,11891.0,18203.0,1.0,True,3015325.94,3018843.68,1081989.32,1086478.6,-10572.18,-9744.64,11874.95,12873.45,998.5,34.36,207.01,0.5,True,11887.070000000002,12792.81,905.739999999998,12739.83,12792.81,12.1200000000008,80.64000000000124,864.8799999999992,80.64000000000124,True,True,complete,43.65594804371931,48.57268335529205,16,46.44644644644645,0.0,-0.9394877864817565,-0.08055194443007095,0.0314545454540692,0.030319327731125074,0.031918751875177453,0,0
13ce113d,2191,4875,1909,2966,60.84102564102564,11905.0,11904.0,11186.15,11195.79,9.640000000001237,9.640000000001237,2965.0,0.0032512647554810243,True,False,True,9996.0,14870.0,1.0,True,2895642.16,2897457.13,1040432.6,1044216.44,-8779.08,-7814.49,10271.45,11366.45,1095.0,22.82,168.04,0.5,True,10284.0,11195.79,911.7900000000009,11181.41,11195.79,12.549999999999272,170.65999999999985,909.9599999999991,170.65999999999985,True,True,complete,18.892307692307693,19.116655428186107,28,44.86535828388863,0.0,-0.9807631135329236,-0.35193188234003087,0.002727272727722634,0.004665066026355857,0.006676387638776601,0,0
13f598d9,1781,8934,1628,7306,81.7774792925901,13621.0,13620.0,12518.61,12536.69,18.079999999999927,18.079999999999927,7305.0,0.0024750171115674098,True,False,True,11993.0,20926.0,1.0,True,3004289.01,3008608.53,1074027.45,1081378.22,-10327.16,-9687.12,11858.95,12748.95,890.0,29.71,233.85,0.5,True,11871.070000000002,12544.53,673.4599999999991,12518.66,12544.53,12.1200000000008,204.42000000000007,659.7099999999991,204.42000000000007,True,True,complete,53.413924334004925,55.611825896523406,167,39.24761370016844,0.0,-0.678143653653751,-0.23229772266539966,0.05630303030247283,0.05609651860745393,0.05216561656166578,0,0
14a53cb3,1959,8780,1861,6919,78.80410022779043,12288.0,12287.0,11180.84,11192.62,11.780000000000655,11.780000000000655,6918.0,0.0017028042786933586,True,False,True,10427.0,19206.0,1.0,True,2908789.74,2914119.55,1037110.6,1043367.15,-9166.8,-8369.78,10372.33,11350.94,978.6100000000006,45.46,226.9,0.5,True,10384.42,11200.97,816.5499999999993,11180.6,11200.97,12.090000000000146,149.97000000000116,808.2700000000004,149.97000000000116,True,True,complete,12.938496583143507,13.079924844630728,11,39.66309341500766,0.0,-0.895382522728596,-0.21066287308240086,-0.01612121212118991,-0.024090756302560492,-0.03172247224722065,0,0
14ab73fb,1449,5279,1630,3649,69.12293995074825,12310.0,12309.0,11311.54,11281.2,-30.340000000000146,30.340000000000146,3648.0,-0.00831688596491232,True,False,True,10680.0,15958.0,1.0,True,2902322.15,2906129.56,1017574.9,1020657.3,-9364.32,-8701.57,10639.95,11372.45,732.5,29.9,231.0,0.5,True,10652.3,11312.62,660.3200000000015,11281.2,11311.53,12.349999999998545,59.82999999999993,641.25,60.92000000000007,True,True,complete,40.04546315590074,40.97012880241162,11,32.367149758454104,0.0,-0.9964051023936137,-0.36216728054688835,-0.006727272727804884,-0.014065786314507906,-0.01114449444944896,0,0
14ad5efb,1401,7352,1510,5842,79.4613710554951,12364.0,12363.0,11404.28,11407.68,3.399999999999636,3.399999999999636,5841.0,0.000582092107515774,True,False,True,10854.0,18205.0,1.0,True,2997226.5,2999323.97,1108584.07,1115279.51,-9486.89,-8571.63,10837.820000000002,11537.41,699.5899999999983,28.58,224.14,0.5,True,10850.09,11413.59,563.5,11388.37,11413.59,12.269999999998618,123.81999999999971,550.5499999999993,123.81999999999971,True,True,complete,17.328618063112078,20.386853817185894,19,13.77587437544611,0.0,-0.8380400352657558,0.04920864235451225,-2.3188639822707566e-13,0.0010597839136387219,0.00658277827784832,0,0
14fee784,1382,6406,1496,4910,76.64689353730877,11813.0,11812.0,10880.95,10888.44,7.489999999999782,7.489999999999782,4909.0,0.0015257689957220986,True,False,True,10317.0,16722.0,1.0,True,2990101.06,2992131.0,1121564.3,1127350.22,-8708.81,-8182.950000000001,10330.820000000002,11021.27,690.4499999999989,30.96,207.46,0.5,True,10343.29,10897.9,554.6099999999988,10845.71,10897.9,12.469999999999345,123.3700000000008,514.8899999999976,123.3700000000008,True,True,complete,55.198251639088355,60.04073319755601,25,15.991316931982633,0.0,-0.695878132930474,-0.08460474557850733,-0.008787878788031818,-0.016522448979581706,-0.018209120912087668,0,0
153552f5,2115,6498,1803,4695,72.25300092336103,13052.0,13051.0,12085.88,12078.65,-7.229999999999563,7.229999999999563,4694.0,-0.001540264167021637,True,False,True,11249.0,17746.0,1.0,True,3000232.74,3003739.07,1090107.02,1094910.92,-9794.63,-9007.35,11309.95,12366.95,1057.0,31.86,215.44,0.5,True,11322.13,12091.11,768.9800000000014,12074.11,12091.11,12.179999999998472,275.84000000000015,764.1599999999999,275.84000000000015,True,True,complete,18.75961834410588,20.78807241746539,9,51.58392434988179,0.0,-0.9202732066536226,-0.809398486056322,-0.010545454545302826,-0.018433133253326135,-0.017278247824769354,0,0
1550491d,1197,5929,1366,4563,76.9607016360263,12812.0,12811.0,11383.7,11367.5,-16.200000000000728,16.200000000000728,4562.0,-0.0035510740903114263,True,False,True,11446.0,17374.0,1.0,True,3005612.31,3005938.83,1110679.76,1116436.5,-9577.31,-9200.99,10939.79,11537.41,597.619999999999,28.58,224.14,0.5,True,10952.23,11383.94,431.71000000000095,11353.490000000002,11383.94,12.43999999999869,153.46999999999935,413.7000000000007,153.46999999999935,True,True,complete,3.8117726429414747,3.7256191102344944,2,0.0,0.0,-0.5231799676247126,0.37423587606204495,0.0044242424245517315,0.004893637454982862,0.005480168016819128,0,0
155887bb,2122,7062,1477,5585,79.08524497309544,12962.0,12961.0,12294.490000000002,12321.1,26.609999999998763,26.609999999998763,5584.0,0.004765401146131583,True,False,True,11485.0,18546.0,1.0,True,3005466.7,3010275.0,1084199.15,1088406.43,-10254.95,-9323.54,11306.45,12366.95,1060.5,31.86,215.44,0.5,True,11318.79,12321.1,1002.3099999999995,12285.94,12321.1,12.340000000000146,45.850000000000364,979.4899999999998,45.850000000000364,True,True,complete,24.936278674596434,27.126230975828108,157,51.74363807728558,0.0,-0.9696444188105448,-0.02184321681177183,-0.04654545454511372,-0.0495999999999836,-0.03883666366635879,0,0
1590af81,1219,5231,1432,3799,72.62473714394953,12751.0,12750.0,11446.95,11451.63,4.679999999998472,4.679999999998472,3798.0,0.0012322274881512564,True,False,True,11319.0,16549.0,1.0,True,2989276.03,2991057.51,1090016.23,1094703.45,-9521.82,-9074.82,10982.95,11591.95,609.0,25.9,145.91,0.5,True,10995.25,11457.62,462.3700000000008,11438.13,11457.37,12.299999999999272,134.32999999999993,455.1799999999985,134.57999999999993,True,True,complete,17.300707321735807,20.82126875493551,4,4.8400328137817885,0.0,-0.7257000859862275,0.18314447137078468,0.0255151515149332,0.03760432172868051,0.037197479747965105,0,0
15e154a1,3707,7699,1631,6068,78.8154305753994,11953.0,11952.0,10928.69,10946.320000000002,17.63000000000102,17.63000000000102,6067.0,0.002905884292072032,True,False,True,10322.0,18020.0,1.0,True,2958132.84,2962665.78,1075520.01,1081100.61,-9015.9,-8093.110000000001,10209.95,11136.45,926.5,24.82,207.12,0.25,True,10222.41,10965.7,743.2900000000009,10928.740000000002,10965.7,12.459999999999127,170.75,718.7900000000009,170.75,True,True,complete,47.811404078451744,48.59920896506262,11,38.46776369031562,0.0,-0.9513287061419775,-0.38290924348704075,0.04575757575798134,0.04766818727489954,0.04905712571257295,0,0
1619e2ca,1655,6002,1559,4443,74.02532489170277,12678.0,12677.0,11455.88,11460.8,4.920000000000073,4.920000000000073,4442.0,0.001107609185051795,True,False,True,11119.0,17120.0,1.0,True,2994528.14,2996561.58,1091661.66,1096783.6,-9723.61,-8887.33,10764.95,11591.95,827.0,25.9,145.91,0.5,True,10777.41,11473.490000000002,696.0800000000017,11444.44,11473.490000000002,12.459999999999127,118.45999999999913,679.4899999999998,118.45999999999913,True,True,complete,36.08797067644119,39.68039612874184,12,29.909365558912388,0.0,-0.9604644983304919,-0.05994210150950428,-0.06600000000024278,-0.02852773109246248,-0.006495349534959758,0,0
16e4a047,4060,5684,1553,4131,72.67769176636172,12909.0,12908.0,12014.59,12006.09,-8.5,8.5,4130.0,-0.0020581113801452786,True,False,True,11356.0,17039.0,1.0,True,3010854.87,3012881.07,1100048.37,1104829.56,-10079.97,-9266.61,11142.2,12156.95,1014.75,27.79,203.62,0.25,True,11154.66,12018.4,863.7399999999998,11999.92,12014.54,12.459999999999127,138.5500000000011,857.7199999999993,142.40999999999985,True,True,complete,55.20760028149191,57.274267731784064,16,41.92118226600986,0.0,-0.9797297899095957,-0.20283252452183195,-0.060424242424129436,-0.06248211284515897,-0.03890861086109044,0,0
173ed841,1827,6530,1647,4883,74.77794793261869,13853.0,13852.0,12724.83,12734.44,9.610000000000582,9.610000000000582,4882.0,0.0019684555510038064,True,False,True,12206.0,18735.0,1.0,True,3020183.5,3023696.19,1082413.52,1087282.95,-10705.08,-9987.16,11960.45,12873.45,913.0,34.36,207.01,0.5,True,11972.59,12763.96,791.369999999999,12718.68,12763.96,12.139999999999418,109.4900000000016,758.2299999999996,109.4900000000016,True,True,complete,36.04900459418071,38.95146426377227,13,41.43404488232074,0.0,-0.8727054303807926,-0.2268616054045629,0.009999999999967276,0.00892148859547004,0.016161836183624507,0,0
1770d7c6,1955,9121,1881,7240,79.37726126521216,13855.0,13854.0,12579.06,12569.820000000002,-9.239999999997963,9.239999999997963,7239.0,-0.0012764193949437717,True,False,True,11974.0,21094.0,1.0,True,3007650.82,3010792.14,1074817.44,1082940.77,-10418.84,-9686.26,11771.95,12748.95,977.0,29.71,233.85,0.5,True,11784.08,12599.15,815.0699999999997,12569.72,12599.15,12.1299999999992,149.8000000000011,797.7699999999986,149.8000000000011,True,True,complete,4.49512114899682,4.599447513812155,3,44.65473145780051,0.0,-0.7236835184558867,-0.36862217229272715,0.014606060605754406,0.01501128451375603,0.0139842184218472,0,0
177622d7,1268,4699,1545,3154,67.12066397105767,13327.0,13326.0,12294.39,12287.21,-7.180000000000291,7.180000000000291,3153.0,-0.0022771963209642534,True,False,True,11782.0,16480.0,1.0,True,3005929.84,3008880.18,1087429.8,1090659.26,-10151.61,-9589.25,11733.45,12366.95,633.5,31.86,215.44,0.5,True,11745.83,12296.02,550.1900000000005,12275.0,12294.52,12.3799999999992,70.93000000000029,541.5499999999993,72.43000000000029,True,True,complete,47.32921898276229,56.30944831959417,19,19.242902208201894,0.0,-0.9468929398806188,0.0488499661748614,-0.020000000000079392,-0.016404321728696533,-0.013158895889612271,0,0
18d24f7b,1649,6260,1702,4558,72.81150159744409,12334.0,12333.0,11207.68,11193.64,-14.040000000000873,14.040000000000873,4557.0,-0.0030809743252141484,True,False,True,10632.0,16891.0,1.0,True,2903234.94,2907112.12,1037221.38,1041651.68,-9104.14,-8449.59,10542.45,11366.45,824.0,22.82,168.04,0.5,True,10554.77,11213.23,658.4599999999991,11193.64,11213.23,12.319999999999709,153.22000000000116,651.1899999999987,153.22000000000116,True,True,complete,12.124600638977636,13.097849934181657,10,26.743480897513646,0.0,-0.858352391778269,-0.1171885605526016,0.0005454545456818416,0.00017719087640525433,4.914491448789388e-05,0,0
19137a89,1572,7958,1691,6267,78.75094244785123,11748.0,11747.0,11041.54,11081.28,39.73999999999978,39.73999999999978,6266.0,0.006342164060006349,True,False,True,10057.0,18014.0,1.0,True,3003732.7,3004117.7,1128863.24,1136260.65,-9003.44,-8010.82,10336.95,11122.45,785.5,38.91,273.82,0.5,True,10349.41,11082.56,733.1499999999996,11041.570000000002,11082.56,12.459999999999127,39.89000000000124,704.6200000000008,39.89000000000124,True,True,complete,8.16788137723046,5.712462103079623,205,28.30788804071247,0.0,-0.917421741946333,0.31494699461327924,0.02757575757587087,0.0278977190875954,0.02728616861686641,0,0
1944513c,2235,6599,1877,4722,71.55629640854674,12737.0,12736.0,11312.41,11321.740000000002,9.330000000001746,9.330000000001746,4721.0,0.0019762762126671776,True,False,True,10860.0,17458.0,1.0,True,3005424.58,3005734.86,1110489.44,1116446.87,-9536.27,-8622.35,10420.95,11537.41,1116.4599999999991,28.58,224.14,0.5,True,10433.02,11333.2,900.1800000000003,11310.26,11328.03,12.069999999999709,204.20999999999913,889.3099999999995,209.3799999999992,True,True,complete,7.622367025306865,3.748411689961881,255,45.950782997762865,0.0,-0.9242284866948938,-0.5604845330898535,-0.012969696969634646,-0.012628091236493647,-0.013312931293131344,0,0
197f8a5a,2157,8248,1938,6310,76.50339476236664,11997.0,11996.0,10949.52,10953.23,3.709999999999127,3.709999999999127,6309.0,0.0005880488191471116,True,False,True,10059.0,18306.0,1.0,True,2877826.12,2882522.67,1019912.96,1025886.28,-8954.0,-8065.51,10032.64,11110.62,1077.9800000000014,38.67,221.13,0.5,True,10045.1,10996.44,951.3400000000001,10944.28,10996.44,12.460000000000946,114.18000000000029,911.6400000000012,114.18000000000029,True,True,complete,51.79437439379243,52.1553090332805,16,44.4598980064905,0.0,-0.9134809067358687,-0.19451634928542505,0.0015151515158381653,0.0024710684274353687,0.0024743474347337004,0,0
19871e7f,2077,7152,1859,5293,74.00727069351231,13597.0,13596.0,12553.16,12547.19,-5.969999999999345,5.969999999999345,5292.0,-0.0011281179138320759,True,False,True,11738.0,18889.0,1.0,True,2997882.19,3001911.72,1071594.08,1077001.84,-10175.51,-9434.48,11710.95,12748.95,1038.0,29.71,233.85,0.5,True,11723.09,12563.17,840.0799999999999,12545.820000000002,12563.17,12.139999999999418,185.78000000000065,834.8700000000008,185.78000000000065,True,True,complete,14.107941834451902,14.358586812771584,29,47.90563312469909,0.0,-0.8937787242810682,-0.09804644475987556,0.008545454545648857,0.007305642256872858,0.006700210021014624,0,0
198a5607,1987,8094,1843,6251,77.23004694835682,12134.0,12133.0,11166.35,11171.68,5.329999999999927,5.329999999999927,6250.0,0.0008527999999999883,True,False,True,10291.0,18384.0,1.0,True,2967217.81,2972178.77,1095445.9,1101050.99,-8882.3,-8020.32,10318.55,11311.5,992.9500000000007,33.05,256.22,0.5,True,10330.96,11182.62,851.6600000000017,11147.78,11171.68,12.409999999999854,128.8799999999992,829.2300000000014,139.8199999999997,True,True,complete,24.956758092414134,26.907694768836986,8,40.81529944640161,0.0,-0.8623937397444209,-0.4913627690906049,0.0024242424245060554,0.0025906362544781928,0.0029218121812136905,0,0
19fb4f7b,2445,7923,2303,5620,70.93272750220876,13999.0,13998.0,12766.14,12755.45,-10.68999999999869,10.68999999999869,5619.0,-0.0019024737497773073,True,False,True,11696.0,19618.0,1.0,True,3013125.52,3016609.01,1080489.82,1086704.58,-10562.67,-9448.43,11651.45,12873.45,1222.0,34.36,207.01,0.5,True,11663.9,12789.34,1125.4400000000005,12741.46,12775.240000000002,12.449999999998909,84.11000000000058,1090.0099999999984,98.20999999999913,True,True,complete,3.7864445285876562,4.3060498220640575,2,56.23721881390593,0.0,-0.9333746333449983,-0.6062522485534245,-0.03696969697018309,-0.037080432172856385,-0.03677953795377809,0,0
1a518997,1900,6544,1938,4606,70.38508557457213,12316.0,12315.0,11200.63,11215.37,14.7400000000016,14.7400000000016,4605.0,0.0032008686210644086,True,False,True,10378.0,16921.0,1.0,True,2907745.09,2911796.42,1034945.19,1039359.82,-9245.61,-8264.65,10416.95,11366.45,949.5,22.82,168.04,0.5,True,10429.25,11215.37,786.1200000000008,11200.65,11215.37,12.299999999999272,151.07999999999993,783.6999999999989,151.07999999999993,True,True,complete,36.6442542787286,40.66435084672167,40,36.421052631578945,0.0,-0.9695544658292559,-0.3338073332739407,0.018181818181655405,0.017718127250918803,0.020945814581465685,0,0
1a68190b,2059,6502,2028,4474,68.80959704706244,14132.0,14131.0,12793.43,12801.05,7.619999999998981,7.619999999998981,4473.0,0.0017035546613009124,True,False,True,12104.0,18605.0,1.0,True,2948035.37,2949518.9,1009305.93,1015035.07,-10975.85,-9933.03,11952.95,12981.95,1029.0,28.29,176.98999999999998,0.5,True,11965.5,12823.96,858.4599999999991,12791.96,12823.96,12.549999999999272,157.9900000000016,839.0099999999984,157.9900000000016,True,True,complete,23.63888034450938,27.559231113097898,18,45.84749878581836,0.0,-0.9665803881569073,-0.4292294809018956,0.01854545454587302,0.020001440576202244,0.013847284728469113,0,0
1a730ac2,1277,6049,1444,4605,76.12828566705241,12699.0,12698.0,11387.92,11401.83,13.909999999999854,13.909999999999854,4604.0,0.0030212858384013586,True,False,True,11255.0,17303.0,1.0,True,2989303.18,2991464.9,1089762.94,1095213.07,-9518.48,-8902.12,10956.86,11594.55,637.6899999999987,27.21,224.46,0.5,True,10969.14,11417.12,447.9800000000014,11387.96,11417.12,12.279999999998836,177.42999999999847,431.09999999999854,177.42999999999847,True,True,complete,29.707389651182016,29.85884907709012,19,3.0540328895849647,0.0,-0.9060468796220202,0.3003623927194893,0.04872727272700438,0.053373829531785905,0.03306726672667906,0,0
1aaf1da0,1812,6321,1517,4804,76.00063281126404,12887.0,12886.0,11897.740000000002,11912.54,14.799999999999272,14.799999999999272,4803.0,0.003081407453674635,True,False,True,11370.0,17690.0,1.0,True,3004739.06,3006648.29,1105139.94,1110654.64,-9844.86,-9127.82,11146.4,12051.84,905.4400000000005,32.93,238.11,0.5,True,11158.88,11913.53,754.6500000000015,11895.27,11913.53,12.479999999999563,138.3099999999995,748.8700000000008,138.3099999999995,True,True,complete,23.69878183831672,26.70691090757702,7,33.609271523178805,0.0,-0.8297860923196447,-0.2346085795823542,0.0012727272730841737,0.0022415366146500094,0.005124512451229618,0,0
1b08ed48,1498,7175,1557,5618,78.29965156794425,13135.0,13134.0,12122.9,12110.02,-12.8799999999992,12.8799999999992,5617.0,-0.0022930389887839057,True,False,True,11578.0,18752.0,1.0,True,2986992.11,2987147.55,1065138.72,1071997.59,-9951.54,-9396.76,11530.95,12279.45,748.5,30.84,157.13,0.5,True,11543.46,12125.36,581.9000000000015,12104.05,12125.36,12.5099999999984,154.09000000000015,573.0999999999985,154.09000000000015,True,True,complete,54.85714285714286,58.02776788892845,19,27.03604806408545,0.0,-0.8135569445341317,-0.25615753660263574,0.004424242424666167,0.0024936374549960447,-0.00010849084909663336,0,0
1b1c5372,1284,5792,1531,4261,73.56698895027624,11918.0,11917.0,10870.68,10845.09,-25.590000000000146,25.590000000000146,4260.0,-0.006007042253521161,True,False,True,10387.0,16178.0,1.0,True,2998972.69,3000801.42,1122582.11,1127767.79,-9046.39,-8305.77,10315.09,10956.570000000002,641.4800000000014,22.9,152.86,0.5,True,10327.61,10881.58,553.9699999999993,10835.48,10881.58,12.520000000000437,74.9900000000016,520.3899999999994,74.9900000000016,True,True,complete,25.707872928176794,30.274583431119456,10,8.644859813084112,0.0,-0.8778766197081959,0.2103123402121411,0.013999999999987243,0.013393037214898812,0.01312127212721015,0,0
1b1eba53,2414,6710,2055,4655,69.37406855439643,13875.0,13874.0,12726.15,12797.1,70.95000000000073,70.95000000000073,4654.0,0.015244950580146268,True,False,True,11820.0,18529.0,1.0,True,3033334.8,3037883.27,1094329.82,1098329.1,-10742.93,-9720.69,11780.95,12987.45,1206.5,21.06,218.7,0.5,True,11793.02,12825.070000000002,1032.050000000001,12726.19,12825.070000000002,12.069999999999709,162.3799999999992,945.2399999999998,162.3799999999992,True,True,complete,14.023845007451566,16.305048335123523,7,66.40430820215411,16.666666666666664,-0.9927484117033571,-0.10923340218173304,0.03551515151504607,0.024006242496967835,0.017305730573046036,0,0
1b6ba517,2086,8611,2014,6597,76.6113111136918,13404.0,13403.0,12061.48,12066.61,5.130000000001019,5.130000000001019,6596.0,0.0007777440873258063,True,False,True,11390.0,20000.0,1.0,True,2921424.35,2926065.5,1017159.79,1023619.3,-10230.61,-9304.04,11160.45,12202.95,1042.5,18.53,317.9,0.5,True,11172.71,12066.7,893.9900000000016,12048.19,12066.7,12.2599999999984,136.25,887.7399999999998,136.25,True,True,complete,42.016026013238886,42.382901318781265,11,0.0,0.0,-0.8881748914668147,-0.09891522704049857,-0.015575757576157064,-0.015485234093614074,-0.015065526552653447,0,0
1b82b665,1685,5364,1558,3806,70.9545115585384,11761.0,11760.0,10845.95,10838.06,-7.890000000001237,7.890000000001237,3805.0,-0.002073587385020036,True,False,True,10203.0,15566.0,1.0,True,2999681.82,3001369.92,1122874.22,1127416.16,-9042.31,-8131.34,10114.6,10956.570000000002,841.9700000000012,22.9,177.14999999999998,0.5,True,10126.72,10853.320000000002,726.6000000000022,10834.91,10853.320000000002,12.119999999998981,103.25,720.3099999999995,103.25,True,True,complete,10.048471290082029,6.51602732527588,202,30.38575667655786,0.0,-0.9575685581351874,0.13779343131457192,-0.02260606060568241,-0.01869867947171179,-0.013367656765678167,0,0
1bcb2fcf,1474,6202,1678,4524,72.944211544663,13415.0,13414.0,12555.66,12568.8,13.139999999999418,13.139999999999418,4523.0,0.0029051514481537514,True,False,True,11737.0,17938.0,1.0,True,3012776.3,3014787.98,1094173.79,1099511.44,-10300.08,-9600.38,11916.55,12652.570000000002,736.0200000000023,29.83,189.64,0.5,True,11929.01,12568.8,639.789999999999,12546.35,12568.8,12.460000000000946,83.77000000000226,629.8000000000011,83.77000000000226,True,True,complete,7.255723960012898,6.631299734748011,7,27.340569877883308,0.0,-0.9028353545122437,-0.08693310818790993,-0.03272727272713063,-0.0323999999999549,-0.02755619561957126,0,0
1beca81d,1529,6650,1614,5036,75.72932330827068,12247.0,12246.0,11368.71,11365.69,-3.0199999999986176,3.0199999999986176,5035.0,-0.0005998013902678486,True,False,True,10633.0,17282.0,1.0,True,2976240.94,2979325.3,1085842.09,1091156.35,-9233.7,-8354.19,10746.76,11510.29,763.5300000000007,27.6,158.72,0.5,True,10759.05,11377.0,617.9500000000007,11351.69,11377.0,12.289999999999054,133.29000000000087,604.9300000000003,133.29000000000087,True,True,complete,44.73684210526316,47.934868943606034,11,24.85284499672989,0.0,-0.9562586874059582,-0.24772469897618127,0.029696969696767706,0.03996062424968062,0.05576615661565683,0,0
1d3fbf02,1191,4252,1558,2694,63.35841956726247,12498.0,12497.0,11761.8,11767.08,5.280000000000655,5.280000000000655,2693.0,0.0019606386929077813,True,False,True,10940.0,15191.0,1.0,True,2965322.46,2965395.77,1061349.49,1065404.81,-9335.87,-8785.26,11276.45,11871.45,595.0,28.66,158.17999999999998,0.5,True,11288.85,11767.08,478.22999999999956,11751.85,11767.08,12.399999999999636,104.3700000000008,475.39999999999964,104.3700000000008,True,True,complete,33.06679209783631,35.931700074239046,9,16.288832913518053,0.0,-0.9703217977721132,-0.24813765084839726,-0.0029696969697098376,-0.013550540216118607,-0.012115571557144206,0,0
1d78281a,2153,6810,1861,4949,72.67254038179148,13800.0,13799.0,12780.2,12786.71,6.509999999998399,6.509999999998399,4948.0,0.001315683104284236,True,False,True,11939.0,18748.0,1.0,True,2948383.48,2949769.97,1009246.34,1015271.12,-10954.13,-9870.91,11905.95,12981.95,1076.0,28.29,176.98999999999998,0.5,True,11918.4,12805.9,887.5,12779.09,12805.9,12.449999999998909,176.0500000000011,873.1399999999994,176.0500000000011,True,True,complete,19.251101321585903,21.479086684178622,6,48.211797491871806,0.0,-0.9659012442005225,-0.19696559850355827,0.022424242424357067,0.02262809123653879,0.014927872787284245,0,0
1e30dedf,1342,5474,1403,4071,74.36974789915966,11728.0,11727.0,10651.68,10651.84,0.15999999999985448,0.15999999999985448,4070.0,3.9312039312003555e-05,True,False,True,10325.0,15798.0,1.0,True,2993563.11,2997516.11,1127688.92,1131320.64,-8493.21,-8191.23,10286.09,10956.570000000002,670.4800000000014,22.9,177.14999999999998,0.5,True,10298.16,10655.44,357.28000000000065,10626.79,10651.84,12.069999999999709,301.130000000001,340.7000000000007,304.7300000000014,True,True,complete,45.04932407745707,47.50675509702776,17,12.593144560357675,0.0,-0.19367004257615156,-0.46188533429671347,-0.01872727272696356,-0.018325570228084457,-0.01676033603361433,0,0
1e5e3573,3420,7126,1646,5480,76.90148751052483,13088.0,13087.0,12215.14,12227.78,12.640000000001237,12.640000000001237,5479.0,0.002306990326702179,True,False,True,11442.0,18567.0,1.0,True,3026564.36,3026652.46,1115099.95,1121774.41,-10180.11,-9281.28,11471.34,12325.65,854.3099999999995,26.38,168.11,0.25,True,11483.7,12237.97,754.2699999999986,12208.21,12237.97,12.360000000000582,87.68000000000029,736.869999999999,87.68000000000029,True,True,complete,56.37103564412013,59.23357664233576,33,33.36257309941521,0.0,-0.9643079899012221,-0.06396216576495543,0.02242424242418367,0.020074429771868477,0.020345214521450203,0,0
1f9afacb,3990,7054,1726,5328,75.5316132690672,13067.0,13066.0,11951.83,11952.820000000002,0.9900000000016007,0.9900000000016007,5327.0,0.00018584569175926426,True,False,True,11341.0,18394.0,1.0,True,3006129.96,3008473.15,1098234.28,1104381.25,-9918.79,-9192.42,11159.7,12156.95,997.25,27.79,203.62,0.25,True,11172.070000000002,11958.08,786.0099999999984,11950.54,11958.08,12.3700000000008,198.8700000000008,790.8400000000001,198.8700000000008,True,True,complete,38.85738588035157,44.069069069069066,15,40.902255639097746,0.0,-0.9080630829699645,-0.6354110516995218,-7.501084957606831e-14,0.003969267707085711,0.008272127212732615,0,0
1fdbba44,1315,6333,1422,4911,77.54618664140219,13847.0,13846.0,12803.78,12815.05,11.269999999998618,11.269999999998618,4910.0,0.0022953156822807775,True,False,True,12425.0,18757.0,1.0,True,2947150.93,2949996.87,1015277.19,1020667.1,-10752.61,-10306.4,12324.95,12981.95,657.0,28.29,160.94,0.5,True,12337.28,12816.12,478.84000000000015,12798.35,12816.12,12.329999999999927,165.82999999999993,473.39999999999964,165.82999999999993,True,True,complete,19.358913627033004,19.894115251476276,12,15.209125475285171,0.0,-0.3738262752535018,-0.12356255331795929,0.0015151515155517224,4.465786313174248e-05,0.003412841284137796,0,0
1fee2b62,2029,6323,1682,4641,73.39870314724023,13253.0,13252.0,12510.64,12514.29,3.650000000001455,3.650000000001455,4640.0,0.0007866379310347964,True,False,True,11571.0,17893.0,1.0,True,2995782.19,2997954.23,1070342.66,1075763.08,-10049.42,-9336.69,11734.95,12748.95,1014.0,29.71,233.85,0.5,True,11747.1,12524.86,777.7600000000002,12499.09,12524.86,12.149999999999636,224.09000000000015,764.1399999999994,224.09000000000015,True,True,complete,55.46417839633085,58.500323206205564,18,46.67323804829965,0.0,-0.9224610338853726,-0.5324001282519215,0.0012727272729318084,0.004221368547446548,0.005565856585669889,0,0
20096916,1907,6880,1747,5133,74.60755813953487,13000.0,12999.0,11891.11,11894.76,3.649999999999636,3.649999999999636,5132.0,0.0007112236944660242,True,False,True,11253.0,18132.0,1.0,True,2999593.04,3001648.84,1095686.1,1101746.3,-9834.25,-9086.9,11098.9,12051.84,952.9400000000005,32.93,238.11,0.5,True,11111.23,11917.42,806.1900000000005,11890.12,11912.09,12.329999999999927,134.42000000000007,791.2200000000012,139.75,True,True,complete,48.372093023255815,51.763101500097406,15,36.91662296801258,0.0,-0.9189052009759019,-0.09436052411109445,0.033272727273000235,0.031236014405771947,0.022488868886874173,0,0
200d233d,3317,5896,1970,3926,66.5875169606513,13344.0,13343.0,12039.88,12049.88,10.0,10.0,3925.0,0.0025477707006369425,True,False,True,11374.0,17269.0,1.0,True,3008624.11,3011307.13,1100400.01,1105082.54,-10085.87,-9225.92,11327.95,12156.95,829.0,27.79,203.62,0.25,True,11340.43,12059.31,718.8799999999992,12039.89,12059.31,12.479999999999563,97.64000000000124,711.9399999999987,97.64000000000124,True,True,complete,6.580732700135686,7.81966377992868,5,28.91166716912873,0.0,-0.9697426107243748,-0.0488908554002243,0.007575757576349754,0.002947899159673486,-0.007543534353449476,0,0
201661b5,5163,8136,2181,5955,73.19321533923303,13846.0,13845.0,12188.4,12191.6,3.2000000000007276,3.2000000000007276,5954.0,0.000537453812563105,True,False,True,11665.0,19800.0,1.0,True,3026601.18,3026670.07,1107329.54,1114795.96,-10361.52,-9339.14,11035.65,12325.65,1290.0,26.38,179.08999999999995,0.25,True,11048.2,12213.54,1165.3400000000001,12167.570000000002,12213.54,12.550000000001091,112.10999999999876,1131.920000000002,112.10999999999876,True,True,complete,5.87512291052114,6.616288832913518,6,55.858996707340694,0.0,-0.9361261330435945,-0.3045329965146644,-0.014848484848269235,-0.0005882352941460389,0.0008607860786064096,0,0
203721ab,1513,7235,1505,5730,79.19834139599172,12080.0,12079.0,11200.73,11202.28,1.5500000000010914,1.5500000000010914,5729.0,0.0002705533251878323,True,False,True,10575.0,17809.0,1.0,True,2899176.89,2903775.7,1020153.1,1025220.58,-9284.39,-8566.52,10610.45,11366.45,756.0,22.82,168.04,0.5,True,10622.67,11209.59,586.9200000000001,11180.62,11209.59,12.219999999999345,156.86000000000058,570.1700000000001,156.86000000000058,True,True,complete,20.027643400138217,20.48865619546248,10,20.15862524785195,0.0,-0.9554528616471254,-0.1336920742535112,-0.016121212120888996,-0.011839135654265042,-0.011426222622262543,0,0
20402d71,1674,7930,1558,6372,80.3530895334174,11917.0,11916.0,10966.39,10950.91,-15.479999999999563,15.479999999999563,6371.0,-0.00242975984931715,True,False,True,10359.0,18288.0,1.0,True,2880464.49,2885490.98,1021144.23,1026660.95,-8878.77,-8218.35,10274.13,11110.62,836.4900000000016,38.67,210.4,0.5,True,10286.45,10967.51,681.0599999999995,10942.14,10967.51,12.320000000001528,143.11000000000058,668.0100000000002,143.11000000000058,True,True,complete,1.2736443883984867,1.3339610797237915,1,28.43488649940263,0.0,-0.9049910137153304,-0.07041686594422117,0.015757575757885122,0.01726578631450423,0.020213141314138445,0,0
2043abc5,1420,8513,1555,6958,81.73381886526488,12415.0,12414.0,11420.990000000002,11449.66,28.669999999998254,28.669999999998254,6957.0,0.004121029179243676,True,False,True,10860.0,19372.0,1.0,True,2979821.17,2985275.91,1104167.95,1110387.27,-9059.35,-8550.01,10885.39,11594.55,709.1599999999999,27.21,224.46,0.5,True,10897.61,11452.23,554.619999999999,11419.61,11452.23,12.220000000001164,142.3199999999997,534.2200000000012,142.3199999999997,True,True,complete,65.91095970868083,67.24633515377982,21,12.816901408450704,0.0,-0.44781733120039446,0.014747650371176767,0.01793939393974722,0.014006242496942512,0.005698409840983713,0,0
204cc64b,2198,6454,1649,4805,74.44995351719864,13667.0,13666.0,12558.35,12543.490000000002,-14.859999999998763,14.859999999998763,4804.0,-0.0030932556203161457,True,False,True,12018.0,18471.0,1.0,True,3020078.62,3023528.33,1082332.94,1087230.43,-10528.6,-9801.13,11774.95,12873.45,1098.5,34.36,207.01,0.5,True,11787.23,12569.320000000002,782.090000000002,12543.11,12569.320000000002,12.279999999998836,304.1299999999992,768.1599999999999,304.1299999999992,True,True,complete,32.816857762627826,35.73361082206035,19,51.31938125568699,0.0,-0.9130089654182239,-0.7534782813223143,0.019696969697413493,0.018693877551022923,0.01743840384040397,0,0
206b6193,1776,8568,2033,6535,76.27217553688142,12691.0,12690.0,11456.55,11386.48,-70.06999999999971,70.06999999999971,6534.0,-0.010723905723905679,True,False,True,10658.0,19225.0,1.0,True,2976356.37,2981701.01,1092917.8,1098929.02,-9178.77,-8438.59,10707.42,11594.55,887.1299999999992,27.21,224.46,0.5,True,10719.490000000002,11472.14,752.6499999999978,11386.48,11456.55,12.070000000001528,122.40999999999985,679.0599999999995,138.0,True,True,complete,3.6998132586367882,4.100994644223412,9,30.292792792792795,0.0,-0.808727344263485,-0.2975893617937423,-0.0024848484851582274,-0.00053685474190987,0.001198199819981264,0,0
2075c696,2593,5580,2392,3188,57.1326164874552,12125.0,12124.0,11192.35,11216.83,24.479999999999563,24.479999999999563,3187.0,0.007681204894885336,True,False,True,9733.0,15312.0,1.0,True,2900375.11,2902346.85,1036279.5,1040623.18,-9055.9,-7697.57,10070.45,11366.45,1296.0,22.82,169.39,0.5,True,10082.98,11222.56,1139.58,11190.44,11222.56,12.529999999998836,143.89000000000124,1119.9899999999998,143.89000000000124,True,True,complete,8.225806451612904,8.09284818067754,4,53.41303509448515,0.0,-0.9913849776941366,-0.5783833543372848,-0.0024848484848743004,-0.007898679471764508,-0.0034970897089614842,0,0
22c5f93f,2039,6919,1747,5172,74.75068651539239,12905.0,12904.0,11871.94,11861.94,-10.0,10.0,5171.0,-0.0019338619222587507,True,False,True,11158.0,18076.0,1.0,True,2999191.74,3001336.77,1095570.73,1101595.7,-9775.58,-8977.74,11032.9,12051.84,1018.9400000000005,32.93,238.11,0.5,True,11045.070000000002,11878.490000000002,833.4200000000001,11852.34,11878.490000000002,12.170000000001892,173.34999999999854,819.4400000000005,173.34999999999854,True,True,complete,54.99349616996676,56.767208043310134,12,41.00049043648848,0.0,-0.9423731688106252,-0.1889202671425655,0.0032727272725615163,0.0015150060024100621,-0.0016276027602855345,0,0
230eaaa3,2184,6451,1761,4690,72.70190668113472,12149.0,12148.0,11430.25,11484.240000000002,53.9900000000016,53.9900000000016,4689.0,0.011514182128385925,True,False,True,10388.0,16838.0,1.0,True,2980760.72,2984669.51,1096255.23,1100601.55,-9217.36,-8160.15,10503.42,11594.55,1091.1299999999992,27.21,224.46,0.5,True,10515.75,11484.240000000002,968.4900000000016,11400.87,11484.240000000002,12.329999999999927,110.30999999999767,897.4500000000007,110.30999999999767,True,True,complete,18.245233297163228,18.891257995735607,10,43.315018315018314,0.0,-0.9775068014866448,-0.43070396692503604,-0.01096969696958075,-0.01087827130852131,-0.010429402940290959,0,0
2364716c,3780,6093,1777,4316,70.83538486788117,11966.0,11965.0,10967.56,10986.58,19.020000000000437,19.020000000000437,4315.0,0.0044078794901507385,True,False,True,10189.0,16281.0,1.0,True,2952570.09,2956215.85,1071457.83,1075623.55,-9016.36,-8002.030000000001,10191.7,11136.45,944.75,24.82,207.12,0.25,True,10204.01,10995.46,791.4499999999989,10961.98,10995.46,12.30999999999949,140.9900000000016,770.2799999999988,140.9900000000016,True,True,complete,27.73674708682094,29.379054680259497,10,39.65608465608466,0.0,-0.9634373971571604,-0.34674384609252584,3.0661931993851265e-13,0.0045944777911257634,0.007238163816363808,0,0
23b9beb0,1422,8790,1450,7340,83.50398179749715,12551.0,12550.0,11391.0,11396.52,5.520000000000437,5.520000000000437,7339.0,0.0007521460689467825,True,False,True,11101.0,19890.0,1.0,True,2984089.55,2987474.73,1078222.11,1085981.27,-9613.32,-8824.81,10881.45,11591.95,710.5,25.9,145.91,0.5,True,10893.58,11403.740000000002,510.1600000000017,11385.55,11403.740000000002,12.1299999999992,188.20999999999913,504.09999999999854,188.20999999999913,True,True,complete,21.11490329920364,22.71117166212534,16,18.424753867791843,0.0,-0.8141295987737879,0.03304223298552904,-0.0040606060611616205,-0.00565618247295059,-0.004790699069885683,0,0
24d8997e,1782,5188,1746,3442,66.34541249036238,12111.0,12110.0,11183.39,11188.52,5.130000000001019,5.130000000001019,3441.0,0.0014908456843943675,True,False,True,10365.0,15552.0,1.0,True,2915749.09,2918728.59,1046207.99,1049755.13,-9045.78,-8305.07,10460.81,11350.94,890.130000000001,45.46,226.9,0.5,True,10473.35,11190.25,716.8999999999996,11171.34,11190.25,12.540000000000873,160.6900000000005,710.5300000000007,160.6900000000005,True,True,complete,12.259059367771782,14.875072632190586,9,33.670033670033675,0.0,-0.9685104843904487,-0.2333620270381962,0.02424242424242082,0.024846578631418804,0.02703522352234244,0,0
25050f63,1743,7155,1031,6124,85.59049615653389,11299.0,11298.0,10929.05,10968.15,39.100000000000364,39.100000000000364,6123.0,0.0063857586150580375,True,False,True,10268.0,17422.0,1.0,True,2884459.11,2889118.39,1025198.87,1030183.4,-8856.38,-8189.700000000001,10239.63,11110.62,870.9900000000016,38.67,210.4,0.5,True,10252.06,10977.59,725.5300000000007,10929.23,10977.59,12.430000000000291,133.03000000000065,689.6000000000004,133.03000000000065,True,True,complete,4.570230607966457,4.996734160679295,5,31.267928858290304,0.0,-0.9069520753565443,-0.13146143118770323,0.1956969696967235,0.21558895558225966,0.25556753675367516,0,0
25939962,1863,6071,1752,4319,71.14149234063582,13371.0,13370.0,12257.09,12259.01,1.9200000000000728,1.9200000000000728,4318.0,0.00044465030106532484,True,False,True,11619.0,17689.0,1.0,True,3011414.26,3013310.54,1093760.9,1098940.55,-10226.4,-9413.64,11435.95,12366.95,931.0,31.86,215.44,0.5,True,11448.27,12274.45,826.1800000000003,12239.72,12274.45,12.319999999999709,92.5,803.7699999999986,92.5,True,True,complete,57.980563333882394,62.25978235702709,25,45.03488996242619,0.0,-0.9640217557778904,-0.11016193282474855,-0.005151515151448953,-0.005796878751481382,-0.0045865586558551,0,0
25fd32b3,1384,4546,1661,2885,63.46238451385834,12212.0,12211.0,11185.4,11188.22,2.819999999999709,2.819999999999709,2884.0,0.0009778085991677214,True,False,True,10551.0,15096.0,1.0,True,2916966.99,2919713.86,1041646.39,1044883.92,-9159.32,-8514.9,10659.79,11350.94,691.1499999999996,45.46,226.9,0.5,True,10672.33,11196.52,524.1900000000005,11185.0,11191.06,12.539999999999054,154.42000000000007,525.2099999999991,159.88000000000102,True,True,complete,22.855257369115705,25.58058925476603,9,14.595375722543352,0.0,-0.9889015136012281,0.05524050409758516,0.006727272726844181,0.0027322929171138145,0.003848244824498561,0,0
261785ee,2537,5512,1866,3646,66.14658925979681,12499.0,12498.0,11319.490000000002,11291.29,-28.200000000000728,28.200000000000728,3645.0,-0.007736625514403492,True,False,True,10633.0,16144.0,1.0,True,2987249.34,2989015.37,1089028.54,1093572.87,-9292.3,-8380.38,10323.95,11591.95,1268.0,25.9,147.32,0.5,True,10336.13,11320.17,984.0400000000009,11282.69,11320.17,12.179999999998472,271.78000000000065,958.7399999999998,271.78000000000065,True,True,complete,33.09143686502177,37.60285244103127,18,54.27670476941269,0.0,-0.9574096818258829,-0.6915526293859121,0.00793939393930357,0.0074703481392701465,0.007017761776187011,0,0
264feceb,1887,7408,1743,5665,76.47138228941685,12340.0,12339.0,11199.93,11190.63,-9.300000000001091,9.300000000001091,5664.0,-0.0016419491525425656,True,False,True,10597.0,18004.0,1.0,True,2899336.93,2903911.6,1026541.57,1031684.72,-9281.51,-8554.56,10423.45,11366.45,943.0,22.82,168.04,0.5,True,10435.77,11209.35,773.5799999999999,11181.03,11199.91,12.319999999999709,157.10000000000036,757.5799999999999,166.54000000000087,True,True,complete,4.157667386609072,4.289496910856134,3,35.9830418653948,0.0,-0.7853176720459694,-0.31971663263565,-0.016242424242402367,-0.010929171668639713,-0.007676567656776302,0,0
26623a50,1951,7479,1744,5735,76.68137451530953,12612.0,12611.0,11385.69,11369.35,-16.340000000000146,16.340000000000146,5734.0,-0.002849668643181051,True,False,True,10868.0,18346.0,1.0,True,3000364.0,3001787.98,1109641.92,1116451.43,-9474.82,-8702.67,10562.92,11537.41,974.4899999999998,28.58,224.14,0.5,True,10575.12,11387.02,811.8999999999996,11352.33,11386.93,12.200000000000728,150.38999999999942,789.4099999999999,150.47999999999956,True,True,complete,26.380532156705446,28.055797733217087,13,38.0830343413634,0.0,-0.7506094102240486,-0.26574016357123925,0.006303030302898766,0.004327971188459772,0.0010405640564164276,0,0
26d3a96a,2029,6465,1744,4721,73.02397525135345,13762.0,13761.0,12631.820000000002,12608.88,-22.94000000000233,22.94000000000233,4720.0,-0.004860169491525917,True,False,True,12018.0,18482.0,1.0,True,3019706.06,3023065.81,1082151.35,1087095.97,-10581.0,-9844.56,11859.45,12873.45,1014.0,34.36,207.01,0.5,True,11871.68,12647.26,775.5799999999999,12608.88,12647.26,12.229999999999563,226.1900000000005,749.4299999999985,226.1900000000005,True,True,complete,31.848414539829857,31.709383605168394,9,47.2646623952686,0.0,-0.8893039989292054,-0.6241262871915374,0.026727272727497295,0.028559903961618425,0.03151275127512813,0,0
272abef3,1504,5682,1547,4135,72.77367124252024,12672.0,12671.0,11446.94,11445.240000000002,-1.6999999999989086,1.6999999999989086,4134.0,-0.0004112239961293925,True,False,True,11125.0,16806.0,1.0,True,2992920.17,2994859.38,1091024.12,1095948.9,-9667.57,-8888.86,10843.4,11594.55,751.1499999999996,27.21,224.46,0.5,True,10855.88,11455.98,600.1000000000004,11427.58,11448.23,12.479999999999563,138.5699999999997,584.1800000000003,146.3199999999997,True,True,complete,4.611052446321718,4.667472793228536,12,17.68617021276596,0.0,-0.9226616981971907,0.06437119327356358,-7.540475552459828e-13,0.0008225690276319782,-0.0011565556555508457,0,0
27300fd5,2183,7386,1919,5467,74.01841321418901,13818.0,13817.0,12560.42,12566.72,6.299999999999272,6.299999999999272,5466.0,0.0011525795828758274,True,False,True,11899.0,19284.0,1.0,True,3012822.02,3016355.47,1080567.67,1086570.78,-10334.09,-9589.9,11782.45,12873.45,1091.0,34.36,207.01,0.5,True,11794.58,12587.45,792.8700000000008,12559.83,12587.45,12.1299999999992,286.0,777.3799999999992,286.0,True,True,complete,3.3712428919577575,3.6948966526431315,3,50.984883188273024,0.0,-0.8655453582507994,-0.7225235706157082,-0.006727272727808873,-0.005121248499374297,-0.003601020102014444,0,0
276b012a,1592,6291,1454,4837,76.88761723096486,13529.0,13528.0,12406.78,12417.91,11.1299999999992,11.1299999999992,4836.0,0.0023014888337467326,True,False,True,12075.0,18365.0,1.0,True,3008735.44,3012385.11,1069160.18,1073909.23,-10467.97,-9781.6,11953.45,12748.95,795.5,29.71,233.85,0.5,True,11965.77,12454.93,489.15999999999985,12406.8,12454.93,12.319999999999709,294.02000000000044,453.34999999999854,294.02000000000044,True,True,complete,14.751231918613893,16.001653917717594,7,32.03517587939699,0.0,-0.9063280146737963,-0.3819815319108068,0.02000000000002081,0.01748091236497137,0.015597239723980255,0,0
27c3155b,2505,6941,1983,4958,71.43062959227777,13672.0,13671.0,12756.02,12737.820000000002,-18.19999999999891,18.19999999999891,4957.0,-0.003671575549727438,True,False,True,11689.0,18629.0,1.0,True,3033444.8,3037952.91,1090915.36,1095230.2,-10674.71,-9586.68,11724.88,12976.83,1251.9500000000007,29.43,241.94,0.5,True,11737.42,12757.37,1019.9500000000007,12732.61,12757.37,12.540000000000873,219.45999999999913,1007.7300000000014,219.45999999999913,True,True,complete,3.3424578590981127,3.448971359419121,3,55.0499001996008,0.0,-0.9889481145662619,-0.7844386001615887,0.02945454545413129,0.0173589435775062,0.00926600660066675,0,0
27ebb9b9,2190,7651,1885,5766,75.36269768657692,13330.0,13329.0,11934.83,11936.41,1.5799999999999272,1.5799999999999272,5765.0,0.00027406764960970117,True,False,True,11445.0,19095.0,1.0,True,2919547.59,2923871.54,1015993.27,1021697.84,-10098.42,-9324.3,11108.45,12202.95,1094.5,18.53,317.9,0.5,True,11120.89,11955.02,834.130000000001,11930.64,11955.02,12.43999999999869,247.9300000000003,822.1899999999987,247.9300000000003,True,True,complete,19.278525682917266,21.574748525841137,7,0.0,0.0,-0.9010555800870391,-0.7628983534636781,0.015696969696526394,0.017168787514962036,0.01937383738373827,0,0
283269ac,2146,4567,1941,2626,57.49945259470112,12357.0,12356.0,11451.62,11451.39,-0.23000000000138243,0.23000000000138243,2625.0,-8.761904761957426e-05,True,False,True,10416.0,14982.0,1.0,True,2978108.85,2980724.04,1097313.3,1100326.37,-9066.58,-8186.16,10522.42,11594.55,1072.1299999999992,27.21,224.46,0.5,True,10534.55,11452.75,918.2000000000007,11449.13,11452.75,12.1299999999992,141.79999999999927,926.7099999999991,141.79999999999927,True,True,complete,58.5942631924677,67.7075399847677,19,42.311276794035415,0.0,-0.9848804145907043,-0.6192526188248239,-0.006727272726720078,-0.0062160864345981335,-0.00461272127212575,0,0
28473855,5139,6620,2330,4290,64.8036253776435,12491.0,12490.0,10982.9,10997.12,14.220000000001164,14.220000000001164,4289.0,0.0033154581487528944,True,False,True,10161.0,16780.0,1.0,True,2960546.4,2964437.47,1077322.16,1081766.93,-9029.52,-7963.15,9851.95,11136.45,1284.5,24.82,218.54,0.25,True,9864.490000000002,10998.22,1133.7299999999977,10976.88,10998.22,12.540000000000873,138.23000000000138,1124.9299999999985,138.23000000000138,True,True,complete,3.0362537764350455,3.076923076923077,5,55.61393267172602,0.0,-0.9714999917018707,-0.5784762613321375,0.007575757575694527,0.007156782713095449,0.006154515451534429,0,0
28f4eda9,1157,6824,1558,5266,77.16881594372802,12138.0,12137.0,10928.38,10945.45,17.070000000001528,17.070000000001528,5265.0,0.0032421652421655324,True,False,True,10580.0,17403.0,1.0,True,2883640.47,2888231.99,1024634.36,1029475.07,-8838.5,-8455.17,10532.63,11110.62,577.9900000000016,38.67,196.39,0.5,True,10544.87,10953.31,408.4399999999987,10927.48,10950.35,12.2400000000016,157.3100000000013,394.85000000000036,160.27000000000044,True,True,complete,22.09847596717468,23.129510064565135,12,0.0,0.0,-0.732097590037921,-0.017718155929564064,-0.0032727272731211954,-0.003435774309767264,-0.01394635463547766,0,0
29b24409,1830,7417,1830,5587,75.326951597681,12360.0,12359.0,11201.320000000002,11217.75,16.429999999998472,16.429999999998472,5586.0,0.0029412817758679684,True,False,True,10530.0,17946.0,1.0,True,2903080.61,2907562.98,1034502.73,1039766.9,-9174.08,-8458.45,10451.95,11366.45,914.5,22.82,168.04,0.5,True,10464.39,11221.92,757.5300000000007,11201.33,11221.92,12.43999999999869,144.53000000000065,749.3799999999992,144.53000000000065,True,True,complete,56.141297020358635,59.54895292643637,220,33.98907103825137,0.0,-0.8275604909539003,0.15943412511206068,0.014303030303187482,0.015916446578607336,0.02052433243324807,0,0
29de15c8,1693,5164,1733,3431,66.44074360960495,12820.0,12819.0,11990.59,11991.990000000002,1.4000000000014552,1.4000000000014552,3430.0,0.0004081632653065467,True,False,True,11087.0,16250.0,1.0,True,3012246.63,3012497.55,1115393.79,1120098.71,-9631.3,-8914.07,11335.95,12181.95,846.0,34.4,156.51999999999998,0.5,True,11348.15,11992.54,644.3900000000012,11982.35,11991.990000000002,12.199999999998909,189.40999999999985,646.3999999999996,189.95999999999913,True,True,complete,4.124709527498063,3.993004954823667,3,28.115770821027763,0.0,-0.9648481601417455,-0.17731632851986334,-0.021454545454894274,-0.021878031212492516,-0.014108970897071827,0,0
2ab29395,1052,3325,1473,1852,55.69924812030075,13099.0,13098.0,12213.59,12215.17,1.5799999999999272,1.5799999999999272,1851.0,0.0008535926526201659,True,False,True,11626.0,14950.0,1.0,True,2998997.85,3000355.26,1086634.95,1089519.07,-9875.8,-9387.97,11841.45,12366.95,525.5,31.86,215.44,0.5,True,11853.56,12216.21,362.64999999999964,12208.15,12215.17,12.109999999998763,150.7400000000016,366.6999999999989,151.78000000000065,True,True,complete,29.834586466165412,35.85313174946004,8,2.6615969581749046,0.0,-0.9844600024056078,0.27435737359235357,0.0029696969690618013,0.005109243697493534,0.005563036303621419,0,0
2ac7cb6b,1370,6451,1461,4990,77.35234847310495,11885.0,11884.0,10880.73,10834.09,-46.63999999999942,46.63999999999942,4989.0,-0.009348566847063424,True,False,True,10424.0,16874.0,1.0,True,2992034.11,2993987.4,1121640.59,1127513.52,-8765.09,-8267.8,10336.820000000002,11021.27,684.4499999999989,30.96,207.46,0.5,True,10349.29,10899.91,550.619999999999,10834.09,10899.91,12.469999999999345,121.36000000000058,497.2699999999986,121.36000000000058,True,True,complete,4.1543946674934125,3.9679358717434865,3,15.255474452554745,0.0,-0.6128093328129085,0.055683302351229896,0.0014545454550770193,-0.00184249699886339,-0.004040624062419187,0,0
2acc78d4,1958,6109,1843,4266,69.83139630054018,12989.0,12988.0,11861.61,11867.12,5.510000000000218,5.510000000000218,4265.0,0.001291910902696417,True,False,True,11146.0,17254.0,1.0,True,3008478.21,3008599.72,1105301.76,1110844.86,-9895.99,-8931.99,11073.4,12051.84,978.4400000000005,32.93,238.11,0.5,True,11085.6,11890.83,805.2299999999996,11857.81,11890.83,12.200000000000728,161.01000000000022,784.4099999999999,161.01000000000022,True,True,complete,59.82975937141922,68.19034224097516,21,38.559754851889686,0.0,-0.9662067463480407,-0.032820132807768326,1.2243000403400858e-13,-0.0019563025209171454,-0.0038636663666243897,0,0
2b034622,7824,6761,1558,5203,76.95607158704334,11049.0,11048.0,10071.9,10065.59,-6.309999999999491,6.309999999999491,5202.0,-0.0012129950019222396,True,False,True,9491.0,16251.0,1.0,True,2856110.7,2860169.11,1040863.59,1045783.52,-7971.66,-7344.709999999999,9454.55,10236.85,782.3000000000011,23.12,193.59,0.1000000000003638,True,9467.05,10072.18,605.130000000001,10059.48,10071.89,12.5,164.67000000000007,604.9300000000003,164.96000000000095,True,True,complete,27.30365330572401,31.05900442052662,6,18.98006134969325,0.0,-0.8073817757223744,-0.0497012955296378,-0.009454545454555253,-0.005722929171659131,-0.0015384938493791568,0,0
2b06ad65,1492,5706,1450,4256,74.58815282159131,12725.0,12724.0,11952.52,11951.91,-0.6100000000005821,0.6100000000005821,4255.0,-0.00014336075205654102,True,False,True,11275.0,16980.0,1.0,True,3011674.7,3011810.14,1115425.28,1120883.2,-9569.82,-9082.98,11436.45,12181.95,745.5,34.4,156.51999999999998,0.5,True,11448.94,11960.62,511.6800000000003,11950.070000000002,11957.29,12.489999999999782,221.32999999999993,513.6200000000008,224.65999999999985,True,True,complete,4.100946372239748,3.923872180451128,13,18.43163538873995,0.0,-0.8286152241045505,-0.4107592317616898,-0.0014545454542312665,-0.0027236494597331273,-0.004424782478232283,0,0
2b547943,1802,5131,1651,3480,67.82303644513739,12912.0,12911.0,12209.62,12223.84,14.219999999999345,14.219999999999345,3479.0,0.004087381431445629,True,False,True,11261.0,16391.0,1.0,True,2999756.7,3001521.58,1085652.77,1089901.19,-9928.2,-9049.61,11466.45,12366.95,900.5,31.86,215.44,0.5,True,11478.63,12226.18,747.5500000000011,12207.19,12226.18,12.179999999998472,140.77000000000044,740.7399999999998,140.77000000000044,True,True,complete,31.72870785421945,35.63218390804598,11,43.17425083240843,0.0,-0.9834119764440442,-0.20816688879895653,-0.0065454545455461005,0.0002823529411708452,0.005611101110108879,0,0
2be5c96a,1744,5753,1543,4210,73.17921084651486,12796.0,12795.0,11797.61,11798.73,1.1199999999989814,1.1199999999989814,4209.0,0.00026609645996649594,True,False,True,11253.0,17005.0,1.0,True,2996847.6,3000621.97,1090530.93,1094335.43,-9769.89,-8953.7,11180.4,12051.84,871.4400000000005,32.93,238.11,0.5,True,11192.78,11808.570000000002,615.7900000000009,11793.76,11808.570000000002,12.380000000001019,243.26999999999862,613.3600000000006,243.26999999999862,True,True,complete,72.97062402224927,77.43467933491686,20,31.020642201834864,0.0,-0.9357559319996488,-0.7179893033332683,0.018727272727107492,0.017321968787570675,0.014206900690057285,0,0
2bff06cf,1997,9174,1550,7624,83.10442555046872,11636.0,11635.0,11004.13,11018.08,13.950000000000728,13.950000000000728,7623.0,0.0018299881936246526,True,False,True,10086.0,19259.0,1.0,True,2919715.34,2925488.57,1055780.31,1062194.26,-8806.13,-8004.33,10147.45,11145.28,997.8299999999999,23.41,153.88,0.5,True,10160.0,11048.66,888.6599999999999,11004.18,11048.66,12.549999999999272,96.6200000000008,856.7299999999996,96.6200000000008,True,True,complete,47.569217353390016,50.01311647429171,155,41.4121181772659,0.0,-0.5696819974457747,-0.34192029871329,0.054606060606224235,0.05336998799520401,0.05093519351933807,0,0
2c0c4a4e,3752,6719,1929,4790,71.29037059086174,12185.0,12184.0,10963.62,10976.28,12.659999999999854,12.659999999999854,4789.0,0.0026435581541031225,True,False,True,10256.0,16974.0,1.0,True,2957057.92,2961080.3,1074677.86,1079435.66,-9038.77,-8079.33,10198.7,11136.45,937.75,24.82,207.12,0.25,True,10211.19,10981.41,770.2199999999993,10960.46,10980.46,12.489999999999782,155.04000000000087,761.7599999999984,155.9900000000016,True,True,complete,5.223991665426403,4.676409185803758,5,39.20575692963752,0.0,-0.9527702569857408,-0.1680345645361524,0.006121212121029842,-0.010858583433341186,-0.01678277827783545,0,0
2cee0cba,795,7335,1835,5500,74.98295841854124,12037.0,12036.0,11231.11,11242.52,11.409999999999854,11.409999999999854,5499.0,0.0020749227132205593,True,False,True,10202.0,17536.0,1.0,True,2894211.7,2898629.66,1031543.31,1036726.17,-9073.99,-8097.360000000001,10451.45,11245.45,794.0,43.39,183.1,1.0,True,10463.67,11246.740000000002,783.0700000000015,11207.09,11242.52,12.219999999999345,-1.2900000000008731,755.6399999999994,2.930000000000291,False,True,complete,42.740286298568506,46.96363636363636,14,37.86163522012579,0.0,-0.944819788548693,-0.2868353678010082,-0.05054545454506296,-0.050836974789921247,-0.04733477347733676,0,0
2d0c268a,2018,6289,1739,4550,72.34854507870885,12409.0,12408.0,11325.79,11310.14,-15.650000000001455,15.650000000001455,4549.0,-0.0034403165530889107,True,False,True,10670.0,16958.0,1.0,True,3002585.67,3002839.16,1116598.81,1122339.16,-9228.32,-8446.57,10529.43,11537.41,1007.9799999999996,28.58,224.14,0.5,True,10541.83,11335.92,794.0900000000001,11300.36,11327.56,12.399999999999636,201.48999999999978,770.9300000000003,209.85000000000036,True,True,complete,26.061377007473368,28.285714285714285,14,40.13875123885035,0.0,-0.9229943489330139,-0.6883207902736124,-0.011818181818020513,-0.013854501800734264,-0.016963276327638468,0,0
2d179ded,2278,9225,2217,7008,75.96747967479675,11912.0,11911.0,10698.47,10696.63,-1.8400000000001455,1.8400000000001455,7007.0,-0.0002625945483088548,True,False,True,9695.0,18919.0,1.0,True,2865423.05,2871089.88,1025151.28,1031552.1,-8584.63,-7574.709999999999,9706.95,10845.45,1138.5,22.7,209.56,0.5,True,9719.41,10715.19,995.7800000000007,10685.97,10710.820000000002,12.459999999999127,130.26000000000022,979.0199999999986,134.6299999999992,True,True,complete,41.97289972899729,46.34703196347032,12,43.942054433713785,0.0,-0.9427170578310753,-0.4562132629281557,-0.028484848485035255,-0.028954621848785514,-0.02848604860485893,0,0
2d196986,1876,8316,1842,6474,77.84992784992785,12289.0,12288.0,11202.46,11183.97,-18.48999999999978,18.48999999999978,6473.0,-0.002856480766259815,True,False,True,10447.0,18762.0,1.0,True,2909330.74,2914375.53,1037361.9,1043292.13,-9168.42,-8405.72,10413.820000000002,11350.94,937.119999999999,45.46,226.9,0.5,True,10426.18,11209.96,783.7799999999988,11178.41,11209.96,12.359999999998763,140.98000000000138,764.5899999999983,140.98000000000138,True,True,complete,1.2025012025012025,1.282051282051282,1,36.99360341151386,0.0,-0.9008230096290267,-0.1223369028021664,-0.013757575757516865,-0.01280336134457733,-0.009875967596766792,0,0
2d2d0c6b,1920,6967,1922,5045,72.41280321515717,12230.0,12229.0,11193.320000000002,11199.240000000002,5.920000000000073,5.920000000000073,5044.0,0.001173671689135621,True,False,True,10308.0,17274.0,1.0,True,2918851.98,2923656.06,1042085.96,1046294.61,-9194.99,-8244.3,10391.820000000002,11350.94,959.119999999999,45.46,226.9,0.5,True,10404.27,11199.26,794.9899999999998,11185.67,11199.26,12.449999999998909,151.6800000000003,793.8499999999985,151.6800000000003,True,True,complete,60.52820439213434,62.51734390485629,192,38.4375,0.0,-0.9859369280253896,-0.09601148186025102,0.006727272727526746,0.007592316926698498,0.014333093309331559,0,0
2d35f86d,1747,6628,1732,4896,73.86843693421847,12891.0,12890.0,11880.98,11891.67,10.69000000000051,10.69000000000051,4895.0,0.002183861082737591,True,False,True,11159.0,17786.0,1.0,True,2999153.43,3001504.99,1102458.94,1108224.45,-9676.23,-9001.9,11178.9,12051.84,872.9400000000005,32.93,238.11,0.5,True,11191.34,11893.88,702.539999999999,11863.1,11893.88,12.44000000000051,157.96000000000095,684.2000000000007,157.96000000000095,True,True,complete,24.20036210018105,25.34722222222222,7,31.13909559244419,0.0,-0.778401205273256,-0.2601450372637118,-0.0315151515151316,-0.03014789915970722,-0.026575457545760704,0,0
2d9f6cb9,1123,8627,1289,7338,85.05853715080562,13651.0,13650.0,12523.69,12535.64,11.949999999998909,11.949999999998909,7337.0,0.0016287310890008052,True,False,True,12362.0,20988.0,1.0,True,3006881.16,3010015.09,1074649.75,1082579.04,-10358.54,-10061.63,12187.95,12748.95,561.0,29.71,233.85,0.5,True,12200.01,12540.86,340.85000000000036,12521.34,12540.86,12.05999999999949,208.09000000000015,333.3899999999994,208.09000000000015,True,True,complete,3.836791468644952,3.6249659307713276,4,3.6509349955476402,0.0,-0.09515358235816337,0.1230802295573126,0.020000000000010523,0.023193757502968648,0.01919195919590624,0,0
2ddad940,1551,6812,1481,5331,78.25895478567234,12406.0,12405.0,11701.37,11694.02,-7.350000000000364,7.350000000000364,5330.0,-0.001378986866791813,True,False,True,10925.0,17736.0,1.0,True,2971493.74,2975319.09,1061029.08,1066172.97,-9590.77,-8772.27,11096.45,11871.45,775.0,28.66,195.42,0.5,True,11108.76,11713.52,604.7600000000002,11688.81,11713.52,12.30999999999949,157.9300000000003,592.3599999999988,157.9300000000003,True,True,complete,15.560775102759836,16.375914462577377,18,35.71889103803997,0.0,-0.8875778043536557,-0.7462635731101015,0.006242424242669561,0.0058333733493649426,0.005192619261925479,0,0
2e29e833,3980,7254,1826,5428,74.82768127929418,13424.0,13423.0,12150.02,12152.15,2.1299999999991996,2.1299999999991996,5427.0,0.0003924820342729316,True,False,True,11598.0,18851.0,1.0,True,3023272.78,3023305.99,1108114.97,1114895.81,-10161.79,-9377.21,11331.35,12325.65,994.2999999999993,26.38,168.11,0.25,True,11343.75,12159.46,815.7099999999991,12141.81,12159.46,12.399999999999636,166.1900000000005,810.4599999999991,166.1900000000005,True,True,complete,4.301075268817205,4.476787030213707,2,42.73869346733669,0.0,-0.8568382054668829,-0.647764818085099,-0.015757575756795813,-0.015743577431064727,-0.013450945094520082,0,0
2e43c2ea,1836,7349,1651,5698,77.53435841611103,12089.0,12088.0,11181.61,11188.42,6.809999999999491,6.809999999999491,5697.0,0.0011953659820957505,True,False,True,10438.0,17786.0,1.0,True,2912606.04,2916948.48,1043528.2,1048757.87,-9103.12,-8357.43,10433.81,11350.94,917.130000000001,45.46,226.9,0.5,True,10445.94,11203.31,757.369999999999,11173.45,11195.34,12.130000000001019,147.63000000000102,739.6400000000012,155.60000000000036,True,True,complete,33.433120152401685,35.08248508248508,12,35.62091503267974,0.0,-0.8578816982573075,-0.10935799993472231,-0.03242424242397268,-0.055104441776716785,-0.05436021602161749,0,0
2e63d9de,1845,6505,1806,4699,72.23674096848578,13576.0,13575.0,12533.92,12517.46,-16.460000000000946,16.460000000000946,4698.0,-0.003503618561090027,True,False,True,11770.0,18274.0,1.0,True,3022118.98,3025635.42,1092690.38,1097499.9,-10644.51,-9704.14,11731.09,12652.570000000002,921.4800000000014,29.83,189.64,0.5,True,11743.54,12554.21,810.6699999999983,12512.54,12554.21,12.450000000000728,98.3600000000024,781.4500000000007,98.3600000000024,True,True,complete,14.819369715603381,15.556501383273035,13,41.951219512195124,0.0,-0.9724534634753134,-0.21985835823115324,0.02945454545468908,0.02237166866746945,0.020513951395135576,0,0
2ee0235b,1849,7256,1700,5556,76.57111356119074,12341.0,12340.0,11187.39,11191.48,4.0900000000001455,4.0900000000001455,5555.0,0.0007362736273627625,True,False,True,10641.0,17896.0,1.0,True,2899201.99,2903580.22,1026115.55,1031309.04,-9260.12,-8571.28,10442.45,11366.45,924.0,22.82,168.04,0.5,True,10454.83,11193.43,738.6000000000004,11174.37,11193.43,12.3799999999992,173.02000000000044,731.9200000000001,173.02000000000044,True,True,complete,11.27342888643881,11.753059755219583,7,34.66738777717685,0.0,-0.7644500928446533,-0.22512528835347934,-0.010000000000090539,-0.029620648259308224,-0.024897089708974574,0,0
2f19d536,1294,4744,1656,3088,65.09274873524453,13620.0,13619.0,12279.03,12271.14,-7.890000000001237,7.890000000001237,3087.0,-0.0025558794946554057,True,False,True,11964.0,16707.0,1.0,True,3001149.9,3003835.25,1075591.32,1079255.9,-10193.8,-9710.61,11720.45,12366.95,646.5,31.86,215.44,0.5,True,11732.93,12282.29,549.3600000000006,12269.53,12281.820000000002,12.479999999999563,84.65999999999985,549.0799999999999,85.1299999999992,True,True,complete,30.64924114671164,37.3380829015544,10,20.86553323029366,0.0,-0.8747234618639431,-0.23737992497223245,-0.01999999999996855,-0.02260504201678362,-0.020506210621065734,0,0
2f8e53c3,3039,4133,1539,2594,62.76312605855311,13071.0,13070.0,11952.89,11945.0,-7.889999999999418,7.889999999999418,2593.0,-0.0030428075588119622,True,False,True,11532.0,15664.0,1.0,True,3011769.76,3011950.74,1106739.53,1110561.29,-9885.11,-9244.35,11397.45,12156.95,759.5,27.79,203.62,0.25,True,11409.78,11956.2,546.4200000000001,11945.0,11956.2,12.329999999999927,200.75,547.5499999999993,200.75,True,True,complete,35.20445197193322,42.058596761757904,12,22.40868706811451,0.0,-0.9791137730831693,-0.4621195141472686,-0.004060606060565984,-0.0017915966386267959,-0.002014461446139933,0,0
2fa01aa6,1878,3860,1686,2174,56.32124352331607,13745.0,13744.0,12716.09,12683.71,-32.38000000000102,32.38000000000102,2173.0,-0.014901058444547179,True,False,True,12059.0,15918.0,1.0,True,3022072.71,3024142.09,1085497.61,1088136.67,-10705.04,-9919.41,11936.34,12874.68,938.3400000000001,27.93,198.11,0.5,True,11948.71,12736.570000000002,787.8600000000024,12683.71,12717.95,12.369999999998981,138.10999999999876,747.369999999999,156.72999999999956,True,True,complete,26.709844559585495,39.69641214351426,12,38.498402555910545,0.0,-0.9807277389670715,-0.46394993010236846,-0.007636363636008391,-0.015662424969989326,-0.017081728172824544,0,0
2fd68f7b,1782,6381,1651,4730,74.1263124902053,11725.0,11724.0,10810.63,10874.39,63.76000000000022,63.76000000000022,4729.0,0.01348276591245511,True,False,True,10074.0,16454.0,1.0,True,2997402.82,2999343.73,1122326.53,1127840.23,-9018.9,-7986.83,10066.1,10956.570000000002,890.4700000000012,22.9,177.14999999999998,0.5,True,10078.54,10885.76,807.2199999999993,10809.77,10885.76,12.44000000000051,70.81000000000131,743.6700000000001,70.81000000000131,True,True,complete,56.260774173327064,61.395348837209305,34,34.17508417508417,0.0,-0.9592275963710356,-0.1266718737339199,-0.01727272727259181,-0.019628811524571667,-0.019324932493259096,0,0
2fe023be,2077,6060,1839,4221,69.65346534653465,12799.0,12798.0,11444.45,11427.04,-17.409999999999854,17.409999999999854,4220.0,-0.004125592417061577,True,False,True,10960.0,17019.0,1.0,True,2987910.93,2990180.32,1089270.56,1094267.95,-9480.28,-8682.28,10553.95,11591.95,1038.0,25.9,147.32,0.5,True,10566.3,11461.96,895.6599999999999,11427.04,11461.96,12.349999999998545,129.9900000000016,873.0900000000001,129.9900000000016,True,True,complete,41.270627062706275,44.823501539919455,15,44.15021665864227,0.0,-0.9175491791063087,-0.37893419505867393,0.012000000000097578,0.014157503001225192,0.016235343534341102,0,0
30d75030,1448,5009,1605,3404,67.95767618287083,12183.0,12182.0,10885.83,10839.88,-45.95000000000073,45.95000000000073,3403.0,-0.013502791654422782,True,False,True,10578.0,15586.0,1.0,True,2991714.42,2992012.21,1113862.7,1118597.6,-8936.25,-8418.21,10297.83,11021.27,723.4400000000005,30.96,207.46,0.5,True,10310.21,10893.27,583.0600000000013,10839.88,10893.27,12.3799999999992,128.0,542.0499999999993,128.0,True,True,complete,17.448592533439808,19.829612220916566,7,19.82044198895028,0.0,-0.8469594955824981,0.03932413940733062,0.05775757575741552,0.054507563025212556,0.05758001800179674,0,0
310c71a5,1956,6988,1743,5245,75.05724098454493,12258.0,12257.0,11182.06,11167.84,-14.219999999999345,14.219999999999345,5244.0,-0.0027116704805490743,True,False,True,10515.0,17502.0,1.0,True,2903040.49,2907298.67,1032190.02,1037097.29,-9225.52,-8494.87,10388.95,11366.45,977.5,22.82,168.04,0.5,True,10401.06,11202.23,801.1700000000001,11167.84,11202.23,12.109999999998763,164.22000000000116,778.8899999999994,164.22000000000116,True,True,complete,13.480251860331999,16.24404194470925,9,38.24130879345603,0.0,-0.8529802428908386,-0.35523143218965464,0.0024242424238605687,0.001263385354099619,0.005121512151202802,0,0
32fe84c9,1723,8163,1755,6408,78.50055126791621,13019.0,13018.0,12127.51,12096.16,-31.350000000000364,31.350000000000364,6407.0,-0.004893085687529322,True,False,True,11264.0,19426.0,1.0,True,2984564.94,2984699.76,1065198.4,1072864.37,-9883.78,-9013.84,11418.45,12279.45,861.0,30.84,157.13,0.5,True,11430.93,12133.01,702.0799999999999,12088.94,12127.490000000002,12.479999999999563,146.4400000000005,670.4899999999998,151.95999999999913,True,True,complete,14.737228959941199,15.18414481897628,13,36.56413232733604,0.0,-0.9352193380356313,-0.1799188206346424,-0.025575757576183418,-0.027841056422588776,-0.02993999399940511,0,0
33c40295,1977,5989,1820,4169,69.61095341459342,12700.0,12699.0,11405.81,11415.77,9.960000000000946,9.960000000000946,4168.0,0.0023896353166988835,True,False,True,10880.0,16868.0,1.0,True,2986136.8,2988243.43,1085979.99,1090972.78,-9465.64,-8674.84,10603.95,11591.95,988.0,25.9,147.32,0.5,True,10616.48,11417.740000000002,801.260000000002,11394.740000000002,11417.58,12.529999999998836,174.20999999999913,790.7900000000009,174.3700000000008,True,True,complete,7.4302888629153445,5.325017989925642,85,41.32524026302479,0.0,-0.9235090692059557,0.05462182065337441,-0.054242424242608736,-0.05355582232884081,-0.05227110711071375,0,0
3407f5bf,1529,5309,1671,3638,68.52514597852702,12084.0,12083.0,11008.05,10939.11,-68.93999999999869,68.93999999999869,3637.0,-0.018955182843002114,True,False,True,10413.0,15721.0,1.0,True,2928499.02,2931661.08,1051855.18,1055640.54,-9057.91,-8302.12,10381.37,11145.28,763.9099999999999,23.41,153.88,0.5,True,10393.87,11025.52,631.6499999999996,10939.11,11008.02,12.5,119.76000000000022,557.7399999999998,137.26000000000022,True,True,complete,40.72330005650782,46.01429356789445,16,23.479398299542183,0.0,-0.933946513980938,-0.181046244183731,-0.03327272727267563,-0.03665450180071768,-0.032163396339628135,0,0
3417285d,1006,7458,2009,5449,73.06248323947439,13270.0,13269.0,12164.85,12197.29,32.44000000000051,32.44000000000051,5448.0,0.0059544787077827665,True,False,True,11261.0,18718.0,1.0,True,2983218.97,2984463.62,1055635.84,1062205.24,-10050.89,-9066.18,11782.62,12285.1,502.47999999999956,26.77,120.06,0.5,True,11137.85,12210.62,1072.7700000000004,12164.88,12210.62,-644.7700000000004,74.47999999999956,382.2599999999984,74.47999999999956,False,True,complete,8.031643872351838,9.818315287208662,8,1.0934393638170974,0.0,-0.9570044888234063,-0.47166573803933554,0.010545454545235033,0.009131812725116234,0.006470567056713909,0,0
347242c8,1884,5437,1842,3595,66.12102262276991,12754.0,12753.0,12035.04,12037.53,2.4899999999997817,2.4899999999997817,3594.0,0.0006928213689481864,True,False,True,10912.0,16348.0,1.0,True,3014077.15,3015982.19,1115018.08,1119483.85,-9815.79,-8789.87,11240.45,12181.95,941.5,34.4,156.51999999999998,0.5,True,11252.85,12047.18,794.3299999999999,12032.36,12042.7,12.399999999999636,134.77000000000044,791.9099999999999,139.25,True,True,complete,4.837226411624057,5.702364394993046,6,35.403397027600846,0.0,-0.9651732452045988,-0.30837718179151946,0.0033333333339456263,0.0054458583433633035,-0.010494509450950207,0,0
353e5502,879,7901,1839,6062,76.72446525756233,12271.0,12270.0,11189.8,11188.86,-0.9399999999986903,0.9399999999986903,6061.0,-0.00015508991915503883,True,False,True,10432.0,18332.0,1.0,True,2917845.23,2922588.29,1046947.04,1052536.17,-9109.14,-8273.85,10341.45,11219.45,878.0,48.540000000000006,209.92,1.0,True,10353.06,11201.09,848.0300000000007,11181.5,11201.09,11.609999999998763,18.360000000000582,840.0499999999993,18.360000000000582,True,True,complete,15.415770155676498,19.8449356647971,11,42.43458475540387,0.0,-0.8708650011774893,-0.4067999345427609,0.01096969696933453,0.02391788715487221,0.038636663666365235,0,0
357c12f9,2172,5770,1691,4079,70.69324090121317,11828.0,11827.0,10784.23,10787.65,3.4200000000000728,3.4200000000000728,4078.0,0.0008386463952918276,True,False,True,10137.0,15906.0,1.0,True,2937744.89,2940925.94,1064281.12,1068394.91,-8809.38,-8025.25,9796.17,10881.6,1085.4300000000003,26.08,177.98999999999998,0.5,True,9808.64,10797.95,989.3100000000013,10781.55,10797.95,12.469999999999345,83.64999999999964,985.3799999999992,83.64999999999964,True,True,complete,11.091854419410744,10.98308408923756,8,52.16390423572744,0.0,-0.9394283074478162,-0.5090163788699528,-0.008181818181224033,-0.009677791116400701,-0.004379237923787263,0,0
3584a6eb,1833,6150,1656,4494,73.07317073170732,13205.0,13204.0,12223.77,12214.46,-9.31000000000131,9.31000000000131,4493.0,-0.0020721121744939485,True,False,True,11549.0,17698.0,1.0,True,3009035.05,3011046.23,1092692.4,1097952.74,-10112.65,-9356.53,11450.95,12366.95,916.0,31.86,215.44,0.5,True,11463.46,12224.01,760.5500000000011,12210.4,12224.01,12.5099999999984,142.9400000000005,759.4499999999989,142.9400000000005,True,True,complete,17.560975609756095,20.004450378282154,10,44.135297326786684,0.0,-0.9635164843749251,-0.1556731831952949,-0.007515151515069984,-0.004899399759907998,0.0014255025502647265,0,0
35b30c7f,3179,11270,1691,9579,84.9955634427684,11784.0,11783.0,11002.62,10986.04,-16.579999999999927,16.579999999999927,9578.0,-0.0017310503236583762,True,False,True,10093.0,21362.0,1.0,True,2949953.63,2956979.61,1071659.92,1079680.74,-9037.71,-7866.5,10341.95,11136.45,794.5,24.82,207.12,0.25,True,10354.33,11005.45,651.1200000000008,10970.94,11005.45,12.3799999999992,131.0,628.9899999999998,131.0,True,True,complete,42.56433007985803,44.388767094686294,18,28.247876690783265,0.0,-0.8103898529692954,-0.30726395695365943,0.02430303030337357,0.02906362545020854,0.02779279927992471,0,0
35b3ef6a,1498,5736,1832,3904,68.06136680613668,12013.0,12012.0,10787.740000000002,10750.6,-37.14000000000124,37.14000000000124,3903.0,-0.009515757109915767,True,False,True,10181.0,15916.0,1.0,True,2935036.59,2938546.84,1069371.8,1073440.72,-8606.65,-7992.85,10133.16,10881.6,748.4400000000005,26.08,142.61999999999998,0.5,True,10145.51,10799.36,653.8500000000004,10750.6,10787.72,12.350000000000364,82.23999999999978,617.4400000000005,93.88000000000102,True,True,complete,35.68688981868898,38.47336065573771,8,30.640854472630174,0.0,-0.7923490671821717,-0.11817825928937316,-0.01775757575769521,-0.01812725090033914,-0.020502010201028088,0,0
367456ce,1725,7312,1743,5569,76.1624726477024,12044.0,12043.0,10869.42,10892.76,23.340000000000146,23.340000000000146,5568.0,0.0041918103448276125,True,False,True,10301.0,17612.0,1.0,True,2994968.11,2997282.57,1115337.45,1121737.55,-9099.96,-8126.299999999999,10159.33,11021.27,861.9400000000005,30.96,207.46,0.5,True,10171.46,10893.35,721.8900000000012,10869.43,10892.76,12.1299999999992,127.92000000000007,710.1000000000004,128.51000000000022,True,True,complete,34.46389496717725,34.62021906985096,16,32.69565217391304,0.0,-0.9033786483590377,-0.11558467269326204,0.006909090909170329,-0.0007337334933545024,-0.008164776477648286,0,0
368131f9,1354,6568,1577,4991,75.989646772229,12988.0,12987.0,11875.51,11899.98,24.469999999999345,24.469999999999345,4990.0,0.00490380761523033,True,False,True,11411.0,17978.0,1.0,True,2997074.55,2999315.4,1101522.38,1107371.67,-9641.37,-9152.38,11375.4,12051.84,676.4400000000005,32.93,238.11,0.5,True,11387.7,11914.56,526.8599999999988,11871.5,11914.56,12.300000000001091,137.28000000000065,496.10000000000036,137.28000000000065,True,True,complete,60.73386114494519,63.594470046082954,36,11.152141802067947,0.0,-0.5535893004973157,0.13610109148047242,0.006545454545747943,0.00865978391355299,0.009558955895583499,0,0
368fe682,1263,6416,1480,4936,76.93266832917706,12210.0,12209.0,11280.87,11291.66,10.789999999999054,10.789999999999054,4935.0,0.00218642350557225,True,False,True,10730.0,17145.0,1.0,True,2898541.35,2902555.72,1026383.45,1030979.52,-9217.75,-8701.21,10741.45,11372.45,631.0,29.9,231.0,0.5,True,10753.59,11304.63,551.039999999999,11275.990000000002,11304.63,12.139999999999418,67.82000000000153,534.5400000000009,67.82000000000153,True,True,complete,3.6471321695760595,3.606158833063209,2,22.406967537608868,0.0,-0.720519430030415,-0.12539528082248075,0.0022424242430687186,-0.0038141656663075074,-0.007725472547244384,0,0
3690a146,1965,5761,1688,4073,70.69953133136609,12014.0,12013.0,11198.25,11208.38,10.1299999999992,10.1299999999992,4072.0,0.0024877210216108056,True,False,True,10326.0,16086.0,1.0,True,2909752.96,2913248.84,1036434.0,1040261.61,-9191.81,-8257.96,10384.45,11366.45,982.0,22.82,168.04,0.5,True,10396.56,11209.41,812.8500000000004,11186.23,11209.41,12.109999999998763,157.04000000000087,801.7799999999988,157.04000000000087,True,True,complete,16.663773650407915,17.677387674932483,9,38.524173027989825,0.0,-0.9831424860027345,-0.24990486987036886,-0.03096969696975766,-0.028291476590646594,-0.021157575757565297,0,0
37344c2a,1692,6943,1746,5197,74.85236929281291,12059.0,12058.0,11016.71,11027.39,10.680000000000291,10.680000000000291,5196.0,0.0020554272517321576,True,False,True,10313.0,17255.0,1.0,True,2917876.6,2922406.04,1040502.88,1044965.73,-9203.77,-8279.97,10299.9,11145.28,845.380000000001,23.41,153.88,0.5,True,10311.97,11052.94,740.9700000000012,11012.86,11052.94,12.069999999999709,92.34000000000015,712.960000000001,92.34000000000015,True,True,complete,14.071726919199193,14.354435251106407,5,30.851063829787233,0.0,-0.9935129716261424,-0.3374727878051714,0.011515151514760435,0.00960048019207197,0.007753255325526958,0,0
373ef48b,1502,4992,1483,3509,70.29246794871796,12280.0,12279.0,11183.44,11187.4,3.959999999999127,3.959999999999127,3508.0,0.0011288483466360111,True,False,True,10797.0,15788.0,1.0,True,2904213.89,2907411.44,1023936.49,1027398.68,-9431.66,-8735.7,10615.95,11366.45,750.5,22.82,168.04,0.5,True,10628.490000000002,11194.17,565.6799999999985,11179.86,11194.17,12.540000000000873,172.28000000000065,563.9099999999999,172.28000000000065,True,True,complete,39.04246794871795,45.79652322599031,10,19.573901464713714,0.0,-0.9546401832462708,-0.14573826633213188,0.026545454545463018,0.02511452581030801,0.024395739573949873,0,0
374be387,1955,11802,1837,9965,84.43484155227927,11917.0,11916.0,10711.58,10702.56,-9.020000000000437,9.020000000000437,9964.0,-0.0009052589321558045,True,False,True,10080.0,21881.0,1.0,True,2868947.04,2876358.29,1025825.95,1034303.06,-8699.55,-7901.719999999999,9868.45,10845.45,977.0,22.7,209.56,0.5,True,9880.94,10721.320000000002,840.380000000001,10697.41,10721.320000000002,12.489999999999782,124.1299999999992,828.9599999999991,124.1299999999992,True,True,complete,59.09167937637688,60.87305569493226,15,34.68030690537084,0.0,-0.7288436454052873,-0.22384625788021031,0.03672727272708431,0.040056662665023245,0.027288688868892873,0,0
37d36812,1755,6017,1650,4367,72.57769652650823,13304.0,13303.0,12209.81,12242.44,32.63000000000102,32.63000000000102,4366.0,0.007473660100778978,True,False,True,11654.0,17670.0,1.0,True,3007076.5,3009944.31,1092539.58,1097262.72,-10102.49,-9383.82,11489.95,12366.95,877.0,31.86,215.44,0.5,True,11502.47,12243.55,741.0799999999999,12209.63,12243.55,12.519999999998618,123.40000000000146,719.6799999999985,123.40000000000146,True,True,complete,22.73558251620409,25.188916876574307,10,41.65242165242165,0.0,-0.9446290488042374,-0.10598212399982533,-0.0022424242419081288,-0.001468907562990264,-0.006833843384336574,0,0
38991fd4,3812,6545,1747,4798,73.30786860198624,12184.0,12183.0,11221.48,11209.4,-12.079999999999927,12.079999999999927,4797.0,-0.0025182405670210396,True,False,True,10437.0,16981.0,1.0,True,2931653.11,2935712.43,1055232.09,1059653.53,-9050.94,-8277.31,10380.28,11331.96,951.6799999999985,22.58,196.86,0.25,True,10392.78,11221.52,828.7399999999998,11193.2,11221.52,12.5,110.43999999999869,812.9200000000001,110.43999999999869,True,True,complete,25.729564553093965,27.032096706961234,187,37.408184679958026,0.0,-0.8745872047530736,-0.22331077785326225,0.008727272727024097,0.01631548619446351,0.01894851485149366,0,0
389ae58f,1972,8201,1738,6463,78.80746250457261,12555.0,12554.0,11707.31,11759.06,51.75,51.75,6462.0,0.008008356545961003,True,False,True,10817.0,19017.0,1.0,True,2970934.82,2975611.92,1065587.65,1071695.54,-9557.65,-8598.93,10885.95,11871.45,985.5,28.66,195.42,0.5,True,10898.46,11775.87,877.4100000000017,11707.37,11775.87,12.5099999999984,95.57999999999993,821.4200000000001,95.57999999999993,True,True,complete,18.65626143153274,19.542008355252978,11,49.44219066937119,0.0,-0.9609080969705664,-0.3734980368554153,0.05757575757598787,0.05684897959181491,0.06249966996700255,0,0
3932faa6,2262,7388,1936,5452,73.79534380075799,13428.0,13427.0,12030.31,12027.22,-3.0900000000001455,3.0900000000001455,5451.0,-0.000566868464501953,True,False,True,11492.0,18879.0,1.0,True,2918601.21,2922884.32,1015790.87,1021135.79,-10194.2,-9383.87,11072.45,12202.95,1130.5,18.53,317.9,0.5,True,11084.64,12058.92,974.2800000000007,12001.85,12053.98,12.18999999999869,144.03000000000065,929.3999999999996,148.97000000000116,True,True,complete,29.08770979967515,30.502567865003666,11,0.0,0.0,-0.9176875406892432,-0.29986559005962043,-0.015575757575342863,-0.01982280912369418,-0.01981146114611567,0,0
398dce4b,1944,5005,1839,3166,63.256743256743256,11904.0,11903.0,10820.2,10834.02,13.819999999999709,13.819999999999709,3165.0,0.004366508688783478,True,False,True,10065.0,15069.0,1.0,True,2951327.89,2954283.36,1083611.06,1086961.39,-8629.42,-7832.59,9992.47,10963.71,971.2399999999998,24.5,198.91,0.5,True,10004.59,10834.02,829.4300000000003,10809.71,10834.02,12.1200000000008,129.6899999999987,817.2399999999998,129.6899999999987,True,True,complete,44.255744255744254,49.90524320909665,18,42.28395061728395,0.0,-0.952518611695069,-0.3865373037442635,-0.009999999999695988,-0.013717166866808352,-0.011454665466530997,0,0
39b51819,1783,6382,2151,4231,66.29583202757756,12502.0,12501.0,10982.86,10984.04,1.180000000000291,1.180000000000291,4230.0,0.0002789598108747733,True,False,True,10351.0,16732.0,1.0,True,2918643.15,2922613.13,1049091.49,1053323.53,-9012.63,-8263.97,10254.42,11145.28,890.8600000000006,23.41,153.88,0.5,True,10266.91,10991.990000000002,725.0800000000017,10978.48,10988.8,12.489999999999782,153.28999999999905,724.0599999999995,156.48000000000138,True,True,complete,52.99279222814165,55.82604585204444,28,34.38025799214807,0.0,-0.8955728459775831,0.04951741370007411,0.0046060606060655054,0.0043169267707214186,0.0035330333033433458,0,0
3a0af893,2491,4580,1653,2927,63.90829694323145,13621.0,13620.0,12189.64,12210.92,21.280000000000655,21.280000000000655,2926.0,0.0072727272727274965,True,False,True,11968.0,16547.0,1.0,True,3019518.64,3022261.73,1105388.24,1108789.35,-10276.7,-9844.44,11703.55,12325.65,622.1000000000004,26.38,168.11,0.25,True,11716.0,12216.83,500.8299999999999,12189.65,12216.83,12.450000000000728,108.81999999999971,486.10000000000036,108.81999999999971,True,True,complete,48.951965065502186,51.75948069695935,18,8.51063829787234,0.0,-0.7778435237837672,0.011042313249115497,0.00999999999991804,0.010521488595446094,0.007927632763293948,0,0
3a223519,2234,6581,1998,4583,69.63987235982374,13857.0,13856.0,12819.1,12804.240000000002,-14.859999999998763,14.859999999998763,4582.0,-0.0032431252728063647,True,False,True,11859.0,18439.0,1.0,True,2944909.41,2946391.01,1009287.73,1015039.07,-10976.67,-9815.06,11865.45,12981.95,1116.5,28.29,176.98999999999998,0.5,True,11877.58,12822.85,945.2700000000004,12800.91,12819.41,12.1299999999992,159.10000000000036,935.4599999999991,162.54000000000087,True,True,complete,12.262574076888011,9.14248308967925,14,50.08952551477171,0.0,-0.9690076191843977,-0.4714010540286165,0.006545454545491885,0.006158463385351073,0.005008580858085617,0,0
3a7dd95d,1256,4320,1248,3072,71.11111111111111,12256.0,12255.0,11895.75,11889.5,-6.25,6.25,3071.0,-0.0020351676978183,True,False,True,11008.0,15327.0,1.0,True,2914673.66,2917570.67,1030517.86,1033504.45,-9442.24,-8983.19,11439.95,12067.45,627.5,21.97,173.91,0.5,True,11452.31,11901.73,449.4200000000001,11874.08,11901.73,12.359999999998763,165.72000000000116,434.1299999999992,165.72000000000116,True,True,complete,42.89351851851852,47.36328125,13,0.0,0.0,-0.9785325828456634,0.09864354870517095,0.00200000000006077,0.0044931572629784795,0.006949594959500098,0,0
3a824aa7,1417,5678,1477,4201,73.98731947868968,13372.0,13371.0,12210.62,12214.02,3.399999999999636,3.399999999999636,4200.0,0.0008095238095237229,True,False,True,11895.0,17572.0,1.0,True,3010566.68,3012400.71,1093533.45,1098599.86,-10166.04,-9634.49,11658.95,12366.95,708.0,31.86,215.44,0.5,True,11671.45,12214.67,543.2199999999993,12197.06,12214.67,12.5,152.28000000000065,538.1099999999988,152.28000000000065,True,True,complete,46.72419866150052,47.17924303737205,16,27.73465067043049,0.0,-0.893165854970339,0.09819660876553615,0.002424242424624148,0.0002223289315410134,0.0010796879688092097,0,0
3a86fe8d,1405,6572,1454,5118,77.87583688374924,12430.0,12429.0,11450.46,11447.320000000002,-3.139999999997599,3.139999999997599,5117.0,-0.0006136408051588038,True,False,True,10976.0,17547.0,1.0,True,2988684.38,2990786.26,1095570.24,1101380.8,-9435.67,-8712.39,10892.88,11594.55,701.6700000000001,27.21,224.46,0.5,True,10905.0,11487.2,582.2000000000007,11431.85,11450.39,12.1200000000008,107.34999999999854,538.9700000000012,144.15999999999985,True,True,complete,45.05477784540475,47.81164517389605,18,11.886120996441282,0.0,-0.8950219968633234,0.0699209270195458,-0.07096969696976001,-0.06347418967588873,-0.05549138913890916,0,0
3aaa2b30,1401,6396,1685,4711,73.65540963101938,12104.0,12103.0,10886.86,10911.92,25.05999999999949,25.05999999999949,4710.0,0.005320594479830041,True,False,True,10419.0,16814.0,1.0,True,2991484.33,2992608.53,1114139.04,1120062.5,-9018.91,-8209.56,10321.320000000002,11021.27,699.9499999999989,30.96,207.46,0.5,True,10333.81,10915.86,582.0500000000011,10882.48,10915.86,12.489999999997963,105.40999999999985,561.159999999998,105.40999999999985,True,True,complete,27.954971857410882,31.22479303757164,9,17.130620985010705,0.0,-0.9191996894568996,0.02256907806427157,-0.01757575757562009,-0.0073637454982170445,0.0045581158115817815,0,0
3ac16ad0,1878,7412,1763,5649,76.2142471667566,11915.0,11914.0,10961.66,10964.3,2.639999999999418,2.639999999999418,5648.0,0.0004674220963171774,True,False,True,10152.0,17563.0,1.0,True,2888529.56,2893355.05,1019555.49,1024390.62,-9042.82,-8105.34,10172.13,11110.62,938.4900000000016,38.67,221.13,0.5,True,10184.63,10985.26,800.630000000001,10955.44,10985.26,12.5,125.36000000000058,783.3100000000013,125.36000000000058,True,True,complete,24.919050188882892,25.261108160736413,13,36.2087326943557,0.0,-0.9527012058474913,-0.28836274538794476,-0.007575757576026135,-0.0025344537815528683,-0.0023897389739005923,0,0
3b21ea64,2114,9103,1727,7376,81.02823245084039,13591.0,13590.0,12425.91,12437.01,11.100000000000364,11.100000000000364,7375.0,0.0015050847457627613,True,False,True,11864.0,20966.0,1.0,True,3007304.6,3010422.66,1074651.56,1082748.3,-10252.5,-9560.44,11692.45,12748.95,1056.5,29.71,233.85,0.5,True,11704.75,12439.7,734.9500000000007,12411.29,12439.7,12.299999999999272,309.25,718.8400000000001,309.25,True,True,complete,5.481709326595627,6.033080260303687,5,48.81740775780511,0.0,-0.7184847014154628,-0.6617629691370162,-0.0012727272724975488,0.0028211284513978358,0.010680348034810013,0,0
3bbe1f5d,1843,8184,1266,6918,84.5307917888563,11744.0,11743.0,11194.53,11210.68,16.149999999999636,16.149999999999636,6917.0,0.002334827237241526,True,False,True,10478.0,18661.0,1.0,True,2903833.27,2908904.61,1025390.2,1031100.01,-9457.14,-8448.39,10445.45,11366.45,921.0,22.82,168.04,0.5,True,10457.75,11210.68,752.9300000000003,11189.06,11210.68,12.299999999999272,155.77000000000044,743.6099999999988,155.77000000000044,True,True,complete,40.51808406647116,45.9525874530211,31,34.454693434617475,0.0,-0.9167379795247166,-0.04369279482115549,-0.030000000000099895,-0.026240096038400388,-0.014686408640855575,0,0
3bfee975,1365,5088,1485,3603,70.81367924528303,13077.0,13076.0,12164.26,12157.63,-6.630000000001019,6.630000000001019,3602.0,-0.001840644086618828,True,False,True,11592.0,16679.0,1.0,True,3000380.78,3002069.7,1085886.68,1090364.59,-9900.35,-9264.13,11684.95,12366.95,682.0,31.86,215.44,0.5,True,11697.41,12178.58,481.1700000000001,12153.18,12178.58,12.459999999999127,188.3700000000008,468.22999999999956,188.3700000000008,True,True,complete,57.80267295597484,60.72717180127671,17,24.98168498168498,0.0,-0.9432468698638136,-0.5427949096659852,-0.00848484848533652,-0.01018103241293533,-0.009645004500461362,0,0
3c3dbcbc,1767,6911,1842,5069,73.3468383736073,13000.0,12999.0,11859.75,11865.31,5.559999999999491,5.559999999999491,5068.0,0.0010970797158641457,True,False,True,11158.0,18068.0,1.0,True,2999952.72,3001962.13,1095812.08,1101879.87,-9785.5,-8979.84,11168.9,12051.84,882.9400000000005,32.93,238.11,0.5,True,11051.240000000002,11877.65,826.409999999998,11848.65,11877.65,-117.65999999999804,174.1900000000005,679.75,174.1900000000005,False,True,complete,53.248444508754154,56.42138488853817,23,31.918505942275043,0.0,-0.9517468366782098,-0.18977912939834177,-0.0014545454539751242,-0.001471308523391433,-0.0028417041704189663,0,0
3d96d897,1488,7147,1488,5659,79.18007555617741,12204.0,12203.0,11202.03,11205.7,3.6700000000000728,3.6700000000000728,5658.0,0.0006486390950866159,True,False,True,10716.0,17862.0,1.0,True,2905870.8,2910383.72,1026922.95,1031971.77,-9474.12,-8678.46,10622.95,11366.45,743.5,22.82,168.04,0.5,True,10635.15,11207.28,572.130000000001,11195.44,11207.28,12.199999999998909,159.17000000000007,572.4899999999998,159.17000000000007,True,True,complete,6.688120889883867,7.227425340166108,7,18.817204301075268,0.0,-0.8817004133784887,0.017649578587698767,-0.005696969696324713,-0.0029354141656545347,8.478847883429093e-05,0,0
3df4b19e,1832,6658,1670,4988,74.9173926103935,12520.0,12519.0,11382.94,11373.65,-9.290000000000873,9.290000000000873,4987.0,-0.0018628433928215107,True,False,True,10850.0,17507.0,1.0,True,3006017.64,3006162.05,1116433.37,1122606.65,-9386.97,-8695.57,10622.4,11537.41,915.0100000000002,28.58,224.14,0.5,True,10634.740000000002,11388.27,753.5299999999988,11370.67,11388.27,12.340000000001965,149.13999999999942,748.2700000000004,149.13999999999942,True,True,complete,28.05647341544007,29.47072975140337,9,34.06113537117904,0.0,-0.8908961259266398,-0.08642452113225511,-0.006727272726932441,-0.006547899159683582,-0.0063927992799403316,0,0
3e011332,2505,4842,2119,2723,56.237092110698065,12677.0,12676.0,11428.740000000002,11423.21,-5.530000000002474,5.530000000002474,2722.0,-0.0020315944158715922,True,False,True,10558.0,15399.0,1.0,True,2984883.78,2986389.99,1085379.07,1089198.28,-9437.47,-8377.16,10339.95,11591.95,1252.0,25.9,147.32,0.5,True,10352.31,11463.240000000002,1110.930000000002,11422.27,11463.240000000002,12.359999999998763,128.70999999999913,1082.3199999999997,128.70999999999913,True,True,complete,1.900041305245766,1.7994858611825193,2,53.69261477045908,0.0,-0.9838695756983652,-0.3745030668975401,0.01484848484904467,0.017343097238951617,0.017534653465360556,0,0
3e678ea7,1623,8737,1879,6858,78.4937621609248,13813.0,13812.0,12528.21,12532.78,4.570000000001528,4.570000000001528,6857.0,0.0006664722181714347,True,False,True,11934.0,20670.0,1.0,True,3016370.56,3019244.78,1087425.53,1095175.26,-10526.74,-9630.9,11842.08,12652.570000000002,810.4900000000016,29.83,189.64,0.5,True,11854.46,12551.13,696.6700000000001,12523.66,12551.13,12.3799999999992,101.44000000000233,681.5799999999999,101.44000000000233,True,True,complete,38.58303765594598,39.28258967629046,16,34.011090573012936,0.0,-0.9486440033506833,-0.166491533062596,-2.457671633044736e-13,-0.0016057623049802608,-0.001123492349239566,0,0
3ef6372a,2119,6666,1939,4727,70.9120912091209,12292.0,12291.0,11415.56,11413.37,-2.1899999999986903,2.1899999999986903,4726.0,-0.000463393990689524,True,False,True,10353.0,17018.0,1.0,True,2981085.74,2985109.22,1096526.76,1101078.55,-9156.85,-8119.27,10535.92,11594.55,1058.6299999999992,27.21,224.46,0.5,True,10548.11,11425.18,877.0699999999997,11404.070000000002,11425.18,12.19000000000051,169.36999999999898,868.1500000000015,169.36999999999898,True,True,complete,3.8853885388538854,3.469430928707425,14,41.5762151958471,0.0,-0.9768503928721054,-0.20030493350418868,-0.0012727272727798967,-0.0040307322929197375,-0.003751515151536172,0,0
3ef98781,1402,5343,1451,3892,72.84297211304511,12726.0,12725.0,11963.61,11960.96,-2.650000000001455,2.650000000001455,3891.0,-0.0006810588537654729,True,False,True,11275.0,16617.0,1.0,True,3012051.55,3012168.31,1115377.46,1120431.45,-9596.8,-9111.28,11481.45,12181.95,700.5,34.4,156.51999999999998,0.5,True,11493.91,11969.85,475.9400000000005,11943.98,11963.570000000002,12.459999999999127,212.10000000000036,462.52999999999884,218.3799999999992,True,True,complete,3.9303761931499155,3.802672147995889,2,13.195435092724678,0.0,-0.8595612243887387,-0.4021575261659395,-0.0419999999999143,-0.043068427370951706,-0.034255445544577136,0,0
3f603129,1345,6599,1548,5051,76.54190028792242,11871.0,11870.0,10974.28,10989.3,15.019999999998618,15.019999999998618,5050.0,0.0029742574257423005,True,False,True,10323.0,16921.0,1.0,True,3005052.48,3006354.92,1130105.94,1136223.41,-8963.95,-8191.110000000001,10450.45,11122.45,672.0,38.91,273.82,0.5,True,10462.52,11018.37,555.8500000000004,10974.34,11018.37,12.069999999999709,104.07999999999993,523.8899999999994,104.07999999999993,True,True,complete,30.095469010456128,30.291031478915066,7,16.20817843866171,0.0,-0.9015915858410124,0.14405363157961473,0.06296969696971873,0.06168643457382432,0.0594870687068769,0,0
404c4384,1787,2612,1701,911,34.87748851454824,11944.0,11943.0,10810.45,10819.35,8.899999999999636,8.899999999999636,910.0,0.00978021978021938,True,False,True,10243.0,12854.0,1.0,True,2955073.23,2956494.76,1085438.49,1087037.95,-8656.85,-7939.4,10070.97,10963.71,892.7399999999998,24.5,198.91,0.5,True,10083.09,10819.35,736.2600000000002,10810.47,10819.35,12.1200000000008,144.35999999999876,739.5,144.35999999999876,True,True,complete,19.716692189892804,33.15038419319429,14,37.21320649132625,0.0,-0.9965456867398425,-0.413514816048841,0.02593939393876934,0.03319327731086042,0.03381470147014656,0,0
4121c517,2113,5471,1748,3723,68.04971668799122,12015.0,12014.0,10947.09,10959.76,12.670000000000073,12.670000000000073,3722.0,0.003404083825900073,True,False,True,10267.0,15737.0,1.0,True,3007147.16,3008373.68,1128825.33,1133647.57,-9006.32,-8218.1,10066.45,11122.45,1056.0,38.91,273.82,0.5,True,10078.56,10968.04,889.4800000000014,10939.75,10968.04,12.109999999998763,154.40999999999985,873.2999999999993,154.40999999999985,True,True,complete,32.79108024127216,38.65162503357508,10,46.66351159488878,0.0,-0.9429222794280366,-0.6311352040917901,0.012969696969863224,0.011503961584594696,0.011408580858087977,0,0
41fb0192,1250,4381,1408,2973,67.86121889979457,13464.0,13463.0,12593.8,12599.17,5.3700000000008,5.3700000000008,2972.0,0.0018068640646032304,True,False,True,12056.0,16436.0,1.0,True,3006235.14,3008491.68,1073979.64,1077399.65,-10424.18,-9793.65,12124.45,12748.95,624.5,29.71,233.85,0.5,True,12136.78,12601.66,464.8799999999992,12593.31,12601.66,12.329999999999927,147.29000000000087,468.85999999999876,147.29000000000087,True,True,complete,5.866240584341475,6.222670702993609,4,13.44,0.0,-0.9400262870034646,-0.21170368897563688,0.018727272726881218,0.02032076830736536,0.020349774977490808,0,0
42669188,2155,6080,1798,4282,70.42763157894737,12445.0,12444.0,11623.16,11587.28,-35.8799999999992,35.8799999999992,4281.0,-0.008381219341275215,True,False,True,10647.0,16726.0,1.0,True,2968183.09,2971388.45,1060599.85,1065108.51,-9362.83,-8525.96,10794.45,11871.45,1077.0,28.66,195.42,0.5,True,10807.0,11624.16,817.1599999999999,11586.0,11623.75,12.549999999999272,247.29000000000087,791.5499999999993,247.70000000000073,True,True,complete,7.467105263157895,7.51985053713218,8,53.735498839907194,0.0,-0.942622959283372,-0.7222266506505692,0.023393939394094402,0.03061272509001612,0.022927272727274007,0,0
42c538a1,1097,4762,1483,3279,68.85762284754306,12492.0,12491.0,11283.46,11303.42,19.960000000000946,19.960000000000946,3278.0,0.00608907870652866,True,False,True,11009.0,15770.0,1.0,True,2907458.31,2910486.94,1020466.86,1023850.36,-9519.51,-9039.39,10824.45,11372.45,548.0,29.9,231.0,0.5,True,10836.87,11318.81,481.9399999999987,11276.42,11318.81,12.420000000000073,53.64000000000124,451.96999999999935,53.64000000000124,True,True,complete,22.51154976900462,24.306190911863375,6,10.665451230628987,0.0,-0.9831293238960078,-0.050249598968292196,-0.022000000000144904,-0.021393037214901614,-0.024541254125410254,0,0
43b06c70,1888,6590,1744,4846,73.53566009104703,13024.0,13023.0,11903.54,11906.22,2.679999999998472,2.679999999998472,4845.0,0.000553147574819086,True,False,True,11280.0,17869.0,1.0,True,3004283.6,3006368.81,1104860.43,1110549.04,-9836.37,-9082.32,11108.4,12051.84,943.4400000000005,32.93,238.11,0.5,True,11120.93,11919.85,798.9200000000001,11902.63,11919.85,12.530000000000655,131.98999999999978,794.2299999999996,131.98999999999978,True,True,complete,15.35660091047041,16.48782501031779,5,36.28177966101695,0.0,-0.8390672988283364,-0.1312728415012899,0.0512727272725521,0.05202545018006703,0.05227704770478057,0,0
43c7f85a,1409,7484,1506,5978,79.87707108498128,11935.0,11934.0,10976.95,10968.5,-8.450000000000728,8.450000000000728,5977.0,-0.00141375271875535,True,False,True,10429.0,17912.0,1.0,True,2885816.29,2890532.64,1016535.84,1021929.64,-9121.5,-8337.75,10406.63,11110.62,703.9900000000016,38.67,204.21,0.5,True,10419.02,10978.5,559.4799999999996,10954.23,10978.5,12.390000000001237,132.1200000000008,547.6000000000004,132.1200000000008,True,True,complete,48.77071084981293,50.434928069588494,12,14.97515968772179,0.0,-0.8259800886301338,-0.06743842665623427,-0.0012727272719692663,0.0005171668667304097,0.001395439543963965,0,0
43e16325,2417,5845,2125,3720,63.64414029084687,12395.0,12394.0,10952.1,11036.23,84.1299999999992,84.1299999999992,3719.0,0.022621672492605324,True,False,True,10270.0,16114.0,1.0,True,2927209.0,2931178.75,1047305.97,1050708.5,-9252.16,-8192.86,9937.5,11145.28,1207.7800000000007,23.41,191.1,0.5,True,9949.65,11036.23,1086.58,10951.75,11036.23,12.149999999999636,109.05000000000109,1014.25,109.05000000000109,True,True,complete,17.69033361847733,16.048387096774196,10,51.59288374017377,0.0,-0.996942632091244,-0.41880754563821226,-0.007575757575270903,-0.00900216086435295,-0.005965976597646468,0,0
44441e54,2475,5568,1211,4357,78.2507183908046,12881.0,12880.0,11971.16,11966.01,-5.149999999999636,5.149999999999636,4356.0,-0.0011822773186408715,True,False,True,11670.0,17237.0,1.0,True,3011706.44,3011950.34,1105173.51,1110542.48,-9943.26,-9380.62,11538.45,12156.95,618.5,27.79,203.62,0.25,True,11550.85,11976.91,426.0599999999995,11963.56,11976.91,12.399999999999636,180.04000000000087,425.10999999999876,180.04000000000087,True,True,complete,35.95545977011494,40.945604773927016,10,4.7272727272727275,0.0,-0.9231035847697836,-0.23685324590099363,-0.013272727272946162,-0.013851620648255673,-0.01375421542152384,0,0
445af6c2,2137,7998,1957,6041,75.53138284571142,12254.0,12253.0,11223.73,11188.02,-35.70999999999913,35.70999999999913,6040.0,-0.005912251655628994,True,False,True,10297.0,18294.0,1.0,True,2907266.44,2912184.29,1032261.93,1037843.06,-9325.37,-8216.56,10298.45,11366.45,1068.0,22.82,168.04,0.5,True,10310.51,11225.990000000002,915.4800000000014,11186.93,11225.990000000002,12.05999999999949,140.45999999999913,888.4799999999996,140.45999999999913,True,True,complete,14.591147786946737,16.073497765270652,22,43.47215722976135,0.0,-0.9434845271718489,-0.5144824014804604,0.03424242424216602,0.035608643457398725,0.03939441944193664,0,0
4463446c,1088,4729,1473,3256,68.85176570099387,11896.0,11895.0,10510.78,10532.1,21.31999999999971,21.31999999999971,3255.0,0.006549923195084396,True,False,True,10423.0,15151.0,1.0,True,2945047.59,2947983.86,1070843.52,1074311.96,-8825.71,-8233.15,10125.070000000002,10668.02,542.9499999999989,24.39,141.2,0.5,True,10125.76,10542.53,416.77000000000044,10510.16,10542.53,0.6899999999986903,125.48999999999978,385.0899999999983,125.48999999999978,True,True,complete,18.841192641150347,19.77886977886978,5,0.0,0.0,-0.9108081098848424,0.2100595154098918,0.008484848484701223,0.013078031212492859,0.012962676267617268,0,0
44a94013,668,6492,1589,4903,75.52372150338878,12054.0,12053.0,10931.54,10871.44,-60.100000000000364,60.100000000000364,4902.0,-0.012260301917584733,True,False,True,10465.0,16956.0,1.0,True,2886505.26,2891012.98,1027725.15,1032077.88,-8884.55,-8384.79,10411.01,11077.56,666.5499999999993,23.92,192.06,1.0,True,10422.66,10953.08,530.4200000000001,10871.44,10931.52,11.649999999999636,124.47999999999956,460.4300000000003,146.03999999999905,True,True,complete,24.229821318545902,25.02549459514583,9,0.0,0.0,-0.7214104386672158,-0.13673872814522764,-0.022787878787697616,-0.02856134453784637,-0.03635169516952237,0,0
45fb3e21,2177,5626,1977,3649,64.85958051901885,12843.0,12842.0,11468.84,11433.12,-35.719999999999345,35.719999999999345,3648.0,-0.009791666666666487,True,False,True,10866.0,16491.0,1.0,True,2989709.53,2991519.58,1090197.16,1094878.76,-9551.38,-8618.46,10503.95,11591.95,1088.0,25.9,147.32,0.5,True,10516.240000000002,11477.1,960.8599999999988,11428.820000000002,11468.83,12.290000000000873,114.85000000000036,924.8700000000008,123.1200000000008,True,True,complete,47.72484891574831,56.61825157577418,19,46.7156637574644,0.0,-0.9733171776731405,-0.4097742501661262,-0.006727272727110726,-0.004682833133304666,-0.0040553255325408806,0,0
460f859e,1607,4982,1646,3336,66.9610598153352,12106.0,12105.0,11214.37,11186.38,-27.9900000000016,27.9900000000016,3335.0,-0.00839280359820138,True,False,True,10460.0,15441.0,1.0,True,2913098.0,2915980.42,1038543.8,1041975.13,-9165.05,-8381.22,10548.3,11350.94,802.6400000000012,45.46,226.9,0.5,True,10560.39,11244.820000000002,684.4300000000021,11183.8,11244.820000000002,12.090000000000146,106.11999999999898,635.5,106.11999999999898,True,True,complete,57.2059413890004,62.05035971223022,23,26.446795270690725,0.0,-0.9901645253895222,-0.08854133596246531,0.03375757575728205,0.03570036014408518,0.03539459945995235,0,0
4630ab92,4421,5307,1934,3373,63.5575654795553,13285.0,13284.0,12026.36,12019.89,-6.470000000001164,6.470000000001164,3372.0,-0.0019187425860027177,True,False,True,11351.0,16657.0,1.0,True,3012797.22,3014485.79,1100359.79,1104767.78,-10145.49,-9254.8,11051.95,12156.95,1105.0,27.79,203.62,0.25,True,11064.4,12027.45,963.0500000000011,12003.11,12027.45,12.449999999998909,129.5,951.1599999999999,129.5,True,True,complete,24.571320896928587,27.334716869255853,16,46.663650757747114,0.0,-0.986094403588354,-0.07898643465740933,-0.002424242424092841,-0.002234813925554705,-0.001031083108307914,0,0
463c38f2,2458,6048,1588,4460,73.74338624338624,12363.0,12362.0,11182.63,11184.64,2.0100000000002183,2.0100000000002183,4459.0,0.00045077371607988746,True,False,True,10775.0,16822.0,1.0,True,2933165.07,2937098.11,1056519.16,1060880.8,-9027.78,-8616.0,10718.46,11331.96,613.5,22.58,169.79,0.25,True,10730.92,11195.45,464.53000000000065,11172.19,11192.08,12.460000000000946,136.5099999999984,453.7300000000014,139.8799999999992,True,True,complete,20.60185185185185,22.780269058295964,7,2.9292107404393817,0.0,-0.47590448707458083,0.20318630130204163,0.04575757575772485,0.0457848739495886,0.03563456345634854,0,0
4654e7de,1517,7010,1637,5373,76.64764621968617,12369.0,12368.0,11220.92,11228.06,7.139999999999418,7.139999999999418,5372.0,0.0013291139240505245,True,False,True,10732.0,17741.0,1.0,True,2906951.58,2911431.08,1027983.86,1032888.39,-9488.79,-8676.44,10608.45,11366.45,758.0,22.82,168.04,0.5,True,10620.98,11234.02,613.0400000000009,11211.71,11234.02,12.529999999998836,132.4300000000003,603.2599999999984,132.4300000000003,True,True,complete,4.935805991440799,5.025125628140704,4,20.369149637442323,0.0,-0.9200014914319872,-0.15132553447215305,0.0399999999999703,0.03719231692679494,0.030127272727261564,0,0
466fc788,4112,7767,1570,6197,79.78627526715592,12994.0,12993.0,11993.9,12016.320000000002,22.42000000000189,22.42000000000189,6196.0,0.00361846352485505,True,False,True,11424.0,19190.0,1.0,True,3007804.65,3011428.41,1098687.0,1104919.55,-10052.76,-9242.97,11129.2,12156.95,1027.75,27.79,203.62,0.25,True,11141.52,12024.490000000002,882.9700000000012,11986.5,12024.490000000002,12.319999999999709,132.45999999999913,857.2999999999993,132.45999999999913,True,True,complete,45.51306810866486,47.97482652896563,31,42.6556420233463,0.0,-0.9262376462218543,-0.11533449261055989,-0.05854545454580019,-0.051613925570282534,-0.0602194419441907,0,0
46a301e9,2133,9962,1736,8226,82.57378036538847,11861.0,11860.0,10973.64,10961.12,-12.519999999998618,12.519999999998618,8225.0,-0.0015221884498478563,True,False,True,10125.0,20086.0,1.0,True,2971114.38,2977166.29,1092007.46,1099255.8,-8869.38,-7834.799999999999,10245.55,11311.5,1065.9500000000007,33.05,256.22,0.5,True,10257.71,10974.4,716.6900000000005,10955.96,10974.4,12.159999999999854,337.10000000000036,710.4099999999999,337.10000000000036,True,True,complete,43.97711302951215,45.64794553853635,17,44.86638537271448,0.0,-0.876446479074472,-0.8714922811428496,0.009999999999821721,0.011667707082833097,0.016295409540969284,0,0
46a7190b,1384,5646,1431,4215,74.65462274176407,13572.0,13571.0,12490.41,12505.86,15.450000000000728,15.450000000000728,4214.0,0.0036663502610348193,True,False,True,12141.0,17786.0,1.0,True,3025095.03,3025715.58,1094858.17,1100150.84,-10594.96,-9989.85,11961.53,12652.570000000002,691.0400000000009,29.83,189.64,0.5,True,11973.95,12517.06,543.1099999999988,12489.3,12517.06,12.420000000000073,135.51000000000204,527.7699999999986,135.51000000000204,True,True,complete,35.476443499822885,40.99644128113879,17,22.615606936416185,0.0,-0.9861778231653234,-0.06736808161747392,-0.008181818181578683,-0.004948379351721066,-0.0026238823882246097,0,0
46d24a09,1665,6123,1674,4449,72.66046055854973,13943.0,13942.0,12738.91,12759.08,20.170000000000073,20.170000000000073,4448.0,0.00453462230215829,True,False,True,12269.0,18391.0,1.0,True,2947526.24,2950215.96,1015519.87,1020663.56,-10689.81,-10120.64,12149.95,12981.95,832.0,28.29,176.98999999999998,0.5,True,12162.28,12779.66,617.3799999999992,12738.92,12779.66,12.329999999999927,202.29000000000087,588.9699999999993,202.29000000000087,True,True,complete,20.088192062714356,21.038435603506407,17,33.033033033033036,0.0,-0.6359101091576816,-0.3833312679234197,0.005393939393368882,5.714285714987832e-05,-0.004393279327928452,0,0
46d41ff6,1220,9226,1325,7901,85.63841318014308,12990.0,12989.0,12061.59,12072.05,10.459999999999127,10.459999999999127,7900.0,0.001324050632911282,True,False,True,11665.0,20890.0,1.0,True,2990320.35,2993580.25,1063143.59,1071536.43,-10160.27,-9468.27,11669.95,12279.45,609.5,30.84,157.13,0.5,True,11682.29,12078.86,396.5699999999997,12053.990000000002,12078.86,12.340000000000146,200.59000000000015,384.0400000000009,200.59000000000015,True,True,complete,30.7175373943204,33.502088343247685,29,10.40983606557377,0.0,-0.6707988032313772,0.1382042666980764,-0.004242424242222848,-0.0026324129650623523,0.003370177017702239,0,0
46dfcfca,1271,4921,1315,3606,73.27778906726276,13479.0,13478.0,12482.81,12526.15,43.340000000000146,43.340000000000146,3605.0,0.012022191400832218,True,False,True,12164.0,17084.0,1.0,True,3024765.93,3025275.46,1095418.04,1100029.49,-10603.14,-10014.58,12018.0,12652.570000000002,634.5700000000015,29.83,189.64,0.5,True,12030.06,12526.15,496.09000000000015,12482.85,12526.15,12.05999999999949,126.42000000000189,464.85000000000036,126.42000000000189,True,True,complete,46.0475513107092,52.68996117581808,13,15.735641227380015,0.0,-0.9880056569436219,-0.026031824541471866,0.04096969697022756,0.03474573829533383,0.030702370237030048,0,0
47222616,1208,5835,1429,4406,75.50985432733505,13296.0,13295.0,12201.84,12216.2,14.360000000000582,14.360000000000582,4405.0,0.0032599318955733444,True,False,True,11867.0,17701.0,1.0,True,3008705.72,3010739.45,1092537.74,1097815.06,-10099.46,-9672.29,11763.45,12366.95,603.5,31.86,215.44,0.5,True,11775.81,12224.91,449.10000000000036,12194.09,12224.91,12.359999999998763,142.04000000000087,430.6399999999994,142.04000000000087,True,True,complete,16.60668380462725,18.8833408987744,5,15.2317880794702,0.0,-0.8073248412782861,0.21674538694727027,-0.03599999999961381,-0.040844657863203675,-0.041086408640864894,0,0
47ee27ab,2191,8274,1877,6397,77.31447909112885,12244.0,12243.0,11367.15,11350.7,-16.44999999999891,16.44999999999891,6396.0,-0.0025719199499685597,True,False,True,10367.0,18640.0,1.0,True,2978421.19,2983420.07,1103283.37,1109081.94,-8960.96,-8108.26,10499.92,11594.55,1094.6299999999992,27.21,224.46,0.5,True,10512.36,11383.6,871.2399999999998,11350.04,11378.47,12.44000000000051,210.9499999999989,850.1200000000008,216.07999999999993,True,True,complete,17.52477640802514,16.726590589338752,184,43.496120492925606,0.0,-0.8741975835991105,-0.7110508507721179,-0.027999999999892118,-0.03059447779110508,-0.027496189618978584,0,0
481de5fc,1874,7694,1742,5952,77.35898102417468,13308.0,13307.0,12071.51,12049.73,-21.780000000000655,21.780000000000655,5951.0,-0.0036598890942699806,True,False,True,11566.0,19259.0,1.0,True,2920703.32,2924898.3,1016103.77,1021914.49,-10256.24,-9510.38,11266.45,12202.95,936.5,18.53,317.9,0.5,True,11278.79,12074.04,795.25,12049.73,12074.04,12.340000000000146,128.90999999999985,783.2799999999988,128.90999999999985,True,True,complete,34.32544840135171,37.163978494623656,12,0.0,0.0,-0.8809169076987601,-0.4182087727587255,-1.5507823928544959e-13,-0.0025891956782658986,-0.006887008700869835,0,0
48c1f673,1989,4666,1749,2917,62.516073724817836,11770.0,11769.0,10854.43,10864.16,9.729999999999563,9.729999999999563,2916.0,0.003336762688614391,True,False,True,10021.0,14686.0,1.0,True,2995808.6,2998825.85,1128297.54,1131072.0,-8747.97,-7917.42,9962.6,10956.570000000002,993.9700000000012,22.9,177.14999999999998,0.5,True,9975.04,10881.91,906.869999999999,10853.27,10881.91,12.44000000000051,74.66000000000167,890.6700000000001,74.66000000000167,True,True,complete,7.801114444920702,3.5995886184436063,139,41.02564102564102,0.0,-0.9330237155947217,-0.2557802442089633,-0.0034545454548699384,-0.00022761104440446005,0.0039858385838418674,0,0
4936af16,1480,5559,1568,3991,71.7934880374168,11978.0,11977.0,10868.75,10871.18,2.430000000000291,2.430000000000291,3990.0,0.0006090225563910504,True,False,True,10410.0,15968.0,1.0,True,2990817.72,2991103.46,1114984.91,1120179.45,-8890.57,-8150.94,10281.83,11021.27,739.4400000000005,30.96,207.46,0.5,True,10294.1,10873.35,579.25,10855.46,10873.35,12.270000000000437,147.92000000000007,573.6299999999992,147.92000000000007,True,True,complete,51.37614678899083,55.90077674768229,11,21.554054054054053,0.0,-0.9430074588851098,-0.2153273501851948,0.022242424242439898,0.02037503001197618,0.02647008700868612,0,0
493b5b31,2633,6884,2213,4671,67.85299244625219,13844.0,13843.0,12688.25,12714.83,26.579999999999927,26.579999999999927,4670.0,0.005691648822269792,True,False,True,11631.0,18514.0,1.0,True,3033318.15,3037821.26,1090786.59,1095096.57,-10621.62,-9516.59,11660.88,12976.83,1315.9500000000007,29.43,241.94,0.5,True,11672.990000000002,12720.46,1047.4699999999975,12671.320000000002,12720.46,12.110000000002401,256.3700000000008,1010.4400000000023,256.3700000000008,True,True,complete,4.21266705403835,4.709912224363092,4,57.23509304975314,0.0,-0.993202580062714,-0.670678855526349,-0.0761818181817254,-0.07740840336139013,-0.06557263726372071,0,0
49dbc14c,1272,5198,1326,3872,74.49018853405155,11832.0,11831.0,11199.1,11192.87,-6.229999999999563,6.229999999999563,3871.0,-0.0016094032549727624,True,False,True,10506.0,15703.0,1.0,True,2910241.17,2913367.87,1043006.64,1046790.51,-9057.23,-8407.23,10715.78,11350.94,635.1599999999999,45.46,226.9,0.5,True,10727.95,11208.09,480.1399999999994,11190.98,11208.09,12.170000000000073,142.85000000000036,475.1999999999989,142.85000000000036,True,True,complete,60.98499422854944,67.38119834710744,23,7.0754716981132075,0.0,-0.9291340379489638,0.008725555542059194,0.005757575757739348,0.005461224489803303,0.0056629462946417835,0,0
4a035ec2,1933,4522,1934,2588,57.2313135780628,13653.0,13652.0,12610.1,12581.25,-28.850000000000364,28.850000000000364,2587.0,-0.011151913413220086,True,False,True,11719.0,16240.0,1.0,True,3005821.28,3008106.63,1073867.72,1077206.43,-10401.41,-9466.86,11782.95,12748.95,966.0,29.71,233.85,0.5,True,11795.22,12615.11,819.8900000000012,12581.25,12610.09,12.269999999998618,133.84000000000015,798.2999999999993,138.86000000000058,True,True,complete,8.867757629367537,8.693972179289027,17,44.02483186756337,0.0,-0.9795476961738463,-0.5004761226929775,-0.00848484848491281,-0.009488595438151169,-0.00961980198019657,0,0
4a335117,2440,6727,1712,5015,74.55031960755166,11908.0,11907.0,11189.89,11236.51,46.6200000000008,46.6200000000008,5014.0,0.009297965696051217,True,False,True,10196.0,16922.0,1.0,True,2912761.4,2916708.23,1044265.41,1049034.58,-9122.86,-8103.65,10131.89,11350.94,1219.050000000001,45.46,226.9,0.5,True,10144.21,11237.240000000002,1093.0300000000025,11189.95,11237.240000000002,12.319999999999709,113.69999999999891,1058.0600000000013,113.69999999999891,True,True,complete,26.772707001635197,28.75373878364905,9,51.55737704918033,0.0,-0.9260391881464549,-0.3673289261262128,0.061272727272802835,0.06146266506601414,0.06096993699370783,0,0
4a8ecc0b,2096,7374,1565,5809,78.77678329264985,12802.0,12801.0,11866.88,11871.820000000002,4.940000000002328,4.940000000002328,5808.0,0.0008505509641877287,True,False,True,11237.0,18610.0,1.0,True,3004017.47,3006401.04,1097635.87,1104041.7,-9904.94,-9117.61,11004.4,12051.84,1047.4400000000005,32.93,238.11,0.5,True,11016.75,11889.01,872.2600000000002,11849.79,11889.01,12.350000000000364,162.82999999999993,845.3900000000012,162.82999999999993,True,True,complete,1.8307567127746134,1.996901359958685,1,42.604961832061065,0.0,-0.9255785864910727,-0.18359552398595627,-0.07248484848468588,-0.06547466986792416,-0.024591359135931766,0,0
4b462989,1746,4738,1632,3106,65.5550865344027,11984.0,11983.0,10976.77,10972.25,-4.520000000000437,4.520000000000437,3105.0,-0.0014557165861515094,True,False,True,10352.0,15089.0,1.0,True,2925934.36,2928846.44,1055851.94,1059054.77,-8846.01,-8202.61,10272.91,11145.28,872.3700000000008,23.41,153.88,0.5,True,10285.43,10982.94,697.5100000000002,10964.39,10982.94,12.520000000000437,162.34000000000015,691.4799999999996,162.34000000000015,True,True,complete,36.76656817222457,39.66516419832582,11,32.98969072164948,0.0,-0.8729085647018471,-0.3609139825312528,0.03818181818196365,0.044664105642243074,0.04558229822981685,0,0
4b831d20,2762,9433,2121,7312,77.51510654086718,13773.0,13772.0,12550.17,12520.93,-29.23999999999978,29.23999999999978,7311.0,-0.003999452879223059,True,False,True,11652.0,21084.0,1.0,True,3007914.33,3011029.44,1074908.41,1083023.74,-10410.51,-9357.99,11368.45,12748.95,1380.5,29.71,233.85,0.5,True,11380.6,12565.66,1185.0599999999995,12519.11,12550.13,12.149999999999636,183.29000000000087,1150.6599999999999,198.82000000000153,True,True,complete,3.699777377292484,3.8840262582056897,3,60.825488776249095,0.0,-0.8755487732980608,-0.26866836633558333,-0.031515151515119876,-0.03132100840333354,-0.031125772577246375,0,0
4c2208f5,2171,7248,1864,5384,74.28256070640177,13937.0,13936.0,12672.98,12705.0,32.02000000000044,32.02000000000044,5383.0,0.005948355935352115,True,False,True,12073.0,19320.0,1.0,True,3032035.15,3037030.09,1089075.48,1093657.63,-10649.82,-9898.92,11902.45,12987.45,1085.0,21.06,218.7,0.5,True,11914.89,12722.77,807.880000000001,12673.0,12722.77,12.43999999999869,264.6800000000003,770.5499999999993,264.6800000000003,True,True,complete,3.780353200883002,3.7704309063893016,4,62.64394288346384,16.666666666666664,-0.9684963221622405,-0.5121002796668735,0.023757575757898605,0.02458679471786083,0.026935673567343617,0,0
4c3168cf,1719,5959,1625,4334,72.73032387984561,12802.0,12801.0,11997.88,12005.04,7.1600000000016735,7.1600000000016735,4333.0,0.0016524348026775153,True,False,True,11177.0,17135.0,1.0,True,3011505.86,3011625.84,1115512.99,1121099.01,-9595.0,-8982.47,11322.95,12181.95,859.0,34.4,156.51999999999998,0.5,True,11335.04,12010.69,675.6499999999996,11994.68,12010.69,12.090000000000146,171.26000000000022,671.7299999999996,171.26000000000022,True,True,complete,21.211612686692398,23.534840793724044,9,29.20302501454334,0.0,-0.8984374186686467,0.028173398326788748,-0.021454545454778328,-0.0287222088835417,-0.03380150015002794,0,0
4c3df468,1314,6903,1511,5392,78.11096624655947,12044.0,12043.0,10942.490000000002,10956.67,14.179999999998472,14.179999999998472,5391.0,0.002630309775551562,True,False,True,10533.0,17435.0,1.0,True,2883163.42,2887336.32,1014834.06,1019948.76,-9257.13,-8440.4,10454.13,11110.62,656.4900000000016,38.67,204.21,0.5,True,10466.61,10978.56,511.9499999999989,10942.51,10978.56,12.480000000001382,132.0600000000013,488.380000000001,132.0600000000013,True,True,complete,48.442706069824716,50.70474777448071,14,8.82800608828006,0.0,-0.8043489458053452,-0.028097613915759902,0.016545454545572495,0.018415366146496588,0.018925772577261447,0,0
4caa7289,1374,6854,1458,5396,78.7277502188503,12179.0,12178.0,11191.1,11206.52,15.420000000000073,15.420000000000073,5395.0,0.002858202038924944,True,False,True,10721.0,17574.0,1.0,True,2899848.2,2904113.99,1031006.27,1035971.39,-9177.27,-8680.91,10679.95,11366.45,686.5,22.82,168.04,0.5,True,10692.01,11208.25,516.2399999999998,11186.09,11208.25,12.05999999999949,158.20000000000073,506.1399999999994,158.20000000000073,True,True,complete,56.215348701488175,61.23054114158636,18,12.081513828238718,0.0,-0.6814072394832399,-0.001363500224441066,-0.03727272727297542,-0.03787082833136818,-0.033639123912389705,0,0
4cd1ac61,2357,6709,2220,4489,66.91012073334328,13225.0,13224.0,11859.88,11876.11,16.230000000001382,16.230000000001382,4488.0,0.0036163101604281154,True,False,True,11005.0,17713.0,1.0,True,3003572.88,3005791.63,1104489.14,1110131.12,-9754.0,-8799.95,10873.9,12051.84,1177.9400000000005,32.93,238.11,0.5,True,10886.34,11876.44,990.1000000000004,11859.92,11876.44,12.44000000000051,175.39999999999964,986.0200000000004,175.39999999999964,True,True,complete,10.866000894321061,11.940298507462686,9,48.96054306321595,0.0,-0.9014992106978995,-0.14292509136838175,0.032545454545136215,0.029225450180087875,0.03156123612361842,0,0
4cecf7b3,2662,7676,1657,6019,78.41323606044816,13369.0,13368.0,12052.16,12034.43,-17.729999999999563,17.729999999999563,6018.0,-0.0029461615154535666,True,False,True,11712.0,19387.0,1.0,True,3007404.2,3011081.15,1098578.47,1104927.05,-10117.62,-9557.22,11491.7,12156.95,665.25,27.79,203.62,0.25,True,11504.09,12068.56,564.4699999999993,12034.43,12064.67,12.389999999999418,88.39000000000124,542.7299999999996,92.28000000000065,True,True,complete,45.54455445544555,48.297059312178106,73,11.419984973703983,0.0,-0.7349060230295352,0.07279749962059061,0.01999999999990528,0.02048355342138379,0.025113171317125857,0,0
4ddde4c1,2185,6417,1945,4472,69.68988623967586,12110.0,12109.0,10958.48,10967.34,8.860000000000582,8.860000000000582,4471.0,0.0019816595839858156,True,False,True,10165.0,16581.0,1.0,True,3006196.57,3007538.56,1129247.78,1134890.29,-8962.24,-8093.67,10030.45,11122.45,1092.0,38.91,277.72,0.5,True,10042.84,10967.34,924.5,10948.98,10967.34,12.389999999999418,155.11000000000058,918.5299999999988,155.11000000000058,True,True,complete,6.8879538725261025,7.535778175313059,6,48.421052631578945,0.0,-0.9354818776676235,-0.6908379743192048,-0.013757575757358604,-0.013622088835522366,-0.0138695469546911,0,0
4e050c92,2659,5236,1531,3705,70.76012223071046,13113.0,13112.0,12048.33,12037.88,-10.450000000000728,10.450000000000728,3704.0,-0.002821274298056352,True,False,True,11582.0,16817.0,1.0,True,3012274.35,3012460.86,1105156.37,1110051.88,-10052.21,-9356.81,11492.45,12156.95,664.5,27.79,203.62,0.25,True,11504.78,12051.3,546.5199999999986,12031.3,12051.3,12.329999999999927,105.65000000000146,538.8499999999985,105.65000000000146,True,True,complete,17.303284950343777,19.40620782726046,8,11.320045129748026,0.0,-0.9475141144036047,0.272166683602849,-0.0073939393939332935,-0.007637935174104335,-0.0068200420041728054,0,0
4ed93db6,2108,6496,1839,4657,71.69027093596058,12549.0,12548.0,11373.78,11362.1,-11.680000000000291,11.680000000000291,4656.0,-0.0025085910652921585,True,False,True,10710.0,17205.0,1.0,True,3007331.58,3007503.19,1116661.89,1122574.2,-9403.37,-8576.03,10484.44,11537.41,1052.9699999999993,28.58,224.14,0.5,True,10496.88,11384.63,887.75,11360.05,11374.51,12.43999999999869,152.78000000000065,875.6099999999988,162.89999999999964,True,True,complete,3.9408866995073892,3.7363109297831225,8,42.69449715370019,0.0,-0.9585580970200137,-0.1943424861508067,-0.03145454545446639,-0.030877791116438714,-0.026656165616556232,0,0
4f3eb9e9,820,5911,1214,4697,79.46201996278126,12573.0,12572.0,11349.63,11393.490000000002,43.8600000000024,43.8600000000024,4696.0,0.009339863713799489,True,False,True,11359.0,17269.0,1.0,True,3005270.06,3005464.36,1116796.89,1122654.12,-9312.89,-9115.05,11128.21,11537.41,409.2000000000007,28.58,224.14,0.5,True,11140.42,11404.12,263.7000000000007,11342.8,11404.12,12.210000000000946,133.28999999999905,214.59000000000015,133.28999999999905,True,True,complete,5.599729318220267,4.981903342559081,3,0.0,0.0,0.07583317164936841,0.4067411562134578,-0.05084848484867538,-0.04952028811525394,-0.045972577257725265,0,0
4f4ac5ce,707,6899,1737,5162,74.82243803449775,12309.0,12308.0,11197.18,11210.78,13.600000000000364,13.600000000000364,5161.0,0.002635148227087844,True,False,True,10572.0,17470.0,1.0,True,2895265.97,2899543.05,1024491.72,1029406.54,-9164.15,-8526.39,10544.45,11250.45,706.0,39.63,172.54999999999998,1.0,True,10556.01,11211.33,655.3199999999997,11185.95,11211.33,11.55999999999949,39.1200000000008,641.5,39.1200000000008,True,True,complete,56.16756051601681,59.84114684230918,12,33.80480905233381,0.0,-0.8666133252361793,-0.2950088507894796,-0.0014545454543081402,0.0003318127250645146,0.0018574857485861463,0,0
4f4afcc6,1523,7184,1539,5645,78.57739420935413,12204.0,12203.0,11177.65,11170.12,-7.529999999998836,7.529999999998836,5644.0,-0.001334160170091927,True,False,True,10665.0,17848.0,1.0,True,2905065.79,2909669.98,1026194.49,1031276.6,-9424.33,-8642.84,10605.45,11366.45,761.0,22.82,168.04,0.5,True,10617.93,11198.09,580.1599999999999,11165.71,11198.09,12.479999999999563,168.36000000000058,560.2599999999984,168.36000000000058,True,True,complete,6.6815144766147,7.263064658990256,19,20.682862770847013,0.0,-0.8696707374771391,-0.11344501351130958,-0.006727272726699947,-0.000365426170474374,0.00047812781278568783,0,0
4f69febf,2590,7599,2139,5460,71.8515594157126,11967.0,11966.0,10941.33,10961.93,20.600000000000364,20.600000000000364,5459.0,0.003773584905660444,True,False,True,9828.0,17426.0,1.0,True,2883996.43,2888828.01,1024908.07,1029791.63,-8854.31,-7769.66,9816.15,11110.62,1294.4700000000012,38.67,221.13,0.5,True,9828.42,10963.63,1135.2099999999991,10940.15,10963.63,12.270000000000437,146.9900000000016,1124.0,146.9900000000016,True,True,complete,3.237268061587051,2.857142857142857,7,53.745173745173744,0.0,-0.9741470018728985,-0.3831682550831026,-0.029090909090900886,-0.03689699879954308,-0.0345385538553818,0,0
4fbe9c06,1812,7938,1651,6287,79.20131015369111,12090.0,12089.0,11207.94,11213.45,5.510000000000218,5.510000000000218,6286.0,0.0008765510658606774,True,False,True,10439.0,18376.0,1.0,True,2907446.64,2912415.48,1032622.49,1038066.46,-9332.72,-8352.62,10460.95,11366.45,905.5,22.82,168.04,0.5,True,10473.18,11213.45,740.2700000000004,11188.72,11213.45,12.229999999999563,153.0,727.7699999999986,153.0,True,True,complete,59.82615268329554,61.46015587720694,331,33.33333333333333,0.0,-0.9104103656227763,-0.0688994058623852,-0.006969696970043672,-0.005660984393717896,-0.004394239423931261,0,0
504c8b08,1956,8012,1645,6367,79.4682975536695,12113.0,12112.0,11211.9,11185.240000000002,-26.659999999998035,26.659999999998035,6366.0,-0.004187873075714426,True,False,True,10468.0,18479.0,1.0,True,2910075.7,2914904.32,1037730.82,1043411.65,-9175.05,-8406.44,10373.83,11350.94,977.1100000000006,45.46,226.9,0.5,True,10386.37,11225.47,839.0999999999985,11181.48,11211.87,12.540000000000873,125.47000000000116,807.6499999999996,139.0699999999997,True,True,complete,18.45981028457314,18.595885032197266,8,39.57055214723926,0.0,-0.916154506482198,-0.2579915406066169,-0.02800000000016071,-0.028192076830763146,-0.030175457545747405,0,0
511e1db0,3428,5645,1824,3821,67.68821966341896,11965.0,11964.0,11183.18,11186.820000000002,3.640000000001237,3.640000000001237,3820.0,0.0009528795811521562,True,False,True,10141.0,15785.0,1.0,True,2936969.97,2940448.98,1059387.46,1063161.18,-9025.53,-7991.85,10476.19,11331.96,855.7699999999986,22.58,196.86,0.25,True,10488.73,11203.89,715.1599999999999,11178.31,11189.070000000002,12.539999999999054,128.0699999999997,702.119999999999,142.8899999999976,True,True,complete,6.341895482728079,5.679141585972259,13,30.396732788798133,0.0,-0.9496756336018642,-0.12017817641849497,0.004969696969637063,0.007934693877523885,0.000184698469830578,0,0
512943b2,1887,6681,1652,5029,75.27316270019459,12438.0,12437.0,11360.12,11351.1,-9.020000000000437,9.020000000000437,5028.0,-0.001793953858393086,True,False,True,10786.0,17466.0,1.0,True,3004500.45,3004782.61,1110949.95,1117089.66,-9510.04,-8608.9,10594.91,11537.41,942.5,28.58,224.14,0.5,True,10607.19,11365.15,757.9599999999991,11348.64,11365.15,12.280000000000655,172.26000000000022,753.7299999999996,172.26000000000022,True,True,complete,72.84837599161801,77.13263074169815,25,35.9830418653948,0.0,-0.944017738564715,0.021571155337440428,-7.383214518073574e-15,0.0025147659063847576,0.004981938193832,0,0
5138a660,2138,4829,1270,3559,73.70055912197142,12953.0,12952.0,12064.4,12055.55,-8.850000000000364,8.850000000000364,3558.0,-0.0024873524451940313,True,False,True,11683.0,16511.0,1.0,True,3012680.87,3013461.2,1105196.78,1109802.8,-10095.71,-9498.3,11622.7,12156.95,534.25,27.79,203.62,0.25,True,11635.18,12067.51,432.3299999999999,12053.52,12067.51,12.479999999999563,89.44000000000051,430.8199999999997,89.44000000000051,True,True,complete,38.496583143507976,38.746838999719024,8,0.0,0.0,-0.9302515892541515,0.24404651450270112,-0.009030303029958817,0.010709243697456149,0.027941194119405547,0,0
516088b7,1742,8300,1655,6645,80.06024096385542,12220.0,12219.0,11463.26,11461.18,-2.0799999999999272,2.0799999999999272,6644.0,-0.000313064419024673,True,False,True,10565.0,18864.0,1.0,True,2978966.35,2984083.91,1103857.03,1109745.98,-9053.44,-8333.68,10724.41,11594.55,870.1399999999994,27.21,224.46,0.5,True,10736.7,11478.56,741.8599999999988,11449.87,11478.56,12.290000000000873,115.98999999999978,725.460000000001,115.98999999999978,True,True,complete,54.57831325301205,59.21745673438675,20,28.93226176808266,0.0,-0.7299670645255427,-0.40448416417098254,-0.009030303030399985,-0.008208403361366697,-0.007433423342332373,0,0
521a7819,2087,7224,2024,5200,71.98228128460687,12399.0,12398.0,11225.79,11209.06,-16.730000000001382,16.730000000001382,5199.0,-0.003217926524331868,True,False,True,10375.0,17598.0,1.0,True,2903303.06,2907622.96,1037643.45,1042630.0,-9092.9,-8222.05,10323.45,11366.45,1043.0,22.82,168.04,0.5,True,10335.77,11229.79,894.0200000000004,11187.65,11229.79,12.319999999999709,136.65999999999985,864.1999999999989,136.65999999999985,True,True,complete,14.562569213732004,15.788461538461537,63,42.11787254432199,0.0,-0.9114263982641769,-0.3571523394991341,0.039999999999514,0.07314573829534295,0.08045352535253374,0,0
5254b6db,1967,5115,1841,3274,64.0078201368524,13318.0,13317.0,12042.06,12050.53,8.470000000001164,8.470000000001164,3273.0,0.0025878399022307252,True,False,True,11477.0,16591.0,1.0,True,2918638.18,2922137.02,1013673.41,1016684.59,-10220.57,-9463.11,11219.95,12202.95,983.0,18.53,317.9,0.5,True,11232.21,12052.36,820.1500000000015,12042.11,12052.36,12.2599999999984,150.59000000000015,822.1599999999999,150.59000000000015,True,True,complete,21.29032258064516,21.991447770311545,18,0.0,0.0,-0.9578743326240802,-0.10293612577342487,0.05575757575790351,0.06402641056420923,0.06285724572458337,0,0
529e88ca,1959,5253,1836,3417,65.0485436893204,11840.0,11839.0,11004.46,11016.72,12.260000000000218,12.260000000000218,3416.0,0.0035889929742389396,True,False,True,10004.0,15256.0,1.0,True,3001642.18,3005037.59,1136302.14,1139490.14,-8679.24,-7858.139999999999,10143.45,11122.45,979.0,38.91,273.82,0.5,True,10155.92,11032.5,876.5799999999999,10996.240000000002,11032.5,12.469999999999345,89.95000000000073,852.7900000000009,89.95000000000073,True,True,complete,50.00951837045498,54.989757096868594,18,42.470648289943846,0.0,-0.8398315067921259,-0.3688292152319972,0.0138181818180665,0.01770516206482047,0.01706384638464343,0,0
52f1e77a,1328,6053,1611,4442,73.38509829836445,13168.0,13167.0,12024.5,12045.75,21.25,21.25,4441.0,0.004784958342715605,True,False,True,11557.0,17609.0,1.0,True,3022970.91,3023063.96,1115260.63,1121071.1,-10075.72,-9429.28,11518.45,12181.95,663.5,34.4,156.51999999999998,0.5,True,11530.53,12047.25,516.7199999999993,12024.3,12047.25,12.079999999999927,134.70000000000073,505.84999999999854,134.70000000000073,True,True,complete,6.063109202048571,6.2359297613687525,3,8.358433734939759,0.0,-0.9424929354261187,0.1546762962604453,0.08484848484864688,0.08805858343336384,0.06876999699970732,0,0
5305524b,636,6457,1559,4898,75.85566052346292,12086.0,12085.0,10943.14,10921.52,-21.61999999999898,21.61999999999898,4897.0,-0.004414947927302222,True,False,True,10527.0,16983.0,1.0,True,2886101.29,2890576.08,1027357.89,1031726.29,-8911.49,-8428.52,10442.990000000002,11077.56,634.5699999999979,23.92,192.06,1.0,True,10455.29,10975.83,520.539999999999,10913.54,10946.55,12.299999999999272,101.72999999999956,470.5499999999993,131.01000000000022,True,True,complete,32.569304630633425,35.44303797468354,15,0.0,0.0,-0.6716215242243153,0.09129908930720386,-0.023454545454524297,-0.03570516206484022,-0.05354893489349165,0,0
53134831,4194,7214,2088,5126,71.05627945661215,13277.0,13276.0,12206.570000000002,12187.37,-19.200000000000728,19.200000000000728,5125.0,-0.003746341463414776,True,False,True,11189.0,18402.0,1.0,True,3025582.38,3025817.26,1115129.86,1121711.44,-10095.37,-9068.96,11277.86,12325.65,1047.789999999999,26.38,168.11,0.25,True,11290.4,12212.46,922.0599999999995,12184.22,12206.53,12.539999999999054,113.19000000000051,906.3599999999988,119.11999999999898,True,True,complete,53.576379262545046,57.93991416309014,17,45.66046733428708,0.0,-0.9783543382503342,0.01397321713675727,-0.03872727272668489,-0.03522256902760583,-0.035583798379823756,0,0
5397ceb1,1525,6811,1556,5255,77.15460284833358,12726.0,12725.0,11402.9,11417.05,14.149999999999636,14.149999999999636,5254.0,0.0026931861438903,True,False,True,11170.0,17980.0,1.0,True,2990460.75,2992846.0,1083535.32,1089508.6,-9727.93,-8936.65,10829.95,11591.95,762.0,25.9,145.91,0.5,True,10842.46,11433.070000000002,590.6100000000024,11386.53,11418.91,12.5099999999984,158.8799999999992,556.5799999999999,173.04000000000087,True,True,complete,7.957715460284834,8.544243577545195,11,23.934426229508198,0.0,-0.8809368280586966,0.0821491246202471,-0.04430303030314749,-0.04422665066028525,-0.04063588358838777,0,0
53f23031,1823,10200,1650,8550,83.82352941176471,12551.0,12550.0,11389.73,11401.66,11.930000000000291,11.930000000000291,8549.0,0.0013954848520295112,True,False,True,10901.0,21100.0,1.0,True,2984086.4,2988130.01,1077204.32,1085981.27,-9640.2,-8624.86,10680.95,11591.95,911.0,25.9,145.91,0.5,True,10693.22,11413.39,720.1700000000001,11388.12,11413.39,12.269999999998618,178.5600000000013,707.1700000000001,178.5600000000013,True,True,complete,3.5000000000000004,4.105263157894737,10,36.36862314865606,0.0,-0.8779579574968372,-0.1508132347992883,-0.010545454545670272,-0.012115246098464047,-0.011266246624649841,0,0
543198e8,2011,8311,1808,6503,78.2456984719047,11888.0,11887.0,10978.35,10930.34,-48.01000000000022,48.01000000000022,6502.0,-0.007383881882497727,True,False,True,10080.0,18390.0,1.0,True,2919016.26,2924232.47,1055879.32,1061631.07,-8747.94,-7961.48,10140.46,11145.28,1004.8200000000015,23.41,153.88,0.5,True,10152.62,11020.64,868.0199999999986,10930.34,11020.64,12.160000000001673,124.64000000000124,789.880000000001,124.64000000000124,True,True,complete,26.988328720972206,27.556512378902042,104,41.819990054699154,0.0,-0.6856499843326226,-0.2586266797343712,0.022484848484853003,0.01829675870351125,0.01748082808281305,0,0
54753541,1251,5679,1653,4026,70.89276281035394,12122.0,12121.0,10775.6,10826.28,50.68000000000029,50.68000000000029,4025.0,0.01259130434782616,True,False,True,10469.0,16147.0,1.0,True,2943312.1,2946936.2,1061891.72,1065913.58,-9020.26,-8323.37,10256.65,10881.6,624.9500000000007,26.08,142.61999999999998,0.5,True,10269.13,10826.28,557.1500000000015,10755.93,10826.28,12.479999999999563,55.31999999999971,499.28000000000065,55.31999999999971,True,True,complete,26.747666842754008,29.85593641331346,10,16.94644284572342,0.0,-0.9536177997956264,-0.017606121431697295,-0.012000000000036003,-0.012740936374544123,-0.011934413441326295,0,0
54a7e3c2,1609,7893,1738,6155,77.98048904092234,12218.0,12217.0,11158.45,11163.22,4.769999999998618,4.769999999998618,6154.0,0.0007751056223592164,True,False,True,10480.0,18372.0,1.0,True,2967524.27,2972461.75,1095660.51,1101312.98,-8838.85,-8201.64,10507.54,11311.5,803.9599999999991,33.05,256.22,0.5,True,10519.92,11176.88,656.9599999999991,11157.820000000002,11176.88,12.3799999999992,134.6200000000008,650.2800000000007,134.6200000000008,True,True,complete,30.964145445331305,34.459788789601944,14,26.911124922311995,0.0,-0.744756306957194,-0.27782921426775076,-0.010545454545313221,-0.012635774309694833,-0.0054535853585413515,0,0
5542c301,2135,5433,1842,3591,66.09607951408061,11966.0,11965.0,10979.91,10979.0,-0.9099999999998545,0.9099999999998545,3590.0,-0.0002534818941503773,True,False,True,10124.0,15556.0,1.0,True,2925959.29,2929211.21,1056030.78,1059538.11,-8872.11,-8000.01,10078.47,11145.28,1066.8100000000013,23.41,191.1,0.5,True,10090.83,10996.4,905.5699999999997,10970.05,10991.03,12.360000000000582,148.88000000000102,891.5799999999999,154.25,True,True,complete,45.775814467145224,48.1203007518797,211,45.19906323185012,0.0,-0.9266910958114442,-0.2544615973898292,-0.03369696969671842,-0.03914861944778133,-0.041621242124218596,0,0
5567d551,1452,8390,1501,6889,82.10965435041716,12539.0,12538.0,11415.03,11429.2,14.170000000000073,14.170000000000073,6888.0,0.002057200929152159,True,False,True,11038.0,19427.0,1.0,True,2986980.34,2991203.87,1101645.93,1108497.08,-9297.48,-8763.0,10869.39,11594.55,725.1599999999999,27.21,224.46,0.5,True,10881.86,11429.83,547.9699999999993,11390.41,11429.2,12.470000000001164,164.71999999999935,521.0200000000004,165.34999999999854,True,True,complete,63.86174016686531,66.19248076643926,16,14.738292011019283,0.0,-0.4854434315282877,0.09444631581635261,-0.004424242424410392,-0.0041911164465282865,-0.004454305430536959,0,0
55efee7f,3769,6577,1776,4801,72.99680705488825,12208.0,12207.0,11228.11,11240.02,11.909999999999854,11.909999999999854,4800.0,0.0024812499999999696,True,False,True,10432.0,17008.0,1.0,True,2933488.85,2937490.0,1056605.37,1061250.96,-9045.37,-8292.08,10391.02,11331.96,940.9399999999987,22.58,196.86,0.25,True,10403.5,11245.03,841.5300000000007,11183.490000000002,11245.03,12.479999999999563,86.92999999999847,792.4700000000012,86.92999999999847,True,True,complete,5.7320967006233845,1.1039366798583627,64,36.69408331122314,0.0,-0.8349860266532654,-0.5641799146107223,0.002727272727445498,0.0059178871548763575,0.003930453045304939,0,0
5663b2b7,2171,6907,1935,4972,71.98494281164037,13329.0,13328.0,12055.54,12052.53,-3.0100000000002183,3.0100000000002183,4971.0,-0.0006055119694226953,True,False,True,11394.0,18300.0,1.0,True,2919787.58,2923616.01,1016054.38,1021007.29,-10233.66,-9299.47,11117.95,12202.95,1085.0,18.53,317.9,0.5,True,11130.5,12071.36,940.8600000000006,12027.93,12071.36,12.549999999999272,131.59000000000015,909.9799999999996,131.59000000000015,True,True,complete,14.579412190531347,15.667739340305712,9,0.0,0.0,-0.9650688059885298,-0.5042524959111135,0.0019999999998160218,0.005549579831956293,0.006633363336341973,0,0
5693dde2,2326,4846,1358,3488,71.97688815517952,13013.0,13012.0,12249.48,12246.58,-2.899999999999636,2.899999999999636,3487.0,-0.0008316604531114529,True,False,True,11655.0,16500.0,1.0,True,3019461.92,3022463.89,1110468.74,1113877.4,-10214.77,-9501.43,11744.79,12325.65,580.8599999999988,26.38,168.11,0.25,True,11757.19,12251.38,494.1899999999987,12236.37,12249.55,12.399999999999636,74.27000000000044,491.5799999999999,76.10000000000036,True,True,complete,52.08419314898885,58.74426605504587,16,2.0206362854686155,0.0,-0.8753195659896658,0.17858160387852157,0.0055757575758606645,0.01135126050418803,0.014732133213337637,0,0
56b00794,1145,7293,1228,6065,83.16193610311258,11916.0,11915.0,10989.23,11011.64,22.409999999999854,22.409999999999854,6064.0,0.003695580474934013,True,False,True,10688.0,17980.0,1.0,True,2917598.87,2922689.25,1040784.27,1045653.1,-9216.1,-8641.4,10573.34,11145.28,571.9400000000005,23.41,153.88,0.5,True,10585.55,11032.27,446.72000000000116,10989.26,11032.27,12.209999999999127,113.01000000000022,415.9200000000001,113.01000000000022,True,True,complete,44.27533251062663,43.14921681780709,11,0.0,0.0,-0.9444247172437172,0.20566988941957903,0.03515151515130364,0.03641776710681044,0.03205964596460678,0,0
57796579,4014,7622,1732,5890,77.27630543164524,12160.0,12159.0,11192.64,11213.02,20.38000000000102,20.38000000000102,5889.0,0.0034606894209544947,True,False,True,10428.0,18049.0,1.0,True,2935117.1,2939731.33,1058678.45,1064085.03,-9031.42,-8293.29,10329.83,11331.96,1002.1299999999992,22.58,196.86,0.25,True,10342.23,11214.97,872.7399999999998,11185.7,11214.97,12.399999999999636,116.98999999999978,855.8700000000008,116.98999999999978,True,True,complete,6.468118604040934,6.723259762308999,10,40.55804683607374,0.0,-0.7334485549549586,-0.44185270294602197,-0.05999999999983405,-0.06260504201682852,-0.06273981398135732,0,0
577eec7c,8236,6085,1546,4539,74.59326211996714,10943.0,10942.0,10062.71,10060.240000000002,-2.469999999997526,2.469999999997526,4538.0,-0.0005442926399289392,True,False,True,9397.0,15481.0,1.0,True,2861125.39,2864795.39,1038265.66,1042585.59,-8197.02,-7313.68,9413.35,10236.85,823.5,23.12,193.59,0.1000000000003638,True,9425.83,10094.35,668.5200000000004,10060.240000000002,10094.35,12.479999999999563,142.5,646.8900000000012,142.5,True,True,complete,30.829909613804436,34.236615994712494,13,23.0330257406508,0.0,-0.9293342152756278,-0.20102090679633017,0.006909090909532382,0.001070348139263173,-0.0055839183918418795,0,0
57f05c51,2380,6478,1707,4771,73.64927446742821,13462.0,13461.0,12664.45,12677.14,12.68999999999869,12.68999999999869,4770.0,0.0026603773584902915,True,False,True,11755.0,18232.0,1.0,True,3033690.27,3037914.21,1091162.32,1095270.65,-10621.82,-9665.19,11787.38,12976.83,1189.4500000000007,29.43,241.94,0.5,True,11799.51,12727.97,928.4599999999991,12664.14,12727.97,12.130000000001019,248.86000000000058,876.7600000000002,248.86000000000058,True,True,complete,5.896881753627663,5.805910710542863,4,52.689075630252105,0.0,-0.988012652690157,-0.6569792468384796,-0.027939393939434197,-0.050281872749108586,-0.06652703270327132,0,0
58850d2c,1877,6918,1923,4995,72.20294882914136,13796.0,13795.0,12526.59,12512.66,-13.930000000000291,13.930000000000291,4994.0,-0.0027893472166600503,True,False,True,11873.0,18790.0,1.0,True,3026094.24,3026567.88,1093245.4,1099615.44,-10635.27,-9803.83,11715.09,12652.570000000002,937.4800000000014,29.83,189.64,0.5,True,11727.36,12537.14,809.7799999999988,12505.490000000002,12526.6,12.270000000000437,115.43000000000211,790.4000000000015,125.97000000000116,True,True,complete,2.0237062734894478,2.2022022022022023,2,42.94086307938199,0.0,-0.9912077961300985,-0.042227881589011765,0.0009696969697250194,0.0033435774309880087,0.003003960396028408,0,0
58fa8486,1894,6126,1651,4475,73.04929807378387,13224.0,13223.0,12052.81,12045.21,-7.600000000000364,7.600000000000364,4474.0,-0.0016987036209209574,True,False,True,11573.0,17698.0,1.0,True,2918614.32,2922444.62,1014063.65,1018144.11,-10262.28,-9553.23,11256.45,12202.95,946.5,18.53,317.9,0.5,True,11268.94,12058.92,789.9799999999996,12030.56,12058.92,12.489999999999782,144.03000000000065,774.1099999999988,144.03000000000065,True,True,complete,26.607900750897812,28.268156424581004,20,0.0,0.0,-0.9192936606341863,-0.28623248106772464,0.006545454545366935,0.0016974789916088988,0.0007891389138890008,0,0
591cc951,4005,6669,2060,4609,69.11081121607438,12406.0,12405.0,11212.45,11197.84,-14.610000000000582,14.610000000000582,4608.0,-0.003170572916666793,True,False,True,10346.0,17014.0,1.0,True,2934143.98,2938151.92,1057201.19,1061810.8,-9050.85,-8232.82,10332.08,11331.96,999.8799999999992,22.58,196.86,0.25,True,10344.490000000002,11220.12,875.6299999999992,11182.16,11212.5,12.410000000001673,111.83999999999833,850.0799999999999,119.45999999999913,True,True,complete,3.8236617183985606,0.9112605771316988,201,40.42446941323346,0.0,-0.8433016927136538,-0.21948359386896368,0.003878787879493828,0.003966866746727683,-0.0014523252325130058,0,0
593876b6,1420,6366,1524,4842,76.0603204524034,12533.0,12532.0,11369.77,11358.11,-11.659999999999854,11.659999999999854,4841.0,-0.0024085932658541322,True,False,True,11009.0,17374.0,1.0,True,3006319.58,3006913.25,1110884.86,1116908.12,-9605.23,-8852.85,10828.33,11537.41,709.0799999999999,28.58,224.14,0.5,True,10840.83,11385.9,545.0699999999997,11357.05,11385.9,12.5,151.51000000000022,528.7199999999993,151.51000000000022,True,True,complete,4.068488846999686,3.593556381660471,7,14.929577464788732,0.0,-0.91569384668119,0.13660363865268696,0.04745454545427641,0.05094645858346083,0.045575157515761654,0,0
59f8b2e8,1728,5668,1921,3747,66.10797459421313,12753.0,12752.0,11509.990000000002,11521.1,11.109999999998763,11.109999999998763,3746.0,0.00296583021889983,True,False,True,10832.0,16499.0,1.0,True,2899425.27,2904471.8,1009969.84,1011535.42,-9697.29,-8804.33,10787.95,11651.45,863.5,24.66,211.09,0.5,True,10800.33,11521.1,720.7700000000004,11498.37,11521.1,12.3799999999992,130.35000000000036,710.4200000000001,130.35000000000036,True,True,complete,32.3923782639379,33.7336535895383,13,0.0,0.0,-0.9437055945878192,-0.44302394281956503,-0.0005454545451395159,-0.0025046818727051086,-0.004008280828084327,0,0
5a1a8fd8,3282,6814,1554,5260,77.1940123275609,12785.0,12784.0,12020.75,12011.13,-9.6200000000008,9.6200000000008,5259.0,-0.0018292451036320213,True,False,True,11231.0,18044.0,1.0,True,3000635.47,3002892.36,1096255.18,1102190.54,-9835.99,-9008.32,11336.7,12156.95,820.25,27.79,203.62,0.25,True,11349.13,12027.14,678.0100000000002,11994.16,12027.14,12.429999999998472,129.8100000000013,657.4599999999991,129.8100000000013,True,True,complete,49.134135603169945,53.041825095057035,14,28.153564899451556,0.0,-0.9524215301804392,-0.10343633083092678,0.03872727272723201,0.04342328931569584,0.044570537053707525,0,0
5a5269a9,1424,8053,1540,6513,80.87669191605613,12228.0,12227.0,11404.87,11402.8,-2.070000000001528,2.070000000001528,6512.0,-0.0003178746928749275,True,False,True,10688.0,18740.0,1.0,True,2993447.96,2996266.03,1107435.84,1114598.23,-9402.12,-8455.57,10826.33,11537.41,711.0799999999999,28.58,224.14,0.5,True,10838.75,11416.28,577.5300000000007,11393.68,11416.28,12.420000000000073,121.1299999999992,567.3500000000004,121.1299999999992,True,True,complete,44.852849869613806,46.33809304467987,10,15.168539325842698,0.0,-0.7796991206423942,-0.06934091408780123,-0.004848484848454719,0.003545738295318212,0.005414281428128688,0,0
5a5d1982,1739,5446,1552,3894,71.50201983106868,12095.0,12094.0,11200.16,11213.88,13.719999999999345,13.719999999999345,3893.0,0.003524274338556215,True,False,True,10543.0,15988.0,1.0,True,2907404.18,2910703.12,1030828.76,1034470.67,-9365.49,-8497.15,10497.45,11366.45,869.0,22.82,168.04,0.5,True,10509.58,11213.88,704.2999999999993,11190.56,11213.88,12.1299999999992,152.57000000000153,693.1099999999988,152.57000000000153,True,True,complete,28.55306647080426,28.40267077555213,213,30.534790109258193,0.0,-0.9660869271089089,-0.02645651287714583,-0.006545454545184477,-0.006397118847498234,-0.007356795679578639,0,0
5a63b5d1,1814,8052,1835,6217,77.21063089915549,12505.0,12504.0,11512.320000000002,11500.36,-11.960000000000946,11.960000000000946,6216.0,-0.0019240669240670762,True,False,True,10670.0,18721.0,1.0,True,2885373.33,2887165.81,1007280.17,1014618.89,-9348.06,-8605.86,10744.95,11651.45,906.5,24.66,211.09,0.5,True,10757.03,11513.25,756.2199999999993,11481.67,11513.25,12.079999999999927,138.20000000000073,736.7199999999993,138.20000000000073,True,True,complete,53.278688524590166,54.6244169213447,16,0.0,0.0,-0.9784865875198735,-0.297968370801876,0.013454545454840138,0.013961104441751067,0.008157695769576154,0,0
5aa03df7,2277,6752,1881,4871,72.14158767772511,12289.0,12288.0,11330.0,11358.92,28.920000000000073,28.920000000000073,4870.0,0.005938398357289543,True,False,True,10408.0,17159.0,1.0,True,2977327.43,2980496.35,1086199.96,1091391.04,-9270.52,-8154.459999999999,10373.06,11510.29,1137.2300000000014,27.6,158.72,0.5,True,10385.42,11358.92,973.5,11318.08,11358.92,12.360000000000582,151.3700000000008,945.0200000000004,151.3700000000008,True,True,complete,28.125,33.19646889755697,7,49.538866930171274,0.0,-0.971838814179931,-0.4076016582066455,0.0005454545452545877,0.0005387755102127627,0.0013518751875302426,0,0
5aa403d0,1702,4702,1584,3118,66.31220757124628,11981.0,11980.0,10960.64,10989.45,28.81000000000131,28.81000000000131,3117.0,0.009242861726019028,True,False,True,10397.0,15098.0,1.0,True,2925377.44,2928293.68,1055361.95,1058573.53,-8836.35,-8236.7,10294.9,11145.28,850.380000000001,23.41,153.88,0.5,True,10307.01,10991.01,684.0,10960.68,10991.01,12.110000000000582,154.27000000000044,665.7800000000007,154.27000000000044,True,True,complete,53.70055295618885,57.92174470814625,18,31.25734430082256,0.0,-0.8610182128449999,-0.3060444675465625,0.036303030302696125,0.03538487394957762,0.0333461746174599,0,0
5aef5c6c,822,4853,1732,3121,64.31073562744693,12340.0,12339.0,11323.1,11292.89,-30.210000000000946,30.210000000000946,3120.0,-0.00968269230769261,True,False,True,10608.0,15460.0,1.0,True,2967828.04,2970349.74,1070956.29,1074473.8,-9237.49,-8388.14,10541.45,11362.45,821.0,30.27,139.13,1.0,True,10553.83,11335.21,781.3799999999992,11292.89,11335.21,12.3799999999992,27.2400000000016,751.4399999999987,27.2400000000016,True,True,complete,61.81743251596951,65.07529637936558,18,47.201946472019465,0.0,-0.99214772391891,-0.37811018304168686,-0.0015151515152870428,-0.0009637454981387799,-4.6804680474960763e-05,0,0
5b7b6324,1470,8197,1633,6564,80.07807734537026,13656.0,13655.0,12518.5,12555.81,37.30999999999949,37.30999999999949,6563.0,0.0056849001980800685,True,False,True,12023.0,20219.0,1.0,True,2993251.57,2996115.52,1063747.16,1071186.92,-10182.53,-9709.33,12014.45,12748.95,734.5,29.71,233.85,0.5,True,12026.58,12555.81,529.2299999999996,12515.070000000002,12555.81,12.1299999999992,193.14000000000124,500.6200000000008,193.14000000000124,True,True,complete,52.921800658777606,54.02193784277879,15,26.39455782312925,0.0,-0.41898555533786064,-0.3035939117771731,6.060606061177171e-05,-0.0018242496998805997,-0.0027534953495285887,0,0
5bd25f59,2265,6120,1910,4210,68.79084967320262,11773.0,11772.0,10803.98,10796.23,-7.75,7.75,4209.0,-0.0018412924685198384,True,False,True,9863.0,15982.0,1.0,True,2994828.06,2998878.44,1127584.36,1131317.12,-8710.68,-7806.23,9824.61,10956.570000000002,1131.960000000001,22.9,177.14999999999998,0.5,True,9836.96,10805.7,968.7400000000016,10792.990000000002,10805.7,12.349999999998545,150.8700000000008,968.380000000001,150.8700000000008,True,True,complete,2.712418300653595,2.1852731591448933,13,48.21192052980132,0.0,-0.8743662303839445,-0.34896282016334845,0.017575757575811594,0.020182472989182333,0.021339213921386335,0,0
5beded95,1906,4779,1722,3057,63.96735718769617,12325.0,12324.0,11412.820000000002,11396.64,-16.18000000000211,16.18000000000211,3056.0,-0.005294502617801737,True,False,True,10603.0,15381.0,1.0,True,2982846.96,2985668.24,1099441.67,1102630.72,-9153.5,-8278.6,10642.42,11594.55,952.1299999999992,27.21,224.46,0.5,True,10654.67,11412.89,758.2199999999993,11387.21,11412.89,12.25,181.65999999999985,744.789999999999,181.65999999999985,True,True,complete,54.36283741368487,62.34870788354596,14,35.047219307450156,0.0,-0.9775023134734325,-0.490922408886023,0.005393939394071558,0.00785546218486355,0.008149114911494835,0,0
5cb483ac,2580,5206,1354,3852,73.99154821359969,12924.0,12923.0,11997.63,12004.43,6.800000000001091,6.800000000001091,3851.0,0.0017657751233448693,True,False,True,11570.0,16775.0,1.0,True,3011891.49,3012092.11,1105168.12,1110083.71,-9995.3,-9374.44,11512.2,12156.95,644.75,27.79,203.62,0.25,True,11524.570000000002,12010.59,486.0199999999986,11990.37,12010.59,12.3700000000008,146.36000000000058,478.1700000000001,146.36000000000058,True,True,complete,10.910487898578564,11.941848390446522,6,8.604651162790699,0.0,-0.9409335215314686,0.2428802822853568,-0.0009696969695033518,0.004414405762345777,0.007065346534658573,0,0
5cdd8dbc,1758,5751,1741,4010,69.72700399930447,12243.0,12242.0,11189.87,11222.7,32.82999999999993,32.82999999999993,4009.0,0.008189074582190054,True,False,True,10502.0,16252.0,1.0,True,2910171.02,2913703.26,1041861.43,1045610.03,-9090.56,-8302.38,10472.81,11350.94,878.130000000001,45.46,226.9,0.5,True,10484.9,11226.44,741.5400000000009,11177.990000000002,11226.44,12.090000000000146,124.5,705.1800000000021,124.5,True,True,complete,37.263084680925054,41.97007481296758,13,32.76450511945392,0.0,-0.9532014459353152,-0.38665226040925244,-0.036000000000267915,-0.035704201680725106,-0.03306372637263761,0,0
5d11dfb5,2071,7643,1748,5895,77.12939945047756,13162.0,13161.0,12220.12,12195.35,-24.770000000000437,24.770000000000437,5894.0,-0.004202578893790369,True,False,True,11414.0,19056.0,1.0,True,2980788.14,2981463.46,1052218.79,1059300.45,-10046.07,-9259.47,11383.45,12418.45,1035.0,26.17,218.65,0.5,True,11395.990000000002,12241.4,845.409999999998,12195.35,12241.4,12.540000000000873,177.0500000000011,811.8999999999996,177.0500000000011,True,True,complete,43.373021065026826,49.5843935538592,20,47.17527764365041,0.0,-0.8223979610044679,-0.3577410519555678,-0.011272727272739147,-0.01266506602643604,-0.009235523552346928,0,0
5d7198fd,1417,4797,1429,3368,70.21054825932875,13689.0,13688.0,12239.46,12214.01,-25.44999999999891,25.44999999999891,3367.0,-0.007558657558657235,True,False,True,12260.0,17056.0,1.0,True,3017586.28,3020596.45,1105366.85,1108998.16,-10281.76,-10055.83,11971.92,12325.65,353.72999999999956,26.38,168.11,0.25,True,11984.38,12248.28,263.90000000000146,12213.81,12248.28,12.459999999999127,77.36999999999898,241.88999999999942,77.36999999999898,True,True,complete,4.210965186574943,4.1270783847981,3,0.0,0.0,-0.3132743768006603,0.3979242032555486,0.01145454545504332,0.010859063625421057,-0.027161296129618845,0,0
5def1ce5,1516,7997,1554,6443,80.56771289233463,12164.0,12163.0,11183.3,11180.26,-3.039999999999054,3.039999999999054,6442.0,-0.0004719031356720047,True,False,True,10610.0,18606.0,1.0,True,2906204.16,2911263.45,1031315.27,1036973.65,-9355.34,-8507.11,10608.95,11366.45,757.5,22.82,168.04,0.5,True,10621.05,11200.01,578.960000000001,11172.66,11200.01,12.099999999998545,166.4400000000005,563.7099999999991,166.4400000000005,True,True,complete,2.801050393897712,2.716126028247711,2,20.316622691292878,0.0,-0.871662016218521,-0.04493177606777487,0.019151515151405583,0.0313579831932743,0.04179543954395524,0,0
5eae34a8,751,6652,1748,4904,73.72218881539386,12047.0,12046.0,10895.45,10889.44,-6.010000000000218,6.010000000000218,4903.0,-0.001225780134611507,True,False,True,10299.0,16950.0,1.0,True,2896712.74,2900700.95,1031738.76,1036414.83,-9092.66,-8194.07,10170.45,10920.45,750.0,33.870000000000005,176.25,1.0,True,10182.15,10911.08,728.9300000000003,10885.27,10911.08,11.699999999998909,9.3700000000008,714.8199999999997,9.3700000000008,True,True,complete,45.550210463018644,46.411092985318106,35,36.61784287616511,0.0,-0.9540701642302684,-0.12633988154390166,0.01484848484852635,0.01428427370946763,0.011706270627064896,0,0
5f4d2a52,1927,7112,1887,5225,73.4673790776153,12392.0,12391.0,10865.83,10917.41,51.57999999999993,51.57999999999993,5224.0,0.009873660030627857,True,False,True,10505.0,17616.0,1.0,True,2996890.04,2999189.75,1115602.9,1121844.61,-9085.54,-8336.64,10058.34,11021.27,962.9300000000003,30.96,207.46,0.5,True,10070.48,10959.12,888.6400000000012,10865.21,10959.12,12.139999999999418,62.149999999999636,806.869999999999,62.149999999999636,True,True,complete,18.25084364454443,21.51196172248804,9,39.75090814737934,0.0,-0.8632822384920461,-0.291219994752545,-0.01672727272775111,-0.02248259303725388,-0.02814125412542763,0,0
5f6756c5,4346,8064,2133,5931,73.54910714285714,13536.0,13535.0,12202.3,12200.25,-2.0499999999992724,2.0499999999992724,5930.0,-0.0003456998313658132,True,False,True,11403.0,19466.0,1.0,True,3013507.95,3017743.46,1105291.45,1111362.92,-10171.87,-9260.63,11239.87,12325.65,1085.7799999999988,26.38,179.08999999999995,0.25,True,11252.23,12238.22,985.9899999999998,12196.37,12217.71,12.359999999998763,87.43000000000029,956.5,107.94000000000051,True,True,complete,3.39781746031746,3.2372281234193223,3,47.5609756097561,0.0,-0.8437570694502079,-0.13206343203315643,-0.011515151514681654,-0.012839375750310217,-0.018810861086109604,0,0
5f75f796,1948,7324,1762,5562,75.94210813762972,13651.0,13650.0,12769.39,12791.35,21.960000000000946,21.960000000000946,5561.0,0.003948930048552589,True,False,True,11889.0,19212.0,1.0,True,3014382.59,3018497.41,1081845.38,1087160.48,-10571.66,-9760.8,11899.95,12873.45,973.5,34.36,207.01,0.5,True,11912.48,12791.35,878.8700000000008,12769.4,12791.35,12.529999999998836,82.10000000000036,869.4499999999989,82.10000000000036,True,True,complete,44.0606226105953,50.161812297734635,16,45.071868583162214,0.0,-0.8913753771162731,-0.5711275112480722,0.007575757575751178,0.007886194477759706,0.01342082208220414,0,0
5fb1c15f,1897,4857,1997,2860,58.8840848260243,12242.0,12241.0,11012.240000000002,11026.63,14.389999999997599,14.389999999997599,2859.0,0.00503322840153816,True,False,True,10245.0,15101.0,1.0,True,2926894.21,2929972.52,1056429.02,1059585.44,-8876.18,-8110.48,10197.44,11145.28,947.8400000000001,23.41,153.88,0.5,True,10209.59,11035.320000000002,825.7300000000014,11011.4,11035.320000000002,12.149999999999636,109.95999999999913,813.9599999999991,109.95999999999913,True,True,complete,46.983734815729875,52.37762237762238,13,38.323668950975225,0.0,-0.9396918371215651,-0.05811988271384323,0.01521212121224331,0.021128451380560895,0.008985538553859643,0,0
5fffa282,2158,6223,2022,4201,67.50763297444962,12577.0,12576.0,11435.87,11431.42,-4.450000000000728,4.450000000000728,4200.0,-0.0010595238095239827,True,False,True,10555.0,16777.0,1.0,True,2988560.5,2990480.08,1095527.68,1100795.96,-9396.55,-8348.3,10516.42,11594.55,1078.1299999999992,27.21,224.46,0.5,True,10528.54,11438.39,909.8499999999985,11425.34,11435.87,12.1200000000008,156.15999999999985,908.9200000000001,158.67999999999847,True,True,complete,9.127430499758958,7.998095691502023,5,42.63206672845227,0.0,-0.9805597776297141,-0.23475163892503342,-0.002727272727000685,-0.006298679471832645,-0.006902010201003852,0,0
60e37807,2205,4641,1942,2699,58.15556992027581,12700.0,12699.0,11424.490000000002,11448.55,24.05999999999767,24.05999999999767,2698.0,0.008917716827278604,True,False,True,10758.0,15398.0,1.0,True,2985250.19,2986769.94,1085566.53,1089295.24,-9434.63,-8559.2,10489.95,11591.95,1102.0,25.9,147.32,0.5,True,10502.29,11465.15,962.8599999999988,11418.22,11465.15,12.340000000000146,126.80000000000109,928.2699999999986,126.80000000000109,True,True,complete,2.3270846800258567,2.5935531678399406,2,47.3922902494331,0.0,-0.972844678241107,-0.5328388634497795,0.02000000000024636,0.025147178871587704,0.026129372937282652,0,0
61f27424,2799,8341,2121,6220,74.57139431722814,13172.0,13171.0,12146.12,12150.35,4.229999999999563,4.229999999999563,6219.0,0.0006801736613602772,True,False,True,11051.0,19391.0,1.0,True,2980013.07,2980121.07,1051773.74,1059392.82,-9932.05,-8863.46,11019.45,12418.45,1399.0,26.17,218.65,0.5,True,11031.88,12151.05,1119.17,12140.17,12151.05,12.429999999998472,267.40000000000146,1120.7199999999993,267.40000000000146,True,True,complete,8.248411461455461,7.652733118971061,48,60.914612361557694,0.0,-0.9383062413820518,-0.6950646551831136,0.001454545454738341,0.001239375750336084,0.0006730273027180565,0,0
62569ae3,1824,5242,1654,3588,68.44715757344525,13079.0,13078.0,11952.04,11938.08,-13.960000000000946,13.960000000000946,3587.0,-0.003891831614162516,True,False,True,11425.0,16666.0,1.0,True,3022173.3,3022273.14,1114396.04,1119292.71,-9961.04,-9194.94,11270.45,12181.95,911.5,34.4,156.51999999999998,0.5,True,11282.65,11957.06,674.4099999999999,11935.4,11957.06,12.199999999998909,224.89000000000124,664.9499999999989,224.89000000000124,True,True,complete,26.93628386112171,31.24303232998885,12,33.27850877192983,0.0,-0.9698361658861017,-0.6269263928152444,0.020181818181799843,0.025905402160869277,0.03891689168918142,0,0
62a6f539,1630,5253,1560,3693,70.3026841804683,12012.0,12011.0,11200.51,11204.68,4.170000000000073,4.170000000000073,3692.0,0.0011294691224268886,True,False,True,10452.0,15704.0,1.0,True,2915403.3,2918488.01,1045923.03,1049567.22,-9048.99,-8382.08,10536.8,11350.94,814.1400000000012,45.46,226.9,0.5,True,10549.13,11204.73,655.6000000000004,11184.59,11204.73,12.329999999999927,146.21000000000095,647.7900000000009,146.21000000000095,True,True,complete,62.44051018465638,69.99729217438397,25,27.484662576687118,0.0,-0.9471294469915367,-0.19618956061455398,0.001272727272560097,-0.00021512605041269976,0.0013028502850351365,0,0
633774dc,1871,7972,1739,6233,78.18615153035626,12123.0,12122.0,11153.89,11184.86,30.970000000001164,30.970000000001164,6232.0,0.004969512195122138,True,False,True,10384.0,18355.0,1.0,True,2966928.48,2971901.19,1095235.43,1100808.48,-8852.52,-8111.82,10376.55,11311.5,934.9500000000007,33.05,256.22,0.5,True,10388.67,11184.86,796.1900000000005,11142.1,11184.86,12.1200000000008,126.63999999999942,765.5500000000011,126.63999999999942,True,True,complete,33.45459106874059,36.41905984277234,12,37.14591127739177,0.0,-0.7922876190456052,-0.2264217694192088,0.004060606060451414,0.0010809123649562823,-0.006232823282315316,0,0
63559d57,3428,5810,1741,4069,70.03442340791737,12878.0,12877.0,12133.94,12149.61,15.670000000000073,15.670000000000073,4068.0,0.0038520157325467237,True,False,True,11137.0,16946.0,1.0,True,3013166.05,3016444.49,1109463.83,1113647.71,-9966.38,-9022.67,11469.34,12325.65,856.3099999999995,26.38,168.11,0.25,True,11481.820000000002,12149.61,667.789999999999,12129.67,12149.61,12.480000000001382,176.03999999999905,660.3299999999999,176.03999999999905,True,True,complete,57.16006884681584,65.86384861145245,16,33.51808634772462,0.0,-0.9263760517229774,-0.623687945298572,0.015575757575875709,0.013855942376943781,0.01212565256524759,0,0
647f2a41,2086,5836,1955,3881,66.50102810143935,13079.0,13078.0,11897.17,11892.33,-4.8400000000001455,4.8400000000001455,3880.0,-0.0012474226804124087,True,False,True,11124.0,16959.0,1.0,True,2997581.2,3001070.46,1090704.3,1094613.13,-9882.46,-8854.33,11009.4,12051.84,1042.4400000000005,32.93,238.11,0.5,True,11021.570000000002,11901.86,880.289999999999,11880.71,11901.86,12.170000000001892,149.97999999999956,871.3099999999995,149.97999999999956,True,True,complete,30.945853324194655,43.44241174954909,21,42.329817833173536,0.0,-0.967995950897084,-0.3954740863924862,0.008727272726761888,0.015612004801947152,0.015031323132322772,0,0
65156b96,1862,5046,1825,3221,63.83273880301229,11876.0,11875.0,11031.26,11056.320000000002,25.06000000000131,25.06000000000131,3220.0,0.0077826086956525806,True,False,True,10051.0,15096.0,1.0,True,2924647.7,2927659.3,1054963.37,1058309.76,-8992.0,-7955.959999999999,10214.93,11145.28,930.3500000000004,23.41,153.88,0.5,True,10227.04,11056.320000000002,829.2800000000007,11024.53,11056.320000000002,12.110000000000582,88.95999999999913,809.6000000000004,88.95999999999913,True,True,complete,4.855330955212049,5.029493945979509,8,37.16433941997852,0.0,-0.9565921046557606,-0.5190394284228649,1.219393145689627e-13,-0.0009363745498413153,-0.0009351335133369176,0,0
653612bc,1318,5946,1341,4605,77.44702320887991,13020.0,13019.0,11959.97,11959.83,-0.13999999999941792,0.13999999999941792,4604.0,-3.0408340573287993e-05,True,False,True,11679.0,17624.0,1.0,True,3024954.93,3025134.31,1115536.91,1121264.4,-10033.2,-9482.55,11523.45,12181.95,658.5,34.4,156.51999999999998,0.5,True,11535.66,11965.28,429.6200000000008,11959.15,11965.28,12.209999999999127,216.67000000000007,435.6999999999989,216.67000000000007,True,True,complete,3.8681466532122433,3.5613463626492945,2,7.663125948406677,0.0,-0.9330177181147937,-0.30413102715096635,-0.005515151515145391,0.011336374549800866,0.010160756075591372,0,0
656a067b,1940,4896,1845,3051,62.31617647058824,12207.0,12206.0,11020.21,11022.41,2.2000000000007276,2.2000000000007276,3050.0,0.0007213114754100746,True,False,True,10362.0,15257.0,1.0,True,3007354.97,3008450.52,1129260.2,1133501.35,-9064.8,-8283.11,10152.95,11122.45,969.5,38.91,273.82,0.5,True,10165.1,11041.2,876.1000000000004,11001.59,11041.2,12.149999999999636,81.25,848.6399999999994,81.25,True,True,complete,19.17892156862745,20.419534578826614,8,41.907216494845365,0.0,-0.9577027176049449,-0.22310787784596214,0.0820000000000255,0.043792076830717605,0.03513903390338803,0,0
65a5466a,1282,6117,1434,4683,76.55713585090731,11836.0,11835.0,10846.09,10858.4,12.30999999999949,12.30999999999949,4682.0,0.002629218282785026,True,False,True,10402.0,16518.0,1.0,True,2998300.91,3000204.77,1122330.38,1127805.88,-9040.48,-8274.13,10316.09,10956.570000000002,640.4800000000014,22.9,152.86,0.5,True,10328.45,10871.77,543.3199999999997,10835.53,10871.77,12.360000000000582,84.80000000000109,519.4400000000005,84.80000000000109,True,True,complete,24.701651136177865,27.461029254751228,7,8.502340093603744,0.0,-0.8868174498189314,0.1351166912389214,0.013272727273017385,0.008560864345758685,0.002748334833509777,0,0
660d9546,1257,6140,1408,4732,77.06840390879479,13019.0,13018.0,12012.35,12006.31,-6.040000000000873,6.040000000000873,4731.0,-0.0012766856901291214,True,False,True,11611.0,17750.0,1.0,True,3023927.62,3024009.23,1115182.42,1121059.07,-10083.73,-9468.36,11553.95,12181.95,628.0,34.4,156.51999999999998,0.5,True,11566.15,12012.79,446.64000000000124,11990.44,12012.79,12.199999999998909,169.15999999999985,436.4899999999998,169.15999999999985,True,True,complete,18.697068403908794,20.81572273879966,9,3.182179793158314,0.0,-0.9170761990979045,0.36699361031047356,0.006303030302195336,0.01310876350534441,0.05791641164117297,0,0
6767c111,1561,8354,1571,6783,81.19463729949726,11827.0,11826.0,11039.61,11071.71,32.099999999998545,32.099999999998545,6782.0,0.004733117074609045,True,False,True,10256.0,18609.0,1.0,True,3002407.61,3008157.56,1134666.58,1140013.85,-8889.34,-8222.65,10342.45,11122.45,780.0,38.91,273.82,0.5,True,10354.84,11079.820000000002,724.9800000000014,11039.65,11079.820000000002,12.389999999999418,42.6299999999992,697.1999999999989,42.6299999999992,True,True,complete,48.61144361982284,48.20875718708536,19,27.802690582959645,0.0,-0.3634238863121871,-0.08679702517873852,0.04260606060672388,0.029343097238869888,0.01935961596159222,0,0
67847288,1987,9174,1745,7429,80.97885328101155,13623.0,13622.0,12541.94,12528.47,-13.470000000001164,13.470000000001164,7428.0,-0.0018134087237481372,True,False,True,11878.0,21051.0,1.0,True,3005013.03,3009099.27,1074202.05,1081857.63,-10337.68,-9605.93,11755.95,12748.95,993.0,29.71,233.85,0.5,True,11768.42,12542.05,773.6299999999992,12517.29,12541.93,12.469999999999345,206.90000000000146,761.3400000000001,207.02000000000044,True,True,complete,46.54458251580554,46.64153991115897,172,45.54604932058379,0.0,-0.7461298378984391,-0.1100118865247591,-0.010969696970039687,0.011922208883531028,0.015285148514830928,0,0
67a8da4a,1889,6645,1734,4911,73.90519187358916,13861.0,13860.0,12662.68,12678.03,15.350000000000364,15.350000000000364,4910.0,0.0031262729124236993,True,False,True,12127.0,18771.0,1.0,True,3019244.84,3022553.42,1081744.28,1086904.59,-10642.13,-9916.0,11929.45,12873.45,944.0,34.36,207.01,0.5,True,11941.87,12692.63,750.7599999999984,12662.67,12690.46,12.420000000000073,180.82000000000153,733.2199999999993,182.9900000000016,True,True,complete,17.351392024078255,18.7945428629607,24,43.35627316040233,0.0,-0.8879252755078095,-0.3576910664797845,0.009999999999595553,0.033256662665107725,0.012419801980185363,0,0
684a6fc1,3705,11449,1631,9818,85.75421434186393,11953.0,11952.0,10929.02,10934.45,5.430000000000291,5.430000000000291,9817.0,0.0005531221350718439,True,False,True,10322.0,21770.0,1.0,True,2958132.82,2965127.3,1072697.28,1081100.57,-9078.82,-8093.110000000001,10210.45,11136.45,926.0,24.82,207.12,0.25,True,10222.76,10967.05,744.289999999999,10929.070000000002,10967.05,12.30999999999949,169.40000000000146,718.6200000000008,169.40000000000146,True,True,complete,49.462835182111974,50.22407822367081,11,38.43454790823212,0.0,-0.9015415553959807,-0.2605991186343915,0.0475757575759248,0.04913325330131397,0.050548514851495724,0,0
698930d1,1894,6498,1757,4741,72.96091104955372,12116.0,12115.0,11032.97,11058.5,25.530000000000655,25.530000000000655,4740.0,0.005386075949367227,True,False,True,10359.0,16856.0,1.0,True,3006433.67,3007805.49,1128914.97,1134681.34,-9052.76,-8257.82,10175.95,11122.45,946.5,38.91,273.82,0.5,True,10188.19,11059.85,871.6599999999999,11029.61,11059.85,12.239999999999782,62.600000000000364,853.6599999999999,62.600000000000364,True,True,complete,11.80363188673438,14.89137312803206,9,40.49630411826822,0.0,-0.909261387795426,-0.2739839731618093,-3.4716023854513674e-13,-0.0026060024009521457,-0.008156495649561533,0,0
699ea575,2533,5474,1354,4120,75.2648885641213,13098.0,13097.0,11991.05,11999.87,8.820000000001528,8.820000000001528,4119.0,0.0021412964311729858,True,False,True,11744.0,17217.0,1.0,True,3011171.72,3013231.3,1099966.33,1104831.78,-10069.61,-9645.12,11523.95,12156.95,633.0,27.79,203.62,0.25,True,11536.42,12010.77,474.35000000000036,11985.97,12010.77,12.469999999999345,146.1800000000003,462.0199999999986,146.1800000000003,True,True,complete,42.382170259408106,45.07281553398058,9,6.908803789972365,0.0,-0.9021270034127572,0.1925804594875354,0.007393939393982579,0.005869867947143316,0.0032664266426818086,0,0
69c1bdad,1856,4645,1931,2714,58.42841765339074,12507.0,12506.0,11414.38,11396.42,-17.959999999999127,17.959999999999127,2713.0,-0.006619977884260644,True,False,True,10576.0,15220.0,1.0,True,2977709.05,2980474.08,1096844.78,1100049.03,-9047.76,-8326.11,10667.42,11594.55,927.1299999999992,27.21,224.46,0.5,True,10679.47,11435.45,755.9800000000014,11396.42,11429.740000000002,12.049999999999272,159.09999999999854,729.0,164.80999999999767,True,True,complete,37.00753498385361,40.86219602063375,11,33.297413793103445,0.0,-0.9780437169238566,-0.4016099877347569,-0.043757575757462135,-0.044103721488563945,-0.05860210021002109,0,0
69e41fa6,1262,7167,1395,5772,80.53578903306823,13010.0,13009.0,12051.81,12039.14,-12.670000000000073,12.670000000000073,5771.0,-0.0021954600589152787,True,False,True,11615.0,18781.0,1.0,True,3021345.73,3022042.65,1112414.88,1119221.09,-10076.31,-9438.34,11551.45,12181.95,630.5,34.4,156.51999999999998,0.5,True,11563.78,12055.75,491.96999999999935,12039.070000000002,12055.75,12.329999999999927,126.20000000000073,487.6200000000008,126.20000000000073,True,True,complete,40.44928142877075,44.42134442134442,19,3.565768621236133,0.0,-0.8815644893696745,-0.17330883769719677,-0.027575757575782404,-0.02448019207685702,-0.012172097209718048,0,0
6a0ff78e,1356,7890,1425,6465,81.93916349809885,12070.0,12069.0,11206.01,11189.84,-16.170000000000073,16.170000000000073,6464.0,-0.0025015470297029816,True,False,True,10645.0,18534.0,1.0,True,2906424.06,2911497.95,1031529.23,1037169.13,-9347.56,-8594.48,10688.95,11366.45,677.5,22.82,168.04,0.5,True,10701.34,11231.58,530.2399999999998,11187.83,11231.58,12.389999999999418,134.8700000000008,498.8799999999992,134.8700000000008,True,True,complete,4.182509505703422,4.021655065738592,3,10.914454277286136,0.0,-0.8266191354335519,0.060529348247760045,0.058545454545471824,0.060146938775531705,0.058619501950195815,0,0
6a8fa194,1809,4657,1640,3017,64.78419583422804,12628.0,12627.0,11989.88,11989.5,-0.37999999999919964,0.37999999999919964,3016.0,-0.00012599469495994684,True,False,True,10988.0,15644.0,1.0,True,2908070.84,2911992.72,1016721.12,1018398.08,-9672.13,-9004.19,11298.95,12202.95,904.0,18.53,317.9,0.5,True,11311.15,12004.7,693.5500000000011,11988.93,12004.7,12.199999999998909,198.25,689.9799999999996,198.25,True,True,complete,6.076873523727722,5.601590984421611,3,0.0,0.0,-0.960070869908605,-0.3135866240070255,-0.007454545454666842,-0.0032340936375417927,0.0037570957095483764,0,0
6ae68655,1006,5948,1744,4204,70.67921990585072,13574.0,13573.0,12126.45,12117.740000000002,-8.709999999999127,8.709999999999127,4203.0,-0.002072329288603171,True,False,True,11830.0,17777.0,1.0,True,2987516.22,2991346.88,1057496.34,1061374.33,-10224.23,-9500.12,11782.62,12285.1,502.47999999999956,26.77,120.06,0.5,True,11387.98,12133.59,745.6100000000006,12117.740000000002,12133.59,-394.64000000000124,151.51000000000022,335.1200000000008,151.51000000000022,False,True,complete,18.86348352387357,19.88582302568982,9,1.0934393638170974,0.0,-0.8586164808623473,-0.3058842034945274,-0.026727272727216544,-0.018874429771892496,-0.014081308130825913,0,0
6d1d74e1,1191,7316,1486,5830,79.68835429196282,12045.0,12044.0,10962.94,10941.25,-21.69000000000051,21.69000000000051,5829.0,-0.0037210499227998814,True,False,True,10559.0,17874.0,1.0,True,2883492.86,2888081.38,1014869.78,1020229.0,-9241.51,-8478.17,10515.63,11110.62,594.9900000000016,38.67,196.39,0.5,True,10528.14,10978.17,450.03000000000065,10938.19,10978.17,12.510000000000218,132.45000000000073,422.5600000000013,132.45000000000073,True,True,complete,29.346637506834334,30.7032590051458,11,0.0,0.0,-0.6770676653919149,0.04845833172263195,-0.0029696969694844207,0.0015092436974764967,0.0029242124212458215,0,0
6d590e26,1943,7842,1746,6096,77.73527161438409,12207.0,12206.0,11374.69,11367.66,-7.030000000000655,7.030000000000655,6095.0,-0.0011534044298606488,True,False,True,10461.0,18302.0,1.0,True,2993783.44,2996118.79,1114709.61,1121613.16,-9052.58,-8274.8,10566.92,11537.41,970.4899999999998,28.58,224.14,0.5,True,10579.070000000002,11395.89,816.8199999999979,11363.990000000002,11395.89,12.150000000001455,141.52000000000044,797.0700000000015,141.52000000000044,True,True,complete,30.107115531752104,33.218503937007874,7,37.828100874935664,0.0,-0.791949971124646,-0.24837638644435409,0.023272727272773103,0.02578727490999442,0.024073627362747863,0,0
6d6d93af,1445,5305,1710,3595,67.76625824693684,12596.0,12595.0,11522.62,11512.36,-10.260000000000218,10.260000000000218,3594.0,-0.0028547579298831994,True,False,True,10886.0,16190.0,1.0,True,2899935.32,2904650.78,1010729.9,1012201.14,-9632.32,-8875.52,10929.45,11651.45,722.0,24.66,211.09,0.5,True,10941.95,11542.75,600.7999999999993,11470.84,11522.55,12.5,108.70000000000073,541.3899999999994,128.90000000000146,True,True,complete,40.395852968897266,43.56050069541029,10,0.0,0.0,-0.8982667543129423,-0.15397782844401983,-0.04309090909084597,-0.03462569027606469,-0.03356135613561847,0,0
6dbe4b60,1863,6673,2025,4648,69.65382886258055,12814.0,12813.0,11397.76,11393.38,-4.380000000001019,4.380000000001019,4647.0,-0.0009425435765011876,True,False,True,10789.0,17461.0,1.0,True,3004845.89,3005151.23,1110927.87,1117057.91,-9578.9,-8601.44,10606.9,11537.41,930.5100000000002,28.58,224.14,0.5,True,10619.070000000002,11413.19,794.119999999999,11391.25,11413.19,12.170000000001892,124.21999999999935,784.3500000000004,124.21999999999935,True,True,complete,46.87546830511015,50.0,17,35.158346752549654,0.0,-0.95425038234346,-0.35768677198286514,-0.021272727272734132,-0.023821848739500315,-0.02638499849984988,0,0
6e6d122c,1301,7083,1451,5632,79.5143300861217,13225.0,13224.0,12263.45,12256.35,-7.100000000000364,7.100000000000364,5631.0,-0.0012608772864500734,True,False,True,11774.0,18856.0,1.0,True,3007976.14,3012435.5,1086739.51,1091813.01,-10292.81,-9575.18,11716.95,12366.95,650.0,31.86,215.44,0.5,True,11729.03,12285.7,556.6700000000001,12255.92,12285.7,12.079999999999927,81.25,538.9699999999993,81.25,True,True,complete,25.808273330509675,28.728693181818183,9,21.2913143735588,0.0,-0.903402595726935,0.2353412355379182,-0.0015151515152194324,-0.002682833133259861,-0.003949114911489169,0,0
6e9ccd38,972,9619,1337,8282,86.10042623973386,11803.0,11802.0,10690.94,10675.36,-15.579999999999927,15.579999999999927,8281.0,-0.001881415288008686,True,False,True,10466.0,20084.0,1.0,True,2866429.8,2872727.41,1025341.24,1032469.43,-8603.57,-8291.34,10359.95,10845.45,485.5,22.7,181.93,0.5,True,10372.05,10714.42,342.3700000000008,10669.7,10714.42,12.099999999998545,131.03000000000065,309.75,131.03000000000065,True,True,complete,3.9297224243684377,3.8879497705868147,4,0.0,0.0,-0.3615169531210155,0.09731109943589215,0.020000000000384776,0.019372869147659788,0.01735385538553779,0,0
6ea22614,2181,7894,1923,5971,75.63972637446162,11876.0,11875.0,10866.070000000002,10861.87,-4.200000000000728,4.200000000000728,5970.0,-0.0007035175879398204,True,False,True,9953.0,17846.0,1.0,True,2991586.3,2994445.86,1114612.31,1121251.89,-8975.9,-7787.049999999999,9931.36,11021.27,1089.9099999999999,30.96,207.46,0.5,True,9943.52,10877.59,934.0699999999997,10853.19,10877.59,12.159999999999854,143.6800000000003,921.8299999999999,143.6800000000003,True,True,complete,42.9566759564226,44.61564227097639,15,46.76753782668501,0.0,-0.9478039551598948,-0.4298462412892543,-0.008545454544892002,-0.008881632653096,-0.013841944194403998,0,0
6ede926a,1678,6621,1683,4938,74.58087902129587,12274.0,12273.0,11196.3,11207.75,11.450000000000728,11.450000000000728,4937.0,0.0023192221997165746,True,False,True,10591.0,17211.0,1.0,True,2900385.61,2904372.36,1031243.17,1035903.08,-9199.71,-8525.96,10527.95,11366.45,838.5,22.82,168.04,0.5,True,10540.38,11220.31,679.9300000000003,11185.54,11208.73,12.429999999998472,146.14000000000124,657.5900000000001,157.72000000000116,True,True,complete,34.67754115692493,35.9052247873633,109,28.00953516090584,0.0,-0.8680827119756372,0.03485323345350899,-0.02515151515181743,0.034637695078025485,0.034407080708051985,0,0
708caea9,2010,8482,1934,6548,77.1987738740863,11995.0,11994.0,11014.1,11055.1,41.0,41.0,6547.0,0.006262410264243165,True,False,True,10061.0,18542.0,1.0,True,3002896.48,3008603.65,1134904.4,1140283.98,-8894.49,-8008.84,10117.95,11122.45,1004.5,38.91,273.82,0.5,True,10130.12,11064.740000000002,934.6200000000008,11014.11,11064.740000000002,12.170000000000073,57.70999999999913,896.1599999999999,57.70999999999913,True,True,complete,19.771280358406038,21.701282834453266,12,43.930348258706466,0.0,-0.5635488333408692,-0.3222372970281354,0.01127272727259106,0.012370228091209065,0.006721032103219533,0,0
70925e23,2325,8072,2125,5947,73.67443012884044,13986.0,13985.0,12705.63,12696.87,-8.7599999999984,8.7599999999984,5946.0,-0.0014732593340057853,True,False,True,11861.0,19932.0,1.0,True,3021920.66,3025904.39,1075285.94,1081492.11,-10733.66,-9725.62,11711.45,12873.45,1162.0,34.36,207.01,0.5,True,11723.79,12710.42,986.6299999999992,12678.78,12705.6,12.340000000000146,163.03000000000065,967.3299999999999,167.85000000000036,True,True,complete,10.493062438057482,11.804271061039179,8,53.97849462365591,0.0,-0.978099088930754,-0.26022040576584604,-0.03484848484893144,-0.030414885954306813,-0.026603240324038727,0,0
70e1788b,2257,11338,2053,9285,81.8927500440995,11912.0,11911.0,10673.77,10683.27,9.5,9.5,9284.0,0.001023265833692374,True,False,True,9859.0,21196.0,1.0,True,2868000.16,2875075.63,1025655.78,1033781.97,-8614.99,-7719.93,9717.45,10845.45,1128.0,22.7,209.56,0.5,True,9729.56,10687.4,957.8400000000001,10661.84,10687.4,12.109999999998763,158.0500000000011,944.3899999999994,158.0500000000011,True,True,complete,4.05715293702593,3.9633817985998925,3,43.420469649977846,0.0,-0.8351117650931997,-0.40868207742491486,0.019999999999882296,0.02783193277310348,0.023574437443755984,0,0
71642c7d,2304,6657,2009,4648,69.82124079915877,13805.0,13804.0,12824.37,12821.740000000002,-2.6299999999991996,2.6299999999991996,4647.0,-0.0005659565310951581,True,False,True,11796.0,18452.0,1.0,True,2944258.4,2945753.43,1009269.93,1015029.42,-11012.83,-9767.25,11830.45,12981.95,1151.5,28.29,176.98999999999998,0.5,True,11842.8,12846.06,1003.2600000000002,12821.11,12846.06,12.349999999998545,135.89000000000124,990.6599999999999,135.89000000000124,True,True,complete,22.412498122277302,26.89328743545611,11,51.60590277777778,0.0,-0.9733837720843127,-0.5235046377911665,0.03151515151552888,0.03959087635053512,0.039030843084310846,0,0
71ccf778,2210,4623,1925,2698,58.36037205277959,12818.0,12817.0,11983.3,11981.62,-1.679999999998472,1.679999999998472,2697.0,-0.0006229143492764078,True,False,True,10893.0,15515.0,1.0,True,2909059.01,2912467.41,1017132.32,1019338.48,-9716.51,-8865.29,11098.45,12202.95,1104.5,18.53,317.9,0.5,True,11110.77,11989.7,878.9300000000003,11974.86,11987.37,12.319999999999709,213.25,876.4099999999999,215.57999999999993,True,True,complete,4.520873891412503,4.595997034840623,8,0.0,0.0,-0.986513243953766,-0.6797627658801426,-0.005212121212367891,-0.00873565426166841,-0.008161956195627595,0,0
7224331b,1574,7566,1503,6063,80.13481363996829,13288.0,13287.0,12174.79,12165.53,-9.260000000000218,9.260000000000218,6062.0,-0.0015275486638073603,True,False,True,11785.0,19350.0,1.0,True,2981349.37,2983035.6,1052400.37,1059481.96,-10065.79,-9554.73,11631.95,12418.45,786.5,26.17,218.65,0.5,True,11644.240000000002,12182.2,537.9599999999991,12165.02,12182.1,12.290000000000873,236.25,533.0699999999997,236.35000000000036,True,True,complete,68.9796457837695,70.85601187530925,28,30.495552731893266,0.0,-0.4743835998684871,-0.1757647091542299,-0.018181818181719926,-0.02215126050424101,-0.014957335733570339,0,0
722cf0d8,2389,7275,2132,5143,70.69415807560138,12158.0,12157.0,10935.75,10952.58,16.829999999999927,16.829999999999927,5142.0,0.0032730455075845833,True,False,True,10026.0,17300.0,1.0,True,2884875.22,2889590.54,1025829.33,1030546.48,-8895.07,-7902.379999999999,9916.64,11110.62,1193.9800000000014,38.67,221.13,0.5,True,9929.03,10954.29,1025.2600000000002,10920.95,10954.29,12.390000000001237,156.32999999999993,1004.3100000000013,156.32999999999993,True,True,complete,3.876288659793815,3.772117441182189,7,49.85349518627041,0.0,-0.9541267113018743,-0.47722721458015416,-0.011454545455100577,-0.009780072028829823,-0.006157095709571608,0,0
7256229b,1757,6972,1557,5415,77.66781411359725,11840.0,11839.0,10895.55,10893.43,-2.1199999999989814,2.1199999999989814,5414.0,-0.00039157739194661643,True,False,True,10283.0,17254.0,1.0,True,2996059.03,2998282.87,1115868.16,1121960.69,-9124.71,-8159.709999999999,10143.33,11021.27,877.9400000000005,30.96,207.46,0.5,True,10155.56,10911.490000000002,755.9300000000021,10886.61,10911.490000000002,12.229999999999563,109.77999999999884,743.2800000000007,109.77999999999884,True,True,complete,64.62994836488812,66.42659279778394,18,33.921457029026755,0.0,-0.9113126920920415,-0.19908012538735398,-0.008545454545775119,-0.010156062424965437,-0.009324992499239085,0,0
726f3dc2,2027,8619,1896,6723,78.00208840932822,12311.0,12310.0,11439.94,11438.62,-1.319999999999709,1.319999999999709,6722.0,-0.00019637012793807037,True,False,True,10415.0,19033.0,1.0,True,2978156.63,2983412.22,1102970.9,1109028.87,-9024.33,-8184.549999999999,10581.92,11594.55,1012.6299999999992,27.21,224.46,0.5,True,10594.28,11446.19,851.9099999999999,11423.38,11445.93,12.360000000000582,148.35999999999876,841.4599999999991,148.61999999999898,True,True,complete,35.56096995011022,36.63543061133422,15,38.92451899358658,0.0,-0.8505274391600741,-0.4052998506730233,-0.01745454545493247,-0.015981752701109842,-0.010634263426341469,0,0
7271dd80,4163,5765,1425,4340,75.28187337380746,11582.0,11581.0,10983.490000000002,10974.87,-8.6200000000008,8.6200000000008,4339.0,-0.001986632864715557,True,False,True,10157.0,15921.0,1.0,True,2956592.53,2959956.22,1074805.07,1078760.57,-9022.98,-8005.719999999999,10095.95,11136.45,1040.5,24.82,207.12,0.25,True,10108.45,11000.93,892.4799999999996,10970.6,10983.41,12.5,135.52000000000044,874.6499999999996,153.04000000000087,True,True,complete,4.388551604509974,4.216589861751152,3,45.20778284890704,0.0,-0.9767310650130797,-0.25230109980526116,-0.07636363636394196,-0.0871442977191098,-0.09854173417341847,0,0
727a3a10,2177,6342,1945,4397,69.33144118574582,13870.0,13869.0,12738.23,12729.02,-9.209999999999127,9.209999999999127,4396.0,-0.0020950864422200014,True,False,True,11925.0,18266.0,1.0,True,3033210.38,3037168.57,1096721.5,1100908.82,-10650.9,-9808.15,11899.45,12987.45,1088.0,21.06,218.7,0.5,True,11911.73,12763.92,852.1900000000005,12719.68,12738.19,12.279999999998836,223.53000000000065,820.2299999999996,249.26000000000022,True,True,complete,27.357300536108482,32.97702979304071,8,62.74689940284796,16.666666666666664,-0.9954302752802926,-0.38692003653953344,-0.0437575757571779,-0.046196398559392234,-0.07470309030901619,0,0
729665c0,1542,5775,1512,4263,73.81818181818181,12891.0,12890.0,11859.08,11873.42,14.340000000000146,14.340000000000146,4262.0,0.003364617550445834,True,False,True,11379.0,17153.0,1.0,True,2997883.18,3001308.33,1090792.92,1094984.96,-9856.3,-9082.92,11281.4,12051.84,770.4400000000005,32.93,238.11,0.5,True,11293.51,11873.51,580.0,11847.69,11873.51,12.110000000000582,178.32999999999993,566.2900000000009,178.32999999999993,True,True,complete,41.922077922077925,55.500821018062396,36,21.98443579766537,0.0,-0.9323949799736857,-0.1484077532066339,-0.03963636363665125,-0.040350060024085796,-0.048900750075023224,0,0
729e9750,1443,7427,1508,5919,79.6957048606436,11952.0,11951.0,10959.53,10975.55,16.019999999998618,16.019999999998618,5918.0,0.0027069956066236257,True,False,True,10444.0,17870.0,1.0,True,2886575.03,2891381.39,1017485.27,1022717.07,-9122.32,-8320.62,10389.63,11110.62,720.9900000000016,38.67,210.4,0.5,True,10401.990000000002,10975.55,573.5599999999977,10948.11,10975.55,12.360000000002401,135.07000000000153,558.4800000000014,135.07000000000153,True,True,complete,56.07917059377945,57.205609055583714,19,16.97851697851698,0.0,-0.876170646659226,-0.060124350166268055,0.00903030303018565,0.014955582232891831,0.019186738673864064,0,0
729f4217,1267,7592,1397,6195,81.59905163329822,12092.0,12091.0,11223.67,11224.16,0.4899999999997817,0.4899999999997817,6194.0,7.910881498220564e-05,True,False,True,10695.0,18286.0,1.0,True,2907786.14,2912689.62,1032840.56,1038267.28,-9318.98,-8621.33,10733.45,11366.45,633.0,22.82,168.04,0.5,True,10745.91,11224.85,478.9400000000005,11203.65,11224.56,12.459999999999127,141.60000000000036,470.1999999999989,141.89000000000124,True,True,complete,50.0,53.010492332526226,15,4.656669297553275,0.0,-0.8104028161595958,0.3644852963205093,-1.521074803592486e-14,-0.0004240096038191187,-0.0038678667866765596,0,0
72dd8501,3678,6928,1735,5193,74.9566974595843,13084.0,13083.0,12018.01,12025.52,7.510000000000218,7.510000000000218,5192.0,0.0014464560862866367,True,False,True,11349.0,18276.0,1.0,True,3005903.02,3008112.5,1098578.42,1104620.47,-9976.34,-9221.46,11237.7,12156.95,919.25,27.79,203.62,0.25,True,11250.13,12026.64,776.5100000000002,12008.61,12026.64,12.429999999998472,130.3100000000013,770.9099999999999,130.3100000000013,True,True,complete,48.57101616628176,54.70826112073945,18,35.88907014681892,0.0,-0.9243519949771206,-0.05304038533409813,0.013393939393677282,0.020018247298946863,0.020996219621971086,0,0
73348914,1197,5686,1465,4221,74.23496306718256,13891.0,13890.0,12741.68,12749.36,7.680000000000291,7.680000000000291,4220.0,0.001819905213270211,True,False,True,12426.0,18111.0,1.0,True,2944164.78,2945541.53,1009454.03,1014802.4,-10921.8,-10317.3,12383.95,12981.95,598.0,28.29,138.79,0.5,True,12396.4,12762.13,365.72999999999956,12740.83,12762.13,12.449999999998909,219.82000000000153,356.8799999999992,219.82000000000153,True,True,complete,20.172353148083012,22.506515043828475,19,6.8504594820384295,0.0,-0.8566262496273681,0.13033745970826394,-0.015151515151596706,-0.005647539015596397,-0.0029635163516288396,0,0
739a914f,2141,7319,1814,5505,75.21519333242246,12486.0,12485.0,11387.02,11373.33,-13.69000000000051,13.69000000000051,5504.0,-0.0024872819767442784,True,False,True,10672.0,17990.0,1.0,True,3008766.85,3009262.83,1110726.78,1117338.28,-9729.97,-8574.53,10467.94,11537.41,1069.4699999999993,28.58,224.14,0.5,True,10480.320000000002,11392.97,912.6499999999978,11359.7,11392.97,12.380000000001019,144.4400000000005,891.7600000000002,144.4400000000005,True,True,complete,40.49733570159858,42.39782016348774,244,43.57776739841196,0.0,-0.9451816769535949,0.06674632074943282,-4.418125191838145e-13,-0.0017647058823639,-0.005961896189632685,0,0
73b1447d,1934,7522,1852,5670,75.37888859345918,13318.0,13317.0,12286.12,12321.54,35.42000000000007,35.42000000000007,5669.0,0.006248015523019946,True,False,True,11466.0,18987.0,1.0,True,3007650.48,3012088.38,1086574.5,1091707.09,-10340.78,-9236.6,11400.45,12366.95,966.5,31.86,215.44,0.5,True,11412.63,12321.54,908.9100000000017,12269.33,12321.54,12.179999999998472,45.409999999999854,868.8799999999992,45.409999999999854,True,True,complete,34.57856952938048,38.43033509700176,15,47.05274043433299,0.0,-0.9622207135943078,-0.2641852201685019,-0.043878787878402964,-0.07875294117647987,-0.045587098709882305,0,0
74b6186b,1964,5148,1743,3405,66.14219114219114,11959.0,11958.0,10800.5,10810.17,9.670000000000073,9.670000000000073,3404.0,0.002840775558166884,True,False,True,10216.0,15363.0,1.0,True,2956094.92,2959131.28,1087650.81,1091158.92,-8653.25,-7908.540000000001,9982.47,10963.71,981.2399999999998,24.5,198.91,0.5,True,9994.59,10811.6,817.0100000000002,10800.53,10811.6,12.1200000000008,152.10999999999876,818.0600000000013,152.10999999999876,True,True,complete,61.421911421911425,64.05286343612335,21,42.871690427698574,0.0,-0.9421626649637939,-0.2975969713242746,0.036303030302911404,0.03243169267702183,0.033802520252030815,0,0
75c20ec7,2041,7205,1844,5361,74.40666204024983,13269.0,13268.0,12203.03,12200.09,-2.9400000000005093,2.9400000000005093,5360.0,-0.0005485074626866621,True,False,True,11425.0,18629.0,1.0,True,3001094.95,3005130.42,1090013.45,1095217.29,-9985.77,-9139.65,11346.95,12366.95,1020.0,31.86,215.44,0.5,True,11359.35,12238.48,879.1299999999992,12191.88,12224.59,12.399999999999636,128.47000000000116,844.9299999999985,142.36000000000058,True,True,complete,62.83136710617626,65.90188397687,26,49.828515433610974,0.0,-0.9004668393606904,-0.1626985195461963,0.002424242424638302,-0.0023947178871839042,-0.018734593459357275,0,0
75cd5f11,1508,6410,1464,4946,77.16068642745711,12032.0,12031.0,11215.04,11205.14,-9.900000000001455,9.900000000001455,4945.0,-0.002002022244691902,True,False,True,10568.0,16977.0,1.0,True,2908027.9,2912086.94,1035157.0,1039593.46,-9237.71,-8473.42,10612.95,11366.45,753.5,22.82,168.04,0.5,True,10625.05,11224.55,599.5,11204.5,11224.55,12.099999999998545,141.90000000000146,591.5499999999993,141.90000000000146,True,True,complete,25.17940717628705,27.739587545491307,13,19.893899204244033,0.0,-0.9292507927355719,0.005409920588327952,0.029999999999922058,0.029813205282076555,0.027911551155105838,0,0
75d20a82,2301,7002,1935,5067,72.3650385604113,13329.0,13328.0,12056.27,12069.11,12.840000000000146,12.840000000000146,5066.0,0.0025345440189498904,True,False,True,11394.0,18395.0,1.0,True,2919755.29,2923616.01,1016054.38,1021103.43,-10233.66,-9299.47,11052.95,12202.95,1150.0,18.53,317.9,0.5,True,11065.12,12071.73,1006.6099999999988,12027.89,12071.73,12.170000000000073,131.22000000000116,974.9399999999987,131.22000000000116,True,True,complete,14.19594401599543,15.117426485099664,8,0.0,0.0,-0.9645644451374666,-0.5341922595822989,0.0027878787875719865,0.005808403361369513,0.0053194119412043935,0,0
76201745,1579,5858,1410,4448,75.93035165585525,11575.0,11574.0,10618.89,10624.81,5.920000000000073,5.920000000000073,4447.0,0.0013312345401394361,True,False,True,10165.0,16022.0,1.0,True,2998491.96,3000501.43,1122388.7,1127558.41,-8815.64,-8081.5,10167.59,10956.570000000002,788.9800000000014,22.9,177.14999999999998,0.5,True,10179.65,10630.38,450.72999999999956,10601.070000000002,10630.38,12.05999999999949,326.1900000000023,433.4800000000014,326.1900000000023,True,True,complete,47.13212700580403,49.30305755395683,26,25.71247625079164,0.0,-0.8905143567509449,-0.7115102308538901,-0.005151515151630583,-0.001151980792295024,0.0008519651965004613,0,0
764072a5,1818,4594,1645,2949,64.19242490204616,12137.0,12136.0,11178.16,11177.26,-0.8999999999996362,0.8999999999996362,2948.0,-0.0003052917232020476,True,False,True,10492.0,15085.0,1.0,True,2908332.71,2911067.73,1040134.45,1043281.51,-9061.37,-8375.16,10457.95,11366.45,908.5,22.82,168.04,0.5,True,10470.22,11190.4,720.1800000000003,11175.820000000002,11190.4,12.269999999998618,176.0500000000011,717.8700000000008,176.0500000000011,True,True,complete,56.900304745319985,63.98779247202442,13,33.55335533553355,0.0,-0.9760352440194852,-0.34785814817669874,0.03557575757546326,0.023724849939994925,-0.00906318631862398,0,0
77b0d905,1803,5923,1749,4174,70.47104507850752,13344.0,13343.0,12205.98,12221.12,15.140000000001237,15.140000000001237,4173.0,0.0036280853103285975,True,False,True,11595.0,17517.0,1.0,True,3009868.63,3011711.57,1093225.79,1098326.92,-10143.44,-9409.44,11465.95,12366.95,901.0,31.86,215.44,0.5,True,11478.3,12225.55,747.25,12206.02,12225.55,12.349999999998545,141.40000000000146,740.0699999999997,141.40000000000146,True,True,complete,22.77562046260341,25.563009103977002,11,43.20576816417083,0.0,-0.9542463094596044,-0.25665327527813037,0.03903030303083945,0.034763985594191166,0.014009660966083937,0,0
77e4821c,1354,6540,1147,5393,82.46177370030581,11756.0,11755.0,11183.9,11204.16,20.26000000000022,20.26000000000022,5392.0,0.003757418397626153,True,False,True,10609.0,17148.0,1.0,True,2919369.19,2924166.87,1042709.27,1046743.23,-9205.26,-8528.92,10674.79,11350.94,676.1499999999996,45.46,226.9,0.5,True,10687.02,11224.14,537.119999999999,11183.9,11224.14,12.229999999999563,126.80000000000109,509.10999999999876,126.80000000000109,True,True,complete,58.70030581039756,63.2857407750788,15,12.703101920236337,0.0,-0.9649922242486182,-0.0162466443287986,-0.0029696969697358185,-0.00371284513805217,0.0009435343534400528,0,0
7850c72e,2344,7712,2215,5497,71.27852697095436,13987.0,13986.0,12873.070000000002,12880.9,7.829999999998108,7.829999999998108,5496.0,0.0014246724890826252,True,False,True,11772.0,19483.0,1.0,True,3034053.52,3039107.26,1090997.75,1095834.91,-10883.04,-9653.94,11805.38,12976.83,1171.4500000000007,29.43,241.94,0.5,True,11817.75,12893.89,1076.1399999999994,12848.64,12893.89,12.3700000000008,82.94000000000051,1043.2600000000002,82.94000000000051,True,True,complete,4.460580912863071,4.748044387847917,3,51.96245733788396,0.0,-0.9753320596470156,-0.35184162371368083,-0.01951515151499984,-0.026667947178869462,-0.04058169816980861,0,0
78a4a386,772,6246,1127,5119,81.95645212936279,12244.0,12243.0,11366.86,11363.47,-3.390000000001237,3.390000000001237,5118.0,-0.0006623681125442042,True,False,True,11117.0,17362.0,1.0,True,2979238.18,2983284.08,1103410.93,1108100.93,-8960.96,-8754.34,11209.25,11594.55,385.2999999999993,27.21,224.46,0.5,True,11221.54,11380.47,158.92999999999847,11359.96,11378.94,12.290000000000873,214.07999999999993,150.70999999999913,215.60999999999876,True,True,complete,20.765289785462695,22.3481148661848,5,0.0,0.0,-0.16423736829682287,0.16930847127267004,-0.03206060606057933,-0.034443217286942586,-0.02891293129314746,0,0
79507629,2490,7320,2018,5302,72.43169398907104,13502.0,13501.0,12559.1,12537.65,-21.450000000000728,21.450000000000728,5301.0,-0.004046406338426849,True,False,True,11484.0,18803.0,1.0,True,2997631.16,3001572.69,1071449.65,1076796.91,-10180.1,-9193.33,11504.45,12748.95,1244.5,29.71,233.85,0.5,True,11516.81,12560.5,1043.6900000000005,12536.69,12559.14,12.359999999998763,188.45000000000073,1032.2399999999998,189.8100000000013,True,True,complete,12.800546448087433,10.50546963410034,9,56.546184738955816,0.0,-0.9443732715645521,-0.286564627070818,-0.004424242424153027,-0.003805522208877415,-0.002025922592242509,0,0
796dbd4c,2077,8069,1821,6248,77.43214772586443,11876.0,11875.0,10897.98,10899.48,1.5,1.5,6247.0,0.00024011525532255482,True,False,True,10055.0,18123.0,1.0,True,2991897.02,2994761.79,1114671.89,1121551.31,-9051.63,-7906.41,9983.35,11021.27,1037.92,30.96,207.46,0.5,True,9995.66,10907.17,911.5100000000002,10888.22,10907.17,12.30999999999949,114.10000000000036,904.869999999999,114.10000000000036,True,True,complete,37.19172140289999,40.07682458386684,10,44.102070293692826,0.0,-0.9171911324278169,-0.4105964184782459,0.028727272727382295,0.0274852340935591,0.02642430243026519,0,0
7987f2f2,3991,5714,2009,3705,64.84074203710185,12967.0,12966.0,12222.97,12235.41,12.44000000000051,12.44000000000051,3704.0,0.003358531317494738,True,False,True,10958.0,16671.0,1.0,True,3012683.52,3015868.77,1109649.38,1113545.41,-10014.16,-8835.96,11328.61,12325.65,997.039999999999,26.38,168.11,0.25,True,11340.93,12235.41,894.4799999999996,12192.89,12235.41,12.319999999999709,90.23999999999978,864.2799999999988,90.23999999999978,True,True,complete,44.872243612180604,46.180836707152494,11,42.89651716361814,0.0,-0.9675889654655403,-0.22408804658411288,-0.005696969697573868,-0.007040576230526169,-0.008446804680483536,0,0
7993a768,1006,7047,1560,5487,77.86292039165602,13176.0,13175.0,12156.36,12167.97,11.609999999998763,11.609999999998763,5486.0,0.0021162960262484072,True,False,True,11616.0,18662.0,1.0,True,2986212.05,2986248.63,1058361.24,1064912.78,-10047.76,-9340.22,11782.62,12285.1,502.47999999999956,26.77,120.06,0.5,True,11439.17,12172.3,733.1299999999992,12153.17,12172.3,-343.4500000000007,112.80000000000109,370.5499999999993,112.80000000000109,False,True,complete,17.170427132112955,19.9380353562967,13,1.0934393638170974,0.0,-0.958660212796623,-0.5985994208343862,-0.0034545454543779158,-0.006299159663891853,-0.009062046204603753,0,0
7a5660b0,2096,6936,1938,4998,72.05882352941177,13742.0,13741.0,12735.01,12704.34,-30.670000000000073,30.670000000000073,4997.0,-0.006137682609565754,True,False,True,11804.0,18739.0,1.0,True,3018066.64,3020325.34,1087212.4,1093155.7,-10557.38,-9675.04,11827.35,12874.68,1047.33,27.93,198.11,0.5,True,11839.68,12735.01,895.3299999999999,12704.34,12735.01,12.329999999999927,139.67000000000007,876.9899999999998,139.67000000000007,True,True,complete,3.7197231833910034,3.4013605442176873,3,44.895038167938935,0.0,-0.9749299537525861,-0.5137361648248052,-2.5545824976900507e-13,0.002598799519760038,0.004883168316844929,0,0
7acda2df,1249,4552,1461,3091,67.90421792618629,12111.0,12110.0,11185.47,11209.67,24.200000000000728,24.200000000000728,3090.0,0.007831715210356223,True,False,True,10650.0,15201.0,1.0,True,2915564.92,2918148.07,1040310.49,1043659.96,-9181.35,-8628.87,10727.28,11350.94,623.6599999999999,45.46,226.9,0.5,True,10739.79,11210.77,470.97999999999956,11173.570000000002,11210.77,12.510000000000218,140.17000000000007,446.2900000000009,140.17000000000007,True,True,complete,11.884885764499122,11.355548366224523,7,5.3642914331465175,0.0,-0.9785418110640666,0.0250981918594452,-0.032424242424030504,-0.02803217286914677,-0.024082868286837988,0,0
7b2c7b3c,1445,4231,1647,2584,61.073032380052,12796.0,12795.0,11412.39,11429.41,17.020000000000437,17.020000000000437,2583.0,0.006589237320944807,True,False,True,11149.0,15379.0,1.0,True,2985904.46,2987261.03,1085783.71,1089507.66,-9485.3,-8965.02,10869.95,11591.95,722.0,25.9,145.91,0.5,True,10882.28,11429.41,547.1299999999992,11409.66,11429.41,12.329999999999927,162.54000000000087,539.7099999999991,162.54000000000087,True,True,complete,3.616166390924131,4.024767801857585,3,19.72318339100346,0.0,-0.9207850869071448,0.03285614857155101,-0.0015151515154711896,-0.002512364945990896,-0.0021287728773134048,0,0
7b38844c,2460,5197,1448,3749,72.13777179141813,13018.0,13017.0,12037.26,12045.77,8.510000000000218,8.510000000000218,3748.0,0.002270544290288212,True,False,True,11570.0,16766.0,1.0,True,3011521.83,3011808.43,1105178.29,1110077.24,-10037.06,-9383.99,11542.2,12156.95,614.75,27.79,203.62,0.25,True,11554.68,12054.47,499.78999999999905,12024.68,12054.47,12.479999999999563,102.48000000000138,482.47999999999956,102.48000000000138,True,True,complete,11.89147585145276,15.017337956788475,13,4.146341463414634,0.0,-0.9382347777587748,0.277904069982373,0.014424242424634626,0.012560384153624926,0.012085448544842498,0,0
7bb17b96,2485,5295,1373,3922,74.06987724268177,12953.0,12952.0,12009.45,12022.6,13.149999999999636,13.149999999999636,3921.0,0.003353736291762213,True,False,True,11580.0,16874.0,1.0,True,3012842.82,3014451.39,1105152.35,1109865.86,-10082.61,-9416.01,11535.95,12156.95,621.0,27.79,203.62,0.25,True,11548.43,12040.35,491.9200000000001,12009.26,12040.35,12.479999999999563,116.60000000000036,473.3099999999995,116.60000000000036,True,True,complete,41.98300283286119,44.74757776644569,12,5.110663983903421,0.0,-0.9066045044563679,0.29970922426647323,-0.014848484848557084,-0.022131092436968935,-0.02581362136212989,0,0
7c607683,2062,7001,1673,5328,76.10341379802885,12014.0,12013.0,11213.47,11216.7,3.2300000000013824,3.2300000000013824,5327.0,0.0006063450347289999,True,False,True,10341.0,17341.0,1.0,True,2904399.46,2908573.41,1038688.21,1043579.5,-9073.71,-8211.37,10335.95,11366.45,1030.5,22.82,168.04,0.5,True,10348.44,11226.97,878.5299999999988,11189.68,11216.7,12.489999999999782,139.48000000000138,853.7299999999996,149.75,True,True,complete,33.48093129552921,36.373873873873876,121,41.41610087293889,0.0,-0.924844120365981,-0.14833403130393644,-0.07757575757554827,-0.07999519807923207,-0.080445484548462,0,0
7cbbd047,3568,6790,1669,5121,75.41973490427098,12855.0,12854.0,12014.6,12035.03,20.43000000000029,20.43000000000029,5120.0,0.003990234375000057,True,False,True,11186.0,17975.0,1.0,True,3015125.45,3019139.04,1109248.52,1114081.26,-10101.58,-9072.64,11265.2,12156.95,891.75,27.79,203.62,0.25,True,11277.63,12036.96,759.3299999999999,12006.06,12036.96,12.429999999998472,119.9900000000016,740.8599999999988,119.9900000000016,True,True,complete,15.169366715758468,16.637375512595195,11,33.91255605381166,0.0,-0.9077070069400895,-0.020261425496666745,0.03145454545477617,0.03438655462184467,0.03165532553255298,0,0
7cd4bb31,1411,7959,1520,6439,80.90212338233447,12222.0,12221.0,11192.95,11195.69,2.7399999999997817,2.7399999999997817,6438.0,0.0004255980118048745,True,False,True,10702.0,18660.0,1.0,True,2903308.28,2908431.83,1024916.47,1030619.81,-9441.56,-8653.73,10661.45,11366.45,705.0,22.82,168.04,0.5,True,10673.67,11206.92,533.25,11179.990000000002,11206.92,12.219999999999345,159.53000000000065,518.5400000000009,159.53000000000065,True,True,complete,31.12200025128785,33.93384065848734,13,14.386959603118354,0.0,-0.8263375381399334,-0.02887244140874547,-0.004848484848268449,-0.01035102040816988,-0.009660786078616715,0,0
7d50373e,1377,6494,1372,5122,78.87280566676932,12125.0,12124.0,11218.09,11201.67,-16.420000000000073,16.420000000000073,5121.0,-0.0032064049990236424,True,False,True,10753.0,17246.0,1.0,True,2900198.34,2904406.87,1021552.76,1026121.53,-9324.94,-8718.24,10678.45,11366.45,688.0,22.82,168.04,0.5,True,10690.63,11226.8,536.1700000000001,11199.42,11218.070000000002,12.179999999998472,139.65000000000146,520.9699999999993,148.3799999999992,True,True,complete,25.3002771789344,28.44591956267083,12,12.273057371096586,0.0,-0.9356159774640754,-0.19097740620881506,-0.01800000000002332,-0.019594237695046802,-0.019070987098709028,0,0
7d57c75d,2104,6147,1742,4405,71.6609728322759,11787.0,11786.0,10794.1,10813.83,19.729999999999563,19.729999999999563,4404.0,0.004480018165304169,True,False,True,10045.0,16191.0,1.0,True,3003840.94,3004005.64,1127121.4,1132791.73,-8801.25,-7891.120000000001,10070.95,11122.45,1051.5,38.91,273.82,0.5,True,10083.46,10832.71,749.25,10789.97,10832.71,12.5099999999984,289.7400000000016,719.0199999999986,289.7400000000016,True,True,complete,8.654628273954774,10.102156640181612,140,46.43536121673004,0.0,-0.9638999078657543,-0.7590890583750062,-1.47310356964457e-13,-0.0010060024009411854,-0.0030365436543888062,0,0
7e208414,2572,5732,1506,4226,73.72644801116539,12990.0,12989.0,12032.75,12023.25,-9.5,9.5,4225.0,-0.0022485207100591716,True,False,True,11484.0,17215.0,1.0,True,3010641.31,3010880.12,1105141.06,1110568.92,-9978.4,-9313.27,11514.2,12156.95,642.75,27.79,203.62,0.25,True,11526.62,12034.5,507.8799999999992,12023.25,12034.5,12.420000000000073,122.45000000000073,509.0499999999993,122.45000000000073,True,True,complete,8.339148639218424,9.252247988641741,19,8.320373250388803,0.0,-0.9251059670114035,0.23242005750018696,0.006242424242307282,0.0037469387755505344,-0.001294089408935127,0,0
7e721392,2194,8301,2127,6174,74.37658113480303,12584.0,12583.0,11514.17,11466.34,-47.82999999999993,47.82999999999993,6173.0,-0.007748258545277811,True,False,True,10457.0,18757.0,1.0,True,2884915.98,2886808.17,1007175.5,1014569.71,-9335.47,-8398.16,10554.95,11651.45,1096.5,24.66,211.09,0.5,True,10567.14,11516.37,949.2300000000014,11461.12,11514.14,12.18999999999869,135.07999999999993,906.1700000000001,137.3100000000013,True,True,complete,53.7043729671124,56.72173631357305,14,0.0,0.0,-0.9908226736629757,-0.48429282384173294,-0.01854545454562438,-0.02534645858349754,-0.0224797479748017,0,0
7ff89f8f,2454,9539,2202,7337,76.91581926826711,11894.0,11893.0,10682.81,10668.43,-14.3799999999992,14.3799999999992,7336.0,-0.001960196292257252,True,False,True,9692.0,19230.0,1.0,True,2866377.25,2872190.63,1025178.3,1031774.66,-8595.53,-7525.450000000001,9618.95,10845.45,1226.5,22.7,209.56,0.5,True,9631.19,10709.4,1078.2099999999991,10668.43,10709.4,12.239999999999782,136.0500000000011,1049.4799999999996,136.0500000000011,True,True,complete,20.348044868434847,21.08491208940984,14,47.96251018744906,0.0,-0.9379688231060225,-0.4259334253738347,-0.004242424242510109,-0.001684993997568537,-0.0016351035103514449,0,0
8050c789,1863,4940,1863,3077,62.287449392712546,13422.0,13421.0,12282.63,12266.52,-16.109999999998763,16.109999999998763,3076.0,-0.0052373211963585055,True,False,True,11559.0,16498.0,1.0,True,3005484.22,3008531.99,1083287.85,1086425.58,-10205.49,-9368.08,11435.95,12366.95,931.0,31.86,215.44,0.5,True,11448.16,12295.98,847.8199999999997,12266.52,12295.98,12.209999999999127,70.97000000000116,830.5699999999997,70.97000000000116,True,True,complete,25.12145748987854,24.894377640558986,209,45.03488996242619,0.0,-0.9807849267212339,-0.18880249388710252,-0.006727272727541085,-0.00645042016806278,-0.004775337533768957,0,0
807f0298,1444,5499,1752,3747,68.13966175668304,12033.0,12032.0,11036.990000000002,11051.89,14.899999999997817,14.899999999997817,3746.0,0.003977576081152647,True,False,True,10281.0,15779.0,1.0,True,3004615.24,3007692.44,1136946.69,1141093.56,-8748.26,-8177.889999999999,10400.95,11122.45,721.5,38.91,273.82,0.5,True,10413.4,11061.4,648.0,11024.28,11061.4,12.449999999998909,61.05000000000109,623.3299999999999,61.05000000000109,True,True,complete,38.297872340425535,44.14198025086736,16,21.952908587257618,0.0,-0.5709431972027226,0.05173142455293399,0.0009696969697672822,-0.0043265306122347936,-0.006627002700279502,0,0
811f52b3,2060,6674,1838,4836,72.46029367695535,12286.0,12285.0,11215.77,11215.38,-0.3900000000012369,0.3900000000012369,4835.0,-8.066184074482667e-05,True,False,True,10448.0,17121.0,1.0,True,2903018.88,2906987.63,1031921.75,1036560.71,-9264.21,-8438.89,10336.95,11366.45,1029.5,22.82,168.04,0.5,True,10349.39,11228.17,878.7800000000007,11212.25,11228.17,12.43999999999869,138.28000000000065,875.2999999999993,138.28000000000065,True,True,complete,6.2331435421036865,6.823821339950372,7,41.359223300970875,0.0,-0.9017350606859544,-0.46516781824529685,-0.0061818181821588465,-0.008564225690233018,-0.010327092709269068,0,0
81bf5923,2085,6386,1843,4543,71.13999373629815,13771.0,13770.0,12773.62,12733.45,-40.17000000000007,40.17000000000007,4542.0,-0.008844121532364612,True,False,True,11928.0,18313.0,1.0,True,3033716.13,3037463.83,1097033.22,1101472.45,-10676.1,-9829.3,11945.45,12987.45,1042.0,21.06,218.7,0.5,True,11957.64,12788.35,830.710000000001,12720.06,12773.61,12.18999999999869,199.10000000000036,774.6099999999988,213.84000000000015,True,True,complete,7.579079235828375,8.320493066255779,73,61.10311750599521,16.666666666666664,-0.9976612730004067,-0.22679635884958735,-0.01575757575761293,-0.018951740696293847,-0.023002940294033828,0,0
81fc01c6,2014,7655,1746,5909,77.19137818419334,11855.0,11854.0,10794.71,10834.25,39.54000000000087,39.54000000000087,5908.0,0.006692620176032646,True,False,True,10109.0,17763.0,1.0,True,2952019.95,2956717.84,1085664.3,1090960.41,-8634.17,-7832.43,9957.47,10963.71,1006.2399999999998,24.5,198.91,0.5,True,9969.61,10834.36,864.75,10791.6,10834.36,12.140000000001237,129.34999999999854,834.130000000001,129.34999999999854,True,True,complete,16.4467668190725,17.684887459807076,22,44.28997020854022,0.0,-0.8174009433550617,-0.3962472123767008,-0.0015151515149199929,-0.0038434573829905466,-0.0003571557155808128,0,0
8255c867,2194,5338,1749,3589,67.2349194454852,12145.0,12144.0,11151.14,11192.77,41.63000000000102,41.63000000000102,3588.0,0.011602564102564387,True,False,True,10396.0,15733.0,1.0,True,2913658.98,2916734.34,1039133.61,1042844.65,-9127.89,-8325.67,10254.87,11350.94,1096.0699999999997,45.46,226.9,0.5,True,10267.36,11193.2,925.8400000000001,11151.18,11193.2,12.489999999999782,157.73999999999978,896.3099999999995,157.73999999999978,True,True,complete,21.843387036343202,22.9869044302034,18,46.12579762989973,0.0,-0.990413040481551,-0.3501163830719952,0.03799999999986184,0.0433925570228447,0.038318391839185055,0,0
82aab6d2,2096,7889,1749,6140,77.8298897198631,13165.0,13164.0,12160.7,12147.02,-13.680000000000291,13.680000000000291,6139.0,-0.0022283759569963007,True,False,True,11416.0,19304.0,1.0,True,2980636.14,2981190.46,1052102.88,1059467.38,-9999.14,-9247.05,11370.95,12418.45,1047.5,26.17,218.65,0.5,True,11383.03,12173.55,790.5199999999986,12132.240000000002,12160.59,12.079999999999927,244.90000000000146,761.2900000000009,257.8600000000006,True,True,complete,35.45443021929269,41.90553745928339,22,47.80534351145038,0.0,-0.7576722855467211,-0.5896408404234587,-0.10575757575759262,-0.10466938775508842,-0.09487554755475788,0,0
82fcf37c,1249,7397,1383,6014,81.30323103961065,11935.0,11934.0,10955.63,10965.77,10.140000000001237,10.140000000001237,6013.0,0.0016863462497923227,True,False,True,10552.0,17948.0,1.0,True,2879696.56,2884500.23,1020608.8,1025935.16,-8869.69,-8444.86,10486.63,11110.62,623.9900000000016,38.67,196.39,0.5,True,10498.93,10968.62,469.6900000000005,10951.77,10968.62,12.300000000001091,142.0,465.14000000000124,142.0,True,True,complete,52.183317561173446,54.83870967741935,17,4.083266613290633,0.0,-0.7962291295559966,0.047179190609769044,0.013090909091025754,0.010322208883546801,0.01290993099310555,0,0
833af382,1919,5377,1749,3628,67.47256834666172,12240.0,12239.0,11170.19,11163.67,-6.520000000000437,6.520000000000437,3627.0,-0.0017976288944032083,True,False,True,10491.0,15867.0,1.0,True,2914178.54,2917311.73,1039576.98,1043282.05,-9145.46,-8383.26,10392.320000000002,11350.94,958.619999999999,45.46,226.9,0.5,True,10404.69,11176.0,771.3099999999995,11146.91,11175.86,12.369999999998981,174.9400000000005,754.5899999999983,175.07999999999993,True,True,complete,26.87372140598847,28.969128996692394,69,38.40541948931735,0.0,-0.9883616743470441,-0.5774893216286189,0.06624242424246646,0.039200480192034266,0.03130339033901965,0,0
8382f4b6,1300,6680,1713,4967,74.3562874251497,12872.0,12871.0,11400.77,11344.35,-56.42000000000007,56.42000000000007,4966.0,-0.011361256544502632,True,False,True,11159.0,17838.0,1.0,True,3009712.77,3009934.92,1116305.11,1122728.93,-9570.97,-9038.01,10888.31,11537.41,649.1000000000004,28.58,224.14,0.5,True,10900.71,11427.89,527.1800000000003,11344.35,11402.63,12.399999999999636,109.52000000000044,456.0400000000009,134.78000000000065,True,True,complete,60.19461077844311,65.59291322730017,17,7.076923076923077,0.0,-0.8275297433038891,0.07247925078249487,-0.015757575757558796,-0.015322929171683954,-0.02417779777977929,0,0
84633df4,2015,6719,1747,4972,73.99910700997172,11811.0,11810.0,10877.31,10882.41,5.100000000000364,5.100000000000364,4971.0,0.0010259505129753296,True,False,True,10064.0,16782.0,1.0,True,2990647.07,2992667.37,1121587.12,1127370.37,-8730.84,-7898.219999999999,10014.35,11021.27,1006.9200000000001,30.96,207.46,0.5,True,10026.76,10883.27,856.5100000000002,10868.72,10883.27,12.409999999999854,138.0,854.369999999999,138.0,True,True,complete,52.567346331299305,56.79806918744972,23,42.38213399503722,0.0,-0.8591574254125651,-0.46261494797509145,-0.0032727272724165234,-0.005553901560652609,-0.004367116711668918,0,0
8478df29,1875,6698,1841,4857,72.51418333830995,12002.0,12001.0,10921.63,10919.58,-2.0499999999992724,2.0499999999992724,4856.0,-0.0004221581548598172,True,False,True,10161.0,16858.0,1.0,True,2990904.63,2992926.83,1121638.28,1127415.17,-8787.56,-7981.07,10084.34,11021.27,936.9300000000003,30.96,207.46,0.5,True,10096.72,10928.93,832.210000000001,10903.79,10921.6,12.3799999999992,92.34000000000015,819.4500000000007,99.67000000000007,True,True,complete,61.07793371155569,66.60490014412188,21,38.080000000000005,0.0,-0.8333483179557444,-0.3391771637090577,-0.02999999999992822,-0.030522448979561047,-0.0301922592259404,0,0
84815d5a,4434,5286,1639,3647,68.99356791524782,13001.0,13000.0,11942.31,11963.62,21.31000000000131,21.31000000000131,3646.0,0.005844761382337167,True,False,True,11362.0,16647.0,1.0,True,3012573.8,3014337.43,1100294.13,1104763.28,-10067.38,-9264.98,11048.7,12156.95,1108.25,27.79,203.62,0.25,True,11061.2,11976.68,915.4799999999996,11942.33,11976.68,12.5,180.27000000000044,893.6299999999992,180.27000000000044,True,True,complete,24.423004161937193,27.858513846997536,11,46.820027063599454,0.0,-0.9775995088997286,-0.5904435784583235,0.017393939393401392,0.015016086434556559,0.013112631263129984,0,0
84c3b497,1359,6887,1575,5312,77.13082619427908,12598.0,12597.0,11516.44,11549.96,33.51999999999862,33.51999999999862,5311.0,0.006311429109395333,True,False,True,11023.0,17909.0,1.0,True,2887919.47,2889583.68,1007547.92,1013991.92,-9464.77,-8951.58,10972.45,11651.45,679.0,24.66,211.09,0.5,True,10984.68,11564.05,579.369999999999,11500.69,11564.05,12.229999999999563,87.40000000000146,528.2399999999998,87.40000000000146,True,True,complete,17.366051981995064,17.865210843373493,11,0.0,0.0,-0.7182869065202679,-0.22887928717404366,-0.014303030302649353,-0.01607442977190465,-0.016508910891098252,0,0
85380836,1598,8175,1557,6618,80.95412844036697,12092.0,12091.0,11195.13,11218.02,22.890000000001237,22.890000000001237,6617.0,0.0034592715732206796,True,False,True,10535.0,18709.0,1.0,True,2903524.23,2908570.58,1037635.38,1043495.19,-9108.67,-8484.22,10567.95,11366.45,798.5,22.82,168.04,0.5,True,10580.45,11218.02,637.5699999999997,11190.89,11218.02,12.5,148.4300000000003,622.9399999999987,148.4300000000003,True,True,complete,41.59021406727829,41.175581746751284,200,24.405506883604506,0.0,-0.7493264641557198,0.26956398603848913,-0.04260606060616948,-0.04366146458584305,-0.03636999699968733,0,0
8612b37f,1638,6807,1642,5165,75.87777288085795,12988.0,12987.0,11880.09,11882.58,2.4899999999997817,2.4899999999997817,5164.0,0.0004821843532145201,True,False,True,11346.0,18152.0,1.0,True,2998358.75,3000589.23,1101841.18,1107846.1,-9672.18,-9048.71,11233.4,12051.84,818.4400000000005,32.93,238.11,0.5,True,11245.64,11919.36,673.7200000000012,11874.11,11919.36,12.239999999999782,132.47999999999956,640.710000000001,132.47999999999956,True,True,complete,56.61818716027619,58.238141335914804,33,26.55677655677656,0.0,-0.7264216159362387,-0.10244431957483377,0.030000000000339658,0.028407202881140646,0.03302844284429565,0,0
861e71df,2110,6284,1584,4700,74.79312539783577,12357.0,12356.0,11389.73,11377.88,-11.850000000000364,11.850000000000364,4699.0,-0.002521813151734489,True,False,True,10773.0,17056.0,1.0,True,3006738.67,3007349.27,1111019.96,1116754.23,-9618.87,-8616.76,10483.44,11537.41,1053.9699999999993,28.58,224.14,0.5,True,10495.53,11398.37,902.8400000000001,11371.740000000002,11391.75,12.090000000000146,139.03999999999905,888.3000000000011,145.65999999999985,True,True,complete,13.192234245703375,15.170212765957448,8,42.74881516587678,0.0,-0.965224996131618,0.003747894169307729,0.006181818181593178,0.009875630252057508,-0.0021732973297389595,0,0
86454a6f,645,9100,1136,7964,87.51648351648352,13101.0,13100.0,12177.94,12257.13,79.18999999999869,79.18999999999869,7963.0,0.009944744443048938,True,False,True,11965.0,21064.0,1.0,True,3000944.96,3004461.28,1081912.82,1090238.61,-10156.09,-9680.3,12044.95,12366.95,322.0,31.86,215.44,0.5,True,12057.48,12274.63,217.14999999999964,12177.95,12274.63,12.529999999998836,92.32000000000153,133.0,92.32000000000153,True,True,complete,80.0989010989011,81.17780010045203,27,0.0,0.0,-0.9088588255969992,0.40146606596172163,0.012969696969722203,0.012573349339698623,0.011212601260137487,0,0
8648abae,4296,6086,1842,4244,69.73381531383504,13085.0,13084.0,12013.11,12018.81,5.699999999998909,5.699999999998909,4243.0,0.0013433891114774709,True,False,True,11243.0,17328.0,1.0,True,3014357.27,3017283.65,1104997.38,1109632.17,-10181.56,-9067.9,11083.2,12156.95,1073.75,27.79,203.62,0.25,True,11095.58,12028.46,932.8799999999992,12007.4,12028.33,12.3799999999992,128.4900000000016,924.1999999999989,128.6200000000008,True,True,complete,4.71574104502136,5.018850141376061,20,45.11173184357542,0.0,-0.963332086174118,-0.2952653710963143,-0.015757575757882804,-0.019095318127290564,-0.027931473147305385,0,0
865033f8,1899,5303,1746,3557,67.07524042994531,12109.0,12108.0,11194.25,11198.76,4.510000000000218,4.510000000000218,3556.0,0.0012682789651294202,True,False,True,10363.0,15665.0,1.0,True,2914852.21,2917984.7,1045478.8,1049090.72,-9054.06,-8304.5,10402.320000000002,11350.94,948.619999999999,45.46,226.9,0.5,True,10414.46,11202.15,787.6900000000005,11182.77,11202.15,12.139999999997599,148.79000000000087,780.4499999999989,148.79000000000087,True,True,complete,57.25061286064492,65.89822884453191,22,37.75671406003159,0.0,-0.9624023178329675,-0.2552575407360655,-7.24667261922636e-14,0.0009488595438347403,0.004740474047399128,0,0
87695469,9819,8654,1651,7003,80.92211694014328,11252.0,11251.0,10096.98,10088.240000000002,-8.739999999997963,8.739999999997963,7002.0,-0.0012482147957723455,True,False,True,9601.0,18254.0,1.0,True,2872094.63,2877330.19,1042781.55,1048999.98,-8324.29,-7564.969999999999,9255.05,10236.85,981.8000000000011,23.12,213.7,0.1000000000003638,True,9267.54,10109.36,841.8199999999997,10083.35,10109.36,12.4900000000016,127.48999999999978,828.3000000000011,127.48999999999978,True,True,complete,42.766350820429864,44.12394687990861,10,35.441490986862206,0.0,-0.7970127528236618,-0.3740619358251488,0.00430303030300325,0.002918127250887797,0.005670267026713034,0,0
877ed19c,1944,5631,1923,3708,65.84976025572722,12911.0,12910.0,11365.28,11364.85,-0.43000000000029104,0.43000000000029104,3707.0,-0.00011599676288111439,True,False,True,10988.0,16618.0,1.0,True,3012065.98,3012343.76,1110299.2,1115336.05,-9860.35,-8818.46,10566.42,11537.41,970.9899999999998,28.58,224.14,0.5,True,10578.88,11367.01,788.130000000001,11353.91,11366.4,12.459999999999127,170.39999999999964,787.4899999999998,171.01000000000022,True,True,complete,27.703782631859355,30.393743257820926,13,37.86008230452675,0.0,-0.971149760950525,-0.08411044127930568,-0.029999999999771362,-0.029971188475362103,-0.011826282628277247,0,0
87aa3730,1510,7293,1686,5607,76.88194158782395,12365.0,12364.0,11212.68,11207.21,-5.470000000001164,5.470000000001164,5606.0,-0.0009757402782734863,True,False,True,10679.0,17971.0,1.0,True,2904793.91,2909405.73,1025919.82,1031050.56,-9478.3,-8640.64,10611.95,11366.45,754.5,22.82,168.04,0.5,True,10624.09,11224.7,600.6100000000006,11192.45,11216.64,12.139999999999418,141.75,580.5,149.8100000000013,True,True,complete,21.55491567256273,23.25664348136258,14,20.0,0.0,-0.8636140758172641,-0.08447113423354813,-0.010000000000505414,-0.008096518607419563,-0.006199339933993173,0,0
884ecb5f,1485,8054,1330,6724,83.48646635212317,11884.0,11883.0,11173.91,11184.27,10.360000000000582,10.360000000000582,6723.0,0.0015409787297338364,True,False,True,10554.0,18607.0,1.0,True,2906668.49,2911748.16,1031785.36,1037477.02,-9329.54,-8510.75,10624.45,11366.45,742.0,22.82,168.04,0.5,True,10636.75,11213.88,577.1299999999992,11168.39,11213.88,12.299999999999272,152.57000000000153,543.9399999999987,152.57000000000153,True,True,complete,4.122175316612863,3.896490184414039,6,18.65319865319865,0.0,-0.8599213765711705,0.036089413440597955,-0.07460606060630381,-0.09044225690277828,-0.09274833483347314,0,0
8902c3f6,1382,6533,1574,4959,75.90693402724628,11979.0,11978.0,10766.36,10768.34,1.9799999999995634,1.9799999999995634,4958.0,0.000399354578458968,True,False,True,10405.0,16937.0,1.0,True,2944354.53,2948410.92,1064212.52,1068912.11,-8949.99,-8196.77,10191.15,10881.6,690.4500000000007,26.08,142.61999999999998,0.5,True,10203.31,10784.39,581.0799999999999,10763.06,10784.39,12.159999999999854,97.21000000000095,571.9099999999999,97.21000000000095,True,True,complete,46.10439308127966,48.31619278080258,21,24.819102749638205,0.0,-0.9330417824251752,-0.0688958582271346,0.014606060605809964,0.015466506602592741,0.03698109810982301,0,0
896d15b9,1208,5698,1419,4279,75.0965250965251,12828.0,12827.0,11945.53,11965.35,19.81999999999971,19.81999999999971,4278.0,0.00463300607760629,True,False,True,11409.0,17106.0,1.0,True,2910845.31,2914994.54,1016146.78,1019750.66,-9892.12,-9423.32,11463.320000000002,12066.820000000002,603.5,31.98,238.77,0.5,True,11475.54,11990.84,515.2999999999993,11942.35,11990.84,12.219999999999345,75.98000000000138,479.02999999999884,75.98000000000138,True,True,complete,60.61776061776062,66.20705772376724,20,3.2284768211920527,0.0,-0.7035875866626548,-0.18383767095871373,-0.032060606060973385,-0.035182713085170264,-0.03293225322533046,0,0
8995c945,1721,8198,1474,6724,82.02000487923884,11728.0,11727.0,10986.86,11015.68,28.81999999999971,28.81999999999971,6723.0,0.00428677673657589,True,False,True,10254.0,18451.0,1.0,True,3003243.56,3008769.6,1135030.04,1140413.42,-8856.76,-8170.44,10262.45,11122.45,860.0,38.91,273.82,0.5,True,10274.87,11016.75,741.8799999999992,10986.85,11016.75,12.420000000000073,105.70000000000073,724.3999999999996,105.70000000000073,True,True,complete,11.075872163942426,12.120761451516953,7,34.51481696687972,0.0,-0.3987731014272724,-0.17863341382395995,-0.001999999999873245,-0.009272028811454919,-0.02321680168018425,0,0
89969c7a,2038,6317,1370,4947,78.31249010606301,11572.0,11571.0,10906.21,10899.34,-6.869999999998981,6.869999999998981,4946.0,-0.0013890012131012903,True,False,True,10202.0,16518.0,1.0,True,2993854.73,2995594.69,1121493.57,1126975.56,-8838.39,-7999.16,10002.85,11021.27,1018.4200000000001,30.96,207.46,0.5,True,10014.97,10922.1,907.130000000001,10896.86,10922.1,12.119999999998981,99.17000000000007,894.0100000000002,99.17000000000007,True,True,complete,35.91894886813361,38.164544168182736,11,43.03238469087341,0.0,-0.9251982209569859,-0.4311136978750238,0.0019999999999393294,0.007047298919584017,0.017897629762976878,0,0
89f1085d,1126,7497,1503,5994,79.95198079231692,13835.0,13834.0,12813.12,12800.08,-13.040000000000873,13.040000000000873,5993.0,-0.002175871850492387,True,False,True,12332.0,19828.0,1.0,True,2999227.05,3003665.61,1063250.79,1069075.39,-10465.65,-10086.47,12429.070000000002,12991.53,562.4599999999991,30.87,157.16,0.5,True,12440.71,12823.52,382.8100000000013,12769.53,12813.1,11.639999999997599,168.01000000000022,340.4599999999991,178.4300000000003,True,True,complete,31.772709083633455,33.14981648314982,10,7.104795737122557,0.0,-0.2677059903207021,-0.052879762694116574,-0.014848484848229884,-0.009923649459752552,-0.010548094809483429,0,0
89f36adf,3567,7041,1749,5292,75.15977844056242,13087.0,13086.0,12229.33,12223.51,-5.819999999999709,5.819999999999709,5291.0,-0.001099981099981045,True,False,True,11338.0,18378.0,1.0,True,3025274.34,3025475.87,1115161.87,1121683.25,-10124.15,-9207.85,11434.59,12325.65,891.0599999999995,26.38,168.11,0.25,True,11446.98,12242.12,795.1400000000012,12223.4,12242.12,12.389999999999418,83.52999999999884,788.8099999999995,83.52999999999884,True,True,complete,55.57449225962221,60.8843537414966,66,36.10877488085226,0.0,-0.9775424218115317,0.0396074729611375,0.005575757576064652,0.00666410564221898,0.006288328832874907,0,0
89fdb2f2,3008,3570,1539,2031,56.890756302521005,13071.0,13070.0,11951.4,11951.7,0.3000000000010914,0.3000000000010914,2030.0,0.00014778325123206474,True,False,True,11532.0,15101.0,1.0,True,3011786.85,3011950.72,1107301.8,1110561.29,-9877.64,-9244.35,11405.2,12156.95,751.75,27.79,203.62,0.25,True,11417.56,11956.73,539.1700000000001,11950.38,11956.73,12.359999999998763,200.22000000000116,545.1799999999985,200.22000000000116,True,True,complete,44.20168067226891,53.4711964549483,16,21.60904255319149,0.0,-0.9875829842909184,-0.4131140180738723,-0.004848484848500578,-0.002447058823511618,-0.0026612061206113483,0,0
8a3da6d1,3918,6334,1741,4593,72.5134196400379,12929.0,12928.0,12003.01,12014.67,11.659999999999854,11.659999999999854,4592.0,0.0025391986062717454,True,False,True,11188.0,17521.0,1.0,True,3007719.12,3007826.92,1104751.75,1110505.68,-9859.46,-9050.6,11177.7,12156.95,979.25,27.79,203.62,0.25,True,11190.25,12020.75,830.5,11994.92,12020.75,12.549999999999272,136.20000000000073,817.2199999999993,136.20000000000073,True,True,complete,40.63782759709505,46.02656215980841,32,39.81623277182236,0.0,-0.914248574020309,-0.01493466836910146,0.007939393939209598,0.008738535414177058,0.007558115811578342,0,0
8a89da23,1633,5575,1640,3935,70.5829596412556,12192.0,12191.0,11196.6,11232.81,36.20999999999913,36.20999999999913,3934.0,0.009204372140314979,True,False,True,10552.0,16126.0,1.0,True,2910246.93,2913749.47,1036945.0,1040782.71,-9200.96,-8416.22,10550.45,11366.45,816.0,22.82,168.04,0.5,True,10562.97,11232.81,669.8400000000001,11195.52,11232.81,12.519999999998618,133.64000000000124,645.0699999999997,133.64000000000124,True,True,complete,15.031390134529149,14.942820838627698,9,26.025719534598895,0.0,-0.9795246468619656,-0.20353527420759213,-0.0019999999996182178,0.001060744297752106,0.011558955895608352,0,0
8a9c8932,1224,6344,1681,4663,73.50252206809584,12398.0,12397.0,11281.12,11277.43,-3.6900000000005093,3.6900000000005093,4662.0,-0.0007915057915059007,True,False,True,10717.0,17060.0,1.0,True,2898030.1,2902061.81,1025981.51,1030539.42,-9220.74,-8693.76,10760.95,11372.45,611.5,29.9,231.0,0.5,True,10773.47,11287.01,513.5400000000009,11277.43,11287.01,12.519999999998618,85.44000000000051,516.4799999999996,85.44000000000051,True,True,complete,4.44514501891551,4.524983915933948,2,19.934640522875817,0.0,-0.7597417081075527,-0.17179909989801223,-0.006242424242469437,-0.0073925570228700185,-0.006346294629466266,0,0
8ac2f237,1459,6775,1456,5319,78.50922509225093,12498.0,12497.0,11360.27,11319.5,-40.77000000000044,40.77000000000044,5318.0,-0.007666415945844385,True,False,True,11042.0,17816.0,1.0,True,3008748.9,3008808.47,1116484.72,1122920.8,-9459.96,-8924.14,10808.83,11537.41,728.5799999999999,28.58,224.14,0.5,True,10821.26,11370.320000000002,549.0600000000013,11319.5,11364.8,12.430000000000291,167.08999999999833,510.6700000000001,172.61000000000058,True,True,complete,4.531365313653136,4.230118443316413,3,17.20356408498972,0.0,-0.8558239853283423,0.056079546177978466,-0.014303030302579916,0.009100120048014736,0.013021002100206973,0,0
8b12bab6,2149,6980,1746,5234,74.98567335243553,12905.0,12904.0,11856.72,11884.18,27.460000000000946,27.460000000000946,5233.0,0.005247467991592002,True,False,True,11159.0,18138.0,1.0,True,2998462.33,3000728.65,1095339.97,1101320.32,-9741.48,-8918.14,10977.9,12051.84,1073.9400000000005,32.93,238.11,0.5,True,10990.06,11885.23,895.1700000000001,11853.53,11885.23,12.159999999999854,166.61000000000058,875.630000000001,166.61000000000058,True,True,complete,55.07163323782235,58.27283148643485,18,44.020474639367144,0.0,-0.9514969726920834,-0.13822135291745904,-0.006969696970189622,-0.009957743097215047,-0.043925172517255875,0,0
8b5be31b,1925,7439,1767,5672,76.24680736658152,11809.0,11808.0,10842.45,10830.84,-11.610000000000582,11.610000000000582,5671.0,-0.002047257979192485,True,False,True,10042.0,17480.0,1.0,True,2949993.37,2954469.21,1083957.88,1089128.24,-8657.7,-7839.559999999999,10001.97,10963.71,961.7399999999998,24.5,198.91,0.5,True,10014.08,10856.1,842.0200000000004,10814.97,10847.01,12.110000000000582,107.60999999999876,813.0,116.69999999999891,True,True,complete,56.94313751848367,59.908321579689705,23,41.714285714285715,0.0,-0.8006257548296843,-0.3093247611850447,-0.014303030303296547,-0.016158463385382814,-0.017662646264634027,0,0
8b95d6d1,1245,2783,1052,1731,62.19906575637801,11534.0,11533.0,10775.76,10761.19,-14.569999999999709,14.569999999999709,1730.0,-0.008421965317918906,True,False,True,10482.0,13264.0,1.0,True,2945499.17,2947174.08,1068034.67,1069891.92,-8840.21,-8279.33,10259.65,10881.6,621.9500000000007,26.08,142.61999999999998,0.5,True,10271.92,10780.38,508.4599999999991,10759.16,10775.72,12.270000000000437,101.22000000000116,499.5100000000002,105.88000000000102,True,True,complete,40.24434063959756,53.7261698440208,24,16.546184738955823,0.0,-0.9896244272122782,0.12669593559749465,-0.033272727272942816,-0.03232797118849703,-0.03126744674467733,0,0
8b9d8326,1628,7832,1669,6163,78.68998978549541,13393.0,13392.0,12247.12,12232.990000000002,-14.1299999999992,14.1299999999992,6162.0,-0.002293086660175138,True,False,True,11724.0,19555.0,1.0,True,2999507.23,3003929.84,1072321.45,1078262.65,-10249.56,-9375.65,11553.45,12366.95,813.5,31.86,215.44,0.5,True,11565.53,12255.22,689.6899999999987,12232.87,12255.22,12.079999999999927,111.73000000000138,679.4200000000001,111.73000000000138,True,True,complete,60.66138917262512,65.63361999026448,42,37.1007371007371,0.0,-0.9137889664200273,-0.11803846733735983,0.0024242424243323987,-0.005513565426134788,-0.007168316831665156,0,0
8bb9c1e6,1938,6382,1836,4546,71.23158884362269,12355.0,12354.0,11185.25,11179.5,-5.75,5.75,4545.0,-0.001265126512651265,True,False,True,10519.0,16900.0,1.0,True,2902952.02,2906762.93,1031662.33,1036138.46,-9235.02,-8498.03,10397.95,11366.45,968.5,22.82,168.04,0.5,True,10410.240000000002,11187.68,777.4399999999987,11172.78,11187.13,12.290000000000873,178.77000000000044,774.8299999999999,179.32000000000153,True,True,complete,11.78314008147916,12.120545534535855,10,37.66769865841073,0.0,-0.9000743512225329,-0.2555576542611451,0.010969696969659853,0.003885714285666182,-0.007984578457846002,0,0
8bda1a11,1439,7438,1457,5981,80.41140091422425,11903.0,11902.0,10968.740000000002,10987.54,18.799999999999272,18.799999999999272,5980.0,0.0031438127090299786,True,False,True,10446.0,17883.0,1.0,True,2886927.71,2891779.01,1017895.92,1023108.87,-9100.08,-8308.63,10391.63,11110.62,718.9900000000016,38.67,210.4,0.5,True,10403.95,10988.76,584.8099999999995,10942.4,10988.76,12.320000000001528,121.86000000000058,550.7700000000004,121.86000000000058,True,True,complete,52.74267276149502,54.72329041966226,16,16.74774148714385,0.0,-0.8900841117142263,-0.09572432027624796,0.03612121212164102,0.041603841536619,0.04272691269126009,0,0
8bfa881d,1894,5843,1754,4089,69.9811740544241,13368.0,13367.0,12181.81,12235.0,53.19000000000051,53.19000000000051,4088.0,0.013011252446184078,True,False,True,11614.0,17456.0,1.0,True,3011690.42,3013530.08,1094011.34,1099040.43,-10169.84,-9435.81,11420.45,12366.95,946.5,31.86,215.44,0.5,True,11432.56,12235.0,802.4400000000005,12178.23,12235.0,12.109999999998763,131.95000000000073,757.7799999999988,131.95000000000073,True,True,complete,42.20434708197844,45.90364392271949,21,45.934530095036955,0.0,-0.9590410279323045,-0.2685924181926675,-0.018727272727140865,-0.019740216086473736,-0.021234683468348885,0,0
8c167025,1656,7113,1745,5368,75.46745395754253,12011.0,12010.0,10764.61,10769.11,4.5,4.5,5367.0,0.0008384572386808273,True,False,True,10266.0,17378.0,1.0,True,2941140.47,2945482.99,1059430.14,1064412.07,-9004.81,-8111.530000000001,10054.17,10881.6,827.4300000000003,26.08,142.61999999999998,0.5,True,10066.55,10791.33,724.7800000000007,10761.06,10791.33,12.3799999999992,90.27000000000044,706.8899999999994,90.27000000000044,True,True,complete,13.285533530156052,13.28241430700447,75,37.25845410628019,0.0,-0.9593186660991281,-0.07263843064820605,0.011454545454354802,0.012724609843932675,0.013241524152405934,0,0
8c8348e8,1668,5581,1693,3888,69.66493459953413,13655.0,13654.0,12446.69,12440.71,-5.980000000001382,5.980000000001382,3887.0,-0.001538461538461894,True,False,True,11962.0,17542.0,1.0,True,3024933.0,3025497.73,1094918.42,1100073.85,-10528.1,-9813.64,11819.58,12652.570000000002,832.9900000000016,29.83,189.64,0.5,True,11832.05,12451.21,619.1599999999999,12432.14,12451.21,12.469999999999345,201.3600000000024,612.5599999999995,201.3600000000024,True,True,complete,26.411037448485935,30.735596707818928,10,35.79136690647482,0.0,-0.9890590905675108,-0.6044177200989557,0.05460606060616017,0.060279471788785115,0.037879267926810865,0,0
8cc21f01,1927,5806,1762,4044,69.65208405098174,12326.0,12325.0,11753.97,11749.72,-4.25,4.25,4043.0,-0.0010511996042542667,True,False,True,10564.0,16369.0,1.0,True,2965427.54,2967990.55,1060907.59,1065314.22,-9366.68,-8406.48,10908.45,11871.45,963.0,28.66,195.42,0.5,True,10920.820000000002,11762.95,842.1299999999992,11741.490000000002,11760.3,12.3700000000008,108.5,833.0400000000009,111.15000000000146,True,True,complete,32.121942817774716,34.64391691394659,12,48.26154644525168,0.0,-0.9807025474530632,-0.6146118118849468,0.01327272727264126,0.0149747899159138,0.006105910591051115,0,0
8cc800b3,1474,8091,1515,6576,81.27549128661475,12026.0,12025.0,10910.320000000002,10895.26,-15.06000000000131,15.06000000000131,6575.0,-0.002290494296578146,True,False,True,10511.0,18601.0,1.0,True,2989321.27,2992582.45,1105970.89,1112967.68,-9296.6,-8329.22,10284.83,11021.27,736.4400000000005,30.96,207.46,0.5,True,10297.13,10911.96,614.8299999999999,10889.85,10910.3,12.299999999999272,109.31000000000131,605.0200000000004,110.97000000000116,True,True,complete,4.1527623285131625,3.9385644768856447,8,21.234735413839893,0.0,-0.7449885290773699,-0.08431720904909723,-0.013757575757615633,-0.01286290516208748,-0.01176825682567909,0,0
8d5d46d7,1605,7282,1527,5755,79.03048613018402,12236.0,12235.0,11208.18,11216.02,7.8400000000001455,7.8400000000001455,5754.0,0.0013625304136253293,True,False,True,10709.0,17990.0,1.0,True,2903087.45,2907615.19,1032470.66,1037622.64,-9273.92,-8669.52,10564.45,11366.45,802.0,22.82,168.04,0.5,True,10576.84,11234.43,657.5900000000001,11207.76,11234.43,12.389999999999418,132.02000000000044,643.3099999999995,132.02000000000044,True,True,complete,24.210381763251853,28.236316246741964,14,24.73520249221184,0.0,-0.713275446214282,-0.27039133696902784,-0.014000000000042517,-0.012781272509009851,-0.011660846084617399,0,0
8d92cb49,1248,4839,1250,3589,74.16821657367224,12534.0,12533.0,11423.96,11402.29,-21.669999999998254,21.669999999998254,3588.0,-0.006039576365662836,True,False,True,11284.0,16122.0,1.0,True,2988534.3,2990521.22,1089552.76,1093715.1,-9491.98,-9044.16,10968.45,11591.95,623.5,25.9,145.91,0.5,True,10980.53,11435.38,454.84999999999854,11402.29,11425.75,12.079999999999927,156.57000000000153,433.84000000000015,166.20000000000073,True,True,complete,19.59082455052697,22.4575090554472,8,7.051282051282051,0.0,-0.8221031141280386,0.23021120647537235,-0.035575757575862156,-0.03205282112843598,-0.034851245124521486,0,0
8f201368,1901,8151,1802,6349,77.89228315544105,12189.0,12188.0,11169.490000000002,11201.12,31.6299999999992,31.6299999999992,6348.0,0.004982671707624322,True,False,True,10387.0,18537.0,1.0,True,2903330.79,2908282.12,1037378.5,1043188.2,-9098.82,-8336.28,10416.45,11366.45,950.0,22.82,168.04,0.5,True,10428.75,11213.42,784.6700000000001,11168.01,11213.42,12.299999999999272,153.03000000000065,751.5599999999995,153.03000000000065,True,True,complete,48.595264384738066,49.47235785163018,263,36.454497632824825,0.0,-0.853152854617045,0.09860622154871677,-0.031515151515061963,-0.03372581032417714,-0.03839429942994244,0,0
90386ee4,1422,5304,1464,3840,72.39819004524887,12280.0,12279.0,11183.43,11191.1,7.670000000000073,7.670000000000073,3839.0,0.0019979161239906417,True,False,True,10816.0,16119.0,1.0,True,2905005.2,2908167.08,1024640.38,1028477.05,-9432.38,-8730.99,10655.95,11366.45,710.5,22.82,168.04,0.5,True,10668.2,11205.8,537.5999999999985,11183.44,11205.8,12.25,160.65000000000146,527.4899999999998,160.65000000000146,True,True,complete,44.55128205128205,50.260416666666664,13,15.049226441631506,0.0,-0.9377853219568688,-0.10385273122692995,0.01515151515149711,0.014550300120060328,0.008951215121506912,0,0
91abc4c7,1019,7787,1939,5848,75.0995248491075,12422.0,12421.0,10965.71,10959.59,-6.119999999998981,6.119999999998981,5847.0,-0.0010466906105693486,True,False,True,10483.0,18269.0,1.0,True,2895759.2,2900536.62,1025532.93,1031019.01,-9218.49,-8430.75,10060.19,11077.56,1017.369999999999,23.92,192.06,1.0,True,10072.240000000002,10972.27,900.0299999999988,10950.01,10972.27,12.050000000001091,105.28999999999905,889.8199999999997,105.28999999999905,True,True,complete,56.761268781302164,61.097811217510255,15,0.0,0.0,-0.8808295251171252,-0.4212274704712057,0.06757575757530018,0.0670319327730188,0.062189978997917,0,0
91b301ce,1519,8512,1942,6570,77.18515037593986,12111.0,12110.0,11011.78,10920.76,-91.02000000000044,91.02000000000044,6569.0,-0.013855990257269057,True,False,True,10169.0,18680.0,1.0,True,2916891.18,2922099.47,1053535.45,1059524.73,-8886.93,-8088.9,10386.37,11145.28,758.9099999999999,23.41,153.88,0.5,True,10398.56,11050.06,651.5,10920.76,11042.6,12.18999999999869,95.22000000000116,534.3899999999994,102.68000000000029,True,True,complete,13.992011278195488,14.657534246575343,7,22.975641869651085,0.0,-0.7617608929515285,-0.1656373656422184,0.03127272727312941,0.03169843937574416,0.03115385538554576,0,0
91db7070,3039,5646,1573,4073,72.13956783563586,13147.0,13146.0,12029.18,12086.2,57.02000000000044,57.02000000000044,4072.0,0.014002946954813467,True,False,True,11574.0,17219.0,1.0,True,3013113.24,3015153.97,1094751.29,1099593.43,-10347.15,-9493.05,11397.45,12156.95,759.5,27.79,203.62,0.25,True,11409.990000000002,12091.570000000002,681.5799999999999,12029.21,12091.570000000002,12.540000000000873,65.3799999999992,631.7599999999984,65.3799999999992,True,True,complete,29.472192702798438,33.36606923643506,14,22.40868706811451,0.0,-0.9741842379976239,0.0257189865063622,0.031939393939674064,0.032956542617050305,0.03380792079208853,0,0
925a7cd1,2162,6501,1984,4517,69.48161821258267,13240.0,13239.0,12096.4,12088.69,-7.709999999999127,7.709999999999127,4516.0,-0.0017072630646587969,True,False,True,11256.0,17756.0,1.0,True,2999865.54,3003410.07,1089977.65,1094778.04,-9790.77,-9034.77,11286.45,12366.95,1080.5,31.86,215.44,0.5,True,11298.59,12096.44,797.8500000000004,12086.75,12096.44,12.139999999999418,270.5100000000002,800.2999999999993,270.5100000000002,True,True,complete,16.01292108906322,17.467345583351783,4,52.63644773358001,0.0,-0.895803440201687,-0.830685701966229,-0.003757575757773651,0.03319183673467638,0.043344914491442434,0,0
9283ae69,1889,5118,1747,3371,65.86557248925361,11723.0,11722.0,10981.86,10979.740000000002,-2.1199999999989814,2.1199999999989814,3370.0,-0.0006290801186940597,True,False,True,9976.0,15093.0,1.0,True,2924224.47,2927625.29,1060443.47,1063529.48,-8629.72,-7857.69,10201.44,11145.28,943.8400000000001,23.41,153.88,0.5,True,10213.67,10991.7,778.0300000000007,10976.64,10991.7,12.229999999999563,153.57999999999993,775.1999999999989,153.57999999999993,True,True,complete,35.130910511918714,38.14891723524177,30,38.062466913710956,0.0,-0.9175897758359456,-0.4460363260965788,-0.018181818182132655,-0.017193757502987277,-0.016187638763886816,0,0
9298ad5b,1840,5807,1843,3964,68.26244188048906,12379.0,12378.0,11147.6,11135.4,-12.200000000000728,12.200000000000728,3963.0,-0.0030784759020945564,True,False,True,10536.0,16342.0,1.0,True,2974929.07,2978126.76,1092692.37,1096971.52,-9037.24,-8311.75,10392.05,11311.5,919.4500000000007,33.05,256.22,0.5,True,10404.11,11178.05,773.9399999999987,11135.4,11178.05,12.06000000000131,133.45000000000073,743.3500000000004,133.45000000000073,True,True,complete,45.324608231444806,50.252270433905146,51,36.08695652173913,0.0,-0.943090453011304,-0.377365518872328,0.003696969697162078,-0.0002559423769428299,0.0032445844584327497,0,0
9314ff13,1658,4494,1746,2748,61.148197596795725,12819.0,12818.0,11995.94,11988.740000000002,-7.199999999998909,7.199999999998909,2747.0,-0.002621041135784095,True,False,True,11073.0,15566.0,1.0,True,2909527.73,2912700.93,1017340.12,1019769.25,-9741.68,-9014.17,11374.45,12202.95,828.5,18.53,317.9,0.5,True,11386.88,11999.37,612.4900000000016,11984.72,11999.37,12.429999999998472,203.57999999999993,610.2699999999986,203.57999999999993,True,True,complete,3.9830885625278154,4.148471615720524,4,0.0,0.0,-0.9657296145242846,-0.49724902313807434,0.03848484848502465,0.042912845138050444,0.024512751275119506,0,0
93209a3d,1544,6300,1603,4697,74.55555555555556,13316.0,13315.0,11871.78,11872.88,1.0999999999985448,1.0999999999985448,4696.0,0.00023424190800650443,True,False,True,11713.0,18012.0,1.0,True,3003235.27,3005637.08,1104268.51,1109703.9,-9792.29,-9207.67,11280.4,12051.84,771.4400000000005,32.93,238.11,0.5,True,11292.53,11890.23,597.6999999999989,11871.8,11890.23,12.130000000001019,161.61000000000058,591.3999999999996,161.61000000000058,True,True,complete,53.46031746031746,56.482861400894194,23,22.085492227979277,0.0,-0.6522991036559153,0.07347330449723719,0.017575757575862584,0.020396158463389078,0.018726612661263554,0,0
939d9c34,2400,6627,1526,5101,76.9729892862532,12146.0,12145.0,11860.97,11891.93,30.960000000000946,30.960000000000946,5100.0,0.006070588235294303,True,False,True,10620.0,17246.0,1.0,True,2991896.07,2994140.59,1099966.22,1105482.62,-9416.12,-8396.61,10852.4,12051.84,1199.4400000000005,32.93,238.11,0.5,True,10864.490000000002,11891.93,1027.4399999999987,11824.41,11891.93,12.090000000001965,159.90999999999985,972.0100000000002,159.90999999999985,True,True,complete,42.49283235249736,43.48167026073319,12,49.875,0.0,-0.9646107214796692,-0.33137752572689305,-0.03793939393930534,-0.01972196878747849,0.010444284428434132,0,0
93f5d2e6,1286,5171,1480,3691,71.3788435505705,12063.0,12062.0,11037.89,10989.95,-47.93999999999869,47.93999999999869,3690.0,-0.012991869918698832,True,False,True,10583.0,15753.0,1.0,True,2928211.63,2931370.91,1051490.92,1055179.12,-9100.05,-8446.6,10502.85,11145.28,642.4300000000003,23.41,153.88,0.5,True,10515.2,11038.240000000002,523.0400000000009,10989.95,11038.19,12.350000000000364,107.03999999999905,487.10000000000036,107.09000000000015,True,True,complete,29.49139431444595,33.51395285830398,14,9.020217729393467,0.0,-0.9224384989048633,-0.2410317055289668,0.006242424242754244,0.00505978391363618,0.005235403540361177,0,0
940a48d9,1887,5627,1664,3963,70.42829216278656,11853.0,11852.0,10918.16,10907.7,-10.459999999999127,10.459999999999127,3962.0,-0.0026400807672890274,True,False,True,10189.0,15815.0,1.0,True,2991209.76,2991489.95,1115006.53,1120039.2,-8917.27,-7980.43,10078.34,11021.27,942.9300000000003,30.96,207.46,0.5,True,10090.53,10924.01,833.4799999999996,10899.48,10924.01,12.19000000000051,97.26000000000022,821.1399999999994,97.26000000000022,True,True,complete,18.571174693442334,16.80545041635125,10,38.47376788553259,0.0,-0.9782675377356665,-0.41374237614938875,0.01424242424255118,0.006630012004809319,-0.011451245124508425,0,0
940e709a,1622,4989,1641,3348,67.10763680096211,11818.0,11817.0,11031.33,11030.41,-0.9200000000000728,0.9200000000000728,3347.0,-0.00027487302061549826,True,False,True,10177.0,15165.0,1.0,True,2923864.41,2927388.45,1060205.52,1063145.71,-8694.79,-8035.92,10334.89,11145.28,810.3900000000012,23.41,153.88,0.5,True,10347.04,11045.44,698.3999999999996,11027.13,11039.65,12.150000000001455,99.84000000000015,692.2399999999998,105.63000000000102,True,True,complete,34.33553818400481,38.35125448028674,18,27.866831072749694,0.0,-0.8705961938090161,-0.428948327144215,-0.075151515151827,-0.06594333733493639,-0.04283654365437311,0,0
9426ec1e,2489,3923,1391,2532,64.54244200866684,13112.0,13111.0,12018.85,12003.41,-15.44000000000051,15.44000000000051,2531.0,-0.006100355590675823,True,False,True,11721.0,15643.0,1.0,True,3012610.93,3012870.83,1105131.39,1108788.89,-10036.92,-9445.38,11534.95,12156.95,622.0,27.79,203.62,0.25,True,11547.34,12019.06,471.71999999999935,12001.03,12018.84,12.389999999999418,137.89000000000124,466.0799999999999,138.11000000000058,True,True,complete,13.63752230435891,15.205371248025276,9,5.263157894736842,0.0,-0.9526830169503218,0.24482585330322934,-0.0037575757573366352,-0.004497959183704336,0.015081368136799765,0,0
94467f50,2362,5116,2081,3035,59.3236903831118,11985.0,11984.0,10764.77,10731.98,-32.79000000000087,32.79000000000087,3034.0,-0.010807514831905363,True,False,True,9904.0,15019.0,1.0,True,2936354.06,2939341.47,1064793.57,1068061.9,-8749.16,-7767.950000000001,9701.18,10881.6,1180.42,26.08,177.98999999999998,0.5,True,9713.31,10778.070000000002,1064.760000000002,10731.98,10774.21,12.1299999999992,103.52999999999884,1030.7999999999993,107.39000000000124,True,True,complete,25.449569976544172,22.042833607907745,9,56.01185436071127,0.0,-0.9803109533889839,-0.17848587829584756,0.012545454545554112,0.011578391356514551,0.0011552955295573537,0,0
944f36b9,1227,6035,1405,4630,76.71913835956919,11825.0,11824.0,10850.3,10857.83,7.530000000000655,7.530000000000655,4629.0,0.0016267012313676075,True,False,True,10420.0,16454.0,1.0,True,2998625.46,3000575.79,1122296.72,1127700.18,-9048.97,-8323.15,10343.59,10956.570000000002,612.9800000000014,22.9,152.86,0.5,True,10355.97,10861.01,505.0400000000009,10849.0,10861.01,12.3799999999992,95.56000000000131,505.40999999999985,95.56000000000131,True,True,complete,15.75807787903894,15.831533477321813,11,4.400977995110025,0.0,-0.8965062256025265,0.23327070612623949,0.02375757575767736,0.023585594237758783,0.023781518151813914,0,0
94d813a4,1927,6591,1744,4847,73.53967531482324,13846.0,13845.0,12740.53,12685.66,-54.8700000000008,54.8700000000008,4846.0,-0.01132274040445745,True,False,True,12102.0,18692.0,1.0,True,3018892.24,3022165.67,1081657.88,1086773.67,-10655.59,-9923.43,11910.45,12873.45,963.0,34.36,207.01,0.5,True,11922.76,12740.58,817.8199999999997,12679.14,12740.58,12.30999999999949,132.8700000000008,768.6899999999987,132.8700000000008,True,True,complete,26.612046730389928,28.636269857643903,18,44.47327451997924,0.0,-0.9127115760487928,-0.23068502397163168,0.0015151515152047926,0.015245138055218594,0.03304410441044715,0,0
95b559e7,2029,4638,1751,2887,62.2466580422596,13018.0,13017.0,11940.93,11949.070000000002,8.140000000001237,8.140000000001237,2886.0,0.002820512820513249,True,False,True,11267.0,15904.0,1.0,True,3023611.68,3023632.03,1117086.9,1121230.67,-9955.96,-9114.13,11167.95,12181.95,1014.0,34.4,156.51999999999998,0.5,True,11180.13,11969.070000000002,788.9400000000023,11940.97,11969.070000000002,12.179999999998472,212.8799999999992,773.0199999999986,212.8799999999992,True,True,complete,22.984044846916774,30.23900242466228,13,40.01971414489896,0.0,-0.9930779906109611,-0.49655777784059035,0.036969696969700795,0.032652581032399576,0.023642064206425964,0,0
95c8427f,1926,8051,1716,6335,78.68587753074152,12126.0,12125.0,11218.09,11198.9,-19.19000000000051,19.19000000000051,6334.0,-0.003029681086201533,True,False,True,10410.0,18460.0,1.0,True,2910102.0,2914922.43,1038222.06,1043994.32,-9160.21,-8374.45,10388.820000000002,11350.94,962.119999999999,45.46,226.9,0.5,True,10401.13,11218.61,817.4800000000014,11178.16,11218.08,12.309999999997672,132.32999999999993,789.3399999999983,132.86000000000058,True,True,complete,18.53185939634828,19.984214680347275,9,38.62928348909657,0.0,-0.9193630367508259,-0.39032741359712286,-0.013454545454835034,-0.009786314525799348,-0.00015769576958684525,0,0
96936c22,1985,4997,1651,3346,66.9601761056634,13138.0,13137.0,12087.070000000002,12095.27,8.199999999998909,8.199999999998909,3345.0,0.0024514200298950397,True,False,True,11487.0,16483.0,1.0,True,3005340.56,3008515.61,1087246.91,1090434.03,-9956.73,-9260.5,11374.95,12366.95,992.0,31.86,215.44,0.5,True,11387.37,12097.61,710.2399999999998,12082.990000000002,12097.61,12.420000000000073,269.34000000000015,708.0400000000009,269.34000000000015,True,True,complete,17.37042225335201,20.23311416616856,8,48.413098236775824,0.0,-0.9769028823634884,-0.8451922860357828,-0.026666666666452822,-0.03170660264107749,-0.02907488748875841,0,0
96ae5806,1906,11527,1688,9839,85.35612041294353,13126.0,13125.0,12120.820000000002,12114.2,-6.6200000000008,6.6200000000008,9838.0,-0.0006729009961375077,True,False,True,11438.0,22964.0,1.0,True,2991745.18,2995735.73,1062127.36,1072333.67,-10292.91,-9143.95,11326.95,12279.45,952.5,30.84,157.13,0.5,True,11339.42,12125.4,785.9799999999996,12099.490000000002,12125.4,12.469999999999345,154.0500000000011,772.5400000000009,154.0500000000011,True,True,complete,55.2181833955062,55.2393535928448,44,42.65477439664218,0.0,-0.8275034472040658,-0.4307068203847813,0.012242424242342993,0.011806482592999497,0.013159375937589196,0,0
96b7eea1,2009,6078,1746,4332,71.27344521224087,12227.0,12226.0,11126.92,11140.1,13.180000000000291,13.180000000000291,4331.0,0.0030431770953591067,True,False,True,10481.0,16558.0,1.0,True,2983767.58,2986891.51,1108148.94,1112742.22,-8969.37,-8213.48,10307.55,11311.5,1003.9500000000007,33.05,256.22,0.5,True,10319.75,11142.61,822.8600000000006,11126.98,11142.61,12.200000000000728,168.88999999999942,819.4300000000003,168.88999999999942,True,True,complete,37.61105626850938,38.55032317636196,13,41.46341463414634,0.0,-0.8922209696084482,-0.21277001737301451,0.05999999999982089,0.058907563025200296,0.05753663366336422,0,0
9719aa04,1955,6665,1794,4871,73.08327081770443,12026.0,12025.0,10958.39,10965.7,7.31000000000131,7.31000000000131,4870.0,0.0015010266940454434,True,False,True,10232.0,16896.0,1.0,True,3005703.76,3007149.24,1129409.16,1135310.41,-8955.36,-8169.17,10145.45,11122.45,977.0,38.91,273.82,0.5,True,10157.78,10972.06,814.2799999999988,10948.43,10972.06,12.329999999999927,150.39000000000124,802.9799999999996,150.39000000000124,True,True,complete,4.0960240060015005,4.3112297269554505,9,42.35294117647059,0.0,-0.8794398403346594,-0.597066263371608,0.0056969696967154445,0.008090756302510082,0.010687548754886863,0,0
974802e7,7953,7537,1694,5843,77.52421387820088,11225.0,11224.0,10092.6,10124.85,32.25,32.25,5842.0,0.005520369736391647,True,False,True,9531.0,17067.0,1.0,True,2867162.7,2871902.38,1046477.04,1051867.62,-8117.610000000001,-7502.209999999999,9441.65,10236.85,795.2000000000007,23.12,193.59,0.1000000000003638,True,9454.19,10126.28,672.0900000000001,10072.61,10126.28,12.540000000000873,110.56999999999971,630.960000000001,110.56999999999971,True,True,complete,56.361947724558846,56.76878315933595,14,20.294228592983778,0.0,-0.6581211365368076,-0.05310082143601212,0.011818181818060856,0.026752460984438967,0.043893309330937096,0,0
97cd5bf9,1776,5099,1650,3449,67.64071386546382,11867.0,11866.0,10823.5,10840.71,17.209999999999127,17.209999999999127,3448.0,0.004991299303944062,True,False,True,10217.0,15315.0,1.0,True,2954546.08,2957539.34,1086281.93,1089798.58,-8668.17,-7974.48,10076.47,10963.71,887.2399999999998,24.5,198.91,0.5,True,10088.84,10840.71,751.869999999999,10814.9,10840.71,12.3700000000008,123.0,738.4300000000003,123.0,True,True,complete,60.600117670131404,63.32270223253117,21,36.82432432432432,0.0,-0.9318980307772897,-0.47682180027030235,-2.064655389628415e-13,-0.001359423769516071,-0.001946774677469082,0,0
98177ced,2573,6789,2017,4772,70.29017528354692,13703.0,13702.0,12663.64,12659.36,-4.279999999998836,4.279999999998836,4771.0,-0.0008970865646612525,True,False,True,11686.0,18474.0,1.0,True,3034005.34,3038450.86,1091349.05,1095632.68,-10622.58,-9577.75,11690.88,12976.83,1285.9500000000007,29.43,241.94,0.5,True,11703.43,12686.490000000002,983.0600000000013,12650.67,12672.54,12.550000000001091,290.3399999999983,959.7900000000009,304.28999999999905,True,True,complete,4.10958904109589,4.463537300922045,2,56.23785464438399,0.0,-0.9872174938444112,-0.7781407759714073,-0.13200000000032955,-0.05754621848737633,-0.04010609060903999,0,0
9896fc0b,1550,5109,1514,3595,70.36602074770015,11984.0,11983.0,10977.98,10934.490000000002,-43.48999999999796,43.48999999999796,3594.0,-0.012100723427934881,True,False,True,10470.0,15578.0,1.0,True,2929035.86,2932138.66,1052194.22,1055799.35,-9056.61,-8301.46,10370.87,11145.28,774.4099999999999,23.41,153.88,0.5,True,10383.34,10986.89,603.5499999999993,10934.18,10986.89,12.469999999999345,158.39000000000124,563.3099999999995,158.39000000000124,True,True,complete,37.87433940105696,39.72183588317107,9,24.516129032258064,0.0,-0.9376223383372875,-0.3407257483419296,0.021515151515451646,0.019462665066009622,0.020111851185116863,0,0
98bc6f66,1816,7720,1657,6063,78.5362694300518,11940.0,11939.0,10947.31,10946.820000000002,-0.48999999999796273,0.48999999999796273,6062.0,-8.083140877564545e-05,True,False,True,10283.0,18002.0,1.0,True,2878901.07,2883665.37,1019878.92,1025347.22,-8883.97,-8212.93,10203.13,11110.62,907.4900000000016,38.67,221.13,0.5,True,10215.64,10973.23,757.5900000000001,10946.820000000002,10973.23,12.510000000000218,137.39000000000124,743.6900000000023,137.39000000000124,True,True,complete,42.27979274611399,42.734619825169055,10,34.030837004405285,0.0,-0.8611050575587007,-0.18398483542748473,0.002424242423788574,-0.0018343337334966706,0.0010626462646123728,0,0
992c99e8,1977,6740,1836,4904,72.75964391691396,12611.0,12610.0,11389.55,11368.67,-20.8799999999992,20.8799999999992,4903.0,-0.004258617173159127,True,False,True,10775.0,17514.0,1.0,True,3006328.15,3006490.34,1116403.61,1122600.25,-9407.87,-8627.18,10549.92,11537.41,987.4899999999998,28.58,224.14,0.5,True,10562.42,11394.47,832.0499999999993,11363.48,11393.87,12.5,142.9400000000005,813.5599999999995,143.53999999999905,True,True,complete,34.97032640949555,37.86704730831974,13,38.89731917046029,0.0,-0.9337285972428486,-0.16434245189481728,-0.0038181818180604613,-0.0030040816326232112,-0.007458145814581652,0,0
992ce078,2061,4661,1782,2879,61.7678609740399,12725.0,12724.0,11989.02,11982.02,-7.0,7.0,2878.0,-0.002432244614315497,True,False,True,10943.0,15603.0,1.0,True,2908581.46,2912225.58,1016938.21,1018865.79,-9717.77,-8951.31,11172.95,12202.95,1030.0,18.53,317.9,0.5,True,11185.47,12006.43,820.960000000001,11978.78,11989.96,12.519999999998618,196.52000000000044,805.8299999999999,212.9900000000016,True,True,complete,4.119287706500751,3.8555053838138247,4,0.0,0.0,-0.975642084006741,-0.597097553707569,-0.005151515151147651,-0.0032240096038088613,-0.008301650164984662,0,0
99529c45,830,7591,1751,5840,76.933210380714,12204.0,12203.0,11155.73,11148.38,-7.350000000000364,7.350000000000364,5839.0,-0.0012587771878746984,True,False,True,10453.0,18043.0,1.0,True,2893691.7,2898356.66,1023115.21,1028442.23,-9164.25,-8388.31,10358.45,11187.45,829.0,42.29,152.07999999999998,1.0,True,10370.73,11162.56,791.8299999999999,11125.37,11155.7,12.279999999998836,24.890000000001237,766.9200000000001,31.75,True,True,complete,53.68199183243314,56.695205479452056,15,43.97590361445783,0.0,-0.9261554630335933,-0.3809072350220205,-0.03054545454533605,-0.029033853541382517,-0.029809780978108956,0,0
995ff498,1618,6127,1601,4526,73.86975681410152,12174.0,12173.0,11214.69,11196.89,-17.80000000000109,17.80000000000109,4525.0,-0.003933701657458805,True,False,True,10573.0,16699.0,1.0,True,2903034.23,2906802.09,1034335.89,1038722.28,-9175.7,-8557.62,10557.95,11366.45,808.5,22.82,168.04,0.5,True,10570.18,11224.21,654.0299999999988,11196.89,11224.21,12.229999999999563,142.2400000000016,638.9399999999987,142.2400000000016,True,True,complete,52.342092377999016,56.27485638532921,17,25.339925834363413,0.0,-0.8887833383358017,-0.07757812248905172,-5.745703232480818e-13,-0.004495558223329102,-0.0031461146114672794,0,0
999daf80,1796,5439,1875,3564,65.52675124103695,12218.0,12217.0,11143.92,11142.05,-1.8700000000008004,1.8700000000008004,3563.0,-0.0005248386191413978,True,False,True,10343.0,15781.0,1.0,True,2914583.97,2917692.62,1045034.95,1048848.61,-9031.54,-8317.05,10453.81,11350.94,897.130000000001,45.46,226.9,0.5,True,10466.18,11153.73,687.5499999999993,11141.43,11153.73,12.3700000000008,197.21000000000095,687.6200000000008,197.21000000000095,True,True,complete,8.310351167494025,8.052749719416386,3,34.18708240534521,0.0,-0.9555735083294954,-0.48738470603526696,0.008727272727453108,0.004776950780308657,0.00752913291329487,0,0
9a6b0392,1918,5802,1547,4255,73.33678042054464,11660.0,11659.0,10626.66,10610.79,-15.869999999998981,15.869999999998981,4254.0,-0.003730606488011044,True,False,True,10113.0,15914.0,1.0,True,2997231.52,2999044.31,1122430.26,1127555.4,-8740.3,-7923.959999999999,9998.1,10956.570000000002,958.4700000000012,22.9,177.14999999999998,0.5,True,10010.61,10630.23,619.619999999999,10610.79,10630.23,12.510000000000218,326.34000000000196,612.6900000000005,326.34000000000196,True,True,complete,48.345398138572904,50.293772032902474,31,38.84254431699687,0.0,-0.933534766964266,-0.9043032931967259,0.046727272727305674,0.05252100840335818,0.05356957695769853,0,0
9a8ae0d6,3255,7835,1541,6294,80.33184428844926,13087.0,13086.0,11951.2,11964.27,13.069999999999709,13.069999999999709,6293.0,0.0020769108533290497,True,False,True,11546.0,19380.0,1.0,True,3007235.75,3010565.05,1098341.73,1104966.96,-9985.9,-9339.36,11343.45,12156.95,813.5,27.79,203.62,0.25,True,11355.97,11964.27,608.3000000000011,11937.45,11964.27,12.519999999998618,192.6800000000003,594.0,192.6800000000003,True,True,complete,49.72559029993619,51.11217032094058,20,27.557603686635947,0.0,-0.8014352277541713,-0.6653393621119992,-0.041515151514756675,-0.042600720288129945,-0.043565016501648554,0,0
9a95e33f,2102,8156,1709,6447,79.04610102991663,12293.0,12292.0,11500.37,11490.26,-10.110000000000582,10.110000000000582,6446.0,-0.001568414520633041,True,False,True,10584.0,18739.0,1.0,True,2887033.13,2888902.3,1007434.37,1014744.16,-9406.41,-8542.38,10600.95,11651.45,1050.5,24.66,211.09,0.5,True,10613.2,11506.64,893.4399999999987,11447.62,11500.42,12.25,144.8100000000013,846.6700000000001,151.03000000000065,True,True,complete,13.376655223148603,15.32495734450132,54,0.0,0.0,-0.9282541128099241,-0.27216787558328903,0.004424242424554741,0.006280432172841489,0.0028907290729053518,0,0
9ab94eeb,2030,6372,1930,4442,69.7112366603892,12118.0,12117.0,10983.39,10966.94,-16.44999999999891,16.44999999999891,4441.0,-0.003704120693537246,True,False,True,10188.0,16559.0,1.0,True,2919155.46,2923030.99,1049444.3,1053755.86,-8997.38,-8126.790000000001,10130.96,11145.28,1014.3200000000015,23.41,153.88,0.5,True,10143.36,10991.87,848.5100000000002,10966.94,10991.87,12.400000000001455,153.40999999999985,835.9800000000014,153.40999999999985,True,True,complete,50.470809792843696,53.489419180549305,19,42.364532019704434,0.0,-0.9263704560527167,-0.4798185743041411,-0.008545454545403987,0.009779591836751261,0.007130993099311061,0,0
9ad5410a,1267,5749,1544,4205,73.14315533136198,13036.0,13035.0,11901.570000000002,11887.5,-14.070000000001528,14.070000000001528,4204.0,-0.0033468125594675376,True,False,True,11492.0,17240.0,1.0,True,3002094.53,3004110.0,1104171.82,1109316.33,-9771.57,-9320.82,11418.89,12051.84,632.9500000000007,32.93,238.11,0.5,True,11431.34,11922.0,490.65999999999985,11887.5,11906.9,12.450000000000728,129.84000000000015,468.6100000000006,144.9400000000005,True,True,complete,8.053574534701688,8.014268727705113,3,5.05130228887135,0.0,-0.53271458247241,0.16899599213541508,-0.0494545454540721,-0.05598847539020314,-0.05844326432643967,0,0
9ae248be,1292,6655,1384,5271,79.20360631104433,13847.0,13846.0,12761.03,12769.17,8.139999999999418,8.139999999999418,5270.0,0.0015445920303604208,True,False,True,12463.0,19117.0,1.0,True,2946783.3,2949817.63,1014924.58,1020662.05,-10709.94,-10329.94,12336.45,12981.95,645.5,28.29,160.94,0.5,True,12348.87,12772.08,423.2099999999991,12746.11,12772.08,12.420000000000073,209.8700000000008,409.65999999999985,209.8700000000008,True,True,complete,29.842223891810672,32.024283817112504,23,13.69969040247678,0.0,-0.2141076728064424,-0.007908666536910334,-0.007515151515083372,-0.009837214885953271,-0.010541434143410607,0,0
9af1ffd0,1979,5454,1929,3525,64.63146314631463,11885.0,11884.0,10813.69,10781.4,-32.29000000000087,32.29000000000087,3524.0,-0.009162883087400929,True,False,True,9956.0,15409.0,1.0,True,2949661.06,2952800.95,1081859.12,1085640.11,-8596.86,-7796.94,9974.97,10963.71,988.7399999999998,24.5,198.91,0.5,True,9987.34,10816.44,829.1000000000004,10781.4,10814.2,12.3700000000008,147.26999999999862,806.4300000000003,149.5099999999984,True,True,complete,6.215621562156215,5.446808510638298,5,43.30469934310258,0.0,-0.9394397238350265,-0.4145910228651333,0.0025454545454540864,0.0021815126050585237,0.0011192319231803794,0,0
9b5b61c1,1928,7215,1683,5532,76.67359667359668,11944.0,11943.0,11132.91,11141.03,8.1200000000008,8.1200000000008,5531.0,0.0014680889531731695,True,False,True,10261.0,17475.0,1.0,True,2971473.81,2975890.57,1090960.18,1095891.26,-9030.45,-8031.75,10348.05,11311.5,963.4500000000007,33.05,256.22,0.5,True,10360.52,11147.09,786.5699999999997,11128.15,11147.09,12.470000000001164,164.40999999999985,780.1000000000004,164.40999999999985,True,True,complete,11.143451143451145,9.399855386840203,29,39.004149377593365,0.0,-0.9583176639823594,-0.33092322819843834,-0.005575757575522426,-0.0065786314526047685,0.0009942994299378697,0,0
9b9e3b49,1952,6875,1757,5118,74.44363636363637,12901.0,12900.0,11913.23,11905.29,-7.93999999999869,7.93999999999869,5117.0,-0.0015516904436190522,True,False,True,11144.0,18018.0,1.0,True,3008422.72,3008720.85,1110262.27,1116560.94,-9751.19,-8950.99,11076.4,12051.84,975.4400000000005,32.93,238.11,0.5,True,11088.92,11922.4,833.4799999999996,11894.43,11922.4,12.520000000000437,129.4400000000005,818.0300000000007,129.4400000000005,True,True,complete,52.69818181818182,57.75693630324346,21,38.37090163934426,0.0,-0.8529824738786617,-0.2327603393870886,-0.0348484848482638,-0.038442256902773496,-0.02551875187519838,0,0
9bd2bba3,2110,9092,1653,7439,81.81918169819622,13557.0,13556.0,12524.19,12527.94,3.75,3.75,7438.0,0.0005041677870395268,True,False,True,11904.0,20995.0,1.0,True,3005988.57,3009604.71,1074407.48,1082230.5,-10338.98,-9624.33,11694.45,12748.95,1054.5,29.71,233.85,0.5,True,11706.71,12546.64,839.9300000000003,12524.23,12546.64,12.2599999999984,202.3100000000013,829.7799999999988,202.3100000000013,True,True,complete,3.7835459744830624,3.7639467670385804,3,48.72037914691943,0.0,-0.7813560334183017,-0.26214943377024663,0.03575757575691409,0.03617959183677416,0.03698463846384117,0,0
9c211c53,7874,8842,1577,7265,82.16466862700746,11131.0,11130.0,10075.14,10063.570000000002,-11.56999999999789,11.56999999999789,7264.0,-0.0015927863436120443,True,False,True,9554.0,18395.0,1.0,True,2865593.84,2871154.16,1045835.71,1052174.14,-8117.280000000001,-7500.780000000001,9449.55,10236.85,787.3000000000011,23.12,193.59,0.1000000000003638,True,9462.08,10092.69,630.6100000000006,10063.08,10088.11,12.530000000000655,144.15999999999985,613.5300000000007,148.73999999999978,True,True,complete,47.76068762723366,48.02477632484515,14,19.494538989077977,0.0,-0.5633560384554231,-0.08745054153430822,-0.0185454545452029,-0.017463145258135065,-0.012853525352519123,0,0
9c350a6a,2036,7794,1742,6052,77.64947395432384,12791.0,12790.0,11396.990000000002,11386.23,-10.760000000002037,10.760000000002037,6051.0,-0.0017782184762852482,True,False,True,11049.0,18842.0,1.0,True,2996418.2,2999106.41,1094811.19,1101565.03,-9675.78,-8814.78,10577.42,11594.55,1017.1299999999992,27.21,224.46,0.5,True,10589.48,11429.29,839.8100000000013,11386.23,11429.29,12.05999999999949,165.2599999999984,808.8099999999995,165.2599999999984,True,True,complete,43.12291506286887,44.89424983476537,45,39.19449901768173,0.0,-0.9673321860870989,-0.195820844437433,0.0026060606061987174,0.0011313325330117256,-8.754875487339011e-05,0,0
9c8375f7,2053,5432,1758,3674,67.63622974963181,12223.0,12222.0,11200.64,11206.03,5.390000000001237,5.390000000001237,3673.0,0.001467465287231483,True,False,True,10465.0,15896.0,1.0,True,2914516.33,2917657.8,1039851.47,1043608.55,-9171.35,-8384.99,10325.35,11350.94,1025.5900000000001,45.46,226.9,0.5,True,10337.45,11209.46,872.0099999999984,11189.64,11209.320000000002,12.100000000000364,141.48000000000138,864.289999999999,141.61999999999898,True,True,complete,25.552282768777612,27.708219923788786,11,42.42571846078909,0.0,-0.9905465424733364,-0.4847989233500761,-0.003696969696891287,-0.003178391356586839,-0.0027260126012660776,0,0
9d072e4c,2821,6798,1691,5107,75.12503677552222,12953.0,12952.0,12011.820000000002,12025.83,14.0099999999984,14.0099999999984,5106.0,0.0027438307873087348,True,False,True,11262.0,18059.0,1.0,True,3000251.43,3002200.37,1096335.01,1102569.96,-9854.51,-9120.11,11451.95,12156.95,705.0,27.79,203.62,0.25,True,11464.27,12031.55,567.2799999999988,12004.570000000002,12031.55,12.319999999999709,125.40000000000146,552.6200000000008,125.40000000000146,True,True,complete,14.048249485142689,14.626982572939104,6,16.41261963842609,0.0,-0.9339357352328294,0.1082843891772844,0.03654545454558355,0.07273997599038581,0.06957275727574307,0,0
9d3ec64c,1775,4937,1457,3480,70.48815069880494,11494.0,11493.0,10811.14,10817.2,6.06000000000131,6.06000000000131,3479.0,0.0017418798505321384,True,False,True,10037.0,14973.0,1.0,True,2952594.62,2955552.29,1078597.7,1082006.45,-8822.01,-7887.280000000001,10076.97,10963.71,886.7399999999998,24.5,198.91,0.5,True,10089.5,10817.2,727.7000000000007,10795.73,10817.2,12.530000000000655,146.5099999999984,718.7600000000002,146.5099999999984,True,True,complete,18.43224630342313,20.517241379310345,7,36.7887323943662,0.0,-0.9731044559029859,-0.3240460225056431,-0.0001818181818904098,0.010570468187267635,0.023037383738360437,0,0
9d4272e3,1997,5771,1741,4030,69.8319182117484,13493.0,13492.0,12500.21,12525.87,25.660000000001673,25.660000000001673,4029.0,0.0063688260114176404,True,False,True,11752.0,17522.0,1.0,True,2997412.7,3000519.73,1069655.77,1073963.69,-10135.28,-9448.16,11750.95,12748.95,998.0,29.71,233.85,0.5,True,11763.2,12527.12,763.9200000000001,12500.21,12527.12,12.25,221.82999999999993,749.2599999999984,221.82999999999993,True,True,complete,51.845434066886156,53.69727047146402,16,45.81872809213821,0.0,-0.9168292841176038,-0.4460447873221696,0.00848484848531461,0.0045445378150427,-0.0007909390939123429,0,0
9d5e14d4,855,6565,1165,5400,82.25437928408226,11436.0,11435.0,10964.66,10927.17,-37.48999999999978,37.48999999999978,5399.0,-0.0069438784960177405,True,False,True,10271.0,16835.0,1.0,True,2886976.51,2891350.46,1028168.48,1032457.5,-8899.33,-8217.91,10224.11,11077.56,853.4499999999989,23.92,192.06,1.0,True,10236.03,10964.68,728.6499999999996,10923.84,10964.66,11.920000000000073,112.8799999999992,699.7299999999996,112.89999999999964,True,True,complete,52.734196496572736,56.18518518518518,20,0.0,0.0,-0.838508647039894,-0.09407017394479607,-0.0012727272723537745,0.00015894357746748796,0.002393699369931605,0,0
9da441ba,1295,7283,1500,5783,79.40409172044487,12364.0,12363.0,11349.27,11361.36,12.090000000000146,12.090000000000146,5782.0,0.002090971982013169,True,False,True,10864.0,18146.0,1.0,True,2997544.22,2999649.11,1108693.34,1115424.96,-9431.57,-8606.04,10890.81,11537.41,646.6000000000004,28.58,224.14,0.5,True,10902.89,11377.97,475.0799999999999,11345.320000000002,11377.97,12.079999999999927,159.4400000000005,454.51000000000204,159.4400000000005,True,True,complete,21.227516133461485,20.560262839356735,23,6.718146718146718,0.0,-0.8280209987285393,0.35306195960634107,-0.009030303030314062,-0.006827851140475131,-0.006689048904878937,0,0
9dede370,2134,8057,1760,6297,78.15564105746556,13163.0,13162.0,12201.56,12224.15,22.590000000000146,22.590000000000146,6296.0,0.00358799237611184,True,False,True,11403.0,19459.0,1.0,True,2980474.29,2980914.81,1052002.7,1059471.43,-10012.21,-9213.97,11351.95,12418.45,1066.5,26.17,218.65,0.5,True,11364.37,12239.490000000002,875.1200000000008,12201.59,12239.490000000002,12.420000000000073,178.95999999999913,849.6399999999994,178.95999999999913,True,True,complete,37.09817549956559,40.70192154994442,14,48.73477038425492,0.0,-0.7977821539312683,-0.3439017956685364,0.031272727272948886,0.031251380552236134,0.030671107110725102,0,0
9def2eb2,1758,7750,1747,6003,77.45806451612903,12737.0,12736.0,11437.97,11450.35,12.380000000001019,12.380000000001019,6002.0,0.00206264578473859,True,False,True,10990.0,18739.0,1.0,True,2983626.77,2986371.1,1079092.11,1085793.45,-9640.68,-8639.34,10713.45,11591.95,878.5,25.9,145.91,0.5,True,10725.68,11450.35,724.6700000000001,11424.52,11450.35,12.229999999999563,141.60000000000036,711.0699999999997,141.60000000000036,True,True,complete,11.883870967741936,12.377144760952858,27,34.01592718998862,0.0,-0.921819017477841,-0.1476434402427496,0.010000000000204018,0.009306602641011704,0.0049734773477283795,0,0
9df1b1f9,4157,6444,1743,4701,72.95158286778398,13385.0,13384.0,11989.71,11999.45,9.7400000000016,9.7400000000016,4700.0,0.0020723404255322555,True,False,True,11642.0,18085.0,1.0,True,3013241.09,3015975.85,1104926.97,1110183.03,-10110.84,-9350.16,11117.95,12156.95,1039.0,27.79,203.62,0.25,True,11130.28,12019.86,889.5799999999999,11986.47,12009.86,12.329999999999927,137.09000000000015,868.5199999999986,147.09000000000015,True,True,complete,65.20794537554315,68.55988087640927,18,43.27640125090209,0.0,-0.8737376761835994,-0.1196262170470388,-0.025575757575313666,-0.02769843937575003,-0.032187518751869815,0,0
9dfff011,2226,6067,1748,4319,71.18839624196472,12520.0,12519.0,11419.13,11424.17,5.040000000000873,5.040000000000873,4318.0,0.0011672070402966358,True,False,True,10772.0,16838.0,1.0,True,2984935.86,2986551.64,1090829.64,1096069.11,-9256.1,-8463.13,10482.42,11594.55,1112.1299999999992,27.21,224.46,0.5,True,10494.89,11425.740000000002,930.8500000000022,11409.83,11425.740000000002,12.469999999999345,168.80999999999767,927.4099999999999,168.80999999999767,True,True,complete,34.86072193835504,37.27714748784441,12,44.38454627133873,16.666666666666664,-0.9754796274955131,-0.2527232833985301,-0.001454545454003719,0.0018400960383409138,0.006588238823859709,0,0
9e3e364d,1316,5809,1519,4290,73.85092098467895,12911.0,12910.0,11394.6,11412.27,17.670000000000073,17.670000000000073,4289.0,0.004119841454884606,True,False,True,11392.0,17200.0,1.0,True,3012922.93,3013121.1,1110631.6,1116138.85,-9929.61,-9186.93,10880.31,11537.41,657.1000000000004,28.58,224.14,0.5,True,10892.48,11412.27,519.7900000000009,11391.19,11412.27,12.170000000000073,125.13999999999942,510.880000000001,125.13999999999942,True,True,complete,51.67843002237906,51.86480186480187,19,8.206686930091186,0.0,-0.8863825495846552,0.15326994711979247,-0.008727272727369596,-0.009663385354140864,-0.008581518151818275,0,0
9efc812e,2922,6100,1650,4450,72.95081967213115,12390.0,12389.0,11167.54,11154.23,-13.31000000000131,13.31000000000131,4449.0,-0.0029916835243877973,True,False,True,10740.0,16839.0,1.0,True,2940614.21,2944602.33,1055013.42,1059284.22,-9119.91,-8543.96,10602.58,11331.96,729.3799999999992,22.58,169.79,0.25,True,10614.97,11188.44,573.4700000000012,11154.23,11181.29,12.389999999999418,143.51999999999862,551.6499999999996,150.66999999999825,True,True,complete,2.1475409836065573,2.292134831460674,4,18.34360027378508,0.0,-0.9870751719611186,0.09337772497288678,-0.018727272727631895,-0.02286914765902095,-0.027729312931276656,0,0
9f0c7bae,1101,4040,1498,2542,62.92079207920792,14071.0,14070.0,12791.0,12803.39,12.389999999999418,12.389999999999418,2541.0,0.0048760330578510105,True,False,True,12573.0,16612.0,1.0,True,2949986.98,2950053.1,1011155.85,1015029.5,-10901.71,-10419.25,12431.95,12981.95,550.0,28.29,138.79,0.5,True,12444.08,12803.68,359.60000000000036,12791.03,12803.68,12.1299999999992,178.27000000000044,359.0799999999999,178.27000000000044,True,True,complete,27.673267326732677,32.022029897718326,18,0.0,0.0,-0.9607932297279697,-0.003452162688758066,0.0025454545453878095,-0.0056302521008864395,-0.001303810381025998,0,0
9ffce529,1501,6675,1463,5212,78.08239700374531,13254.0,13253.0,12054.09,12032.89,-21.200000000000728,21.200000000000728,5211.0,-0.004068317021685037,True,False,True,11791.0,18465.0,1.0,True,2922528.52,2926218.52,1018614.01,1023904.17,-10181.75,-9662.24,11452.95,12202.95,750.0,18.53,317.9,0.5,True,11465.3,12062.28,596.9800000000014,12030.89,12062.28,12.349999999998545,140.67000000000007,577.9399999999987,140.67000000000007,True,True,complete,36.17977528089887,41.13584036838066,13,0.0,0.0,-0.8147655840131917,-0.18660558675171646,-0.01000000000013277,-0.008306842737095498,-0.006733693369311273,0,0
a0383629,1790,7687,1855,5832,75.86834916092103,12131.0,12130.0,11200.62,11201.56,0.9399999999986903,0.9399999999986903,5831.0,0.00016120734007866409,True,False,True,10276.0,17962.0,1.0,True,2893157.02,2897833.53,1030817.05,1036334.23,-9028.06,-8110.07,10471.95,11366.45,894.5,22.82,168.04,0.5,True,10484.11,11202.21,718.0999999999985,11184.990000000002,11202.21,12.159999999999854,164.2400000000016,713.0400000000009,164.2400000000016,True,True,complete,52.374138155327174,54.6639231824417,14,32.513966480446925,0.0,-0.9354915420532742,-0.2290701734072673,0.016242424242804247,0.020932052821110388,0.02951401140114145,0,0
a056d01e,1803,8292,1735,6557,79.07621804148577,12626.0,12625.0,11730.37,11705.46,-24.910000000001673,24.910000000001673,6556.0,-0.0037995729103114206,True,False,True,10891.0,19182.0,1.0,True,2970960.08,2975644.04,1063793.18,1070006.76,-9571.64,-8621.21,10970.45,11871.45,901.0,28.66,195.42,0.5,True,10982.63,11748.39,765.7600000000002,11705.46,11748.39,12.179999999998472,123.06000000000131,735.0099999999984,123.06000000000131,True,True,complete,24.493487698986975,26.96355040414824,10,44.7032723239046,0.0,-0.9162037375430786,-0.24989736195580867,0.02054545454516411,0.033753661464568076,0.037665286528653606,0,0
a08d9e63,1502,5199,1514,3685,70.87901519522985,11986.0,11985.0,10991.21,11005.59,14.380000000001019,14.380000000001019,3684.0,0.003903365906623512,True,False,True,10472.0,15670.0,1.0,True,2927546.19,2930711.34,1050939.2,1054595.14,-9134.5,-8342.38,10394.87,11145.28,750.4099999999999,23.41,153.88,0.5,True,10407.4,11025.96,618.5599999999995,10989.91,11025.96,12.529999999998836,119.32000000000153,595.039999999999,119.32000000000153,True,True,complete,22.29274860550106,25.590230664857533,11,22.103861517976032,0.0,-0.9525979278989833,-0.2047746028505279,-0.03618181818167785,-0.03966434573822958,-0.04422388238823368,0,0
a0b83014,2180,6873,1838,5035,73.25767495998836,12434.0,12433.0,11396.69,11402.820000000002,6.130000000001019,6.130000000001019,5034.0,0.0012177195073502223,True,False,True,10596.0,17468.0,1.0,True,3007760.73,3007914.8,1116941.65,1123205.94,-9480.47,-8421.59,10448.44,11537.41,1088.9699999999993,28.58,224.14,0.5,True,10460.94,11422.73,961.789999999999,11396.490000000002,11422.73,12.5,114.68000000000029,948.0500000000011,114.68000000000029,True,True,complete,53.310053833842574,55.114200595829196,21,44.587155963302756,0.0,-0.9838578380953793,-0.3911826213879085,-0.018484848485032818,-0.021792076830746975,-0.02055643564355896,0,0
a0e92ed6,1266,6446,1549,4897,75.96959354638535,12894.0,12893.0,11956.48,11933.27,-23.209999999999127,23.209999999999127,4896.0,-0.004740604575163221,True,False,True,11345.0,17790.0,1.0,True,3010972.15,3011071.61,1115488.31,1121759.06,-9553.52,-9165.44,11549.45,12181.95,632.5,34.4,156.51999999999998,0.5,True,11561.63,11966.64,405.0100000000002,11933.27,11966.1,12.179999999998472,215.3100000000013,383.8199999999997,215.85000000000036,True,True,complete,45.004654049022655,49.98978966714315,15,3.8704581358609795,0.0,-0.5809649392753407,-0.2830506601712108,-0.003090909090908937,-0.03195438175271269,-0.0365273327332799,0,0
a15bc102,4269,5124,1888,3236,63.15378610460578,12036.0,12035.0,10944.61,10948.47,3.859999999998763,3.859999999998763,3235.0,0.0011931993817615961,True,False,True,10148.0,15271.0,1.0,True,2959071.56,2962044.33,1084233.31,1087692.23,-8815.79,-7974.459999999999,10069.45,11136.45,1067.0,24.82,207.12,0.25,True,10082.0,10954.02,872.0200000000004,10943.34,10950.75,12.549999999999272,182.4300000000003,873.8899999999994,185.70000000000073,True,True,complete,53.51288056206089,56.334981458590846,26,46.56828297025065,0.0,-0.9683875204960901,-0.6891913980168523,-0.01424242424208572,-0.020131572629047294,-0.0227427542754284,0,0
a247e7cf,1498,7237,1563,5674,78.40265303302473,11940.0,11939.0,10976.45,10973.25,-3.2000000000007276,3.2000000000007276,5673.0,-0.0005640754450909092,True,False,True,10377.0,17613.0,1.0,True,2887482.33,2892140.12,1018247.93,1023287.19,-9081.29,-8281.36,10362.13,11110.62,748.4900000000016,38.67,210.4,0.5,True,10374.23,10981.51,607.2800000000007,10966.48,10981.51,12.100000000000364,129.11000000000058,604.3500000000004,129.11000000000058,True,True,complete,55.838054442448524,56.67959111737751,15,20.026702269692922,0.0,-0.9018679348240575,-0.21936028275281821,0.010000000000271876,0.01061992797120204,0.011102310231016035,0,0
a2e8e7f6,1245,5812,1052,4760,81.89951823812801,11534.0,11533.0,10775.26,10794.38,19.11999999999898,19.11999999999898,4759.0,0.004017650766967636,True,False,True,10482.0,16293.0,1.0,True,2945499.17,2949098.47,1065696.72,1069891.92,-8934.65,-8279.33,10259.65,10881.6,621.9500000000007,26.08,142.61999999999998,0.5,True,10271.78,10794.84,523.0599999999995,10759.18,10794.84,12.130000000001019,86.76000000000022,499.53000000000065,86.76000000000022,True,True,complete,42.65313145216793,48.088235294117645,24,16.546184738955823,0.0,-0.9612654911443624,0.018023306911247993,-0.03345454545514091,-0.03282208883552655,-0.03180264026402794,0,0
a3518960,5137,6992,2025,4967,71.0383295194508,13452.0,13451.0,12147.37,12157.93,10.55999999999949,10.55999999999949,4966.0,0.002126459927506945,True,False,True,11427.0,18418.0,1.0,True,3024034.15,3024091.31,1108541.62,1114870.3,-10190.28,-9216.25,11042.15,12325.65,1283.5,26.38,179.08999999999995,0.25,True,11054.62,12157.93,1103.3099999999995,12134.61,12157.93,12.470000000001164,167.71999999999935,1092.460000000001,167.71999999999935,True,True,complete,3.5612128146453093,3.7648479967787396,3,55.63558497177341,0.0,-0.9534100562797473,-0.6462929071344753,0.0014545454548759908,-0.004432172869145928,-0.005658865886584606,0,0
a3f71395,1543,7040,1497,5543,78.73579545454545,13844.0,13843.0,12773.56,12764.490000000002,-9.06999999999789,9.06999999999789,5542.0,-0.0016365932876214165,True,False,True,12347.0,19386.0,1.0,True,2944401.82,2947635.85,1014655.5,1020626.41,-10713.81,-10210.56,12210.95,12981.95,771.0,28.29,176.98999999999998,0.5,True,12223.17,12789.45,566.2800000000007,12751.12,12789.45,12.219999999999345,192.5,540.1700000000001,192.5,True,True,complete,9.133522727272728,7.865776655240844,12,27.738172391445236,0.0,-0.3155802074854139,-0.21753629076807862,-0.011757575757121956,-0.004295798319326699,-0.002674707470738403,0,0
a4719920,1439,7495,1611,5884,78.50567044696464,12811.0,12810.0,11440.05,11447.0,6.950000000000728,6.950000000000728,5883.0,0.0011813700492947013,True,False,True,11200.0,18694.0,1.0,True,2988527.31,2991220.39,1082530.74,1089161.46,-9712.75,-8909.86,10872.95,11591.95,719.0,25.9,145.91,0.5,True,10885.18,11453.070000000002,567.8900000000012,11427.9,11453.070000000002,12.229999999999563,138.8799999999992,554.9499999999989,138.8799999999992,True,True,complete,63.10873915943963,64.42895989123045,25,19.38846421125782,0.0,-0.8803913596565465,0.02422975010411191,-0.011272727272886925,-0.007907322929114755,0.000382658265824497,0,0
a48640d9,2087,6586,2054,4532,68.81263285757669,13871.0,13870.0,12509.75,12512.71,2.959999999999127,2.959999999999127,4531.0,0.0006532774222024116,True,False,True,11817.0,18402.0,1.0,True,3008077.79,3011849.01,1068601.98,1073442.93,-10538.88,-9549.16,11705.95,12748.95,1043.0,29.71,233.85,0.5,True,11718.31,12537.15,818.8400000000001,12509.75,12537.15,12.359999999998763,211.8000000000011,803.7999999999993,211.8000000000011,True,True,complete,12.587306407531127,13.879082082965578,6,48.15524676569238,0.0,-0.9769766135817828,-0.12418869987959495,-0.0077575757577494995,-0.022039375750340078,-0.022003780378051053,0,0
a4cdbb0f,1391,6759,1555,5204,76.99363811214677,12064.0,12063.0,10964.9,10959.990000000002,-4.9099999999980355,4.9099999999980355,5203.0,-0.0009436863348064647,True,False,True,10509.0,17267.0,1.0,True,2885248.13,2889916.52,1026393.02,1030936.59,-8922.27,-8408.0,10415.63,11110.62,694.9900000000016,38.67,204.21,0.5,True,10427.84,10985.85,558.0100000000002,10944.44,10985.85,12.210000000000946,124.77000000000044,528.8100000000013,124.77000000000044,True,True,complete,4.1278295605858855,3.7855495772482706,4,13.87491013659238,0.0,-0.6935974850351334,-0.09372603419828836,-0.006181818181752424,-0.007246098439386707,-0.023290009000904475,0,0
a4f989c2,1503,7024,1639,5385,76.66571753986332,12133.0,12132.0,11170.570000000002,11161.95,-8.6200000000008,8.6200000000008,5384.0,-0.0016010401188708767,True,False,True,10494.0,17517.0,1.0,True,2971708.16,2976193.14,1091208.26,1096142.24,-9067.87,-8266.8,10560.53,11311.5,750.9699999999993,33.05,256.22,0.5,True,10572.9,11172.06,599.1599999999999,11150.34,11172.06,12.369999999998981,139.4400000000005,589.8099999999995,139.4400000000005,True,True,complete,4.7266514806378135,4.79108635097493,30,21.756487025948104,0.0,-0.9148904590522128,0.017112642117478833,0.02151515151518979,0.0224513805522553,0.016962016201599765,0,0
a5aa7973,2013,6449,1833,4616,71.57698868041557,12113.0,12112.0,10953.87,10931.56,-22.31000000000131,22.31000000000131,4615.0,-0.004834236186349147,True,False,True,10280.0,16728.0,1.0,True,3006699.28,3008073.0,1128542.81,1134238.77,-9032.15,-8217.83,10116.45,11122.45,1006.0,38.91,273.82,0.5,True,10128.56,10966.38,837.8199999999997,10930.93,10966.38,12.109999999998763,156.07000000000153,814.4799999999996,156.07000000000153,True,True,complete,35.36982477903551,40.164644714038126,13,44.013909587680075,0.0,-0.9000436316909047,-0.5629773611944026,0.003999999999954055,0.00695030012002904,0.012450285028502001,0,0
a5e6f7dc,1697,7331,1682,5649,77.0563361069431,12258.0,12257.0,11402.85,11389.65,-13.200000000000728,13.200000000000728,5648.0,-0.002337110481586531,True,False,True,10576.0,17906.0,1.0,True,2990776.8,2993366.26,1106714.43,1113046.88,-9291.94,-8270.48,10689.87,11537.41,847.539999999999,28.58,224.14,0.5,True,10702.26,11406.63,704.369999999999,11386.04,11406.02,12.389999999999418,130.78000000000065,696.1700000000001,131.38999999999942,True,True,complete,51.22084299549857,51.86758718357232,13,28.81555686505598,0.0,-0.8680000794872473,-0.2893353890506389,-0.013454545454676477,-0.0056465786314771485,-0.010487368736874676,0,0
a612d5a0,1811,7160,1831,5329,74.42737430167597,12133.0,12132.0,11145.740000000002,11161.67,15.929999999998472,15.929999999998472,5328.0,0.002989864864864578,True,False,True,10302.0,17461.0,1.0,True,2971168.74,2975577.07,1090675.05,1095635.12,-9052.3,-8051.65,10406.55,11311.5,904.9500000000007,33.05,256.22,0.5,True,10418.89,11173.11,754.2200000000012,11145.78,11173.11,12.340000000000146,138.38999999999942,739.2300000000014,138.38999999999942,True,True,complete,4.581005586592179,4.710076937511729,8,35.06350082827167,0.0,-0.9683706363543849,-0.26136303838872577,0.03672727272720237,0.03528595438183301,0.03449150915089833,0,0
a622ce4d,1519,8047,1749,6298,78.26519199701752,12411.0,12410.0,11393.240000000002,11399.71,6.469999999997526,6.469999999997526,6297.0,0.0010274734000313684,True,False,True,10662.0,18708.0,1.0,True,2994094.67,2996830.21,1107637.9,1114761.56,-9398.95,-8409.92,10778.84,11537.41,758.5699999999997,28.58,224.14,0.5,True,10791.14,11422.72,631.5799999999999,11393.240000000002,11422.72,12.299999999999272,114.69000000000051,614.4000000000015,114.69000000000051,True,True,complete,43.3950540574127,44.93489996824388,14,20.473996050032916,0.0,-0.8249260631376418,-0.23221139242032404,0.0009696969700450994,-0.0002266506602533086,-0.0019491749174874089,0,0
a645da9a,3615,6766,1613,5153,76.16021282885013,12857.0,12856.0,12022.35,12013.91,-8.44000000000051,8.44000000000051,5152.0,-0.001638198757764074,True,False,True,11244.0,18009.0,1.0,True,3016000.03,3020052.95,1109217.39,1113989.32,-10122.18,-9108.02,11253.45,12156.95,903.5,27.79,203.62,0.25,True,11265.93,12040.38,774.4499999999989,12013.87,12040.38,12.479999999999563,116.57000000000153,760.4200000000001,116.57000000000153,True,True,complete,17.632279042270174,19.619639045216378,8,34.77178423236514,0.0,-0.8939510899098477,0.029855811521485035,0.007575757576117622,0.0011587034813358374,-0.003410141014109407,0,0
a692b17e,2075,5409,1843,3566,65.92715843963765,12136.0,12135.0,11174.29,11177.19,2.899999999999636,2.899999999999636,3565.0,0.0008134642356240213,True,False,True,10293.0,15701.0,1.0,True,2907361.94,2910511.38,1039642.6,1043357.75,-9055.7,-8236.86,10329.45,11366.45,1037.0,22.82,168.04,0.5,True,10341.820000000002,11201.46,859.6399999999976,11167.08,11201.46,12.3700000000008,164.9900000000016,837.6299999999992,164.9900000000016,True,True,complete,59.696801626918095,59.75883342680874,14,41.78313253012048,0.0,-0.9718536180764049,-0.4122299323549446,-0.05000000000006739,-0.04898343337338171,-0.03204488448845277,0,0
a6b8ac67,1908,7017,1564,5453,77.71127262362833,13679.0,13678.0,12752.41,12766.73,14.319999999999709,14.319999999999709,5452.0,0.002626559060895031,True,False,True,12115.0,19131.0,1.0,True,2945130.09,2948241.26,1014995.97,1020724.85,-10682.33,-9998.23,12028.45,12981.95,953.5,28.29,176.98999999999998,0.5,True,12040.55,12773.51,732.960000000001,12743.1,12773.51,12.099999999998545,208.4400000000005,714.6499999999996,208.4400000000005,True,True,complete,7.154054439219039,7.37208875848157,10,41.56184486373166,0.0,-0.6780448293300032,-0.3151475322377413,0.003696969697518416,-0.00025786314527757854,0.00021182118213275804,0,0
a6ed2eff,2158,7054,1779,5275,74.78026651545223,12611.0,12610.0,11314.65,11326.69,12.040000000000873,12.040000000000873,5274.0,0.002282897231702858,True,False,True,10832.0,17885.0,1.0,True,3009972.33,3010167.38,1116300.9,1122813.69,-9484.76,-8716.29,10459.44,11537.41,1077.9699999999993,28.58,224.14,0.5,True,10471.67,11335.85,864.1800000000003,11301.570000000002,11335.85,12.229999999999563,201.5599999999995,842.130000000001,201.5599999999995,True,True,complete,52.15480578395236,56.246445497630326,21,44.02224281742354,0.0,-0.9295464961048744,-0.6766980248248265,-0.0009696969697534748,-0.0008782713085343021,-0.004418961896196822,0,0
a6f967fb,2757,7032,2362,4670,66.41069397042094,14001.0,14000.0,12677.94,12666.91,-11.030000000000655,11.030000000000655,4669.0,-0.0023623902334548416,True,False,True,11639.0,18670.0,1.0,True,3033561.26,3038098.05,1090989.92,1095373.82,-10787.42,-9572.76,11496.88,12874.68,1377.800000000001,27.93,198.11,0.5,True,11508.97,12685.43,1176.460000000001,12656.06,12677.91,12.090000000000146,189.25,1159.1800000000003,196.77000000000044,True,True,complete,3.996018202502844,4.197002141327623,3,58.10663764961915,0.0,-0.9902649870600324,-0.3476612145461489,-0.02999999999985192,-0.030424969988025536,-0.024411641164105907,0,0
a76db406,1919,6451,1779,4672,72.42288017361649,12009.0,12008.0,10770.320000000002,10785.740000000002,15.420000000000073,15.420000000000073,4671.0,0.0033012202954399643,True,False,True,10230.0,16680.0,1.0,True,2944751.5,2948631.74,1064783.23,1069258.74,-8928.74,-8063.469999999999,9922.67,10881.6,958.9300000000003,26.08,177.98999999999998,0.5,True,9935.17,10788.36,853.1900000000005,10770.19,10785.740000000002,12.5,93.23999999999978,847.5200000000004,95.85999999999876,True,True,complete,1.1626104479925592,1.2414383561643836,1,45.85721730067744,0.0,-0.9592478014390899,-0.005408347633995165,-0.011757575757269966,-0.018751500600296945,-0.01589636963696005,0,0
a7744f5b,1675,6017,1640,4377,72.74389230513545,12185.0,12184.0,11196.51,11217.28,20.770000000000437,20.770000000000437,4376.0,0.004746343692870301,True,False,True,10545.0,16561.0,1.0,True,2906749.56,2910459.07,1030596.36,1034718.83,-9362.61,-8510.12,10529.45,11366.45,837.0,22.82,168.04,0.5,True,10541.81,11225.91,684.1000000000004,11196.26,11225.91,12.359999999998763,140.54000000000087,666.8099999999995,140.54000000000087,True,True,complete,15.755359813860728,16.860863605209047,6,27.880597014925375,0.0,-0.959349076930432,-0.2133590106353933,-0.009999999999738501,-0.0141939975990368,-0.020410021002102915,0,0
a783cc24,1167,3275,1386,1889,57.6793893129771,11727.0,11726.0,10769.72,10713.94,-55.779999999998836,55.779999999998836,1888.0,-0.029544491525423114,True,False,True,10341.0,13615.0,1.0,True,2938430.18,2940194.94,1066362.32,1068831.37,-8718.09,-8193.64,10298.65,10881.6,582.9500000000007,26.08,142.61999999999998,0.5,True,10310.89,10778.33,467.4400000000005,10713.94,10769.69,12.239999999999782,103.27000000000044,415.2900000000009,111.90999999999985,True,True,complete,10.351145038167939,11.646373742721018,5,10.968294772922023,0.0,-0.9677886731351826,0.04088038643291136,-0.02327272727259212,-0.021090516206446072,-0.02097869786978119,0,0
a79fd2e7,4227,6327,1923,4404,69.60644855381697,13023.0,13022.0,11964.67,11963.98,-0.6900000000005093,0.6900000000005093,4403.0,-0.00015671133318203708,True,False,True,11100.0,17426.0,1.0,True,3007934.43,3008003.58,1104742.52,1110455.89,-9830.19,-8957.72,11100.45,12156.95,1056.5,27.79,203.62,0.25,True,11112.9,11976.59,863.6900000000005,11943.39,11970.94,12.449999999998909,180.36000000000058,842.9399999999987,186.01000000000022,True,True,complete,45.34534534534534,52.497729336966394,35,44.215755855216464,0.0,-0.9327644424194699,-0.6354422045078506,0.01515151515078318,0.013981752701049515,-6.41464146485189e-05,0,0
a7fc3e6b,3641,6378,1614,4764,74.69426152398871,11805.0,11804.0,10947.85,10952.29,4.440000000000509,4.440000000000509,4763.0,0.000932185597312725,True,False,True,10191.0,16568.0,1.0,True,2949735.29,2953626.81,1069198.78,1073678.1,-9007.83,-8033.610000000001,10226.45,11136.45,910.0,24.82,207.12,0.25,True,10238.88,10980.9,742.0200000000004,10947.87,10980.9,12.429999999998472,155.5500000000011,721.4200000000001,155.5500000000011,True,True,complete,60.69300721229225,63.413098236775824,19,37.352375720955784,0.0,-0.9446815497328681,-0.28410889204270706,0.01254545454570701,0.010199279711884317,0.0057900390039091415,0,0
a85bb86f,2239,5100,2001,3099,60.76470588235294,12114.0,12113.0,11142.83,11141.97,-0.8600000000005821,0.8600000000005821,3098.0,-0.0002775984506134868,True,False,True,10113.0,15212.0,1.0,True,2916536.63,2919544.44,1046991.09,1050304.94,-9000.14,-8061.469999999999,10232.38,11350.94,1118.5600000000013,45.46,226.9,0.5,True,10244.93,11161.09,916.1599999999999,11141.96,11161.09,12.550000000001091,189.85000000000036,909.5799999999999,189.85000000000036,True,True,complete,15.03921568627451,14.746692481445628,5,47.20857525681107,0.0,-0.9831691723994506,-0.5490574265908825,-0.011818181818320457,-0.01407827130855028,-0.010405160516047587,0,0
a85e4bc3,7035,5993,1412,4581,76.43917904221593,11087.0,11086.0,10083.11,10084.2,1.0900000000001455,1.0900000000001455,4580.0,0.00023799126637557763,True,False,True,9675.0,15667.0,1.0,True,2860284.47,2863888.38,1037514.04,1041789.53,-8245.15,-7433.18,9533.45,10236.85,703.3999999999996,23.12,193.59,0.1000000000003638,True,9545.96,10093.820000000002,547.8600000000024,10062.7,10093.820000000002,12.5099999999984,143.02999999999884,529.25,143.02999999999884,True,True,complete,48.82362756549308,49.770792403405366,9,9.893390191897655,0.0,-0.8874179405330644,0.10414639106364172,-0.021454545454776167,-0.018694357743112205,-0.008425382538253088,0,0
a87433c9,864,7460,1739,5721,76.68900804289545,12818.0,12817.0,11899.42,11898.55,-0.8700000000008004,0.8700000000008004,5720.0,-0.000152097902098042,True,False,True,11079.0,18538.0,1.0,True,3003124.9,3005505.08,1096995.95,1103422.43,-9946.75,-8921.07,11054.45,11917.45,863.0,27.0,143.39,1.0,True,11066.45,11907.0,840.5499999999993,11879.36,11900.2,12.0,10.450000000000728,824.9099999999999,17.25,True,True,complete,54.182305630026804,58.13668938996679,18,45.254629629629626,0.0,-0.9593879637142606,-0.11105293994942234,0.00999999999988193,0.010453301320513017,0.01549624962495822,0,0
a8ed028a,1878,7310,1772,5538,75.75923392612859,13962.0,13961.0,12822.85,12839.01,16.159999999999854,16.159999999999854,5537.0,0.0029185479501534863,True,False,True,12190.0,19499.0,1.0,True,3031843.77,3036767.46,1089014.61,1093681.65,-10793.03,-10040.55,12048.95,12987.45,938.5,21.06,214.25,0.5,True,12061.12,12859.44,798.3199999999997,12822.55,12859.44,12.170000000000073,128.01000000000022,773.5999999999985,128.01000000000022,True,True,complete,4.555403556771545,4.749006861682918,3,56.81576144834931,16.666666666666664,-0.9492409937655538,-0.28803446841266306,0.000545454545836934,0.0024941176470673313,0.004081788178813938,0,0
a959858c,5482,5770,1366,4404,76.32582322357018,12442.0,12441.0,12133.85,12223.59,89.73999999999978,89.73999999999978,4403.0,0.0203815580286168,True,False,True,11076.0,16845.0,1.0,True,3018828.51,3022159.44,1105062.43,1108762.53,-10344.44,-8932.61,10955.91,12325.65,1369.7399999999998,26.38,179.08999999999995,0.25,True,10968.21,12224.91,1256.7000000000007,12134.38,12224.91,12.299999999999272,100.73999999999978,1178.4699999999993,100.73999999999978,True,True,complete,56.25649913344888,61.398728428701176,22,58.42758117475374,0.0,-0.9859289563338693,-0.3130202268085286,0.5385454545458019,0.5710761104441457,0.5884178817881826,0,0
a9c9b150,1990,5826,1840,3986,68.41743906625472,12290.0,12289.0,11158.3,11159.09,0.7900000000008731,0.7900000000008731,3985.0,0.00019824341279821157,True,False,True,10450.0,16275.0,1.0,True,2983316.92,2986392.93,1108414.75,1112724.98,-8982.23,-8212.6,10317.05,11311.5,994.4500000000007,33.05,256.22,0.5,True,10329.26,11162.18,832.9200000000001,11156.5,11162.18,12.210000000000946,149.3199999999997,839.4500000000007,149.3199999999997,True,True,complete,50.205973223480946,54.74159558454591,15,40.904522613065325,0.0,-0.9195194041210782,-0.27996866090115735,-0.003454545454958103,-0.0013690276110443474,-1.7161716179128758e-05,0,0
aa95015b,1610,5761,1461,4300,74.63981947578546,12207.0,12206.0,11344.81,11354.94,10.130000000001019,10.130000000001019,4299.0,0.002356361944638525,True,False,True,10746.0,16506.0,1.0,True,3000982.82,3001661.69,1111797.5,1117073.58,-9373.95,-8554.16,10733.36,11537.41,804.0499999999993,28.58,224.14,0.5,True,10745.820000000002,11366.19,620.369999999999,11340.570000000002,11366.19,12.460000000000946,171.21999999999935,607.210000000001,171.21999999999935,True,True,complete,33.27547300815831,34.44186046511628,7,24.96894409937888,0.0,-0.9380096501450286,-0.06652600304344114,-0.028484848484576993,-0.029403121248530156,-0.029983858385832816,0,0
aaaf3c03,1993,4728,1731,2997,63.388324873096444,12635.0,12634.0,11995.84,11999.75,3.9099999999998545,3.9099999999998545,2996.0,0.001305073431241607,True,False,True,10904.0,15631.0,1.0,True,2907044.86,2911133.21,1016439.08,1017519.95,-9650.77,-8930.02,11206.95,12202.95,996.0,18.53,317.9,0.5,True,11219.3,12020.37,801.0700000000015,11972.22,12020.37,12.349999999998545,182.57999999999993,765.2699999999986,182.57999999999993,True,True,complete,6.006768189509306,5.538872205538873,3,0.0,0.0,-0.9637004038695377,-0.3709727606154593,-0.03127272727268601,-0.006989675870312293,-0.005369216921698722,0,0
aaeffccb,2109,4586,1874,2712,59.13650239860445,13218.0,13217.0,12212.01,12219.37,7.360000000000582,7.360000000000582,2711.0,0.0027148653633347775,True,False,True,11344.0,15929.0,1.0,True,3006728.62,3009234.79,1088068.88,1091128.39,-10113.08,-9129.61,11312.95,12366.95,1054.0,31.86,215.44,0.5,True,11325.46,12219.37,893.9100000000017,12204.78,12219.37,12.5099999999984,147.57999999999993,891.8299999999999,147.57999999999993,True,True,complete,54.339293501962494,60.84070796460177,206,51.446183025130395,0.0,-0.9953287930008616,-0.07509473797956573,-0.019999999999393423,-0.01491044417769384,-0.01006618661866072,0,0
ab112491,2185,7178,1993,5185,72.23460573976038,13129.0,13128.0,12276.5,12306.27,29.770000000000437,29.770000000000437,5184.0,0.005742669753086504,True,False,True,11136.0,18313.0,1.0,True,2997005.93,2999370.03,1085295.7,1091387.06,-9908.71,-8916.61,11274.95,12366.95,1092.0,31.86,215.44,0.5,True,11287.43,12319.27,1031.8400000000001,12275.69,12319.27,12.479999999999563,47.68000000000029,1000.7399999999998,47.68000000000029,True,True,complete,4.583449428810254,4.223722275795564,5,53.13501144164759,0.0,-0.9619563337965751,-0.20195178152190432,0.013757575757549882,0.013193757503012776,-0.0004057605760706352,0,0
ab18d3fc,1661,7337,1643,5694,77.60665121984462,13219.0,13218.0,12282.02,12255.92,-26.100000000000364,26.100000000000364,5693.0,-0.004584577551378951,True,False,True,11576.0,18912.0,1.0,True,3008680.38,3013143.27,1086936.22,1092108.81,-10307.0,-9376.94,11536.95,12366.95,830.0,31.86,215.44,0.5,True,11549.25,12292.990000000002,743.7400000000016,12255.92,12292.990000000002,12.299999999999272,73.95999999999913,718.9699999999993,73.95999999999913,True,True,complete,29.4534550906365,31.383912890762204,11,38.35039133052378,0.0,-0.9326985572923747,-0.17908158180542877,0.05569696969724412,0.058583433373326964,0.0570497449744964,0,0
ab3ced07,1849,6008,1758,4250,70.73901464713715,13379.0,13378.0,12222.14,12225.3,3.1599999999998545,3.1599999999998545,4249.0,0.0007437044010355035,True,False,True,11621.0,17628.0,1.0,True,3011112.8,3012978.88,1093752.02,1098820.23,-10214.69,-9406.72,11442.95,12366.95,924.0,31.86,215.44,0.5,True,11455.27,12250.08,794.8099999999995,12202.1,12228.59,12.319999999999709,116.8700000000008,759.1499999999996,138.36000000000058,True,True,complete,43.641810918774965,49.10588235294118,30,44.61871281773932,0.0,-0.9620389241177348,-0.09655775081213665,0.01575757575767149,0.019239375750365214,0.0024415241524081976,0,0
ab6fe95d,10043,7424,1933,5491,73.96282327586206,11268.0,11267.0,10065.52,10073.45,7.930000000000291,7.930000000000291,5490.0,0.0014444444444444975,True,False,True,9335.0,16758.0,1.0,True,2855426.45,2859764.17,1040445.08,1045764.8,-7984.75,-7174.219999999999,9232.65,10236.85,1004.2000000000007,23.12,213.7,0.1000000000003638,True,9245.19,10083.17,837.9799999999996,10058.52,10083.17,12.540000000000873,153.6800000000003,825.8700000000008,153.6800000000003,True,True,complete,23.626077586206897,25.040976142779094,162,36.88140993726974,0.0,-0.8833178397970826,-0.08433579475708772,0.007454545454787487,0.009831932773115028,0.013902130213025624,0,0
ab94878e,3918,7652,1648,6004,78.46314688970205,12065.0,12064.0,11172.76,11176.92,4.1599999999998545,4.1599999999998545,6003.0,0.0006929868399133524,True,False,True,10417.0,18068.0,1.0,True,2935373.71,2939991.51,1058906.07,1064342.17,-8996.58,-8268.69,10353.81,11331.96,978.1499999999996,22.58,196.86,0.25,True,10366.15,11189.6,823.4500000000007,11167.76,11189.6,12.340000000000146,142.35999999999876,813.9500000000007,142.35999999999876,True,True,complete,4.44328280188186,4.097268487674883,6,39.101582440020415,0.0,-0.6981879080267406,-0.22295252192715415,0.029999999999980743,0.02531716686671644,0.036185898589856755,0,0
abf460d2,1739,4763,1546,3217,67.54146546294353,13137.0,13136.0,12086.87,12109.27,22.399999999999636,22.399999999999636,3216.0,0.00696517412935312,True,False,True,11591.0,16353.0,1.0,True,3005705.47,3008754.34,1087358.49,1090564.82,-9967.18,-9397.97,11497.95,12366.95,869.0,31.86,215.44,0.5,True,11510.05,12109.27,599.2200000000012,12083.27,12109.27,12.099999999998545,257.6800000000003,585.3199999999997,257.6800000000003,True,True,complete,51.20722233886206,58.25303077401306,21,41.11558366877516,0.0,-0.9546919375641051,-0.8516125703163029,-0.013696969696882196,-0.021336374549860225,-0.02338565856586126,0,0
ac6f01d5,1886,6729,1725,5004,74.36469014712439,13362.0,13361.0,12523.62,12508.48,-15.140000000001237,15.140000000001237,5003.0,-0.0030261842894265915,True,False,True,11637.0,18365.0,1.0,True,3014802.7,3017149.91,1088262.26,1093945.23,-10435.41,-9506.46,11710.59,12652.570000000002,941.9800000000014,29.83,189.64,0.5,True,11722.96,12532.52,809.5600000000013,12499.83,12532.52,12.369999999998981,120.05000000000109,789.2399999999998,120.05000000000109,True,True,complete,2.4074899687917966,2.697841726618705,3,43.213149522799576,0.0,-0.9650469929173527,-0.2493629010429752,0.05757575757602573,0.055596638655434925,0.054048544854489095,0,0
ad2133a8,1700,7187,1458,5729,79.71337136496453,13248.0,13247.0,12070.21,12076.59,6.380000000001019,6.380000000001019,5728.0,0.001113826815642636,True,False,True,11790.0,18976.0,1.0,True,2921251.35,2925288.47,1016348.98,1021950.49,-10248.75,-9712.59,11353.45,12202.95,849.5,18.53,317.9,0.5,True,11366.0,12076.59,710.5900000000001,12027.96,12076.59,12.549999999999272,126.36000000000058,674.5099999999984,126.36000000000058,True,True,complete,27.674968693474327,28.71356257636586,9,0.0,0.0,-0.7988754586611205,-0.24373075626753443,-0.02654545454594747,-0.02676062424967443,-0.029111731173113227,0,0
add9c322,1599,5519,1587,3932,71.24479072295705,12059.0,12058.0,10887.54,10879.64,-7.900000000001455,7.900000000001455,3931.0,-0.0020096667514631025,True,False,True,10472.0,15990.0,1.0,True,2990145.26,2990450.1,1114860.88,1120028.89,-8865.03,-8244.13,10222.33,11021.27,798.9400000000005,30.96,207.46,0.5,True,10234.44,10888.42,653.9799999999996,10864.8,10887.47,12.110000000000582,132.85000000000036,642.4699999999993,133.8000000000011,True,True,complete,55.02808479797064,58.46897253306206,19,27.392120075046904,0.0,-0.9128217090867573,-0.2797605340497769,-0.06557575757602482,0.010848979591838333,-0.0022017401740306204,0,0
ae069086,4459,6741,1971,4770,70.76101468624833,12216.0,12215.0,11205.75,11197.1,-8.649999999999636,8.649999999999636,4769.0,-0.0018137974418116242,True,False,True,10245.0,16985.0,1.0,True,2933767.76,2937826.52,1056905.89,1061500.26,-9038.15,-8134.35,10218.740000000002,11331.96,1113.2199999999975,22.58,196.86,0.25,True,10231.08,11214.76,983.6800000000003,11176.6,11214.76,12.339999999998327,117.19999999999891,957.8599999999988,117.19999999999891,True,True,complete,0.6527221480492509,0.670859538784067,2,46.490244449428126,0.0,-0.8935787001177706,-0.6079459434175162,0.025393939393957694,0.10731812725087762,0.05266930693068408,0,0
ae0784a8,1272,9171,1348,7823,85.30149383927598,13085.0,13084.0,12067.03,12076.9,9.869999999998981,9.869999999998981,7822.0,0.0012618256200458938,True,False,True,11737.0,20907.0,1.0,True,2990936.6,2994200.09,1063397.47,1071772.55,-10163.31,-9448.97,11643.95,12279.45,635.5,30.84,157.13,0.5,True,11656.21,12091.29,435.08000000000175,12066.35,12091.29,12.2599999999984,188.15999999999985,422.39999999999964,188.15999999999985,True,True,complete,53.50561552720532,57.4715582257446,42,14.072327044025156,0.0,-0.7762933216312864,0.10205262052206704,-0.01369696969708864,-0.01723313325329952,-0.016078007800776128,0,0
ae35f33a,2498,6469,2019,4450,68.78961199567166,13760.0,13759.0,12679.47,12667.44,-12.029999999998836,12.029999999998836,4449.0,-0.002703978422117068,True,False,True,11741.0,18209.0,1.0,True,2944612.09,2946059.77,1009281.48,1014904.45,-10835.38,-9681.88,11733.45,12981.95,1248.5,28.29,176.98999999999998,0.5,True,11745.65,12687.87,942.2200000000012,12667.44,12687.87,12.199999999998909,294.0799999999999,933.9899999999998,294.0799999999999,True,True,complete,30.19013757922399,25.415730337078653,17,55.36429143314652,0.0,-0.9747170549460779,-0.7195183539819616,0.004242424241952252,0.003751740696241447,0.003967116711659515,0,0
ae8959c3,2341,6645,2127,4518,67.99097065462753,11960.0,11959.0,10869.47,10903.67,34.20000000000073,34.20000000000073,4517.0,0.007571396944875078,True,False,True,9833.0,16477.0,1.0,True,2993749.14,2998178.66,1127575.91,1131614.35,-8733.82,-7734.69,9786.61,10956.570000000002,1169.960000000001,22.9,177.14999999999998,0.5,True,9798.98,10903.67,1104.6900000000005,10869.46,10903.67,12.369999999998981,52.900000000001455,1082.8499999999985,52.900000000001455,True,True,complete,7.735139202407826,6.905710491367861,11,49.893208030756085,0.0,-0.888608116329088,-0.11940082263043775,-0.0030303030308067706,-0.007134693877519128,-0.009483648364840409,0,0
aed44918,1126,4020,1301,2719,67.636815920398,13569.0,13568.0,12770.94,12772.3,1.359999999998763,1.359999999998763,2718.0,0.0005003679175860056,True,False,True,12268.0,16287.0,1.0,True,3000065.39,3002416.66,1066033.56,1069149.49,-10297.09,-9987.66,12429.070000000002,12991.53,562.4599999999991,30.87,157.16,0.5,True,12440.89,12787.23,346.34000000000015,12770.95,12787.23,11.81999999999789,204.3000000000011,341.8799999999992,204.3000000000011,True,True,complete,65.74626865671642,70.06252298639205,16,7.104795737122557,0.0,-0.7587171703230894,0.1795011324979953,0.009999999999754936,0.007361344537843284,-0.0011557755775630466,0,0
aee6393a,1043,7146,1281,5865,82.07388748950461,12011.0,12010.0,11003.59,11002.87,-0.7199999999993452,0.7199999999993452,5864.0,-0.00012278308321953362,True,False,True,10730.0,17875.0,1.0,True,2918100.14,2923179.74,1041380.29,1046080.67,-9230.86,-8694.92,10624.34,11145.28,520.9400000000005,23.41,153.88,0.5,True,10636.68,11016.83,380.14999999999964,11002.79,11016.83,12.340000000000146,128.45000000000073,378.4500000000007,128.45000000000073,True,True,complete,48.86649874055416,48.54219948849105,12,0.0,0.0,-0.8619833313862312,0.13089773190033055,-0.0018181818183556945,-0.003722448979574965,-0.0019455745574762278,0,0
af7a59ce,1058,4330,1306,3024,69.83833718244804,12202.0,12201.0,11315.72,11319.96,4.239999999999782,4.239999999999782,3023.0,0.0014025802183260938,True,False,True,10896.0,15225.0,1.0,True,2902974.38,2905666.45,1023254.71,1026253.75,-9399.66,-8807.36,10843.95,11372.45,528.5,29.9,231.0,0.5,True,10856.4,11319.96,463.5599999999995,11308.79,11319.96,12.449999999998909,52.4900000000016,464.84000000000015,52.4900000000016,True,True,complete,25.75057736720554,28.57142857142857,7,7.372400756143667,0.0,-0.9567109730298168,0.029634775821669776,0.003272727272288415,-0.0012067226891038182,-0.002772997299725472,0,0
aff4e561,1856,7723,1697,6026,78.02667357244594,11937.0,11936.0,10940.68,10960.19,19.51000000000022,19.51000000000022,6025.0,0.0032381742738589576,True,False,True,10240.0,17962.0,1.0,True,2879318.37,2884119.46,1020238.6,1025663.55,-8865.94,-8162.0,10183.13,11110.62,927.4900000000016,38.67,221.13,0.5,True,10195.4,10961.72,766.3199999999997,10940.72,10961.72,12.270000000000437,148.90000000000146,757.5900000000001,148.90000000000146,True,True,complete,34.41667745694678,35.4629936939927,10,35.452586206896555,0.0,-0.9312062891310151,-0.35844514540678457,0.04181818181804437,0.04183337334934436,0.04191221122112298,0,0
b04b58a3,1536,5229,1827,3402,65.06024096385542,11960.0,11959.0,10750.64,10745.86,-4.779999999998836,4.779999999998836,3401.0,-0.0014054689797115072,True,False,True,10133.0,15361.0,1.0,True,2942314.58,2945499.16,1069938.83,1073606.38,-8754.46,-7935.879999999999,10114.16,10881.6,767.4400000000005,26.08,142.61999999999998,0.5,True,10126.66,10772.84,646.1800000000003,10741.4,10772.84,12.5,108.76000000000022,627.2399999999998,108.76000000000022,True,True,complete,5.4886211512717535,4.879482657260435,4,32.35677083333333,0.0,-0.950210591034819,-0.3263629817390779,-0.017515151515353967,-0.008642016806713185,-0.0030523852385132455,0,0
b0d42b0d,1463,6357,1386,4971,78.19726285983954,12144.0,12143.0,11065.59,11059.11,-6.479999999999563,6.479999999999563,4970.0,-0.0013038229376256666,True,False,True,10758.0,17114.0,1.0,True,2981333.15,2985372.95,1106358.01,1110988.08,-8939.21,-8499.17,10580.53,11311.5,730.9699999999993,33.05,256.22,0.5,True,10592.89,11092.04,499.15000000000146,11059.11,11092.04,12.359999999998763,219.45999999999913,478.5799999999999,219.45999999999913,True,True,complete,53.38996381941167,56.08529470931403,20,19.617224880382775,0.0,-0.5353879906385282,-0.4480831028832285,0.029393939394208216,0.03508139255704047,0.034419381938194646,0,0
b0f53bf4,1035,4202,1447,2755,65.56401713469776,13110.0,13109.0,12216.87,12216.8,-0.07000000000152795,0.07000000000152795,2754.0,-2.541757443773709e-05,True,False,True,11663.0,15864.0,1.0,True,2997137.75,2999945.15,1090240.89,1093168.61,-9778.69,-9410.08,11849.95,12366.95,517.0,31.86,215.44,0.5,True,11862.35,12224.22,361.869999999999,12198.2,12216.88,12.399999999999636,142.73000000000138,348.25,150.07000000000153,True,True,complete,27.439314612089483,27.54990925589837,36,1.0628019323671498,0.0,-0.8074744501651516,0.31385113412008675,0.0029696969704294473,0.009909723889590775,0.009285508550859679,0,0
b19b0395,1381,7196,1383,5813,80.780989438577,12081.0,12080.0,11199.23,11184.87,-14.359999999998763,14.359999999998763,5812.0,-0.0024707501720575985,True,False,True,10698.0,17893.0,1.0,True,2898632.78,2903295.67,1019673.24,1024767.78,-9272.58,-8656.3,10676.45,11366.45,690.0,22.82,168.04,0.5,True,10688.87,11209.28,520.4099999999999,11183.47,11209.28,12.420000000000073,157.17000000000007,507.0199999999986,157.17000000000007,True,True,complete,3.9744302390216784,3.7674178565284704,2,12.527154236060825,0.0,-0.9276721063678045,-0.0018135072910326268,-0.03430303030318087,-0.04021368547417614,-0.044205520552051424,0,0
b1efb8a4,3113,7562,1564,5998,79.31764083575774,13221.0,13220.0,12015.570000000002,12017.990000000002,2.4200000000000728,2.4200000000000728,5997.0,0.00040353510088378733,True,False,True,11657.0,19218.0,1.0,True,3004937.11,3007511.38,1097418.59,1104153.63,-9976.55,-9389.84,11378.95,12156.95,778.0,27.79,203.62,0.25,True,11391.35,12032.56,641.2099999999991,12013.18,12032.56,12.399999999999636,124.39000000000124,634.2299999999996,124.39000000000124,True,True,complete,4.972229568897117,5.1683894631543845,4,24.253132026983618,0.0,-0.8053265458562182,0.10549778609955494,-0.018727272727243,-0.02173397358941456,-0.019448664866489076,0,0
b32902c0,1917,5737,1929,3808,66.3761547847307,12249.0,12248.0,10919.4,10941.35,21.950000000000728,21.950000000000728,3807.0,0.005765694772787162,True,False,True,10320.0,16056.0,1.0,True,2989790.33,2990121.22,1114840.39,1120030.96,-8922.76,-8102.030000000001,10063.34,11021.27,957.9300000000003,30.96,207.46,0.5,True,10075.52,10941.35,865.8299999999999,10913.42,10941.35,12.180000000000291,79.92000000000007,850.0799999999999,79.92000000000007,True,True,complete,48.42252048108768,54.28046218487395,15,39.436619718309856,0.0,-0.9389812238222414,-0.36209967762770806,0.0033939393937978575,0.008617527010828015,0.009023342334237598,0,0
b32e4903,1889,7420,1650,5770,77.76280323450135,12247.0,12246.0,11184.37,11197.66,13.289999999999054,13.289999999999054,5769.0,0.0023036921476857434,True,False,True,10597.0,18016.0,1.0,True,2899603.31,2904181.88,1026696.68,1031898.09,-9258.88,-8558.88,10422.45,11366.45,944.0,22.82,168.04,0.5,True,10434.85,11197.66,762.8099999999995,11175.2,11197.66,12.399999999999636,168.79000000000087,752.75,168.79000000000087,True,True,complete,6.212938005390836,4.072790294627383,151,36.050820539968235,0.0,-0.8023908876359612,-0.08711861353931205,-0.025696969697169537,-0.022916686674650306,-0.014751635163521093,0,0
b3388334,2043,7807,1727,6080,77.87882669399258,12366.0,12365.0,11481.52,11506.240000000002,24.720000000001164,24.720000000001164,6079.0,0.004066458299062537,True,False,True,10639.0,18445.0,1.0,True,2887490.98,2889292.41,1007487.75,1014477.58,-9419.62,-8592.82,10630.45,11651.45,1021.0,24.66,211.09,0.5,True,10642.52,11506.240000000002,863.7200000000012,11448.28,11506.240000000002,12.069999999999709,145.20999999999913,817.8299999999999,145.20999999999913,True,True,complete,22.966568464198797,24.55592105263158,14,0.0,0.0,-0.8974880122123908,-0.15261929296478413,-0.006727272728084024,-1.0084033602932869e-05,0.0028257425742658636,0,0
b37fd114,1547,9786,1625,8161,83.39464541181279,12672.0,12671.0,11373.26,11391.31,18.049999999999272,18.049999999999272,8160.0,0.0022120098039214793,True,False,True,11047.0,20832.0,1.0,True,2985573.67,2989075.54,1077711.29,1086524.7,-9652.19,-8812.04,10818.95,11591.95,773.0,25.9,145.91,0.5,True,10831.23,11416.78,585.5500000000011,11363.63,11416.78,12.279999999998836,175.17000000000007,544.6799999999985,175.17000000000007,True,True,complete,8.542816268138157,8.14851121186129,11,25.016160310277957,0.0,-0.868497160494142,0.007020879444210404,-0.017515151515892557,-0.016902280912334495,-0.016137893789371513,0,0
b38e3116,3767,7954,1743,6211,78.08649735981896,13220.0,13219.0,12012.820000000002,12010.94,-1.8800000000010186,1.8800000000010186,6210.0,-0.0003027375201289885,True,False,True,11477.0,19430.0,1.0,True,3005186.52,3007816.57,1097433.4,1104371.68,-9980.33,-9221.58,11215.45,12156.95,941.5,27.79,203.62,0.25,True,11227.96,12032.6,804.6400000000012,12007.83,12032.6,12.5099999999984,124.35000000000036,792.3799999999992,124.35000000000036,True,True,complete,5.280362081971335,5.53856061825793,4,37.40376957791346,0.0,-0.9065414686427864,0.05020433920099106,0.01872727272750266,0.01541704681867666,0.01345574557456886,0,0
b4d8dd4f,1874,5909,1650,4259,72.07649348451514,11896.0,11895.0,11194.490000000002,11223.23,28.739999999997963,28.739999999997963,4258.0,0.006749647721934702,True,False,True,10246.0,16154.0,1.0,True,2913152.84,2916716.93,1045301.47,1049297.48,-9040.86,-8223.68,10414.820000000002,11350.94,936.119999999999,45.46,226.9,0.5,True,10426.98,11231.96,804.9799999999996,11177.26,11231.96,12.159999999998035,118.98000000000138,762.4399999999987,118.98000000000138,True,True,complete,11.237095955322388,9.673632308053534,11,36.926360725720386,0.0,-0.9489460885401628,-0.17692819588798936,-0.022545454545515563,-0.0205738295318406,-0.044374917491749113,0,0
b4f37e6e,1402,4499,1507,2992,66.50366748166259,12087.0,12086.0,11179.72,11213.35,33.63000000000102,33.63000000000102,2991.0,0.011243731193581083,True,False,True,10580.0,15078.0,1.0,True,2916184.23,2918845.89,1041152.92,1044345.05,-9181.67,-8500.06,10650.79,11350.94,700.1499999999996,45.46,226.9,0.5,True,10663.17,11213.35,550.1800000000003,11178.39,11213.35,12.3799999999992,137.59000000000015,527.5999999999985,137.59000000000015,True,True,complete,31.58479662147144,35.093582887700535,19,15.691868758915833,0.0,-0.9898115063019928,-0.08089299820827904,0.016727272727126406,0.012882112845134124,0.009486468646868872,0,0
b56bc0aa,2043,7431,1829,5602,75.38689274660207,12111.0,12110.0,11192.6,11192.71,0.10999999999876309,0.10999999999876309,5601.0,1.963935011582987e-05,True,False,True,10282.0,17712.0,1.0,True,2912118.81,2916436.66,1043146.99,1048358.55,-9103.55,-8211.73,10330.35,11350.94,1020.5900000000001,45.46,226.9,0.5,True,10342.5,11206.47,863.9699999999993,11191.23,11206.47,12.149999999999636,144.47000000000116,860.8799999999992,144.47000000000116,True,True,complete,20.56250841071188,22.43841485183863,10,42.143906020558006,0.0,-0.8996130015956292,-0.3735377538602307,-0.024606060606012392,-0.03307899159666554,-0.0390324632463434,0,0
b585b4fa,1824,5999,1705,4294,71.57859643273879,12165.0,12164.0,11233.570000000002,11209.06,-24.510000000002037,24.510000000002037,4293.0,-0.005709294199860712,True,False,True,10460.0,16458.0,1.0,True,2903229.94,2906803.56,1037020.6,1041150.75,-9135.27,-8359.87,10454.95,11366.45,911.5,22.82,168.04,0.5,True,10467.34,11245.8,778.4599999999991,11209.06,11245.8,12.389999999999418,120.65000000000146,754.1099999999988,120.65000000000146,True,True,complete,12.102017002833804,11.83046110852352,11,33.771929824561404,0.0,-0.9025714313623298,-0.3323017346451853,-0.018484848485079444,-0.01734693877552621,-0.015558835883605784,0,0
b5aa9634,1213,8747,1421,7326,83.75443009031667,13769.0,13768.0,12541.7,12508.3,-33.400000000001455,33.400000000001455,7325.0,-0.0045597269624575365,True,False,True,12348.0,21094.0,1.0,True,3007427.35,3010519.08,1074812.51,1082834.88,-10384.39,-10026.85,12142.95,12748.95,606.0,29.71,233.85,0.5,True,12155.27,12548.03,392.7600000000002,12508.3,12545.36,12.319999999999709,200.92000000000007,365.34999999999854,203.59000000000015,True,True,complete,4.012804390076598,4.2042042042042045,3,10.79967023907667,0.0,-0.2767619205197908,0.015571349184324214,0.017454545454201796,0.012615126050372143,0.009260066006611065,0,0
b7974e66,1433,7170,1612,5558,77.51743375174337,13233.0,13232.0,12116.19,12109.67,-6.520000000000437,6.520000000000437,5557.0,-0.0011732949433148167,True,False,True,11621.0,18790.0,1.0,True,2987307.08,2987450.1,1065130.66,1071973.54,-9968.97,-9432.08,11563.45,12279.45,716.0,30.84,157.13,0.5,True,11575.98,12128.3,552.3199999999997,12108.77,12127.92,12.529999999998836,151.15000000000146,545.3199999999997,151.53000000000065,True,True,complete,49.735006973500695,52.734796689456644,21,23.726448011165388,0.0,-0.8034138602809936,-0.16407724834540624,-0.02169696969714772,-0.030533493397351934,-0.033206420642075365,0,0
b7cdcecb,1490,7620,1452,6168,80.94488188976378,11933.0,11932.0,10956.66,10977.01,20.350000000000364,20.350000000000364,6167.0,0.003299821631263234,True,False,True,10481.0,18100.0,1.0,True,2884974.06,2889670.6,1015702.31,1021236.51,-9191.68,-8305.08,10366.13,11110.62,744.4900000000016,38.67,210.4,0.5,True,10378.44,10982.1,603.6599999999999,10956.69,10982.1,12.31000000000131,128.52000000000044,590.5600000000013,128.52000000000044,True,True,complete,41.74540682414698,42.574578469520105,9,19.59731543624161,0.0,-0.8513070894114716,-0.045691291556101195,0.03054545454580127,0.03827370948380744,0.039743114311433,0,0
b7fea9ef,1800,5575,1709,3866,69.34529147982063,11727.0,11726.0,10769.62,10767.92,-1.7000000000007276,1.7000000000007276,3865.0,-0.000439844760672892,True,False,True,10018.0,15592.0,1.0,True,2938422.03,2941310.12,1064714.73,1068841.18,-8862.26,-7869.719999999999,9982.17,10881.6,899.4300000000003,26.08,142.61999999999998,0.5,True,9994.5,10778.320000000002,783.8200000000015,10751.28,10769.59,12.329999999999927,103.27999999999884,769.1100000000006,112.01000000000022,True,True,complete,15.085201793721973,14.045525090532852,182,42.27777777777778,0.0,-0.9607507174217021,0.047619997217705226,-0.02575757575775527,-0.023624489795912966,-0.024109270927100242,0,0
b85f7b06,1484,5453,1650,3803,69.74142673757565,12910.0,12909.0,11393.1,11401.4,8.299999999999272,8.299999999999272,3802.0,0.0021830615465542537,True,False,True,11260.0,16712.0,1.0,True,3011877.5,3012005.16,1110312.96,1115364.21,-9917.06,-9082.03,10796.34,11537.41,741.0699999999997,28.58,224.14,0.5,True,10808.79,11404.37,595.5799999999999,11391.44,11401.4,12.450000000000728,133.03999999999905,595.1000000000004,136.01000000000022,True,True,complete,19.32880982945168,20.16828819353142,7,18.598382749326145,0.0,-0.9280856640125197,-0.14592850982120847,0.001818181818052756,0.004759663865539097,0.0028914491449231086,0,0
b881d27e,1575,5442,1433,4009,73.66776920249907,12184.0,12183.0,11170.12,11189.570000000002,19.450000000000728,19.450000000000728,4008.0,0.004852794411177826,True,False,True,10751.0,16192.0,1.0,True,2904705.67,2907949.92,1024427.04,1028254.95,-9428.4,-8685.01,10579.45,11366.45,787.0,22.82,168.04,0.5,True,10591.83,11199.55,607.7199999999993,11169.83,11197.320000000002,12.3799999999992,166.90000000000146,590.3799999999992,169.1299999999992,True,True,complete,43.550165380374864,50.6610127213769,9,23.3015873015873,0.0,-0.9403721147536125,-0.13409137453292083,0.0009696969691992593,0.00402304921973055,0.002031983198322941,0,0
b8c49c1a,2109,6254,1935,4319,69.05980172689479,11987.0,11986.0,10786.990000000002,10790.15,3.1599999999980355,3.1599999999980355,4318.0,0.0007318202871695311,True,False,True,10052.0,16305.0,1.0,True,2942923.3,2946629.95,1061429.46,1065643.03,-8998.44,-7904.129999999999,9827.67,10881.6,1053.9300000000003,26.08,177.98999999999998,0.5,True,9839.990000000002,10798.15,958.159999999998,10766.01,10798.15,12.320000000001528,83.45000000000073,938.3400000000001,83.45000000000073,True,True,complete,21.1864406779661,22.759898124565872,6,50.734945471787576,0.0,-0.9835232527918368,-0.5960792647366511,-0.02242424242434093,0.0009555822329151107,0.011909090909104008,0,0
b95e7121,1373,7492,1186,6306,84.16978109983982,11987.0,11986.0,11360.92,11362.320000000002,1.4000000000014552,1.4000000000014552,6305.0,0.00022204599524210233,True,False,True,10801.0,18292.0,1.0,True,2998196.76,3000287.3,1108889.52,1115812.89,-9460.71,-8574.54,10851.820000000002,11537.41,685.5899999999983,28.58,224.14,0.5,True,10864.23,11367.3,503.0699999999997,11355.9,11367.3,12.409999999998035,170.11000000000058,504.0799999999981,170.11000000000058,True,True,complete,6.446876668446342,6.660323501427213,7,12.017479970866715,0.0,-0.8001042483892375,0.18907987339613366,0.006303030302607571,0.014693397358857323,0.034188298829886866,0,0
b977be4a,1427,7495,1578,5917,78.94596397598399,12296.0,12295.0,11387.65,11376.0,-11.649999999999636,11.649999999999636,5916.0,-0.0019692359702501074,True,False,True,10718.0,18212.0,1.0,True,2995286.17,2997850.03,1107964.68,1114620.83,-9429.75,-8507.69,10824.83,11537.41,712.5799999999999,28.58,224.14,0.5,True,10837.04,11422.33,585.289999999999,11368.09,11422.33,12.210000000000946,115.07999999999993,543.2600000000002,115.07999999999993,True,True,complete,23.14876584389593,24.67466621598783,11,15.346881569726701,0.0,-0.7374275963895359,0.0673313699403674,0.018181818181601136,0.013213925570258429,0.015030363036307988,0,0
ba48188d,1203,5534,1368,4166,75.28008673653777,13334.0,13333.0,12271.54,12167.76,-103.78000000000065,103.78000000000065,4165.0,-0.024917166866746856,True,False,True,11966.0,17499.0,1.0,True,3008537.95,3011773.22,1085258.47,1089425.97,-10273.73,-9827.03,11765.95,12366.95,601.0,31.86,215.44,0.5,True,11778.490000000002,12275.31,496.8199999999979,12167.76,12272.75,12.540000000000873,91.64000000000124,401.8099999999995,94.20000000000073,True,True,complete,16.696783520057824,17.69083053288526,12,14.87946799667498,0.0,-0.8311787181464955,0.05503260423561508,0.006727272727880987,0.005796398559423041,0.005171077107726839,0,0
bb2cdd83,1998,5665,1840,3825,67.5198587819947,12207.0,12206.0,11216.240000000002,11222.72,6.4799999999977445,6.4799999999977445,3824.0,0.001694560669455477,True,False,True,10367.0,16031.0,1.0,True,2903217.38,2906533.83,1036828.64,1040651.79,-9111.23,-8270.58,10367.95,11366.45,998.5,22.82,168.04,0.5,True,10380.17,11223.740000000002,843.5700000000015,11211.1,11223.740000000002,12.219999999999345,142.70999999999913,843.1499999999996,142.70999999999913,True,True,complete,14.598411297440423,14.431372549019608,5,39.53953953953954,0.0,-0.9461860090808777,-0.3763784430971497,-0.005575757575330194,-0.004316446578626665,-0.0022880888088771026,0,0
bb337fa0,1435,8216,1343,6873,83.65384615384616,12350.0,12349.0,11424.42,11458.12,33.70000000000073,33.70000000000073,6872.0,0.004903958090803366,True,False,True,11007.0,19222.0,1.0,True,2986399.14,2990930.67,1101589.86,1108077.11,-9284.05,-8747.22,10877.89,11594.55,716.6599999999999,27.21,224.46,0.5,True,10890.14,11461.4,571.2600000000002,11424.47,11461.4,12.25,133.14999999999964,546.5799999999999,133.14999999999964,True,True,complete,65.74975657254139,66.88491197439255,17,13.72822299651568,0.0,-0.5583329725703243,-0.03992990066591305,0.04703030303015507,0.03723169267706139,0.027356135613517775,0,0
bb682ebd,1977,5931,1792,4139,69.78587084808633,12110.0,12109.0,11016.97,11046.29,29.320000000001528,29.320000000001528,4138.0,0.0070855485741908,True,False,True,10318.0,16248.0,1.0,True,3006897.26,3008211.46,1128706.3,1133925.31,-9077.27,-8265.41,10134.45,11122.45,988.0,38.91,273.82,0.5,True,10146.72,11052.45,905.7300000000014,11016.5,11052.45,12.269999999998618,70.0,882.0499999999993,70.0,True,True,complete,25.661777103355256,28.799226866392846,12,42.99443601416287,0.0,-0.9119484792065349,-0.18255133953805455,-0.0014545454542281527,0.0016547418967512604,0.008179777977799505,0,0
bc4381e2,1006,6885,1930,4955,71.96804647785041,13269.0,13268.0,12127.25,12142.78,15.530000000000655,15.530000000000655,4954.0,0.003134840532902837,True,False,True,11339.0,18223.0,1.0,True,2984195.37,2985189.94,1056029.55,1062192.37,-10027.04,-9157.13,11782.62,12285.1,502.47999999999956,26.77,120.06,0.5,True,11207.21,12147.76,940.5500000000011,12127.27,12147.76,-575.4100000000017,137.34000000000015,344.64999999999964,137.34000000000015,False,True,complete,52.883079157588966,58.143289606458126,23,1.0934393638170974,0.0,-0.9294847284398117,-0.43218857453217496,0.02303030303031555,0.011486674669860317,-0.005791719171920765,0,0
bcebcc5f,3700,7889,1631,6258,79.32564330079857,11953.0,11952.0,10928.62,10966.27,37.649999999999636,37.649999999999636,6257.0,0.006017260668051724,True,False,True,10322.0,18210.0,1.0,True,2958132.82,2962818.8,1075402.06,1081100.57,-9038.0,-8093.110000000001,10211.7,11136.45,924.75,24.82,207.12,0.25,True,10224.240000000002,10966.36,742.119999999999,10928.67,10966.36,12.540000000000873,170.09000000000015,716.9699999999993,170.09000000000015,True,True,complete,47.77538344530359,48.52988175135826,11,38.351351351351354,0.0,-0.9496786632346487,-0.33524841853653237,0.04600000000037581,0.047521728691520784,0.04894227422742015,0,0
bd2c2f34,1748,11621,1798,9823,84.52800963772481,11917.0,11916.0,10685.38,10681.08,-4.299999999999272,4.299999999999272,9822.0,-0.0004377927102422391,True,False,True,10119.0,21739.0,1.0,True,2868528.35,2875883.59,1025817.56,1034255.43,-8662.79,-7980.91,9971.95,10845.45,873.5,22.7,181.93,0.5,True,9984.44,10700.52,716.0799999999999,10675.78,10700.52,12.489999999999782,144.9300000000003,703.8299999999999,144.9300000000003,True,True,complete,61.11350141984339,62.98483151786623,16,26.94508009153318,0.0,-0.6344272625396291,-0.195195974105081,-0.034242424242445134,-0.04137575030011824,-0.04336963696369142,0,0
bd4ae5da,2196,6905,1899,5006,72.49818971759593,12900.0,12899.0,11877.71,11862.9,-14.80999999999949,14.80999999999949,5005.0,-0.002959040959040857,True,False,True,11001.0,17905.0,1.0,True,3008097.12,3008426.03,1110320.36,1116568.74,-9682.94,-8792.41,10954.4,12051.84,1097.4400000000005,32.93,238.11,0.5,True,10966.91,11877.71,910.7999999999993,11855.41,11877.71,12.510000000000218,174.13000000000102,901.0100000000002,174.13000000000102,True,True,complete,63.08472121650978,67.09948062325209,94,45.21857923497268,0.0,-0.912909600902454,-0.14937053859411262,0.0012727272722320808,0.01047346938778695,0.021467746774667694,0,0
bd6f0e19,1901,6979,1839,5140,73.64951998853704,12434.0,12433.0,11345.85,11354.4,8.549999999999272,8.549999999999272,5139.0,0.001663747810858002,True,False,True,10595.0,17573.0,1.0,True,3005655.06,3005988.31,1116810.09,1123257.02,-9362.42,-8420.67,10587.91,11537.41,949.5,28.58,224.14,0.5,True,10600.15,11361.88,761.7299999999996,11345.64,11361.88,12.239999999999782,175.53000000000065,757.7299999999996,175.53000000000065,True,True,complete,18.69895400487176,25.19455252918288,18,36.454497632824825,0.0,-0.9573294830053612,-0.3608358439570854,-0.0009696969697007322,0.002018727490961576,0.0013849384938561585,0,0
bd8f847e,1386,6161,1200,4961,80.52264242817725,13514.0,13513.0,12797.820000000002,12804.86,7.039999999999054,7.039999999999054,4960.0,0.0014193548387094867,True,False,True,12314.0,18474.0,1.0,True,2945500.22,2946938.13,1009323.87,1015016.99,-11027.65,-10257.27,12289.45,12981.95,692.5,28.29,160.94,0.5,True,12301.8,12813.28,511.4800000000014,12788.76,12813.28,12.349999999998545,168.67000000000007,499.3099999999995,168.67000000000007,True,True,complete,17.67570199642915,19.854867970167305,18,19.552669552669553,0.0,-0.8968042013286956,-0.0464860951718388,-0.03327272727270818,-0.034157983193252785,-0.03353969396937702,0,0
be063506,2158,6539,2039,4500,68.81786205841873,13031.0,13030.0,11874.12,11871.63,-2.4900000000016007,2.4900000000016007,4499.0,-0.0005534563236278286,True,False,True,10992.0,17530.0,1.0,True,3000338.1,3002574.61,1103023.95,1108613.09,-9698.29,-8837.04,10973.4,12051.84,1078.4400000000005,32.93,238.11,0.5,True,10985.62,11887.94,902.3199999999997,11857.58,11874.070000000002,12.220000000001164,163.89999999999964,884.1800000000003,177.76999999999862,True,True,complete,25.340266095733295,25.0,98,44.25393883225209,0.0,-0.9057373597920404,-0.15040816312938446,-0.05696969696951648,-0.05511692677071715,-0.04501452145214278,0,0
be35c8f2,1723,5898,1672,4226,71.65140725669718,13377.0,13376.0,12549.26,12537.81,-11.450000000000728,11.450000000000728,4225.0,-0.0027100591715978053,True,False,True,11705.0,17602.0,1.0,True,3013677.97,3015687.26,1094777.36,1099783.4,-10291.13,-9564.5,11792.09,12652.570000000002,860.4800000000014,29.83,189.64,0.5,True,11804.33,12555.240000000002,750.9100000000017,12537.81,12555.240000000002,12.239999999999782,97.32999999999993,745.7199999999993,97.32999999999993,True,True,complete,31.519159036961682,37.5769048745859,15,37.84097504352873,0.0,-0.9227470242036986,-0.19648610582613318,0.026000000000280604,0.025003121248530217,0.02205538553855171,0,0
be83e781,1508,4776,1555,3221,67.44137353433835,12367.0,12366.0,11181.45,11191.51,10.05999999999949,10.05999999999949,3220.0,0.003124223602484314,True,False,True,10812.0,15587.0,1.0,True,2904004.6,2907061.93,1023842.75,1027076.66,-9425.51,-8733.87,10612.95,11366.45,753.5,22.82,168.04,0.5,True,10625.36,11191.51,566.1499999999996,11175.87,11191.51,12.409999999999854,174.9400000000005,562.9200000000001,174.9400000000005,True,True,complete,44.89112227805695,52.09562247749147,17,19.893899204244033,0.0,-0.9560422482856515,-0.04984481383373171,0.04872727272725363,0.048352460984368795,0.041598919891980196,0,0
beda8696,1949,7868,1956,5912,75.13980681240467,12129.0,12128.0,10951.43,10923.27,-28.159999999999854,28.159999999999854,5911.0,-0.004763999323295526,True,False,True,10173.0,18040.0,1.0,True,2882424.37,2887466.85,1022977.62,1028291.53,-8846.4,-8092.110000000001,10136.64,11110.62,973.9800000000014,38.67,221.13,0.5,True,10148.87,10972.22,823.3499999999985,10923.27,10972.22,12.230000000001382,138.40000000000146,786.630000000001,138.40000000000146,True,True,complete,51.85561769191662,52.672530446549395,12,38.53258081067214,0.0,-0.9528925719523422,-0.2491718830891784,-0.002545454545624271,-0.011594717887190445,-0.012584878487839707,0,0
bf39bc20,1629,5047,1744,3303,65.44481870418069,12201.0,12200.0,11201.28,11185.22,-16.06000000000131,16.06000000000131,3302.0,-0.004863718958207544,True,False,True,10457.0,15503.0,1.0,True,2912730.48,2915607.41,1038189.96,1041687.95,-9162.37,-8379.7,10537.3,11350.94,813.6400000000012,45.46,226.9,0.5,True,10549.51,11219.04,669.5300000000007,11185.22,11219.04,12.210000000000946,131.89999999999964,647.9200000000001,131.89999999999964,True,True,complete,53.71507826431543,61.64093248561914,24,27.440147329650095,0.0,-0.9876869272432146,-0.09346135294963127,-0.004848484847703434,-0.006236734693881761,-0.007115691569160201,0,0
bf70b410,1694,8000,1653,6347,79.3375,11941.0,11940.0,10982.53,10936.990000000002,-45.539999999999054,45.539999999999054,6346.0,-0.007176173967853617,True,False,True,10288.0,18287.0,1.0,True,2881601.93,2886676.07,1022118.91,1027639.54,-8884.4,-8207.79,10264.13,11110.62,846.4900000000016,38.67,210.4,0.5,True,10276.63,10985.17,708.5400000000009,10936.990000000002,10985.17,12.5,125.45000000000073,672.8600000000024,125.45000000000073,True,True,complete,38.012499999999996,41.988340948479596,22,29.279811097992912,0.0,-0.9061616418086708,-0.3478825208768863,-0.010545454545335113,-0.007063625450189639,-0.002427242724267136,0,0
bffe3082,1462,7186,1463,5723,79.64096854995826,12573.0,12572.0,11889.740000000002,11921.36,31.61999999999898,31.61999999999898,5722.0,0.005526039846207442,True,False,True,11110.0,18295.0,1.0,True,2994462.76,2996820.48,1094278.0,1100550.88,-9699.27,-8873.37,11321.4,12051.84,730.4400000000005,32.93,238.11,0.5,True,11333.81,11922.81,589.0,11884.990000000002,11922.81,12.409999999999854,129.03000000000065,563.590000000002,129.03000000000065,True,True,complete,30.615084887280826,31.10256858291106,9,17.71545827633379,0.0,-0.942864290479841,0.005784239082981912,0.020969696969808944,0.019909723889562473,0.01486894689470457,0,0
c03b9305,1867,6067,1812,4255,70.13350914784901,11754.0,11753.0,10797.47,10817.070000000002,19.600000000002183,19.600000000002183,4254.0,0.004607428302774373,True,False,True,9942.0,16008.0,1.0,True,2935664.12,2939132.89,1069898.02,1073950.69,-8639.93,-7798.16,9948.67,10881.6,932.9300000000003,26.08,142.61999999999998,0.5,True,9961.13,10822.42,861.2900000000009,10794.95,10817.070000000002,12.459999999999127,59.18000000000029,846.2800000000007,64.52999999999884,True,True,complete,47.436954013515745,51.633372502937725,15,44.349223352972686,0.0,-0.8898960429265084,0.2920018138758379,0.00721212121179361,5.378151260466922e-05,-0.0032128412841150138,0,0
c03d4aed,1827,6375,1734,4641,72.8,13855.0,13854.0,12793.21,12792.08,-1.1299999999991996,1.1299999999991996,4640.0,-0.0002435344827584482,True,False,True,12121.0,18495.0,1.0,True,2947010.73,2948441.74,1009327.69,1015006.03,-10998.08,-10046.41,12068.95,12981.95,913.0,28.29,176.98999999999998,0.5,True,12081.06,12818.25,737.1900000000005,12789.56,12818.25,12.109999999998763,163.70000000000073,720.6099999999988,163.70000000000073,True,True,complete,15.952941176470588,18.444300797241976,8,38.97099069512863,0.0,-0.9429094357787805,-0.32672601855870315,-0.0036969696972780643,-0.004548859543885472,-0.004543234323438998,0,0
c03fba65,2215,5669,1970,3699,65.24960310460398,11893.0,11892.0,10805.3,10770.5,-34.79999999999927,34.79999999999927,3698.0,-0.009410492157923006,True,False,True,9923.0,15591.0,1.0,True,2957746.04,2962754.72,1092299.53,1092617.71,-8659.81,-7746.040000000001,9856.98,10963.71,1106.7299999999996,24.5,198.91,0.5,True,9869.12,10835.7,966.5799999999999,10770.5,10805.59,12.140000000001237,128.0099999999984,913.5200000000004,158.11999999999898,True,True,complete,44.69924148879873,51.14895917815626,10,49.34537246049661,0.0,-0.9801353171698729,-0.5654674016040689,-0.017575757575911094,-0.024469627851140964,-0.02511473147314509,0,0
c07fd0cd,2335,6035,1844,4191,69.44490472245236,13547.0,13546.0,12532.42,12536.81,4.389999999999418,4.389999999999418,4190.0,0.0010477326968972359,True,False,True,11703.0,17737.0,1.0,True,3021391.65,3024786.76,1082952.76,1087301.83,-10570.92,-9603.81,11707.85,12874.68,1166.83,27.93,198.11,0.5,True,11720.08,12538.94,818.8600000000006,12523.96,12538.94,12.229999999999563,335.7399999999998,816.1099999999988,335.7399999999998,True,True,complete,43.36371168185585,48.484848484848484,18,50.53533190578159,0.0,-0.9626796877569616,-0.7898635143651397,0.0037575757578783447,0.004086434573826155,0.0030067806780882025,0,0
c1708b88,1875,7960,1645,6315,79.33417085427136,12348.0,12347.0,11366.3,11366.31,0.010000000000218279,0.010000000000218279,6314.0,1.5837820716215202e-06,True,False,True,10703.0,18662.0,1.0,True,2980172.61,2984338.75,1079843.89,1085899.9,-9573.75,-8490.2,10573.91,11510.29,936.380000000001,27.6,158.72,0.5,True,10586.17,11369.17,783.0,11331.19,11369.17,12.260000000000218,141.1200000000008,757.2800000000007,141.1200000000008,True,True,complete,62.28643216080402,64.06967537608867,18,38.72,0.0,-0.871017630745689,-0.2019770491605721,0.037757575757346805,0.03578151260502097,0.03331263126312906,0,0
c1d046f4,1154,6917,1404,5513,79.70218302732398,12465.0,12464.0,11382.18,11373.3,-8.880000000001019,8.880000000001019,5512.0,-0.001611030478955192,True,False,True,11061.0,17977.0,1.0,True,3002658.45,3002705.6,1109941.45,1116640.31,-9505.17,-8875.84,10961.28,11537.41,576.1299999999992,28.58,224.14,0.5,True,10973.740000000002,11425.92,452.1799999999985,11373.3,11394.67,12.460000000000946,111.48999999999978,412.0199999999986,142.73999999999978,True,True,complete,1.3445135174208473,1.4511155450752766,2,0.0,0.0,-0.8104678635746696,0.179332101928936,-0.04484848484866193,-0.05221896758702801,-0.05393351335132862,0,0
c2717d4f,2388,6682,1961,4721,70.65249925172104,12803.0,12802.0,11318.56,11328.38,9.819999999999709,9.819999999999709,4720.0,0.0020805084745762095,True,False,True,10842.0,17523.0,1.0,True,3005776.18,3006157.57,1110384.44,1116429.07,-9526.32,-8595.13,10344.47,11537.41,1192.9400000000005,28.58,224.14,0.5,True,10356.66,11333.78,977.1200000000008,11312.320000000002,11333.78,12.19000000000051,203.6299999999992,967.8500000000022,203.6299999999992,True,True,complete,6.704579467225382,3.240838805337852,219,49.413735343383586,0.0,-0.935781028206705,-0.620446017919511,-0.02654545454582875,-0.023504441776704736,-0.017141854185406938,0,0
c2c4db09,1711,7851,1812,6039,76.920137562094,12407.0,12406.0,11382.0,11384.98,2.9799999999995634,2.9799999999995634,6038.0,0.0004935409075852208,True,False,True,10595.0,18445.0,1.0,True,2995539.8,2998194.85,1108198.42,1115168.82,-9440.02,-8353.73,10682.87,11537.41,854.539999999999,28.58,224.14,0.5,True,10694.97,11399.570000000002,704.6000000000022,11370.66,11399.570000000002,12.099999999998545,137.83999999999833,687.789999999999,137.83999999999833,True,True,complete,22.65953381734811,23.38135452889551,11,29.39801285797779,0.0,-0.8504475949406203,-0.21582101063742437,0.005757575757847148,0.003999519807888255,-0.0012992499249782235,0,0
c2c6fc71,2079,8840,1721,7119,80.53167420814479,13105.0,13104.0,12077.78,12086.72,8.93999999999869,8.93999999999869,7118.0,0.0012559707783083296,True,False,True,11384.0,20223.0,1.0,True,3003952.03,3009851.18,1084102.25,1090038.77,-10062.84,-9078.86,11327.95,12366.95,1039.0,31.86,215.44,0.5,True,11340.45,12096.89,756.4399999999987,12072.66,12096.89,12.5,270.0600000000013,744.7099999999991,270.0600000000013,True,True,complete,36.76470588235294,38.33403567916842,116,50.74555074555075,0.0,-0.9307085182875215,-0.8204723180891792,0.028545454545168773,0.026112364946021527,0.01740048004800046,0,0
c36625df,1980,6386,1644,4742,74.2561854055747,12805.0,12804.0,11874.22,11854.65,-19.56999999999971,19.56999999999971,4741.0,-0.004127821134781631,True,False,True,11161.0,17546.0,1.0,True,3007307.77,3007754.52,1110513.26,1116348.97,-9642.05,-8867.88,11062.4,12051.84,989.4400000000005,32.93,238.11,0.5,True,11074.88,11875.19,800.3100000000013,11854.65,11875.02,12.479999999999563,176.64999999999964,792.25,176.8199999999997,True,True,complete,74.69464453492014,76.92956558414171,25,39.24242424242424,0.0,-0.9057270139200068,-0.09518616047158807,0.012969696969742685,0.00831644657863441,0.004359675967601711,0,0
c3957531,2278,7254,1938,5316,73.28370554177006,13653.0,13652.0,12663.72,12660.83,-2.889999999999418,2.889999999999418,5315.0,-0.0005437441204138133,True,False,True,11715.0,18968.0,1.0,True,3018515.67,3020875.58,1087131.53,1093343.05,-10523.55,-9604.86,11736.35,12874.68,1138.33,27.93,198.11,0.5,True,11748.51,12688.490000000002,939.9800000000014,12642.88,12688.490000000002,12.159999999999854,186.1899999999987,906.5299999999988,186.1899999999987,True,True,complete,3.832368348497381,3.781038374717833,4,49.29762949956102,0.0,-0.9838232256993995,-0.1564207845610423,-0.04854545454572885,-0.034546938775462235,-0.07008316831682684,0,0
c42fe306,1007,7023,1928,5095,72.54734443969814,12403.0,12402.0,10965.09,10989.84,24.75,24.75,5094.0,0.004858657243816254,True,False,True,10475.0,17497.0,1.0,True,2895526.78,2899804.94,1024728.37,1029655.11,-9221.27,-8439.17,10072.19,11077.56,1005.369999999999,23.92,192.06,1.0,True,10084.7,10990.66,905.9599999999991,10959.95,10990.66,12.510000000000218,86.89999999999964,887.7600000000002,86.89999999999964,True,True,complete,55.489107219137125,59.52894995093229,13,0.0,0.0,-0.898847515701893,-0.38513446257830736,-0.034545454545580855,-0.020614645858335764,-0.019274767476732187,0,0
c43812e2,2173,7293,1766,5527,75.78499931441108,13290.0,13289.0,12194.58,12182.15,-12.430000000000291,12.430000000000291,5526.0,-0.002249366630474175,True,False,True,11524.0,18816.0,1.0,True,2982358.8,2984265.98,1052928.86,1059350.83,-10110.36,-9312.79,11332.45,12418.45,1086.0,26.17,218.65,0.5,True,11344.78,12201.87,857.0900000000001,12180.48,12201.87,12.329999999999927,216.57999999999993,848.0299999999988,216.57999999999993,True,True,complete,61.46990264637323,62.05898317351185,15,49.65485503911643,0.0,-0.7845562144697412,-0.34963579339812384,0.0025454545453106802,0.008638175270138396,0.007572877287729218,0,0
c472c0b5,2131,4867,1813,3054,62.749126772138894,11770.0,11769.0,10796.13,10807.490000000002,11.360000000002401,11.360000000002401,3053.0,0.003720930232558926,True,False,True,9957.0,14823.0,1.0,True,2995527.79,2998697.44,1128190.87,1131104.41,-8708.99,-7871.459999999999,9891.6,10956.570000000002,1064.9700000000012,22.9,177.14999999999998,0.5,True,9903.66,10810.52,906.8600000000006,10796.15,10810.52,12.05999999999949,146.0500000000011,904.5499999999993,146.0500000000011,True,True,complete,7.951510170536265,3.1106745252128354,203,44.955419990614736,0.0,-0.9294173680779931,-0.3092616193528192,0.016000000000030008,0.01631164465787186,0.017498829882983458,0,0
c47e0767,1918,6099,1743,4356,71.42154451549433,13304.0,13303.0,12153.58,12184.47,30.889999999999418,30.889999999999418,4355.0,0.007092996555682989,True,False,True,11561.0,17659.0,1.0,True,3006574.04,3009797.46,1092485.86,1097072.3,-10040.55,-9298.35,11408.45,12366.95,958.5,31.86,215.44,0.5,True,11420.88,12185.23,764.3500000000004,12153.5,12185.23,12.429999999998472,181.72000000000116,745.0499999999993,181.72000000000116,True,True,complete,11.805213969503198,14.830119375573922,8,46.61105318039625,0.0,-0.9455757870155529,-0.6111056305132329,0.005999999999874086,0.007087154861908698,0.009061566156618866,0,0
c50b42f6,2089,7920,1906,6014,75.93434343434343,12052.0,12051.0,10966.65,10980.87,14.220000000001164,14.220000000001164,6013.0,0.002364876101779671,True,False,True,10146.0,18065.0,1.0,True,2889614.37,2894659.32,1020848.42,1026152.49,-9082.91,-8047.309999999999,10066.64,11110.62,1043.9800000000014,38.67,221.13,0.5,True,10079.12,10989.52,910.3999999999996,10959.58,10989.52,12.480000000001382,121.10000000000036,892.9400000000005,121.10000000000036,True,True,complete,18.775252525252526,18.407050216162286,11,42.65198659645763,0.0,-0.9820833167069019,-0.2674272859211554,0.006121212121170726,0.0019078031212581659,-0.0026573657365800765,0,0
c593337f,1674,7118,1910,5208,73.16661983703287,13569.0,13568.0,12115.4,12078.21,-37.19000000000051,37.19000000000051,5207.0,-0.0071423084309584235,True,False,True,11659.0,18776.0,1.0,True,2993832.82,2996242.72,1070656.22,1076891.92,-10075.85,-9421.86,11442.95,12279.45,836.5,30.84,157.13,0.5,True,11455.09,12125.2,670.1100000000006,12076.54,12124.89,12.139999999999418,154.25,633.5900000000001,154.5600000000013,True,True,complete,31.31497611688677,30.913978494623656,25,34.707287933094385,0.0,-0.8428282513934149,-0.30053374805905103,0.005393939393928219,0.004340936374576248,0.0013231923192212486,0,0
c59b6c4a,2222,7460,1961,5499,73.71313672922251,11945.0,11944.0,10944.88,10903.97,-40.909999999999854,40.909999999999854,5498.0,-0.007440887595489242,True,False,True,9984.0,17443.0,1.0,True,2883249.24,2888026.24,1024181.25,1029087.3,-8818.91,-7913.379999999999,10000.14,11110.62,1110.4800000000014,38.67,221.13,0.5,True,10012.35,10945.43,933.0799999999999,10903.97,10944.88,12.210000000000946,165.1900000000005,903.8299999999999,165.7400000000016,True,True,complete,14.798927613941018,14.9118021458447,6,46.084608460846084,0.0,-0.9721608235484395,-0.5551890848447933,-0.00430303030304629,-0.0032465786315138178,-0.0031555355535463347,0,0
c66be2b8,2149,6207,2053,4154,66.92444014821976,12390.0,12389.0,11366.95,11338.59,-28.360000000000582,28.360000000000582,4153.0,-0.006828798458945481,True,False,True,10337.0,16543.0,1.0,True,2994705.88,2996440.83,1114990.17,1120212.17,-9061.23,-8115.129999999999,10463.94,11537.41,1073.4699999999993,28.58,224.14,0.5,True,10476.47,11383.570000000002,907.1000000000022,11325.73,11373.88,12.529999999998836,153.83999999999833,861.789999999999,163.53000000000065,True,True,complete,26.276784275817626,29.537794896485316,8,43.78780828292229,0.0,-0.9406555317020273,-0.3536594840277783,0.019999999999746384,0.023675390156038825,0.0285030303030367,0,0
c6797dd7,4662,6281,1617,4664,74.25569176882661,12634.0,12633.0,12033.740000000002,12026.44,-7.300000000001091,7.300000000001091,4663.0,-0.001565515762384965,True,False,True,11017.0,17297.0,1.0,True,3008578.74,3011488.06,1099605.2,1104324.02,-10083.92,-8896.77,10991.7,12156.95,1165.25,27.79,203.62,0.25,True,11004.15,12048.46,1044.3099999999995,12026.44,12048.46,12.449999999998909,108.4900000000016,1034.7399999999998,108.4900000000016,True,True,complete,17.990765801623944,14.9442538593482,329,49.42084942084942,0.0,-0.9882014529570115,-0.041181453454246265,0.033878787878659875,0.038344777911130605,0.038267206720671104,0,0
c6b782a4,4027,6675,1798,4877,73.06367041198502,12217.0,12216.0,11217.87,11214.070000000002,-3.7999999999992724,3.7999999999992724,4876.0,-0.0007793273174731896,True,False,True,10419.0,17093.0,1.0,True,2931926.78,2936040.95,1055431.36,1059881.11,-9087.52,-8231.0,10326.59,11331.96,1005.369999999999,22.58,196.86,0.25,True,10339.06,11232.39,893.3299999999999,11194.88,11220.06,12.469999999999345,99.56999999999971,868.289999999999,111.89999999999964,True,True,complete,27.370786516853933,27.31187205249129,208,40.74993791904644,0.0,-0.8874119448127077,-0.23859045635034748,-0.05903030303028151,-0.0610631452580659,-0.05806264626461596,0,0
c6c96179,2177,5813,1809,4004,68.88009633579907,12023.0,12022.0,11117.92,11124.73,6.809999999999491,6.809999999999491,4003.0,0.0017012240819384188,True,False,True,10214.0,16026.0,1.0,True,2908628.58,2912193.71,1035263.05,1039081.7,-9151.81,-8156.52,10278.45,11366.45,1088.0,22.82,168.04,0.5,True,10290.7,11132.75,842.0499999999993,11114.04,11132.75,12.25,233.70000000000073,835.5900000000001,233.70000000000073,True,True,complete,32.73696886289351,38.21178821178821,17,44.51079467156638,0.0,-0.9777860267646192,-0.759307114631021,0.002242424242380595,0.00545450180071383,0.006805940594056592,0,0
c70c0e01,1843,6057,1745,4312,71.19035826316659,13479.0,13478.0,12587.86,12572.36,-15.5,15.5,4311.0,-0.0035954534910693572,True,False,True,11734.0,17790.0,1.0,True,3001885.79,3005193.72,1068007.2,1072502.8,-10431.32,-9492.7,11827.95,12748.95,921.0,29.71,233.85,0.5,True,11840.490000000002,12593.9,753.409999999998,12566.98,12593.9,12.540000000000873,155.0500000000011,739.0299999999988,155.0500000000011,True,True,complete,68.38368829453525,70.03710575139146,20,41.29137276180141,0.0,-0.9493933014562397,-0.42352115025586423,-0.0051515151508105175,0.0006319327731489716,0.0030231023102212785,0,0
c84c65be,9671,10243,1747,8496,82.94444986820267,11377.0,11376.0,10055.26,10050.81,-4.450000000000728,4.450000000000728,8495.0,-0.0005238375515009686,True,False,True,9630.0,19872.0,1.0,True,2870789.1,2876950.43,1042445.49,1050017.61,-8306.26,-7602.33,9269.85,10236.85,967.0,23.12,213.7,0.1000000000003638,True,9282.34,10076.05,793.7099999999991,10039.02,10076.05,12.489999999999782,160.8000000000011,769.1700000000001,160.8000000000011,True,True,complete,43.24904813043054,43.93832391713748,34,34.45352083548754,0.0,-0.5923604553174004,-0.18501168980384622,-0.0032727272728143466,-0.0035404561824594156,-0.006397179717980652,0,0
c8d9680c,1377,7741,1460,6281,81.13938767601086,12207.0,12206.0,11364.54,11397.51,32.969999999999345,32.969999999999345,6280.0,0.005249999999999895,True,False,True,10747.0,18487.0,1.0,True,2993338.6,2995902.05,1114627.68,1121603.26,-9073.21,-8560.62,10849.820000000002,11537.41,687.5899999999983,28.58,224.14,0.5,True,10862.15,11421.05,558.8999999999996,11357.46,11421.05,12.329999999998108,116.36000000000058,507.6399999999976,116.36000000000058,True,True,complete,35.53804418033846,38.56073873587009,10,12.273057371096586,0.0,-0.34184250061370536,0.10671370483533492,-0.005575757575440628,-0.008962304921969621,-0.014138313831380441,0,0
c908edd0,1427,6751,1458,5293,78.40319952599614,12503.0,12502.0,11348.79,11329.79,-19.0,19.0,5292.0,-0.0035903250188964475,True,False,True,11045.0,17795.0,1.0,True,3008256.33,3008290.79,1116493.85,1122942.59,-9418.14,-8911.67,10824.83,11537.41,712.5799999999999,28.58,224.14,0.5,True,10837.06,11360.84,523.7800000000007,11329.06,11360.84,12.229999999999563,176.5699999999997,504.22999999999956,176.5699999999997,True,True,complete,4.754851133165457,4.836576610617797,3,15.346881569726701,0.0,-0.8399427567797374,-0.026649335392656653,-0.03042424242421815,-0.038508523409325125,-0.032970237023701665,0,0
c9578d27,1645,6202,1715,4487,72.34762979683973,12430.0,12429.0,11221.94,11213.72,-8.220000000001164,8.220000000001164,4486.0,-0.0018323673651362382,True,False,True,10715.0,16916.0,1.0,True,2902675.37,2906480.72,1031485.99,1035881.97,-9264.16,-8630.27,10544.45,11366.45,822.0,22.82,168.04,0.5,True,10556.92,11246.39,689.4699999999993,11210.81,11246.39,12.469999999999345,120.06000000000131,666.3599999999988,120.06000000000131,True,True,complete,49.967752337955496,57.41029641185648,13,26.565349544072948,0.0,-0.8218845848046645,-0.25340209816818476,0.03145454545465001,0.030892677070799353,0.024481248124800726,0,0
c96c018a,1608,7679,1443,6236,81.20849068889179,12304.0,12303.0,11350.13,11356.81,6.680000000000291,6.680000000000291,6235.0,0.0010713712910986834,True,False,True,10861.0,18539.0,1.0,True,3002203.31,3002331.81,1109632.39,1116872.69,-9495.58,-8621.85,10734.36,11537.41,803.0499999999993,28.58,224.14,0.5,True,10746.65,11369.58,622.9300000000003,11345.38,11369.58,12.289999999999054,167.82999999999993,611.0199999999986,167.82999999999993,True,True,complete,7.422841515822373,7.456703014753047,4,24.875621890547265,0.0,-0.8997510515167841,-0.007963546702971891,-0.009515151515213415,-0.007165906362559499,-0.0026547854785381963,0,0
c99f9fae,4580,8394,2033,6361,75.78031927567311,13056.0,13055.0,12188.740000000002,12162.54,-26.200000000000728,26.200000000000728,6360.0,-0.004119496855346026,True,False,True,11023.0,19416.0,1.0,True,3017075.21,3022065.19,1108289.16,1114148.86,-10177.16,-8837.61,11181.37,12325.65,1144.2799999999988,26.38,179.08999999999995,0.25,True,11193.71,12192.5,998.7900000000009,12162.54,12189.61,12.339999999998327,133.14999999999964,981.1700000000001,136.03999999999905,True,True,complete,3.728853943292828,3.820154063826443,4,50.24017467248908,0.0,-0.9231001677280162,-0.025605014512323592,-0.0032727272731270644,-0.002238175270112684,-0.0018479447944794107,0,0
c9e6734f,3051,6388,1653,4735,74.12335629304947,12253.0,12252.0,11202.85,11211.740000000002,8.890000000001237,8.890000000001237,4734.0,0.001877904520490333,True,False,True,10600.0,16987.0,1.0,True,2940234.21,2944290.83,1054344.24,1058877.0,-9168.38,-8494.95,10570.36,11331.96,761.5999999999985,22.58,169.79,0.25,True,10582.71,11217.990000000002,635.2800000000025,11184.42,11216.84,12.349999999998545,113.96999999999753,614.0599999999995,115.11999999999898,True,True,complete,4.899812147777082,5.2375923970432945,5,21.79613241560144,0.0,-0.9872185289150744,-0.1383370583580045,-0.02000000000038772,-0.016325570228071653,-0.012738613861392587,0,0
c9e980e8,2237,6262,1903,4359,69.61034813158736,12649.0,12648.0,11393.52,11379.91,-13.610000000000582,13.610000000000582,4358.0,-0.003122992198256214,True,False,True,10746.0,17007.0,1.0,True,3007767.57,3008137.85,1111007.79,1116617.17,-9690.09,-8594.56,10419.95,11537.41,1117.4599999999991,28.58,224.14,0.5,True,10432.08,11398.9,966.8199999999997,11378.29,11394.03,12.1299999999992,138.51000000000022,958.3400000000001,143.3799999999992,True,True,complete,15.282657297987864,14.888735948612068,6,45.999105945462674,0.0,-0.9601995058823081,-0.2660070194605584,-0.0169696969695379,-0.01722304921965809,-0.02694689468948187,0,0
c9fedcf3,1823,5210,1693,3517,67.50479846449137,13075.0,13074.0,12122.05,12130.91,8.860000000000582,8.860000000000582,3516.0,0.002519908987485945,True,False,True,11382.0,16591.0,1.0,True,2989999.92,2990181.92,1066168.88,1070871.96,-10055.53,-9192.12,11368.45,12279.45,911.0,30.84,157.13,0.5,True,11380.570000000002,12137.43,756.8599999999988,12122.06,12137.43,12.1200000000008,142.02000000000044,753.6099999999988,142.02000000000044,True,True,complete,5.681381957773512,6.056297981234006,12,40.04388370817334,0.0,-0.9807720543692818,-0.4998026609951714,0.011272727272020265,0.00926050420163381,0.011393099309912145,0,0
cad13e8f,2577,6866,2018,4848,70.60879697057968,13707.0,13706.0,12753.01,12731.26,-21.75,21.75,4847.0,-0.004487311739220136,True,False,True,11689.0,18554.0,1.0,True,3033896.75,3038325.77,1091230.13,1095520.51,-10688.69,-9586.07,11688.88,12976.83,1287.9500000000007,29.43,241.94,0.5,True,11700.96,12756.78,1055.8200000000015,12728.46,12752.990000000002,12.079999999999927,220.04999999999927,1039.58,223.83999999999833,True,True,complete,4.194581998252257,4.785478547854786,3,56.3057819169577,0.0,-0.9873028933798884,-0.8219340425855682,-0.014848484848467864,-0.01619735894364407,-0.015205820582065882,0,0
cb34231f,2347,7510,1901,5609,74.68708388814913,13704.0,13703.0,12759.81,12761.53,1.7200000000011642,1.7200000000011642,5608.0,0.00030670470756083526,True,False,True,11803.0,19312.0,1.0,True,3034137.36,3039091.23,1091002.95,1095758.59,-10742.67,-9691.39,11803.88,12976.83,1172.9500000000007,29.43,241.94,0.5,True,11815.94,12765.5,949.5599999999995,12747.61,12765.5,12.06000000000131,211.32999999999993,943.7300000000014,211.32999999999993,True,True,complete,8.841544607190412,10.714922446068819,18,52.023860247123984,0.0,-0.9760846468213809,-0.4909062710444639,0.003454545454479767,-0.0047495798319976456,-0.015005520552068642,0,0
cb879f40,1567,7904,1589,6315,79.89625506072875,12207.0,12206.0,10828.04,10815.990000000002,-12.049999999999272,12.049999999999272,6314.0,-0.001908457396262159,True,False,True,10618.0,18521.0,1.0,True,2993189.47,2995922.42,1114384.03,1121479.12,-8997.65,-8437.57,10238.33,11021.27,782.9400000000005,30.96,207.46,0.5,True,10250.77,10843.27,592.5,10815.15,10843.27,12.44000000000051,178.0,576.8199999999997,178.0,True,True,complete,35.32388663967611,38.05225653206651,18,25.909380982769626,0.0,-0.5093780863979481,-0.4942312977564261,0.009454545454787251,0.008564705882376476,0.008615361536152765,0,0
cbb406b5,2026,8135,1807,6328,77.78733866011063,12401.0,12400.0,11397.06,11398.85,1.7900000000008731,1.7900000000008731,6327.0,0.0002829144934409472,True,False,True,10594.0,18728.0,1.0,True,3005752.23,3005951.16,1122272.02,1129787.55,-9250.56,-8393.78,10525.43,11537.41,1011.9799999999996,28.58,224.14,0.5,True,10537.64,11424.15,886.5100000000002,11393.2,11424.15,12.209999999999127,113.26000000000022,867.7700000000004,113.26000000000022,True,True,complete,48.8260602335587,51.09039190897599,12,40.375123395853905,0.0,-0.8840039928046243,-0.264947454204386,-0.0005454545454395273,-0.0031140456182940862,-0.0015010501050018773,0,0
cbe51de1,3019,5362,1399,3963,73.90898918314062,12600.0,12599.0,12191.6,12196.38,4.779999999998836,4.779999999998836,3962.0,0.0012064613831395345,True,False,True,11201.0,16562.0,1.0,True,3012314.35,3012771.01,1110619.34,1115649.69,-9885.28,-9125.79,11571.58,12325.65,754.0699999999997,26.38,168.11,0.25,True,11584.12,12220.3,636.1799999999985,12190.21,12220.3,12.540000000000873,105.35000000000036,618.6299999999992,105.35000000000036,True,True,complete,6.713912719134651,4.64294726217512,4,24.511427625041403,0.0,-0.911229110075168,0.06770309645735097,0.024242424242479032,0.026289555822317057,0.023945214521461904,0,0
cbe62450,1599,7858,1600,6258,79.63858488164928,12204.0,12203.0,10816.19,10806.23,-9.960000000000946,9.960000000000946,6257.0,-0.0015918171647756026,True,False,True,10604.0,18461.0,1.0,True,2993567.78,2996079.6,1114535.34,1121626.17,-8993.26,-8420.83,10222.33,11021.27,798.9400000000005,30.96,207.46,0.5,True,10234.65,10846.740000000002,612.090000000002,10806.23,10846.740000000002,12.319999999999709,174.52999999999884,583.8999999999996,174.52999999999884,True,True,complete,32.62916772715704,38.03131991051455,10,27.392120075046904,0.0,-0.5407571781426938,-0.49017375364101134,-0.027454545453824412,-0.038128211284505276,-0.03845232523252562,0,0
cc08aa63,1760,5018,1744,3274,65.2451175767238,12242.0,12241.0,11193.23,11201.41,8.180000000000291,8.180000000000291,3273.0,0.002499236174763303,True,False,True,10498.0,15515.0,1.0,True,2910105.91,2912816.02,1041323.72,1044893.75,-9071.8,-8344.95,10471.81,11350.94,879.130000000001,45.46,226.9,0.5,True,10484.26,11214.86,730.6000000000004,11193.26,11214.86,12.450000000000728,136.07999999999993,721.4500000000007,136.07999999999993,True,True,complete,40.613790354722994,47.25106902871106,13,32.84090909090909,0.0,-0.960542297224532,-0.28031880193768666,0.02848484848510842,0.028032653061211745,0.026829762976296766,0,0
cc8a1d57,1673,8321,1683,6638,79.77406561711334,13411.0,13410.0,12054.77,12051.66,-3.110000000000582,3.110000000000582,6637.0,-0.00046858520415859307,True,False,True,11728.0,20048.0,1.0,True,2921491.65,2926099.08,1016073.13,1022500.6,-10267.09,-9625.6,11366.95,12202.95,836.0,18.53,317.9,0.5,True,11379.22,12061.65,682.4300000000003,12015.89,12054.76,12.269999999998618,141.3000000000011,648.9399999999987,148.1900000000005,True,True,complete,15.839442374714578,17.414884001205184,10,0.0,0.0,-0.7494311081935561,-0.39593026745326854,-0.010969696969941864,-0.008443217286925113,-0.008332673267308462,0,0
ccedb12b,2048,6427,2026,4401,68.47673875836315,14044.0,14043.0,12670.12,12653.2,-16.920000000000073,16.920000000000073,4400.0,-0.003845454545454562,True,False,True,12018.0,18444.0,1.0,True,3019931.54,3023310.28,1082241.64,1087038.56,-10636.56,-9822.63,11849.95,12873.45,1023.5,34.36,207.01,0.5,True,11862.27,12688.53,826.2600000000002,12652.76,12688.53,12.319999999999709,184.92000000000007,802.8099999999995,184.92000000000007,True,True,complete,42.57040609926871,45.55782776641672,19,47.75390625,0.0,-0.9395403499953158,-0.3500811254343901,0.023454545454825563,0.015678271308485335,0.010179717971786193,0,0
cd7f1687,1962,5981,1749,4232,70.75739842835647,12704.0,12703.0,11448.36,11451.5,3.139999999999418,3.139999999999418,4231.0,0.0007421413377450764,True,False,True,10955.0,16935.0,1.0,True,2987603.1,2989736.96,1089119.71,1094148.77,-9461.89,-8703.99,10611.45,11591.95,980.5,25.9,147.32,0.5,True,10623.62,11451.7,828.0799999999999,11432.69,11451.5,12.170000000000073,140.25,821.2399999999998,140.45000000000073,True,True,complete,63.73516134425682,70.01417769376181,22,40.87665647298675,0.0,-0.9099186387135725,-0.3257900531506543,-0.0034545454543978855,-0.002728931572627082,-0.006629102910297801,0,0
cda7eb37,1665,7620,1647,5973,78.38582677165354,13328.0,13327.0,12056.34,12051.63,-4.710000000000946,4.710000000000946,5972.0,-0.0007886805090423553,True,False,True,11681.0,19300.0,1.0,True,2919781.81,2924044.18,1016020.3,1021795.52,-10221.03,-9576.15,11370.95,12202.95,832.0,18.53,317.9,0.5,True,11383.06,12080.92,697.8600000000006,12049.01,12080.92,12.109999999998763,122.03000000000065,678.0599999999995,122.03000000000065,True,True,complete,15.170603674540683,17.361459902896367,5,0.0,0.0,-0.8453529135093248,-0.31053041135013937,0.002545454545200345,0.005138535414175096,0.0007905790579164158,0,0
cdc31d65,2318,6608,1768,4840,73.24455205811138,13052.0,13051.0,12090.43,12080.45,-9.979999999999563,9.979999999999563,4839.0,-0.0020624095887579177,True,False,True,11284.0,17891.0,1.0,True,3007511.33,3011474.02,1086912.36,1091425.07,-10065.01,-9048.41,11208.45,12366.95,1158.5,31.86,215.44,0.5,True,11220.92,12107.47,886.5499999999993,12080.45,12107.47,12.469999999999345,259.4800000000014,872.0,259.4800000000014,True,True,complete,44.56719128329298,44.938016528925615,266,55.82398619499569,0.0,-0.9757024848377953,-0.8208413913225259,0.003454545454876733,0.0017037214886085404,0.0014915691569053241,0,0
cdc60a53,1921,7631,1753,5878,77.02791246232474,12268.0,12267.0,11207.88,11218.85,10.970000000001164,10.970000000001164,5877.0,0.0018665986047305026,True,False,True,10515.0,18145.0,1.0,True,2903214.42,2907832.98,1034740.78,1040162.64,-9171.71,-8418.39,10406.45,11366.45,960.0,22.82,168.04,0.5,True,10418.97,11218.92,799.9500000000007,11188.23,11218.92,12.519999999998618,147.53000000000065,781.7799999999988,147.53000000000065,True,True,complete,53.62337832525226,55.29091527730521,255,37.11608537220198,0.0,-0.8344471556801105,0.06125018915897419,-0.008545454545500047,-0.007039135654265747,-0.004896909690968734,0,0
ce55ba43,1288,5658,1554,4104,72.53446447507953,12703.0,12702.0,11432.77,11446.97,14.199999999998909,14.199999999998909,4103.0,0.0034608822812573505,True,False,True,11149.0,16806.0,1.0,True,2988705.33,2991454.28,1101777.8,1106430.0,-9320.31,-8854.83,10951.37,11594.55,643.1799999999985,27.21,224.46,0.5,True,10963.73,11458.36,494.630000000001,11432.65,11458.36,12.359999999998763,136.1899999999987,481.27999999999884,136.1899999999987,True,True,complete,63.52067868504771,64.10818713450293,15,3.881987577639751,0.0,-0.7749740988462855,0.21265644347906146,-0.0014545454543541153,-0.004209363745519749,-0.02459261926192875,0,0
ce8399b7,4435,3548,1933,1615,45.51860202931229,11965.0,11964.0,11184.3,11179.28,-5.019999999998618,5.019999999998618,1614.0,-0.0031102850061949304,True,False,True,10032.0,13579.0,1.0,True,2936969.54,2938946.19,1060994.5,1063164.07,-8899.72,-7882.889999999999,10224.73,11331.96,1107.2299999999996,22.58,196.86,0.25,True,10237.27,11204.39,967.119999999999,11179.04,11187.15,12.540000000000873,127.56999999999971,954.3100000000013,144.8099999999995,True,True,complete,5.890642615558061,3.7151702786377707,13,46.200676437429536,0.0,-0.992600275979598,-0.3581599143591573,0.023878787878283594,0.027225930372189143,0.010616021602156588,0,0
cf50c9d1,3786,6634,1776,4858,73.22882122399758,12193.0,12192.0,11223.79,11179.39,-44.400000000001455,44.400000000001455,4857.0,-0.009141445336627847,True,False,True,10417.0,17050.0,1.0,True,2931139.92,2935252.21,1054732.27,1059200.86,-9071.86,-8281.58,10386.77,11331.96,945.1899999999987,22.58,196.86,0.25,True,10399.19,11227.05,827.8599999999988,11179.35,11223.77,12.420000000000073,104.90999999999985,792.5799999999999,108.18999999999869,True,True,complete,17.108833283087126,16.1177439275422,253,36.9783412572636,0.0,-0.8716645815125849,-0.06306337192419671,-0.013757575757580477,-0.004667947178862369,-0.0033720372037167943,0,0
d00e7eb9,806,7321,1617,5704,77.91285343532304,11740.0,11739.0,10932.16,10924.31,-7.850000000000364,7.850000000000364,5703.0,-0.0013764685253376055,True,False,True,10123.0,17443.0,1.0,True,2890122.21,2894567.81,1029360.26,1034493.97,-8965.69,-7994.98,10158.45,10963.45,805.0,42.2,195.2,1.0,True,10170.78,10934.4,763.619999999999,10917.820000000002,10934.4,12.329999999999927,29.05000000000109,759.3700000000008,29.05000000000109,True,True,complete,46.89250102445021,48.68513323983169,25,41.563275434243174,0.0,-0.9456875984199538,-0.20521541165407153,0.014424242424624815,0.008282352941159825,0.009306270627072073,0,0
d011f41b,1503,3906,1639,2267,58.0389144905274,12133.0,12132.0,11169.75,11163.820000000002,-5.929999999998472,5.929999999998472,2266.0,-0.002616946160634807,True,False,True,10494.0,14399.0,1.0,True,2971708.16,2974139.41,1093546.86,1096142.24,-8971.47,-8266.8,10560.53,11311.5,750.9699999999993,33.05,256.22,0.5,True,10572.9,11170.97,598.0699999999997,11149.070000000002,11170.97,12.369999999998981,140.53000000000065,588.5400000000009,140.53000000000065,True,True,complete,4.505888376856118,4.499338332598148,5,21.756487025948104,0.0,-0.981054374819,-0.14035510881065294,0.04375757575748626,0.04513277310929176,0.039656705670557194,0,0
d07aed8f,2175,4709,1752,2957,62.79464854533872,13531.0,13530.0,12375.28,12379.08,3.7999999999992724,3.7999999999992724,2956.0,0.0012855209742893344,True,False,True,11779.0,16487.0,1.0,True,3022325.51,3023822.86,1090749.41,1094672.94,-10458.52,-9603.34,11566.1,12652.570000000002,1086.4700000000012,29.83,208.63,0.5,True,11578.27,12384.86,806.5900000000001,12375.29,12384.86,12.170000000000073,267.71000000000095,809.1900000000005,267.71000000000095,True,True,complete,29.496708430664686,33.04024349002368,171,50.758620689655174,0.0,-0.9979113790185623,-0.8926629841707712,0.01000000000035355,0.00830684273711304,0.00801530153013623,0,0
d085e611,1628,7852,1661,6191,78.84615384615384,11990.0,11989.0,10911.490000000002,10899.490000000002,-12.0,12.0,6190.0,-0.0019386106623586429,True,False,True,10329.0,18180.0,1.0,True,2994436.62,2996952.54,1115223.25,1122149.3,-9090.17,-8140.219999999999,10207.83,11021.27,813.4400000000005,30.96,207.46,0.5,True,10220.12,10935.52,715.3999999999996,10899.08,10935.52,12.290000000000873,85.75,691.25,85.75,True,True,complete,47.10901681100357,48.11823614924891,22,28.68550368550369,0.0,-0.8845958068765959,-0.26239940612817436,-0.04757575757590757,-0.05139303721487911,-0.05987140714071086,0,0
d0a0e7b5,1318,5423,1607,3816,70.36695555965333,12253.0,12252.0,10903.08,10919.0,15.920000000000073,15.920000000000073,3815.0,0.004173001310616009,True,False,True,10646.0,16068.0,1.0,True,2990488.32,2990793.32,1114906.27,1120036.82,-8901.82,-8389.52,10362.820000000002,11021.27,658.4499999999989,30.96,183.96,0.5,True,10374.96,10920.61,545.6500000000015,10902.62,10920.61,12.139999999997599,100.65999999999985,539.7999999999993,100.65999999999985,True,True,complete,13.313664023603172,13.915094339622641,10,11.911987860394538,0.0,-0.8770668586400456,0.038059072325598735,0.018545454545322287,0.019580312124872958,0.011652865286515993,0,0
d0a43760,2881,5502,1461,4041,73.44601962922573,12098.0,12097.0,11180.53,11180.96,0.42999999999847205,0.42999999999847205,4040.0,0.00010643564356397822,True,False,True,10637.0,16138.0,1.0,True,2941582.8,2945169.93,1056103.01,1059945.11,-9098.26,-8521.11,10612.820000000002,11331.96,719.1399999999976,22.58,169.79,0.25,True,10625.23,11188.320000000002,563.090000000002,11177.43,11188.320000000002,12.409999999998035,143.6399999999976,564.6099999999988,143.6399999999976,True,True,complete,1.4721919302071973,1.2620638455827766,7,17.181534189517528,0.0,-0.9907239625873543,0.12412078797414933,-0.013818181817850448,-0.013189435774323363,-0.019779837983795595,0,0
d0cb63ae,1769,6859,1636,5223,76.14812654905963,11739.0,11738.0,11044.69,11044.69,0.0,0.0,5222.0,0.0,True,False,True,10103.0,16961.0,1.0,True,3003844.12,3008215.86,1136150.55,1140648.37,-8826.06,-8063.43,10238.45,11122.45,884.0,38.91,273.82,0.5,True,10250.89,11050.01,799.1200000000008,11007.81,11050.01,12.43999999999869,72.44000000000051,769.3599999999988,72.44000000000051,True,True,complete,33.2409972299169,36.358414704192995,10,36.29169022046354,0.0,-0.6437231253331283,-0.23637303386351655,0.026060606060682518,0.03399519807923365,0.03735895589558236,0,0
d114d9c2,1287,7543,1337,6206,82.27495691369482,11933.0,11932.0,10965.77,10958.27,-7.5,7.5,6205.0,-0.0012087026591458502,True,False,True,10596.0,18138.0,1.0,True,2880037.83,2884921.9,1020932.05,1026360.75,-8869.56,-8427.42,10467.63,11110.62,642.9900000000016,38.67,204.21,0.5,True,10480.17,10973.67,493.5,10949.86,10973.67,12.540000000000873,136.95000000000073,482.2300000000014,136.95000000000073,True,True,complete,44.305979053427016,46.664518208185626,13,6.915306915306915,0.0,-0.7769480100606594,-0.016662469663182168,2.0704936653705354e-13,-0.0027875150059856716,-0.000779297929780075,0,0
d1457cc5,2195,8443,1523,6920,81.9613881321805,11291.0,11290.0,10704.67,10709.87,5.200000000000728,5.200000000000728,6919.0,0.0007515536927302685,True,False,True,9768.0,18210.0,1.0,True,2864994.13,2870202.99,1025149.71,1030918.69,-8563.23,-7625.76,9748.45,10845.45,1097.0,22.7,209.56,0.5,True,9760.68,10717.3,956.619999999999,10691.03,10717.3,12.229999999999563,128.15000000000146,942.5799999999999,128.15000000000146,True,True,complete,29.527419163804336,28.78612716763006,12,41.82232346241458,0.0,-0.950954137379985,0.3072713714797062,-0.016545454546096378,-0.01078559423770979,0.0060675667566676104,0,0
d1ecf309,2018,7864,1696,6168,78.43336724313326,12126.0,12125.0,11040.04,11055.41,15.369999999998981,15.369999999998981,6167.0,0.0024922977136369357,True,False,True,10430.0,18293.0,1.0,True,3004882.5,3005124.21,1122664.69,1129858.09,-9159.55,-8301.53,10113.95,11122.45,1008.5,38.91,273.82,0.5,True,10126.34,11058.88,932.539999999999,11032.43,11058.88,12.389999999999418,63.57000000000153,918.4799999999996,63.57000000000153,True,True,complete,48.11800610376399,53.58300907911803,25,44.15262636273538,0.0,-0.904340663224144,-0.4037488139438772,-0.016969696970028213,-0.016414405762289336,-0.016307890789089802,0,0
d1ee630d,1652,7879,1589,6290,79.832466048991,12227.0,12226.0,11345.820000000002,11354.820000000002,9.0,9.0,6289.0,0.0014310701224359993,True,False,True,10638.0,18516.0,1.0,True,2994516.19,2997140.72,1107752.04,1114710.1,-9358.23,-8369.59,10712.36,11537.41,825.0499999999993,28.58,224.14,0.5,True,10724.85,11365.06,640.2099999999991,11345.86,11365.06,12.489999999999782,172.35000000000036,633.5,172.35000000000036,True,True,complete,40.62698311968524,42.71860095389507,11,26.876513317191282,0.0,-0.840182066986869,-0.16573531961567856,0.0353939393938275,0.03967731092436545,0.039853765376531514,0,0
d217e0c5,1985,5713,1875,3838,67.18011552599334,12779.0,12778.0,11432.02,11441.93,9.909999999999854,9.909999999999854,3837.0,0.002582746937711716,True,False,True,10904.0,16616.0,1.0,True,2992514.89,2994418.09,1090835.5,1095722.65,-9639.7,-8673.12,10602.92,11594.55,991.6299999999992,27.21,224.46,0.5,True,10615.3,11442.47,827.1700000000001,11424.240000000002,11442.16,12.3799999999992,152.07999999999993,821.3200000000015,152.38999999999942,True,True,complete,13.110449851216524,13.21000521104742,9,37.632241813602015,0.0,-0.9740927858647626,-0.3104631767420772,2.7467733793495677e-13,0.0013186074430266796,0.0026952295229511133,0,0
d24ff243,1556,7116,1475,5641,79.27206295671726,12124.0,12123.0,11207.43,11208.43,1.0,1.0,5640.0,0.0001773049645390071,True,False,True,10649.0,17764.0,1.0,True,2899718.79,2904279.25,1020669.53,1025652.24,-9309.06,-8574.19,10588.95,11366.45,777.5,22.82,168.04,0.5,True,10601.13,11216.5,615.3700000000008,11200.47,11216.5,12.179999999998472,149.95000000000073,611.5199999999986,149.95000000000073,True,True,complete,23.903878583473862,26.360574366247118,14,22.36503856041131,0.0,-0.9610990021190912,0.0853056432263155,-0.041454545454828615,-0.029865066026438004,-0.025034143414342108,0,0
d273674e,5106,5738,1839,3899,67.9505054025793,13094.0,13093.0,11954.09,11965.76,11.670000000000073,11.670000000000073,3898.0,0.0029938429964084332,True,False,True,11255.0,16992.0,1.0,True,3011767.85,3013722.72,1100070.21,1104780.82,-10052.07,-9142.24,10880.7,12156.95,1276.25,27.79,203.62,0.25,True,10893.09,11965.76,1072.67,11947.08,11965.76,12.389999999999418,191.1900000000005,1066.3799999999992,191.1900000000005,True,True,complete,19.780411293133497,20.671967171069504,12,53.81903642773208,0.0,-0.9809781853085527,-0.6304241813368671,-0.00569696969681939,-0.0072004801920612545,-0.008131413141297195,0,0
d2f3b1ab,1497,7018,1437,5581,79.52408093473923,12179.0,12178.0,11157.1,11141.47,-15.630000000001019,15.630000000001019,5580.0,-0.002801075268817387,True,False,True,10742.0,17759.0,1.0,True,2906135.93,2910633.09,1027177.14,1032189.28,-9411.01,-8681.8,10618.45,11366.45,748.0,22.82,168.04,0.5,True,10630.570000000002,11189.02,558.4499999999989,11141.2,11189.02,12.1200000000008,177.4300000000003,522.75,177.4300000000003,True,True,complete,22.12881162724423,23.884608493101595,9,19.305277221108884,0.0,-0.8848435821581223,-0.07601915940200568,0.01696969696952437,0.017982232893160068,0.021039603960385928,0,0
d3df146b,2962,7252,1465,5787,79.79867622724765,13001.0,13000.0,12209.54,12235.18,25.639999999999418,25.639999999999418,5786.0,0.004431386104389806,True,False,True,11536.0,18787.0,1.0,True,3027304.01,3027348.86,1115021.97,1121802.08,-10217.5,-9393.21,11585.820000000002,12325.65,739.8299999999981,26.38,168.11,0.25,True,11598.14,12235.18,637.0400000000009,12207.53,12235.18,12.31999999999789,90.46999999999935,621.7099999999991,90.46999999999935,True,True,complete,27.7992277992278,29.428028339381374,9,23.058744091829844,0.0,-0.9388107782079576,0.18637468968243592,0.008545454545264909,0.0048196878751461,0.00683018301831999,0,0
d40f61d5,1914,5880,1841,4039,68.69047619047619,12202.0,12201.0,11201.06,11202.46,1.3999999999996362,1.3999999999996362,4038.0,0.0003467062902426043,True,False,True,10361.0,16240.0,1.0,True,2909166.73,2912802.39,1035967.18,1039886.66,-9199.06,-8271.17,10409.95,11366.45,956.5,22.82,168.04,0.5,True,10422.13,11209.09,786.960000000001,11191.820000000002,11209.09,12.179999999998472,157.36000000000058,781.8700000000008,157.36000000000058,True,True,complete,15.459183673469386,15.424610051993067,9,36.886102403343784,0.0,-0.9748128379580194,-0.2034202176625047,-0.03127272727252249,-0.02541848739493019,-0.009092649264920032,0,0
d41beaf2,3712,6592,1839,4753,72.10254854368931,12276.0,12275.0,11225.78,11210.21,-15.570000000001528,15.570000000001528,4752.0,-0.003276515151515473,True,False,True,10437.0,17028.0,1.0,True,2931398.01,2935527.61,1054977.94,1059448.6,-9050.46,-8301.07,10405.25,11331.96,926.7099999999991,22.58,196.86,0.25,True,10417.62,11229.27,811.6499999999996,11196.54,11229.27,12.3700000000008,102.68999999999869,791.2900000000009,102.68999999999869,True,True,complete,26.941747572815533,28.52934988428361,165,35.72198275862069,0.0,-0.8660024713550946,-0.2954975316093384,-0.003999999999754357,-0.005055942376979069,-0.00041842184218790626,0,0
d463e527,5023,6991,2224,4767,68.18766986125017,13750.0,13749.0,12211.240000000002,12209.12,-2.1200000000008004,2.1200000000008004,4766.0,-0.0004448174569871591,True,False,True,11526.0,18516.0,1.0,True,3024630.71,3024713.99,1108616.44,1114879.48,-10291.65,-9218.26,11070.64,12325.65,1255.0100000000002,26.38,179.08999999999995,0.25,True,11083.05,12230.01,1146.960000000001,12198.42,12230.01,12.409999999999854,95.63999999999942,1127.7800000000007,95.63999999999942,True,True,complete,5.0922614790444864,5.747849800713237,7,54.628707943460086,0.0,-0.9644714408510567,0.024356494501224714,8.21619995182199e-14,-0.0024470588235063723,0.0008406840684159081,0,0
d4f60a28,2696,6435,1934,4501,69.94560994560995,13478.0,13477.0,12546.48,12545.43,-1.0499999999992724,1.0499999999992724,4500.0,-0.00023333333333317165,True,False,True,11544.0,17978.0,1.0,True,3020945.84,3024448.65,1082813.14,1087378.88,-10566.56,-9433.75,11527.38,12874.68,1347.300000000001,27.93,198.11,0.5,True,11539.83,12551.97,1012.1399999999994,12533.19,12551.97,12.450000000000728,322.71000000000095,1005.8100000000013,322.71000000000095,True,True,complete,36.00621600621601,37.32503888024883,157,57.15875370919882,0.0,-0.9743247512175042,-0.7811866563447141,0.008484848484516779,0.0014525810323755333,-0.0017054905490589006,0,0
d50c649a,1518,6548,1675,4873,74.41967012828344,13050.0,13049.0,11914.25,11917.47,3.219999999999345,3.219999999999345,4872.0,0.0006609195402297506,True,False,True,11375.0,17922.0,1.0,True,3003950.74,3006124.19,1104479.99,1110204.53,-9859.75,-9210.99,11293.4,12051.84,758.4400000000005,32.93,238.11,0.5,True,11305.86,11929.14,623.2799999999988,11910.64,11929.14,12.460000000000946,122.70000000000073,617.2399999999998,122.70000000000073,True,True,complete,29.99389126450825,33.182844243792324,7,20.75098814229249,0.0,-0.7311786029138772,-0.08476545141213858,0.024242424242325117,0.02613589435767974,0.02633297329734468,0,0
d543916f,1426,6281,1482,4799,76.40503104601179,11885.0,11884.0,10875.77,10882.56,6.789999999999054,6.789999999999054,4798.0,0.0014151729887451135,True,False,True,10403.0,16683.0,1.0,True,2991722.46,2993226.14,1114342.2,1120073.87,-8961.93,-8199.75,10308.83,11021.27,712.4400000000005,30.96,207.46,0.5,True,10321.18,10898.54,577.3600000000006,10870.83,10898.54,12.350000000000364,122.72999999999956,562.0,122.72999999999956,True,True,complete,48.84572520299316,52.19837466138779,9,18.583450210378682,0.0,-0.9339692162705904,0.047140675878955395,0.005757575757632123,-0.002306362545025264,-0.014909810981126283,0,0
d5df0ff5,1129,5490,1458,4032,73.44262295081967,13135.0,13134.0,12058.95,12036.12,-22.829999999999927,22.829999999999927,4031.0,-0.005663607045398146,True,False,True,11677.0,17166.0,1.0,True,3015348.91,3017768.04,1114635.68,1119356.78,-9878.7,-9464.01,11617.95,12181.95,564.0,34.4,156.51999999999998,0.5,True,11630.3,12063.98,433.6800000000003,12034.16,12058.94,12.349999999998545,117.97000000000116,416.2099999999991,123.01000000000022,True,True,complete,2.914389799635701,3.5218253968253967,4,0.0,0.0,-0.6586331037292242,0.2517056853112459,-0.005999999999523902,-0.005196158463389595,-0.00426210621062015,0,0
d60430e6,735,4176,1665,2511,60.129310344827594,12198.0,12197.0,11204.22,11205.01,0.7900000000008731,0.7900000000008731,2510.0,0.00031474103585692155,True,False,True,10533.0,14708.0,1.0,True,2992715.7,2993713.9,1114181.18,1117793.96,-9014.04,-8346.91,10504.45,11238.45,734.0,33.81,433.58,1.0,True,10516.27,11216.25,699.9799999999996,11189.5,11208.89,11.819999999999709,22.200000000000728,685.0499999999993,29.56000000000131,True,True,complete,33.71647509578544,40.54161688570291,15,31.564625850340132,0.0,-0.9566059219360972,-0.34057980765499934,-0.015696969696834297,-0.012743337334984586,-0.01175205520550205,0,0
d63196fe,1520,5881,1371,4510,76.68763815677606,13089.0,13088.0,12057.08,12025.54,-31.539999999999054,31.539999999999054,4509.0,-0.006994899090707264,True,False,True,11718.0,17598.0,1.0,True,2923136.34,2926234.68,1019293.66,1023920.37,-10174.4,-9633.35,11443.45,12202.95,759.5,18.53,317.9,0.5,True,11455.92,12062.3,606.3799999999992,12025.54,12058.13,12.469999999999345,140.65000000000146,582.0900000000001,144.82000000000153,True,True,complete,16.340758374426116,18.070953436807095,11,0.0,0.0,-0.8746978654980838,-0.13134041456879608,-0.00224242424276755,-0.00663865546223089,-0.011545694569424652,0,0
d6c320d9,1506,6946,1494,5452,78.49121796717536,12275.0,12274.0,11167.64,11185.34,17.700000000000728,17.700000000000728,5451.0,0.0032471106219043714,True,False,True,10781.0,17726.0,1.0,True,2907215.42,2911689.11,1028256.25,1033113.57,-9430.75,-8692.54,10613.95,11366.45,752.5,22.82,168.04,0.5,True,10626.13,11185.34,559.210000000001,11165.42,11185.34,12.179999999998472,181.11000000000058,551.4699999999993,181.11000000000058,True,True,complete,3.6279873308378923,3.6867204695524576,3,19.787516600265604,0.0,-0.9095778110926579,-0.06795856356173044,2.731890253449505e-13,0.0014472989195616613,0.0010927692769363401,0,0
d6dd7330,3158,7660,1467,6193,80.8485639686684,13125.0,13124.0,11943.55,11939.820000000002,-3.7299999999977445,3.7299999999977445,6192.0,-0.0006023901808781887,True,False,True,11658.0,19317.0,1.0,True,3005051.59,3007633.61,1097436.45,1104313.54,-9918.77,-9382.41,11367.7,12156.95,789.25,27.79,203.62,0.25,True,11380.05,11969.83,589.7800000000007,11932.88,11969.83,12.349999999998545,187.1200000000008,565.1799999999985,187.1200000000008,True,True,complete,6.3054830287206265,6.830292265461005,12,25.332488917036102,0.0,-0.7351496876212853,-0.48737893700900947,-0.011454545454536684,-0.010792316926845378,-0.009675007500761982,0,0
d7ba4f9d,1641,7771,1748,6023,77.50611246943765,13708.0,13707.0,12606.42,12597.29,-9.1299999999992,9.1299999999992,6022.0,-0.0015161076054465625,True,False,True,11960.0,19730.0,1.0,True,3005375.59,3009627.94,1066683.8,1072627.25,-10642.22,-9687.21,11928.95,12748.95,820.0,29.71,233.85,0.5,True,11941.06,12612.52,671.460000000001,12597.29,12612.52,12.109999999998763,136.4300000000003,668.3400000000001,136.4300000000003,True,True,complete,31.334448590914942,32.707952847418234,67,34.064594759293115,0.0,-0.8572693994047839,-0.5354525664655677,-0.007515151514551965,-0.002481152461000411,0.0009237323732319071,0,0
d7eb0be8,2094,7208,1807,5401,74.93063263041066,13860.0,13859.0,12730.83,12727.41,-3.4200000000000728,3.4200000000000728,5400.0,-0.0006333333333333468,True,False,True,12053.0,19260.0,1.0,True,3031832.9,3036837.73,1088840.22,1093407.09,-10681.78,-9914.62,11940.95,12987.45,1046.5,21.06,218.7,0.5,True,11953.16,12783.73,830.5699999999997,12727.41,12783.73,12.209999999999127,203.72000000000116,786.4599999999991,203.72000000000116,True,True,complete,4.661487236403995,4.8139233475282355,4,61.27029608404967,16.666666666666664,-0.9749524491795445,-0.24712918147006915,0.01872727272727165,0.016169027611017798,0.02236843684367519,0,0
d84b621b,1892,5746,1752,3994,69.50922380786633,12316.0,12315.0,11205.51,11190.48,-15.030000000000655,15.030000000000655,3993.0,-0.0037640871525170686,True,False,True,10564.0,16309.0,1.0,True,2901124.54,2904535.56,1027708.05,1031649.92,-9284.42,-8539.65,10420.95,11366.45,945.5,22.82,168.04,0.5,True,10433.4,11230.64,797.2399999999998,11178.4,11205.47,12.449999999998909,135.8100000000013,757.4499999999989,160.98000000000138,True,True,complete,27.027497389488342,32.07310966449675,15,36.1522198731501,0.0,-0.9259434804763204,-0.4199314533049836,-0.03727272727271297,-0.03155342136856935,-0.0312948694869449,0,0
d90aa14c,864,12141,2123,10018,82.51379622765835,12122.0,12121.0,10916.87,10892.02,-24.850000000000364,24.850000000000364,10017.0,-0.002480782669461951,True,False,True,9999.0,22139.0,1.0,True,2882925.75,2890466.31,1033681.91,1042451.79,-8756.96,-7946.92,10100.45,10963.45,863.0,42.2,195.2,1.0,True,10112.570000000002,10940.84,828.2699999999986,10892.02,10940.84,12.1200000000008,22.610000000000582,791.5699999999997,22.610000000000582,True,True,complete,40.34264063915658,38.64044719504891,24,45.48611111111111,0.0,-0.6342531808194788,-0.33899549833629206,-0.03672727272720113,-0.037285474189690755,-0.03615739573958794,0,0
d924e971,4518,5308,2124,3184,59.984928409947244,13108.0,13107.0,12029.45,12098.320000000002,68.8700000000008,68.8700000000008,3183.0,0.021636820609488155,True,False,True,10984.0,16291.0,1.0,True,3005718.57,3007274.18,1105424.14,1109799.33,-9834.49,-8825.64,11027.7,12156.95,1129.25,27.79,203.62,0.25,True,11040.19,12098.320000000002,1058.130000000001,12029.51,12098.320000000002,12.489999999999782,58.6299999999992,1001.8099999999995,58.6299999999992,True,True,complete,10.81386586284853,6.469849246231156,229,47.808764940239044,0.0,-0.960828449310461,-0.1462616409603196,0.06096969697009982,0.06812340936374991,0.07255139513949194,0,0
d9ae59b2,1506,5150,1502,3648,70.83495145631068,12402.0,12401.0,11039.17,11035.46,-3.710000000000946,3.710000000000946,3647.0,-0.0010172744721691654,True,False,True,10900.0,16049.0,1.0,True,3010593.8,3013532.12,1119706.29,1123346.65,-9599.81,-8790.84,10369.95,11122.45,752.5,38.91,273.82,0.5,True,10382.31,11043.23,660.9200000000001,11026.26,11039.68,12.359999999998763,79.22000000000116,656.3099999999995,82.77000000000044,True,True,complete,42.09708737864077,43.146929824561404,12,25.166002656042497,0.0,-0.917625399213994,0.050798612945818576,0.008545454545657527,0.00838607442983903,0.008027962796257131,0,0
d9d6d94d,1686,6660,1741,4919,73.85885885885885,13773.0,13772.0,12625.34,12622.990000000002,-2.349999999998545,2.349999999998545,4918.0,-0.0004778365189098302,True,False,True,12032.0,18691.0,1.0,True,3018723.96,3021711.54,1081368.17,1086712.8,-10575.79,-9863.65,12030.95,12873.45,842.5,34.36,207.01,0.5,True,12043.47,12641.33,597.8600000000006,12608.83,12641.33,12.519999999998618,232.1200000000008,577.8799999999992,232.1200000000008,True,True,complete,16.56156156156156,16.243138849359624,7,36.5361803084223,0.0,-0.8775438224362326,-0.635392424471145,-0.026242424242553616,-0.027187995198066105,-0.02895601560154121,0,0
d9eca87b,1738,7932,1559,6373,80.34543620776601,11804.0,11803.0,10984.61,10901.58,-83.03000000000065,83.03000000000065,6372.0,-0.013030445699937328,True,False,True,10245.0,18176.0,1.0,True,2882032.56,2887109.11,1022510.66,1027943.74,-8887.25,-8185.82,10242.13,11110.62,868.4900000000016,38.67,210.4,0.5,True,10254.4,10985.69,731.2900000000009,10901.58,10984.59,12.270000000000437,124.93000000000029,659.4500000000007,126.03000000000065,True,True,complete,56.63136661623802,58.732151263141375,18,31.070195627157656,0.0,-0.9043596592041548,-0.12605316262525543,-0.013272727272240228,-0.011717166866664793,-0.009957155715577008,0,0
da2d4d7c,1130,3567,1453,2114,59.26548920661621,13007.0,13006.0,12250.56,12251.64,1.0799999999999272,1.0799999999999272,2113.0,0.000511121628017003,True,False,True,11554.0,15120.0,1.0,True,2999292.44,3000722.2,1086717.99,1089711.34,-9929.7,-9352.61,11802.45,12366.95,564.5,31.86,215.44,0.5,True,11814.72,12258.75,444.03000000000065,12246.78,12258.75,12.269999999998618,108.20000000000073,444.3299999999999,108.20000000000073,True,True,complete,24.558452481076536,32.02459791863765,10,9.380530973451327,0.0,-0.9751980075864728,0.08084458991727096,0.029030303030576375,0.004625690276061861,0.0009195919591809797,0,0
da3bfe4e,1350,7107,1558,5549,78.07795131560434,12020.0,12019.0,10996.19,10964.84,-31.350000000000364,31.350000000000364,5548.0,-0.005650684931506915,True,False,True,10462.0,17568.0,1.0,True,2888923.34,2893746.15,1019975.97,1024774.5,-9034.87,-8409.02,10436.13,11110.62,674.4900000000016,38.67,204.21,0.5,True,10448.2,10999.81,551.6099999999988,10948.22,10996.2,12.070000000001528,110.81000000000131,512.0900000000001,114.42000000000007,True,True,complete,53.862389193752634,58.460983961074064,23,11.25925925925926,0.0,-0.8827335330499082,0.1042851345974701,0.0024242424237213614,0.008467226890757495,0.005194359435919212,0,0
da3cf798,1824,7591,1747,5844,76.98590436042683,11849.0,11848.0,10779.490000000002,10797.15,17.659999999998035,17.659999999998035,5843.0,0.003022419989730966,True,False,True,10102.0,17692.0,1.0,True,2930993.35,2935561.88,1064447.65,1069816.01,-8674.18,-7906.42,9970.17,10881.6,911.4300000000003,26.08,142.61999999999998,0.5,True,9982.37,10805.17,822.7999999999993,10779.53,10805.17,12.200000000000728,76.43000000000029,809.3600000000006,76.43000000000029,True,True,complete,49.32156501119747,51.74537987679672,22,43.03728070175439,0.0,-0.7800410238205099,-0.38119550342811864,0.035575757575275486,0.03252917166869918,0.019010321032067092,0,0
da940160,2081,6792,1660,5132,75.55948174322734,12437.0,12436.0,11367.19,11378.81,11.619999999998981,11.619999999998981,5131.0,0.002264665757162148,True,False,True,10777.0,17568.0,1.0,True,3006995.33,3007160.65,1116392.68,1122629.44,-9393.11,-8612.52,10497.93,11537.41,1039.4799999999996,28.58,224.14,0.5,True,10510.13,11387.11,876.9800000000014,11367.2,11387.11,12.199999999998909,150.29999999999927,869.2700000000004,150.29999999999927,True,True,complete,33.89281507656066,37.58768511301637,9,41.950985103315716,0.0,-0.9550114912211308,-0.11487566627925369,0.009454545454598019,0.011299399759852792,0.010994119411948514,0,0
dafc88c3,1330,7187,1615,5572,77.52887157367469,12363.0,12362.0,11194.320000000002,11205.2,10.8799999999992,10.8799999999992,5571.0,0.0019529707413389337,True,False,True,10748.0,17934.0,1.0,True,2898374.34,2903034.31,1019400.48,1024545.48,-9278.87,-8673.17,10701.95,11366.45,664.5,22.82,168.04,0.5,True,10714.14,11208.6,494.46000000000095,11187.86,11208.6,12.18999999999869,157.85000000000036,485.90999999999985,157.85000000000036,True,True,complete,4.842075970502296,4.971284996410624,6,9.172932330827068,0.0,-0.9445053138091376,-0.046001769078812156,0.017515151515212924,0.0026031212485263583,-0.0030660666066631664,0,0
dbee6c86,2045,9114,1745,7369,80.85363177529075,13651.0,13650.0,12591.84,12591.88,0.039999999999054126,0.039999999999054126,7368.0,5.428881650251646e-06,True,False,True,11906.0,21019.0,1.0,True,3006402.0,3009822.78,1074484.65,1082397.87,-10396.92,-9629.16,11726.95,12748.95,1022.0,29.71,233.85,0.5,True,11739.36,12602.23,862.869999999999,12583.64,12602.23,12.409999999999854,146.72000000000116,856.6899999999987,146.72000000000116,True,True,complete,5.1020408163265305,5.061745148595468,8,47.090464547677264,0.0,-0.7747563301523167,-0.35960999670189087,8.072822431954132e-15,-0.0026852340936527833,-0.002172097209735187,0,0
dc5fbe29,1869,6555,1352,5203,79.37452326468345,12650.0,12649.0,12047.1,12038.13,-8.970000000001164,8.970000000001164,5202.0,-0.0017243367935411695,True,False,True,11298.0,17852.0,1.0,True,2922389.41,2925927.29,1018222.26,1023201.15,-10208.63,-9280.52,11268.95,12202.95,934.0,18.53,317.9,0.5,True,11281.4,12053.0,771.6000000000004,12024.11,12053.0,12.449999999998909,149.95000000000073,755.1599999999999,149.95000000000073,True,True,complete,33.39435545385202,36.86334806842206,13,0.0,0.0,-0.970922565329699,-0.36607340112961956,-0.019999999999793423,-0.018634813925539603,-0.01745460546053247,0,0
dc7da28f,1005,6672,1898,4774,71.55275779376498,11987.0,11986.0,10955.19,10975.41,20.219999999999345,20.219999999999345,4773.0,0.004236329352608285,True,False,True,10089.0,16760.0,1.0,True,2890976.5,2895303.46,1023092.62,1027351.34,-9089.52,-8064.540000000001,10074.19,11077.56,1003.369999999999,23.92,192.06,1.0,True,10085.86,10975.41,889.5499999999993,10948.98,10975.41,11.670000000000073,102.14999999999964,874.789999999999,102.14999999999964,True,True,complete,7.374100719424461,6.1164641809803095,7,0.0,0.0,-0.9876393146678866,-0.43552526704303685,0.016303030302968227,0.026723169267699593,0.03332985298531656,0,0
dc7f9757,1850,6203,1843,4360,70.28857004675157,12320.0,12319.0,11050.320000000002,11035.12,-15.200000000000728,15.200000000000728,4359.0,-0.003487038311539511,True,False,True,10477.0,16679.0,1.0,True,3003738.1,3003924.71,1122955.22,1128588.77,-9110.9,-8289.04,10197.95,11122.45,924.5,38.91,273.82,0.5,True,10210.05,11063.1,853.0500000000011,11035.06,11053.51,12.099999999998545,59.350000000000364,837.1099999999988,68.94000000000051,True,True,complete,53.715943898113814,59.95412844036697,23,39.08108108108108,0.0,-0.9703408805122117,-0.25175881545079304,-0.05096969696900878,-0.04940024009603047,-0.048020702070215325,0,0
dd168de0,1756,5095,1791,3304,64.84789008832188,11863.0,11862.0,11002.35,11009.62,7.270000000000437,7.270000000000437,3303.0,0.0022010293672420334,True,False,True,10072.0,15166.0,1.0,True,2923535.81,2927140.18,1059944.66,1062931.78,-8657.94,-7951.68,10267.91,11145.28,877.3700000000008,23.41,153.88,0.5,True,10280.1,11018.59,738.4899999999998,10996.8,11011.64,12.19000000000051,126.69000000000051,728.8899999999994,133.64000000000124,True,True,complete,6.771344455348381,8.47457627118644,109,33.37129840546697,0.0,-0.901991559397894,-0.06438865660558941,-0.005151515151280758,0.00031692677072258735,0.008251185118516855,0,0
dd64382d,1975,5058,1934,3124,61.76354290233294,12000.0,11999.0,10824.14,10838.59,14.450000000000728,14.450000000000728,3123.0,0.004626961255203563,True,False,True,10066.0,15123.0,1.0,True,2951029.13,2953965.87,1083322.05,1086728.66,-8631.17,-7813.27,9976.97,10963.71,986.7399999999998,24.5,198.91,0.5,True,9989.51,10838.59,849.0799999999999,10822.94,10838.59,12.540000000000873,125.11999999999898,845.9700000000012,125.11999999999898,True,True,complete,57.92803479636219,62.644046094750315,27,43.18987341772152,0.0,-0.9524900578211998,-0.47440610787662063,0.0012727272726137675,0.002251140456117537,0.00621494149409925,0,0
dd6bc5b2,2554,5764,2162,3602,62.491325468424705,12217.0,12216.0,11145.39,11159.02,13.630000000001019,13.630000000001019,3601.0,0.003785059705637606,True,False,True,10055.0,15818.0,1.0,True,2974546.92,2977541.78,1092323.86,1096280.58,-9062.16,-7809.6,10035.05,11311.5,1276.4500000000007,33.05,256.22,0.5,True,10047.17,11165.740000000002,1118.5700000000015,11140.62,11165.740000000002,12.1200000000008,145.7599999999984,1105.5700000000015,145.7599999999984,True,True,complete,9.333795975017349,11.910049972237646,6,53.95458104933438,0.0,-0.9899650135652001,-0.40869572148732425,-0.016545454545094103,-0.016111404561881273,-0.008872427242714018,0,0
dd7d638e,1875,6046,1745,4301,71.1379424412835,12246.0,12245.0,11194.27,11207.78,13.510000000000218,13.510000000000218,4300.0,0.00314186046511633,True,False,True,10501.0,16546.0,1.0,True,2910219.4,2913823.04,1042149.74,1046257.35,-9079.63,-8306.08,10414.320000000002,11350.94,936.619999999999,45.46,226.9,0.5,True,10426.44,11207.78,781.3400000000001,11185.08,11207.78,12.119999999998981,143.15999999999985,770.7599999999984,143.15999999999985,True,True,complete,33.55937810122395,37.17740060451058,13,36.96,0.0,-0.9382312455550138,-0.5209374601926026,-0.007757575757921191,-0.007828571428578493,-0.003883648364844178,0,0
ddc790ff,2250,6468,1742,4726,73.0674087816945,12610.0,12609.0,11314.96,11305.43,-9.529999999998836,9.529999999998836,4725.0,-0.0020169312169309706,True,False,True,10868.0,17335.0,1.0,True,3010432.73,3010555.53,1116576.65,1122518.37,-9479.88,-8719.5,10413.45,11537.41,1123.9599999999991,28.58,224.14,0.5,True,10425.67,11319.83,894.1599999999999,11304.67,11319.83,12.219999999999345,217.57999999999993,891.2199999999993,217.57999999999993,True,True,complete,41.465677179962896,41.34574693186627,15,46.31111111111111,0.0,-0.9466465949910401,-0.6393508000261635,0.009030303029895952,0.006994957983209554,0.0066833483348327,0,0
df71d1ff,1670,7879,1651,6228,79.04556415788807,12044.0,12043.0,10959.0,10960.86,1.860000000000582,1.860000000000582,6227.0,0.000298699213104317,True,False,True,10393.0,18271.0,1.0,True,2884372.11,2889256.65,1015274.35,1020883.12,-9220.1,-8258.67,10276.13,11110.62,834.4900000000016,38.67,210.4,0.5,True,10288.63,10970.05,681.4200000000001,10931.65,10970.05,12.5,140.57000000000153,655.5200000000004,140.57000000000153,True,True,complete,53.30625713923086,57.16120745022479,14,28.263473053892213,0.0,-0.8211165724644014,-0.04977859461246389,0.022969696969523824,0.024701560624275896,0.024689108910876056,0,0
df73b8f3,1958,7150,1839,5311,74.27972027972028,13572.0,13571.0,12554.65,12526.53,-28.11999999999898,28.11999999999898,5310.0,-0.005295668549905646,True,False,True,11733.0,18882.0,1.0,True,3002004.82,3005816.79,1066253.16,1071670.35,-10461.5,-9457.36,11770.45,12748.95,978.5,29.71,233.85,0.5,True,11782.7,12561.23,778.5299999999988,12514.29,12559.81,12.25,187.72000000000116,743.8400000000001,189.14000000000124,True,True,complete,62.97902097902098,65.58086989267558,19,44.73953013278856,0.0,-0.9104587647181649,-0.26147505275674854,0.009999999999848918,0.009308523409386005,0.00655985598560762,0,0
df8290be,1737,5675,1703,3972,69.99118942731278,12136.0,12135.0,11220.64,11236.81,16.170000000000073,16.170000000000073,3971.0,0.004072022160664838,True,False,True,10433.0,16107.0,1.0,True,2906846.43,2910259.11,1039434.25,1043390.44,-9098.85,-8400.93,10498.45,11366.45,868.0,22.82,168.04,0.5,True,10510.58,11244.16,733.5799999999999,11205.47,11244.16,12.1299999999992,122.29000000000087,707.0199999999986,122.29000000000087,True,True,complete,59.89427312775331,63.82175226586103,14,30.45480713874496,0.0,-0.9387837989844153,-0.3201860805242152,-0.039999999999986005,-0.04208115246100077,-0.04324176417642172,0,0
e0079ed1,3165,5257,1786,3471,66.0262507133346,11897.0,11896.0,10958.18,10954.38,-3.8000000000010914,3.8000000000010914,3470.0,-0.0010951008645536287,True,False,True,10111.0,15367.0,1.0,True,2956106.48,2959255.3,1081718.55,1085353.45,-8823.87,-7928.65,10345.45,11136.45,791.0,24.82,207.12,0.25,True,10357.98,10975.36,617.380000000001,10954.38,10975.36,12.529999999998836,161.09000000000015,608.9299999999985,161.09000000000015,True,True,complete,28.457295035191173,31.979256698357823,14,27.930489731437596,0.0,-0.9633206431137323,-0.29386750460535965,0.013757575757441458,0.011788715486182646,0.011678187818765898,0,0
e03b45fd,1955,7083,1741,5342,75.42001976563603,13846.0,13845.0,12806.71,12765.85,-40.85999999999876,40.85999999999876,5341.0,-0.007650252761654889,True,False,True,12105.0,19187.0,1.0,True,2946372.48,2949470.88,1014842.82,1020655.95,-10746.65,-9999.86,12004.95,12981.95,977.0,28.29,176.98999999999998,0.5,True,12017.27,12841.61,824.3400000000001,12765.85,12841.61,12.319999999999709,140.34000000000015,760.8999999999996,140.34000000000015,True,True,complete,38.924184667513764,44.64619992512168,56,42.96675191815857,0.0,-0.7206340167114497,-0.31671315315761583,0.03193939393954778,0.03217478991592966,0.03302166216622187,0,0
e0f36d98,1808,6714,1738,4976,74.11379207625856,12515.0,12514.0,11349.3,11365.36,16.06000000000131,16.06000000000131,4975.0,0.003228140703517851,True,False,True,10777.0,17490.0,1.0,True,2988391.76,2990055.55,1095288.23,1101406.3,-9330.88,-8510.58,10691.42,11594.55,903.1299999999992,27.21,224.46,0.5,True,10703.91,11374.5,670.5900000000001,11345.29,11374.5,12.489999999999782,220.04999999999927,653.8700000000008,220.04999999999927,True,True,complete,45.93386952636283,49.356913183279744,20,31.526548672566374,0.0,-0.951931110601977,-0.7156127161999545,-0.009999999999878748,-0.015147659063564257,-0.013241824182416557,0,0
e149204f,1340,7549,1452,6097,80.76566432640084,11935.0,11934.0,10965.53,10965.52,-0.010000000000218279,0.010000000000218279,6096.0,-1.6404199475423686e-06,True,False,True,10483.0,18031.0,1.0,True,2885350.63,2890080.39,1016083.14,1021575.58,-9135.92,-8365.46,10441.13,11110.62,669.4900000000016,38.67,204.21,0.5,True,10453.29,10973.08,519.789999999999,10956.28,10973.08,12.160000000001673,137.54000000000087,515.1500000000015,137.54000000000087,True,True,complete,56.15313286528016,59.99671969821223,263,10.597014925373134,0.0,-0.8228073874465678,-0.1304286329321259,0.020000000000570933,0.021321008403363026,0.015368916891697414,0,0
e14d641e,1864,4978,1794,3184,63.961430293290476,12231.0,12230.0,11231.85,11223.42,-8.430000000000291,8.430000000000291,3183.0,-0.0026484448633365665,True,False,True,10437.0,15414.0,1.0,True,2907877.52,2910803.18,1039918.12,1043324.71,-9099.5,-8354.03,10434.95,11366.45,931.5,22.82,168.04,0.5,True,10447.4,11235.73,788.3299999999999,11216.08,11235.73,12.449999999998909,130.72000000000116,781.1299999999992,130.72000000000116,True,True,complete,62.17356368019284,65.57788944723619,18,35.1931330472103,0.0,-0.9756840702103333,-0.42547360021778735,0.016727272727635457,0.015954381752714658,0.015040444044418882,0,0
e161bd0c,2243,4813,1864,2949,61.27155620195305,13320.0,13319.0,12218.58,12230.09,11.510000000000218,11.510000000000218,2948.0,0.0039043419267300603,True,False,True,11456.0,16268.0,1.0,True,3003204.2,3006039.34,1086825.01,1089748.58,-10063.46,-8981.02,11245.95,12366.95,1121.0,31.86,215.44,0.5,True,11258.43,12230.09,971.6599999999999,12211.8,12230.09,12.479999999999563,136.86000000000058,965.8499999999985,136.86000000000058,True,True,complete,46.39517972158737,53.950491692099014,79,54.3468568880963,0.0,-0.9928085016826067,-0.3202373874414227,0.0027272727275686544,0.002991596638700724,0.00685700570058553,0,0
e201fd6d,1898,6912,1842,5070,73.35069444444444,13690.0,13689.0,12517.570000000002,12522.58,5.009999999998399,5.009999999998399,5069.0,0.000988360623396804,True,False,True,11848.0,18759.0,1.0,True,3021785.03,3025656.44,1093767.44,1098800.18,-10611.15,-9801.21,11704.59,12652.570000000002,947.9800000000014,29.83,189.64,0.5,True,11716.740000000002,12528.21,811.4699999999975,12487.68,12528.21,12.150000000001455,124.3600000000024,783.0900000000001,124.3600000000024,True,True,complete,28.269675925925924,27.59368836291913,23,43.57218124341412,0.0,-0.9302902092386685,-0.2016104189570631,-0.003272727272480694,-0.006262665066067182,-0.01806132613260357,0,0
e25f1537,1825,5018,1841,3177,63.31207652451176,11829.0,11828.0,10787.18,10765.65,-21.530000000000655,21.530000000000655,3176.0,-0.0067789672544082665,True,False,True,9988.0,15005.0,1.0,True,2939377.26,2942296.97,1073729.56,1077088.44,-8569.2,-7787.790000000001,9969.67,10881.6,911.9300000000003,26.08,142.61999999999998,0.5,True,9981.72,10795.95,814.2300000000014,10765.21,10795.95,12.049999999999272,85.64999999999964,795.539999999999,85.64999999999964,True,True,complete,23.714627341570345,24.394082467736858,7,43.06849315068494,0.0,-0.922012031511248,-0.3620630166124416,-0.000969696970014624,-0.003691236494632968,-0.005942994299432853,0,0
e2fc7745,2008,5343,1651,3692,69.09975669099757,12661.0,12660.0,11981.26,11982.88,1.6199999999989814,1.6199999999989814,3691.0,0.0004389054456784019,True,False,True,11010.0,16352.0,1.0,True,3013533.58,3014485.53,1114336.85,1118994.11,-9712.29,-8899.23,11178.45,12181.95,1003.5,34.4,156.51999999999998,0.5,True,11190.56,12014.37,823.8100000000013,11979.69,12014.37,12.109999999998763,167.57999999999993,801.2399999999998,167.57999999999993,True,True,complete,7.280553995882463,6.256771397616467,5,39.39243027888446,0.0,-0.9519501674420796,-0.25910949380911547,-0.0018181818185729903,-0.0017527010804152348,-0.0015310531052848144,0,0
e32da4ec,1364,6148,1459,4689,76.2687052700065,12801.0,12800.0,11986.19,12014.63,28.43999999999869,28.43999999999869,4688.0,0.006066552901023611,True,False,True,11342.0,17489.0,1.0,True,3011188.33,3011268.75,1115565.42,1121496.21,-9588.27,-9134.08,11500.45,12181.95,681.5,34.4,156.51999999999998,0.5,True,11512.7,12014.63,501.9299999999985,11981.820000000002,12014.63,12.25,167.32000000000153,481.3700000000008,167.32000000000153,True,True,complete,31.912817176317503,34.250373213904886,12,10.777126099706745,0.0,-0.7370146864327425,0.18790769816904832,-0.0069696969701299885,-0.006584393757521985,-0.0066807680768074425,0,0
e3b34f5b,3289,7293,1838,5455,74.79775126833951,11984.0,11983.0,10966.87,10956.77,-10.100000000000364,10.100000000000364,5454.0,-0.0018518518518519185,True,False,True,10146.0,17438.0,1.0,True,2949698.82,2954205.58,1074330.98,1079454.06,-8836.82,-7951.57,10314.45,11136.45,822.0,24.82,207.12,0.25,True,10326.79,10976.320000000002,649.5300000000007,10946.09,10976.320000000002,12.340000000000146,160.1299999999992,631.6399999999994,160.1299999999992,True,True,complete,28.685040449746328,27.296058661778183,8,30.647613256308908,0.0,-0.912507691847882,-0.12134823143398346,0.018727272727659887,0.023298439375772487,0.019865106510649,0,0
e45a2a62,1636,6697,1690,5007,74.76482006868747,12334.0,12333.0,11212.01,11215.6,3.5900000000001455,3.5900000000001455,5006.0,0.0007171394326808122,True,False,True,10644.0,17340.0,1.0,True,2901847.72,2905952.7,1031035.49,1035817.19,-9253.35,-8613.5,10548.95,11366.45,817.5,22.82,168.04,0.5,True,10561.070000000002,11252.27,691.1999999999989,11204.31,11252.27,12.1200000000008,114.18000000000029,655.3599999999988,114.18000000000029,True,True,complete,60.997461549947744,64.25004993009786,14,26.161369193154034,0.0,-0.8184491040557774,-0.27324689364809795,-0.03703030303024729,-0.03808499399758077,-0.03218829882989225,0,0
e46f4ef4,1836,8930,1735,7195,80.57110862262039,13625.0,13624.0,12487.9,12476.1,-11.799999999999272,11.799999999999272,7194.0,-0.0016402557686960345,True,False,True,11890.0,20819.0,1.0,True,3016690.68,3019815.13,1087538.36,1095326.22,-10474.29,-9515.81,11735.59,12652.570000000002,916.9800000000014,29.83,189.64,0.5,True,11747.76,12498.21,750.4499999999989,12476.1,12498.21,12.170000000000073,154.3600000000024,740.5100000000002,154.3600000000024,True,True,complete,38.17469204927212,38.79082696316887,15,41.66666666666667,0.0,-0.9630349838371272,-0.09489212221464358,-0.010000000000416042,-0.007067466986771605,-0.005738373837388346,0,0
e4726608,1603,6268,1535,4733,75.51052967453732,12708.0,12707.0,11958.94,11968.320000000002,9.380000000001019,9.380000000001019,4732.0,0.0019822485207102746,True,False,True,11173.0,17440.0,1.0,True,3011359.27,3011451.96,1115390.38,1121285.5,-9548.66,-8962.3,11380.95,12181.95,801.0,34.4,156.51999999999998,0.5,True,11393.41,11968.320000000002,574.9100000000017,11944.73,11968.320000000002,12.459999999999127,213.6299999999992,563.7799999999988,213.6299999999992,True,True,complete,32.147415443522654,35.45320092964293,11,24.079850280723644,0.0,-0.8444134974509447,-0.5670192757254225,0.013454545454219355,0.013051620648254856,0.012196459645964573,0,0
e5864244,1779,6037,1568,4469,74.02683452045719,13554.0,13553.0,12725.62,12778.63,53.0099999999984,53.0099999999984,4468.0,0.011864368845120501,True,False,True,11986.0,18022.0,1.0,True,3020798.92,3024186.98,1083167.1,1087589.86,-10792.6,-9891.52,11985.84,12874.68,888.8400000000001,27.93,198.11,0.5,True,11998.03,12778.64,780.6099999999988,12725.68,12778.64,12.19000000000051,96.04000000000087,739.8400000000001,96.04000000000087,True,True,complete,33.27811827066424,36.294473036473484,60,35.07588532883643,0.0,-0.95529153309258,-0.2817408983930782,0.06000000000027816,0.060759183673497676,0.05958547854785562,0,0
e5c92e59,3209,5927,1632,4295,72.46499072043193,13548.0,13547.0,12205.0,12197.58,-7.420000000000073,7.420000000000073,4294.0,-0.001727992547741051,True,False,True,11916.0,17842.0,1.0,True,3018019.82,3021680.69,1104817.02,1108981.55,-10300.36,-9666.69,11524.08,12325.65,801.5699999999997,26.38,168.11,0.25,True,11536.52,12215.23,678.7099999999991,12188.25,12215.23,12.44000000000051,110.42000000000007,664.1700000000001,110.42000000000007,True,True,complete,35.397334233170234,38.556461001164145,12,28.9809909629168,0.0,-0.7914215744729456,-0.02983013891697223,0.0032727272728235294,0.009465066026393758,0.009302310231028683,0,0
e5ff9fd2,2019,4198,1844,2354,56.07432110528823,13090.0,13089.0,11760.83,11764.04,3.210000000000946,3.210000000000946,2353.0,0.0013642158946030368,True,False,True,11246.0,15443.0,1.0,True,2978856.85,2979313.53,1056746.46,1060329.35,-9883.67,-9032.93,10862.45,11871.45,1009.0,28.66,195.42,0.5,True,10874.65,11781.41,906.7600000000002,11759.7,11776.23,12.199999999998909,90.04000000000087,897.25,95.22000000000116,True,True,complete,51.214864221057645,59.51571792693288,13,50.61911837543338,0.0,-0.987534586756241,-0.6405349034357735,-0.013030303030332863,-0.013488115246062526,-0.015693789378932153,0,0
e6c55748,1567,5959,1487,4472,75.04614868266488,12093.0,12092.0,11215.64,11223.71,8.069999999999709,8.069999999999709,4471.0,0.0018049653321403957,True,False,True,10606.0,16564.0,1.0,True,2906522.21,2910221.4,1030352.26,1034409.55,-9360.46,-8567.87,10583.45,11366.45,783.0,22.82,168.04,0.5,True,10595.66,11229.03,633.3700000000008,11199.02,11229.03,12.209999999999127,137.42000000000007,615.5699999999997,137.42000000000007,True,True,complete,11.528779996643731,13.416815742397137,5,22.910019144862794,0.0,-0.9577523577248311,-0.21077053822657368,-0.03096969696977524,-0.049910204081624165,-0.03418481848184978,0,0
e730c32b,2188,6469,1741,4728,73.08703045292935,12855.0,12854.0,11366.070000000002,11379.28,13.209999999999127,13.209999999999127,4727.0,0.0027945843029403695,True,False,True,11114.0,17582.0,1.0,True,3009827.83,3010069.85,1110665.32,1116569.23,-9751.97,-8940.99,10444.45,11537.41,1092.9599999999991,28.58,224.14,0.5,True,10456.67,11384.41,927.7399999999998,11364.41,11384.41,12.219999999999345,153.0,919.9599999999991,153.0,True,True,complete,58.09244087185036,62.98646362098139,25,44.78976234003657,0.0,-0.9126485792402007,-0.11824513742553659,0.01127272727294428,0.010869627851154078,0.005526672667263189,0,0
e737965a,811,7694,1739,5955,77.39797244606187,12328.0,12327.0,10935.88,10920.92,-14.959999999999127,14.959999999999127,5954.0,-0.0025125965737317984,True,False,True,10589.0,18282.0,1.0,True,2895458.72,2900286.09,1025301.08,1030781.23,-9175.79,-8515.73,10268.08,11077.56,809.4799999999996,23.92,192.06,1.0,True,10279.76,10949.65,669.8899999999994,10919.25,10949.65,11.680000000000291,127.90999999999985,651.1700000000001,127.90999999999985,True,True,complete,59.86482973745776,62.283795130142735,12,0.0,0.0,-0.7932176944532857,-0.30462307573903114,0.007454545454177542,0.0003750300120235803,-0.0014427242724201384,0,0
e748dd88,2794,6264,1452,4812,76.81992337164752,13051.0,13050.0,12028.33,12015.77,-12.55999999999949,12.55999999999949,4811.0,-0.0026106838495114303,True,False,True,11599.0,17862.0,1.0,True,3010003.7,3012522.2,1099728.22,1105027.22,-10088.88,-9391.45,11458.7,12156.95,698.25,27.79,203.62,0.25,True,11471.01,12035.17,564.1599999999999,12015.77,12035.17,12.30999999999949,121.78000000000065,557.0699999999997,121.78000000000065,True,True,complete,3.3684546615581095,3.4289276807980054,4,15.60486757337151,0.0,-0.954546015891943,0.22390592271306278,0.02624242424299081,0.02074141656660173,0.010123792379236387,0,0
e7818f7a,1522,6829,1458,5371,78.64987553082442,12293.0,12292.0,11022.87,11032.0,9.1299999999992,9.1299999999992,5370.0,0.0017001862197391433,True,False,True,10835.0,17663.0,1.0,True,3010613.27,3014906.58,1119687.02,1124383.92,-9664.82,-8738.56,10361.95,11122.45,760.5,38.91,273.82,0.5,True,10374.46,11032.0,657.5400000000009,11007.6,11032.0,12.5099999999984,90.45000000000073,645.6499999999996,90.45000000000073,True,True,complete,24.234880656025773,28.504933904300877,8,25.9526938239159,0.0,-0.8586229823582677,0.04730934066940504,-0.008545454545757752,-0.005664345738284997,-0.0018732073207346862,0,0
e7c36e81,2232,5655,2124,3531,62.44031830238727,12295.0,12294.0,11191.13,11183.7,-7.429999999998472,7.429999999998472,3530.0,-0.00210481586402223,True,False,True,10171.0,15825.0,1.0,True,2915148.84,2918442.19,1045469.08,1049302.98,-9033.81,-8087.309999999999,10235.88,11350.94,1115.0600000000013,45.46,226.9,0.5,True,10248.37,11200.44,952.0699999999997,11178.86,11200.44,12.4900000000016,150.5,942.9800000000014,150.5,True,True,complete,54.05835543766578,63.74964599263665,22,47.043010752688176,0.0,-0.9794483382780316,-0.30138571224894556,0.0332727272721168,0.034564225690280885,0.03549210921092349,0,0
e7d0c1de,1988,6455,1744,4711,72.98218435321456,12532.0,12531.0,11319.1,11304.67,-14.430000000000291,14.430000000000291,4710.0,-0.0030636942675159855,True,False,True,10788.0,17242.0,1.0,True,3006157.85,3006820.11,1110883.46,1116806.06,-9548.54,-8634.92,10544.42,11537.41,992.9899999999998,28.58,224.14,0.5,True,10556.51,11321.740000000002,765.2300000000014,11304.67,11321.740000000002,12.090000000000146,215.66999999999825,760.25,215.66999999999825,True,True,complete,3.6560805577072037,3.6722564211420083,3,39.2354124748491,0.0,-0.9450798459713662,-0.6236948946364732,-0.008484848484807449,-0.0007759903961283341,0.007848544854466623,0,0
e85074c5,1511,7236,1561,5675,78.42730790491984,12011.0,12010.0,10992.31,10997.7,5.390000000001237,5.390000000001237,5674.0,0.0009499471272473099,True,False,True,10450.0,17685.0,1.0,True,2918025.35,2922902.56,1041060.14,1045736.03,-9211.82,-8421.7,10390.37,11145.28,754.9099999999999,23.41,153.88,0.5,True,10402.52,11009.33,606.8099999999995,10992.320000000002,11009.33,12.149999999999636,135.95000000000073,601.9500000000007,135.95000000000073,True,True,complete,44.18186843559978,44.37004405286344,9,22.56783587028458,0.0,-0.9688911913279159,-0.05849247561223666,0.008484848484352558,0.011524609843890948,0.015243144314413589,0,0
e97032ad,2254,5654,2124,3530,62.433675274142196,12295.0,12294.0,11191.16,11199.13,7.969999999999345,7.969999999999345,3529.0,0.0022584301501840025,True,False,True,10171.0,15824.0,1.0,True,2915088.49,2918442.19,1045469.08,1049234.26,-9033.81,-8087.309999999999,10224.88,11350.94,1126.0600000000013,45.46,226.9,0.5,True,10237.15,11207.56,970.4099999999999,11191.19,11207.56,12.270000000000437,143.38000000000102,966.3100000000013,143.38000000000102,True,True,complete,48.37283339228865,54.64589235127478,22,47.55989352262644,0.0,-0.9779730967780443,-0.47316838627282914,0.031999999999850336,0.03251332533010329,0.033450225022498385,0,0
e9949a23,2117,6407,1848,4559,71.15654752614327,13311.0,13310.0,12051.17,12074.51,23.340000000000146,23.340000000000146,4558.0,0.0051206669591926605,True,False,True,11463.0,17869.0,1.0,True,2918622.1,2922467.52,1014472.11,1018836.71,-10246.51,-9400.78,11144.95,12202.95,1058.0,18.53,317.9,0.5,True,11157.21,12074.51,917.3000000000011,12025.820000000002,12074.51,12.2599999999984,128.4400000000005,880.8700000000008,128.4400000000005,True,True,complete,37.39659747151553,40.93002851502522,13,0.0,0.0,-0.9606169078430519,-0.4057787784746265,-0.014727272727089196,-0.016296758703481157,-0.013514491449126786,0,0
ea0b99b7,1820,10939,1700,9239,84.45927415668709,13096.0,13095.0,12518.2,12531.2,13.0,13.0,9238.0,0.0014072310023814677,True,False,True,11396.0,22334.0,1.0,True,2991435.45,2995250.08,1062569.95,1072262.53,-10210.09,-9126.98,11839.45,12748.95,909.5,29.71,233.85,0.5,True,11851.88,12542.96,691.0799999999999,12515.37,12542.96,12.429999999998472,205.9900000000016,675.9200000000001,205.9900000000016,True,True,complete,51.22954566230917,51.12025110942743,19,40.54945054945055,0.0,-0.8491461862516589,-0.16904447992618965,0.04145454545460361,0.03684417767106139,0.024710711071102363,0,0
ea3a0e38,3652,11794,1742,10052,85.22977785314568,12051.0,12050.0,10951.42,10937.7,-13.719999999999345,13.719999999999345,10051.0,-0.0013650383046462386,True,False,True,10309.0,22102.0,1.0,True,2957448.27,2964689.17,1071906.33,1080493.92,-9088.97,-8099.49,10223.7,11136.45,912.75,24.82,207.12,0.25,True,10236.11,10981.35,745.2399999999998,10933.0,10966.490000000002,12.409999999999854,155.10000000000036,709.2999999999993,169.95999999999913,True,True,complete,54.180091571985756,56.91404695582969,19,37.541073384446875,0.0,-0.8611694800601866,-0.30148125311956886,-0.037454545454596436,-0.039530852340958246,-0.049109630963098234,0,0
ea41324e,1759,6839,1814,5025,73.47565433542916,12620.0,12619.0,11356.37,11350.95,-5.420000000000073,5.420000000000073,5024.0,-0.0010788216560509698,True,False,True,10806.0,17644.0,1.0,True,3003747.85,3003866.77,1110628.55,1117049.51,-9489.94,-8601.48,10658.88,11537.41,878.5300000000007,28.58,224.14,0.5,True,10671.1,11363.98,692.8799999999992,11343.44,11363.98,12.220000000001164,173.4300000000003,684.5600000000013,173.4300000000003,True,True,complete,31.23263635034362,34.34825870646766,15,31.3246162592382,0.0,-0.9446689745282864,-0.12354157993834172,-0.006727272727316038,-0.0004331332533469419,0.0016996699669822209,0,0
eabc711b,2216,7314,1966,5348,73.12004375170905,13005.0,13004.0,11869.94,11884.21,14.269999999998618,14.269999999998618,5347.0,0.0026687862352718565,True,False,True,11039.0,18352.0,1.0,True,2997721.02,3000073.55,1095287.97,1101559.93,-9720.91,-8863.37,10944.4,12051.84,1107.4400000000005,32.93,238.11,0.5,True,10956.5,11884.21,927.7099999999991,11847.070000000002,11884.21,12.100000000000364,167.63000000000102,902.6700000000019,167.63000000000102,True,True,complete,41.11293409898824,43.324607329842934,20,45.7129963898917,0.0,-0.9662116124225449,-0.21553521279351176,0.018484848484681175,0.024124369747884428,0.019545754575468602,0,0
eac10e86,1447,7501,1434,6067,80.88254899346754,11955.0,11954.0,10950.3,10950.43,0.13000000000101863,0.13000000000101863,6066.0,2.1430926475604788e-05,True,False,True,10521.0,18021.0,1.0,True,2889309.44,2894333.65,1020534.74,1025703.62,-9027.05,-8346.97,10387.63,11110.62,722.9900000000016,38.67,210.4,0.5,True,10400.1,10954.61,554.5100000000002,10937.01,10954.61,12.470000000001164,156.01000000000022,549.380000000001,156.01000000000022,True,True,complete,24.223436875083323,26.85017306741388,18,17.208016586040085,0.0,-0.9416875262646606,-0.07512043369272238,-0.007575757575889885,-0.0010674669867918895,0.00604212421242569,0,0
eafb863e,1869,5317,1749,3568,67.10551062629303,12240.0,12239.0,11189.63,11226.06,36.43000000000029,36.43000000000029,3567.0,0.010213064199607595,True,False,True,10491.0,15807.0,1.0,True,2913934.89,2917000.88,1039368.09,1043090.53,-9159.38,-8409.18,10417.320000000002,11350.94,933.619999999999,45.46,226.9,0.5,True,10429.52,11226.06,796.539999999999,11189.65,11226.06,12.199999999998909,124.88000000000102,772.3299999999981,124.88000000000102,True,True,complete,31.483919503479406,33.5482062780269,159,36.75762439807384,0.0,-0.9864110977699639,-0.2137693118025656,0.02515151515127894,0.026791356542593323,0.02685676567655909,0,0
eb06a4e7,2144,6379,1844,4535,71.0926477504311,12872.0,12871.0,11373.76,11360.67,-13.090000000000146,13.090000000000146,4534.0,-0.0028870754300838433,True,False,True,11028.0,17406.0,1.0,True,3005950.27,3006508.83,1110571.44,1116369.6,-9588.89,-8791.32,10466.44,11537.41,1070.9699999999993,28.58,224.14,0.5,True,10478.61,11384.41,905.7999999999993,11353.95,11384.41,12.170000000000073,153.0,887.5100000000002,153.0,True,True,complete,3.62125725035272,3.395810363836824,2,43.656716417910445,0.0,-0.9217108286094033,-0.14490432964262398,0.04799999999991138,0.06018967587031885,0.055617761776182564,0,0
eb640a35,1796,7782,1745,6037,77.57645849396042,11878.0,11877.0,10862.51,10863.18,0.6700000000000728,0.6700000000000728,6036.0,0.00011100066269053559,True,False,True,10133.0,17914.0,1.0,True,2992523.65,2995097.31,1114752.43,1121590.61,-9003.91,-8017.09,10123.84,11021.27,897.4300000000003,30.96,207.46,0.5,True,10136.04,10884.14,748.0999999999985,10853.12,10884.14,12.200000000000728,137.13000000000102,729.2800000000007,137.13000000000102,True,True,complete,47.597018761243895,50.42239522941858,17,35.356347438752785,0.0,-0.8965493283357676,-0.3051724334431392,0.003818181817771113,0.0002785114045612165,-0.003910051005091986,0,0
eb934281,2312,7812,1841,5971,76.43369175627241,13117.0,13116.0,11944.54,11939.72,-4.820000000001528,4.820000000001528,5970.0,-0.0008073701842548623,True,False,True,11276.0,19087.0,1.0,True,2986821.21,2987000.81,1064693.46,1072024.16,-9792.78,-8990.2,11123.95,12279.45,1155.5,30.84,157.13,0.5,True,11136.03,11955.36,819.3299999999999,11937.7,11947.83,12.079999999999927,324.09000000000015,813.75,331.6200000000008,True,True,complete,15.668202764976957,17.300284709428908,8,52.72491349480969,0.0,-0.9313461416237808,-0.7563477967412016,0.004848484848631107,0.003945258103252018,-0.0006414641464159392,0,0
eba6605e,1669,5719,1309,4410,77.11138310893513,11927.0,11926.0,11280.47,11305.84,25.3700000000008,25.3700000000008,4409.0,0.005754139260603493,True,False,True,10618.0,16336.0,1.0,True,2902636.5,2906817.69,1017414.15,1020674.97,-9426.92,-8619.66,10529.95,11372.45,842.5,29.9,231.0,0.5,True,10542.23,11306.92,764.6900000000005,11280.320000000002,11306.92,12.279999999998836,65.53000000000065,750.3700000000008,65.53000000000065,True,True,complete,20.772862388529465,22.630385487528347,7,41.28220491312163,0.0,-0.9913501600861114,-0.32011262831689113,0.05515151515108635,0.05602929171664775,0.07473615361535453,0,0
ebe69318,2169,6718,1742,4976,74.06966359035427,12030.0,12029.0,11178.59,11186.05,7.459999999999127,7.459999999999127,4975.0,0.0014994974874370105,True,False,True,10288.0,17005.0,1.0,True,2900479.74,2904599.33,1021816.65,1026355.25,-9331.22,-8283.29,10282.45,11366.45,1084.0,22.82,168.04,0.5,True,10294.6,11187.39,892.789999999999,11169.15,11187.39,12.149999999999636,179.0600000000013,886.6999999999989,179.0600000000013,True,True,complete,20.913962488835963,23.512861736334408,19,44.30613185799908,0.0,-0.9875463988209293,-0.35767023274681553,0.03193939393952956,0.030459543817513902,0.030585958595865166,0,0
ec0d597b,990,6452,1836,4616,71.54370737755734,12014.0,12013.0,10936.98,10927.69,-9.289999999999054,9.289999999999054,4615.0,-0.0020130010834234135,True,False,True,10178.0,16629.0,1.0,True,2892288.28,2896468.85,1024410.39,1028541.11,-9074.78,-8100.69,10089.18,11077.56,988.3799999999992,23.92,192.06,1.0,True,10100.76,10971.97,871.2099999999991,10927.69,10971.97,11.579999999999927,105.59000000000015,838.5100000000002,105.59000000000015,True,True,complete,7.17606943583385,6.7374350086655115,5,0.0,0.0,-0.9824339290441785,-0.5869062195788717,0.0018181818181702768,-0.0016542617047177023,-0.0020147614761694744,0,0
ec13af42,1977,7362,1900,5462,74.19179570768813,13334.0,13333.0,12212.5,12206.85,-5.649999999999636,5.649999999999636,5461.0,-0.0010346090459622114,True,False,True,11434.0,18795.0,1.0,True,3007301.14,3011731.77,1086261.54,1091357.76,-10197.04,-9218.83,11378.95,12366.95,988.0,31.86,215.44,0.5,True,11391.240000000002,12235.6,844.3599999999988,12205.990000000002,12235.6,12.290000000000873,131.35000000000036,827.0400000000009,131.35000000000036,True,True,complete,51.629991850040746,55.10801904064445,216,48.20435002529084,0.0,-0.966573951775035,-0.09653782128040135,0.03757575757600373,0.03391068427365349,0.014697869786991702,0,0
ecdab904,1006,8176,2029,6147,75.1834637964775,13363.0,13362.0,12169.8,12191.38,21.579999999999927,21.579999999999927,6146.0,0.003511226814188078,True,False,True,11334.0,19509.0,1.0,True,2980303.99,2980667.06,1051892.63,1059367.79,-10107.79,-9167.04,11782.62,12285.1,502.47999999999956,26.77,120.06,0.5,True,11232.98,12200.23,967.25,12169.8,12200.23,-549.6400000000012,84.8700000000008,387.1799999999985,84.8700000000008,False,True,complete,6.886007827788649,7.027818448023426,5,1.0934393638170974,0.0,-0.8786532149132935,-0.5896640068830249,-0.0009696969703279728,-0.0069344537815111025,-0.007837743774367238,0,0
ecdaf714,1714,8240,1648,6592,80.0,11914.0,11913.0,11013.31,11034.7,21.390000000001237,21.390000000001237,6591.0,0.003245334547109883,True,False,True,10266.0,18505.0,1.0,True,2918209.21,2923418.68,1055177.42,1060895.63,-8838.68,-8127.790000000001,10288.91,11145.28,856.3700000000008,23.41,153.88,0.5,True,10301.070000000002,11040.14,739.0699999999979,11008.25,11040.11,12.160000000001673,105.14000000000124,719.3400000000001,105.17000000000007,True,True,complete,4.356796116504855,4.323422330097087,3,31.738623103850642,0.0,-0.6200550028404491,-0.2829070441483905,-0.036545454545315686,-0.034418727491017195,-0.03345496549653758,0,0
ed6436d6,2234,5027,2082,2945,58.5836482991844,13280.0,13279.0,12230.94,12232.34,1.3999999999996362,1.3999999999996362,2944.0,0.000475543478260746,True,False,True,11198.0,16224.0,1.0,True,3000234.83,3001779.24,1085910.93,1090027.42,-9917.53,-8992.49,11250.45,12366.95,1116.5,31.86,215.44,0.5,True,11262.92,12234.36,971.4400000000005,12229.03,12234.36,12.469999999999345,132.59000000000015,978.5799999999999,132.59000000000015,True,True,complete,3.6403421523771637,3.395585738539898,3,54.162936436884515,0.0,-0.9889091836831821,-0.061955501452745684,0.0026060606067208696,-0.0009613445378092679,-0.00021302130212004402,0,0
ed6e6e54,2460,7385,1337,6048,81.8957345971564,13120.0,13119.0,11946.18,11946.59,0.4099999999998545,0.4099999999998545,6047.0,6.78022159748395e-05,True,False,True,11783.0,19167.0,1.0,True,3005353.39,3007905.34,1097664.38,1104428.66,-9925.25,-9551.06,11542.2,12156.95,614.75,27.79,203.62,0.25,True,11554.64,11980.11,425.47000000000116,11937.05,11980.11,12.43999999999869,176.84000000000015,394.84999999999854,176.84000000000015,True,True,complete,7.5558564658090726,8.349867724867725,7,4.146341463414634,0.0,-0.5055507402801204,-0.06888805792121835,-0.013272727273155387,-0.0202016806723136,-0.029870567056708063,0,0
edf885a3,1775,4863,1746,3117,64.09623689080814,13417.0,13416.0,12280.14,12277.06,-3.0799999999999272,3.0799999999999272,3116.0,-0.0009884467265725055,True,False,True,11671.0,16533.0,1.0,True,3006183.23,3009231.66,1083582.65,1086695.64,-10204.26,-9429.18,11479.95,12366.95,887.0,31.86,215.44,0.5,True,11492.490000000002,12301.04,808.5499999999993,12276.18,12301.04,12.540000000000873,65.90999999999985,796.2299999999996,65.90999999999985,True,True,complete,10.466790047295909,12.062880975296759,45,42.30985915492958,0.0,-0.9732193466166729,-0.24214180178925945,-0.011454545454150988,-0.011298439375785061,-0.009346294629469865,0,0
ee0300f7,1958,6161,1617,4544,73.75426067196884,13442.0,13441.0,12528.47,12563.43,34.960000000000946,34.960000000000946,4543.0,0.00769535549196587,True,False,True,11825.0,17985.0,1.0,True,3016824.37,3018837.38,1087108.5,1092409.81,-10548.19,-9610.01,11674.59,12652.570000000002,977.9800000000014,29.83,208.63,0.5,True,11687.09,12565.05,877.9599999999991,12528.490000000002,12565.05,12.5,87.52000000000226,853.9000000000015,87.52000000000226,True,True,complete,30.530757993832168,36.86179577464789,9,45.301327885597544,0.0,-0.9866937020142396,-0.306481415256386,0.01599999999986523,0.01431068427367592,0.0131702970297244,0,0
ee288beb,1447,6190,1552,4638,74.92730210016155,11672.0,11671.0,11020.51,11066.17,45.659999999999854,45.659999999999854,4637.0,0.009846883761052373,True,False,True,10120.0,16309.0,1.0,True,2994889.0,2996543.29,1121965.45,1127405.21,-8886.74,-8008.52,10399.45,11122.45,723.0,38.91,273.82,0.5,True,10411.87,11066.17,654.2999999999993,11006.42,11066.17,12.420000000000073,56.280000000000655,606.9699999999993,56.280000000000655,True,True,complete,30.080775444264944,32.6218197498922,17,22.1147201105736,0.0,-0.965956435736237,-0.035181184575007046,-0.07296969696985814,-0.07566626650658159,-0.0654086408640962,0,0
ee4aecac,1115,6596,1331,5265,79.82110369921165,12502.0,12501.0,11746.45,11766.89,20.43999999999869,20.43999999999869,5264.0,0.0038829787234040064,True,False,True,11171.0,17766.0,1.0,True,2971275.07,2975115.8,1061043.44,1066124.07,-9683.25,-9014.95,11314.45,11871.45,557.0,28.66,158.17999999999998,0.5,True,11326.52,11766.89,440.369999999999,11746.47,11766.89,12.069999999999709,104.56000000000131,432.0199999999986,104.56000000000131,True,True,complete,16.722255912674346,17.834757834757834,15,10.582959641255606,0.0,-0.8528960433830276,-0.056250835539096794,0.0199999999996709,-0.008509003601436254,-0.0035131113111088277,0,0
eeda36f5,1254,6198,1401,4797,77.39593417231364,13798.0,13797.0,12811.97,12807.35,-4.619999999998981,4.619999999998981,4796.0,-0.0009633027522933656,True,False,True,12397.0,18594.0,1.0,True,2946315.02,2947744.45,1009317.06,1015017.04,-11009.26,-10330.67,12355.45,12981.95,626.5,28.29,160.94,0.5,True,12367.58,12845.96,478.3799999999992,12804.21,12817.41,12.1299999999992,135.9900000000016,448.7599999999984,164.54000000000087,True,True,complete,4.09809616005163,3.731498853450073,4,11.084529505582138,0.0,-0.8183472991720477,0.0132624632872243,-0.035757575757746,-0.035314285714278255,-0.033097749774973526,0,0
eeed308d,1718,5503,1604,3899,70.852262402326,12184.0,12183.0,11191.81,11201.5,9.69000000000051,9.69000000000051,3898.0,0.0024858902001027475,True,False,True,10580.0,16082.0,1.0,True,2907561.15,2910958.35,1031100.4,1034803.61,-9349.37,-8506.19,10507.95,11366.45,858.5,22.82,168.04,0.5,True,10520.17,11207.76,687.5900000000001,11185.35,11207.76,12.219999999999345,158.6900000000005,677.3999999999996,158.6900000000005,True,True,complete,53.67981101217518,56.501667094126695,220,29.68568102444703,0.0,-0.9636805061084165,0.18639790296749217,-0.004484848485006145,-0.0001392557022756443,-0.0027860186018484603,0,0
ef04658e,1847,5664,1560,4104,72.45762711864407,11833.0,11832.0,10775.26,10793.67,18.409999999999854,18.409999999999854,4103.0,0.00448696076041917,True,False,True,10273.0,15936.0,1.0,True,2938095.25,2941065.2,1064401.08,1068697.85,-8810.49,-8164.07,9958.67,10881.6,922.9300000000003,26.08,142.61999999999998,0.5,True,9970.94,10804.51,833.5699999999997,10775.27,10804.51,12.270000000000437,77.09000000000015,816.6000000000004,77.09000000000015,True,True,complete,14.75988700564972,16.95906432748538,10,43.74661613427179,0.0,-0.8891269186753226,-0.40738868634424563,0.01000000000036296,0.009184153661456373,0.00939093909391089,0,0
ef8e3ed0,1333,6637,1413,5224,78.71026065993672,13069.0,13068.0,12120.11,12104.6,-15.510000000000218,15.510000000000218,5223.0,-0.002969557725445188,True,False,True,11656.0,18292.0,1.0,True,2987678.8,2987802.19,1065444.79,1071895.26,-9954.12,-9479.32,11613.45,12279.45,666.0,30.84,157.13,0.5,True,11625.59,12130.58,504.9899999999998,12097.7,12130.58,12.139999999999418,148.8700000000008,484.25,148.8700000000008,True,True,complete,47.114660238059365,49.71286370597244,14,18.00450112528132,0.0,-0.8115079621248119,-0.18014047581416848,0.001454545454693736,0.006521008403327828,0.013460246024612552,0,0
efde6ac3,1625,6220,1661,4559,73.29581993569133,11990.0,11989.0,10911.490000000002,10892.65,-18.840000000001965,18.840000000001965,4558.0,-0.0041333918385261,True,False,True,10329.0,16548.0,1.0,True,2994436.62,2996389.15,1116753.38,1122149.3,-9019.12,-8139.82,10209.33,11021.27,811.9400000000005,30.96,207.46,0.5,True,10221.56,10922.18,700.6200000000008,10885.990000000002,10912.71,12.229999999999563,99.09000000000015,676.6600000000017,108.56000000000131,True,True,complete,41.430868167202576,40.73261680193025,18,28.553846153846152,0.0,-0.9232570772112199,-0.3155771534215442,-0.04757575757590757,-0.05139303721487911,-0.059366456645669974,0,0
efe96181,1989,5464,1452,4012,73.42606149341142,11549.0,11548.0,10791.62,10764.64,-26.980000000001382,26.980000000001382,4011.0,-0.006726502119172621,True,False,True,10097.0,15560.0,1.0,True,2939201.79,2942516.48,1061141.94,1064733.08,-8976.55,-7956.629999999999,9887.67,10881.6,993.9300000000003,26.08,177.98999999999998,0.5,True,9900.02,10804.63,904.6099999999988,10761.23,10791.59,12.350000000000364,76.97000000000116,873.5599999999995,90.01000000000022,True,True,complete,18.33821376281113,17.19840478564307,7,47.76269482151835,0.0,-0.9590583458387493,-0.1532514266019213,-0.03727272727243713,-0.0367078031212363,-0.042246924692467935,0,0
f0188a48,2061,6139,1969,4170,67.9263723733507,12552.0,12551.0,11404.72,11409.89,5.170000000000073,5.170000000000073,4169.0,0.001240105540897115,True,False,True,10583.0,16721.0,1.0,True,2981244.56,2984533.45,1080186.49,1084587.91,-9540.5,-8420.79,10561.95,11591.95,1030.0,25.9,147.32,0.5,True,10574.37,11418.03,843.6599999999999,11390.14,11418.03,12.420000000000073,173.92000000000007,828.1899999999987,173.92000000000007,True,True,complete,4.9193679752402675,1.342925659472422,227,43.71664240659874,0.0,-0.9369760153444072,0.04685257818060235,-0.05000000000006252,-0.049303721488613984,-0.043285268526848775,0,0
f021b650,1006,5610,1871,3739,66.64884135472371,13419.0,13418.0,12134.52,12135.47,0.9499999999989086,0.9499999999989086,3738.0,0.0002541466024609172,True,False,True,11548.0,17157.0,1.0,True,2985013.35,2986796.02,1051358.55,1056050.59,-10263.7,-9407.05,11782.62,12285.1,502.47999999999956,26.77,120.06,0.5,True,11231.84,12135.47,903.6299999999992,12123.09,12135.47,-550.7800000000007,149.63000000000102,340.46999999999935,149.63000000000102,False,True,complete,35.38324420677362,39.44905054827494,16,1.0934393638170974,0.0,-0.9102214271508263,-0.6572964287932717,0.010545454545337434,0.016339495798284902,0.017312211221147157,0,0
f03f10fe,1566,5823,1678,4145,71.18323888030224,12202.0,12201.0,11208.85,11202.89,-5.960000000000946,5.960000000000946,4144.0,-0.0014382239382241665,True,False,True,10524.0,16346.0,1.0,True,2909380.01,2913024.06,1036191.48,1040189.78,-9193.73,-8439.88,10583.95,11366.45,782.5,22.82,168.04,0.5,True,10596.12,11233.62,637.5,11188.87,11213.64,12.170000000000073,132.82999999999993,604.9200000000001,152.8100000000013,True,True,complete,20.745320281641767,22.87092882991556,6,22.860791826309068,0.0,-0.9620306736363354,-0.12328137580116312,-0.042727272727260616,-0.04186266506605788,-0.03644488448846233,0,0
f053a1b9,1821,5952,1844,4108,69.01881720430107,13410.0,13409.0,12275.3,12262.63,-12.670000000000073,12.670000000000073,4107.0,-0.0030849768687606703,True,False,True,11566.0,17517.0,1.0,True,3009417.85,3011289.57,1093063.86,1098155.72,-10176.1,-9382.13,11456.95,12366.95,910.0,31.86,215.44,0.5,True,11469.13,12278.75,809.6200000000008,12255.9,12277.37,12.179999999998472,88.20000000000073,798.9499999999989,89.57999999999993,True,True,complete,19.875672043010752,23.369036027263874,11,43.76716090060406,0.0,-0.9661101551089092,-0.2405141416185847,-0.03696969696953313,-0.037608643457384384,-0.036615721572163515,0,0
f074d277,2878,3868,1415,2453,63.41778697001034,13364.0,13363.0,12010.52,12022.52,12.0,12.0,2452.0,0.004893964110929853,True,False,True,11949.0,15816.0,1.0,True,3019939.77,3022360.3,1106190.93,1108786.68,-10274.07,-9749.54,11437.7,12156.95,719.25,27.79,203.62,0.25,True,11450.22,12031.84,581.6200000000008,12007.81,12031.84,12.519999999998618,125.11000000000058,570.1099999999988,125.11000000000058,True,True,complete,22.64736297828335,27.435792906644924,31,18.068102849200834,0.0,-0.8852532900621655,0.012323583168193125,0.0009696969703489674,-0.0006991596638835466,-0.002646384638482779,0,0
f07d7037,2235,7688,2125,5563,72.35952133194588,13401.0,13400.0,12125.35,12140.65,15.299999999999272,15.299999999999272,5562.0,0.0027508090614885424,True,False,True,11276.0,18963.0,1.0,True,2986646.7,2986795.03,1064878.09,1071974.04,-9944.24,-9018.96,11162.45,12279.45,1117.0,30.84,157.13,0.5,True,11174.85,12140.65,965.7999999999993,12124.27,12140.65,12.399999999999636,138.8000000000011,961.8199999999997,138.8000000000011,True,True,complete,4.1103017689906345,4.332194858889089,3,51.096196868008946,0.0,-0.9592352661605076,-0.4333629853681483,-0.006727272727089056,-0.006869147659050551,-0.0059950795079501355,0,0
f08774c3,2025,5645,1745,3900,69.08768821966342,13130.0,13129.0,12038.4,12060.63,22.229999999999563,22.229999999999563,3899.0,0.005701461913310993,True,False,True,11385.0,17029.0,1.0,True,2916625.73,2920941.59,1014031.02,1016657.04,-10171.89,-9355.26,11190.95,12202.95,1012.0,18.53,317.9,0.5,True,11203.490000000002,12060.63,857.1399999999976,12023.9,12060.63,12.540000000000873,142.32000000000153,832.9499999999989,142.32000000000153,True,True,complete,7.511071744906997,7.58974358974359,4,0.0,0.0,-0.9325473502929754,-0.3917738052960577,0.0022424242429749442,0.00231116446574118,-5.0405040486426e-05,0,0
f140c2fa,2126,6024,1942,4082,67.76228419654714,13415.0,13414.0,12058.27,12036.38,-21.890000000001237,21.890000000001237,4081.0,-0.0053638814016175535,True,False,True,11473.0,17496.0,1.0,True,2918620.45,2922495.7,1013646.65,1017455.25,-10272.63,-9439.2,11140.45,12202.95,1062.5,18.53,317.9,0.5,True,11152.570000000002,12058.79,906.2199999999993,12036.12,12058.79,12.1200000000008,144.15999999999985,895.6700000000001,144.15999999999985,True,True,complete,21.51394422310757,21.362077413032825,21,0.0,0.0,-0.9471276343832703,-0.05203607663635694,0.021454545454172903,0.026493157262929907,0.027903090309013435,0,0
f16e25e3,1841,6585,1934,4651,70.63022019741837,12092.0,12091.0,10879.39,10879.38,-0.010000000000218279,0.010000000000218279,4650.0,-2.150537634455544e-06,True,False,True,10158.0,16742.0,1.0,True,2989380.1,2989887.41,1120071.97,1126080.22,-8708.36,-7937.77,10101.34,11021.27,919.9300000000003,30.96,207.46,0.5,True,10113.76,10891.77,778.0100000000002,10875.47,10887.33,12.420000000000073,129.5,774.1299999999992,133.9400000000005,True,True,complete,40.06074411541382,44.356052461836164,17,36.93644758283541,0.0,-0.9248625080149383,-0.35083924158361884,-0.016727272727461006,-0.015570708283312746,-0.010481488148805854,0,0
f2d4c8c9,1533,7908,1659,6249,79.02124430955993,12043.0,12042.0,10928.72,10927.01,-1.7099999999991269,1.7099999999991269,6248.0,-0.00027368758002546846,True,False,True,10384.0,18291.0,1.0,True,2880828.16,2885861.33,1021453.47,1027022.77,-8884.4,-8298.67,10344.63,11110.62,765.9900000000016,38.67,210.4,0.5,True,10357.03,10938.16,581.1299999999992,10921.89,10937.3,12.400000000001455,172.46000000000095,577.2600000000002,173.32000000000153,True,True,complete,51.934749620637334,56.21699471915507,18,21.852576647097194,0.0,-0.8066531772825403,-0.24191138446090749,-0.002363636363424273,-0.024171428571438825,-0.023712511251126535,0,0
f321a31c,1363,6555,1414,5141,78.42868039664378,13490.0,13489.0,12545.08,12526.490000000002,-18.589999999998327,18.589999999998327,5140.0,-0.003616731517509402,True,False,True,12076.0,18630.0,1.0,True,3005043.98,3008757.01,1067145.51,1072250.81,-10513.95,-9821.0,12067.95,12748.95,681.0,29.71,233.85,0.5,True,12080.16,12560.58,480.4200000000001,12525.39,12560.58,12.209999999999127,188.3700000000008,457.4399999999987,188.3700000000008,True,True,complete,3.9359267734553773,3.9291966543474035,3,20.616287600880412,0.0,-0.800466050479464,-0.07515714248982791,0.002424242423878489,0.0014665066026393046,7.200720027604702e-07,0,0
f40cd091,1452,6776,1610,5166,76.2396694214876,12988.0,12987.0,11899.75,11902.69,2.9400000000005093,2.9400000000005093,5165.0,0.0005692158760891596,True,False,True,11378.0,18153.0,1.0,True,2997706.16,3000263.77,1101705.17,1107607.11,-9676.7,-9129.17,11326.4,12051.84,725.4400000000005,32.93,238.11,0.5,True,11338.92,11910.93,572.0100000000002,11884.56,11910.93,12.520000000000437,140.90999999999985,558.1599999999999,140.90999999999985,True,True,complete,63.946280991735534,66.24080526519552,27,17.148760330578515,0.0,-0.6182105218657041,0.07795861700142642,-0.04151515151482435,-0.03875486194477131,-0.029767356735665145,0,0
f439a621,1689,4695,1874,2821,60.08519701810437,12266.0,12265.0,11021.37,11009.73,-11.640000000001237,11.640000000001237,2820.0,-0.004127659574468524,True,False,True,10392.0,15086.0,1.0,True,2925738.76,2928485.46,1055520.11,1058770.74,-8918.57,-8240.29,10301.4,11145.28,843.880000000001,23.41,153.88,0.5,True,10313.92,11033.87,719.9500000000007,11008.45,11032.01,12.520000000000437,111.40999999999985,707.0500000000011,113.27000000000044,True,True,complete,43.49307774227902,49.840482098546616,17,30.728241563055064,0.0,-0.8709741058697681,-0.3663745413714231,-0.0039393939386919916,0.002422569027613378,0.003648724872493355,0,0
f49fdea3,1006,7027,1636,5391,76.71837199373843,13480.0,13479.0,12101.06,12114.23,13.170000000000073,13.170000000000073,5390.0,0.0024434137291280285,True,False,True,11844.0,18870.0,1.0,True,2987511.81,2992087.99,1057751.11,1062395.48,-10234.48,-9495.33,11782.62,12285.1,502.47999999999956,26.77,120.06,0.5,True,11348.39,12118.25,769.8600000000006,12101.070000000002,12118.25,-434.2300000000014,166.85000000000036,318.4500000000007,166.85000000000036,False,True,complete,5.5215596983065325,5.639028009645706,4,1.0934393638170974,0.0,-0.7761669192959008,-0.35675632697258514,0.0069090909088676015,0.0030156062424767957,-0.004627542754275645,0,0
f4d12d23,1989,5448,1747,3701,67.93318649045521,12224.0,12223.0,11200.91,11187.48,-13.430000000000291,13.430000000000291,3700.0,-0.003629729729729808,True,False,True,10477.0,15924.0,1.0,True,2914768.4,2917911.97,1040066.25,1043821.57,-9179.78,-8405.61,10357.33,11350.94,993.6100000000006,45.46,226.9,0.5,True,10369.71,11224.51,854.8000000000011,11177.54,11202.16,12.3799999999992,126.43000000000029,820.210000000001,148.78000000000065,True,True,complete,24.632892804698972,28.776006484733855,11,40.57315233785822,0.0,-0.9854731332673127,-0.3125894767035877,0.060545454545392494,0.05568499399761331,0.028824962496252236,0,0
f56d3ace,2177,7383,1951,5432,73.57442773940133,12691.0,12690.0,11311.69,11320.27,8.579999999999927,8.579999999999927,5431.0,0.0015798195544098558,True,False,True,10740.0,18122.0,1.0,True,3003211.84,3003405.03,1110306.57,1117079.06,-9459.25,-8388.55,10449.94,11537.41,1087.4699999999993,28.58,224.14,0.5,True,10462.3,11326.98,864.6800000000003,11309.1,11326.98,12.359999999998763,210.4300000000003,859.1599999999999,210.4300000000003,True,True,complete,38.101042936475686,39.59867452135493,13,44.51079467156638,0.0,-0.9606440189921218,-0.6570565862766966,0.007939393939406058,0.006703481392573139,0.008053165316522512,0,0
f5859199,1921,7438,1648,5790,77.84350631890294,13437.0,13436.0,12242.62,12241.42,-1.2000000000007276,1.2000000000007276,5789.0,-0.0002072896873381806,True,False,True,11789.0,19226.0,1.0,True,2986002.8,2988477.47,1052044.09,1058494.54,-10361.41,-9639.01,11454.45,12414.45,960.0,25.82,186.49,0.5,True,11466.7,12268.19,801.4899999999998,12241.240000000002,12268.19,12.25,146.26000000000022,786.7900000000009,146.26000000000022,True,True,complete,62.75880613068029,67.21934369602764,25,44.66423737636648,0.0,-0.6663262341357525,-0.22946508859654763,0.019999999999851453,-0.0010386554621459945,-0.01902916291628115,0,0
f5d8aab6,2127,6576,2132,4444,67.57907542579076,12305.0,12304.0,11043.71,11029.85,-13.859999999998763,13.859999999998763,4443.0,-0.003119513841998371,True,False,True,10173.0,16748.0,1.0,True,3005982.37,3007336.63,1129297.53,1135050.29,-9036.41,-8106.129999999999,10059.45,11122.45,1063.0,38.91,273.82,0.5,True,10071.84,11050.320000000002,978.4800000000014,11019.53,11043.67,12.389999999999418,72.1299999999992,960.0799999999999,78.78000000000065,True,True,complete,12.119829683698297,15.864086408640865,11,47.01457451810061,0.0,-0.9475801921433132,-0.40722412877486996,-0.03575757575749454,-0.033874669867945205,-0.03149306930692147,0,0
f631da6e,1491,5604,1511,4093,73.03711634546752,12240.0,12239.0,11173.25,11173.35,0.1000000000003638,0.1000000000003638,4092.0,2.443792766382302e-05,True,False,True,10729.0,16332.0,1.0,True,2982008.21,2985513.34,1107764.55,1111791.33,-8979.29,-8451.51,10566.53,11311.5,744.9699999999993,33.05,256.22,0.5,True,10578.87,11173.93,595.0599999999995,11153.570000000002,11173.93,12.340000000000146,137.5699999999997,587.0400000000009,137.5699999999997,True,True,complete,53.497501784439685,56.657708282433425,14,21.12676056338028,0.0,-0.8007104887100034,-0.07943044950868167,-0.006727272727449067,-0.00637262905163089,-0.002163036303642215,0,0
f6824bb0,2138,6864,1849,5015,73.06235431235432,12176.0,12175.0,11225.11,11199.41,-25.700000000000728,25.700000000000728,5014.0,-0.005125648185081916,True,False,True,10327.0,17190.0,1.0,True,2903275.0,2907356.58,1037428.49,1042138.62,-9100.3,-8216.3,10297.95,11366.45,1068.5,22.82,168.04,0.5,True,10310.14,11228.14,918.0,11190.7,11228.14,12.18999999999869,138.3100000000013,892.75,138.3100000000013,True,True,complete,14.044289044289043,15.154536390827516,6,43.49859681945743,0.0,-0.9188801781090306,-0.3114821703566645,0.01575757575748691,0.019337815126114544,0.03466144614461974,0,0
f6bc699b,3622,5501,1749,3752,68.20578076713325,11970.0,11969.0,10982.67,10995.43,12.760000000000218,12.760000000000218,3751.0,0.003401759530791847,True,False,True,10221.0,15721.0,1.0,True,2951916.78,2955140.64,1071417.94,1075188.85,-8976.72,-8034.389999999999,10231.2,11136.45,905.25,24.82,207.12,0.25,True,10243.69,11006.070000000002,762.380000000001,10976.990000000002,11006.070000000002,12.489999999999782,130.3799999999992,745.7900000000009,130.3799999999992,True,True,complete,32.175968005817126,33.82196162046908,18,37.02374378796245,0.0,-0.978436765318855,-0.40539532961174013,-0.013030303029841388,0.005238415366170158,0.014202940294019419,0,0
f6d009f4,2251,8003,1288,6715,83.90603523678621,11254.0,11253.0,11001.490000000002,11085.22,83.72999999999774,83.72999999999774,6714.0,0.012470956210902256,True,False,True,9966.0,17968.0,1.0,True,3005639.6,3009377.95,1135426.87,1141857.53,-8872.32,-7918.34,9997.45,11122.45,1125.0,38.91,277.72,0.5,True,10009.81,11086.25,1076.4400000000005,11001.77,11086.25,12.359999999998763,36.20000000000073,1004.3199999999997,36.20000000000073,True,True,complete,28.97663376233912,32.315711094564406,16,49.933362949800085,0.0,-0.7166631981148275,-0.21775772955315065,0.27957575757574477,0.3220211284513848,0.3577182718271796,0,0
f72b268f,1445,7918,1514,6404,80.87900985097247,11653.0,11652.0,11037.92,11056.2,18.280000000000655,18.280000000000655,6403.0,0.0028549117601125496,True,False,True,10139.0,18056.0,1.0,True,3004048.03,3004498.18,1128849.05,1136291.52,-8995.57,-8093.290000000001,10400.45,11122.45,722.0,38.91,273.82,0.5,True,10412.54,11062.23,649.6899999999987,11029.4,11062.23,12.090000000000146,60.220000000001164,628.9499999999989,60.220000000001164,True,True,complete,6.04950745137661,4.684572142410993,105,22.006920415224915,0.0,-0.901066221144625,0.285605614752416,0.011454545454380205,0.008896038415362663,0.0021121512151051603,0,0
f8662c22,1412,6957,1528,5429,78.0365099899382,12547.0,12546.0,11705.46,11712.48,7.020000000000437,7.020000000000437,5428.0,0.0012932940309507068,True,False,True,11019.0,17975.0,1.0,True,2971710.29,2975707.47,1061381.03,1066705.59,-9642.15,-8877.18,11165.95,11871.45,705.5,28.66,195.42,0.5,True,11178.31,11731.6,553.2900000000009,11704.72,11731.6,12.359999999998763,139.85000000000036,538.7699999999986,139.85000000000036,True,True,complete,47.44861290786259,50.745993737336526,11,29.390934844192635,0.0,-0.8968789372328274,-0.191101036466998,0.014303030303283669,0.010816806722680287,0.00859153915391172,0,0
f88ddb26,1006,6585,1595,4990,75.77828397873955,12933.0,12932.0,12186.8,12145.73,-41.06999999999971,41.06999999999971,4989.0,-0.008232110643415455,True,False,True,11338.0,17922.0,1.0,True,2985620.97,2985661.63,1058770.21,1064879.98,-10017.2,-9184.07,11782.62,12285.1,502.47999999999956,26.77,120.06,0.5,True,11433.48,12199.36,765.880000000001,12108.18,12186.77,-349.14000000000124,85.73999999999978,325.5599999999995,98.32999999999993,False,True,complete,3.8572513287775245,3.7274549098196395,2,1.0934393638170974,0.0,-0.9781050509277627,-0.3373177553004594,-0.026606060606116314,-0.01968259303717317,-0.01170231023104583,0,0
f8afa78a,1260,7367,1335,6032,81.87864802497624,11837.0,11836.0,10968.070000000002,10993.51,25.43999999999869,25.43999999999869,6031.0,0.00421820593599713,True,False,True,10502.0,17868.0,1.0,True,2886250.78,2890994.89,1017038.37,1022271.53,-9121.76,-8406.74,10481.13,11110.62,629.4900000000016,38.67,196.39,0.5,True,10493.19,10993.69,500.5,10967.98,10993.69,12.06000000000131,116.93000000000029,486.85000000000036,116.93000000000029,True,True,complete,47.1969594136012,49.237400530503976,10,4.920634920634921,0.0,-0.8147167553332224,-0.06495413620586678,-0.0056969696970259045,-0.00783625450181481,-0.01004764476446735,0,0
f8f59188,2378,6740,1933,4807,71.32047477744807,12338.0,12337.0,11308.97,11307.34,-1.6299999999991996,1.6299999999991996,4806.0,-0.0003391593841030378,True,False,True,10405.0,17144.0,1.0,True,3006371.2,3006527.78,1122241.36,1128387.83,-9171.44,-8268.88,10349.47,11537.41,1187.9400000000005,28.58,224.14,0.5,True,10361.84,11323.98,962.1399999999994,11306.21,11323.98,12.3700000000008,213.4300000000003,956.7399999999998,213.4300000000003,True,True,complete,61.55786350148368,64.32286249219888,16,49.20100925147183,0.0,-0.944966796147572,-0.6889722213139723,0.002484848484418997,0.004519087635063397,0.005596999699966424,0,0
f9fc81aa,1515,7113,1515,5598,78.70097005482918,12203.0,12202.0,11178.46,11168.12,-10.339999999998327,10.339999999998327,5597.0,-0.0018474182597817271,True,False,True,10688.0,17800.0,1.0,True,2905604.12,2910130.52,1026701.12,1031745.12,-9418.14,-8662.89,10609.45,11366.45,757.0,22.82,168.04,0.5,True,10621.86,11197.97,576.1099999999988,11166.86,11197.97,12.409999999999854,168.48000000000138,557.4099999999999,168.48000000000138,True,True,complete,6.003092928440883,6.555912826009289,8,20.264026402640265,0.0,-0.8817222898481734,-0.08910807403478893,-0.005272727272741519,-0.00988187274911045,-0.011161656165632354,0,0
fa16d114,968,6928,1242,5686,82.07274826789839,11911.0,11910.0,10954.6,10940.61,-13.989999999999782,13.989999999999782,5685.0,-0.0024608619173262587,True,False,True,10669.0,17596.0,1.0,True,2888205.32,2892976.62,1019144.23,1024016.38,-9021.67,-8560.82,10627.13,11110.62,483.4900000000016,38.67,196.39,0.5,True,10639.63,10963.16,323.53000000000065,10922.2,10963.16,12.5,147.46000000000095,295.0700000000015,147.46000000000095,True,True,complete,50.10103926096998,51.16074569117129,19,0.0,0.0,-0.6568006924576205,-0.045986783887505274,0.007575757575475361,0.014206002400960524,0.010679027902768576,0,0
fa31da94,3642,6681,1654,5027,75.2432270618171,12782.0,12781.0,12189.97,12188.41,-1.5599999999994907,1.5599999999994907,5026.0,-0.000310385992837145,True,False,True,11128.0,17808.0,1.0,True,3013417.13,3017189.49,1109410.92,1114189.0,-10030.58,-8981.11,11415.85,12325.65,909.7999999999993,26.38,168.11,0.25,True,11428.36,12208.56,780.1999999999989,12179.55,12196.92,12.510000000000218,117.09000000000015,763.6999999999989,128.72999999999956,True,True,complete,63.703038467295315,69.5046747563159,19,37.42449203734212,0.0,-0.9089919044261785,-0.000831601063701199,-0.011272727272967058,-0.013992316926794122,-0.016439843984425072,0,0
fa667be2,1363,8798,1502,7296,82.9279381677654,13771.0,13770.0,12590.22,12566.77,-23.44999999999891,23.44999999999891,7295.0,-0.003214530500342551,True,False,True,12269.0,21066.0,1.0,True,3007166.56,3010273.73,1074719.73,1082734.08,-10413.91,-9940.29,12067.95,12748.95,681.0,29.71,233.85,0.5,True,12080.09,12590.26,510.1700000000001,12566.75,12590.22,12.139999999999418,158.6900000000005,498.7999999999993,158.73000000000138,True,True,complete,13.162082291429869,12.541118421052634,13,20.616287600880412,0.0,-0.44397334453656423,-0.20451359477744335,-0.0026060606062681987,0.0011755102040550555,0.0036174017401750702,0,0
fae0c593,1928,6147,1744,4403,71.62843663575728,11979.0,11978.0,10875.63,10869.98,-5.649999999999636,5.649999999999636,4402.0,-0.0012835074965923754,True,False,True,10235.0,16381.0,1.0,True,2992996.67,2994732.55,1121686.2,1127005.59,-8799.22,-8019.379999999999,10057.84,11021.27,963.4300000000003,30.96,207.46,0.5,True,10069.95,10889.490000000002,819.5400000000009,10855.740000000002,10887.570000000002,12.110000000000582,131.77999999999884,797.9000000000015,133.6999999999989,True,True,complete,3.22108345534407,3.202362025891438,3,39.78215767634855,0.0,-0.8942876675681626,-0.2367843308950011,-0.04242424242393522,-0.03956350540216449,-0.04131677167715469,0,0
fb03ae90,1985,8129,1698,6431,79.11182187230902,12330.0,12329.0,11478.2,11443.39,-34.81000000000131,34.81000000000131,6430.0,-0.005413685847589628,True,False,True,10632.0,18760.0,1.0,True,2886628.94,2888482.47,1007390.17,1014718.76,-9391.09,-8571.36,10659.45,11651.45,992.0,24.66,211.09,0.5,True,10671.570000000002,11504.09,832.5199999999986,11427.4,11478.16,12.1200000000008,147.36000000000058,767.9499999999989,173.29000000000087,True,True,complete,15.635379505474228,16.902503498678275,12,0.0,0.0,-0.9669223497846762,-0.43907510600821903,-0.03672727272700981,-0.04341608643457656,-0.055989138913899325,0,0
fb0904bd,4012,5087,1906,3181,62.531944171417344,12108.0,12107.0,10968.85,10968.740000000002,-0.10999999999876309,0.10999999999876309,3180.0,-3.459119496816449e-05,True,False,True,10202.0,15288.0,1.0,True,2957982.78,2960951.79,1083300.42,1086740.62,-8828.28,-8033.25,10133.7,11136.45,1002.75,24.82,207.12,0.25,True,10146.03,10972.18,826.1499999999996,10964.05,10969.14,12.329999999999927,164.27000000000044,830.3499999999985,167.3100000000013,True,True,complete,50.63888342834677,54.22823011631562,19,43.14556331006979,0.0,-0.9555891273550982,-0.5545557853998001,-0.008727272727122457,0.026647298919527496,0.029196399639943735,0,0
fb3848a1,1053,7859,1940,5919,75.31492556304873,12327.0,12326.0,10937.11,10946.44,9.329999999999927,9.329999999999927,5918.0,0.0015765461304494638,True,False,True,10387.0,18245.0,1.0,True,2896027.96,2900771.07,1025714.44,1031245.08,-9192.66,-8350.42,10026.21,11077.56,1051.3500000000004,23.92,192.06,1.0,True,10037.93,10954.240000000002,916.3100000000013,10931.87,10954.240000000002,11.720000000001164,123.31999999999789,905.6600000000017,123.31999999999789,True,True,complete,57.04288077363532,60.58455820239905,12,0.0,0.0,-0.8870307210323828,-0.40091746922252103,0.006969696969999181,0.007195678271324807,0.004863726372642728,0,0
fb73b13a,2204,7465,1825,5640,75.55257870060281,11856.0,11855.0,10797.7,10808.4,10.699999999998909,10.699999999998909,5639.0,0.0018974995566587885,True,False,True,10031.0,17495.0,1.0,True,3005463.29,3008951.89,1135646.8,1141681.66,-8619.03,-7901.68,10020.95,11122.45,1101.5,38.91,277.72,0.5,True,10033.16,10818.09,784.9300000000003,10787.070000000002,10818.09,12.209999999999127,304.3600000000006,766.1200000000008,304.3600000000006,True,True,complete,35.003348961821835,40.159574468085104,12,48.86569872958258,0.0,-0.5070022395658139,-0.801304357068032,0.04793939393891264,0.048408163265307995,0.04969798979897783,0,0
fba7683c,2172,2058,1651,407,19.776482021379984,12888.0,12887.0,11857.08,11862.92,5.8400000000001455,5.8400000000001455,406.0,0.01438423645320233,True,False,True,11237.0,13294.0,1.0,True,3005920.49,3006401.04,1097635.87,1099087.74,-9896.21,-9117.61,10966.4,12051.84,1085.4400000000005,32.93,238.11,0.5,True,10978.94,11862.92,883.9799999999996,11852.98,11862.92,12.540000000000873,188.92000000000007,886.5799999999999,188.92000000000007,True,True,complete,2.0408163265306123,1.71990171990172,1,44.613259668508285,0.0,-0.9987127219891037,-0.4150996921065447,0.006909090909389419,0.0015855942377082858,-0.003145274527458448,0,0
fbd68d27,1588,8552,1723,6829,79.85266604303088,12313.0,12312.0,11231.63,11212.09,-19.539999999999054,19.539999999999054,6828.0,-0.002861745752782521,True,False,True,10590.0,19141.0,1.0,True,2907556.0,2912981.9,1033059.81,1039139.72,-9320.28,-8457.59,10572.95,11366.45,793.5,22.82,168.04,0.5,True,10585.03,11234.63,649.5999999999985,11195.68,11234.63,12.079999999999927,131.82000000000153,622.7299999999996,131.82000000000153,True,True,complete,22.07670720299345,25.25992092546493,13,23.929471032745592,0.0,-0.8526933723493411,-0.027441367366388587,0.0424848484847486,0.04380936374548907,0.03977143714368399,0,0
fc03f21f,2109,6202,1399,4803,77.44276039987102,12456.0,12455.0,11887.91,11860.04,-27.86999999999898,27.86999999999898,4802.0,-0.005803831736776131,True,False,True,11057.0,17258.0,1.0,True,3001761.88,3003822.94,1103952.44,1109187.6,-9732.84,-8897.76,10997.9,12051.84,1053.9400000000005,32.93,238.11,0.5,True,11010.43,11893.320000000002,882.8900000000012,11859.97,11887.88,12.530000000000655,158.51999999999862,862.0699999999997,163.96000000000095,True,True,complete,7.142857142857142,7.287112221528212,10,42.95874822190612,0.0,-0.8951290787462605,-0.3241932106643391,-0.026545454545818595,-0.12501944777906973,-0.06845904590458689,0,0
fc0d20b2,1039,5308,1354,3954,74.49133383571966,11763.0,11762.0,10796.320000000002,10774.79,-21.530000000000655,21.530000000000655,3953.0,-0.005446496331899989,True,False,True,10409.0,15716.0,1.0,True,2931278.85,2934624.62,1066232.91,1070109.64,-8616.65,-8213.99,10362.64,10881.6,518.960000000001,26.08,142.61999999999998,0.5,True,10374.95,10799.1,424.14999999999964,10773.22,10796.95,12.31000000000131,82.5,410.5799999999999,84.64999999999964,True,True,complete,44.21627731725697,47.77440566514922,19,0.0,0.0,-0.59851375805154,0.023010788506505835,-0.009999999999826498,-0.009126050420153912,-0.007322412241218574,0,0
fcfcc902,1962,4665,1874,2791,59.82851018220793,12498.0,12497.0,11414.16,11397.98,-16.18000000000029,16.18000000000029,2790.0,-0.005799283154121968,True,False,True,10624.0,15288.0,1.0,True,2983222.1,2984891.59,1089457.27,1093088.42,-9244.18,-8289.74,10611.45,11591.95,980.5,25.9,147.32,0.5,True,10623.89,11440.36,816.4700000000012,11397.98,11415.62,12.43999999999869,151.59000000000015,786.5299999999988,176.32999999999993,True,True,complete,4.008574490889603,4.6936581870297385,9,40.87665647298675,0.0,-0.9904191614900646,-0.5255960145335489,-0.002969696969437511,-0.0003577430972965821,-0.0010945094509380165,0,0
fd3b4faa,2174,6956,1934,5022,72.19666474985624,12435.0,12434.0,11338.92,11346.18,7.260000000000218,7.260000000000218,5021.0,0.001445927106154196,True,False,True,10501.0,17456.0,1.0,True,3006859.39,3007024.43,1122221.08,1128608.92,-9231.23,-8378.71,10451.44,11537.41,1085.9699999999993,28.58,224.14,0.5,True,10463.490000000002,11355.28,891.789999999999,11333.06,11355.28,12.050000000001091,182.1299999999992,881.619999999999,182.1299999999992,True,True,complete,55.23289246693503,55.03783353245719,13,44.434222631094755,0.0,-0.9247892418055783,-0.3500519253982144,-3.535583375608566e-13,-0.0005349339735796787,-0.0023184518451802335,0,0
fd710aea,1906,5960,1743,4217,70.75503355704697,13305.0,13304.0,12161.08,12165.59,4.510000000000218,4.510000000000218,4216.0,0.0010697343453510955,True,False,True,11562.0,17521.0,1.0,True,3007522.13,3010097.82,1092600.31,1097431.67,-10047.75,-9302.05,11414.45,12366.95,952.5,31.86,215.44,0.5,True,11426.95,12175.87,748.9200000000001,12159.93,12175.87,12.5,191.07999999999993,745.4799999999996,191.07999999999993,True,True,complete,22.21476510067114,25.752904908702867,11,46.27492130115425,0.0,-0.9635981019843758,-0.6870069071891238,0.024303030302842657,0.018904681872728143,0.013717071707166644,0,0
fd8f77fa,2054,6756,1484,5272,78.03433984606276,12155.0,12154.0,11380.16,11390.63,10.469999999999345,10.469999999999345,5271.0,0.0019863403528740933,True,False,True,10671.0,17426.0,1.0,True,3004141.59,3004390.69,1110837.96,1116991.9,-9559.38,-8510.7,10511.43,11537.41,1025.9799999999996,28.58,224.14,0.5,True,10523.54,11421.98,898.4399999999987,11380.18,11421.98,12.110000000000582,115.43000000000029,868.75,115.43000000000029,True,True,complete,47.335701598579035,50.58801213960547,21,41.187925998052584,0.0,-0.9613119715078121,-0.24369806574920988,0.016969696969359245,-0.03641056422571551,-0.030702070207016575,0,0
fde20ecf,2013,6386,1719,4667,73.0817413091137,12931.0,12930.0,12023.39,12045.36,21.970000000001164,21.970000000001164,4666.0,0.004708529789970245,True,False,True,11212.0,17597.0,1.0,True,3023302.79,3023407.97,1115026.57,1120771.07,-10070.71,-9080.61,11175.95,12181.95,1006.0,34.4,156.51999999999998,0.5,True,11188.12,12047.7,859.5799999999999,12023.39,12047.7,12.170000000000073,134.25,847.4399999999987,134.25,True,True,complete,27.074851237081116,29.890722091279194,9,39.54297069051167,0.0,-0.9832754238131852,-0.3794869980903113,0.001272727272782492,0.0004739495797879084,0.003596279627931879,0,0
fdfd57da,2333,7364,2128,5236,71.10266159695817,12534.0,12533.0,11367.820000000002,11370.72,2.899999999997817,2.899999999997817,5235.0,0.0005539637058257531,True,False,True,10406.0,17769.0,1.0,True,3001874.28,3001957.1,1109650.06,1116328.7,-9484.86,-8249.35,10371.96,11537.41,1165.4500000000007,28.58,224.14,0.5,True,10384.08,11375.43,991.3500000000004,11360.1,11375.43,12.1200000000008,161.97999999999956,988.1400000000012,161.97999999999956,True,True,complete,48.954372623574145,55.44308632543926,19,48.221174453493354,0.0,-0.9665030690565407,-0.2877915769429871,0.0005454545452437022,-0.00020792316927173215,0.0027183318331720618,0,0
febb4411,2384,6275,2028,4247,67.6812749003984,13675.0,13674.0,12613.23,12605.240000000002,-7.989999999997963,7.989999999997963,4246.0,-0.0018817710786617906,True,False,True,11647.0,17921.0,1.0,True,3021258.56,3024705.02,1083338.31,1087812.55,-10612.81,-9543.14,11683.35,12874.68,1191.33,27.93,198.11,0.5,True,11695.84,12615.16,919.3199999999997,12583.39,12615.16,12.489999999999782,259.52000000000044,900.039999999999,259.52000000000044,True,True,complete,3.187250996015936,3.5083588415352014,2,51.55201342281879,0.0,-0.9776761719721228,-0.7640464839471135,0.018181818181361636,0.01811860744288904,0.013646024602444542,0,0
fef8af96,1316,5068,1242,3826,75.4932912391476,11767.0,11766.0,11042.3,10954.44,-87.85999999999876,87.85999999999876,3825.0,-0.022969934640522553,True,False,True,10525.0,15592.0,1.0,True,2930432.87,2933518.39,1053425.25,1057128.93,-9021.35,-8381.56,10487.85,11145.28,657.4300000000003,23.41,153.88,0.5,True,10499.9,11043.2,543.3000000000011,10954.44,11043.2,12.049999999999272,102.07999999999993,466.59000000000015,102.07999999999993,True,True,complete,32.65588003157064,34.89283847360167,8,11.094224924012158,0.0,-0.9223683092291107,-0.05390799354485002,0.020000000000008407,0.02225498199276716,0.025529852985294123,0,0
ff0aea78,1820,4976,1715,3261,65.53456591639872,12973.0,12972.0,11721.43,11743.5,22.06999999999971,22.06999999999971,3260.0,0.006769938650306659,True,False,True,11258.0,16233.0,1.0,True,2983746.84,2983844.65,1068917.83,1073521.95,-9750.52,-9093.0,10961.95,11871.45,909.5,28.66,195.42,0.5,True,10974.36,11760.08,785.7199999999993,11720.65,11760.08,12.409999999999854,111.3700000000008,758.6999999999989,111.3700000000008,True,True,complete,35.16881028938907,45.63017479300828,20,45.21978021978022,0.0,-0.9780763699403822,-0.2607059860991295,-0.021454545454496193,-0.02465066026412272,-0.02876639663967101,0,0
ff8bb73a,3870,7670,1743,5927,77.27509778357235,12185.0,12184.0,11211.820000000002,11212.0,0.17999999999847205,0.17999999999847205,5926.0,3.0374620316988196e-05,True,False,True,10442.0,18111.0,1.0,True,2935580.42,2940254.3,1059122.61,1064525.78,-9026.01,-8263.08,10365.79,11331.96,966.1699999999983,22.58,196.86,0.25,True,10378.28,11227.820000000002,849.5400000000009,11184.03,11227.820000000002,12.489999999999782,104.1399999999976,818.2399999999998,104.1399999999976,True,True,complete,4.915254237288136,5.230302007761093,6,38.34625322997416,0.0,-0.7249209828735077,-0.5501080360706273,-0.004848484848206213,-0.0039020408163454217,0.00022886288628842143,0,0
ffefef30,2014,6421,1851,4570,71.17271453044697,13810.0,13809.0,12762.570000000002,12753.27,-9.300000000001091,9.300000000001091,4569.0,-0.0020354563361788336,True,False,True,11959.0,18379.0,1.0,True,2944745.17,2946229.73,1009293.06,1015034.18,-10925.95,-9911.74,11975.45,12981.95,1006.5,28.29,176.98999999999998,0.5,True,11987.96,12772.06,784.1000000000004,12750.37,12772.06,12.5099999999984,209.89000000000124,774.9200000000001,209.89000000000124,True,True,complete,29.138763432487153,28.687089715536107,15,44.63753723932473,0.0,-0.9583042827681928,-0.3736531102350447,0.01345454545485118,0.014340936374574183,0.013310171017110977,0,0
