model,well_id,rmse,mae,n_rows,fold
Linear Regression,000d7d20,247.78097445330422,247.6848688292458,5278,4
Linear Regression,00bbac68,38.17681273149477,36.25591170343562,7559,2
Linear Regression,00e12e8b,83.52460156753159,82.5441783504811,6384,3
Linear Regression,015fe0d2,101.55802625202712,99.53136117012959,5950,1
Linear Regression,01869cd4,80.90368930142078,80.62406625867898,6850,4
Linear Regression,01982c1d,31.170116775802096,27.640038193786097,5587,2
Linear Regression,028d7b28,20.637172907136605,15.906125060477889,7761,1
Linear Regression,02e7fe5a,36.30735269065635,33.022284405732975,6888,1
Linear Regression,0390d174,183.19543514415068,182.11319245752935,6101,3
Linear Regression,03a935ae,19.66780496204226,16.94700362708797,4430,2
Linear Regression,044af7d1,20.695045309953624,17.60693728598203,6067,4
Linear Regression,0498acab,59.80243890936388,58.98535983283986,6432,4
Linear Regression,052d64df,211.53286434065828,211.4540433687447,4590,3
Linear Regression,05948241,36.46725998869491,35.567017211028706,5428,5
Linear Regression,059c8f24,88.40980012292192,80.63257461042079,7998,4
Linear Regression,05a0ee4d,328.8660404412099,328.5416587803837,6098,5
Linear Regression,060ab2b8,128.11702939896702,127.73015090148756,7818,2
Linear Regression,06df5958,40.42788060970596,39.90923478685008,5039,4
Linear Regression,071d7b45,124.36565313920491,124.08124968172815,4720,2
Linear Regression,0849b4e2,60.350476965549355,58.80463013548373,7436,2
Linear Regression,084d66f9,15.338457079283526,13.779254619839577,5632,1
Linear Regression,08fecf00,177.92998482968244,176.9197757221884,7405,5
Linear Regression,09053135,205.1759035620747,205.03487557420138,7715,4
Linear Regression,09441b8d,30.33843920216446,29.09567078859261,7395,1
Linear Regression,0955cd6c,69.90721209248873,67.4153897670635,7125,4
Linear Regression,09ec2ca9,171.32610778201698,170.5190919331465,7824,1
Linear Regression,0a57a29c,27.390558180881808,26.918077901347843,7194,4
Linear Regression,0bbf5e67,40.32598739030089,37.91887736191778,6031,3
Linear Regression,0be01c24,148.72161833698846,148.63801437174,6385,4
Linear Regression,0c1b160c,69.26245868721404,68.29899065282801,6714,5
Linear Regression,0d99f8e4,125.91490379435854,125.8056427897151,7522,4
Linear Regression,0dc5e64d,371.9550596072478,371.0817520569255,6191,1
Linear Regression,0dc835f3,121.51134005349908,121.0589822060389,5279,2
Linear Regression,0dd99dc5,18.236386720723406,13.70858136650185,9182,2
Linear Regression,0e5e560d,287.68526164965715,287.6033449036095,4896,2
Linear Regression,109d9d70,65.73232861742429,60.76518223408485,5851,4
Linear Regression,10a1281a,49.39430518660774,47.39491090070879,7353,5
Linear Regression,10b89021,23.179581150846197,17.764927936985536,7166,3
Linear Regression,10be2420,104.62769634983181,104.39079133285404,5203,2
Linear Regression,113011eb,87.18542595731202,85.05625738550015,4561,2
Linear Regression,1131525f,7.3262045687910575,6.007693086468652,5548,5
Linear Regression,11d0f5ac,40.09818805218434,39.595016185724155,6378,3
Linear Regression,12203f2a,215.74371804754966,215.2715280250185,4991,1
Linear Regression,122bd617,32.49858454550709,31.358957711246198,6408,3
Linear Regression,125be846,197.39408259394176,197.25511308992398,8033,1
Linear Regression,1285a37b,84.73089425427418,80.21489673540957,7403,5
Linear Regression,1295a25b,38.15146830184863,37.422635618362534,7037,1
Linear Regression,12f0cd90,23.745050167301706,19.624649394133534,7431,5
Linear Regression,137d1e44,60.42686508261871,55.505024489689475,6313,5
Linear Regression,13ce113d,129.89257891459,127.83832553300653,4875,1
Linear Regression,13f598d9,20.729651199179035,13.154282467204363,8934,2
Linear Regression,14a53cb3,81.53284089699915,79.32718917686663,8780,3
Linear Regression,14ab73fb,62.7989023541332,60.108418858874614,5279,3
Linear Regression,14ad5efb,23.76215778562475,20.55532776897658,7352,2
Linear Regression,14fee784,49.55975009208396,48.381012467042595,6406,1
Linear Regression,153552f5,99.1525790212455,98.51497628080976,6498,5
Linear Regression,1550491d,236.17766942523352,235.98723992689293,5929,4
Linear Regression,155887bb,25.09444355697569,22.79307789739135,7062,4
Linear Regression,1590af81,157.63714359195112,157.35267917816765,5231,1
Linear Regression,15e154a1,67.10687511947866,66.2907786820994,7699,4
Linear Regression,1619e2ca,315.43523146190176,315.24516479834875,6002,4
Linear Regression,16e4a047,113.26658983043188,112.87948896421155,5684,5
Linear Regression,173ed841,188.31254365663602,186.67586703803184,6530,3
Linear Regression,1770d7c6,28.364473149041594,17.199629858714026,9121,2
Linear Regression,177622d7,30.863935688179186,26.671081577732824,4699,5
Linear Regression,18d24f7b,34.18506731962994,33.975546557870544,6260,5
Linear Regression,19137a89,32.08995861013439,22.776680776963648,7958,3
Linear Regression,1944513c,218.61231564543056,218.28557715838923,6599,2
Linear Regression,197f8a5a,77.9834702985237,76.61688391988187,8248,4
Linear Regression,19871e7f,141.69409712649224,138.75556521440075,7152,2
Linear Regression,198a5607,38.62022969645707,36.799564564467794,8094,4
Linear Regression,19fb4f7b,65.89716267896114,61.676438810226465,7923,5
Linear Regression,1a518997,12.160675351955671,6.308509378283944,6544,4
Linear Regression,1a68190b,63.2511894262397,59.16411102157682,6502,1
Linear Regression,1a730ac2,43.31728710835571,42.50738410525127,6049,2
Linear Regression,1aaf1da0,47.81685313068135,45.91924302884606,6321,3
Linear Regression,1b08ed48,11.30231606321792,9.344917572166057,7175,5
Linear Regression,1b1c5372,83.97105729497416,82.66524450990185,5792,5
Linear Regression,1b1eba53,50.66764933826299,45.10383279157118,6710,2
Linear Regression,1b6ba517,123.64342288569678,122.84080573249335,8611,3
Linear Regression,1b82b665,108.71766203870872,106.48816396216986,5364,1
Linear Regression,1bcb2fcf,119.02835039061297,117.94386261576312,6202,4
Linear Regression,1beca81d,66.76648852520857,65.52956605983111,6650,1
Linear Regression,1d3fbf02,152.6074731711791,152.0014611649243,4252,3
Linear Regression,1d78281a,23.665427921151615,22.95913382677717,6810,1
Linear Regression,1e30dedf,40.81393636378143,33.56185888946075,5474,1
Linear Regression,1e5e3573,106.86717027642464,104.59285261178458,7126,1
Linear Regression,1f9afacb,156.22639516629894,155.7988316480214,7054,5
Linear Regression,1fdbba44,37.033726664099476,31.5100489867901,6333,4
Linear Regression,1fee2b62,222.4497782754761,221.71097550668642,6323,2
Linear Regression,20096916,181.08464903567992,180.9112651565094,6880,1
Linear Regression,200d233d,126.60301117678003,125.83996017065422,5896,3
Linear Regression,201661b5,87.61621294008947,87.17233553744563,8136,1
Linear Regression,203721ab,102.29674594032063,101.21415119966902,7235,2
Linear Regression,20402d71,25.979876999026978,20.07061220577032,7930,4
Linear Regression,2043abc5,125.54029453722538,124.83026621619784,8513,5
Linear Regression,204cc64b,163.61339191167957,162.23442599823025,6454,2
Linear Regression,206b6193,179.10161240338127,178.9375566181914,8568,2
Linear Regression,2075c696,183.03874972789137,179.52828366082377,5580,3
Linear Regression,22c5f93f,185.55898557760082,185.32446707073842,6919,1
Linear Regression,230eaaa3,207.4688727394159,207.31607183878657,6451,4
Linear Regression,2364716c,37.09528811779909,32.534589886225724,6093,4
Linear Regression,23b9beb0,144.770973893054,144.61912789443846,8790,4
Linear Regression,24d8997e,54.299453674889634,52.05563616295284,5188,1
Linear Regression,25050f63,61.129214418833506,60.61673958237939,7155,5
Linear Regression,25939962,97.011545699792,96.59276444306352,6071,5
Linear Regression,25fd32b3,25.66169923864844,23.932190556432275,4546,1
Linear Regression,261785ee,97.4583547213774,96.88311309153967,5512,1
Linear Regression,264feceb,12.202022601715903,10.077079398101969,7408,2
Linear Regression,26623a50,98.1817926471384,97.78945649329916,7479,2
Linear Regression,26d3a96a,141.2876839034838,139.05276734125852,6465,5
Linear Regression,272abef3,78.85656084841047,78.58701844778949,5682,4
Linear Regression,27300fd5,76.58122980697927,73.4314053213421,7386,3
Linear Regression,276b012a,76.3735636449163,75.31489893589486,6291,4
Linear Regression,27c3155b,32.370029786176424,29.621545721171678,6941,4
Linear Regression,27ebb9b9,106.17178855762002,105.60702748616129,7651,1
Linear Regression,283269ac,228.42955490101448,228.35793178351383,4567,5
Linear Regression,28473855,85.26677613540572,84.7234342778582,6620,5
Linear Regression,28f4eda9,36.606482815201566,33.49982775121347,6824,4
Linear Regression,29b24409,15.48113051369902,14.89929432302026,7417,4
Linear Regression,29de15c8,226.7352935208011,226.44587180965303,5164,5
Linear Regression,2ab29395,160.24190750820802,158.665182368131,3325,4
Linear Regression,2ac7cb6b,11.188950073967838,8.602556621546617,6451,5
Linear Regression,2acc78d4,48.09661555776524,46.545153923106724,6109,3
Linear Regression,2b034622,79.33839498689049,76.693197044759,6761,1
Linear Regression,2b06ad65,251.19786519304293,251.00917222647215,5706,1
Linear Regression,2b547943,187.9315130455874,187.10925457960485,5131,2
Linear Regression,2be5c96a,190.13497472633253,189.93835222519408,5753,5
Linear Regression,2bff06cf,134.1191858854374,131.25935441416664,9174,5
Linear Regression,2c0c4a4e,16.69725332367902,14.97701536922679,6719,1
Linear Regression,2cee0cba,110.38753429804414,109.81912526954622,7335,3
Linear Regression,2d0c268a,59.61624956907922,59.16612307230275,6289,4
Linear Regression,2d179ded,44.1060127588555,31.667129674939083,9225,3
Linear Regression,2d196986,66.26931020522409,63.853000981687764,8316,3
Linear Regression,2d2d0c6b,58.41656161379497,56.69799835725759,6967,5
Linear Regression,2d35f86d,220.68653735842867,220.23901516821277,6628,3
Linear Regression,2d9f6cb9,41.90121298854249,38.91556820332146,8627,2
Linear Regression,2ddad940,24.483956420943006,22.827718071795516,6812,3
Linear Regression,2e29e833,75.30812983120116,73.26288265538838,7254,1
Linear Regression,2e43c2ea,88.15991724628674,87.16835095059945,7349,4
Linear Regression,2e63d9de,22.290186348187227,15.53085305456579,6505,1
Linear Regression,2ee0235b,13.343326942975015,10.912589281446154,7256,4
Linear Regression,2f19d536,62.73604206154829,56.583398190154185,4744,3
Linear Regression,2f8e53c3,28.40205467949479,24.872189457098735,4133,4
Linear Regression,2fa01aa6,86.39360226612885,82.00953802244518,3860,2
Linear Regression,2fd68f7b,49.12155220301019,46.94094530002835,6381,2
Linear Regression,2fe023be,196.09396758982504,195.91578594862472,6060,3
Linear Regression,30d75030,56.978033408690834,56.06645040259595,5009,3
Linear Regression,310c71a5,9.470132298940188,8.299292086030858,6988,4
Linear Regression,32fe84c9,56.41751766556276,51.61713607347535,8163,5
Linear Regression,33c40295,141.03248587670848,140.71155272233634,5989,2
Linear Regression,3407f5bf,19.867307219130605,17.162111421956705,5309,5
Linear Regression,3417285d,19.922132846397723,16.90827053031218,7458,1
Linear Regression,347242c8,258.634546560295,257.9739429339544,5437,3
Linear Regression,353e5502,51.43247303999894,50.22628491866592,7901,3
Linear Regression,357c12f9,37.47269725843084,34.81016661527944,5770,1
Linear Regression,3584a6eb,43.96706864881562,43.14223641353428,6150,4
Linear Regression,35b30c7f,66.98329927515098,61.448069554962444,11270,3
Linear Regression,35b3ef6a,16.84216157802783,15.089776703844784,5736,4
Linear Regression,367456ce,89.39600533200851,87.83080275231985,7312,5
Linear Regression,368131f9,183.7451872421594,183.18285109433745,6568,1
Linear Regression,368fe682,7.69572011180096,6.362204515329508,6416,5
Linear Regression,3690a146,31.93874701867446,29.450359620389957,5761,4
Linear Regression,37344c2a,23.537035403921823,16.646480704782217,6943,3
Linear Regression,373ef48b,35.16884056854503,34.451984418605775,4992,5
Linear Regression,374be387,92.23214973065144,90.24627707701244,11802,2
Linear Regression,37d36812,69.27516711614874,68.73678850538649,6017,5
Linear Regression,38991fd4,69.42493293545294,68.95481145657972,6545,5
Linear Regression,389ae58f,30.037547089096662,21.619869219011758,8201,4
Linear Regression,3932faa6,88.02979975117535,86.97019763660863,7388,4
Linear Regression,398dce4b,64.37284529056707,63.80700579018051,5005,2
Linear Regression,39b51819,19.841499755625417,18.316590107484608,6382,5
Linear Regression,3a0af893,86.00333794132993,82.23376310026275,4580,1
Linear Regression,3a223519,21.622525428374857,20.501128843102045,6581,2
Linear Regression,3a7dd95d,206.83270254005373,206.2995559753938,4320,4
Linear Regression,3a824aa7,121.21181671920917,120.97626478038028,5678,5
Linear Regression,3a86fe8d,16.32513243352884,14.930969735212813,6572,2
Linear Regression,3aaa2b30,86.20110703254427,84.70069044587348,6396,4
Linear Regression,3ac16ad0,53.29183966650706,51.737314511147254,7412,1
Linear Regression,3b21ea64,26.87072152134429,22.373239885152206,9103,1
Linear Regression,3bbe1f5d,13.977715849936624,9.939225649917521,8184,3
Linear Regression,3bfee975,87.32141113435752,85.96922737074941,5088,5
Linear Regression,3c3dbcbc,162.91235726791922,160.25927693947642,6911,5
Linear Regression,3d96d897,41.17112577773787,40.638966954643884,7147,2
Linear Regression,3df4b19e,99.7390894896104,99.54892067209231,6658,4
Linear Regression,3e011332,78.48972143186691,78.06656950410472,4842,4
Linear Regression,3e678ea7,35.803746853808136,25.274906605739737,8737,4
Linear Regression,3ef6372a,212.47524359461656,212.3214719488659,6666,3
Linear Regression,3ef98781,249.72702467582985,249.58482651209437,5343,3
Linear Regression,3f603129,93.02046810193937,92.3576345605292,6599,1
Linear Regression,404c4384,33.02021850714891,30.172314717718965,2612,4
Linear Regression,4121c517,149.31065813715165,149.17530448486588,5471,2
Linear Regression,41fb0192,49.908233175720504,45.5771638303596,4381,2
Linear Regression,42669188,59.41068723955102,58.618097397963375,6080,4
Linear Regression,42c538a1,113.01070437683298,109.80774924325264,4762,1
Linear Regression,43b06c70,88.76730970005144,87.43877473205694,6590,1
Linear Regression,43c7f85a,64.36841459889015,63.561267553959205,7484,4
Linear Regression,43e16325,89.04481795453226,84.09637179823706,5845,5
Linear Regression,44441e54,31.627769701677934,28.451297088723802,5568,4
Linear Regression,445af6c2,17.67393230031625,12.707380694010782,7998,5
Linear Regression,4463446c,202.05109584156642,201.01916634465735,4729,4
Linear Regression,44a94013,43.416635153217555,42.60973331719178,6492,2
Linear Regression,45fb3e21,173.30809420170038,173.14969143158436,5626,1
Linear Regression,460f859e,47.18178940878264,45.925571615205236,4982,3
Linear Regression,4630ab92,72.80430651875736,72.27039216175092,5307,5
Linear Regression,463c38f2,57.36736136711849,55.776362186770065,6048,3
Linear Regression,4654e7de,57.65026092242406,57.421459609878795,7010,5
Linear Regression,466fc788,49.56734100557905,48.57078280149334,7767,2
Linear Regression,46a301e9,58.57324471090949,55.92609195025624,9962,2
Linear Regression,46a7190b,112.99157339861172,106.8760504073434,5646,5
Linear Regression,46d24a09,38.307155514337026,33.212490982963764,6123,5
Linear Regression,46d41ff6,38.31059985572323,36.24351794263786,9226,5
Linear Regression,46dfcfca,112.62881228085742,107.38184834845173,4921,1
Linear Regression,47222616,20.989456663244436,18.8468259338206,5835,3
Linear Regression,47ee27ab,166.90846888429562,166.64839697076948,8274,3
Linear Regression,481de5fc,120.4113039026068,119.85695440728836,7694,2
Linear Regression,48c1f673,20.768230050637317,17.677267030144446,4666,4
Linear Regression,4936af16,66.9490714492793,66.40033783819204,5559,2
Linear Regression,493b5b31,48.34061000187579,44.61568732538341,6884,4
Linear Regression,49dbc14c,15.474440126813157,14.474049258906465,5198,2
Linear Regression,4a035ec2,70.64291830937869,67.7271648840004,4522,3
Linear Regression,4a335117,30.116422991886445,21.93811205184848,6727,3
Linear Regression,4a8ecc0b,84.76303104263597,84.36314716614076,7374,2
Linear Regression,4b462989,13.095712793697226,9.849179150904245,4738,2
Linear Regression,4b831d20,42.386116083891686,34.91254982965487,9433,1
Linear Regression,4c2208f5,29.46967219227771,23.535271200698702,7248,1
Linear Regression,4c3168cf,230.7491413645829,230.4912005284227,5959,5
Linear Regression,4c3df468,25.36108505366431,19.58227819960504,6903,3
Linear Regression,4caa7289,28.402414783569277,27.800869432353817,6854,1
Linear Regression,4cd1ac61,122.11852941379973,120.19504636846115,6709,1
Linear Regression,4cecf7b3,80.1508582974041,79.81934180031435,7676,5
Linear Regression,4ddde4c1,122.24126857406763,121.82081604346375,6417,4
Linear Regression,4e050c92,38.6658214970128,36.185462631521226,5236,4
Linear Regression,4ed93db6,96.02618592198087,95.46152880327034,6496,4
Linear Regression,4f3eb9e9,133.90026261304618,133.80103306690617,5911,2
Linear Regression,4f4ac5ce,50.17910684810383,49.83299724831188,6899,5
Linear Regression,4f4afcc6,10.31608957514096,8.738470445486866,7184,1
Linear Regression,4f69febf,106.62851266609705,105.28933866894461,7599,4
Linear Regression,4fbe9c06,19.170646271852217,16.962205101548097,7938,1
Linear Regression,504c8b08,87.75487802354841,86.18919208974756,8012,2
Linear Regression,511e1db0,162.83899852550067,160.4393049085699,5645,2
Linear Regression,512943b2,99.20622455291046,98.99400690307571,6681,2
Linear Regression,5138a660,94.61672400780691,93.41479334237559,4829,3
Linear Regression,516088b7,193.2574087540148,193.0057413647086,8300,1
Linear Regression,521a7819,22.461565341903306,21.580585868428965,7224,4
Linear Regression,5254b6db,74.73090143974684,70.47756460692874,5115,3
Linear Regression,529e88ca,28.690377717717617,20.32011656195925,5253,2
Linear Regression,52f1e77a,39.631789355986946,35.101517021898836,6053,5
Linear Regression,5305524b,8.42193972093293,6.950633592828788,6457,1
Linear Regression,53134831,153.45881901600174,151.61391481983574,7214,5
Linear Regression,5397ceb1,226.42092980115248,226.28725710222432,6811,2
Linear Regression,53f23031,100.52095296206758,99.82782141589914,10200,1
Linear Regression,543198e8,115.05493414678479,113.64816170118051,8311,5
Linear Regression,54753541,91.85206816169634,90.8942495912263,5679,3
Linear Regression,54a7e3c2,39.576348001099426,38.6552057604389,7893,1
Linear Regression,5542c301,29.775180425777744,28.3105559821965,5433,1
Linear Regression,5567d551,6.203941179393751,5.18240630896866,8390,5
Linear Regression,55efee7f,84.57917537489838,83.3310522800876,6577,4
Linear Regression,5663b2b7,135.44692060002242,134.7674334022447,6907,3
Linear Regression,5693dde2,171.0732511941683,170.581958695394,4846,1
Linear Regression,56b00794,12.98873737086307,10.182331787457592,7293,1
Linear Regression,57796579,82.40264522479912,80.78241647212754,7622,5
Linear Regression,577eec7c,39.66131761123069,37.564250074086196,6085,2
Linear Regression,57f05c51,40.26189463831199,27.81707903040381,6478,3
Linear Regression,58850d2c,84.1177325606272,81.21790514578034,6918,2
Linear Regression,58fa8486,81.18614213011759,79.60788570490534,6126,4
Linear Regression,591cc951,82.34656318091145,81.43245699739352,6669,4
Linear Regression,593876b6,146.2839780332472,146.1592642374845,6366,4
Linear Regression,59f8b2e8,53.47197094175536,49.11918620387834,5668,1
Linear Regression,5a1a8fd8,257.8818394232876,257.4319724473775,6814,1
Linear Regression,5a5269a9,92.27067614343136,90.44957008367469,8053,2
Linear Regression,5a5d1982,29.116748302827638,27.32969003482112,5446,1
Linear Regression,5a63b5d1,108.53971157290401,104.26997595574784,8052,5
Linear Regression,5aa03df7,34.999819340363054,34.11421786976578,6752,4
Linear Regression,5aa403d0,12.36326706028845,10.000720224941658,4702,4
Linear Regression,5aef5c6c,134.1897450622193,133.89493540687923,4853,2
Linear Regression,5b7b6324,160.83106455404888,159.4770161534585,8197,1
Linear Regression,5bd25f59,27.694546992564735,20.57626697018611,6120,1
Linear Regression,5beded95,108.8882598750333,108.46106379149074,4779,1
Linear Regression,5cb483ac,64.33643107723383,63.245143455727664,5206,4
Linear Regression,5cdd8dbc,126.15630523620409,124.53610364736427,5751,1
Linear Regression,5d11dfb5,25.810851880301428,24.08933329193566,7643,3
Linear Regression,5d7198fd,26.571416600412988,25.340537394669987,4797,4
Linear Regression,5def1ce5,34.52916209191837,33.268657064899024,7997,1
Linear Regression,5eae34a8,187.08957246911612,186.63338533832584,6652,1
Linear Regression,5f4d2a52,163.8433704704278,163.45146875778002,7112,5
Linear Regression,5f6756c5,136.37826180268027,135.64946665366665,8064,4
Linear Regression,5f75f796,29.028102610046513,16.959438669889693,7324,2
Linear Regression,5fb1c15f,33.567522407091616,32.591625737335214,4857,3
Linear Regression,5fffa282,84.69549824796903,84.32974182130111,6223,2
Linear Regression,60e37807,105.38532689527645,104.82371000641265,4641,2
Linear Regression,61f27424,29.230113618098358,26.65348867771399,8341,3
Linear Regression,62569ae3,18.766979617719056,17.86967226840672,5242,1
Linear Regression,62a6f539,66.19403049741952,65.07750487469907,5253,5
Linear Regression,633774dc,53.410578456385764,52.97706962542843,7972,2
Linear Regression,63559d57,310.06614798968246,309.7353678026461,5810,3
Linear Regression,647f2a41,180.35264439851045,180.21560937742473,5836,2
Linear Regression,65156b96,93.80328376581102,89.91380586622768,5046,2
Linear Regression,653612bc,34.111284503095895,26.597311107711125,5946,3
Linear Regression,656a067b,165.69503969270434,165.56696450232528,4896,2
Linear Regression,65a5466a,104.61220839364448,103.93184182441883,6117,2
Linear Regression,660d9546,19.138745707543723,15.17932978206809,6140,2
Linear Regression,6767c111,40.946063176930565,36.123002201712666,8354,2
Linear Regression,67847288,20.151912994798145,12.0542631730498,9174,4
Linear Regression,67a8da4a,174.27847361277847,173.11229026645265,6645,5
Linear Regression,684a6fc1,55.81061753586994,53.68260412025836,11449,5
Linear Regression,698930d1,171.54393063608717,171.43748284939107,6498,2
Linear Regression,699ea575,72.01237837611673,71.23875301590094,5474,4
Linear Regression,69c1bdad,206.19420680650185,206.08588821463317,4645,2
Linear Regression,69e41fa6,34.51642529771744,31.716989365037808,7167,3
Linear Regression,6a0ff78e,6.769313181897546,4.648184693149627,7890,2
Linear Regression,6a8fa194,299.5901044350929,298.69228729966335,4657,5
Linear Regression,6ae68655,230.49301223086138,229.12252268608714,5948,5
Linear Regression,6d1d74e1,26.475968478136785,20.974862443508083,7316,1
Linear Regression,6d590e26,120.88087120974808,120.79654090323368,7842,2
Linear Regression,6d6d93af,75.14968500515032,72.21737494213548,5305,3
Linear Regression,6dbe4b60,107.93396103587064,107.72023974767889,6673,2
Linear Regression,6e6d122c,25.779064891215377,25.305087798957675,7083,3
Linear Regression,6e9ccd38,46.77526880394589,43.79661551039786,9619,5
Linear Regression,6ea22614,24.405034539312936,21.61809792061691,7894,1
Linear Regression,6ede926a,15.825009010937762,14.993828181365355,6621,2
Linear Regression,708caea9,38.15001992101207,33.65652847669228,8482,4
Linear Regression,70925e23,111.40690818806493,108.5249777017705,8072,3
Linear Regression,70e1788b,24.256397324383002,22.255327453647563,11338,4
Linear Regression,71642c7d,21.776679682722744,19.62404273632388,6657,5
Linear Regression,71ccf778,237.08979508457955,236.60481527766945,4623,5
Linear Regression,7224331b,77.30224254182511,74.05249539883853,7566,5
Linear Regression,722cf0d8,21.695011582341856,15.365547231738228,7275,3
Linear Regression,7256229b,85.24121230850835,84.00312257816827,6972,2
Linear Regression,726f3dc2,202.3130879890881,202.23042692768442,8619,5
Linear Regression,7271dd80,17.906571676546942,13.022134307074225,5765,2
Linear Regression,727a3a10,74.59285968239557,70.25730092172165,6342,3
Linear Regression,729665c0,171.84647346792562,171.65076646978505,5775,5
Linear Regression,729e9750,19.893071361555997,17.70635796473889,7427,1
Linear Regression,729f4217,10.07323220539643,8.356331763263173,7592,1
Linear Regression,72dd8501,156.622430411414,156.32787618564168,6928,3
Linear Regression,73348914,51.39557951264668,47.925658012443,5686,2
Linear Regression,739a914f,145.36852101198596,144.59947472662589,7319,2
Linear Regression,73b1447d,20.395174088835716,16.417668405542987,7522,1
Linear Regression,74b6186b,55.35734788857537,54.5552698234104,5148,3
Linear Regression,75c20ec7,29.657107602438934,27.903417536106645,7205,3
Linear Regression,75cd5f11,7.383717099606123,4.607015316188405,6410,1
Linear Regression,75d20a82,128.10571192851205,127.60043795195521,7002,2
Linear Regression,76201745,86.98595913829601,84.10997383336615,5858,4
Linear Regression,764072a5,18.26016487572003,17.01781308527634,4594,1
Linear Regression,77b0d905,60.28726545210719,59.80537019621153,5923,5
Linear Regression,77e4821c,62.68759236356465,61.91896118017938,6540,4
Linear Regression,7850c72e,46.47492645028779,34.65425166542973,7712,5
Linear Regression,78a4a386,140.01568322184534,139.8382249810979,6246,1
Linear Regression,79507629,130.0527544171247,128.577004661892,7320,1
Linear Regression,796dbd4c,27.745432059033906,25.282108176244247,8069,3
Linear Regression,7987f2f2,315.76140843730946,315.3655407377196,5714,2
Linear Regression,7993a768,108.99983652998785,108.26062228642823,7047,4
Linear Regression,7a5660b0,19.80454303517919,16.341856990068962,6936,4
Linear Regression,7acda2df,61.23028703219424,60.68668227008628,4552,4
Linear Regression,7b2c7b3c,92.4101754168272,92.21602327277685,4231,1
Linear Regression,7b38844c,93.77877938911945,92.77724510203493,5197,3
Linear Regression,7bb17b96,87.84054249902432,87.36771366854306,5295,1
Linear Regression,7c607683,11.530518230432637,7.883538438495443,7001,3
Linear Regression,7cbbd047,134.86688566605028,134.2716021676711,6790,4
Linear Regression,7cd4bb31,10.87434460471973,9.403812845017097,7959,4
Linear Regression,7d50373e,64.98323839485911,64.12072482626107,6494,1
Linear Regression,7d57c75d,76.18389469735658,74.17895057803915,6147,5
Linear Regression,7e208414,131.45803424704258,130.76901639210035,5732,3
Linear Regression,7e721392,144.30666586543268,141.29271358865805,8301,4
Linear Regression,7ff89f8f,35.9329230981136,32.91660530770182,9539,3
Linear Regression,8050c789,35.94589231524523,32.56784242770452,4940,4
Linear Regression,807f0298,31.692259127823625,23.21337877396647,5499,5
Linear Regression,811f52b3,7.75778110764598,6.032003448584127,6674,1
Linear Regression,81bf5923,45.098494395929656,37.734864393807875,6386,2
Linear Regression,81fc01c6,12.680176886890198,11.061239802525561,7655,2
Linear Regression,8255c867,80.79912224006415,79.7041124762616,5338,2
Linear Regression,82aab6d2,16.083863241099525,11.699908475706858,7889,4
Linear Regression,82fcf37c,42.459008815505214,38.534652577090725,7397,2
Linear Regression,833af382,113.11225447799252,111.2419642024009,5377,5
Linear Regression,8382f4b6,157.5045427434932,156.97287546650625,6680,5
Linear Regression,84633df4,17.33259853701565,14.08111410619753,6719,1
Linear Regression,8478df29,23.692563492079508,21.63471701086027,6698,4
Linear Regression,84815d5a,82.20938170370752,80.8541538320082,5286,5
Linear Regression,84c3b497,80.29295961101072,79.78846673324071,6887,4
Linear Regression,85380836,17.932294410628245,14.145980949933563,8175,3
Linear Regression,8612b37f,130.30543263144716,129.73366088679305,6807,3
Linear Regression,861e71df,111.38917532456402,111.04497764900202,6284,1
Linear Regression,86454a6f,92.62198433242772,90.0382075460016,9100,5
Linear Regression,8648abae,55.032287007772226,54.191113373958125,6086,3
Linear Regression,865033f8,54.10815833387632,53.31385160538305,5303,4
Linear Regression,87695469,211.33521454656875,210.62125862469236,8654,1
Linear Regression,877ed19c,317.96947384639265,317.32962940289747,5631,4
Linear Regression,87aa3730,26.662180451701044,23.81976726231944,7293,5
Linear Regression,884ecb5f,10.540679091008025,6.244517240516996,8054,1
Linear Regression,8902c3f6,116.86309297129381,116.2101686276046,6533,2
Linear Regression,896d15b9,127.55640467351884,109.98526241674162,5698,1
Linear Regression,8995c945,56.2445156567451,48.92951636677921,8198,5
Linear Regression,89969c7a,81.26601385610711,80.83601468468639,6317,2
Linear Regression,89f1085d,100.48720872897812,93.03728176962896,7497,3
Linear Regression,89f36adf,152.89859594063734,150.57611265932866,7041,2
Linear Regression,89fdb2f2,39.54185950366042,36.817977636721004,3570,3
Linear Regression,8a3da6d1,192.50768581339787,192.19113070924965,6334,1
Linear Regression,8a89da23,7.808989540339127,6.1596014250837685,5575,1
Linear Regression,8a9c8932,29.26111767161164,28.822146684441623,6344,3
Linear Regression,8ac2f237,152.42637004697087,151.4299329310967,6775,2
Linear Regression,8b12bab6,159.93075491942804,159.7164840469922,6980,1
Linear Regression,8b5be31b,75.20346614460486,74.4082663148563,7439,2
Linear Regression,8b95d6d1,129.22988938575858,128.5948763683463,2783,5
Linear Regression,8b9d8326,65.74203003661549,63.58760544187879,7832,5
Linear Regression,8bb9c1e6,8.948641172498268,7.973506922263552,6382,1
Linear Regression,8bda1a11,45.521196815479854,44.79616307765242,7438,3
Linear Regression,8bfa881d,88.45347115758408,87.94422385087654,5843,1
Linear Regression,8c167025,114.98003059633959,113.63845422572683,7113,4
Linear Regression,8c8348e8,103.64153451777253,97.20634551804291,5581,2
Linear Regression,8cc21f01,131.4171882541532,131.02824660454192,5806,4
Linear Regression,8cc800b3,99.00034072406164,94.07012170805062,8091,5
Linear Regression,8d5d46d7,46.62268433623593,46.20566619694245,7282,2
Linear Regression,8d92cb49,190.1118746776545,190.03680675019365,4839,5
Linear Regression,8f201368,20.89674632139321,18.53760059923789,8151,2
Linear Regression,90386ee4,60.38417077059824,59.9126654177611,5304,2
Linear Regression,91abc4c7,135.88315984258583,135.2509301844105,7787,3
Linear Regression,91b301ce,76.1268874758531,73.20129755560086,8512,3
Linear Regression,91db7070,104.26055146229426,102.4280071165838,5646,5
Linear Regression,925a7cd1,111.97036999838706,111.17369823235907,6501,3
Linear Regression,9283ae69,154.63107229360062,154.31066154482247,5118,2
Linear Regression,9298ad5b,27.196850775250283,26.0264177759639,5807,1
Linear Regression,9314ff13,200.83816119008364,199.56389328479295,4494,5
Linear Regression,93209a3d,76.91724330196213,72.95266459810603,6300,1
Linear Regression,939d9c34,364.53200262637654,364.26576500918486,6627,4
Linear Regression,93f5d2e6,49.62537936667499,48.31545545229361,5171,5
Linear Regression,940a48d9,63.99560946187099,62.50775825280011,5627,4
Linear Regression,940e709a,139.47279798875647,139.0193364219268,4989,2
Linear Regression,9426ec1e,17.464702181971756,12.48714788303371,3923,4
Linear Regression,94467f50,11.275519626915534,9.552955605312711,5116,1
Linear Regression,944f36b9,97.36265248704841,96.80870539340887,6035,2
Linear Regression,94d813a4,148.02355501559285,145.92457418610513,6591,5
Linear Regression,95b559e7,19.391800417091833,15.166852805753726,4638,4
Linear Regression,95c8427f,60.07225669952313,57.00729136019152,8051,3
Linear Regression,96936c22,17.29976899775486,15.733445841685707,4997,5
Linear Regression,96ae5806,106.1477267310587,105.72899937349713,11527,5
Linear Regression,96b7eea1,146.86251547152168,146.6275980753398,6078,1
Linear Regression,9719aa04,123.82779395452569,123.43807510699175,6665,1
Linear Regression,974802e7,51.83719083764227,48.29180556907026,7537,3
Linear Regression,97cd5bf9,15.865569314756977,13.049470468478233,5099,1
Linear Regression,98177ced,38.493683092296706,25.55777268857386,6789,5
Linear Regression,9896fc0b,53.82603104548579,52.1368866719471,5109,4
Linear Regression,98bc6f66,63.875265820290934,62.907830474361695,7720,5
Linear Regression,992c99e8,108.24157273064273,107.6262578335382,6740,2
Linear Regression,992ce078,222.82156567568202,222.29164778258902,4661,1
Linear Regression,99529c45,58.313273865313235,55.70307654117032,7591,4
Linear Regression,995ff498,31.616042882881068,31.156830369715927,6127,3
Linear Regression,999daf80,53.281325829779334,50.182538627990084,5439,2
Linear Regression,9a6b0392,91.50956218784538,88.86665684878206,5802,3
Linear Regression,9a8ae0d6,88.49613023568902,88.09067693686895,7835,1
Linear Regression,9a95e33f,110.9656707814037,110.08063082422159,8156,4
Linear Regression,9ab94eeb,29.445096768027874,26.422912571553773,6372,5
Linear Regression,9ad5410a,166.7004826276749,165.16943652042326,5749,1
Linear Regression,9ae248be,37.918800436029336,29.109102166627512,6655,2
Linear Regression,9af1ffd0,140.38115875682624,140.06555326608344,5454,5
Linear Regression,9b5b61c1,48.36167450449532,45.60204658645587,7215,1
Linear Regression,9b9e3b49,93.65512400727133,92.94661013104584,6875,2
Linear Regression,9bd2bba3,26.994784311012637,19.248259962173798,9092,3
Linear Regression,9c211c53,122.83987144956139,121.9149743400336,8842,1
Linear Regression,9c350a6a,159.04029925134205,157.92836594877826,7794,3
Linear Regression,9c8375f7,102.25810851560423,100.77082111379943,5432,2
Linear Regression,9d072e4c,324.91551046349724,324.3444421362267,6798,2
Linear Regression,9d3ec64c,104.50236721507126,102.22401622020075,4937,5
Linear Regression,9d4272e3,118.2567750509828,115.99633324142188,5771,3
Linear Regression,9d5e14d4,49.73228769327956,49.31500728623822,6565,3
Linear Regression,9da441ba,15.838364978940804,11.766331654829763,7283,2
Linear Regression,9dede370,20.543058235786305,13.045627354955526,8057,5
Linear Regression,9def2eb2,140.48968947170815,140.1488432569549,7750,1
Linear Regression,9df1b1f9,77.85566616061661,75.29994531352564,6444,3
Linear Regression,9dfff011,1048.7584701830035,964.0476508053839,6067,1
Linear Regression,9e3e364d,343.0220209092675,342.90968267951666,5809,2
Linear Regression,9efc812e,20.58836926104461,17.869202986726833,6100,2
Linear Regression,9f0c7bae,96.2110970020542,90.37562484433356,4040,5
Linear Regression,9ffce529,128.05101073475967,126.60729060930406,6675,3
Linear Regression,a0383629,132.97315875643415,132.85543329838632,7687,3
Linear Regression,a056d01e,41.83495259740411,40.732831678283475,8292,2
Linear Regression,a08d9e63,43.06789858723099,41.30346624415435,5199,4
Linear Regression,a0b83014,93.64744163846682,92.81109212048656,6873,5
Linear Regression,a0e92ed6,273.55741944509964,273.2590711548804,6446,1
Linear Regression,a15bc102,36.4713392172509,35.024545205360965,5124,1
Linear Regression,a247e7cf,58.92569467420576,58.403243965788356,7237,4
Linear Regression,a2e8e7f6,120.63119944738789,120.04927108716933,5812,2
Linear Regression,a3518960,27.966911897911892,24.8878375704941,6992,4
Linear Regression,a3f71395,52.198461362134246,47.408231658873504,7040,5
Linear Regression,a4719920,219.32137490524428,219.2470400080452,7495,5
Linear Regression,a48640d9,32.180820477047895,26.51110173521798,6586,5
Linear Regression,a4cdbb0f,13.433002616584469,11.119438178403847,6759,1
Linear Regression,a4f989c2,52.166949410121596,51.6657088387659,7024,4
Linear Regression,a5aa7973,172.66347090172863,172.35698677667173,6449,2
Linear Regression,a5e6f7dc,85.87402433314624,82.36613122341116,7331,5
Linear Regression,a612d5a0,59.1458354109994,57.39993798583816,7160,4
Linear Regression,a622ce4d,56.11046863917181,53.11169547524537,8047,4
Linear Regression,a645da9a,118.02229831513479,116.92119252322297,6766,3
Linear Regression,a692b17e,38.48995302385052,37.26649734986316,5409,4
Linear Regression,a6b8ac67,58.720186201518004,53.55546385586127,7017,1
Linear Regression,a6ed2eff,189.07917103874334,188.6522454615171,7054,2
Linear Regression,a6f967fb,89.76295628872379,81.47224076284235,7032,3
Linear Regression,a76db406,107.72817914286183,106.66086549559397,6451,3
Linear Regression,a7744f5b,17.52684129224664,15.850684173210803,6017,5
Linear Regression,a783cc24,32.14990595361714,28.293450415464214,3275,5
Linear Regression,a79fd2e7,187.60116147622196,187.44462158968435,6327,5
Linear Regression,a7fc3e6b,78.33589140905039,76.06717466009734,6378,1
Linear Regression,a85bb86f,32.252191065234804,29.927683262617062,5100,5
Linear Regression,a85e4bc3,148.76812126817137,144.34790448567432,5993,2
Linear Regression,a87433c9,144.76571484021673,144.2386368035231,7460,5
Linear Regression,a8ed028a,58.29809694902126,54.108452315759784,7310,3
Linear Regression,a959858c,141.00053436089385,139.8874430919284,5770,4
Linear Regression,a9c9b150,112.81378805527663,112.68791820145182,5826,4
Linear Regression,aa95015b,28.4640003493944,27.50161402240163,5761,3
Linear Regression,aaaf3c03,321.3694834379307,320.4308076799493,4728,5
Linear Regression,aaeffccb,39.92882618564633,34.72200809017982,4586,3
Linear Regression,ab112491,208.1501000151517,207.5697849294368,7178,2
Linear Regression,ab18d3fc,21.48700658803466,20.41222564783117,7337,3
Linear Regression,ab3ced07,110.99645593648553,110.60102246388844,6008,1
Linear Regression,ab6fe95d,49.65439782457662,44.510452220922325,7424,3
Linear Regression,ab94878e,63.89705567365464,61.96487462673855,7652,4
Linear Regression,abf460d2,35.38347904410416,34.29580172896107,4763,3
Linear Regression,ac6f01d5,107.96736675190228,106.5374700459741,6729,4
Linear Regression,ad2133a8,126.3714827158235,125.31550044302644,7187,2
Linear Regression,add9c322,83.67421078673037,83.11897899789288,5519,4
Linear Regression,ae069086,103.94500948339478,103.00772872700088,6741,5
Linear Regression,ae0784a8,72.71204483291916,71.64076667657275,9171,3
Linear Regression,ae35f33a,20.91774391515322,19.340401306859437,6469,5
Linear Regression,ae8959c3,46.158664177446205,38.88172896669105,6645,2
Linear Regression,aed44918,73.54370955855423,66.65460985734282,4020,5
Linear Regression,aee6393a,20.674082620202554,19.14802127717816,7146,5
Linear Regression,af7a59ce,73.25697936859339,73.04623585669528,4330,5
Linear Regression,aff4e561,54.398140894535054,50.3737932254392,7723,3
Linear Regression,b04b58a3,41.273957468964724,35.82512569283871,5229,5
Linear Regression,b0d42b0d,131.97243828648965,131.52357595981385,6357,1
Linear Regression,b0f53bf4,182.02985109558884,180.95402697366924,4202,3
Linear Regression,b19b0395,98.63502132241796,97.61503382549718,7196,3
Linear Regression,b1efb8a4,73.16482389870905,72.43800939383026,7562,3
Linear Regression,b32902c0,81.63805946980709,80.87233422351834,5737,2
Linear Regression,b32e4903,8.103978339876686,5.720362642831994,7420,3
Linear Regression,b3388334,92.94779396763941,92.49417812795315,7807,4
Linear Regression,b37fd114,130.00477559454413,129.44678124750806,9786,4
Linear Regression,b38e3116,97.62317933035952,96.83152456447458,7954,1
Linear Regression,b4d8dd4f,16.575787150301412,11.87317784095661,5909,3
Linear Regression,b4f37e6e,74.63165441728354,73.4330811580626,4499,4
Linear Regression,b56bc0aa,63.41676282766859,61.586717302982215,7431,4
Linear Regression,b585b4fa,10.29364310551956,6.839597305992069,5999,3
Linear Regression,b5aa9634,76.40490552826236,74.04177184285179,8747,5
Linear Regression,b7974e66,14.050265165860928,11.165353537768397,7170,4
Linear Regression,b7cdcecb,16.77980188688659,13.552173738468753,7620,2
Linear Regression,b7fea9ef,33.24547035618092,29.65670345628305,5575,5
Linear Regression,b85f7b06,342.4494154859074,342.10983704872837,5453,4
Linear Regression,b881d27e,52.00988463757359,51.37897798999025,5442,3
Linear Regression,b8c49c1a,76.01320322773724,74.64575614270393,6254,2
Linear Regression,b95e7121,31.162893229564006,24.427003749587293,7492,3
Linear Regression,b977be4a,63.66113128289932,58.96171741344752,7495,2
Linear Regression,ba48188d,17.749546119077614,12.854190278390405,5534,3
Linear Regression,bb2cdd83,14.071288937121798,9.972250957893714,5665,3
Linear Regression,bb337fa0,38.18779151537248,37.208638161116944,8216,1
Linear Regression,bb682ebd,154.07512883430095,153.9204415731865,5931,2
Linear Regression,bc4381e2,22.60550167243197,20.353136075519746,6885,2
Linear Regression,bcebcc5f,59.716429712842505,58.70468087923696,7889,3
Linear Regression,bd2c2f34,53.23730227252171,49.82997449232851,11621,4
Linear Regression,bd4ae5da,107.60001563973466,107.00617842094543,6905,4
Linear Regression,bd6f0e19,33.745049820056316,32.912608971916214,6979,3
Linear Regression,bd8f847e,32.78039584860571,28.90450112168476,6161,2
Linear Regression,be063506,210.2204703787517,209.8356921367071,6539,5
Linear Regression,be35c8f2,111.23096845687141,109.37091934012295,5898,2
Linear Regression,be83e781,57.545638845541454,57.240235380125156,4776,2
Linear Regression,beda8696,42.146079247047794,37.50116731720403,7868,1
Linear Regression,bf39bc20,56.20066848589454,54.73482698830536,5047,5
Linear Regression,bf70b410,56.74317850539577,50.44300167694414,8000,3
Linear Regression,bffe3082,282.6789867615817,282.25517030195925,7186,5
Linear Regression,c03b9305,36.084729882126545,32.59265759049545,6067,5
Linear Regression,c03d4aed,44.07020361941299,39.90686539991746,6375,2
Linear Regression,c03fba65,13.180826374946106,11.41653963585709,5669,4
Linear Regression,c07fd0cd,24.527100992617644,21.640382551041558,6035,4
Linear Regression,c1708b88,26.039811461377848,20.321788397585326,7960,5
Linear Regression,c1d046f4,62.838498477568045,62.646481304744704,6917,2
Linear Regression,c2717d4f,223.52281642545935,223.4702452897376,6682,2
Linear Regression,c2c4db09,62.48639273305435,59.103374626385865,7851,4
Linear Regression,c2c6fc71,44.40966779960584,42.775458625910176,8840,2
Linear Regression,c36625df,90.29823281744963,89.81119107152088,6386,5
Linear Regression,c3957531,29.315276757795445,26.017565629499607,7254,5
Linear Regression,c42fe306,102.10416447620042,101.44050136552117,7023,5
Linear Regression,c43812e2,95.18558919856866,91.63117777289938,7293,4
Linear Regression,c472c0b5,14.85420126375862,11.80167556607759,4867,5
Linear Regression,c47e0767,64.63875188070743,63.879389093429374,6099,1
Linear Regression,c50b42f6,28.53554201594646,26.307596595058484,7920,2
Linear Regression,c593337f,127.55484381548169,126.65003356787328,7118,3
Linear Regression,c59b6c4a,90.09347098743427,87.27962670917124,7460,5
Linear Regression,c66be2b8,117.40190562328971,116.52210892770282,6207,5
Linear Regression,c6797dd7,154.31645864446878,153.93044609344116,6281,2
Linear Regression,c6b782a4,26.897880341055135,26.192140377211125,6675,4
Linear Regression,c6c96179,34.30004979448451,31.449031519044002,5813,1
Linear Regression,c70c0e01,135.77105763404538,134.19476531957915,6057,2
Linear Regression,c84c65be,205.97788889140884,205.55692454099054,10243,1
Linear Regression,c8d9680c,123.31494866602122,122.70024717143815,7741,2
Linear Regression,c908edd0,141.30488063865897,140.42746205771485,6751,2
Linear Regression,c9578d27,39.407572580077016,38.37223850068141,6202,5
Linear Regression,c96c018a,106.62337300867063,106.15279049889882,7679,4
Linear Regression,c99f9fae,222.652335057249,221.85023814751096,8394,4
Linear Regression,c9e6734f,66.26798568934865,64.01927619062117,6388,5
Linear Regression,c9e980e8,167.64836878463458,166.68109832679804,6262,3
Linear Regression,c9fedcf3,24.97901736483334,19.83988417111908,5210,3
Linear Regression,cad13e8f,51.26071914565817,35.722090332663555,6866,3
Linear Regression,cb34231f,113.32992282890784,109.50326734461106,7510,1
Linear Regression,cb879f40,155.915431101665,155.73098335025128,7904,4
Linear Regression,cbb406b5,35.05899930691783,34.07946652606549,8135,1
Linear Regression,cbe51de1,381.10096810060645,380.9574329802339,5362,2
Linear Regression,cbe62450,163.68729354274632,163.56129434999968,7858,4
Linear Regression,cc08aa63,104.9686829060936,103.6665810630855,5018,4
Linear Regression,cc8a1d57,152.4349943533887,151.81672145255715,8321,2
Linear Regression,ccedb12b,156.6282301987959,155.04971584334342,6427,2
Linear Regression,cd7f1687,166.17368266223696,165.964440886218,5981,3
Linear Regression,cda7eb37,145.74006421644245,145.30714534778033,7620,3
Linear Regression,cdc31d65,13.362095979425485,12.289266796873413,6608,1
Linear Regression,cdc60a53,19.726562526036634,18.578480093558543,7631,5
Linear Regression,ce55ba43,8.365968532628758,7.051368635163906,5658,1
Linear Regression,ce8399b7,163.57010733931762,163.11628123895926,3548,1
Linear Regression,cf50c9d1,56.0096224181731,55.837552134648575,6634,3
Linear Regression,d00e7eb9,15.502121772090916,8.796452972231611,7321,4
Linear Regression,d011f41b,50.526549407801106,49.51895242321248,3906,1
Linear Regression,d07aed8f,81.83899792795347,75.99273918010309,4709,3
Linear Regression,d085e611,84.9498360509561,83.03325208209267,7852,3
Linear Regression,d0a0e7b5,120.77199263253853,120.34649941168423,5423,4
Linear Regression,d0a43760,65.9308052053368,63.060576930359616,5502,4
Linear Regression,d0cb63ae,32.52684368505237,21.904963025933117,6859,3
Linear Regression,d114d9c2,21.121499188901236,18.245276438158744,7543,2
Linear Regression,d1457cc5,26.831514047421823,24.84239795332602,8443,1
Linear Regression,d1ecf309,223.9444036696984,223.54389053824468,7864,2
Linear Regression,d1ee630d,51.4405488322118,47.15821372124533,7879,5
Linear Regression,d217e0c5,22.34271710897365,21.702940395641928,5713,5
Linear Regression,d24ff243,57.63526105801165,56.10952371821615,7116,3
Linear Regression,d273674e,64.76839017001817,63.576283325311415,5738,3
Linear Regression,d2f3b1ab,38.65633385663576,38.050242839601786,7018,3
Linear Regression,d3df146b,90.30703319171536,88.1745902552132,7252,5
Linear Regression,d40f61d5,19.0582638142244,16.609300827715824,5880,1
Linear Regression,d41beaf2,71.0672730950373,70.77546981283652,6592,4
Linear Regression,d463e527,33.37218852597207,32.09432024685619,6991,1
Linear Regression,d4f60a28,19.046627220350228,16.834786626292736,6435,5
Linear Regression,d50c649a,83.57384516632227,82.26573393980165,6548,2
Linear Regression,d543916f,47.452000764685096,46.178306877219526,6281,5
Linear Regression,d5df0ff5,82.88714085095707,81.83122802134014,5490,2
Linear Regression,d60430e6,23.694250715552553,22.994574696155073,4176,2
Linear Regression,d63196fe,73.26513837884528,71.37373983050291,5881,5
Linear Regression,d6c320d9,74.50007723121143,74.33423860303485,6946,5
Linear Regression,d6dd7330,54.9753759345706,54.25875445410699,7660,2
Linear Regression,d7ba4f9d,27.995269840463017,24.58589779047619,7771,5
Linear Regression,d7eb0be8,30.27910237780339,24.776957462133563,7208,2
Linear Regression,d84b621b,12.324974502211784,10.77253984807786,5746,5
Linear Regression,d90aa14c,45.07438759433746,43.243017164944625,12141,1
Linear Regression,d924e971,216.20730173473612,215.16500551986587,5308,1
Linear Regression,d9ae59b2,408.491086400861,407.9193134758628,5150,4
Linear Regression,d9d6d94d,127.17230988513103,125.36250202468196,6660,3
Linear Regression,d9eca87b,75.28216707565653,71.38250110145322,7932,3
Linear Regression,da2d4d7c,188.88697791510415,188.1812710153601,3567,2
Linear Regression,da3bfe4e,68.3792474563139,67.96971692178002,7107,2
Linear Regression,da3cf798,15.34600819139587,12.805142957348512,7591,1
Linear Regression,da940160,110.53275351383438,109.72447629629758,6792,5
Linear Regression,dafc88c3,100.29694084848884,98.59753390745048,7187,1
Linear Regression,dbee6c86,25.258174494402095,13.289625979347171,9114,4
Linear Regression,dc5fbe29,17.82553993661937,16.685764980589916,6555,1
Linear Regression,dc7da28f,43.58904221343326,40.7361125504301,6672,5
Linear Regression,dc7f9757,193.95173454293342,192.92192540684238,6203,3
Linear Regression,dd168de0,167.0259038495835,166.78871973858165,5095,2
Linear Regression,dd64382d,51.662992716638435,50.503876307275945,5058,3
Linear Regression,dd6bc5b2,32.84936919475673,30.37053147291595,5764,2
Linear Regression,dd7d638e,124.02974243337471,122.21496705875097,6046,1
Linear Regression,ddc790ff,204.80673426662298,204.3611521347818,6468,4
Linear Regression,df71d1ff,28.71488373653578,24.3675993069367,7879,5
Linear Regression,df73b8f3,94.03185383344665,92.26927686805537,7150,1
Linear Regression,df8290be,35.53032188412607,34.40477287658272,5675,2
Linear Regression,e0079ed1,74.10542301416722,69.51474283331811,5257,3
Linear Regression,e03b45fd,65.96536201170623,58.83846563620909,7083,1
Linear Regression,e0f36d98,41.04098540784853,40.16123730928464,6714,4
Linear Regression,e149204f,38.43826570542151,36.434828072854245,7549,5
Linear Regression,e14d641e,13.94468758447008,11.859808139116353,4978,4
Linear Regression,e161bd0c,62.969509978571786,61.14751480599572,4813,5
Linear Regression,e201fd6d,37.874143741619584,35.54324386713086,6912,1
Linear Regression,e25f1537,15.470362194631848,13.447431096004214,5018,1
Linear Regression,e2fc7745,225.69083809826662,225.27809472899688,5343,3
Linear Regression,e32da4ec,251.68984537239183,251.4108713894349,6148,1
Linear Regression,e3b34f5b,104.01319789098393,102.6264920329994,7293,3
Linear Regression,e45a2a62,9.844442583768162,7.560670586547995,6697,3
Linear Regression,e46f4ef4,61.57714843518901,54.17479195843657,8930,4
Linear Regression,e4726608,221.54166348584505,221.32575798536087,6268,4
Linear Regression,e5864244,28.936873148699494,27.858420164008425,6037,4
Linear Regression,e5c92e59,29.56935669083512,26.50941914066209,5927,1
Linear Regression,e5ff9fd2,204.23249890981225,203.94647854294334,4198,1
Linear Regression,e6c55748,16.799973011051367,15.27553819009475,5959,1
Linear Regression,e730c32b,304.93810015912317,304.63647708871525,6469,4
Linear Regression,e737965a,129.67358128356292,129.2943252712443,7694,3
Linear Regression,e748dd88,87.43497433623486,84.94007112027317,6264,1
Linear Regression,e7818f7a,376.14091301118697,375.0608209427399,6829,5
Linear Regression,e7c36e81,38.78053478638873,36.873771842953595,5655,2
Linear Regression,e7d0c1de,127.69549229035735,127.43173826859342,6455,3
Linear Regression,e85074c5,23.025671805728557,20.057364628395444,7236,3
Linear Regression,e97032ad,38.14117987325465,36.11455726486131,5654,3
Linear Regression,e9949a23,116.53593311138825,115.97304850379416,6407,3
Linear Regression,ea0b99b7,322.6255004139127,322.1047975358582,10939,2
Linear Regression,ea3a0e38,44.83211756299286,42.25904182462864,11794,3
Linear Regression,ea41324e,75.6635507249579,75.22750716494869,6839,5
Linear Regression,eabc711b,192.98537558202446,192.32267622212913,7314,4
Linear Regression,eac10e86,12.711775746186497,11.026842093145973,7501,4
Linear Regression,eafb863e,77.44409409609187,75.93500384514519,5317,1
Linear Regression,eb06a4e7,234.2618101852119,233.83228567276768,6379,4
Linear Regression,eb640a35,16.448740517817036,14.1541398048673,7782,4
Linear Regression,eb934281,35.740170877831105,33.48567138017911,7812,5
Linear Regression,eba6605e,41.94485952377379,37.46851263278257,5719,4
Linear Regression,ebe69318,78.09836704357156,77.10997404097235,6718,3
Linear Regression,ec0d597b,41.24175317317152,38.53093386373928,6452,1
Linear Regression,ec13af42,20.429371103914676,19.67528653582393,7362,1
Linear Regression,ecdab904,23.49567856313915,22.01997201432579,8176,2
Linear Regression,ecdaf714,73.73460014099518,72.22512631621872,8240,5
Linear Regression,ed6436d6,143.48672474545188,142.96457180717107,5027,1
Linear Regression,ed6e6e54,93.14684254531193,92.45643226699711,7385,3
Linear Regression,edf885a3,17.012957384937064,14.720435179259837,4863,4
Linear Regression,ee0300f7,40.60387708856194,38.2692184007715,6161,5
Linear Regression,ee288beb,65.19984257101876,61.43014904166234,6190,3
Linear Regression,ee4aecac,11.786151310982131,10.699726261194005,6596,3
Linear Regression,eeda36f5,53.72788892088927,50.729983769311644,6198,2
Linear Regression,eeed308d,36.18320392721447,34.831787236371476,5503,1
Linear Regression,ef04658e,62.05498231466829,61.32370510204926,5664,4
Linear Regression,ef8e3ed0,21.776986368508965,19.917451616833187,6637,4
Linear Regression,efde6ac3,103.10427531444024,101.53723573255577,6220,4
Linear Regression,efe96181,78.91516145637321,74.77468410779396,5464,3
Linear Regression,f0188a48,32.462586729266405,24.91770481616981,6139,1
Linear Regression,f021b650,95.32317301357979,91.74418032303521,5610,5
Linear Regression,f03f10fe,15.464266765569572,13.01873959534688,5823,5
Linear Regression,f053a1b9,45.64141336977256,44.86581301500943,5952,4
Linear Regression,f074d277,144.06000188422794,141.28998573532104,3868,3
Linear Regression,f07d7037,14.082867241685328,12.056177384867453,7688,1
Linear Regression,f08774c3,46.492818193444954,41.15206688533825,5645,3
Linear Regression,f140c2fa,76.9249209497828,74.63891431423693,6024,1
Linear Regression,f16e25e3,18.590673119234232,16.709104832609867,6585,3
Linear Regression,f2d4c8c9,35.456835055474684,29.664425763322505,7908,2
Linear Regression,f321a31c,49.74331227958475,45.84907059536225,6555,3
Linear Regression,f40cd091,156.6400909575978,156.05841684352515,6776,4
Linear Regression,f439a621,16.062954115686818,12.013532089162764,4695,1
Linear Regression,f49fdea3,248.4909654378504,247.27468368292875,7027,2
Linear Regression,f4d12d23,96.44674592913479,94.51472053911952,5448,5
Linear Regression,f56d3ace,182.36688063496993,181.99260399877738,7383,4
Linear Regression,f5859199,198.67147588200595,197.0828657699144,7438,4
Linear Regression,f5d8aab6,116.06836992211294,115.41239033427757,6576,5
Linear Regression,f631da6e,116.96358048228079,116.87222881443984,5604,3
Linear Regression,f6824bb0,5.392038502957701,3.3851984115512614,6864,2
Linear Regression,f6bc699b,44.28492276298534,40.41854168245493,5501,3
Linear Regression,f6d009f4,35.675326121489995,28.208220642554558,8003,2
Linear Regression,f72b268f,16.607726579139058,10.456495284563575,7918,5
Linear Regression,f8662c22,21.445620720950956,19.958904483994004,6957,2
Linear Regression,f88ddb26,28.277883089743938,25.781994468076007,6585,4
Linear Regression,f8afa78a,37.19497879867336,36.041173277468246,7367,1
Linear Regression,f8f59188,8.765273972757143,7.985965601455051,6740,5
Linear Regression,f9fc81aa,7.848482897902266,5.784928493181364,7113,1
Linear Regression,fa16d114,36.87161937277746,36.278769382702855,6928,5
Linear Regression,fa31da94,279.59869498193996,279.0856035984565,6681,5
Linear Regression,fa667be2,37.03570103233289,30.438814136431173,8798,1
Linear Regression,fae0c593,81.5136511728049,80.50910039094397,6147,4
Linear Regression,fb03ae90,59.47633983139345,47.66684198967298,8129,2
Linear Regression,fb0904bd,18.64350891410123,16.440124062143315,5087,4
Linear Regression,fb3848a1,123.13144766606251,122.82440038824815,7859,3
Linear Regression,fb73b13a,70.21775276908546,64.08170614343794,7465,1
Linear Regression,fba7683c,91.86511769830258,89.5378839434824,2058,3
Linear Regression,fbd68d27,19.300361871673797,18.41378648806474,8552,1
Linear Regression,fc03f21f,171.11360759114268,170.61379228056276,6202,3
Linear Regression,fc0d20b2,20.104378462445197,19.10583146578159,5308,4
Linear Regression,fcfcc902,84.88841590051987,81.40192365895372,4665,3
Linear Regression,fd3b4faa,9.855117172069418,8.171880232186238,6956,1
Linear Regression,fd710aea,65.34780869791,64.81293739705394,5960,4
Linear Regression,fd8f77fa,78.81152977745995,78.08213834548879,6756,3
Linear Regression,fde20ecf,35.8548902718356,32.126337063862614,6386,2
Linear Regression,fdfd57da,17.178492020946365,11.562344603265535,7364,5
Linear Regression,febb4411,22.816399145637153,18.025545853078416,6275,3
Linear Regression,fef8af96,12.927293781484346,10.728598469406418,5068,3
Linear Regression,ff0aea78,207.72269487643652,207.4046388978933,4976,3
Linear Regression,ff8bb73a,63.515652421686674,60.02917436524548,7670,1
Linear Regression,ffefef30,24.88199088746777,23.851731175474022,6421,2
Random Forest,000d7d20,12.729587496178686,11.152593905505777,5278,4
Random Forest,00bbac68,53.529676909113086,41.76522328457884,7559,2
Random Forest,00e12e8b,12.758036368254386,8.194204292465992,6384,3
Random Forest,015fe0d2,44.892984712351584,30.690350141823355,5950,1
Random Forest,01869cd4,9.320934649681531,6.333908191017924,6850,4
Random Forest,01982c1d,191.3071567677979,154.9960348321517,5587,2
Random Forest,028d7b28,101.75619548460902,83.33045876640634,7761,1
Random Forest,02e7fe5a,17.39599443517837,15.17307759855893,6888,1
Random Forest,0390d174,53.42335910087768,32.319825119897814,6101,3
Random Forest,03a935ae,34.94162142003693,31.828393232690768,4430,2
Random Forest,044af7d1,85.49670315540534,75.6428671299265,6067,4
Random Forest,0498acab,18.178521878724407,15.346037914518314,6432,4
Random Forest,052d64df,7.980148881660496,6.157908553530384,4590,3
Random Forest,05948241,21.137071918795986,14.583243133089017,5428,5
Random Forest,059c8f24,635.6091660760925,567.5558996652292,7998,4
Random Forest,05a0ee4d,173.26374388292416,152.68420185795114,6098,5
Random Forest,060ab2b8,25.065107567915337,13.82918984883675,7818,2
Random Forest,06df5958,106.51901828886582,90.72248470551665,5039,4
Random Forest,071d7b45,176.59218776503377,145.69270336982214,4720,2
Random Forest,0849b4e2,173.462564568307,160.4266947317048,7436,2
Random Forest,084d66f9,18.46489148789061,13.322670777105106,5632,1
Random Forest,08fecf00,158.60705717338732,143.9508816196568,7405,5
Random Forest,09053135,35.500275946011094,31.88759351287397,7715,4
Random Forest,09441b8d,6.031417656462483,4.234482044425293,7395,1
Random Forest,0955cd6c,38.298022722111796,35.83398988688162,7125,4
Random Forest,09ec2ca9,14.189886842692012,10.31447059672987,7824,1
Random Forest,0a57a29c,14.797952178119296,7.946020356222045,7194,4
Random Forest,0bbf5e67,27.20296645143282,16.313832189301102,6031,3
Random Forest,0be01c24,22.51505112119794,17.329345965550164,6385,4
Random Forest,0c1b160c,10.631937341393249,6.819052328819958,6714,5
Random Forest,0d99f8e4,116.30405248804608,51.51679795725207,7522,4
Random Forest,0dc5e64d,206.1399883240946,182.3688394766842,6191,1
Random Forest,0dc835f3,170.98756674927995,156.07274788740733,5279,2
Random Forest,0dd99dc5,31.947876734722296,22.341029694432756,9182,2
Random Forest,0e5e560d,216.51780780449104,169.1201480145859,4896,2
Random Forest,109d9d70,155.84440595428816,88.84858027135142,5851,4
Random Forest,10a1281a,63.12959467555906,55.861922613298354,7353,5
Random Forest,10b89021,71.14035703569812,58.28851203632962,7166,3
Random Forest,10be2420,10.592766006108851,7.49019666526258,5203,2
Random Forest,113011eb,37.64604962368182,14.98647728799623,4561,2
Random Forest,1131525f,77.17048275116179,65.45177652727662,5548,5
Random Forest,11d0f5ac,19.540654365543553,15.27491686122967,6378,3
Random Forest,12203f2a,45.47148762034651,33.00350856047738,4991,1
Random Forest,122bd617,21.424304019643237,14.598362521406195,6408,3
Random Forest,125be846,20.867348345431775,14.187902248454916,8033,1
Random Forest,1285a37b,91.45167198408436,54.33573359465557,7403,5
Random Forest,1295a25b,36.83755546468256,30.601943296821982,7037,1
Random Forest,12f0cd90,25.642598296810668,23.297976090325367,7431,5
Random Forest,137d1e44,18.83620784453021,14.14983243949963,6313,5
Random Forest,13ce113d,185.0464614738036,164.86551637502035,4875,1
Random Forest,13f598d9,33.91673481729039,14.620722177174777,8934,2
Random Forest,14a53cb3,14.002123113320506,11.07905420779201,8780,3
Random Forest,14ab73fb,49.68638865919693,45.853598634643156,5279,3
Random Forest,14ad5efb,25.93647630533129,23.551388210203907,7352,2
Random Forest,14fee784,21.450104966260344,17.512164942802837,6406,1
Random Forest,153552f5,11.305306130349745,8.317907478835574,6498,5
Random Forest,1550491d,177.6859422429365,114.40761016600145,5929,4
Random Forest,155887bb,51.21621845045246,45.31807077476828,7062,4
Random Forest,1590af81,21.06139925840396,17.606806521559662,5231,1
Random Forest,15e154a1,3.093236886922467,1.3331750547672974,7699,4
Random Forest,1619e2ca,339.1835328302476,288.79567723741195,6002,4
Random Forest,16e4a047,15.5207888578914,11.89784856723429,5684,5
Random Forest,173ed841,47.47741044067363,42.76245528420012,6530,3
Random Forest,1770d7c6,13.703719272600132,11.201440624730514,9121,2
Random Forest,177622d7,32.190356186083335,26.4620155786029,4699,5
Random Forest,18d24f7b,15.070094262299333,11.052389278671098,6260,5
Random Forest,19137a89,99.2419207851575,72.39036760423107,7958,3
Random Forest,1944513c,36.44087661967167,31.51910862635318,6599,2
Random Forest,197f8a5a,28.898704926649195,21.9229728793003,8248,4
Random Forest,19871e7f,52.91753343541668,36.884602233521456,7152,2
Random Forest,198a5607,25.905472285308388,17.92742581277967,8094,4
Random Forest,19fb4f7b,105.24588268702591,66.50787949145759,7923,5
Random Forest,1a518997,11.413211801554883,8.141507292193287,6544,4
Random Forest,1a68190b,12.330432737595395,9.381243193903732,6502,1
Random Forest,1a730ac2,12.331292497484798,9.81995467745816,6049,2
Random Forest,1aaf1da0,35.839008747592516,18.90129214238044,6321,3
Random Forest,1b08ed48,8.928033628584705,7.430633407654612,7175,5
Random Forest,1b1c5372,13.348726536608199,10.922807267567494,5792,5
Random Forest,1b1eba53,38.40347705971387,27.914428646706618,6710,2
Random Forest,1b6ba517,38.49306064960771,18.53541707076627,8611,3
Random Forest,1b82b665,50.948573823713495,32.66961058473007,5364,1
Random Forest,1bcb2fcf,109.28859155774398,80.43902490860766,6202,4
Random Forest,1beca81d,77.82012363038311,60.510148577594244,6650,1
Random Forest,1d3fbf02,19.370456683393737,13.808580349448988,4252,3
Random Forest,1d78281a,11.623295432792288,9.691026806056989,6810,1
Random Forest,1e30dedf,103.25108520648571,85.2642722434599,5474,1
Random Forest,1e5e3573,39.31059387742804,36.50658883554268,7126,1
Random Forest,1f9afacb,18.6589261850623,14.642006614676554,7054,5
Random Forest,1fdbba44,31.020515852531194,23.92316000601871,6333,4
Random Forest,1fee2b62,334.9517881595671,309.7269347668229,6323,2
Random Forest,20096916,33.38522150255258,28.105544844805973,6880,1
Random Forest,200d233d,19.576854651380387,17.830406289153753,5896,3
Random Forest,201661b5,207.003495051107,166.98844331685265,8136,1
Random Forest,203721ab,26.631625171731585,17.579610203970166,7235,2
Random Forest,20402d71,7.024509528526725,4.434883287573345,7930,4
Random Forest,2043abc5,30.830171843824726,24.346254047074872,8513,5
Random Forest,204cc64b,68.19210819536148,62.8716308593876,6454,2
Random Forest,206b6193,132.78720954070215,98.20121369241109,8568,2
Random Forest,2075c696,241.14176185334102,207.52363576734172,5580,3
Random Forest,22c5f93f,12.426243138461638,9.06502303824323,6919,1
Random Forest,230eaaa3,52.74125113312364,33.83916315100041,6451,4
Random Forest,2364716c,9.26555583741078,6.6311290458718934,6093,4
Random Forest,23b9beb0,36.74156509470729,30.762692147164486,8790,4
Random Forest,24d8997e,5.2473320828769845,4.033214559446316,5188,1
Random Forest,25050f63,19.551493841276468,16.09231544310292,7155,5
Random Forest,25939962,89.24319345877592,62.655043062859164,6071,5
Random Forest,25fd32b3,49.87076953973195,27.694456910553093,4546,1
Random Forest,261785ee,82.55391325913467,73.44121185816586,5512,1
Random Forest,264feceb,5.701885949292627,4.353468027264661,7408,2
Random Forest,26623a50,38.883090890898366,26.909885756069972,7479,2
Random Forest,26d3a96a,42.78808520496052,30.76976034493729,6465,5
Random Forest,272abef3,299.1537487299335,253.82648313438682,5682,4
Random Forest,27300fd5,86.43036443354121,70.05848160339364,7386,3
Random Forest,276b012a,52.080620659951,34.77524933858319,6291,4
Random Forest,27c3155b,18.9452977335261,12.449268317704398,6941,4
Random Forest,27ebb9b9,82.1552366203054,78.0254116613481,7651,1
Random Forest,283269ac,14.442468134832328,11.838501797035674,4567,5
Random Forest,28473855,162.16799977672775,132.32711191897712,6620,5
Random Forest,28f4eda9,28.417134248447155,20.956882669604393,6824,4
Random Forest,29b24409,7.354854421192531,6.335836977169523,7417,4
Random Forest,29de15c8,97.07262013387744,78.24577126679696,5164,5
Random Forest,2ab29395,20.280671822947944,17.627260243854746,3325,4
Random Forest,2ac7cb6b,28.606034291878252,15.57898120200632,6451,5
Random Forest,2acc78d4,54.340316200667985,37.13584132182686,6109,3
Random Forest,2b034622,9.914081682381688,6.699297357981232,6761,1
Random Forest,2b06ad65,13.76414160689454,4.7577118271136944,5706,1
Random Forest,2b547943,32.47066120086131,27.88999880454159,5131,2
Random Forest,2be5c96a,75.48738531387126,45.74187195061917,5753,5
Random Forest,2bff06cf,38.56394371740786,30.80877816200142,9174,5
Random Forest,2c0c4a4e,25.052939837108678,14.367268548601238,6719,1
Random Forest,2cee0cba,159.1073995247952,138.45463858211957,7335,3
Random Forest,2d0c268a,102.58278751742063,89.1437285092458,6289,4
Random Forest,2d179ded,16.33636690642595,8.500021433298574,9225,3
Random Forest,2d196986,9.130909724434854,5.581585425042777,8316,3
Random Forest,2d2d0c6b,127.310266521707,115.01658362152048,6967,5
Random Forest,2d35f86d,13.944698946462422,12.076394448447104,6628,3
Random Forest,2d9f6cb9,7.775342254913567,6.170061034668596,8627,2
Random Forest,2ddad940,38.74993483150526,30.11655634110546,6812,3
Random Forest,2e29e833,18.08485278004361,15.347237638002365,7254,1
Random Forest,2e43c2ea,8.555880746796019,6.49623088688409,7349,4
Random Forest,2e63d9de,100.98749196412501,76.05061061658232,6505,1
Random Forest,2ee0235b,24.832309443402803,18.62500698074506,7256,4
Random Forest,2f19d536,210.36492238749884,183.07605106085376,4744,3
Random Forest,2f8e53c3,4.512201450955015,3.1783740753361447,4133,4
Random Forest,2fa01aa6,27.921786391370727,22.978489202544953,3860,2
Random Forest,2fd68f7b,94.92075599658418,47.733409307348445,6381,2
Random Forest,2fe023be,49.06312529447889,34.75326951683494,6060,3
Random Forest,30d75030,81.34685306317674,54.3167086933004,5009,3
Random Forest,310c71a5,14.640869873595022,11.077612527137612,6988,4
Random Forest,32fe84c9,169.73367490470127,133.06900306593838,8163,5
Random Forest,33c40295,39.42392473700563,31.96182954463219,5989,2
Random Forest,3407f5bf,10.348760174657016,7.985849220622852,5309,5
Random Forest,3417285d,37.52759721041374,27.62013091647832,7458,1
Random Forest,347242c8,326.4163664008995,231.91611864727147,5437,3
Random Forest,353e5502,129.97403791263085,113.30943987329206,7901,3
Random Forest,357c12f9,51.35452136091394,40.72194247678253,5770,1
Random Forest,3584a6eb,14.373901788231679,7.167643070127574,6150,4
Random Forest,35b30c7f,105.46178079569377,74.40503201098554,11270,3
Random Forest,35b3ef6a,26.129239598576333,20.913408917840236,5736,4
Random Forest,367456ce,27.875642965665634,21.456583060208413,7312,5
Random Forest,368131f9,18.71374230157375,13.326893379662916,6568,1
Random Forest,368fe682,38.11222270358857,28.012762153936734,6416,5
Random Forest,3690a146,9.875564359518972,6.608724660294452,5761,4
Random Forest,37344c2a,144.49716066617043,126.17452003895146,6943,3
Random Forest,373ef48b,7.251993648948171,5.220389954123771,4992,5
Random Forest,374be387,31.710610118909525,27.082681162877577,11802,2
Random Forest,37d36812,32.185021216853386,24.737953406598113,6017,5
Random Forest,38991fd4,6.996680681149734,5.292766362623609,6545,5
Random Forest,389ae58f,112.0597890025379,81.30088575868074,8201,4
Random Forest,3932faa6,14.518413624746072,11.588084916099454,7388,4
Random Forest,398dce4b,4.85399159352677,3.3808315974497485,5005,2
Random Forest,39b51819,141.42499581454052,111.30335684446472,6382,5
Random Forest,3a0af893,116.23712479108357,90.62167187549879,4580,1
Random Forest,3a223519,45.48487522188871,33.9468332349808,6581,2
Random Forest,3a7dd95d,543.5747229036031,481.8242346908219,4320,4
Random Forest,3a824aa7,24.792451037563207,12.75160119968175,5678,5
Random Forest,3a86fe8d,50.16681883185263,45.46337377645962,6572,2
Random Forest,3aaa2b30,24.72148906901252,20.09462874019503,6396,4
Random Forest,3ac16ad0,8.827008171573762,6.865376048281956,7412,1
Random Forest,3b21ea64,77.88285270612845,60.96214858582338,9103,1
Random Forest,3bbe1f5d,17.303236095788996,11.235523542558644,8184,3
Random Forest,3bfee975,49.978323073170614,42.73762112445123,5088,5
Random Forest,3c3dbcbc,14.56143119629899,10.9182690249489,6911,5
Random Forest,3d96d897,13.302445583898827,10.642701411661164,7147,2
Random Forest,3df4b19e,11.284394775007643,9.210883343319919,6658,4
Random Forest,3e011332,22.69791504874269,18.873861128047004,4842,4
Random Forest,3e678ea7,24.690244089143373,19.461255143901724,8737,4
Random Forest,3ef6372a,39.85762156286787,27.411923593827282,6666,3
Random Forest,3ef98781,13.36329771022866,9.773525208880066,5343,3
Random Forest,3f603129,33.96279119481608,29.395320360865917,6599,1
Random Forest,404c4384,4.9611222449822305,3.7069433417062703,2612,4
Random Forest,4121c517,42.6425833697434,27.80187890137482,5471,2
Random Forest,41fb0192,23.311851364851155,21.46544750986199,4381,2
Random Forest,42669188,35.85913320395275,25.849459150306167,6080,4
Random Forest,42c538a1,366.1706482285964,349.072280290416,4762,1
Random Forest,43b06c70,12.934801937562026,9.332997105332561,6590,1
Random Forest,43c7f85a,6.647417899564146,4.883556168506995,7484,4
Random Forest,43e16325,176.57080010181815,151.29928256132285,5845,5
Random Forest,44441e54,16.642351914471806,11.679713750103025,5568,4
Random Forest,445af6c2,15.444725390768964,11.628571819818255,7998,5
Random Forest,4463446c,191.68833200332264,159.12914318856556,4729,4
Random Forest,44a94013,19.758045230509303,15.43473833742845,6492,2
Random Forest,45fb3e21,31.638207047275806,24.215705581079064,5626,1
Random Forest,460f859e,20.184627283807764,16.395587919109854,4982,3
Random Forest,4630ab92,81.8729513214338,65.45657633247576,5307,5
Random Forest,463c38f2,24.163981853452402,20.61221377581254,6048,3
Random Forest,4654e7de,22.992020148556946,18.19370323273849,7010,5
Random Forest,466fc788,23.446740922052253,20.23580185045498,7767,2
Random Forest,46a301e9,177.80221363053136,161.72072404021932,9962,2
Random Forest,46a7190b,29.286834369175004,15.155568271309715,5646,5
Random Forest,46d24a09,17.253885751891794,12.327403735020447,6123,5
Random Forest,46d41ff6,17.13432171484405,12.054529428174126,9226,5
Random Forest,46dfcfca,12.45794634602325,10.148626323358572,4921,1
Random Forest,47222616,8.599864382225626,7.230079261790677,5835,3
Random Forest,47ee27ab,122.1463871882703,81.664554201374,8274,3
Random Forest,481de5fc,7.926503262079665,5.784941298688021,7694,2
Random Forest,48c1f673,35.88595400959686,27.814360437310935,4666,4
Random Forest,4936af16,36.89819960388776,33.61713087949992,5559,2
Random Forest,493b5b31,23.584122306939307,16.726741816635734,6884,4
Random Forest,49dbc14c,51.66757478452206,41.45122444631864,5198,2
Random Forest,4a035ec2,26.905076901337072,24.32403849332381,4522,3
Random Forest,4a335117,159.2193624862955,141.21940264775887,6727,3
Random Forest,4a8ecc0b,92.4533981625235,74.96738684171693,7374,2
Random Forest,4b462989,22.725155423400512,17.762641387825855,4738,2
Random Forest,4b831d20,28.853533064509783,23.819118271679763,9433,1
Random Forest,4c2208f5,20.530356114888146,17.761310560891935,7248,1
Random Forest,4c3168cf,79.30764025432673,57.31066929264913,5959,5
Random Forest,4c3df468,18.114908360020813,13.394049178040373,6903,3
Random Forest,4caa7289,6.117963938134187,4.795670023375945,6854,1
Random Forest,4cd1ac61,40.417657275391385,25.923764707035527,6709,1
Random Forest,4cecf7b3,60.465392417356014,44.67439846621743,7676,5
Random Forest,4ddde4c1,23.581640935314063,17.62243112847202,6417,4
Random Forest,4e050c92,11.328221563069299,9.480100474077297,5236,4
Random Forest,4ed93db6,8.228938358874851,7.125142765272003,6496,4
Random Forest,4f3eb9e9,34.681694278315774,26.384178802801046,5911,2
Random Forest,4f4ac5ce,197.78507346566946,173.66084633494432,6899,5
Random Forest,4f4afcc6,18.186468551840374,16.432336865005073,7184,1
Random Forest,4f69febf,18.50673162786547,13.760881836934855,7599,4
Random Forest,4fbe9c06,11.986157559374185,8.723017858402075,7938,1
Random Forest,504c8b08,5.747333290714706,4.411488553267605,8012,2
Random Forest,511e1db0,146.9338605202206,75.5931954328138,5645,2
Random Forest,512943b2,9.921324606051558,7.748798922334232,6681,2
Random Forest,5138a660,37.41831620660819,32.80762002415895,4829,3
Random Forest,516088b7,38.00524829904297,30.664538313487014,8300,1
Random Forest,521a7819,10.355776317237126,7.982783126543459,7224,4
Random Forest,5254b6db,15.959849639175715,9.820231850964355,5115,3
Random Forest,529e88ca,12.629609498547147,9.632479011237,5253,2
Random Forest,52f1e77a,10.885821154494831,7.536124197267186,6053,5
Random Forest,5305524b,14.062377728642113,11.063343796063055,6457,1
Random Forest,53134831,28.667013292029942,23.967400658986076,7214,5
Random Forest,5397ceb1,173.05805128794594,107.42775184293252,6811,2
Random Forest,53f23031,25.738049279161206,12.785050187956944,10200,1
Random Forest,543198e8,23.640772497391318,16.976948519509424,8311,5
Random Forest,54753541,38.64158704374615,12.517649828737149,5679,3
Random Forest,54a7e3c2,12.374325346274064,9.193172509490008,7893,1
Random Forest,5542c301,27.03334501710528,20.09243049575456,5433,1
Random Forest,5567d551,34.16643258551816,30.466146863627376,8390,5
Random Forest,55efee7f,17.58287773228775,12.747255803898044,6577,4
Random Forest,5663b2b7,8.205147545107527,3.7317770468583507,6907,3
Random Forest,5693dde2,205.56232096431134,196.8725379039219,4846,1
Random Forest,56b00794,54.42889403173423,23.10984860032057,7293,1
Random Forest,57796579,39.34901441688258,15.932832811142612,7622,5
Random Forest,577eec7c,12.172008066375245,9.960748129686097,6085,2
Random Forest,57f05c51,27.384084239561684,20.55786784205414,6478,3
Random Forest,58850d2c,33.93166079254945,21.1520695111134,6918,2
Random Forest,58fa8486,7.825100843318423,4.23158080671701,6126,4
Random Forest,591cc951,6.422939552871043,4.758473704803255,6669,4
Random Forest,593876b6,54.02665151379975,41.36040005738074,6366,4
Random Forest,59f8b2e8,40.7570892231436,22.184021527592904,5668,1
Random Forest,5a1a8fd8,51.7684365428846,37.34321564405321,6814,1
Random Forest,5a5269a9,22.61636734742457,16.226278999283327,8053,2
Random Forest,5a5d1982,8.643208391596024,7.631346379094428,5446,1
Random Forest,5a63b5d1,42.76364299498885,40.717726320078015,8052,5
Random Forest,5aa03df7,60.72324845341033,48.556418429219356,6752,4
Random Forest,5aa403d0,17.217716272068845,12.163366538301528,4702,4
Random Forest,5aef5c6c,170.16042361617696,136.64532847405744,4853,2
Random Forest,5b7b6324,162.75653540224576,126.19124561207785,8197,1
Random Forest,5bd25f59,41.40454616170761,30.741048313822315,6120,1
Random Forest,5beded95,51.62412388135981,37.61940560275352,4779,1
Random Forest,5cb483ac,14.378999662489903,11.708865309995032,5206,4
Random Forest,5cdd8dbc,11.845106201106557,8.393767393178736,5751,1
Random Forest,5d11dfb5,39.939439561952696,32.794601168463714,7643,3
Random Forest,5d7198fd,128.64468050499238,114.1994068387987,4797,4
Random Forest,5def1ce5,19.422971459671118,16.336687173568656,7997,1
Random Forest,5eae34a8,134.99722755417986,95.63246870932048,6652,1
Random Forest,5f4d2a52,302.82668642328866,262.10062114260535,7112,5
Random Forest,5f6756c5,186.74041169223514,178.25944097843671,8064,4
Random Forest,5f75f796,17.1830835936957,13.045732589441661,7324,2
Random Forest,5fb1c15f,19.17854308313776,13.62574889543608,4857,3
Random Forest,5fffa282,65.8539962463107,49.51134120184005,6223,2
Random Forest,60e37807,13.022877081098715,10.057387693599113,4641,2
Random Forest,61f27424,135.80829507093534,75.05438453506059,8341,3
Random Forest,62569ae3,108.0046303983515,99.50545040238244,5242,1
Random Forest,62a6f539,14.100593502302177,11.418699709675876,5253,5
Random Forest,633774dc,42.94567625652977,27.000023876350067,7972,2
Random Forest,63559d57,86.40641733444949,52.81877318919336,5810,3
Random Forest,647f2a41,133.7436681344983,84.74291621982944,5836,2
Random Forest,65156b96,33.066254006759216,29.01104428330189,5046,2
Random Forest,653612bc,210.4481273681742,199.79524104577695,5946,3
Random Forest,656a067b,66.46769728561894,40.065169438788786,4896,2
Random Forest,65a5466a,36.711137855003464,21.624471225051348,6117,2
Random Forest,660d9546,32.01261693318938,24.659240831251676,6140,2
Random Forest,6767c111,43.04797652049954,38.76086530867739,8354,2
Random Forest,67847288,14.515868796541827,11.29606784260993,9174,4
Random Forest,67a8da4a,28.783094503335125,23.53542025462003,6645,5
Random Forest,684a6fc1,4.413790468629097,3.0282227105114923,11449,5
Random Forest,698930d1,72.59081596710955,47.115917387040945,6498,2
Random Forest,699ea575,18.076975301598335,15.077869615915775,5474,4
Random Forest,69c1bdad,44.65136080525355,32.52367389805473,4645,2
Random Forest,69e41fa6,42.97410028028817,34.16050637555834,7167,3
Random Forest,6a0ff78e,9.393727154204214,6.772334544824307,7890,2
Random Forest,6a8fa194,68.05926116416138,36.615068397442734,4657,5
Random Forest,6ae68655,21.148331182431956,14.814691154979577,5948,5
Random Forest,6d1d74e1,42.32666351195959,27.86524479638234,7316,1
Random Forest,6d590e26,334.9938316760237,285.84503199149515,7842,2
Random Forest,6d6d93af,149.04923728018127,102.43003228296035,5305,3
Random Forest,6dbe4b60,27.254773453563033,20.838783343764973,6673,2
Random Forest,6e6d122c,48.54765512348792,33.1605072541178,7083,3
Random Forest,6e9ccd38,13.699401998732577,10.766413438947007,9619,5
Random Forest,6ea22614,23.498605464692215,20.164333296886458,7894,1
Random Forest,6ede926a,7.074482075459441,5.269071714072137,6621,2
Random Forest,708caea9,34.02189181507666,19.228368152660597,8482,4
Random Forest,70925e23,50.99514011501477,45.78182370124913,8072,3
Random Forest,70e1788b,32.680047765620856,27.48358784722553,11338,4
Random Forest,71642c7d,39.30964628573067,31.278495462116613,6657,5
Random Forest,71ccf778,38.31274084243504,26.18637186643835,4623,5
Random Forest,7224331b,23.017321765138718,18.423774844413288,7566,5
Random Forest,722cf0d8,17.75878802562272,14.966225251593507,7275,3
Random Forest,7256229b,41.53923403020865,21.461591826746655,6972,2
Random Forest,726f3dc2,23.317204375261902,17.569828328418797,8619,5
Random Forest,7271dd80,6.538694849909088,3.7343488768068176,5765,2
Random Forest,727a3a10,19.82508052565912,16.81483192003579,6342,3
Random Forest,729665c0,30.708622654503564,25.74780048002361,5775,5
Random Forest,729e9750,7.677319802944461,5.528352695606388,7427,1
Random Forest,729f4217,13.333688296023375,8.554382463902446,7592,1
Random Forest,72dd8501,27.236220639299663,22.020542998902666,6928,3
Random Forest,73348914,58.29246623648119,50.66241660300965,5686,2
Random Forest,739a914f,72.35008998322172,37.07083613834004,7319,2
Random Forest,73b1447d,28.62267306119117,21.21951276503691,7522,1
Random Forest,74b6186b,20.709485101323754,16.292478858737727,5148,3
Random Forest,75c20ec7,251.2017550005758,217.6387503518069,7205,3
Random Forest,75cd5f11,9.006927476953651,7.482269932467673,6410,1
Random Forest,75d20a82,5.756007914229223,3.100914147551126,7002,2
Random Forest,76201745,123.54942032858165,70.13154683234012,5858,4
Random Forest,764072a5,22.663821530754266,18.09960339972401,4594,1
Random Forest,77b0d905,15.72528620256885,8.309955430376702,5923,5
Random Forest,77e4821c,99.90044480429823,75.34730017682118,6540,4
Random Forest,7850c72e,161.50587033516436,147.56871331879717,7712,5
Random Forest,78a4a386,30.46542956340692,25.844554631567465,6246,1
Random Forest,79507629,12.549706005379862,8.020738803995899,7320,1
Random Forest,796dbd4c,25.539847967525326,21.859329209050873,8069,3
Random Forest,7987f2f2,159.5007388428032,91.01409361097005,5714,2
Random Forest,7993a768,17.33022105883287,15.923105985546284,7047,4
Random Forest,7a5660b0,81.54119869585587,70.37745976060943,6936,4
Random Forest,7acda2df,9.313268122158679,7.827362976482244,4552,4
Random Forest,7b2c7b3c,18.04165286885493,11.918868142370457,4231,1
Random Forest,7b38844c,39.32562406573437,32.09101605390677,5197,3
Random Forest,7bb17b96,18.03308957478931,14.808424411568064,5295,1
Random Forest,7c607683,5.829462011111478,4.674294817902471,7001,3
Random Forest,7cbbd047,64.80309529325486,42.944703328167236,6790,4
Random Forest,7cd4bb31,6.731805825013326,5.256053427662331,7959,4
Random Forest,7d50373e,31.189766874514728,23.438406136606122,6494,1
Random Forest,7d57c75d,44.79901247223551,27.205965473801275,6147,5
Random Forest,7e208414,179.96810356029872,103.50331949050282,5732,3
Random Forest,7e721392,41.39825132868604,26.085325739688304,8301,4
Random Forest,7ff89f8f,13.333961251481716,7.438011604933839,9539,3
Random Forest,8050c789,28.254548072075533,23.94109573495756,4940,4
Random Forest,807f0298,16.826978095112658,12.364471702855788,5499,5
Random Forest,811f52b3,15.288402229508234,9.383794245299628,6674,1
Random Forest,81bf5923,36.298185226666654,29.807847871591765,6386,2
Random Forest,81fc01c6,17.872489764001905,14.482220966556847,7655,2
Random Forest,8255c867,10.77786728281892,7.331659509452483,5338,2
Random Forest,82aab6d2,85.36495715514093,74.44060546780675,7889,4
Random Forest,82fcf37c,10.857380720149663,8.446910848023672,7397,2
Random Forest,833af382,20.496924616627695,16.138378119805232,5377,5
Random Forest,8382f4b6,154.21442831582016,82.69335923177151,6680,5
Random Forest,84633df4,16.87803141803526,14.071281259993698,6719,1
Random Forest,8478df29,27.74980613596156,23.141576067095297,6698,4
Random Forest,84815d5a,44.151705939295525,35.51886928020325,5286,5
Random Forest,84c3b497,82.05852132661626,74.67415908793909,6887,4
Random Forest,85380836,12.335093099374467,10.613070850175879,8175,3
Random Forest,8612b37f,11.562441785442807,9.023678498127271,6807,3
Random Forest,861e71df,21.85940042829104,17.576800110288232,6284,1
Random Forest,86454a6f,50.49287647992144,34.48730651339799,9100,5
Random Forest,8648abae,153.64856033799384,138.28059412682725,6086,3
Random Forest,865033f8,10.307177919728032,7.77450377436609,5303,4
Random Forest,87695469,356.3570808097097,245.24612354200855,8654,1
Random Forest,877ed19c,603.0792145824802,521.0713234985018,5631,4
Random Forest,87aa3730,11.69990453759,10.463774923519065,7293,5
Random Forest,884ecb5f,15.303917607553137,11.676109485184261,8054,1
Random Forest,8902c3f6,6.280882861823618,5.021314557120072,6533,2
Random Forest,896d15b9,106.66605680722334,72.77530601356304,5698,1
Random Forest,8995c945,48.26066767536401,39.85782306317002,8198,5
Random Forest,89969c7a,66.40326768742186,43.22615575815791,6317,2
Random Forest,89f1085d,178.23063784902328,152.01260286916576,7497,3
Random Forest,89f36adf,64.55534133238646,50.93765738139138,7041,2
Random Forest,89fdb2f2,7.379850211557894,3.976239832371626,3570,3
Random Forest,8a3da6d1,54.80899315304978,47.13155744422249,6334,1
Random Forest,8a89da23,15.26844698212421,12.935658168119625,5575,1
Random Forest,8a9c8932,16.895685912046233,9.89965650222166,6344,3
Random Forest,8ac2f237,19.515474693125206,17.06301540807516,6775,2
Random Forest,8b12bab6,44.54644156226388,14.40156919462938,6980,1
Random Forest,8b5be31b,26.47462344747376,15.000787158964737,7439,2
Random Forest,8b95d6d1,2.2036360714919736,1.212574928774667,2783,5
Random Forest,8b9d8326,73.19216711301898,65.7666491538395,7832,5
Random Forest,8bb9c1e6,18.23706145954034,15.016286138502858,6382,1
Random Forest,8bda1a11,10.851912581023505,8.535742251562645,7438,3
Random Forest,8bfa881d,70.93683232459315,44.911358498444805,5843,1
Random Forest,8c167025,165.38972663482585,80.37219568312365,7113,4
Random Forest,8c8348e8,96.42835828227247,86.8018435513781,5581,2
Random Forest,8cc21f01,104.61534255392806,89.29542237966572,5806,4
Random Forest,8cc800b3,349.12525795173815,274.60153239023674,8091,5
Random Forest,8d5d46d7,27.190293106167065,13.061621964055385,7282,2
Random Forest,8d92cb49,19.430884463499208,16.864024322181297,4839,5
Random Forest,8f201368,11.852000777917153,8.118144467171394,8151,2
Random Forest,90386ee4,9.26598110122134,6.549814377249335,5304,2
Random Forest,91abc4c7,62.499324568266104,37.35707647794966,7787,3
Random Forest,91b301ce,35.113004425199044,20.9954529996056,8512,3
Random Forest,91db7070,239.64206740559322,226.12271186014516,5646,5
Random Forest,925a7cd1,40.78789732407031,16.136325208277334,6501,3
Random Forest,9283ae69,39.0654376543655,24.45979297272746,5118,2
Random Forest,9298ad5b,238.0178004585001,219.3702566712094,5807,1
Random Forest,9314ff13,34.28490971973506,27.731118676993677,4494,5
Random Forest,93209a3d,37.99242685780932,33.174448789567656,6300,1
Random Forest,939d9c34,74.66579559607528,55.168054584981384,6627,4
Random Forest,93f5d2e6,98.34506914374258,73.59404483007471,5171,5
Random Forest,940a48d9,39.13506551428782,32.62010670028311,5627,4
Random Forest,940e709a,22.954920658565324,20.46647658371173,4989,2
Random Forest,9426ec1e,30.628949158922374,26.524276665267752,3923,4
Random Forest,94467f50,34.8534331958346,25.727732922250414,5116,1
Random Forest,944f36b9,23.078342835335196,16.35162877228126,6035,2
Random Forest,94d813a4,31.39926552474135,24.28209327693298,6591,5
Random Forest,95b559e7,12.469310491520167,9.24432817119632,4638,4
Random Forest,95c8427f,8.0792281053059,6.1916326960691555,8051,3
Random Forest,96936c22,19.296321408387982,14.707640737689328,4997,5
Random Forest,96ae5806,382.40272186797046,366.04197167464645,11527,5
Random Forest,96b7eea1,46.6360706944246,30.386327085688798,6078,1
Random Forest,9719aa04,31.093474176777296,18.964623767592723,6665,1
Random Forest,974802e7,18.656707775574514,13.60508182216769,7537,3
Random Forest,97cd5bf9,12.733105304735208,10.11675360247995,5099,1
Random Forest,98177ced,24.891046034876357,19.50076090308723,6789,5
Random Forest,9896fc0b,28.519961642545542,23.27843774935512,5109,4
Random Forest,98bc6f66,12.010896446005683,9.906063161287445,7720,5
Random Forest,992c99e8,15.90828221490596,12.899989205074595,6740,2
Random Forest,992ce078,19.032610776427262,12.349699953138733,4661,1
Random Forest,99529c45,126.2809576673274,110.65580405984355,7591,4
Random Forest,995ff498,10.728377312560236,9.144979172025108,6127,3
Random Forest,999daf80,31.784138769789475,25.423134507737014,5439,2
Random Forest,9a6b0392,127.05942563615028,105.03042780485565,5802,3
Random Forest,9a8ae0d6,43.1372947539522,38.402898360348345,7835,1
Random Forest,9a95e33f,53.02581944895859,42.1679986989997,8156,4
Random Forest,9ab94eeb,134.19338948581068,106.18232213039863,6372,5
Random Forest,9ad5410a,15.521421757760082,13.611531889075142,5749,1
Random Forest,9ae248be,31.39428278337617,24.8061647244757,6655,2
Random Forest,9af1ffd0,17.080141985730403,11.581928515428517,5454,5
Random Forest,9b5b61c1,50.173279972568736,31.741885668384654,7215,1
Random Forest,9b9e3b49,50.28566776018177,37.4341876726885,6875,2
Random Forest,9bd2bba3,10.287955773403914,8.168057949018463,9092,3
Random Forest,9c211c53,24.925881657830573,18.30573963259596,8842,1
Random Forest,9c350a6a,425.76261578714093,406.97226999170965,7794,3
Random Forest,9c8375f7,9.329477366976635,7.134287044777093,5432,2
Random Forest,9d072e4c,68.78485358337994,42.2234236449029,6798,2
Random Forest,9d3ec64c,140.6345969349658,119.4287921807149,4937,5
Random Forest,9d4272e3,68.78709857086645,41.7258268854833,5771,3
Random Forest,9d5e14d4,23.41642342806154,18.846697856194808,6565,3
Random Forest,9da441ba,14.834243627972622,13.180787249937909,7283,2
Random Forest,9dede370,41.80402744328981,35.212358495027296,8057,5
Random Forest,9def2eb2,36.27622278406368,32.46967688665659,7750,1
Random Forest,9df1b1f9,159.57520861585496,137.27534830442602,6444,3
Random Forest,9dfff011,19.701115611205722,16.025191462488202,6067,1
Random Forest,9e3e364d,80.47648183112297,58.89536969603897,5809,2
Random Forest,9efc812e,13.772174915380528,11.60069881926199,6100,2
Random Forest,9f0c7bae,52.6708874701661,48.04078313345758,4040,5
Random Forest,9ffce529,11.248735689791094,8.630215229584246,6675,3
Random Forest,a0383629,151.24129198561377,139.22437600321388,7687,3
Random Forest,a056d01e,24.3883075527573,18.595837804889975,8292,2
Random Forest,a08d9e63,32.42031642756287,13.673443643837347,5199,4
Random Forest,a0b83014,52.25753186403379,36.75032465885508,6873,5
Random Forest,a0e92ed6,259.9028782315414,187.331776712723,6446,1
Random Forest,a15bc102,17.472971380425385,13.108750174563182,5124,1
Random Forest,a247e7cf,9.786009356968195,7.358763276973384,7237,4
Random Forest,a2e8e7f6,8.79262442331695,6.129046338106311,5812,2
Random Forest,a3518960,28.499574164486518,22.018183285044127,6992,4
Random Forest,a3f71395,12.706431431352238,9.733800944749268,7040,5
Random Forest,a4719920,21.502308454847885,17.092568038257195,7495,5
Random Forest,a48640d9,45.70260662728408,37.16330287460999,6586,5
Random Forest,a4cdbb0f,33.36764983465486,28.713505053365022,6759,1
Random Forest,a4f989c2,6.321497017464794,4.201143788759682,7024,4
Random Forest,a5aa7973,35.60211323976174,23.37277944686868,6449,2
Random Forest,a5e6f7dc,114.98694632690568,44.187483406441864,7331,5
Random Forest,a612d5a0,26.854708499123316,23.446372117495308,7160,4
Random Forest,a622ce4d,24.74546675936783,18.98292822092368,8047,4
Random Forest,a645da9a,79.41273111187719,52.41959955162378,6766,3
Random Forest,a692b17e,17.1385351038535,13.932256886111658,5409,4
Random Forest,a6b8ac67,13.380136053015269,8.846474007181715,7017,1
Random Forest,a6ed2eff,53.81255260871207,47.38556319803645,7054,2
Random Forest,a6f967fb,138.96051955970904,126.74966443674381,7032,3
Random Forest,a76db406,3.0978317085533007,2.079503047471192,6451,3
Random Forest,a7744f5b,6.177066965901164,4.735404960398451,6017,5
Random Forest,a783cc24,30.33206692386604,21.133932086935303,3275,5
Random Forest,a79fd2e7,24.66466608933121,19.75316853333946,6327,5
Random Forest,a7fc3e6b,112.0281583442736,57.634019026702475,6378,1
Random Forest,a85bb86f,20.61751333274799,14.829920337964865,5100,5
Random Forest,a85e4bc3,9.886258569975876,8.163468246036036,5993,2
Random Forest,a87433c9,157.9360865738025,127.10113234015634,7460,5
Random Forest,a8ed028a,38.78021103890939,34.87311954456636,7310,3
Random Forest,a959858c,79.47029369561483,60.763698901197806,5770,4
Random Forest,a9c9b150,18.076612196622843,14.342397142844762,5826,4
Random Forest,aa95015b,33.04101773988566,29.163827366138047,5761,3
Random Forest,aaaf3c03,188.96792415511442,110.61733714676845,4728,5
Random Forest,aaeffccb,10.539032313280421,8.122092316420744,4586,3
Random Forest,ab112491,200.8996572045154,159.3989827596386,7178,2
Random Forest,ab18d3fc,55.644727803914265,32.006386543277905,7337,3
Random Forest,ab3ced07,42.84805859300528,25.247402103857045,6008,1
Random Forest,ab6fe95d,15.829959808755879,7.762130594793459,7424,3
Random Forest,ab94878e,23.3939115766573,20.78387493333766,7652,4
Random Forest,abf460d2,15.238276084083374,11.362281103037864,4763,3
Random Forest,ac6f01d5,163.40194396005026,108.56082095000015,6729,4
Random Forest,ad2133a8,14.649098329869048,12.094232471855852,7187,2
Random Forest,add9c322,34.481317433739726,26.728277161467172,5519,4
Random Forest,ae069086,9.890350418302862,7.250066293413644,6741,5
Random Forest,ae0784a8,158.72135787948045,94.54920035620883,9171,3
Random Forest,ae35f33a,102.41900428389819,85.51506513054058,6469,5
Random Forest,ae8959c3,50.359415047200095,38.810505900883896,6645,2
Random Forest,aed44918,193.20674204007187,163.9430616203538,4020,5
Random Forest,aee6393a,78.82669409032047,55.99957141718992,7146,5
Random Forest,af7a59ce,56.92958371512394,42.91655432322041,4330,5
Random Forest,aff4e561,11.334579414207768,9.827422126105994,7723,3
Random Forest,b04b58a3,136.10895245498975,108.12754394506399,5229,5
Random Forest,b0d42b0d,196.41876174411138,159.91594643688126,6357,1
Random Forest,b0f53bf4,94.58604735833116,86.6507148715823,4202,3
Random Forest,b19b0395,11.009499157474062,9.161596615805102,7196,3
Random Forest,b1efb8a4,34.37858032971808,22.968590747684445,7562,3
Random Forest,b32902c0,33.1130179230601,28.907366393188816,5737,2
Random Forest,b32e4903,17.1085149267031,14.580734311347605,7420,3
Random Forest,b3388334,42.860480706815615,38.48705569242913,7807,4
Random Forest,b37fd114,36.72023514491554,32.33811520193195,9786,4
Random Forest,b38e3116,27.51388603917775,14.17905043407471,7954,1
Random Forest,b4d8dd4f,18.06071931676146,12.230485196136312,5909,3
Random Forest,b4f37e6e,13.169168423868987,6.848459883231772,4499,4
Random Forest,b56bc0aa,11.04387889818105,9.525685018826868,7431,4
Random Forest,b585b4fa,19.0134876665787,15.273925150060112,5999,3
Random Forest,b5aa9634,12.313594529065755,7.52944219591942,8747,5
Random Forest,b7974e66,9.463336056253423,7.177151691954886,7170,4
Random Forest,b7cdcecb,15.583280841754348,10.45496567048751,7620,2
Random Forest,b7fea9ef,28.46923933810979,21.905148373135248,5575,5
Random Forest,b85f7b06,601.0842667953905,531.3697278943689,5453,4
Random Forest,b881d27e,30.287211996461615,17.794374837258335,5442,3
Random Forest,b8c49c1a,15.211946193240735,11.443165452156643,6254,2
Random Forest,b95e7121,25.673926639414223,22.750905471275647,7492,3
Random Forest,b977be4a,17.795674218196645,13.059908765656674,7495,2
Random Forest,ba48188d,85.28578858551745,70.85472229506848,5534,3
Random Forest,bb2cdd83,8.261135134691015,5.514150311629581,5665,3
Random Forest,bb337fa0,58.72505616278231,39.09488529113701,8216,1
Random Forest,bb682ebd,75.73254295136006,53.26444997142257,5931,2
Random Forest,bc4381e2,17.68011293911971,13.529641103460643,6885,2
Random Forest,bcebcc5f,6.057690155780904,2.5795939853528087,7889,3
Random Forest,bd2c2f34,20.696902595225275,17.492176234699134,11621,4
Random Forest,bd4ae5da,79.95477290579727,64.40122575175722,6905,4
Random Forest,bd6f0e19,41.68716392268877,27.34718105908805,6979,3
Random Forest,bd8f847e,30.73131361415967,23.974400265663867,6161,2
Random Forest,be063506,10.604027532335223,8.516735451397192,6539,5
Random Forest,be35c8f2,140.4548982576463,100.24534831443917,5898,2
Random Forest,be83e781,47.1604930811117,36.076172898250654,4776,2
Random Forest,beda8696,12.833845663666246,10.389756739491732,7868,1
Random Forest,bf39bc20,7.261069845498555,5.5081132391021805,5047,5
Random Forest,bf70b410,17.269856409823372,14.715989320451945,8000,3
Random Forest,bffe3082,424.32099457025043,399.0524701057169,7186,5
Random Forest,c03b9305,32.28153324737432,23.09740459918657,6067,5
Random Forest,c03d4aed,9.36048447219749,7.694370741125847,6375,2
Random Forest,c03fba65,50.959033336489405,41.64653525412281,5669,4
Random Forest,c07fd0cd,30.873172025961303,26.535768899447653,6035,4
Random Forest,c1708b88,46.59633579870697,41.53403258401466,7960,5
Random Forest,c1d046f4,29.214443473709196,26.642680794462535,6917,2
Random Forest,c2717d4f,32.980894417222274,28.181155195536554,6682,2
Random Forest,c2c4db09,12.458917559270674,9.987973699019504,7851,4
Random Forest,c2c6fc71,41.77957579628391,32.359105025812525,8840,2
Random Forest,c36625df,86.08129365793228,64.1797435186349,6386,5
Random Forest,c3957531,42.581656175036784,34.752293536290765,7254,5
Random Forest,c42fe306,56.29188270254157,29.3733055753417,7023,5
Random Forest,c43812e2,25.292608227704843,19.289560119033624,7293,4
Random Forest,c472c0b5,29.115378701528567,21.724390928115728,4867,5
Random Forest,c47e0767,25.510649047483714,18.430140013611204,6099,1
Random Forest,c50b42f6,40.75184347241376,18.896398560726357,7920,2
Random Forest,c593337f,209.30807894241588,184.65596847977238,7118,3
Random Forest,c59b6c4a,22.387927105561097,17.184731387316603,7460,5
Random Forest,c66be2b8,144.9747275152824,108.93300381582459,6207,5
Random Forest,c6797dd7,14.202519525155095,11.534649276193045,6281,2
Random Forest,c6b782a4,11.84323142282854,8.084358758201445,6675,4
Random Forest,c6c96179,61.63523105375745,53.0226417319505,5813,1
Random Forest,c70c0e01,59.39925530164783,36.59382773944251,6057,2
Random Forest,c84c65be,308.08457259241726,191.6284101374014,10243,1
Random Forest,c8d9680c,502.81081293952917,450.82964902494547,7741,2
Random Forest,c908edd0,21.585919733228945,20.068527009416755,6751,2
Random Forest,c9578d27,14.806761095398674,10.915436868209282,6202,5
Random Forest,c96c018a,13.016589060981048,10.056007072343112,7679,4
Random Forest,c99f9fae,61.18943326266265,54.63521052874738,8394,4
Random Forest,c9e6734f,26.338040710136895,23.476572736142725,6388,5
Random Forest,c9e980e8,5.964691385985154,4.717190235612748,6262,3
Random Forest,c9fedcf3,17.078185064102367,13.55522214194499,5210,3
Random Forest,cad13e8f,33.479481753804,12.205528470888474,6866,3
Random Forest,cb34231f,48.36962510593783,40.31819209302429,7510,1
Random Forest,cb879f40,433.78443320119135,364.31444233424213,7904,4
Random Forest,cbb406b5,197.12706298139753,163.71651943665034,8135,1
Random Forest,cbe51de1,672.771417038255,613.4739391525316,5362,2
Random Forest,cbe62450,440.5905249228088,374.9598984372681,7858,4
Random Forest,cc08aa63,11.794795887458928,9.12219899805658,5018,4
Random Forest,cc8a1d57,20.560708156491483,17.52261894717906,8321,2
Random Forest,ccedb12b,16.074088922394612,13.122683666101791,6427,2
Random Forest,cd7f1687,22.431603788665843,20.420120925133944,5981,3
Random Forest,cda7eb37,9.671589628332754,6.83412730319791,7620,3
Random Forest,cdc31d65,52.25687366361699,44.79741968103115,6608,1
Random Forest,cdc60a53,6.770536495764432,5.444177808507445,7631,5
Random Forest,ce55ba43,99.58771644471234,64.27568617302126,5658,1
Random Forest,ce8399b7,23.216519560181204,11.397015129316971,3548,1
Random Forest,cf50c9d1,16.134386686566334,13.248515440107093,6634,3
Random Forest,d00e7eb9,236.18830787734845,205.75239936594616,7321,4
Random Forest,d011f41b,8.177709426158788,6.55951360648885,3906,1
Random Forest,d07aed8f,123.66848267418717,115.297637363889,4709,3
Random Forest,d085e611,69.10689220853953,32.2921190378469,7852,3
Random Forest,d0a0e7b5,39.110339268988795,31.821616750469083,5423,4
Random Forest,d0a43760,23.130530857846956,18.61063856064193,5502,4
Random Forest,d0cb63ae,15.122645254080675,10.655216980541738,6859,3
Random Forest,d114d9c2,6.26646910142637,4.876730609067715,7543,2
Random Forest,d1457cc5,23.5946935298762,10.337453142687261,8443,1
Random Forest,d1ecf309,125.47682029755919,58.58172709877692,7864,2
Random Forest,d1ee630d,37.35896912039533,33.89621252382922,7879,5
Random Forest,d217e0c5,13.386608872386823,9.637668400449307,5713,5
Random Forest,d24ff243,11.711058416148536,6.981798449610856,7116,3
Random Forest,d273674e,18.831708442572268,12.747162153819502,5738,3
Random Forest,d2f3b1ab,32.45570453112767,21.629301735875465,7018,3
Random Forest,d3df146b,35.010525189478706,32.97526636034118,7252,5
Random Forest,d40f61d5,6.343074275975228,4.897749373496945,5880,1
Random Forest,d41beaf2,11.81631965429062,9.825245108783335,6592,4
Random Forest,d463e527,176.70167320784208,134.53404150705117,6991,1
Random Forest,d4f60a28,40.971420740150364,29.94316185463839,6435,5
Random Forest,d50c649a,18.527670399967604,16.60054222495878,6548,2
Random Forest,d543916f,15.207570001503676,10.915125333448218,6281,5
Random Forest,d5df0ff5,64.6799756308203,59.5788772362925,5490,2
Random Forest,d60430e6,220.80047076895437,194.36085156167462,4176,2
Random Forest,d63196fe,8.949036558941106,6.2665985553763885,5881,5
Random Forest,d6c320d9,16.12112344532831,12.478707903162217,6946,5
Random Forest,d6dd7330,10.975174031372692,8.230160872928483,7660,2
Random Forest,d7ba4f9d,45.327969046313015,39.44382296503965,7771,5
Random Forest,d7eb0be8,33.758732137824225,22.473713220252105,7208,2
Random Forest,d84b621b,16.237668602603502,9.285898881749747,5746,5
Random Forest,d90aa14c,29.059124154693247,24.225746703173645,12141,1
Random Forest,d924e971,129.455857251204,115.81881400227844,5308,1
Random Forest,d9ae59b2,54.8843142584022,27.079287236362674,5150,4
Random Forest,d9d6d94d,43.17158113090284,32.97001419051638,6660,3
Random Forest,d9eca87b,13.854223066105362,11.867842951464018,7932,3
Random Forest,da2d4d7c,49.364957197593355,39.33166287804556,3567,2
Random Forest,da3bfe4e,19.40809730989647,14.532007151874772,7107,2
Random Forest,da3cf798,40.89866730988307,25.25287297518326,7591,1
Random Forest,da940160,11.479549742960135,9.346467292467292,6792,5
Random Forest,dafc88c3,44.08462369787495,23.3113278978194,7187,1
Random Forest,dbee6c86,20.511532466282368,16.484347938825344,9114,4
Random Forest,dc5fbe29,91.37621078868938,85.46082817104403,6555,1
Random Forest,dc7da28f,5.778329341808653,4.123177254999282,6672,5
Random Forest,dc7f9757,79.98897240851802,73.81288037251771,6203,3
Random Forest,dd168de0,9.857644574704997,7.870240853346386,5095,2
Random Forest,dd64382d,7.954683303077796,6.537426412577114,5058,3
Random Forest,dd6bc5b2,63.643290472353556,34.364159306669585,5764,2
Random Forest,dd7d638e,4.093823001290962,3.1728264084125004,6046,1
Random Forest,ddc790ff,43.07518504416796,30.12741064214838,6468,4
Random Forest,df71d1ff,13.30828852660851,9.395843699788736,7879,5
Random Forest,df73b8f3,61.80057526100352,45.28043798664904,7150,1
Random Forest,df8290be,19.041728383727875,15.817501329597883,5675,2
Random Forest,e0079ed1,115.97110645328947,92.74684826932469,5257,3
Random Forest,e03b45fd,43.39893209201509,30.592846021867558,7083,1
Random Forest,e0f36d98,55.755355805581395,47.87475003322217,6714,4
Random Forest,e149204f,4.285751107730141,3.3539505328803143,7549,5
Random Forest,e14d641e,23.88374826281587,19.94922661743161,4978,4
Random Forest,e161bd0c,43.910522164248064,27.121417290196995,4813,5
Random Forest,e201fd6d,167.94471770879352,157.0044455627252,6912,1
Random Forest,e25f1537,58.171773401264424,38.70674632185276,5018,1
Random Forest,e2fc7745,24.18492647126943,16.506171707726395,5343,3
Random Forest,e32da4ec,47.64165959247263,36.95391217153044,6148,1
Random Forest,e3b34f5b,116.9853808213585,99.40246242706424,7293,3
Random Forest,e45a2a62,21.6312504552296,16.585220649252513,6697,3
Random Forest,e46f4ef4,80.69852576998706,63.00174344588803,8930,4
Random Forest,e4726608,63.61687275676524,41.315412025245806,6268,4
Random Forest,e5864244,61.03290034864101,45.98602625011412,6037,4
Random Forest,e5c92e59,50.11967714230747,33.31512475384015,5927,1
Random Forest,e5ff9fd2,335.01649211917004,313.3831532325598,4198,1
Random Forest,e6c55748,12.24971219747783,9.761900953546691,5959,1
Random Forest,e730c32b,485.8691599811335,458.9649719727579,6469,4
Random Forest,e737965a,208.88355392381314,178.89128533464753,7694,3
Random Forest,e748dd88,19.23509153577381,17.656611697579514,6264,1
Random Forest,e7818f7a,142.82820504388687,84.08623991973178,6829,5
Random Forest,e7c36e81,12.014311010972534,8.33688185061398,5655,2
Random Forest,e7d0c1de,12.819824115403739,8.508711952845433,6455,3
Random Forest,e85074c5,156.09568717307363,140.31306743151737,7236,3
Random Forest,e97032ad,25.98844212251301,14.79358206771594,5654,3
Random Forest,e9949a23,12.319304298989701,8.216955925530307,6407,3
Random Forest,ea0b99b7,390.28288390057094,382.0249534002596,10939,2
Random Forest,ea3a0e38,17.023861063139414,10.583829328892365,11794,3
Random Forest,ea41324e,8.654950690710576,6.830031021016487,6839,5
Random Forest,eabc711b,40.32121531165965,16.985725431229458,7314,4
Random Forest,eac10e86,17.13783992116438,15.066848986396812,7501,4
Random Forest,eafb863e,13.191490038858312,9.743394028614507,5317,1
Random Forest,eb06a4e7,248.51053056823267,185.44067197873517,6379,4
Random Forest,eb640a35,33.34439883560745,25.822872461524117,7782,4
Random Forest,eb934281,106.1058879540714,82.28564209011806,7812,5
Random Forest,eba6605e,42.98661056544455,38.25551364257335,5719,4
Random Forest,ebe69318,106.74229242599941,82.01347554803512,6718,3
Random Forest,ec0d597b,23.079632465712418,15.695880966854762,6452,1
Random Forest,ec13af42,22.15213220386403,18.86261164978149,7362,1
Random Forest,ecdab904,31.928646941123898,26.53042110647559,8176,2
Random Forest,ecdaf714,25.21400369689398,19.0689811315662,8240,5
Random Forest,ed6436d6,13.258616452129427,8.752528201693142,5027,1
Random Forest,ed6e6e54,14.029031829980111,9.85178651183968,7385,3
Random Forest,edf885a3,37.19990507577338,33.19924064687821,4863,4
Random Forest,ee0300f7,31.73269397107043,25.9200231352992,6161,5
Random Forest,ee288beb,176.43719397904385,168.60364375481572,6190,3
Random Forest,ee4aecac,60.37458056712837,40.23810958491788,6596,3
Random Forest,eeda36f5,31.4240242780111,24.537611124561067,6198,2
Random Forest,eeed308d,10.21180130355137,8.202340526662919,5503,1
Random Forest,ef04658e,20.527166564048933,8.548025025702685,5664,4
Random Forest,ef8e3ed0,13.31283457280762,8.71932612671338,6637,4
Random Forest,efde6ac3,10.603911036246094,7.0474028099306425,6220,4
Random Forest,efe96181,93.65776152009485,42.42597415803465,5464,3
Random Forest,f0188a48,60.01778583499253,50.59985464359976,6139,1
Random Forest,f021b650,93.12827454831722,87.57462091789776,5610,5
Random Forest,f03f10fe,6.998130863384911,5.365000102371679,5823,5
Random Forest,f053a1b9,44.21631415964433,31.84478505152365,5952,4
Random Forest,f074d277,179.99665952662934,178.3701077368054,3868,3
Random Forest,f07d7037,43.970369332121365,35.77614539994501,7688,1
Random Forest,f08774c3,25.752829934696962,14.308190337676729,5645,3
Random Forest,f140c2fa,12.698137568096065,7.94109081738521,6024,1
Random Forest,f16e25e3,5.24317097019751,3.5024328006165666,6585,3
Random Forest,f2d4c8c9,21.891904434191837,17.878976922352447,7908,2
Random Forest,f321a31c,54.83337396057835,41.569239177486615,6555,3
Random Forest,f40cd091,45.443933864146885,20.452272986171696,6776,4
Random Forest,f439a621,25.199444684639168,19.622331813225593,4695,1
Random Forest,f49fdea3,80.63218136331996,55.29584288232634,7027,2
Random Forest,f4d12d23,5.148688547199736,3.829402558408295,5448,5
Random Forest,f56d3ace,46.5429962133595,43.610845055523924,7383,4
Random Forest,f5859199,164.74301387063545,130.50138073520773,7438,4
Random Forest,f5d8aab6,19.142185419238917,12.434302425987589,6576,5
Random Forest,f631da6e,122.43752373304007,93.1058733271484,5604,3
Random Forest,f6824bb0,5.189212541309292,3.730741406529288,6864,2
Random Forest,f6bc699b,16.13394403767453,12.498245742577748,5501,3
Random Forest,f6d009f4,107.68678449083762,83.40904212105795,8003,2
Random Forest,f72b268f,12.514185032630724,7.654715402558585,7918,5
Random Forest,f8662c22,28.600759035610587,24.091350282232465,6957,2
Random Forest,f88ddb26,23.142393291606325,17.24262792961109,6585,4
Random Forest,f8afa78a,12.936786886427331,11.286753527514156,7367,1
Random Forest,f8f59188,75.17974691803182,51.692810933816396,6740,5
Random Forest,f9fc81aa,13.419388349962093,11.464007592714413,7113,1
Random Forest,fa16d114,35.582622716999346,32.04281498609707,6928,5
Random Forest,fa31da94,63.99184984847174,48.282996853299686,6681,5
Random Forest,fa667be2,26.688621246416588,22.129596202438098,8798,1
Random Forest,fae0c593,23.399624689230325,17.591747008353536,6147,4
Random Forest,fb03ae90,40.8378527292591,36.96927568610108,8129,2
Random Forest,fb0904bd,35.724428952308486,25.3775606013468,5087,4
Random Forest,fb3848a1,83.25262040776202,48.33249332319964,7859,3
Random Forest,fb73b13a,119.47421532820086,93.7311818253397,7465,1
Random Forest,fba7683c,28.96478117171328,16.79758619787208,2058,3
Random Forest,fbd68d27,12.847017622324403,10.535092794037272,8552,1
Random Forest,fc03f21f,16.026447049378625,12.733831758825161,6202,3
Random Forest,fc0d20b2,27.142964135003176,14.690890182734558,5308,4
Random Forest,fcfcc902,38.61746606985184,30.153744008661025,4665,3
Random Forest,fd3b4faa,32.54133246132452,26.74568624174901,6956,1
Random Forest,fd710aea,14.168286871955331,11.401352693320934,5960,4
Random Forest,fd8f77fa,26.4035727009125,22.81925219712627,6756,3
Random Forest,fde20ecf,17.037178087418397,11.55057167443979,6386,2
Random Forest,fdfd57da,19.223409795942054,16.062876566498105,7364,5
Random Forest,febb4411,48.91224214798612,43.25686646528439,6275,3
Random Forest,fef8af96,47.34954885258195,33.94062005690531,5068,3
Random Forest,ff0aea78,129.0733804151844,116.80610745472364,4976,3
Random Forest,ff8bb73a,25.092604027255298,21.168231534087568,7670,1
Random Forest,ffefef30,36.82011905421097,27.829748943095233,6421,2
Extra Trees Optimized,000d7d20,42.05775613564087,35.14305611555561,5278,4
Extra Trees Optimized,00bbac68,32.731273906133914,20.738065844003728,7559,2
Extra Trees Optimized,00e12e8b,8.156630161803639,6.341750764329012,6384,3
Extra Trees Optimized,015fe0d2,41.60842495686477,35.92364381206601,5950,1
Extra Trees Optimized,01869cd4,9.991082843154448,7.638160768064886,6850,4
Extra Trees Optimized,01982c1d,91.04928153480931,70.75871398881067,5587,2
Extra Trees Optimized,028d7b28,56.33805870083544,47.92817150611899,7761,1
Extra Trees Optimized,02e7fe5a,29.46185624631357,26.252698528772594,6888,1
Extra Trees Optimized,0390d174,69.20419062202392,47.416476184911986,6101,3
Extra Trees Optimized,03a935ae,19.64171555091858,16.406162911333244,4430,2
Extra Trees Optimized,044af7d1,82.75354688050074,72.25916273217473,6067,4
Extra Trees Optimized,0498acab,22.79792887350873,18.396687672624978,6432,4
Extra Trees Optimized,052d64df,7.590568320943859,5.7199577951915765,4590,3
Extra Trees Optimized,05948241,12.196878890861587,9.42824343418391,5428,5
Extra Trees Optimized,059c8f24,561.6733750715475,500.12150808268143,7998,4
Extra Trees Optimized,05a0ee4d,128.30344575372797,119.95442688438189,6098,5
Extra Trees Optimized,060ab2b8,86.51348000023569,68.54032407035866,7818,2
Extra Trees Optimized,06df5958,85.51199577231868,74.8358466808449,5039,4
Extra Trees Optimized,071d7b45,205.67381378213636,176.14087944845616,4720,2
Extra Trees Optimized,0849b4e2,138.28307669041644,124.24039991906854,7436,2
Extra Trees Optimized,084d66f9,16.079196825300585,11.729179878799016,5632,1
Extra Trees Optimized,08fecf00,139.8897375598865,124.83720509633446,7405,5
Extra Trees Optimized,09053135,21.80778545633755,16.28169908787663,7715,4
Extra Trees Optimized,09441b8d,8.590628390008764,5.318707951923047,7395,1
Extra Trees Optimized,0955cd6c,25.386657006463082,23.09326122424837,7125,4
Extra Trees Optimized,09ec2ca9,10.580837354581575,9.601374955946962,7824,1
Extra Trees Optimized,0a57a29c,26.844120830846528,18.22690365410639,7194,4
Extra Trees Optimized,0bbf5e67,82.71829039386034,58.31330403948791,6031,3
Extra Trees Optimized,0be01c24,48.38180921806671,29.955791293444815,6385,4
Extra Trees Optimized,0c1b160c,8.623113840829397,6.684080333329542,6714,5
Extra Trees Optimized,0d99f8e4,9.223508982131333,7.29125101338033,7522,4
Extra Trees Optimized,0dc5e64d,297.01166718017726,262.1862973494758,6191,1
Extra Trees Optimized,0dc835f3,88.31198900622428,79.81231565633944,5279,2
Extra Trees Optimized,0dd99dc5,38.481715583714774,19.87629188223653,9182,2
Extra Trees Optimized,0e5e560d,151.04957393964543,133.09754796000453,4896,2
Extra Trees Optimized,109d9d70,38.734708796289524,35.28232581696232,5851,4
Extra Trees Optimized,10a1281a,86.59743942150273,77.63267920761172,7353,5
Extra Trees Optimized,10b89021,32.006270992061346,27.540320023258985,7166,3
Extra Trees Optimized,10be2420,7.258342683206349,5.42748583724683,5203,2
Extra Trees Optimized,113011eb,11.06410202438412,8.970956461470765,4561,2
Extra Trees Optimized,1131525f,71.37393907841441,61.62203374307553,5548,5
Extra Trees Optimized,11d0f5ac,8.607792711705558,7.142578827800608,6378,3
Extra Trees Optimized,12203f2a,61.219144371544495,47.153116388053895,4991,1
Extra Trees Optimized,122bd617,13.98461714538219,10.933120916374774,6408,3
Extra Trees Optimized,125be846,36.805001474442044,33.92507055162118,8033,1
Extra Trees Optimized,1285a37b,77.04271157198745,54.0034183467856,7403,5
Extra Trees Optimized,1295a25b,12.041568036766842,10.77676032128757,7037,1
Extra Trees Optimized,12f0cd90,24.86749970473637,20.890063234517203,7431,5
Extra Trees Optimized,137d1e44,12.95734595204865,9.944696770717258,6313,5
Extra Trees Optimized,13ce113d,188.8442486258687,164.67663719588361,4875,1
Extra Trees Optimized,13f598d9,10.578036184711598,6.957182070142316,8934,2
Extra Trees Optimized,14a53cb3,8.614701334699975,7.6000788451639565,8780,3
Extra Trees Optimized,14ab73fb,13.261329204503278,10.779693969327923,5279,3
Extra Trees Optimized,14ad5efb,54.968899561966325,29.39851008453181,7352,2
Extra Trees Optimized,14fee784,11.688995785541431,9.088824934680646,6406,1
Extra Trees Optimized,153552f5,10.557506957412635,8.313492270618752,6498,5
Extra Trees Optimized,1550491d,8.695732679168385,7.080854303311644,5929,4
Extra Trees Optimized,155887bb,27.324039814194588,24.83474242325998,7062,4
Extra Trees Optimized,1590af81,18.058908993723318,16.019656474122794,5231,1
Extra Trees Optimized,15e154a1,2.707538062532552,2.0525887064519135,7699,4
Extra Trees Optimized,1619e2ca,219.7050846855144,204.47251139278097,6002,4
Extra Trees Optimized,16e4a047,6.993273123873071,5.978092016077116,5684,5
Extra Trees Optimized,173ed841,38.50767206405901,30.388728692512686,6530,3
Extra Trees Optimized,1770d7c6,11.093587878281745,9.176318059285821,9121,2
Extra Trees Optimized,177622d7,35.09034914740754,24.725922436290517,4699,5
Extra Trees Optimized,18d24f7b,3.219379971410664,2.722884178192367,6260,5
Extra Trees Optimized,19137a89,19.01415337522982,17.040209867292912,7958,3
Extra Trees Optimized,1944513c,23.91921008997074,20.88088880449148,6599,2
Extra Trees Optimized,197f8a5a,11.481376686622065,8.361117773869402,8248,4
Extra Trees Optimized,19871e7f,21.14543513670393,16.850197681068057,7152,2
Extra Trees Optimized,198a5607,12.91290221386769,9.678031579586829,8094,4
Extra Trees Optimized,19fb4f7b,112.40038792684432,68.55490536173055,7923,5
Extra Trees Optimized,1a518997,4.943284692739257,4.069354863846615,6544,4
Extra Trees Optimized,1a68190b,5.390785149006439,3.8824251254456184,6502,1
Extra Trees Optimized,1a730ac2,22.874060152181475,19.016756866868487,6049,2
Extra Trees Optimized,1aaf1da0,46.0973808429508,32.41474773368247,6321,3
Extra Trees Optimized,1b08ed48,8.653408898169136,6.926630371666314,7175,5
Extra Trees Optimized,1b1c5372,10.776170504847308,8.252879351028776,5792,5
Extra Trees Optimized,1b1eba53,12.369166578061778,10.902179091445706,6710,2
Extra Trees Optimized,1b6ba517,6.413404168178714,5.766148433576011,8611,3
Extra Trees Optimized,1b82b665,30.404167492339838,26.04980525612822,5364,1
Extra Trees Optimized,1bcb2fcf,117.91147150716348,103.42645713819745,6202,4
Extra Trees Optimized,1beca81d,35.815905423414705,32.29810530926576,6650,1
Extra Trees Optimized,1d3fbf02,22.754186323760603,18.093254524048945,4252,3
Extra Trees Optimized,1d78281a,3.831327575020537,3.0228910952299377,6810,1
Extra Trees Optimized,1e30dedf,96.64631955626297,83.64003967771974,5474,1
Extra Trees Optimized,1e5e3573,21.934749821796064,19.896426304097506,7126,1
Extra Trees Optimized,1f9afacb,4.46350618071874,3.596293531811905,7054,5
Extra Trees Optimized,1fdbba44,11.847313750310267,8.533252341172735,6333,4
Extra Trees Optimized,1fee2b62,234.16183397690517,216.55203441019634,6323,2
Extra Trees Optimized,20096916,39.70280573178088,26.69005715497388,6880,1
Extra Trees Optimized,200d233d,14.20644584546237,13.071951459664437,5896,3
Extra Trees Optimized,201661b5,45.01093194840717,37.78216736624751,8136,1
Extra Trees Optimized,203721ab,9.154705871415267,6.95898121457553,7235,2
Extra Trees Optimized,20402d71,3.1868163648195664,2.1564574195275528,7930,4
Extra Trees Optimized,2043abc5,56.716565272804566,47.798983987612345,8513,5
Extra Trees Optimized,204cc64b,11.010360729780631,8.265857709467891,6454,2
Extra Trees Optimized,206b6193,123.97727342716263,112.27706434982571,8568,2
Extra Trees Optimized,2075c696,56.89317761046411,48.0726648808616,5580,3
Extra Trees Optimized,22c5f93f,32.15818087875684,23.29647702229762,6919,1
Extra Trees Optimized,230eaaa3,27.303481258771495,19.019178897908244,6451,4
Extra Trees Optimized,2364716c,8.331239793036064,6.056024994124395,6093,4
Extra Trees Optimized,23b9beb0,7.711873298677304,5.608298502965974,8790,4
Extra Trees Optimized,24d8997e,2.419313715884866,1.7992044390747421,5188,1
Extra Trees Optimized,25050f63,11.375397859613365,9.337049524905304,7155,5
Extra Trees Optimized,25939962,49.499447298959865,38.798318593468395,6071,5
Extra Trees Optimized,25fd32b3,16.650189617508463,14.491404549943164,4546,1
Extra Trees Optimized,261785ee,48.38981725186791,43.12777524980203,5512,1
Extra Trees Optimized,264feceb,9.61539832037633,6.826004081516091,7408,2
Extra Trees Optimized,26623a50,57.46327408924787,36.00907786111947,7479,2
Extra Trees Optimized,26d3a96a,14.600751537526067,11.995049460874357,6465,5
Extra Trees Optimized,272abef3,51.586475776280224,29.99899351524351,5682,4
Extra Trees Optimized,27300fd5,47.575762243774406,42.46531818896242,7386,3
Extra Trees Optimized,276b012a,27.165043027486863,24.58590468077081,6291,4
Extra Trees Optimized,27c3155b,7.605527252532993,6.444833698021818,6941,4
Extra Trees Optimized,27ebb9b9,53.04911101782889,47.35928653030704,7651,1
Extra Trees Optimized,283269ac,19.892769355305507,16.218675755022023,4567,5
Extra Trees Optimized,28473855,23.01270714225258,17.838683292915945,6620,5
Extra Trees Optimized,28f4eda9,5.138037588454493,3.923515754755493,6824,4
Extra Trees Optimized,29b24409,5.293305346531191,4.274192348851192,7417,4
Extra Trees Optimized,29de15c8,111.14835220027767,74.54427789805794,5164,5
Extra Trees Optimized,2ab29395,10.873303153995455,9.859476665874809,3325,4
Extra Trees Optimized,2ac7cb6b,13.448486145079567,10.614068256024872,6451,5
Extra Trees Optimized,2acc78d4,28.896314028719086,22.608325398104867,6109,3
Extra Trees Optimized,2b034622,6.553338683378229,5.576545570221487,6761,1
Extra Trees Optimized,2b06ad65,4.651721157974181,3.908635680242586,5706,1
Extra Trees Optimized,2b547943,13.332457381852448,10.187218797176257,5131,2
Extra Trees Optimized,2be5c96a,147.4465702167773,125.65272942201493,5753,5
Extra Trees Optimized,2bff06cf,165.23535364869693,114.05255444017938,9174,5
Extra Trees Optimized,2c0c4a4e,5.381585409891468,3.814634272744683,6719,1
Extra Trees Optimized,2cee0cba,78.43263750793355,72.200281605528,7335,3
Extra Trees Optimized,2d0c268a,33.911097241471964,23.412424368498286,6289,4
Extra Trees Optimized,2d179ded,5.793752027791001,4.635635297392277,9225,3
Extra Trees Optimized,2d196986,6.066127355782442,4.374600748686076,8316,3
Extra Trees Optimized,2d2d0c6b,15.669804542752741,11.504824007410814,6967,5
Extra Trees Optimized,2d35f86d,110.64933053021208,48.946064837153116,6628,3
Extra Trees Optimized,2d9f6cb9,7.629064806638818,6.628978683227401,8627,2
Extra Trees Optimized,2ddad940,13.179675312469978,10.727216385309482,6812,3
Extra Trees Optimized,2e29e833,29.41930802343812,21.16994701956136,7254,1
Extra Trees Optimized,2e43c2ea,6.125816259497113,5.104889341132558,7349,4
Extra Trees Optimized,2e63d9de,63.439580870254595,42.43485451166044,6505,1
Extra Trees Optimized,2ee0235b,14.534959426432499,12.349409642239372,7256,4
Extra Trees Optimized,2f19d536,37.365232828458026,26.051461400551517,4744,3
Extra Trees Optimized,2f8e53c3,9.999630078666293,6.834325531814745,4133,4
Extra Trees Optimized,2fa01aa6,20.462353618529498,17.352347034024106,3860,2
Extra Trees Optimized,2fd68f7b,53.27101933110057,35.087448735799136,6381,2
Extra Trees Optimized,2fe023be,14.34631330024347,12.759627543966893,6060,3
Extra Trees Optimized,30d75030,43.86119147905674,31.342709425169737,5009,3
Extra Trees Optimized,310c71a5,9.863283359669335,7.584780704721275,6988,4
Extra Trees Optimized,32fe84c9,158.75575662534484,120.20066628198234,8163,5
Extra Trees Optimized,33c40295,7.897532260365782,6.219311550707115,5989,2
Extra Trees Optimized,3407f5bf,7.402663611540092,5.006821795926371,5309,5
Extra Trees Optimized,3417285d,43.16862507157913,37.26611328012389,7458,1
Extra Trees Optimized,347242c8,79.41537713452435,62.052123441125836,5437,3
Extra Trees Optimized,353e5502,80.16381582766704,70.06150001337015,7901,3
Extra Trees Optimized,357c12f9,20.8285141777753,16.629510448584004,5770,1
Extra Trees Optimized,3584a6eb,3.872273166535063,3.294775655933564,6150,4
Extra Trees Optimized,35b30c7f,128.317897281126,96.85784473944094,11270,3
Extra Trees Optimized,35b3ef6a,27.92055954631357,22.2366236316427,5736,4
Extra Trees Optimized,367456ce,42.16916470085062,34.48901931815737,7312,5
Extra Trees Optimized,368131f9,65.9279755895199,42.140015217030225,6568,1
Extra Trees Optimized,368fe682,64.74306057367367,54.87917353242721,6416,5
Extra Trees Optimized,3690a146,3.1451205003894698,2.519143816556443,5761,4
Extra Trees Optimized,37344c2a,28.365819576790248,24.28927603949449,6943,3
Extra Trees Optimized,373ef48b,8.59480287721325,5.696009452682754,4992,5
Extra Trees Optimized,374be387,24.511023578662645,18.762935153460695,11802,2
Extra Trees Optimized,37d36812,29.270904883496353,20.362862221962487,6017,5
Extra Trees Optimized,38991fd4,8.829622980000634,6.796968183705952,6545,5
Extra Trees Optimized,389ae58f,51.19448702484756,46.378896396726404,8201,4
Extra Trees Optimized,3932faa6,8.14004796978209,5.87714669250583,7388,4
Extra Trees Optimized,398dce4b,4.541199487032072,3.1092282456418716,5005,2
Extra Trees Optimized,39b51819,136.80401349123065,117.0752968534664,6382,5
Extra Trees Optimized,3a0af893,95.96752169661629,88.99589313532383,4580,1
Extra Trees Optimized,3a223519,10.07105745854734,7.112459883861043,6581,2
Extra Trees Optimized,3a7dd95d,604.7068187759114,593.3289133281309,4320,4
Extra Trees Optimized,3a824aa7,6.385326719071169,5.769215781280996,5678,5
Extra Trees Optimized,3a86fe8d,30.942508125391765,24.61365400752853,6572,2
Extra Trees Optimized,3aaa2b30,39.986228241899525,24.37808706231998,6396,4
Extra Trees Optimized,3ac16ad0,4.898490597198808,3.515947487606862,7412,1
Extra Trees Optimized,3b21ea64,73.69461143905387,64.57546521350159,9103,1
Extra Trees Optimized,3bbe1f5d,5.3157270899284015,4.277611505922363,8184,3
Extra Trees Optimized,3bfee975,29.02915461295025,24.6464057377976,5088,5
Extra Trees Optimized,3c3dbcbc,49.10719805652085,41.00079185264858,6911,5
Extra Trees Optimized,3d96d897,5.231181220667118,4.47564145704605,7147,2
Extra Trees Optimized,3df4b19e,6.5940387610213325,5.730879688947302,6658,4
Extra Trees Optimized,3e011332,6.507822504132945,5.092722664998065,4842,4
Extra Trees Optimized,3e678ea7,48.87973833714539,45.47850641551518,8737,4
Extra Trees Optimized,3ef6372a,6.059772006381855,4.9271363140409195,6666,3
Extra Trees Optimized,3ef98781,34.29105654528233,20.832540374730712,5343,3
Extra Trees Optimized,3f603129,9.292411861061368,6.901861185734585,6599,1
Extra Trees Optimized,404c4384,1.7576917967231287,1.496223928196552,2612,4
Extra Trees Optimized,4121c517,48.327187404746425,32.27525098751381,5471,2
Extra Trees Optimized,41fb0192,7.321417370877852,5.425479144898931,4381,2
Extra Trees Optimized,42669188,13.273778935796312,9.399359053812548,6080,4
Extra Trees Optimized,42c538a1,315.83161031936197,300.7188521208633,4762,1
Extra Trees Optimized,43b06c70,42.125768513236345,16.164806113044296,6590,1
Extra Trees Optimized,43c7f85a,2.5914296920538593,1.8546301788138035,7484,4
Extra Trees Optimized,43e16325,115.60204975228868,101.00875727956505,5845,5
Extra Trees Optimized,44441e54,16.071704747010436,12.009399984149395,5568,4
Extra Trees Optimized,445af6c2,6.108023565415419,5.170497827437987,7998,5
Extra Trees Optimized,4463446c,255.4580771619955,221.24614980470895,4729,4
Extra Trees Optimized,44a94013,17.84223567687965,14.077053775213846,6492,2
Extra Trees Optimized,45fb3e21,22.11657879598446,17.993003047617982,5626,1
Extra Trees Optimized,460f859e,16.787875740552526,12.920242207495926,4982,3
Extra Trees Optimized,4630ab92,100.14725066661975,67.86227970543906,5307,5
Extra Trees Optimized,463c38f2,5.951212772449213,4.848183258507974,6048,3
Extra Trees Optimized,4654e7de,11.59839238017676,9.841184552367778,7010,5
Extra Trees Optimized,466fc788,10.757560140546174,9.61631321198886,7767,2
Extra Trees Optimized,46a301e9,88.7386319138785,73.52614285081007,9962,2
Extra Trees Optimized,46a7190b,6.6144139166411335,4.809819101253969,5646,5
Extra Trees Optimized,46d24a09,7.263824181392053,6.052599457731691,6123,5
Extra Trees Optimized,46d41ff6,53.00753211624113,44.4889218943959,9226,5
Extra Trees Optimized,46dfcfca,4.341451817971043,3.378199038652981,4921,1
Extra Trees Optimized,47222616,8.404162953692802,6.435038359180827,5835,3
Extra Trees Optimized,47ee27ab,61.481639399132945,28.169873532513567,8274,3
Extra Trees Optimized,481de5fc,6.398078623074536,4.26445904664734,7694,2
Extra Trees Optimized,48c1f673,17.397154268855232,12.3570149295483,4666,4
Extra Trees Optimized,4936af16,29.16915467931733,21.05581961214529,5559,2
Extra Trees Optimized,493b5b31,16.28979389099481,12.544467936223075,6884,4
Extra Trees Optimized,49dbc14c,5.603748426711065,3.56558331197794,5198,2
Extra Trees Optimized,4a035ec2,12.654303611769917,9.67934784668764,4522,3
Extra Trees Optimized,4a335117,26.10813050882264,23.662143742472033,6727,3
Extra Trees Optimized,4a8ecc0b,60.95059151935671,49.25655827597564,7374,2
Extra Trees Optimized,4b462989,10.109749494273098,7.395707987462723,4738,2
Extra Trees Optimized,4b831d20,12.800716886518913,6.285885355643154,9433,1
Extra Trees Optimized,4c2208f5,11.796846793635543,9.581057781508694,7248,1
Extra Trees Optimized,4c3168cf,40.63270991355527,34.604675784390516,5959,5
Extra Trees Optimized,4c3df468,29.77019771383346,14.088784020830614,6903,3
Extra Trees Optimized,4caa7289,6.722443592299537,5.654520942880013,6854,1
Extra Trees Optimized,4cd1ac61,69.13465434342658,41.62267781777578,6709,1
Extra Trees Optimized,4cecf7b3,30.252884284275343,19.96459022595477,7676,5
Extra Trees Optimized,4ddde4c1,10.837520600807366,8.47356785285212,6417,4
Extra Trees Optimized,4e050c92,3.2927167854740707,2.5226660680961897,5236,4
Extra Trees Optimized,4ed93db6,4.738865262238056,3.740124888291743,6496,4
Extra Trees Optimized,4f3eb9e9,30.25790815486684,19.66270580981388,5911,2
Extra Trees Optimized,4f4ac5ce,135.99078046676345,120.06375863351023,6899,5
Extra Trees Optimized,4f4afcc6,11.214016979323066,9.32125816267044,7184,1
Extra Trees Optimized,4f69febf,3.9989428738787045,2.23687623372029,7599,4
Extra Trees Optimized,4fbe9c06,5.397993153702051,4.0806235833871245,7938,1
Extra Trees Optimized,504c8b08,5.090068775259614,4.217585271840963,8012,2
Extra Trees Optimized,511e1db0,113.78713229005966,72.66696665268935,5645,2
Extra Trees Optimized,512943b2,34.36627557738401,20.719426263903888,6681,2
Extra Trees Optimized,5138a660,21.178811508167687,19.550514314246016,4829,3
Extra Trees Optimized,516088b7,62.70209118982893,55.49970729684915,8300,1
Extra Trees Optimized,521a7819,5.625245526806002,3.85835492404324,7224,4
Extra Trees Optimized,5254b6db,5.056903400272016,4.2310688717838,5115,3
Extra Trees Optimized,529e88ca,31.593957210870613,23.71119563459299,5253,2
Extra Trees Optimized,52f1e77a,7.199319289000959,5.885498157507872,6053,5
Extra Trees Optimized,5305524b,4.769907273011692,3.3604955785806485,6457,1
Extra Trees Optimized,53134831,28.242354928008123,21.763393970560305,7214,5
Extra Trees Optimized,5397ceb1,198.19609039692605,139.507761318586,6811,2
Extra Trees Optimized,53f23031,5.69759357195573,3.693553854755611,10200,1
Extra Trees Optimized,543198e8,114.1134668363362,79.91782274728008,8311,5
Extra Trees Optimized,54753541,16.86070642018789,13.614432152493476,5679,3
Extra Trees Optimized,54a7e3c2,16.887811057739643,13.59858163698712,7893,1
Extra Trees Optimized,5542c301,6.021564581515707,4.319269859046827,5433,1
Extra Trees Optimized,5567d551,30.639734891749402,20.364781413630798,8390,5
Extra Trees Optimized,55efee7f,19.260383680121816,15.292805862075546,6577,4
Extra Trees Optimized,5663b2b7,2.8503720891777937,1.5139256696512389,6907,3
Extra Trees Optimized,5693dde2,97.57717790105481,89.04136067855237,4846,1
Extra Trees Optimized,56b00794,19.66368792587562,12.450423378031216,7293,1
Extra Trees Optimized,57796579,9.524880735997188,7.796479114233189,7622,5
Extra Trees Optimized,577eec7c,12.698377809022793,9.87250220725544,6085,2
Extra Trees Optimized,57f05c51,3.347353874613086,2.6516280412492272,6478,3
Extra Trees Optimized,58850d2c,21.962964070325476,11.841617663729489,6918,2
Extra Trees Optimized,58fa8486,7.660977175164717,4.091542068677916,6126,4
Extra Trees Optimized,591cc951,10.278640536899692,8.563469964046616,6669,4
Extra Trees Optimized,593876b6,29.901059387091507,14.159982940912348,6366,4
Extra Trees Optimized,59f8b2e8,140.58219301110188,86.30015470242817,5668,1
Extra Trees Optimized,5a1a8fd8,23.679183556210578,18.687823372365877,6814,1
Extra Trees Optimized,5a5269a9,23.309273035623637,17.18609327700113,8053,2
Extra Trees Optimized,5a5d1982,4.048315251663907,2.9108158341071952,5446,1
Extra Trees Optimized,5a63b5d1,31.08730436849051,18.80783128468218,8052,5
Extra Trees Optimized,5aa03df7,34.78451538420978,32.12408308072942,6752,4
Extra Trees Optimized,5aa403d0,9.846069427029535,6.315690747261227,4702,4
Extra Trees Optimized,5aef5c6c,111.20473890091077,80.52421854470504,4853,2
Extra Trees Optimized,5b7b6324,121.42128099545533,116.02396407336461,8197,1
Extra Trees Optimized,5bd25f59,33.44649788567784,24.08666006494832,6120,1
Extra Trees Optimized,5beded95,7.532420222886813,5.024211858414981,4779,1
Extra Trees Optimized,5cb483ac,10.728593944931763,8.59905612563777,5206,4
Extra Trees Optimized,5cdd8dbc,7.742568093851939,5.946999492979515,5751,1
Extra Trees Optimized,5d11dfb5,25.47025531026048,23.63397265372354,7643,3
Extra Trees Optimized,5d7198fd,93.54524431245362,86.74855181352147,4797,4
Extra Trees Optimized,5def1ce5,14.088523740302081,10.43539008413731,7997,1
Extra Trees Optimized,5eae34a8,144.00613504542784,124.22614627682043,6652,1
Extra Trees Optimized,5f4d2a52,97.43264700406806,71.44645797932274,7112,5
Extra Trees Optimized,5f6756c5,153.2629386665134,142.5367112092356,8064,4
Extra Trees Optimized,5f75f796,22.233888943429402,15.41849668384026,7324,2
Extra Trees Optimized,5fb1c15f,17.20780558989724,13.064502286448826,4857,3
Extra Trees Optimized,5fffa282,20.475216733819597,18.698191658209534,6223,2
Extra Trees Optimized,60e37807,5.526297689542807,3.1837093272259454,4641,2
Extra Trees Optimized,61f27424,8.49477912680523,6.851078083887431,8341,3
Extra Trees Optimized,62569ae3,89.06110314115429,81.77984909881937,5242,1
Extra Trees Optimized,62a6f539,5.531074937085056,4.133903638585396,5253,5
Extra Trees Optimized,633774dc,19.284727390405276,14.593364219990363,7972,2
Extra Trees Optimized,63559d57,12.922007689566952,10.538204931559633,5810,3
Extra Trees Optimized,647f2a41,16.888042441331628,13.99726437469352,5836,2
Extra Trees Optimized,65156b96,42.22380367170949,30.85929208450064,5046,2
Extra Trees Optimized,653612bc,112.79447391663027,106.01782534864228,5946,3
Extra Trees Optimized,656a067b,34.44186280440814,22.063861157399543,4896,2
Extra Trees Optimized,65a5466a,29.98659805262253,24.095889780782272,6117,2
Extra Trees Optimized,660d9546,47.25930530316369,36.09327740401799,6140,2
Extra Trees Optimized,6767c111,19.077635929539845,13.961412581811102,8354,2
Extra Trees Optimized,67847288,5.323845501811986,3.7364151225136224,9174,4
Extra Trees Optimized,67a8da4a,20.66869926681005,11.793975660335368,6645,5
Extra Trees Optimized,684a6fc1,5.688673295756527,3.2274826948933732,11449,5
Extra Trees Optimized,698930d1,22.714240689088562,17.65821547446855,6498,2
Extra Trees Optimized,699ea575,4.487325771403302,3.7017881015324408,5474,4
Extra Trees Optimized,69c1bdad,16.240156936177502,12.074366838036658,4645,2
Extra Trees Optimized,69e41fa6,19.100695437939187,15.700718403472465,7167,3
Extra Trees Optimized,6a0ff78e,6.375535356359945,4.435127421799758,7890,2
Extra Trees Optimized,6a8fa194,104.05190239664363,49.80420689997252,4657,5
Extra Trees Optimized,6ae68655,10.829262491256898,6.750886731851685,5948,5
Extra Trees Optimized,6d1d74e1,35.04262843917669,15.903595098333717,7316,1
Extra Trees Optimized,6d590e26,251.77558241596404,210.5326917891621,7842,2
Extra Trees Optimized,6d6d93af,58.59571672781627,52.338927792597545,5305,3
Extra Trees Optimized,6dbe4b60,51.45778045942015,26.588378140392116,6673,2
Extra Trees Optimized,6e6d122c,52.57718245902887,21.267297344139305,7083,3
Extra Trees Optimized,6e9ccd38,10.188724321231735,6.844920634317344,9619,5
Extra Trees Optimized,6ea22614,26.365458185015658,21.15142101113821,7894,1
Extra Trees Optimized,6ede926a,8.287662089577717,6.562689166251973,6621,2
Extra Trees Optimized,708caea9,11.14885473552382,8.712032030607526,8482,4
Extra Trees Optimized,70925e23,28.239907431978846,25.416123252194406,8072,3
Extra Trees Optimized,70e1788b,30.409600563608393,26.450810865692656,11338,4
Extra Trees Optimized,71642c7d,47.169216775182065,41.89850237751983,6657,5
Extra Trees Optimized,71ccf778,12.850957195768943,10.197582450790215,4623,5
Extra Trees Optimized,7224331b,16.248248363132983,14.795099441183615,7566,5
Extra Trees Optimized,722cf0d8,10.556395760901491,8.697774505873479,7275,3
Extra Trees Optimized,7256229b,63.995297352311226,29.401988139927944,6972,2
Extra Trees Optimized,726f3dc2,12.607486513931038,10.755771400833616,8619,5
Extra Trees Optimized,7271dd80,6.734304376230101,5.375338542198402,5765,2
Extra Trees Optimized,727a3a10,5.581600001501842,4.123164512869809,6342,3
Extra Trees Optimized,729665c0,48.621630919305204,41.0724305748287,5775,5
Extra Trees Optimized,729e9750,6.666158466401307,4.805182413207806,7427,1
Extra Trees Optimized,729f4217,8.459628628047211,6.090692662663001,7592,1
Extra Trees Optimized,72dd8501,20.698171612728768,17.033056743093205,6928,3
Extra Trees Optimized,73348914,29.133736114998484,23.87328226422371,5686,2
Extra Trees Optimized,739a914f,160.0104812230904,118.52111537843427,7319,2
Extra Trees Optimized,73b1447d,16.7957813960712,12.86772402224881,7522,1
Extra Trees Optimized,74b6186b,10.651290808009843,8.884128303700248,5148,3
Extra Trees Optimized,75c20ec7,98.865525059654,83.12847549752568,7205,3
Extra Trees Optimized,75cd5f11,8.638386391771814,7.014094471009511,6410,1
Extra Trees Optimized,75d20a82,4.192737037916987,2.1790135737832794,7002,2
Extra Trees Optimized,76201745,19.169774828977772,13.438993547653562,5858,4
Extra Trees Optimized,764072a5,10.376017006165148,8.633081693974445,4594,1
Extra Trees Optimized,77b0d905,4.885566411887988,3.779493708565539,5923,5
Extra Trees Optimized,77e4821c,26.972356446072464,20.91150433988318,6540,4
Extra Trees Optimized,7850c72e,131.71380940907432,121.34006585305589,7712,5
Extra Trees Optimized,78a4a386,12.014083050133225,9.587451498287908,6246,1
Extra Trees Optimized,79507629,9.877902662054462,8.094418224800757,7320,1
Extra Trees Optimized,796dbd4c,36.50685125585802,21.09168355957082,8069,3
Extra Trees Optimized,7987f2f2,73.9626083984536,63.88992785985407,5714,2
Extra Trees Optimized,7993a768,17.335883181589686,12.518113011042313,7047,4
Extra Trees Optimized,7a5660b0,67.32906929663004,60.232507189144094,6936,4
Extra Trees Optimized,7acda2df,8.774374452964546,5.835283600533962,4552,4
Extra Trees Optimized,7b2c7b3c,7.3120865186739685,5.842192430701533,4231,1
Extra Trees Optimized,7b38844c,29.19667569035421,22.773916949557126,5197,3
Extra Trees Optimized,7bb17b96,10.484500314588727,8.80489888795586,5295,1
Extra Trees Optimized,7c607683,3.1295239544444233,2.2053238422725263,7001,3
Extra Trees Optimized,7cbbd047,48.87093655146371,41.70278857543785,6790,4
Extra Trees Optimized,7cd4bb31,3.4049283233875403,2.6637107731732623,7959,4
Extra Trees Optimized,7d50373e,8.447839501884568,6.30664478450231,6494,1
Extra Trees Optimized,7d57c75d,99.76743336577537,85.73331380258219,6147,5
Extra Trees Optimized,7e208414,56.84644944145086,47.39284703966428,5732,3
Extra Trees Optimized,7e721392,44.684383138250176,25.688140016825457,8301,4
Extra Trees Optimized,7ff89f8f,10.227443295850549,6.891767890664454,9539,3
Extra Trees Optimized,8050c789,14.965755688648679,12.371844539897085,4940,4
Extra Trees Optimized,807f0298,18.401396067880178,13.853599630657872,5499,5
Extra Trees Optimized,811f52b3,6.555508174100236,5.249487809792016,6674,1
Extra Trees Optimized,81bf5923,11.706281971977475,10.25580071234877,6386,2
Extra Trees Optimized,81fc01c6,14.868672437381377,12.361225257933603,7655,2
Extra Trees Optimized,8255c867,8.45463257953307,7.133442192581804,5338,2
Extra Trees Optimized,82aab6d2,30.579962496276455,26.967391353051,7889,4
Extra Trees Optimized,82fcf37c,2.2984471017666332,1.7589044029509162,7397,2
Extra Trees Optimized,833af382,15.645703669035518,13.06140925315301,5377,5
Extra Trees Optimized,8382f4b6,28.726353729636184,25.191346378745884,6680,5
Extra Trees Optimized,84633df4,10.826855634228398,9.113681400893716,6719,1
Extra Trees Optimized,8478df29,18.751828985050338,15.41446855218511,6698,4
Extra Trees Optimized,84815d5a,55.849723939894496,42.952023775573466,5286,5
Extra Trees Optimized,84c3b497,82.3952336958387,70.49001668821599,6887,4
Extra Trees Optimized,85380836,7.667161420554931,6.189315257010665,8175,3
Extra Trees Optimized,8612b37f,66.01757130255095,33.55239925827013,6807,3
Extra Trees Optimized,861e71df,36.66791083550588,26.631294177181985,6284,1
Extra Trees Optimized,86454a6f,63.413188863688944,43.71124197353037,9100,5
Extra Trees Optimized,8648abae,146.7919786574923,134.18354804741955,6086,3
Extra Trees Optimized,865033f8,4.869508432120307,3.929966898114854,5303,4
Extra Trees Optimized,87695469,83.46894369047416,50.48146491931462,8654,1
Extra Trees Optimized,877ed19c,439.59989130859054,404.58992601573965,5631,4
Extra Trees Optimized,87aa3730,7.98525768187792,7.136420452883482,7293,5
Extra Trees Optimized,884ecb5f,8.811436809648825,6.291619346589328,8054,1
Extra Trees Optimized,8902c3f6,25.716790086089485,21.320600537167028,6533,2
Extra Trees Optimized,896d15b9,106.90812645621396,98.63982182698969,5698,1
Extra Trees Optimized,8995c945,25.059374965042444,22.135027552481482,8198,5
Extra Trees Optimized,89969c7a,34.19427071612887,26.1927674268177,6317,2
Extra Trees Optimized,89f1085d,191.72463407516193,171.06954319606865,7497,3
Extra Trees Optimized,89f36adf,58.42182218862878,52.61227940875491,7041,2
Extra Trees Optimized,89fdb2f2,4.157096552545613,3.784306004266545,3570,3
Extra Trees Optimized,8a3da6d1,129.33809177627597,86.7179510051098,6334,1
Extra Trees Optimized,8a89da23,14.507619295835585,11.871946274550394,5575,1
Extra Trees Optimized,8a9c8932,73.0534702241431,63.204137758811854,6344,3
Extra Trees Optimized,8ac2f237,14.832853135973975,12.483507077302823,6775,2
Extra Trees Optimized,8b12bab6,34.072802362388856,28.336218472261773,6980,1
Extra Trees Optimized,8b5be31b,36.179282120800835,20.29080625937803,7439,2
Extra Trees Optimized,8b95d6d1,14.179202234571902,11.210812609505156,2783,5
Extra Trees Optimized,8b9d8326,83.32100123776314,45.465528457559266,7832,5
Extra Trees Optimized,8bb9c1e6,14.39076238268923,11.969994938309577,6382,1
Extra Trees Optimized,8bda1a11,6.469538895652698,5.207622028198964,7438,3
Extra Trees Optimized,8bfa881d,33.94896916481977,30.18284323113558,5843,1
Extra Trees Optimized,8c167025,103.43610841438583,64.20613754713732,7113,4
Extra Trees Optimized,8c8348e8,36.04317980117374,31.223057624756006,5581,2
Extra Trees Optimized,8cc21f01,55.79954187892005,40.493143045442004,5806,4
Extra Trees Optimized,8cc800b3,437.3823702290377,365.16679693336874,8091,5
Extra Trees Optimized,8d5d46d7,11.163958031675017,10.079480329016361,7282,2
Extra Trees Optimized,8d92cb49,12.146008950326006,10.536586570456304,4839,5
Extra Trees Optimized,8f201368,5.9207329595625655,4.772525904969493,8151,2
Extra Trees Optimized,90386ee4,4.168680235389912,2.9098702126182636,5304,2
Extra Trees Optimized,91abc4c7,50.40310953419909,35.395347134242265,7787,3
Extra Trees Optimized,91b301ce,35.58639938665743,23.244185542994583,8512,3
Extra Trees Optimized,91db7070,349.63593585032396,317.0043002551129,5646,5
Extra Trees Optimized,925a7cd1,33.481126235553944,19.403683666617745,6501,3
Extra Trees Optimized,9283ae69,138.30460697676787,116.68527286930414,5118,2
Extra Trees Optimized,9298ad5b,64.14817299876924,59.21971265155753,5807,1
Extra Trees Optimized,9314ff13,30.521666283244585,26.106733295077245,4494,5
Extra Trees Optimized,93209a3d,49.542897550885016,31.554887469832458,6300,1
Extra Trees Optimized,939d9c34,135.4245242096822,110.72193319497129,6627,4
Extra Trees Optimized,93f5d2e6,7.47661373401279,5.662863511319543,5171,5
Extra Trees Optimized,940a48d9,23.274720050663774,16.977614756320037,5627,4
Extra Trees Optimized,940e709a,159.37075403912527,136.7774422816896,4989,2
Extra Trees Optimized,9426ec1e,9.692705236568601,9.047295780116722,3923,4
Extra Trees Optimized,94467f50,48.16063896830595,37.32364216724665,5116,1
Extra Trees Optimized,944f36b9,15.305038794357182,11.868229913979656,6035,2
Extra Trees Optimized,94d813a4,26.306662484064773,17.8445493419548,6591,5
Extra Trees Optimized,95b559e7,22.637839244618647,19.902749751082876,4638,4
Extra Trees Optimized,95c8427f,6.872976985830094,5.654956505082381,8051,3
Extra Trees Optimized,96936c22,6.514569594170022,4.468395158844212,4997,5
Extra Trees Optimized,96ae5806,252.73080229105184,213.47444921530087,11527,5
Extra Trees Optimized,96b7eea1,27.325954067692383,24.00490004850154,6078,1
Extra Trees Optimized,9719aa04,10.569307491686962,6.69186754207622,6665,1
Extra Trees Optimized,974802e7,18.079599443318067,12.541436690677534,7537,3
Extra Trees Optimized,97cd5bf9,10.785461137645619,6.917680811103853,5099,1
Extra Trees Optimized,98177ced,17.20751726837042,10.996626019946374,6789,5
Extra Trees Optimized,9896fc0b,31.15839524846597,26.486564009443153,5109,4
Extra Trees Optimized,98bc6f66,5.387786972986726,4.459578482158722,7720,5
Extra Trees Optimized,992c99e8,8.931567450752791,7.546919066831643,6740,2
Extra Trees Optimized,992ce078,8.148016252361286,6.023449649968398,4661,1
Extra Trees Optimized,99529c45,40.87767136888523,29.336119246985838,7591,4
Extra Trees Optimized,995ff498,6.92644484600321,5.906390048940794,6127,3
Extra Trees Optimized,999daf80,24.245187333094904,20.36634574424716,5439,2
Extra Trees Optimized,9a6b0392,56.793779112259486,48.691589886303014,5802,3
Extra Trees Optimized,9a8ae0d6,27.929644475933497,22.98679119476268,7835,1
Extra Trees Optimized,9a95e33f,99.05705231286946,52.76812542223462,8156,4
Extra Trees Optimized,9ab94eeb,125.91348314025524,108.93814126048905,6372,5
Extra Trees Optimized,9ad5410a,47.698513106430426,32.80902350649718,5749,1
Extra Trees Optimized,9ae248be,20.018960096437212,16.99654703454281,6655,2
Extra Trees Optimized,9af1ffd0,18.137411095219488,12.547890948017969,5454,5
Extra Trees Optimized,9b5b61c1,18.433857970128113,14.955932172738278,7215,1
Extra Trees Optimized,9b9e3b49,160.62685954280192,135.722548006075,6875,2
Extra Trees Optimized,9bd2bba3,2.763335280136868,2.2702680248421228,9092,3
Extra Trees Optimized,9c211c53,24.677803384803102,17.625080607162158,8842,1
Extra Trees Optimized,9c350a6a,364.20212204141444,339.3569423793384,7794,3
Extra Trees Optimized,9c8375f7,6.434399395808155,5.70975194251097,5432,2
Extra Trees Optimized,9d072e4c,44.64327795439839,37.11591006508752,6798,2
Extra Trees Optimized,9d3ec64c,118.04412703783606,99.68341198923653,4937,5
Extra Trees Optimized,9d4272e3,15.952302761853142,14.034162922075906,5771,3
Extra Trees Optimized,9d5e14d4,8.568729242790106,6.887269160834567,6565,3
Extra Trees Optimized,9da441ba,32.64142695558083,17.482551058646543,7283,2
Extra Trees Optimized,9dede370,28.531372148295517,22.49945400891708,8057,5
Extra Trees Optimized,9def2eb2,37.58715432404564,34.94430279398531,7750,1
Extra Trees Optimized,9df1b1f9,99.9942319305467,96.06162169999,6444,3
Extra Trees Optimized,9dfff011,55.649738332396474,46.438393015018775,6067,1
Extra Trees Optimized,9e3e364d,178.4455989080861,166.86423088226985,5809,2
Extra Trees Optimized,9efc812e,10.039698730664698,8.831701612956556,6100,2
Extra Trees Optimized,9f0c7bae,3.4047827072574224,2.8589328497627218,4040,5
Extra Trees Optimized,9ffce529,5.5062107169407515,4.809224260678129,6675,3
Extra Trees Optimized,a0383629,33.68409665107736,30.651666771410685,7687,3
Extra Trees Optimized,a056d01e,8.242541354891241,7.101260367804117,8292,2
Extra Trees Optimized,a08d9e63,23.676621976916785,19.11841504649622,5199,4
Extra Trees Optimized,a0b83014,57.82965060251232,46.162257919599476,6873,5
Extra Trees Optimized,a0e92ed6,206.44253783357817,164.0271387996251,6446,1
Extra Trees Optimized,a15bc102,12.552069900058376,9.773423779267802,5124,1
Extra Trees Optimized,a247e7cf,5.033089844893808,4.135404498868054,7237,4
Extra Trees Optimized,a2e8e7f6,19.47570310216368,17.116565254693988,5812,2
Extra Trees Optimized,a3518960,31.38708159642101,23.29228814940683,6992,4
Extra Trees Optimized,a3f71395,37.43536914919737,19.10037478534149,7040,5
Extra Trees Optimized,a4719920,13.726751991186125,10.699117632140261,7495,5
Extra Trees Optimized,a48640d9,10.484528540567577,9.225814129751415,6586,5
Extra Trees Optimized,a4cdbb0f,8.06487099890814,6.163302394927617,6759,1
Extra Trees Optimized,a4f989c2,10.485627093960018,7.889605266221655,7024,4
Extra Trees Optimized,a5aa7973,43.60891677094845,34.038125276079846,6449,2
Extra Trees Optimized,a5e6f7dc,106.86011200044825,83.59361436101644,7331,5
Extra Trees Optimized,a612d5a0,10.69836634609514,8.037190362676148,7160,4
Extra Trees Optimized,a622ce4d,14.022644253850823,11.490912433371152,8047,4
Extra Trees Optimized,a645da9a,82.24296034382667,64.3997258140621,6766,3
Extra Trees Optimized,a692b17e,12.031671673329702,9.535448400696046,5409,4
Extra Trees Optimized,a6b8ac67,6.330045812974667,5.152842853301052,7017,1
Extra Trees Optimized,a6ed2eff,14.709076113733312,12.853918818717272,7054,2
Extra Trees Optimized,a6f967fb,108.59910579805313,102.23850584165983,7032,3
Extra Trees Optimized,a76db406,20.945923792071895,17.594638095469858,6451,3
Extra Trees Optimized,a7744f5b,3.2694897518942923,2.3819896815409694,6017,5
Extra Trees Optimized,a783cc24,30.27428071480115,17.653211246477692,3275,5
Extra Trees Optimized,a79fd2e7,45.4896734484942,23.458985389932252,6327,5
Extra Trees Optimized,a7fc3e6b,53.1507429319092,43.378501675687886,6378,1
Extra Trees Optimized,a85bb86f,8.484844036438757,6.647441256625211,5100,5
Extra Trees Optimized,a85e4bc3,8.14249363982382,7.049938945481972,5993,2
Extra Trees Optimized,a87433c9,58.864812612204744,44.750373283365434,7460,5
Extra Trees Optimized,a8ed028a,36.184476292669984,32.75794737761729,7310,3
Extra Trees Optimized,a959858c,50.01649797206574,35.923449105512866,5770,4
Extra Trees Optimized,a9c9b150,12.418146010413471,10.806053023725656,5826,4
Extra Trees Optimized,aa95015b,8.044650724768797,6.574045243981009,5761,3
Extra Trees Optimized,aaaf3c03,237.24015664438573,132.98960623063363,4728,5
Extra Trees Optimized,aaeffccb,8.10350881997612,6.383444260511133,4586,3
Extra Trees Optimized,ab112491,245.8590722290975,209.90492432477262,7178,2
Extra Trees Optimized,ab18d3fc,95.81100346370908,44.991575853417366,7337,3
Extra Trees Optimized,ab3ced07,7.885170418830426,6.072279960395385,6008,1
Extra Trees Optimized,ab6fe95d,23.514783231981717,8.495554416839388,7424,3
Extra Trees Optimized,ab94878e,14.221074419067712,9.879096265839562,7652,4
Extra Trees Optimized,abf460d2,2.4590620064544066,1.9500151908489873,4763,3
Extra Trees Optimized,ac6f01d5,85.90929281651418,73.32441444119863,6729,4
Extra Trees Optimized,ad2133a8,8.061787463742217,6.907013660401617,7187,2
Extra Trees Optimized,add9c322,28.780573076259962,21.866056504462804,5519,4
Extra Trees Optimized,ae069086,4.800148752699158,3.5324333414813016,6741,5
Extra Trees Optimized,ae0784a8,122.07584106004653,111.11755428164453,9171,3
Extra Trees Optimized,ae35f33a,64.89235150094339,57.002306577655574,6469,5
Extra Trees Optimized,ae8959c3,39.624065833457735,28.129815963840564,6645,2
Extra Trees Optimized,aed44918,85.75641583588568,85.13543872017256,4020,5
Extra Trees Optimized,aee6393a,20.182535226563886,14.12734549417719,7146,5
Extra Trees Optimized,af7a59ce,34.67191924653292,26.215964776309374,4330,5
Extra Trees Optimized,aff4e561,5.716995941215796,4.875254754912449,7723,3
Extra Trees Optimized,b04b58a3,43.591856020642396,29.991131420527196,5229,5
Extra Trees Optimized,b0d42b0d,128.1114834959177,117.75073933401717,6357,1
Extra Trees Optimized,b0f53bf4,276.19827950488957,231.92656800734153,4202,3
Extra Trees Optimized,b19b0395,11.077759871849992,9.156677503051922,7196,3
Extra Trees Optimized,b1efb8a4,22.402441940601296,18.375279845102376,7562,3
Extra Trees Optimized,b32902c0,7.59715701450998,5.897261756090333,5737,2
Extra Trees Optimized,b32e4903,23.563584493497796,16.061869670531877,7420,3
Extra Trees Optimized,b3388334,90.4585637749253,50.17193458807447,7807,4
Extra Trees Optimized,b37fd114,21.862814994128986,18.958215333357174,9786,4
Extra Trees Optimized,b38e3116,6.380478801704113,4.7383358244885345,7954,1
Extra Trees Optimized,b4d8dd4f,28.14938171640911,16.116803302593333,5909,3
Extra Trees Optimized,b4f37e6e,9.027352556063988,5.715629234010516,4499,4
Extra Trees Optimized,b56bc0aa,6.323070589787733,5.124672192868312,7431,4
Extra Trees Optimized,b585b4fa,21.282860253194347,18.131203527200295,5999,3
Extra Trees Optimized,b5aa9634,4.441613281133634,3.730513878759798,8747,5
Extra Trees Optimized,b7974e66,8.24256825906597,6.817893596926518,7170,4
Extra Trees Optimized,b7cdcecb,8.865012603556103,6.237390878028533,7620,2
Extra Trees Optimized,b7fea9ef,71.20645703550761,42.72423646374178,5575,5
Extra Trees Optimized,b85f7b06,321.78108355805796,296.9397160048432,5453,4
Extra Trees Optimized,b881d27e,5.788638979049512,3.300960260818133,5442,3
Extra Trees Optimized,b8c49c1a,13.508305123653246,10.126512996577103,6254,2
Extra Trees Optimized,b95e7121,13.959848622383008,11.701311513667559,7492,3
Extra Trees Optimized,b977be4a,48.87796169915053,21.226541353218288,7495,2
Extra Trees Optimized,ba48188d,32.62462053715868,22.34665148689467,5534,3
Extra Trees Optimized,bb2cdd83,11.318526688132263,9.311874443583372,5665,3
Extra Trees Optimized,bb337fa0,55.93648601367376,46.72752767668643,8216,1
Extra Trees Optimized,bb682ebd,47.963049710810665,33.67196904007877,5931,2
Extra Trees Optimized,bc4381e2,8.850343724150946,6.868649385700916,6885,2
Extra Trees Optimized,bcebcc5f,3.492096099804205,2.7629307711262805,7889,3
Extra Trees Optimized,bd2c2f34,20.23563099539227,17.08211954525236,11621,4
Extra Trees Optimized,bd4ae5da,47.671662567378036,30.240289572372372,6905,4
Extra Trees Optimized,bd6f0e19,6.911349446501881,5.72548186191565,6979,3
Extra Trees Optimized,bd8f847e,9.568759650761349,7.633305956978309,6161,2
Extra Trees Optimized,be063506,48.24297898334868,19.794384330904855,6539,5
Extra Trees Optimized,be35c8f2,98.19879041951313,85.58424460377651,5898,2
Extra Trees Optimized,be83e781,26.79281341866196,22.903673247054204,4776,2
Extra Trees Optimized,beda8696,3.283977541430506,2.3075947653098203,7868,1
Extra Trees Optimized,bf39bc20,3.066041366118672,2.4769464825685605,5047,5
Extra Trees Optimized,bf70b410,13.737991576624962,10.72264968105303,8000,3
Extra Trees Optimized,bffe3082,354.1196899057692,340.34783685709147,7186,5
Extra Trees Optimized,c03b9305,30.36737033390143,23.748476133349723,6067,5
Extra Trees Optimized,c03d4aed,8.063750060132813,6.278147251863559,6375,2
Extra Trees Optimized,c03fba65,33.002684527211265,28.216355268699857,5669,4
Extra Trees Optimized,c07fd0cd,17.756083277135048,15.547744250589176,6035,4
Extra Trees Optimized,c1708b88,84.36541872272446,72.07080336488191,7960,5
Extra Trees Optimized,c1d046f4,20.051323581237,16.994063286001417,6917,2
Extra Trees Optimized,c2717d4f,28.995080555845426,23.29463414179208,6682,2
Extra Trees Optimized,c2c4db09,20.8316359639394,8.002342017498922,7851,4
Extra Trees Optimized,c2c6fc71,84.90469607095203,60.071353441473015,8840,2
Extra Trees Optimized,c36625df,178.64066922344622,149.66853462677693,6386,5
Extra Trees Optimized,c3957531,57.900358745316346,41.798906412616105,7254,5
Extra Trees Optimized,c42fe306,14.660052989717341,10.56850799099628,7023,5
Extra Trees Optimized,c43812e2,22.484505564247463,20.39627430854007,7293,4
Extra Trees Optimized,c472c0b5,18.39525543709998,13.928127356098791,4867,5
Extra Trees Optimized,c47e0767,8.559633058477734,5.573302462982001,6099,1
Extra Trees Optimized,c50b42f6,9.756046591896087,7.079925983102327,7920,2
Extra Trees Optimized,c593337f,143.71158185567896,138.409691417844,7118,3
Extra Trees Optimized,c59b6c4a,11.329302525755168,9.377007199479245,7460,5
Extra Trees Optimized,c66be2b8,137.50789971929058,109.9815785527874,6207,5
Extra Trees Optimized,c6797dd7,6.381339318626971,5.1593892206001,6281,2
Extra Trees Optimized,c6b782a4,13.982643003607686,11.685247058908539,6675,4
Extra Trees Optimized,c6c96179,53.43212166760085,45.18269176704478,5813,1
Extra Trees Optimized,c70c0e01,22.345772425196095,18.05332742109141,6057,2
Extra Trees Optimized,c84c65be,91.77543823514318,68.81779247109026,10243,1
Extra Trees Optimized,c8d9680c,338.5728341332601,295.71285112951847,7741,2
Extra Trees Optimized,c908edd0,16.719731943082106,14.299291148869505,6751,2
Extra Trees Optimized,c9578d27,10.647213628764469,9.10287261293478,6202,5
Extra Trees Optimized,c96c018a,25.01286448096383,11.829996363795246,7679,4
Extra Trees Optimized,c99f9fae,98.22561901651335,82.75600591393594,8394,4
Extra Trees Optimized,c9e6734f,29.588103073938633,26.122270436909904,6388,5
Extra Trees Optimized,c9e980e8,200.27594458504933,149.95477843943638,6262,3
Extra Trees Optimized,c9fedcf3,23.267634711502826,20.696633652473924,5210,3
Extra Trees Optimized,cad13e8f,4.6557149623514915,3.5816668559968274,6866,3
Extra Trees Optimized,cb34231f,25.292674301842844,20.5307620769931,7510,1
Extra Trees Optimized,cb879f40,320.4206672504658,291.05625468340526,7904,4
Extra Trees Optimized,cbb406b5,187.15648010328,153.51051484377652,8135,1
Extra Trees Optimized,cbe51de1,542.8958358935424,490.65115267521986,5362,2
Extra Trees Optimized,cbe62450,335.23148807293234,302.47301898016605,7858,4
Extra Trees Optimized,cc08aa63,7.541325600922298,5.475996359444206,5018,4
Extra Trees Optimized,cc8a1d57,12.056200056231525,10.345665006266012,8321,2
Extra Trees Optimized,ccedb12b,4.18600229388428,3.5873984024184247,6427,2
Extra Trees Optimized,cd7f1687,11.72725728446117,10.039810520556102,5981,3
Extra Trees Optimized,cda7eb37,6.148085656923142,3.7371249086065825,7620,3
Extra Trees Optimized,cdc31d65,25.370253612416946,19.279814391871547,6608,1
Extra Trees Optimized,cdc60a53,3.6859181311595726,3.1189295913804527,7631,5
Extra Trees Optimized,ce55ba43,48.91156255233956,41.986955417304266,5658,1
Extra Trees Optimized,ce8399b7,28.36227283580102,22.934454569995363,3548,1
Extra Trees Optimized,cf50c9d1,11.906441976022986,8.3144322187128,6634,3
Extra Trees Optimized,d00e7eb9,112.28863202294238,91.87267505576844,7321,4
Extra Trees Optimized,d011f41b,3.2268792926114576,2.468358542433026,3906,1
Extra Trees Optimized,d07aed8f,114.82568518332869,102.86317604522954,4709,3
Extra Trees Optimized,d085e611,17.713384654146854,13.748095813554109,7852,3
Extra Trees Optimized,d0a0e7b5,27.938542369984585,15.52684236525459,5423,4
Extra Trees Optimized,d0a43760,34.093317240960225,27.912793251698414,5502,4
Extra Trees Optimized,d0cb63ae,6.152322050008228,4.860721265376203,6859,3
Extra Trees Optimized,d114d9c2,2.966166522688782,2.074022970199455,7543,2
Extra Trees Optimized,d1457cc5,11.579390592342309,8.480424633409454,8443,1
Extra Trees Optimized,d1ecf309,60.854229932904495,42.4571153571286,7864,2
Extra Trees Optimized,d1ee630d,35.62291085653819,32.50386529453592,7879,5
Extra Trees Optimized,d217e0c5,11.03031721152156,9.589381414710772,5713,5
Extra Trees Optimized,d24ff243,7.70276101328085,5.887540284431655,7116,3
Extra Trees Optimized,d273674e,21.68702162647113,16.210202008371287,5738,3
Extra Trees Optimized,d2f3b1ab,19.402356298877653,14.43558476714992,7018,3
Extra Trees Optimized,d3df146b,17.915238539060894,16.690213517823114,7252,5
Extra Trees Optimized,d40f61d5,3.3579102993178522,2.697145413069992,5880,1
Extra Trees Optimized,d41beaf2,16.11060085224319,13.820316467739625,6592,4
Extra Trees Optimized,d463e527,63.69772708370511,56.783799939518,6991,1
Extra Trees Optimized,d4f60a28,7.19469205580671,4.600954076467161,6435,5
Extra Trees Optimized,d50c649a,20.9532008222837,17.388404446135187,6548,2
Extra Trees Optimized,d543916f,34.51950147527199,24.930205696721213,6281,5
Extra Trees Optimized,d5df0ff5,99.49594306070476,59.92162217091808,5490,2
Extra Trees Optimized,d60430e6,235.33573510428917,209.55390579933913,4176,2
Extra Trees Optimized,d63196fe,3.5274388183197645,2.8302440883096467,5881,5
Extra Trees Optimized,d6c320d9,19.411103130783296,14.378276872064376,6946,5
Extra Trees Optimized,d6dd7330,7.212848928612225,5.835994559033544,7660,2
Extra Trees Optimized,d7ba4f9d,28.005575125633,24.217284083416384,7771,5
Extra Trees Optimized,d7eb0be8,18.404739154671443,15.47386966769406,7208,2
Extra Trees Optimized,d84b621b,14.058779497940861,9.464626310604466,5746,5
Extra Trees Optimized,d90aa14c,109.21401563698949,82.44121848025806,12141,1
Extra Trees Optimized,d924e971,139.4043362316861,106.23161553233084,5308,1
Extra Trees Optimized,d9ae59b2,91.18412540211446,75.94870337149099,5150,4
Extra Trees Optimized,d9d6d94d,12.274102846657184,10.999836655093995,6660,3
Extra Trees Optimized,d9eca87b,11.27076843184494,9.107119392265263,7932,3
Extra Trees Optimized,da2d4d7c,40.32741284883277,38.145084720907256,3567,2
Extra Trees Optimized,da3bfe4e,11.996331791284177,8.50680804306357,7107,2
Extra Trees Optimized,da3cf798,35.53783651544,27.2118430079933,7591,1
Extra Trees Optimized,da940160,11.667911524110224,8.65375198173421,6792,5
Extra Trees Optimized,dafc88c3,9.417373712603416,7.257241276148494,7187,1
Extra Trees Optimized,dbee6c86,8.994720593222466,7.3047266587369215,9114,4
Extra Trees Optimized,dc5fbe29,10.499358002716292,6.678649041857233,6555,1
Extra Trees Optimized,dc7da28f,4.00463504085062,2.6318550499805897,6672,5
Extra Trees Optimized,dc7f9757,22.14328722581852,19.325951451312537,6203,3
Extra Trees Optimized,dd168de0,137.41043635960935,116.89918208220423,5095,2
Extra Trees Optimized,dd64382d,7.939921768139506,6.004702162051741,5058,3
Extra Trees Optimized,dd6bc5b2,15.403145657794212,11.319224887708792,5764,2
Extra Trees Optimized,dd7d638e,4.899450196939615,3.7354532441477253,6046,1
Extra Trees Optimized,ddc790ff,95.41036118502689,88.68914481798694,6468,4
Extra Trees Optimized,df71d1ff,53.845172183110705,26.495262433377953,7879,5
Extra Trees Optimized,df73b8f3,32.83786784667432,28.26393149298102,7150,1
Extra Trees Optimized,df8290be,18.210432945542827,14.534183328948366,5675,2
Extra Trees Optimized,e0079ed1,74.71818677331237,65.65240184073637,5257,3
Extra Trees Optimized,e03b45fd,16.492559815625047,12.60550864189226,7083,1
Extra Trees Optimized,e0f36d98,29.621599089124377,26.554100046459798,6714,4
Extra Trees Optimized,e149204f,2.445912823915611,1.76151850765013,7549,5
Extra Trees Optimized,e14d641e,19.865674340130724,17.017725523625806,4978,4
Extra Trees Optimized,e161bd0c,27.57069457090125,19.843696664568913,4813,5
Extra Trees Optimized,e201fd6d,25.37446610637998,19.901414303213087,6912,1
Extra Trees Optimized,e25f1537,88.65496076663501,73.42221436897216,5018,1
Extra Trees Optimized,e2fc7745,79.35740192736958,42.58624472120791,5343,3
Extra Trees Optimized,e32da4ec,73.42854998576027,52.54749542235207,6148,1
Extra Trees Optimized,e3b34f5b,144.91561119509547,122.45806558556554,7293,3
Extra Trees Optimized,e45a2a62,13.312483844039917,10.740501137198985,6697,3
Extra Trees Optimized,e46f4ef4,98.515951170231,88.40193758475831,8930,4
Extra Trees Optimized,e4726608,11.221934285900145,8.237282583805184,6268,4
Extra Trees Optimized,e5864244,15.063242615613534,10.527199988615957,6037,4
Extra Trees Optimized,e5c92e59,24.406133234656483,16.149528731918632,5927,1
Extra Trees Optimized,e5ff9fd2,332.2633059851116,315.6301633062311,4198,1
Extra Trees Optimized,e6c55748,10.356920058468726,8.73211243248626,5959,1
Extra Trees Optimized,e730c32b,328.8941447133172,309.867213670186,6469,4
Extra Trees Optimized,e737965a,116.23057751643536,97.23593640468997,7694,3
Extra Trees Optimized,e748dd88,12.366925297886503,5.160296792927013,6264,1
Extra Trees Optimized,e7818f7a,146.6021090346055,80.49345971816619,6829,5
Extra Trees Optimized,e7c36e81,5.044931894394421,4.0832747345763005,5655,2
Extra Trees Optimized,e7d0c1de,27.23394962687407,21.954631940625525,6455,3
Extra Trees Optimized,e85074c5,15.936293254734535,13.451361256777254,7236,3
Extra Trees Optimized,e97032ad,12.386418602464854,9.423565538566853,5654,3
Extra Trees Optimized,e9949a23,4.447340826555944,3.3590507202857327,6407,3
Extra Trees Optimized,ea0b99b7,372.7316991504113,369.04114745266827,10939,2
Extra Trees Optimized,ea3a0e38,10.998583980220152,8.30827522743469,11794,3
Extra Trees Optimized,ea41324e,9.340818194923356,6.819582227296813,6839,5
Extra Trees Optimized,eabc711b,64.2371653034653,47.6036032084448,7314,4
Extra Trees Optimized,eac10e86,12.09337009712567,10.343015475561737,7501,4
Extra Trees Optimized,eafb863e,6.8115698096589705,5.133040807804185,5317,1
Extra Trees Optimized,eb06a4e7,51.37037776552407,29.597779613476565,6379,4
Extra Trees Optimized,eb640a35,63.13911716588108,47.86902324948171,7782,4
Extra Trees Optimized,eb934281,112.93441154818913,103.66073646106935,7812,5
Extra Trees Optimized,eba6605e,26.117896655515036,19.372815151505367,5719,4
Extra Trees Optimized,ebe69318,42.84251963315756,36.85060743919848,6718,3
Extra Trees Optimized,ec0d597b,53.341609007085914,44.3084563453617,6452,1
Extra Trees Optimized,ec13af42,27.621800694852798,16.52012941570095,7362,1
Extra Trees Optimized,ecdab904,20.62067644246646,16.623965713029488,8176,2
Extra Trees Optimized,ecdaf714,157.90968845406118,97.76675665062123,8240,5
Extra Trees Optimized,ed6436d6,22.92986477317871,18.477036397572384,5027,1
Extra Trees Optimized,ed6e6e54,9.283533548932262,7.034291515970727,7385,3
Extra Trees Optimized,edf885a3,17.559616239052605,16.001099633724415,4863,4
Extra Trees Optimized,ee0300f7,66.75748239935898,54.25128231962638,6161,5
Extra Trees Optimized,ee288beb,102.85071673278404,94.49235924762641,6190,3
Extra Trees Optimized,ee4aecac,16.971686657084256,13.451201272102233,6596,3
Extra Trees Optimized,eeda36f5,12.019027322718685,9.380811445042431,6198,2
Extra Trees Optimized,eeed308d,6.4209771174648145,4.8012511576805545,5503,1
Extra Trees Optimized,ef04658e,9.77195671593915,7.713719407422127,5664,4
Extra Trees Optimized,ef8e3ed0,9.511635601840602,7.176586262496757,6637,4
Extra Trees Optimized,efde6ac3,14.768106986018182,11.414769942366792,6220,4
Extra Trees Optimized,efe96181,106.52449889713199,90.3220210480384,5464,3
Extra Trees Optimized,f0188a48,33.92920135153019,29.62838024804346,6139,1
Extra Trees Optimized,f021b650,75.92490908427408,72.03243479385888,5610,5
Extra Trees Optimized,f03f10fe,4.564558183541295,3.5847537917513046,5823,5
Extra Trees Optimized,f053a1b9,23.46734264802896,17.498115015739945,5952,4
Extra Trees Optimized,f074d277,165.2443698846491,161.50589437576846,3868,3
Extra Trees Optimized,f07d7037,16.070238964224927,13.38678241709945,7688,1
Extra Trees Optimized,f08774c3,6.276412670791176,4.89919422312982,5645,3
Extra Trees Optimized,f140c2fa,5.979815538298782,3.636787759401672,6024,1
Extra Trees Optimized,f16e25e3,4.229498523114377,3.4247533414863303,6585,3
Extra Trees Optimized,f2d4c8c9,15.237853637577475,13.012006367608269,7908,2
Extra Trees Optimized,f321a31c,8.375128103806725,6.580680333608065,6555,3
Extra Trees Optimized,f40cd091,43.62926263614552,22.37541812114911,6776,4
Extra Trees Optimized,f439a621,10.688031956602748,8.736046078899047,4695,1
Extra Trees Optimized,f49fdea3,54.55782264531488,42.692477613170134,7027,2
Extra Trees Optimized,f4d12d23,6.072653059030606,4.795049827170896,5448,5
Extra Trees Optimized,f56d3ace,53.76149519804541,41.49789191276551,7383,4
Extra Trees Optimized,f5859199,98.82812071733832,91.37038109361158,7438,4
Extra Trees Optimized,f5d8aab6,23.0801257652874,14.74027241567477,6576,5
Extra Trees Optimized,f631da6e,15.471387454025804,11.64310190801654,5604,3
Extra Trees Optimized,f6824bb0,5.972192034879299,3.9304673158244494,6864,2
Extra Trees Optimized,f6bc699b,16.51844373386639,11.814415794039478,5501,3
Extra Trees Optimized,f6d009f4,29.815922002745232,23.298784554200036,8003,2
Extra Trees Optimized,f72b268f,7.124477419379289,5.898590102727508,7918,5
Extra Trees Optimized,f8662c22,18.7522628032842,15.399107177579515,6957,2
Extra Trees Optimized,f88ddb26,31.841931196130606,27.777808225487885,6585,4
Extra Trees Optimized,f8afa78a,9.387203483027857,8.149981553961814,7367,1
Extra Trees Optimized,f8f59188,20.63913670047208,16.320789930237602,6740,5
Extra Trees Optimized,f9fc81aa,7.4038593768578735,5.931134009247903,7113,1
Extra Trees Optimized,fa16d114,19.151881615124665,15.166972802739895,6928,5
Extra Trees Optimized,fa31da94,49.06878441583211,44.00358501811216,6681,5
Extra Trees Optimized,fa667be2,2.3452248651518506,1.7610792274671492,8798,1
Extra Trees Optimized,fae0c593,23.70513036406739,18.298975066068824,6147,4
Extra Trees Optimized,fb03ae90,26.537789676745295,21.39407040428272,8129,2
Extra Trees Optimized,fb0904bd,19.58576147815114,15.20474190667702,5087,4
Extra Trees Optimized,fb3848a1,101.46855933507852,81.2628705703605,7859,3
Extra Trees Optimized,fb73b13a,98.24460700590306,80.39674863232109,7465,1
Extra Trees Optimized,fba7683c,14.166523680758534,12.57129596516953,2058,3
Extra Trees Optimized,fbd68d27,15.901501305887747,11.303069496039509,8552,1
Extra Trees Optimized,fc03f21f,10.812497517239587,6.834892028800334,6202,3
Extra Trees Optimized,fc0d20b2,15.474138136316096,12.140522525754129,5308,4
Extra Trees Optimized,fcfcc902,28.271113521718274,25.715595154529,4665,3
Extra Trees Optimized,fd3b4faa,38.97342373983363,31.842876072582936,6956,1
Extra Trees Optimized,fd710aea,5.594366035323432,4.353684786150448,5960,4
Extra Trees Optimized,fd8f77fa,38.891378840943844,22.41919978715002,6756,3
Extra Trees Optimized,fde20ecf,10.095864398158545,9.034847826180526,6386,2
Extra Trees Optimized,fdfd57da,10.260503556107293,6.75239979695482,7364,5
Extra Trees Optimized,febb4411,9.296044616160136,7.077401474536727,6275,3
Extra Trees Optimized,fef8af96,41.36532407533926,35.884931284833904,5068,3
Extra Trees Optimized,ff0aea78,63.678560394065165,45.03580237972714,4976,3
Extra Trees Optimized,ff8bb73a,33.47948699861393,27.844574477505663,7670,1
Extra Trees Optimized,ffefef30,17.13615814851693,12.629194701689732,6421,2
XGBoost Optimized,000d7d20,36.22483488810936,30.975898777946096,5278,4
XGBoost Optimized,00bbac68,48.01011089969202,41.88013290758519,7559,2
XGBoost Optimized,00e12e8b,21.710078338403502,16.018389626409785,6384,3
XGBoost Optimized,015fe0d2,28.077363478917373,21.819208954831808,5950,1
XGBoost Optimized,01869cd4,15.975511025724533,12.258238195711737,6850,4
XGBoost Optimized,01982c1d,136.7749161337989,120.61405325700272,5587,2
XGBoost Optimized,028d7b28,67.25627827301635,59.710631271340546,7761,1
XGBoost Optimized,02e7fe5a,28.59269485463742,26.76167904099534,6888,1
XGBoost Optimized,0390d174,45.64820833880782,31.626326703614026,6101,3
XGBoost Optimized,03a935ae,22.723174154273007,18.52891338353564,4430,2
XGBoost Optimized,044af7d1,67.4601955925194,60.36224075299764,6067,4
XGBoost Optimized,0498acab,13.713794631512858,11.414425729020968,6432,4
XGBoost Optimized,052d64df,13.946688741343227,11.599690487132321,4590,3
XGBoost Optimized,05948241,14.289881505496309,10.65874586202334,5428,5
XGBoost Optimized,059c8f24,591.5551810057746,550.2925332163117,7998,4
XGBoost Optimized,05a0ee4d,221.66295412045622,206.21392466664292,6098,5
XGBoost Optimized,060ab2b8,60.61665846955321,38.16440842147119,7818,2
XGBoost Optimized,06df5958,83.31698524266193,71.62373700759092,5039,4
XGBoost Optimized,071d7b45,193.19283087562488,162.88905115366776,4720,2
XGBoost Optimized,0849b4e2,176.77887458348,164.7271754912754,7436,2
XGBoost Optimized,084d66f9,22.708994679490303,18.29975590792558,5632,1
XGBoost Optimized,08fecf00,178.60232745922724,168.01658865947854,7405,5
XGBoost Optimized,09053135,38.10126196796165,32.556170518065535,7715,4
XGBoost Optimized,09441b8d,8.293783536628453,5.1799558876352325,7395,1
XGBoost Optimized,0955cd6c,30.77290335220774,28.875686540570047,7125,4
XGBoost Optimized,09ec2ca9,13.516287545766527,10.591077743561526,7824,1
XGBoost Optimized,0a57a29c,8.470771182866432,7.170753117832512,7194,4
XGBoost Optimized,0bbf5e67,29.71735645439653,23.645313834252104,6031,3
XGBoost Optimized,0be01c24,24.01284449071631,21.79739398981976,6385,4
XGBoost Optimized,0c1b160c,39.61183853304317,34.01641558799724,6714,5
XGBoost Optimized,0d99f8e4,71.29615703182351,56.17036044789465,7522,4
XGBoost Optimized,0dc5e64d,239.04669336168772,214.36905078314274,6191,1
XGBoost Optimized,0dc835f3,124.79721985924688,115.26118760655413,5279,2
XGBoost Optimized,0dd99dc5,33.89328079955628,25.102628048593754,9182,2
XGBoost Optimized,0e5e560d,152.81557471443702,121.40665027094812,4896,2
XGBoost Optimized,109d9d70,32.41536753105379,27.378422999273717,5851,4
XGBoost Optimized,10a1281a,65.88252486573556,60.214390565500594,7353,5
XGBoost Optimized,10b89021,32.28474062670529,29.519923368598114,7166,3
XGBoost Optimized,10be2420,13.28388450720662,10.683531571328999,5203,2
XGBoost Optimized,113011eb,25.829809681982713,20.990392457794425,4561,2
XGBoost Optimized,1131525f,75.03628762983053,69.87984144765021,5548,5
XGBoost Optimized,11d0f5ac,15.879281249114548,12.175727592652468,6378,3
XGBoost Optimized,12203f2a,53.35925714412346,43.90314474648129,4991,1
XGBoost Optimized,122bd617,24.63210828557882,15.808036292524875,6408,3
XGBoost Optimized,125be846,43.41203159666114,36.965278606607235,8033,1
XGBoost Optimized,1285a37b,64.66754620160414,55.79603799241029,7403,5
XGBoost Optimized,1295a25b,28.712556857825213,25.194095450831433,7037,1
XGBoost Optimized,12f0cd90,17.447854985280497,15.681786461487484,7431,5
XGBoost Optimized,137d1e44,16.6559128313488,12.947063017285775,6313,5
XGBoost Optimized,13ce113d,207.4043337898506,189.42061141025656,4875,1
XGBoost Optimized,13f598d9,19.763594592834206,15.546169557658903,8934,2
XGBoost Optimized,14a53cb3,10.019768490584449,8.414323836133153,8780,3
XGBoost Optimized,14ab73fb,12.198372351155871,9.735556272494781,5279,3
XGBoost Optimized,14ad5efb,19.546345629662532,18.07931802677003,7352,2
XGBoost Optimized,14fee784,18.96417820856191,15.430441492838824,6406,1
XGBoost Optimized,153552f5,20.047756986449883,17.026908020977498,6498,5
XGBoost Optimized,1550491d,186.428922393544,154.06579228553494,5929,4
XGBoost Optimized,155887bb,27.021839745312537,16.02263560141431,7062,4
XGBoost Optimized,1590af81,44.24040008527468,34.47425753620237,5231,1
XGBoost Optimized,15e154a1,7.8938419738265155,5.293253035093844,7699,4
XGBoost Optimized,1619e2ca,278.9284077896755,265.73114047270684,6002,4
XGBoost Optimized,16e4a047,14.16224137586185,11.529272993545547,5684,5
XGBoost Optimized,173ed841,30.59386627659349,24.27556163859118,6530,3
XGBoost Optimized,1770d7c6,18.006178978848666,13.892821677824537,9121,2
XGBoost Optimized,177622d7,64.60663276976577,58.71877641852005,4699,5
XGBoost Optimized,18d24f7b,5.459770674253775,4.182313155201627,6260,5
XGBoost Optimized,19137a89,36.559844478750676,31.19223009177099,7958,3
XGBoost Optimized,1944513c,48.102742314934545,42.50575984524159,6599,2
XGBoost Optimized,197f8a5a,19.80947143799523,15.405375886578636,8248,4
XGBoost Optimized,19871e7f,41.14113407454858,37.208903049409365,7152,2
XGBoost Optimized,198a5607,19.891791225465532,15.362789609780322,8094,4
XGBoost Optimized,19fb4f7b,74.55617074644248,62.2166385247067,7923,5
XGBoost Optimized,1a518997,11.905702655642646,9.522456305394249,6544,4
XGBoost Optimized,1a68190b,14.43748225927932,12.243063570584022,6502,1
XGBoost Optimized,1a730ac2,22.67508558315081,20.280102050700663,6049,2
XGBoost Optimized,1aaf1da0,27.50497092274549,23.21761815772812,6321,3
XGBoost Optimized,1b08ed48,10.68614129573232,7.97060881424222,7175,5
XGBoost Optimized,1b1c5372,11.590322444716076,9.125756195237027,5792,5
XGBoost Optimized,1b1eba53,46.73904534482448,41.975596392977046,6710,2
XGBoost Optimized,1b6ba517,16.12170912211402,13.695822984409581,8611,3
XGBoost Optimized,1b82b665,51.74872941300314,45.592365968435274,5364,1
XGBoost Optimized,1bcb2fcf,83.09978727659393,71.24882645593166,6202,4
XGBoost Optimized,1beca81d,76.95276043943528,57.451782031250126,6650,1
XGBoost Optimized,1d3fbf02,50.754139912773425,44.72972186801809,4252,3
XGBoost Optimized,1d78281a,22.983649319284368,18.940317473155204,6810,1
XGBoost Optimized,1e30dedf,74.11031244199611,58.40501286621977,5474,1
XGBoost Optimized,1e5e3573,26.496024780627764,24.09826811587859,7126,1
XGBoost Optimized,1f9afacb,25.649296833510647,21.878466699966197,7054,5
XGBoost Optimized,1fdbba44,22.20236257508608,19.99625185659455,6333,4
XGBoost Optimized,1fee2b62,240.5929731387578,215.10751068766814,6323,2
XGBoost Optimized,20096916,24.450638106748524,17.16237979764711,6880,1
XGBoost Optimized,200d233d,32.861684535024395,30.10208190007008,5896,3
XGBoost Optimized,201661b5,140.38752882327128,125.52659031810765,8136,1
XGBoost Optimized,203721ab,21.475668348967897,14.52577744363338,7235,2
XGBoost Optimized,20402d71,7.654417163634571,5.756280501260983,7930,4
XGBoost Optimized,2043abc5,49.158263564255705,34.95959450803186,8513,5
XGBoost Optimized,204cc64b,52.88019761911888,49.76926261814365,6454,2
XGBoost Optimized,206b6193,95.24109920889633,78.4687416066688,8568,2
XGBoost Optimized,2075c696,151.3761760013884,137.8910414636538,5580,3
XGBoost Optimized,22c5f93f,19.285548383256728,15.60464612841442,6919,1
XGBoost Optimized,230eaaa3,47.5328747541625,36.66425575371072,6451,4
XGBoost Optimized,2364716c,13.482389351482649,10.580417173139354,6093,4
XGBoost Optimized,23b9beb0,50.77376628759782,39.527152952573815,8790,4
XGBoost Optimized,24d8997e,7.0742027372628025,5.215751267950121,5188,1
XGBoost Optimized,25050f63,11.50457800278602,10.244522411119942,7155,5
XGBoost Optimized,25939962,52.085458761869766,36.16861249948518,6071,5
XGBoost Optimized,25fd32b3,40.642053590811365,28.462982575684745,4546,1
XGBoost Optimized,261785ee,84.45609385772089,78.2968723991404,5512,1
XGBoost Optimized,264feceb,9.98468817591825,7.742161604220116,7408,2
XGBoost Optimized,26623a50,149.48292832318614,133.97708789297522,7479,2
XGBoost Optimized,26d3a96a,18.17983807538926,14.553278609580476,6465,5
XGBoost Optimized,272abef3,210.31904839853465,194.34323266592952,5682,4
XGBoost Optimized,27300fd5,54.831168554176124,45.664267353354255,7386,3
XGBoost Optimized,276b012a,29.01598227094663,22.58110227532377,6291,4
XGBoost Optimized,27c3155b,12.011665773340493,9.179849850525933,6941,4
XGBoost Optimized,27ebb9b9,88.78994298927692,83.80084451787334,7651,1
XGBoost Optimized,283269ac,19.217092890687955,15.640426557025956,4567,5
XGBoost Optimized,28473855,173.76721532862794,147.15787772021324,6620,5
XGBoost Optimized,28f4eda9,7.949808027988757,6.676633755861607,6824,4
XGBoost Optimized,29b24409,6.476917642692569,5.391798070522202,7417,4
XGBoost Optimized,29de15c8,88.13705665099256,74.05681133811011,5164,5
XGBoost Optimized,2ab29395,17.537302952220703,14.884959175281978,3325,4
XGBoost Optimized,2ac7cb6b,23.779359098703736,19.94131406467996,6451,5
XGBoost Optimized,2acc78d4,77.37673436832095,66.4895871485719,6109,3
XGBoost Optimized,2b034622,21.186833025270857,15.999688880851474,6761,1
XGBoost Optimized,2b06ad65,17.780786875369564,14.381169150346148,5706,1
XGBoost Optimized,2b547943,40.26968350425225,35.405240023874626,5131,2
XGBoost Optimized,2be5c96a,52.224351859350634,42.895893732074654,5753,5
XGBoost Optimized,2bff06cf,49.68346214008379,43.59098214894004,9174,5
XGBoost Optimized,2c0c4a4e,10.93725603517286,7.992335802621326,6719,1
XGBoost Optimized,2cee0cba,150.656135444999,131.36124702304886,7335,3
XGBoost Optimized,2d0c268a,55.78803412416458,49.76329887750451,6289,4
XGBoost Optimized,2d179ded,12.849938306141329,8.481278844850909,9225,3
XGBoost Optimized,2d196986,11.257332350191023,7.304475502795758,8316,3
XGBoost Optimized,2d2d0c6b,96.92547860719965,89.79301983906286,6967,5
XGBoost Optimized,2d35f86d,43.483226030214375,30.41290566535907,6628,3
XGBoost Optimized,2d9f6cb9,11.834662515089338,10.270979886004596,8627,2
XGBoost Optimized,2ddad940,20.723927240138135,17.996444739063318,6812,3
XGBoost Optimized,2e29e833,50.575793602127256,43.50902893554431,7254,1
XGBoost Optimized,2e43c2ea,10.777848215890268,8.661597506888619,7349,4
XGBoost Optimized,2e63d9de,82.85182565462699,68.31677522698872,6505,1
XGBoost Optimized,2ee0235b,21.019902297910917,17.715897366188237,7256,4
XGBoost Optimized,2f19d536,126.7235063357415,124.89222137502621,4744,3
XGBoost Optimized,2f8e53c3,15.12731390355251,13.0783604902612,4133,4
XGBoost Optimized,2fa01aa6,38.065364923776364,32.23958774894755,3860,2
XGBoost Optimized,2fd68f7b,36.688744190960904,25.50435287621446,6381,2
XGBoost Optimized,2fe023be,21.40955234757664,18.274415719111055,6060,3
XGBoost Optimized,30d75030,46.879821907373646,34.95257464688549,5009,3
XGBoost Optimized,310c71a5,10.875236447631512,8.089110539943377,6988,4
XGBoost Optimized,32fe84c9,135.54096586281756,113.32031598849244,8163,5
XGBoost Optimized,33c40295,21.40857285641364,18.29036929683575,5989,2
XGBoost Optimized,3407f5bf,15.956686532475821,12.0356017199567,5309,5
XGBoost Optimized,3417285d,32.37003298916768,23.60468341462197,7458,1
XGBoost Optimized,347242c8,409.88423889730393,356.0746390041615,5437,3
XGBoost Optimized,353e5502,68.32023942199137,59.69852666988369,7901,3
XGBoost Optimized,357c12f9,54.972902775153095,45.02824444188681,5770,1
XGBoost Optimized,3584a6eb,19.51750855024469,15.24488606453257,6150,4
XGBoost Optimized,35b30c7f,118.75687741406175,103.35745830329428,11270,3
XGBoost Optimized,35b3ef6a,19.83799535687497,15.306767475974015,5736,4
XGBoost Optimized,367456ce,22.42148204403189,17.422105838433282,7312,5
XGBoost Optimized,368131f9,40.477079776449145,27.809355153538082,6568,1
XGBoost Optimized,368fe682,42.619895589043686,36.06408400385768,6416,5
XGBoost Optimized,3690a146,6.755245369482255,5.079330045239571,5761,4
XGBoost Optimized,37344c2a,115.78700470793943,103.03944320043554,6943,3
XGBoost Optimized,373ef48b,20.151782054034832,14.53578912979509,4992,5
XGBoost Optimized,374be387,24.967014811275096,21.610067404491886,11802,2
XGBoost Optimized,37d36812,28.611228638008445,24.85739939312583,6017,5
XGBoost Optimized,38991fd4,8.406481433749052,6.916933692226961,6545,5
XGBoost Optimized,389ae58f,79.04986022461054,74.38978462039704,8201,4
XGBoost Optimized,3932faa6,11.10802450835057,9.075089423939124,7388,4
XGBoost Optimized,398dce4b,11.632278004947157,8.424544502372635,5005,2
XGBoost Optimized,39b51819,148.82619159078754,125.00623161332643,6382,5
XGBoost Optimized,3a0af893,94.84064247954726,89.66146938114098,4580,1
XGBoost Optimized,3a223519,29.116967449456933,21.844060422523263,6581,2
XGBoost Optimized,3a7dd95d,533.329692515189,497.0964564254197,4320,4
XGBoost Optimized,3a824aa7,18.433997865943304,14.970805246125334,5678,5
XGBoost Optimized,3a86fe8d,47.418878295290924,42.03154173838833,6572,2
XGBoost Optimized,3aaa2b30,25.178108271573617,19.39235286214032,6396,4
XGBoost Optimized,3ac16ad0,8.63574115780142,5.930817919842785,7412,1
XGBoost Optimized,3b21ea64,55.210932391813,51.330312645899554,9103,1
XGBoost Optimized,3bbe1f5d,13.667554588869866,11.475764129131642,8184,3
XGBoost Optimized,3bfee975,26.381605176072796,25.031116029751246,5088,5
XGBoost Optimized,3c3dbcbc,26.348879038112198,24.342179321235957,6911,5
XGBoost Optimized,3d96d897,12.594179654645144,9.72501101860927,7147,2
XGBoost Optimized,3df4b19e,11.038733350747872,8.320016902833084,6658,4
XGBoost Optimized,3e011332,13.001108883692726,10.376273524628187,4842,4
XGBoost Optimized,3e678ea7,49.62498422410721,36.64449403399341,8737,4
XGBoost Optimized,3ef6372a,39.283618634355456,22.89628874020218,6666,3
XGBoost Optimized,3ef98781,19.518335487109056,16.526448127222434,5343,3
XGBoost Optimized,3f603129,41.65605149661302,35.13719604177725,6599,1
XGBoost Optimized,404c4384,13.768345773192605,9.507341895578023,2612,4
XGBoost Optimized,4121c517,44.38062546215916,37.9051751136674,5471,2
XGBoost Optimized,41fb0192,41.87105995834076,37.24659462558501,4381,2
XGBoost Optimized,42669188,23.8457471478599,16.55725136204771,6080,4
XGBoost Optimized,42c538a1,358.0543139308124,339.30962365635486,4762,1
XGBoost Optimized,43b06c70,26.4333719250625,19.717758772761833,6590,1
XGBoost Optimized,43c7f85a,5.414566608518958,4.0960901694449,7484,4
XGBoost Optimized,43e16325,176.26904007519872,141.99605083137288,5845,5
XGBoost Optimized,44441e54,16.161525947322914,13.723247673648439,5568,4
XGBoost Optimized,445af6c2,28.663322349232665,14.441237912017066,7998,5
XGBoost Optimized,4463446c,217.22129564455474,188.96551489149383,4729,4
XGBoost Optimized,44a94013,18.092242547450507,15.552522720271005,6492,2
XGBoost Optimized,45fb3e21,79.15970181100246,66.84445393041224,5626,1
XGBoost Optimized,460f859e,13.42504629801025,10.930222629591515,4982,3
XGBoost Optimized,4630ab92,110.7559404218463,90.2409509256641,5307,5
XGBoost Optimized,463c38f2,19.520597786424872,16.85397007533472,6048,3
XGBoost Optimized,4654e7de,43.61338378551731,25.8726427759451,7010,5
XGBoost Optimized,466fc788,27.57696376047633,22.512370259390572,7767,2
XGBoost Optimized,46a301e9,61.65344123762886,53.91125103126257,9962,2
XGBoost Optimized,46a7190b,23.219500198710097,11.92293732565095,5646,5
XGBoost Optimized,46d24a09,17.67925313221907,13.708762778407126,6123,5
XGBoost Optimized,46d41ff6,32.79596053786638,26.5462681213419,9226,5
XGBoost Optimized,46dfcfca,13.235728769142462,9.573580771502275,4921,1
XGBoost Optimized,47222616,14.642894034589503,10.981637331298279,5835,3
XGBoost Optimized,47ee27ab,35.69310185514192,24.236027267268035,8274,3
XGBoost Optimized,481de5fc,9.668530759051375,8.070814976564632,7694,2
XGBoost Optimized,48c1f673,32.28636638532981,27.51773781578184,4666,4
XGBoost Optimized,4936af16,28.99061583658905,24.9521411576384,5559,2
XGBoost Optimized,493b5b31,27.217102949279035,20.9074164048882,6884,4
XGBoost Optimized,49dbc14c,72.06944979850726,67.25816869168445,5198,2
XGBoost Optimized,4a035ec2,23.879914233911578,20.509421690139988,4522,3
XGBoost Optimized,4a335117,108.8673255171077,98.83324571224185,6727,3
XGBoost Optimized,4a8ecc0b,83.20967497553063,75.0391465527104,7374,2
XGBoost Optimized,4b462989,11.736772714865973,9.59434601229413,4738,2
XGBoost Optimized,4b831d20,26.374140747307298,20.286353149349353,9433,1
XGBoost Optimized,4c2208f5,22.935332862301927,18.68933177147995,7248,1
XGBoost Optimized,4c3168cf,59.53366205555673,43.342390167446425,5959,5
XGBoost Optimized,4c3df468,28.198488853480697,20.28954086991154,6903,3
XGBoost Optimized,4caa7289,18.113476373761067,16.649789339482265,6854,1
XGBoost Optimized,4cd1ac61,37.36494073229061,29.029572996627675,6709,1
XGBoost Optimized,4cecf7b3,39.09320006524635,34.265022024817725,7676,5
XGBoost Optimized,4ddde4c1,17.22963187533809,13.460782662264217,6417,4
XGBoost Optimized,4e050c92,11.475921482413778,9.575463893298707,5236,4
XGBoost Optimized,4ed93db6,8.064400861965403,6.306759953240506,6496,4
XGBoost Optimized,4f3eb9e9,15.412351272957382,11.990212910780738,5911,2
XGBoost Optimized,4f4ac5ce,161.10650874818668,144.89256698208087,6899,5
XGBoost Optimized,4f4afcc6,10.909785467951613,8.961453713329888,7184,1
XGBoost Optimized,4f69febf,16.484920904282216,13.609321616125557,7599,4
XGBoost Optimized,4fbe9c06,9.562541761762063,7.3037051160163315,7938,1
XGBoost Optimized,504c8b08,6.713205149244885,4.95260549605273,8012,2
XGBoost Optimized,511e1db0,203.88730035546052,160.95411463407893,5645,2
XGBoost Optimized,512943b2,7.574779412879639,6.4448396630837985,6681,2
XGBoost Optimized,5138a660,37.19323003776974,34.09931042432452,4829,3
XGBoost Optimized,516088b7,48.03537224282352,42.61493008753777,8300,1
XGBoost Optimized,521a7819,6.284627077797368,4.3338953920957906,7224,4
XGBoost Optimized,5254b6db,10.563326195182002,8.66824188966282,5115,3
XGBoost Optimized,529e88ca,69.04767639827872,57.25216928868034,5253,2
XGBoost Optimized,52f1e77a,18.310432354593832,16.594924372470395,6053,5
XGBoost Optimized,5305524b,8.931459012813434,7.235367920715945,6457,1
XGBoost Optimized,53134831,22.379775786557087,16.643738217355107,7214,5
XGBoost Optimized,5397ceb1,114.37459947323832,95.07651950314737,6811,2
XGBoost Optimized,53f23031,30.353799733302154,20.060409290747504,10200,1
XGBoost Optimized,543198e8,39.202976268549925,31.767230576382293,8311,5
XGBoost Optimized,54753541,29.432997624326553,25.501451881383094,5679,3
XGBoost Optimized,54a7e3c2,18.453620819770556,13.410469432962808,7893,1
XGBoost Optimized,5542c301,22.188638113206288,16.195753799121025,5433,1
XGBoost Optimized,5567d551,27.923167035681928,23.02019388781277,8390,5
XGBoost Optimized,55efee7f,7.638849871192214,5.786601633771083,6577,4
XGBoost Optimized,5663b2b7,6.938340352422853,5.611978970609551,6907,3
XGBoost Optimized,5693dde2,156.14914060063552,149.96973506661436,4846,1
XGBoost Optimized,56b00794,35.14624149632212,23.28142615350323,7293,1
XGBoost Optimized,57796579,12.09734217001675,8.803667242029587,7622,5
XGBoost Optimized,577eec7c,27.984343883976656,17.34863809572729,6085,2
XGBoost Optimized,57f05c51,13.386457125143023,9.72836231162208,6478,3
XGBoost Optimized,58850d2c,34.676950483590595,30.30796884034388,6918,2
XGBoost Optimized,58fa8486,10.580670843659956,6.380899049644934,6126,4
XGBoost Optimized,591cc951,8.480887319660857,6.279851961969552,6669,4
XGBoost Optimized,593876b6,74.78249517955653,63.314444644890685,6366,4
XGBoost Optimized,59f8b2e8,30.78255991730872,22.564805321541957,5668,1
XGBoost Optimized,5a1a8fd8,101.21873528944347,78.3259647933025,6814,1
XGBoost Optimized,5a5269a9,22.84420773894171,17.707764992471834,8053,2
XGBoost Optimized,5a5d1982,7.723572397910343,5.852804839561092,5446,1
XGBoost Optimized,5a63b5d1,30.19714220919083,27.461003132956247,8052,5
XGBoost Optimized,5aa03df7,36.9738435350726,33.26627775219368,6752,4
XGBoost Optimized,5aa403d0,18.78998721646075,15.285585995653358,4702,4
XGBoost Optimized,5aef5c6c,143.59343466444594,120.67018909856006,4853,2
XGBoost Optimized,5b7b6324,217.17081309116017,192.53580074550916,8197,1
XGBoost Optimized,5bd25f59,38.17760338646259,31.47510581980178,6120,1
XGBoost Optimized,5beded95,47.26132733795874,36.08086183530819,4779,1
XGBoost Optimized,5cb483ac,14.102558139775276,11.242711324673364,5206,4
XGBoost Optimized,5cdd8dbc,8.254009563166628,6.934847777832058,5751,1
XGBoost Optimized,5d11dfb5,30.141803644087428,27.499737765561733,7643,3
XGBoost Optimized,5d7198fd,71.52331607700118,61.11100555197271,4797,4
XGBoost Optimized,5def1ce5,13.915409681486256,9.311954458507847,7997,1
XGBoost Optimized,5eae34a8,117.49022254284226,100.88479113424516,6652,1
XGBoost Optimized,5f4d2a52,276.1688956869925,243.87389087106286,7112,5
XGBoost Optimized,5f6756c5,161.93261071736316,157.42225554451122,8064,4
XGBoost Optimized,5f75f796,14.139563893059174,11.020488766597904,7324,2
XGBoost Optimized,5fb1c15f,19.67969394997563,15.768661484069318,4857,3
XGBoost Optimized,5fffa282,35.31153928287387,31.72527317386119,6223,2
XGBoost Optimized,60e37807,11.76686952544143,10.052412288232594,4641,2
XGBoost Optimized,61f27424,223.89626171756788,208.23008355750227,8341,3
XGBoost Optimized,62569ae3,58.31045781583404,53.80948086071618,5242,1
XGBoost Optimized,62a6f539,8.985104901486892,6.751561563035476,5253,5
XGBoost Optimized,633774dc,27.980829386953904,22.740241847442736,7972,2
XGBoost Optimized,63559d57,29.64389068973845,22.560491992523648,5810,3
XGBoost Optimized,647f2a41,43.52788902649523,32.877217914667646,5836,2
XGBoost Optimized,65156b96,44.37378420798113,32.6776891736649,5046,2
XGBoost Optimized,653612bc,113.78424258638084,110.82728170724002,5946,3
XGBoost Optimized,656a067b,21.06937163563221,17.32696978400734,4896,2
XGBoost Optimized,65a5466a,16.64944586028134,12.739653948524573,6117,2
XGBoost Optimized,660d9546,34.770035147949606,27.771107243739714,6140,2
XGBoost Optimized,6767c111,28.18057281659607,24.32467890101311,8354,2
XGBoost Optimized,67847288,11.522630713133527,9.68630959862785,9174,4
XGBoost Optimized,67a8da4a,11.94743650165114,9.423945929740425,6645,5
XGBoost Optimized,684a6fc1,8.032547829377902,5.739282122073957,11449,5
XGBoost Optimized,698930d1,27.322558243750258,23.123748232629342,6498,2
XGBoost Optimized,699ea575,32.0506256681527,29.608015569339024,5474,4
XGBoost Optimized,69c1bdad,20.89581531540182,15.420852840756172,4645,2
XGBoost Optimized,69e41fa6,46.25096910982503,41.22582426943804,7167,3
XGBoost Optimized,6a0ff78e,9.305355772543924,7.390687534656278,7890,2
XGBoost Optimized,6a8fa194,45.56674203577463,27.077732521271784,4657,5
XGBoost Optimized,6ae68655,21.104506824447803,17.03739048314564,5948,5
XGBoost Optimized,6d1d74e1,14.929691475000853,11.355118639796242,7316,1
XGBoost Optimized,6d590e26,322.25007150428263,278.1060350516451,7842,2
XGBoost Optimized,6d6d93af,73.24993297228352,59.959299599434516,5305,3
XGBoost Optimized,6dbe4b60,24.558509874183557,23.094934958274138,6673,2
XGBoost Optimized,6e6d122c,35.09081830653685,15.227204276524786,7083,3
XGBoost Optimized,6e9ccd38,21.80025221020112,19.052091133109073,9619,5
XGBoost Optimized,6ea22614,19.06690703283456,15.208985582404246,7894,1
XGBoost Optimized,6ede926a,10.120378814209813,8.096929148259413,6621,2
XGBoost Optimized,708caea9,13.705049078258346,10.545425482823976,8482,4
XGBoost Optimized,70925e23,19.403894231967296,15.478898889486866,8072,3
XGBoost Optimized,70e1788b,42.27079672355445,31.53929339182937,11338,4
XGBoost Optimized,71642c7d,32.67831993585553,28.376308074442434,6657,5
XGBoost Optimized,71ccf778,27.707685455283777,24.04387484283733,4623,5
XGBoost Optimized,7224331b,17.632128216997028,12.568032160735564,7566,5
XGBoost Optimized,722cf0d8,14.833782269294234,11.705816720360746,7275,3
XGBoost Optimized,7256229b,19.081327405466443,13.736173247678211,6972,2
XGBoost Optimized,726f3dc2,22.158340841955663,16.076456085392714,8619,5
XGBoost Optimized,7271dd80,9.958814341991728,7.785103066728114,5765,2
XGBoost Optimized,727a3a10,13.226171900269238,9.770879990292846,6342,3
XGBoost Optimized,729665c0,51.95038848416607,44.79293841314924,5775,5
XGBoost Optimized,729e9750,6.593166518638785,5.272217263657886,7427,1
XGBoost Optimized,729f4217,13.276870844690135,10.575357211950143,7592,1
XGBoost Optimized,72dd8501,35.051094872775195,32.812170173345606,6928,3
XGBoost Optimized,73348914,31.922837039626312,27.523732145016186,5686,2
XGBoost Optimized,739a914f,75.10027913786634,59.0693355265406,7319,2
XGBoost Optimized,73b1447d,50.11574036980666,40.07311391273111,7522,1
XGBoost Optimized,74b6186b,14.48026425012792,11.434690155764255,5148,3
XGBoost Optimized,75c20ec7,100.66774907524619,85.7654586983867,7205,3
XGBoost Optimized,75cd5f11,16.176190700596834,14.193427999463855,6410,1
XGBoost Optimized,75d20a82,7.253777663532311,6.110783330878711,7002,2
XGBoost Optimized,76201745,20.70244165266751,15.732187740056265,5858,4
XGBoost Optimized,764072a5,10.06758870468454,8.06459581281283,4594,1
XGBoost Optimized,77b0d905,13.514947165290765,10.95721844398951,5923,5
XGBoost Optimized,77e4821c,91.59969660164242,82.25680062595579,6540,4
XGBoost Optimized,7850c72e,141.06126086153787,126.61516647148936,7712,5
XGBoost Optimized,78a4a386,42.983688557454165,37.3732990051134,6246,1
XGBoost Optimized,79507629,28.938123780065663,22.569241643186558,7320,1
XGBoost Optimized,796dbd4c,15.402920912086675,12.22829788871769,8069,3
XGBoost Optimized,7987f2f2,41.70549214897762,33.88368648412898,5714,2
XGBoost Optimized,7993a768,13.686669009299958,11.304021353279893,7047,4
XGBoost Optimized,7a5660b0,48.64071915291646,42.127806485186085,6936,4
XGBoost Optimized,7acda2df,19.67599940375576,17.534861873901463,4552,4
XGBoost Optimized,7b2c7b3c,21.175835405802708,17.807256170970106,4231,1
XGBoost Optimized,7b38844c,29.27090265805776,26.180259479627797,5197,3
XGBoost Optimized,7bb17b96,27.869420699373357,22.994522183368634,5295,1
XGBoost Optimized,7c607683,7.463847775348033,5.558109723164585,7001,3
XGBoost Optimized,7cbbd047,52.76126219002398,46.489240519145696,6790,4
XGBoost Optimized,7cd4bb31,6.901331780900972,5.457412785447318,7959,4
XGBoost Optimized,7d50373e,26.50220702015182,24.204254985370984,6494,1
XGBoost Optimized,7d57c75d,25.529980263435085,21.230974961109137,6147,5
XGBoost Optimized,7e208414,120.53725380957961,90.5502041104219,5732,3
XGBoost Optimized,7e721392,20.966839129024862,13.815220577716616,8301,4
XGBoost Optimized,7ff89f8f,21.913177681060684,13.315637072151127,9539,3
XGBoost Optimized,8050c789,30.878995409744203,19.638124857666988,4940,4
XGBoost Optimized,807f0298,50.305449079655844,45.66701545877673,5499,5
XGBoost Optimized,811f52b3,15.541504088445977,13.34166450498208,6674,1
XGBoost Optimized,81bf5923,16.10755805584253,12.33998657952947,6386,2
XGBoost Optimized,81fc01c6,22.071389812807592,16.98378326563509,7655,2
XGBoost Optimized,8255c867,12.48250905370918,9.190402845752105,5338,2
XGBoost Optimized,82aab6d2,34.69679213340562,31.033862478609375,7889,4
XGBoost Optimized,82fcf37c,5.379794105201115,4.443487905781127,7397,2
XGBoost Optimized,833af382,21.64509558769978,18.887084449681364,5377,5
XGBoost Optimized,8382f4b6,75.3739902883445,58.90861511742142,6680,5
XGBoost Optimized,84633df4,14.055909857283986,11.079830860944638,6719,1
XGBoost Optimized,8478df29,22.7490180578673,20.28376003097951,6698,4
XGBoost Optimized,84815d5a,51.842657853731325,48.12692487378204,5286,5
XGBoost Optimized,84c3b497,32.45993902116126,23.774818288759718,6887,4
XGBoost Optimized,85380836,7.269959255735639,5.795973251146716,8175,3
XGBoost Optimized,8612b37f,33.496161979605105,23.998839074206668,6807,3
XGBoost Optimized,861e71df,19.595886514955748,17.30508833197419,6284,1
XGBoost Optimized,86454a6f,102.55635015563914,87.87403756009624,9100,5
XGBoost Optimized,8648abae,128.9523830459628,119.21677493684264,6086,3
XGBoost Optimized,865033f8,6.882066573240603,5.114956473635272,5303,4
XGBoost Optimized,87695469,209.5837835309746,176.37913965001718,8654,1
XGBoost Optimized,877ed19c,627.8850121764092,568.7109691398617,5631,4
XGBoost Optimized,87aa3730,12.04891705657343,9.58253606840473,7293,5
XGBoost Optimized,884ecb5f,12.560577007713006,8.874841320112651,8054,1
XGBoost Optimized,8902c3f6,20.442021200919076,17.72854925235335,6533,2
XGBoost Optimized,896d15b9,98.11713156261858,86.40143431631712,5698,1
XGBoost Optimized,8995c945,33.03875023387755,28.395632766757004,8198,5
XGBoost Optimized,89969c7a,63.43436335188055,52.5305637998159,6317,2
XGBoost Optimized,89f1085d,97.3640437109078,81.9170794724141,7497,3
XGBoost Optimized,89f36adf,60.40103894310646,54.42874778085514,7041,2
XGBoost Optimized,89fdb2f2,13.109619202922428,10.904759027048268,3570,3
XGBoost Optimized,8a3da6d1,81.60992849673127,71.70574684367119,6334,1
XGBoost Optimized,8a89da23,19.58827486756525,16.478224005044943,5575,1
XGBoost Optimized,8a9c8932,26.3887777599267,22.447701118921547,6344,3
XGBoost Optimized,8ac2f237,30.16438344865031,25.314403361392902,6775,2
XGBoost Optimized,8b12bab6,12.92930105718398,10.584627020281113,6980,1
XGBoost Optimized,8b5be31b,26.569036548368807,15.388168032287709,7439,2
XGBoost Optimized,8b95d6d1,16.477406720798452,14.037574980910954,2783,5
XGBoost Optimized,8b9d8326,49.5801548865984,41.666129775081274,7832,5
XGBoost Optimized,8bb9c1e6,16.543899609260166,15.127748758715823,6382,1
XGBoost Optimized,8bda1a11,14.193304684838367,11.16136243466822,7438,3
XGBoost Optimized,8bfa881d,70.23940204464552,66.14499657710066,5843,1
XGBoost Optimized,8c167025,62.36396609530898,47.58264517323028,7113,4
XGBoost Optimized,8c8348e8,37.91527643944308,36.15486505554552,5581,2
XGBoost Optimized,8cc21f01,121.23690951742161,112.28428940024344,5806,4
XGBoost Optimized,8cc800b3,352.9378288039529,298.44073479599234,8091,5
XGBoost Optimized,8d5d46d7,16.1352516492002,12.84351760440972,7282,2
XGBoost Optimized,8d92cb49,27.165130424591393,24.465331962634203,4839,5
XGBoost Optimized,8f201368,6.182206119500393,4.60483580906483,8151,2
XGBoost Optimized,90386ee4,21.16042534328883,12.971600494614824,5304,2
XGBoost Optimized,91abc4c7,56.660670711235134,48.64057319591135,7787,3
XGBoost Optimized,91b301ce,35.15024189350452,27.863515115608873,8512,3
XGBoost Optimized,91db7070,303.55098447286076,286.62567758147344,5646,5
XGBoost Optimized,925a7cd1,26.496172542964846,21.30803697868606,6501,3
XGBoost Optimized,9283ae69,101.20786451215083,90.14276423285477,5118,2
XGBoost Optimized,9298ad5b,223.39319504958524,209.1960182349964,5807,1
XGBoost Optimized,9314ff13,30.215643684466468,25.31580371050279,4494,5
XGBoost Optimized,93209a3d,31.606858970893676,25.093386030505847,6300,1
XGBoost Optimized,939d9c34,125.0266365015734,109.10873908348437,6627,4
XGBoost Optimized,93f5d2e6,27.050544711261484,18.826835257626577,5171,5
XGBoost Optimized,940a48d9,22.258846348106783,18.03147709980889,5627,4
XGBoost Optimized,940e709a,125.49108500348137,113.05331111257277,4989,2
XGBoost Optimized,9426ec1e,40.1371118867351,34.862160177160206,3923,4
XGBoost Optimized,94467f50,69.85575636586361,59.74815709905194,5116,1
XGBoost Optimized,944f36b9,15.079040376217543,12.573398864695573,6035,2
XGBoost Optimized,94d813a4,20.394372818445238,15.662016350421073,6591,5
XGBoost Optimized,95b559e7,32.65072663146238,29.290254327363503,4638,4
XGBoost Optimized,95c8427f,9.197331011592583,7.1011819911734015,8051,3
XGBoost Optimized,96936c22,24.887064020061285,22.173753087790036,4997,5
XGBoost Optimized,96ae5806,343.4667236070793,322.5421315105295,11527,5
XGBoost Optimized,96b7eea1,35.329798838437476,30.993397479896643,6078,1
XGBoost Optimized,9719aa04,24.638914105398865,20.453025184030512,6665,1
XGBoost Optimized,974802e7,24.493733907004867,18.345597712742236,7537,3
XGBoost Optimized,97cd5bf9,13.200415753396724,10.173365036342945,5099,1
XGBoost Optimized,98177ced,29.841920174703855,26.447421483741966,6789,5
XGBoost Optimized,9896fc0b,24.982040163902013,19.32997048713052,5109,4
XGBoost Optimized,98bc6f66,13.121009896410749,10.63736957071739,7720,5
XGBoost Optimized,992c99e8,14.610095262181693,12.430728005610215,6740,2
XGBoost Optimized,992ce078,11.256578677429841,9.67813367403731,4661,1
XGBoost Optimized,99529c45,85.20299637909939,77.31399975093875,7591,4
XGBoost Optimized,995ff498,9.685347415595388,7.999136939978835,6127,3
XGBoost Optimized,999daf80,19.336537496710466,17.24700298193593,5439,2
XGBoost Optimized,9a6b0392,85.96945968078538,72.97405468346034,5802,3
XGBoost Optimized,9a8ae0d6,39.66722252300153,36.701995368339055,7835,1
XGBoost Optimized,9a95e33f,42.54195155842088,35.051034289365305,8156,4
XGBoost Optimized,9ab94eeb,141.74297638453245,120.89877740260107,6372,5
XGBoost Optimized,9ad5410a,29.007211005808074,24.53887568761956,5749,1
XGBoost Optimized,9ae248be,24.022600562345882,21.98622694402691,6655,2
XGBoost Optimized,9af1ffd0,14.732125769869734,11.372726689986598,5454,5
XGBoost Optimized,9b5b61c1,23.29105974339303,18.14884467580566,7215,1
XGBoost Optimized,9b9e3b49,277.26839848197795,250.27048425568194,6875,2
XGBoost Optimized,9bd2bba3,11.800341856293738,10.327149064768392,9092,3
XGBoost Optimized,9c211c53,66.09764417183722,35.49497275962724,8842,1
XGBoost Optimized,9c350a6a,319.19137720342593,297.82815040515925,7794,3
XGBoost Optimized,9c8375f7,8.38165707216381,7.120827784138055,5432,2
XGBoost Optimized,9d072e4c,70.74578909555235,55.88391000799882,6798,2
XGBoost Optimized,9d3ec64c,136.81322204834376,123.91851817272624,4937,5
XGBoost Optimized,9d4272e3,24.586031319649894,20.12248466876397,5771,3
XGBoost Optimized,9d5e14d4,9.874715074359642,7.158863670982459,6565,3
XGBoost Optimized,9da441ba,11.014889264266026,9.008747302150457,7283,2
XGBoost Optimized,9dede370,38.90400635538528,34.908055490373386,8057,5
XGBoost Optimized,9def2eb2,29.853890348365915,26.328026134072683,7750,1
XGBoost Optimized,9df1b1f9,123.63298177501203,119.26212094705332,6444,3
XGBoost Optimized,9dfff011,36.14705875799374,32.1764511457991,6067,1
XGBoost Optimized,9e3e364d,293.1379320426022,277.40209988003517,5809,2
XGBoost Optimized,9efc812e,18.18048003628902,12.798698981813487,6100,2
XGBoost Optimized,9f0c7bae,8.943743586424251,6.833694606667653,4040,5
XGBoost Optimized,9ffce529,11.146775793615655,8.873392772706067,6675,3
XGBoost Optimized,a0383629,104.1834121602462,90.44737238499266,7687,3
XGBoost Optimized,a056d01e,23.276105755132072,16.160149183701183,8292,2
XGBoost Optimized,a08d9e63,24.362149025471684,19.51562587156183,5199,4
XGBoost Optimized,a0b83014,41.51847596332906,37.39065939637,6873,5
XGBoost Optimized,a0e92ed6,175.4794074553774,159.5357214260783,6446,1
XGBoost Optimized,a15bc102,16.768823920897646,12.83201019406224,5124,1
XGBoost Optimized,a247e7cf,7.843799780248929,6.242830101604668,7237,4
XGBoost Optimized,a2e8e7f6,21.162630045622866,18.046049216599293,5812,2
XGBoost Optimized,a3518960,32.0746920982953,28.05943653237619,6992,4
XGBoost Optimized,a3f71395,14.306949906322602,9.690576388272413,7040,5
XGBoost Optimized,a4719920,22.60877530236022,20.534208368078843,7495,5
XGBoost Optimized,a48640d9,20.098213926271995,17.509828773866992,6586,5
XGBoost Optimized,a4cdbb0f,16.33676056224187,13.576489108272428,6759,1
XGBoost Optimized,a4f989c2,11.995034080006203,9.133116385562051,7024,4
XGBoost Optimized,a5aa7973,48.896512306484794,39.3020976483756,6449,2
XGBoost Optimized,a5e6f7dc,85.33098423907002,58.15562716865878,7331,5
XGBoost Optimized,a612d5a0,14.816871625692869,12.435583531555586,7160,4
XGBoost Optimized,a622ce4d,15.970752612010822,12.790536753798055,8047,4
XGBoost Optimized,a645da9a,55.98546563959479,47.44028317137142,6766,3
XGBoost Optimized,a692b17e,7.632617588483324,5.882360128951691,5409,4
XGBoost Optimized,a6b8ac67,8.866510459350664,6.088863268446258,7017,1
XGBoost Optimized,a6ed2eff,27.651698936765975,22.003870709438033,7054,2
XGBoost Optimized,a6f967fb,148.95222154707002,141.11676346745222,7032,3
XGBoost Optimized,a76db406,33.45398236695964,24.74042797386055,6451,3
XGBoost Optimized,a7744f5b,8.51680091197504,6.816791278876568,6017,5
XGBoost Optimized,a783cc24,122.97890479799334,96.94512811307263,3275,5
XGBoost Optimized,a79fd2e7,31.12694134992476,27.698697941362433,6327,5
XGBoost Optimized,a7fc3e6b,19.468061809404347,15.199537062215791,6378,1
XGBoost Optimized,a85bb86f,14.35068687509402,11.969675857843095,5100,5
XGBoost Optimized,a85e4bc3,34.05400233422936,18.128540778043178,5993,2
XGBoost Optimized,a87433c9,124.85645138265734,112.63364159894424,7460,5
XGBoost Optimized,a8ed028a,33.91247819586698,30.442455577761763,7310,3
XGBoost Optimized,a959858c,55.56047920121106,43.32927051965994,5770,4
XGBoost Optimized,a9c9b150,26.290763687250195,20.097105097300986,5826,4
XGBoost Optimized,aa95015b,12.27033615843861,9.750711810829273,5761,3
XGBoost Optimized,aaaf3c03,97.34084704853169,64.10740339301778,4728,5
XGBoost Optimized,aaeffccb,15.059525082723752,11.310613722470665,4586,3
XGBoost Optimized,ab112491,173.18344322645441,145.39132047358262,7178,2
XGBoost Optimized,ab18d3fc,66.35318103184474,35.477714558913746,7337,3
XGBoost Optimized,ab3ced07,23.513189514504568,19.822143808255532,6008,1
XGBoost Optimized,ab6fe95d,42.94192594497743,17.17506764905199,7424,3
XGBoost Optimized,ab94878e,16.63322991533463,13.375907074947788,7652,4
XGBoost Optimized,abf460d2,35.263889501559134,28.014138730513746,4763,3
XGBoost Optimized,ac6f01d5,88.46216535459422,62.421766665273466,6729,4
XGBoost Optimized,ad2133a8,21.555681382208007,15.863953160872015,7187,2
XGBoost Optimized,add9c322,24.281497827911053,19.0160330505979,5519,4
XGBoost Optimized,ae069086,11.167698070021581,8.746763502957576,6741,5
XGBoost Optimized,ae0784a8,110.87845277401023,95.37465537598122,9171,3
XGBoost Optimized,ae35f33a,94.77411778666009,87.26862935248867,6469,5
XGBoost Optimized,ae8959c3,29.458283293879152,24.113329335967006,6645,2
XGBoost Optimized,aed44918,92.37777997706236,88.42782568602316,4020,5
XGBoost Optimized,aee6393a,54.696214590906216,31.5934796837828,7146,5
XGBoost Optimized,af7a59ce,54.95199779127219,49.86567357101629,4330,5
XGBoost Optimized,aff4e561,9.633705906750818,7.680762899779794,7723,3
XGBoost Optimized,b04b58a3,84.30593726508111,72.82598771574405,5229,5
XGBoost Optimized,b0d42b0d,112.47499035975423,104.98115875584972,6357,1
XGBoost Optimized,b0f53bf4,182.35991019386776,171.13337207356633,4202,3
XGBoost Optimized,b19b0395,10.074858278151108,8.333494030972094,7196,3
XGBoost Optimized,b1efb8a4,38.43139887529805,33.13019835505663,7562,3
XGBoost Optimized,b32902c0,39.789705683531395,29.873992497984496,5737,2
XGBoost Optimized,b32e4903,10.939573707179985,8.863834410798436,7420,3
XGBoost Optimized,b3388334,36.79079887659523,32.79328648868813,7807,4
XGBoost Optimized,b37fd114,37.80758781904453,31.086310218360296,9786,4
XGBoost Optimized,b38e3116,15.718032277084026,12.965986983750378,7954,1
XGBoost Optimized,b4d8dd4f,18.162116644222035,13.482194434601988,5909,3
XGBoost Optimized,b4f37e6e,28.339062742199772,21.524621990650623,4499,4
XGBoost Optimized,b56bc0aa,7.4684564117331975,5.45280115605229,7431,4
XGBoost Optimized,b585b4fa,18.90078116827569,16.90471127349362,5999,3
XGBoost Optimized,b5aa9634,9.095980744917899,6.721962931933793,8747,5
XGBoost Optimized,b7974e66,11.693180914250279,9.893507229558976,7170,4
XGBoost Optimized,b7cdcecb,15.491417097287945,11.03289527456532,7620,2
XGBoost Optimized,b7fea9ef,23.893135409951068,18.660714510930507,5575,5
XGBoost Optimized,b85f7b06,453.9201948074119,416.1240108082706,5453,4
XGBoost Optimized,b881d27e,21.24194571923976,12.760495566887036,5442,3
XGBoost Optimized,b8c49c1a,23.1061665498494,18.331493762741836,6254,2
XGBoost Optimized,b95e7121,15.26356442430546,12.721371108348848,7492,3
XGBoost Optimized,b977be4a,10.709608661910563,7.90203275100067,7495,2
XGBoost Optimized,ba48188d,75.7822967654693,72.59645774981917,5534,3
XGBoost Optimized,bb2cdd83,11.367645184005319,9.838026995531873,5665,3
XGBoost Optimized,bb337fa0,28.63042314162935,23.53354308190582,8216,1
XGBoost Optimized,bb682ebd,31.778372950654372,25.998323065513823,5931,2
XGBoost Optimized,bc4381e2,16.71462929396664,13.95420801561354,6885,2
XGBoost Optimized,bcebcc5f,7.411252148736877,4.918797514735725,7889,3
XGBoost Optimized,bd2c2f34,50.1424735119277,37.31483886592687,11621,4
XGBoost Optimized,bd4ae5da,80.92852609465133,56.47416638192438,6905,4
XGBoost Optimized,bd6f0e19,8.340885272034333,6.623413247555239,6979,3
XGBoost Optimized,bd8f847e,19.05221178965163,15.792184887802405,6161,2
XGBoost Optimized,be063506,11.626460012798645,8.997619517271351,6539,5
XGBoost Optimized,be35c8f2,115.85806035440764,98.60421929308676,5898,2
XGBoost Optimized,be83e781,31.698310055257252,26.347386550264208,4776,2
XGBoost Optimized,beda8696,8.841691996898174,6.533778750754613,7868,1
XGBoost Optimized,bf39bc20,10.370866310296712,8.899273206855444,5047,5
XGBoost Optimized,bf70b410,14.987381115839181,12.408870727539128,8000,3
XGBoost Optimized,bffe3082,435.30162413224934,412.7299646882829,7186,5
XGBoost Optimized,c03b9305,30.789138765946518,24.10389354036191,6067,5
XGBoost Optimized,c03d4aed,14.979033977849358,12.97880654411773,6375,2
XGBoost Optimized,c03fba65,86.00766827067774,78.27616440564901,5669,4
XGBoost Optimized,c07fd0cd,31.23516121239808,25.588549845950606,6035,4
XGBoost Optimized,c1708b88,63.5118222949459,60.59789532624043,7960,5
XGBoost Optimized,c1d046f4,27.892732016673712,21.27538937694276,6917,2
XGBoost Optimized,c2717d4f,58.75145218976683,50.615350475157015,6682,2
XGBoost Optimized,c2c4db09,21.661501162589516,17.250140940445586,7851,4
XGBoost Optimized,c2c6fc71,21.893015922983352,18.825927385287,8840,2
XGBoost Optimized,c36625df,103.33862253127495,82.39573982637815,6386,5
XGBoost Optimized,c3957531,23.2040458905303,19.14769297542733,7254,5
XGBoost Optimized,c42fe306,27.890685128821605,20.509616872686127,7023,5
XGBoost Optimized,c43812e2,32.15506277846949,24.277967780534485,7293,4
XGBoost Optimized,c472c0b5,26.337944650511528,22.47398746500656,4867,5
XGBoost Optimized,c47e0767,17.62658433171624,15.171235416410386,6099,1
XGBoost Optimized,c50b42f6,10.351650542028791,7.484472222222241,7920,2
XGBoost Optimized,c593337f,292.34803754983193,283.3231158791969,7118,3
XGBoost Optimized,c59b6c4a,14.684181706894908,10.386234359291166,7460,5
XGBoost Optimized,c66be2b8,129.19555463014837,104.31179465346598,6207,5
XGBoost Optimized,c6797dd7,28.35606736726006,26.277093677857717,6281,2
XGBoost Optimized,c6b782a4,8.27988589284053,6.291750087780906,6675,4
XGBoost Optimized,c6c96179,59.22092964201134,51.91271582148839,5813,1
XGBoost Optimized,c70c0e01,42.24101586888842,35.27288216371567,6057,2
XGBoost Optimized,c84c65be,214.31058755548693,187.2848468695083,10243,1
XGBoost Optimized,c8d9680c,423.1251252586213,385.4210066327026,7741,2
XGBoost Optimized,c908edd0,44.575744718512006,42.25516843569458,6751,2
XGBoost Optimized,c9578d27,13.132181077551824,10.271715374072947,6202,5
XGBoost Optimized,c96c018a,7.0820523602989764,5.634402988263429,7679,4
XGBoost Optimized,c99f9fae,70.16403058613169,64.14047069056035,8394,4
XGBoost Optimized,c9e6734f,30.741936837712057,25.76036078389178,6388,5
XGBoost Optimized,c9e980e8,27.596305072033513,21.754292689286466,6262,3
XGBoost Optimized,c9fedcf3,18.40156832217562,14.082616812620003,5210,3
XGBoost Optimized,cad13e8f,18.431641256731414,11.314260913149969,6866,3
XGBoost Optimized,cb34231f,22.24648039731023,20.03299664509834,7510,1
XGBoost Optimized,cb879f40,384.94205318199914,353.4982764067243,7904,4
XGBoost Optimized,cbb406b5,150.72289992896074,133.77043156979883,8135,1
XGBoost Optimized,cbe51de1,439.04687042577444,402.90647848867036,5362,2
XGBoost Optimized,cbe62450,394.6365919529366,360.32608786924936,7858,4
XGBoost Optimized,cc08aa63,6.128150150894611,4.973838307094484,5018,4
XGBoost Optimized,cc8a1d57,25.412094862252804,22.313614978292744,8321,2
XGBoost Optimized,ccedb12b,11.242603408392387,8.61654757881782,6427,2
XGBoost Optimized,cd7f1687,16.948472832095522,14.024440644070857,5981,3
XGBoost Optimized,cda7eb37,9.72998937511678,7.454639164001048,7620,3
XGBoost Optimized,cdc31d65,53.55946325840906,46.16838242353007,6608,1
XGBoost Optimized,cdc60a53,5.368628164719528,4.125439838323955,7631,5
XGBoost Optimized,ce55ba43,47.949863773418066,37.93024333631577,5658,1
XGBoost Optimized,ce8399b7,35.32446143648386,28.462063838782452,3548,1
XGBoost Optimized,cf50c9d1,11.946475842247184,10.113216567822995,6634,3
XGBoost Optimized,d00e7eb9,122.05649847449101,110.59025168393993,7321,4
XGBoost Optimized,d011f41b,9.114901314229629,7.1408532446075945,3906,1
XGBoost Optimized,d07aed8f,104.25898805896807,100.44101531807425,4709,3
XGBoost Optimized,d085e611,20.31604075513839,14.651849996418191,7852,3
XGBoost Optimized,d0a0e7b5,18.357847911560192,15.348296887965677,5423,4
XGBoost Optimized,d0a43760,74.4210672490901,65.86378462519329,5502,4
XGBoost Optimized,d0cb63ae,19.62448056362691,14.673962950138508,6859,3
XGBoost Optimized,d114d9c2,8.658700308112131,7.059049460178336,7543,2
XGBoost Optimized,d1457cc5,30.688516076125598,24.246473081435916,8443,1
XGBoost Optimized,d1ecf309,89.06607306158872,55.80856749308545,7864,2
XGBoost Optimized,d1ee630d,31.645655808064756,28.541743390261978,7879,5
XGBoost Optimized,d217e0c5,6.904555817260735,4.686955593328869,5713,5
XGBoost Optimized,d24ff243,10.136814797746055,7.524089129031367,7116,3
XGBoost Optimized,d273674e,20.9495300438213,18.373073002897264,5738,3
XGBoost Optimized,d2f3b1ab,22.463537365529515,18.19481033146898,7018,3
XGBoost Optimized,d3df146b,38.426760953150215,34.882415211967505,7252,5
XGBoost Optimized,d40f61d5,6.599334740071698,4.955153140943851,5880,1
XGBoost Optimized,d41beaf2,11.159108610427761,9.135811986830692,6592,4
XGBoost Optimized,d463e527,25.576816280357956,20.570095625178798,6991,1
XGBoost Optimized,d4f60a28,24.106710765888746,19.49490553370246,6435,5
XGBoost Optimized,d50c649a,16.734704070319964,14.15730412077172,6548,2
XGBoost Optimized,d543916f,17.537347452806767,13.124961596730177,6281,5
XGBoost Optimized,d5df0ff5,45.01154013717253,41.39696678620233,5490,2
XGBoost Optimized,d60430e6,213.78705003286257,187.2618538879162,4176,2
XGBoost Optimized,d63196fe,11.257822338661136,8.520860158774063,5881,5
XGBoost Optimized,d6c320d9,18.121397954417148,12.937677153442493,6946,5
XGBoost Optimized,d6dd7330,8.618911085326772,6.835969520030948,7660,2
XGBoost Optimized,d7ba4f9d,32.628449136457085,24.430284506297543,7771,5
XGBoost Optimized,d7eb0be8,25.659501472112748,22.97339186385789,7208,2
XGBoost Optimized,d84b621b,9.73450318719808,7.129879284230351,5746,5
XGBoost Optimized,d90aa14c,87.6527506330876,68.3153433613377,12141,1
XGBoost Optimized,d924e971,114.38501773439889,99.62170709306717,5308,1
XGBoost Optimized,d9ae59b2,100.23793551181768,86.70357038834939,5150,4
XGBoost Optimized,d9d6d94d,25.58536851160647,21.635145164695842,6660,3
XGBoost Optimized,d9eca87b,16.034640152054397,13.991867598217752,7932,3
XGBoost Optimized,da2d4d7c,55.04711214247583,51.593609979499725,3567,2
XGBoost Optimized,da3bfe4e,9.159731131991531,7.385563517922575,7107,2
XGBoost Optimized,da3cf798,43.45346677655359,36.66526675298038,7591,1
XGBoost Optimized,da940160,7.790526931152868,6.348347527422052,6792,5
XGBoost Optimized,dafc88c3,13.085049967323961,9.779766510931273,7187,1
XGBoost Optimized,dbee6c86,15.306062468050794,13.546450751419647,9114,4
XGBoost Optimized,dc5fbe29,41.464667397741934,38.20892042691653,6555,1
XGBoost Optimized,dc7da28f,9.124431249499988,6.390349109384401,6672,5
XGBoost Optimized,dc7f9757,17.388335493725254,12.78132557457076,6203,3
XGBoost Optimized,dd168de0,101.21393447142691,91.31220716541966,5095,2
XGBoost Optimized,dd64382d,9.9289769757241,7.482387662490186,5058,3
XGBoost Optimized,dd6bc5b2,66.81160516267653,50.14806948977479,5764,2
XGBoost Optimized,dd7d638e,9.250216320626176,7.976005714005006,6046,1
XGBoost Optimized,ddc790ff,171.3322492315271,151.68825683291772,6468,4
XGBoost Optimized,df71d1ff,11.512477650446604,8.962136895743395,7879,5
XGBoost Optimized,df73b8f3,25.8508177278375,21.513511139641494,7150,1
XGBoost Optimized,df8290be,14.583180545300502,12.977520106002327,5675,2
XGBoost Optimized,e0079ed1,104.23051887786731,98.24472161374135,5257,3
XGBoost Optimized,e03b45fd,32.57894791603497,23.715287390362597,7083,1
XGBoost Optimized,e0f36d98,42.867075333329716,39.585707750362914,6714,4
XGBoost Optimized,e149204f,5.090685177615449,3.8725090347231297,7549,5
XGBoost Optimized,e14d641e,14.083146422868337,12.627349949151395,4978,4
XGBoost Optimized,e161bd0c,50.812910007659404,46.84454313999855,4813,5
XGBoost Optimized,e201fd6d,134.21680180987025,129.0793236965602,6912,1
XGBoost Optimized,e25f1537,70.39151616532831,59.1724795034751,5018,1
XGBoost Optimized,e2fc7745,28.12633816221396,22.632029232173,5343,3
XGBoost Optimized,e32da4ec,120.92747567716756,100.55146950736024,6148,1
XGBoost Optimized,e3b34f5b,129.3078676438648,120.60897884743949,7293,3
XGBoost Optimized,e45a2a62,10.301348627119962,8.823970434522982,6697,3
XGBoost Optimized,e46f4ef4,50.933882369631064,44.450016574223135,8930,4
XGBoost Optimized,e4726608,36.32346848952033,26.87274660228543,6268,4
XGBoost Optimized,e5864244,37.1579232015293,32.97174993788316,6037,4
XGBoost Optimized,e5c92e59,20.28479070981598,16.511876113811798,5927,1
XGBoost Optimized,e5ff9fd2,312.5769889806678,289.9516894019472,4198,1
XGBoost Optimized,e6c55748,15.660071459058738,14.03708252485746,5959,1
XGBoost Optimized,e730c32b,509.30577049705175,488.4589612478743,6469,4
XGBoost Optimized,e737965a,176.69470396477863,155.60763192605424,7694,3
XGBoost Optimized,e748dd88,13.195476266130468,9.301995286807543,6264,1
XGBoost Optimized,e7818f7a,84.28938139705524,63.53409311392598,6829,5
XGBoost Optimized,e7c36e81,10.786037441000333,8.797948738671437,5655,2
XGBoost Optimized,e7d0c1de,15.049241707005246,13.015311150513044,6455,3
XGBoost Optimized,e85074c5,108.07822369704559,96.51699182041168,7236,3
XGBoost Optimized,e97032ad,13.705262872685742,10.899333609225831,5654,3
XGBoost Optimized,e9949a23,9.523071386468274,7.269601357645997,6407,3
XGBoost Optimized,ea0b99b7,397.70713622428354,393.0959305830916,10939,2
XGBoost Optimized,ea3a0e38,11.985696906683206,9.079675841529568,11794,3
XGBoost Optimized,ea41324e,6.197240556941078,4.609720062554773,6839,5
XGBoost Optimized,eabc711b,15.08552273791118,12.684258912701695,7314,4
XGBoost Optimized,eac10e86,17.373758252473053,15.770810251341347,7501,4
XGBoost Optimized,eafb863e,8.966417856192004,7.710886344802155,5317,1
XGBoost Optimized,eb06a4e7,173.47746609089282,157.21905559869285,6379,4
XGBoost Optimized,eb640a35,26.969989345982558,22.10429456598553,7782,4
XGBoost Optimized,eb934281,53.94395512328656,44.52762616807468,7812,5
XGBoost Optimized,eba6605e,27.038580077932856,22.588471678833805,5719,4
XGBoost Optimized,ebe69318,36.845445554787155,31.47887928187323,6718,3
XGBoost Optimized,ec0d597b,47.17646076812445,39.552670065967845,6452,1
XGBoost Optimized,ec13af42,22.282385522378707,17.4532929178127,7362,1
XGBoost Optimized,ecdab904,36.843168893029976,32.49908234180058,8176,2
XGBoost Optimized,ecdaf714,43.30684640976176,33.20689631845427,8240,5
XGBoost Optimized,ed6436d6,32.311112852868256,27.710036226253308,5027,1
XGBoost Optimized,ed6e6e54,13.210576081680014,10.95879770015233,7385,3
XGBoost Optimized,edf885a3,15.146630368106615,12.155808239512654,4863,4
XGBoost Optimized,ee0300f7,16.26071074206125,13.367299894244034,6161,5
XGBoost Optimized,ee288beb,174.14774365039068,167.15016367755467,6190,3
XGBoost Optimized,ee4aecac,21.17188413171604,16.988357687187367,6596,3
XGBoost Optimized,eeda36f5,29.626636277472496,25.865288052849838,6198,2
XGBoost Optimized,eeed308d,8.78839834134346,7.095421581126102,5503,1
XGBoost Optimized,ef04658e,32.92868300085088,23.8045904023768,5664,4
XGBoost Optimized,ef8e3ed0,13.783691510387692,10.712555412601693,6637,4
XGBoost Optimized,efde6ac3,13.702742838363083,9.992297477893839,6220,4
XGBoost Optimized,efe96181,112.03729336656403,84.31056054401525,5464,3
XGBoost Optimized,f0188a48,42.4030220570371,37.99230110512718,6139,1
XGBoost Optimized,f021b650,90.33296106517211,85.14317082358498,5610,5
XGBoost Optimized,f03f10fe,8.201661335041099,6.449351353200661,5823,5
XGBoost Optimized,f053a1b9,38.93899871191998,33.410664718792155,5952,4
XGBoost Optimized,f074d277,180.66412263533257,178.61547307232408,3868,3
XGBoost Optimized,f07d7037,9.328980332173204,6.6320536977270175,7688,1
XGBoost Optimized,f08774c3,13.182430573596761,9.43077538197522,5645,3
XGBoost Optimized,f140c2fa,15.076157735698994,9.092805140116585,6024,1
XGBoost Optimized,f16e25e3,17.57449943897632,14.927367092587444,6585,3
XGBoost Optimized,f2d4c8c9,18.71311268631878,17.034886023251662,7908,2
XGBoost Optimized,f321a31c,21.779285687360733,16.431112896882194,6555,3
XGBoost Optimized,f40cd091,34.80445524079558,21.33434543217796,6776,4
XGBoost Optimized,f439a621,12.073588632833768,9.806150209664535,4695,1
XGBoost Optimized,f49fdea3,73.2996229647053,60.164449506145786,7027,2
XGBoost Optimized,f4d12d23,10.86808247746075,7.552781324568608,5448,5
XGBoost Optimized,f56d3ace,42.59476855117622,39.55927610833154,7383,4
XGBoost Optimized,f5859199,101.03629537332367,86.88132188592361,7438,4
XGBoost Optimized,f5d8aab6,30.703878855506492,18.130493021498616,6576,5
XGBoost Optimized,f631da6e,45.63117558698973,35.146659891372146,5604,3
XGBoost Optimized,f6824bb0,6.929750510531091,4.986965161303593,6864,2
XGBoost Optimized,f6bc699b,13.335232003363892,11.33445651216833,5501,3
XGBoost Optimized,f6d009f4,98.21572391205501,88.7994520414221,8003,2
XGBoost Optimized,f72b268f,15.52502053699009,12.928826931122206,7918,5
XGBoost Optimized,f8662c22,30.50093041200959,25.93365810177686,6957,2
XGBoost Optimized,f88ddb26,21.880996139102702,17.619454916476823,6585,4
XGBoost Optimized,f8afa78a,8.327339985266011,6.920281608439746,7367,1
XGBoost Optimized,f8f59188,37.21859752970539,27.443751680730827,6740,5
XGBoost Optimized,f9fc81aa,12.734266806821825,8.989224011053649,7113,1
XGBoost Optimized,fa16d114,32.07472186221015,25.47348657057403,6928,5
XGBoost Optimized,fa31da94,83.8251399424572,73.74071540328931,6681,5
XGBoost Optimized,fa667be2,21.805879158240238,19.966432077070213,8798,1
XGBoost Optimized,fae0c593,17.033584557077123,13.312454322230284,6147,4
XGBoost Optimized,fb03ae90,30.18155625023108,27.02153251956719,8129,2
XGBoost Optimized,fb0904bd,37.54494001257921,26.209586092613588,5087,4
XGBoost Optimized,fb3848a1,61.01966501916725,53.23169699448871,7859,3
XGBoost Optimized,fb73b13a,102.75219688495609,81.68654502260537,7465,1
XGBoost Optimized,fba7683c,24.902115915944407,21.249228069575906,2058,3
XGBoost Optimized,fbd68d27,17.347675623870696,14.733596285043083,8552,1
XGBoost Optimized,fc03f21f,17.224319110212317,14.373744111022662,6202,3
XGBoost Optimized,fc0d20b2,101.8602731853003,85.5749980203821,5308,4
XGBoost Optimized,fcfcc902,18.985575802308738,16.393084857315202,4665,3
XGBoost Optimized,fd3b4faa,48.55102030480637,40.9750691848765,6956,1
XGBoost Optimized,fd710aea,15.809222606679228,12.609041277789425,5960,4
XGBoost Optimized,fd8f77fa,23.691036854523347,20.960783192717713,6756,3
XGBoost Optimized,fde20ecf,18.617323683144182,16.029231509845655,6386,2
XGBoost Optimized,fdfd57da,15.214242926318688,13.301962933061278,7364,5
XGBoost Optimized,febb4411,38.40461918404578,32.375742511205274,6275,3
XGBoost Optimized,fef8af96,25.225043729405243,17.059414432468387,5068,3
XGBoost Optimized,ff0aea78,47.91256667148579,42.62817065665179,4976,3
XGBoost Optimized,ff8bb73a,21.15295230158046,16.959418213209023,7670,1
XGBoost Optimized,ffefef30,30.453078196221416,26.732506034885475,6421,2
