id,tvt
000d7d20_1442,11745.85771196356
000d7d20_1443,11745.874407281686
000d7d20_1444,11745.891102599813
000d7d20_1445,11745.427949056248
000d7d20_1446,11745.43382899237
000d7d20_1447,11745.932439307599
000d7d20_1448,11745.949134625725
000d7d20_1449,11745.965829943852
000d7d20_1450,11745.698690804582
000d7d20_1451,11745.927808970457
000d7d20_1452,11745.944504288585
000d7d20_1453,11745.961199606712
000d7d20_1454,11745.97789492484
000d7d20_1455,11746.213350971802
000d7d20_1456,11746.23004628993
000d7d20_1457,11745.764827087793
000d7d20_1458,11745.781522405921
000d7d20_1459,11746.280132244312
000d7d20_1460,11745.814913042175
000d7d20_1461,11746.09476215173
000d7d20_1462,11746.046384456551
000d7d20_1463,11745.864998996556
000d7d20_1464,11746.155663726533
000d7d20_1465,11746.380304153075
000d7d20_1466,11746.396999471202
000d7d20_1467,11746.41369478933
000d7d20_1468,11746.430390107456
000d7d20_1469,11746.447085425583
000d7d20_1470,11746.46378074371
000d7d20_1471,11746.311254660623
000d7d20_1472,11746.546710469169
000d7d20_1473,11746.563405787296
000d7d20_1474,11746.557688328476
000d7d20_1475,11746.631045252438
000d7d20_1476,11746.620132652779
000d7d20_1477,11746.636827970906
000d7d20_1478,11746.697552048036
000d7d20_1479,11746.675139566634
000d7d20_1480,11746.691834884761
000d7d20_1481,11746.755630389236
000d7d20_1482,11746.76393992989
000d7d20_1483,11746.78285611708
000d7d20_1484,11746.823112078404
000d7d20_1485,11746.916821365954
000d7d20_1486,11746.922079268004
000d7d20_1487,11746.978269577434
000d7d20_1488,11746.99496489556
000d7d20_1489,11746.974595184543
000d7d20_1490,11747.028355531815
000d7d20_1491,11746.976559391049
000d7d20_1492,11746.98408083909
000d7d20_1493,11746.963711128074
000d7d20_1494,11747.017471475345
000d7d20_1495,11746.997101764327
000d7d20_1496,11746.880406775028
000d7d20_1497,11746.908539509232
000d7d20_1498,11747.106931003887
000d7d20_1499,11746.904865235552
000d7d20_1500,11746.825712827811
000d7d20_1501,11747.0982336655
000d7d20_1502,11747.094268344817
000d7d20_1503,11747.110963662944
000d7d20_1504,11747.127658981071
000d7d20_1505,11747.144354299198
000d7d20_1506,11747.158619655169
000d7d20_1507,11747.22060878128
000d7d20_1508,11747.211054809894
000d7d20_1509,11747.252599185218
000d7d20_1510,11747.269294503345
000d7d20_1511,11747.280191004791
000d7d20_1512,11747.078125713293
000d7d20_1513,11747.313581641047
000d7d20_1514,11747.330276959174
000d7d20_1515,11747.344542315142
000d7d20_1516,11747.400732624572
000d7d20_1517,11747.450284407085
000d7d20_1518,11747.457140905708
000d7d20_1519,11747.49045078015
000d7d20_1520,11747.509892799517
000d7d20_1521,11747.524158155486
000d7d20_1522,11747.54328343577
000d7d20_1523,11747.559978753898
000d7d20_1524,11747.576674072025
000d7d20_1525,11747.593369390152
000d7d20_1526,11747.61006470828
000d7d20_1527,11747.624330064249
000d7d20_1528,11747.643455344534
000d7d20_1529,11747.660150662661
000d7d20_1530,11747.288141561652
000d7d20_1531,11747.638765107204
000d7d20_1532,11747.65546042533
000d7d20_1533,11747.67215574346
000d7d20_1534,11747.688851061586
000d7d20_1535,11747.705546379713
000d7d20_1536,11747.456616340212
000d7d20_1537,11747.47331165834
000d7d20_1538,11747.490006976466
000d7d20_1539,11747.17277406717
000d7d20_1540,11747.523397612722
000d7d20_1541,11747.540092930849
000d7d20_1542,11747.338026685675
000d7d20_1543,11747.159591655596
000d7d20_1544,11747.395048537024
000d7d20_1545,11747.067000484141
000d7d20_1546,11746.946525249063
000d7d20_1547,11747.445134491407
000d7d20_1548,11747.472645310747
000d7d20_1549,11747.078999604475
000d7d20_1550,11747.455934189951
000d7d20_1551,11747.253868302405
000d7d20_1552,11747.270563620532
000d7d20_1553,11747.145780876985
000d7d20_1554,11747.310146464124
000d7d20_1555,11747.733153055826
000d7d20_1556,11747.302205332342
000d7d20_1557,11747.782964533297
000d7d20_1558,11747.799659851424
000d7d20_1559,11747.597593248624
000d7d20_1560,11747.122988460702
000d7d20_1561,11747.351410682744
000d7d20_1562,11746.908721321077
000d7d20_1563,11747.866715600843
000d7d20_1564,11747.434725272913
000d7d20_1565,11746.916184709235
000d7d20_1566,11747.889674766133
000d7d20_1567,11746.810976426576
000d7d20_1568,11747.67827484834
000d7d20_1569,11747.694970166467
000d7d20_1570,11746.75487313001
000d7d20_1571,11747.246445567202
000d7d20_1572,11747.062231509184
000d7d20_1573,11747.761751438977
000d7d20_1574,11747.303567492272
000d7d20_1575,11747.786392828633
000d7d20_1576,11747.328209120347
000d7d20_1577,11747.337868467786
000d7d20_1578,11746.895182920816
000d7d20_1579,11747.382074724463
000d7d20_1580,11747.410486646824
000d7d20_1581,11747.838634735184
000d7d20_1582,11747.395947519284
000d7d20_1583,11747.588191390878
000d7d20_1584,11747.21057623461
000d7d20_1585,11747.916231628114
000d7d20_1586,11746.980814986786
000d7d20_1587,11747.47942410992
000d7d20_1588,11747.473587203393
000d7d20_1589,11747.294052825246
000d7d20_1590,11747.988892598329
000d7d20_1591,11747.466044287763
000d7d20_1592,11747.23040215014
000d7d20_1593,11748.177578663719
000d7d20_1594,11747.431371006764
000d7d20_1595,11747.66682824582
000d7d20_1596,11748.142906336392
000d7d20_1597,11747.700218882073
000d7d20_1598,11747.727729820623
000d7d20_1599,11748.20174153737
000d7d20_1600,11747.759053606216
000d7d20_1601,11747.556987241833
000d7d20_1602,11748.251827491753
000d7d20_1603,11747.809139560597
000d7d20_1604,11747.617888816636
000d7d20_1605,11748.301913446134
000d7d20_1606,11747.859225514978
000d7d20_1607,11747.746175588127
000d7d20_1608,11748.222254632374
000d7d20_1609,11747.843542035385
000d7d20_1610,11748.078446381756
000d7d20_1611,11747.801359227273
000d7d20_1612,11747.871214735982
000d7d20_1613,11748.347294495486
000d7d20_1614,11747.904605372238
000d7d20_1615,11747.674932282162
000d7d20_1616,11748.369772532082
000d7d20_1617,11747.873922741413
000d7d20_1618,11748.403163168336
000d7d20_1619,11747.80229881506
000d7d20_1620,11747.81899413319
000d7d20_1621,11748.120340969184
000d7d20_1622,11747.671460830692
000d7d20_1623,11747.906916400818
000d7d20_1624,11748.329836208157
000d7d20_1625,11747.940307037072
000d7d20_1626,11748.416387034993
000d7d20_1627,11747.973697673327
000d7d20_1628,11747.990392991454
000d7d20_1629,11748.466472989376
000d7d20_1630,11747.80502337571
000d7d20_1631,11748.248186350926
000d7d20_1632,11747.81533437825
000d7d20_1633,11747.88518988696
000d7d20_1634,11748.142507487117
000d7d20_1635,11747.918580523215
000d7d20_1636,11748.394659090625
000d7d20_1637,11747.95197115947
000d7d20_1638,11747.749906225597
000d7d20_1639,11748.391584854424
000d7d20_1640,11748.002057113852
000d7d20_1641,11748.478135681262
000d7d20_1642,11748.074555549636
000d7d20_1643,11748.331873626628
000d7d20_1644,11747.850078134361
000d7d20_1645,11748.00051673862
000d7d20_1646,11748.257833385102
000d7d20_1647,11747.80109401657
000d7d20_1648,11748.549093503398
000d7d20_1649,11748.106406287498
000d7d20_1650,11748.582484139652
000d7d20_1651,11748.139796923751
000d7d20_1652,11748.576766737957
000d7d20_1653,11748.134079283638
000d7d20_1654,11747.971121434042
000d7d20_1655,11748.612800539706
000d7d20_1656,11748.223273514388
000d7d20_1657,11748.480589445613
000d7d20_1658,11748.030832165168
000d7d20_1659,11748.506909540485
000d7d20_1660,11747.722982156967
000d7d20_1661,11748.41782073796
000d7d20_1662,11747.975135190989
000d7d20_1663,11747.719907920768
000d7d20_1664,11748.546356895282
000d7d20_1665,11748.131279027679
000d7d20_1666,11748.36098847163
000d7d20_1667,11748.164669663935
000d7d20_1668,11748.640746085577
000d7d20_1669,11748.198060300188
000d7d20_1670,11748.455377423506
000d7d20_1671,11747.959815642482
000d7d20_1672,11748.270292956382
000d7d20_1673,11747.827605740482
000d7d20_1674,11748.522444798311
000d7d20_1675,11747.59784425424
000d7d20_1676,11748.555835434565
000d7d20_1677,11748.113147741828
000d7d20_1678,11748.589226070819
000d7d20_1679,11748.146538378081
000d7d20_1680,11748.56945651649
000d7d20_1681,11748.179929014337
000d7d20_1682,11748.656007343328
000d7d20_1683,11748.108987680376
000d7d20_1684,11748.446466852034
000d7d20_1685,11748.003779159297
000d7d20_1686,11748.61845688404
000d7d20_1687,11748.175768952884
000d7d20_1688,11748.433087029878
000d7d20_1689,11747.99039957556
000d7d20_1690,11748.41331747555
000d7d20_1691,11748.023790211813
000d7d20_1692,11748.718628792803
000d7d20_1693,11748.275940861648
000d7d20_1694,11748.555671238752
000d7d20_1695,11748.572366556878
000d7d20_1696,11748.01150168862
000d7d20_1697,11748.17249103026
000d7d20_1698,11748.671100391814
000d7d20_1699,11748.469035457942
000d7d20_1700,11748.26629579949
000d7d20_1701,11748.721186346196
000d7d20_1702,11748.737881664323
000d7d20_1703,11748.75457698245
000d7d20_1704,11748.771272300577
000d7d20_1705,11748.787967618704
000d7d20_1706,11748.419626945162
000d7d20_1707,11748.821358254958
000d7d20_1708,11748.838053573087
000d7d20_1709,11748.715562270501
000d7d20_1710,11748.460336192373
000d7d20_1711,11748.530191462663
000d7d20_1712,11748.524473050169
000d7d20_1713,11748.7599312429
000d7d20_1714,11748.557863686423
000d7d20_1715,11748.717815668828
000d7d20_1716,11748.810017197282
000d7d20_1717,11748.607949640806
000d7d20_1718,11748.624644958933
000d7d20_1719,11748.860103151663
000d7d20_1720,11748.604875643023
000d7d20_1721,11748.817987577591
000d7d20_1722,11748.536630584775
000d7d20_1723,11748.772086870156
000d7d20_1724,11748.788782188283
000d7d20_1725,11748.948732740175
000d7d20_1726,11748.603411857282
000d7d20_1727,11748.62010717541
000d7d20_1728,11748.998818694557
000d7d20_1729,11748.653497811665
000d7d20_1730,11748.813446456208
000d7d20_1731,11748.852489224591
000d7d20_1732,11748.846837092462
000d7d20_1733,11748.939040051428
000d7d20_1734,11748.871539755693
000d7d20_1735,11748.526222210663
000d7d20_1736,11748.686170855206
000d7d20_1737,11748.77837238366
000d7d20_1738,11748.71956149146
000d7d20_1739,11748.736256809587
000d7d20_1740,11748.609698801298
000d7d20_1741,11748.769647445843
000d7d20_1742,11748.951942348549
000d7d20_1743,11748.65978475568
000d7d20_1744,11749.038492936967
000d7d20_1745,11749.055188255094
000d7d20_1746,11749.07188357322
000d7d20_1747,11748.685787868093
000d7d20_1748,11748.559228906131
000d7d20_1749,11748.613120383621
000d7d20_1750,11748.629815701748
000d7d20_1751,11748.768990458657
000d7d20_1752,11748.785685776784
000d7d20_1753,11748.710113104798
000d7d20_1754,11748.77996813667
000d7d20_1755,11748.7966634548
000d7d20_1756,11748.846274841957
000d7d20_1757,11748.611293362217
000d7d20_1758,11748.84674940918
000d7d20_1759,11748.644683998471
000d7d20_1760,11748.295134046823
000d7d20_1761,11748.530590809041
000d7d20_1762,11748.54728612717
000d7d20_1763,11748.345220001205
000d7d20_1764,11748.580676763424
000d7d20_1765,11748.482399966988
000d7d20_1766,11748.55225499886
000d7d20_1767,11748.568950316987
000d7d20_1768,11748.585645635116
000d7d20_1769,11748.602340953243
000d7d20_1770,11748.400274827278
000d7d20_1771,11748.416970145405
000d7d20_1772,11748.652426907624
000d7d20_1773,11748.465280062665
000d7d20_1774,11748.481975380791
000d7d20_1775,11748.49867069892
000d7d20_1776,11748.462206303302
000d7d20_1777,11748.313299891082
000d7d20_1778,11748.548756653301
000d7d20_1779,11748.565451971428
000d7d20_1780,11748.363385845463
000d7d20_1781,11748.598842607682
000d7d20_1782,11748.61553792581
000d7d20_1783,11748.413471799846
000d7d20_1784,11748.430167117973
000d7d20_1785,11748.522233224674
000d7d20_1786,11748.538928542801
000d7d20_1787,11748.502464147183
000d7d20_1788,11748.572319179055
000d7d20_1789,11748.589014497184
000d7d20_1790,11748.60570981531
000d7d20_1791,11748.40364464302
000d7d20_1792,11748.639100451564
000d7d20_1793,11748.655795769691
000d7d20_1794,11748.4537305974
000d7d20_1795,11748.689186405947
000d7d20_1796,11748.705881724074
000d7d20_1797,11748.669417328456
000d7d20_1798,11748.384830717567
000d7d20_1799,11748.401526035694
000d7d20_1800,11748.199459909729
000d7d20_1801,11748.216155227856
000d7d20_1802,11748.199934476954
000d7d20_1803,11747.94855671311
000d7d20_1804,11748.474772561938
000d7d20_1805,11748.491467880065
000d7d20_1806,11748.508163198192
000d7d20_1807,11748.524858516319
000d7d20_1808,11748.4883941207
000d7d20_1809,11748.558249152575
000d7d20_1810,11748.27141663867
000d7d20_1811,11748.146382601939
000d7d20_1812,11748.381838410483
000d7d20_1813,11748.39853372861
000d7d20_1814,11748.415229046737
000d7d20_1815,11748.431924364864
000d7d20_1816,11748.229859192576
000d7d20_1817,11748.193394796957
000d7d20_1818,11748.26324982883
000d7d20_1819,11748.279945146956
000d7d20_1820,11748.231567451778
000d7d20_1821,11748.342550642219
000d7d20_1822,11748.287370388143
000d7d20_1823,11748.369138719576
000d7d20_1824,11748.147059738081
000d7d20_1825,11748.228829023188
000d7d20_1826,11747.986207896918
000d7d20_1827,11748.209059945697
000d7d20_1828,11748.278914977569
000d7d20_1829,11748.032457219526
000d7d20_1830,11748.312305613825
000d7d20_1831,11748.06584785578
000d7d20_1832,11748.518752852557
000d7d20_1833,11748.049698925994
000d7d20_1834,11748.06639424412
000d7d20_1835,11748.565001221488
000d7d20_1836,11748.05046275208
000d7d20_1837,11748.291646805406
000d7d20_1838,11748.527100706602
000d7d20_1839,11748.328874073435
000d7d20_1840,11748.341732759787
000d7d20_1841,11748.577186660983
000d7d20_1842,11748.597718610885
000d7d20_1843,11748.610577297239
000d7d20_1844,11748.577949533395
000d7d20_1845,11748.643967933493
000d7d20_1846,11748.664499883394
000d7d20_1847,11748.458599986678
000d7d20_1848,11748.697890519648
000d7d20_1849,11748.294867095407
000d7d20_1850,11748.315399998983
000d7d20_1851,11748.32825773166
000d7d20_1852,11748.295630921491
000d7d20_1853,11747.879735755
000d7d20_1854,11747.900267704901
000d7d20_1855,11748.395039004168
000d7d20_1856,11748.19680950998
000d7d20_1857,11748.213504828107
000d7d20_1858,11748.44512495855
000d7d20_1859,11748.296435030401
000d7d20_1860,11748.259970634783
000d7d20_1861,11748.544750478972
000d7d20_1862,11748.499944294108
000d7d20_1863,11748.516639612237
000d7d20_1864,11748.314574439946
000d7d20_1865,11748.546192663041
000d7d20_1866,11748.3479650762
000d7d20_1867,11748.364660394327
000d7d20_1868,11748.546956489126
000d7d20_1869,11748.616811520998
000d7d20_1870,11748.633506839127
000d7d20_1871,11748.646364571805
000d7d20_1872,11748.448136984964
000d7d20_1873,11748.683592793508
000d7d20_1874,11748.700288111635
000d7d20_1875,11748.02895509419
000d7d20_1876,11748.317571570156
000d7d20_1877,11748.334266888283
000d7d20_1878,11748.35096220641
000d7d20_1879,11748.148896080445
000d7d20_1880,11748.165591398572
000d7d20_1881,11748.401048160791
000d7d20_1882,11747.905078683996
000d7d20_1883,11748.456851097157
000d7d20_1884,11748.469709783509
000d7d20_1885,11748.27148171983
000d7d20_1886,11748.506937051538
000d7d20_1887,11748.523632369664
000d7d20_1888,11747.96706547313
000d7d20_1889,11748.193757968382
000d7d20_1890,11748.25977636848
000d7d20_1891,11748.499069762474
000d7d20_1892,11748.29700363651
000d7d20_1893,11748.313698954636
000d7d20_1894,11748.330394272763
000d7d20_1895,11748.562014403207
000d7d20_1896,11748.529386639364
000d7d20_1897,11748.599241671238
000d7d20_1898,11748.615936989365
000d7d20_1899,11748.628795675717
000d7d20_1900,11748.430566181527
000d7d20_1901,11748.394352602254
000d7d20_1902,11748.572813018953
000d7d20_1903,11748.16458634764
000d7d20_1904,11748.131742099727
000d7d20_1905,11748.00600091349
000d7d20_1906,11748.508449767842
000d7d20_1907,11748.444983991303
000d7d20_1908,11748.40468296391
000d7d20_1909,11748.697137025323
000d7d20_1910,11748.709995711677
000d7d20_1911,11748.511765263813
000d7d20_1912,11748.747222979706
000d7d20_1913,11748.488159554547
000d7d20_1914,11748.561851218194
000d7d20_1915,11748.793472302312
000d7d20_1916,11748.595241854448
000d7d20_1917,11748.608100540801
000d7d20_1918,11748.84739488847
000d7d20_1919,11748.58833146331
000d7d20_1920,11748.880785524723
000d7d20_1921,11748.943183777115
000d7d20_1922,11748.963715727017
000d7d20_1923,11748.735399715495
000d7d20_1924,11748.921533395744
000d7d20_1925,11748.98755179584
000d7d20_1926,11748.72377197435
000d7d20_1927,11748.525542003323
000d7d20_1928,11748.757162610604
000d7d20_1929,11748.505772925831
000d7d20_1930,11748.57179132593
000d7d20_1931,11748.807248564986
000d7d20_1932,11748.827780514888
000d7d20_1933,11748.84063920124
000d7d20_1934,11748.93048563097
000d7d20_1935,11749.042893134003
000d7d20_1936,11748.90675308302
000d7d20_1937,11749.111733275111
000d7d20_1938,11748.983266964515
000d7d20_1939,11748.780174684985
000d7d20_1940,11748.664420853027
000d7d20_1941,11748.462356157574
000d7d20_1942,11748.701648121056
000d7d20_1943,11748.714506807408
000d7d20_1944,11748.863795280444
000d7d20_1945,11748.731493291747
000d7d20_1946,11748.933797473705
000d7d20_1947,11748.954329423606
000d7d20_1948,11749.15887426337
000d7d20_1949,11749.079730557907
000d7d20_1950,11749.122053012266
000d7d20_1951,11748.942505997935
000d7d20_1952,11748.641007880393
000d7d20_1953,11748.80669955167
000d7d20_1954,11748.678235148422
000d7d20_1955,11748.691093834774
000d7d20_1956,11748.85678550605
000d7d20_1957,11748.72448447103
000d7d20_1958,11748.742668951601
000d7d20_1959,11748.978126190657
000d7d20_1960,11749.19442172851
000d7d20_1961,11748.939195411964
000d7d20_1962,11749.009050443836
000d7d20_1963,11748.946302784057
000d7d20_1964,11748.962998102186
000d7d20_1965,11748.985535629176
000d7d20_1966,11749.055390661048
000d7d20_1967,11748.814040305804
000d7d20_1968,11749.088781297301
000d7d20_1969,11748.794271228313
000d7d20_1970,11748.864126260185
000d7d20_1971,11749.099581591894
000d7d20_1972,11749.116276910021
000d7d20_1973,11749.079812514403
000d7d20_1974,11749.149667546275
000d7d20_1975,11749.166362864402
000d7d20_1976,11749.129898468784
000d7d20_1977,11748.921211458879
000d7d20_1978,11748.719145332914
000d7d20_1979,11748.954602095133
000d7d20_1980,11748.918137699515
000d7d20_1981,11748.987992731387
000d7d20_1982,11748.818841720778
000d7d20_1983,11749.054298482997
000d7d20_1984,11749.01783408738
000d7d20_1985,11748.868927675161
000d7d20_1986,11748.885622993288
000d7d20_1987,11748.849159074507
000d7d20_1988,11749.137775073634
000d7d20_1989,11749.160663552771
000d7d20_1990,11748.815084700977
000d7d20_1991,11748.778619828523
000d7d20_1992,11748.848475337232
000d7d20_1993,11748.86517065536
000d7d20_1994,11748.828705782904
000d7d20_1995,11748.898561291613
000d7d20_1996,11748.91525660974
000d7d20_1997,11748.878791737285
000d7d20_1998,11748.948647245996
000d7d20_1999,11748.965342564123
000d7d20_2000,11748.928877691667
000d7d20_2001,11748.779971279448
000d7d20_2002,11749.031850790232
000d7d20_2003,11748.180340084189
000d7d20_2004,11748.250195116063
000d7d20_2005,11748.13824930565
000d7d20_2006,11748.334597791501
000d7d20_2007,11748.519331477853
000d7d20_2008,11748.44019111025
000d7d20_2009,11748.456886428377
000d7d20_2010,11748.42042203276
000d7d20_2011,11748.271515620541
000d7d20_2012,11748.50697238276
000d7d20_2013,11748.679585822225
000d7d20_2014,11748.600445454622
000d7d20_2015,11748.563981059004
000d7d20_2016,11748.222911179377
000d7d20_2017,11748.4844490268
000d7d20_2018,11748.453782971028
000d7d20_2019,11748.343827478913
000d7d20_2020,11748.211527397565
000d7d20_2021,11748.228222715692
000d7d20_2022,11748.239119693975
000d7d20_2023,11748.255815012102
000d7d20_2024,11748.206289093047
000d7d20_2025,11748.220708944256
000d7d20_2026,11748.074077998956
000d7d20_2027,11748.25637504743
000d7d20_2028,11748.450605422624
000d7d20_2029,11748.159998265775
000d7d20_2030,11748.011091853556
000d7d20_2031,11748.246548615776
000d7d20_2032,11747.991322776066
000d7d20_2033,11748.27993925203
000d7d20_2034,11748.296634570157
000d7d20_2035,11748.260170174539
000d7d20_2036,11748.330025206411
000d7d20_2037,11748.293560810793
000d7d20_2038,11748.363415842667
000d7d20_2039,11748.300668182888
000d7d20_2040,11748.045442343178
000d7d20_2041,11747.90413671526
000d7d20_2042,11748.086433763734
000d7d20_2043,11748.014554672376
000d7d20_2044,11748.031249990503
000d7d20_2045,11747.994785594887
000d7d20_2046,11747.494315728993
000d7d20_2047,11747.676612777466
000d7d20_2048,11747.746467809338
000d7d20_2049,11747.491241969628
000d7d20_2050,11747.779858445592
000d7d20_2051,11747.79655376372
000d7d20_2052,11747.541327924011
000d7d20_2053,11747.571897296093
000d7d20_2054,11747.53380783944
000d7d20_2055,11747.603662871312
000d7d20_2056,11747.567198475694
000d7d20_2057,11747.637053507566
000d7d20_2058,11747.653748825694
000d7d20_2059,11747.617284430076
000d7d20_2060,11747.468378017857
000d7d20_2061,11747.431913622238
000d7d20_2062,11747.720530098202
000d7d20_2063,11747.432387235787
000d7d20_2064,11747.541350544026
000d7d20_2065,11747.723647592502
000d7d20_2066,11747.793502624374
000d7d20_2067,11747.210414998775
000d7d20_2068,11747.011118343025
000d7d20_2069,11747.027813661152
000d7d20_2070,11747.338950202424
000d7d20_2071,11747.139655454022
000d7d20_2072,11747.37234083868
000d7d20_2073,11747.469802834663
000d7d20_2074,11747.380441939411
000d7d20_2075,11747.343977543793
000d7d20_2076,11747.257540613995
000d7d20_2077,11747.004279343377
000d7d20_2078,11747.500119711553
000d7d20_2079,11747.037669979632
000d7d20_2080,11747.493850847686
000d7d20_2081,11747.530912834514
000d7d20_2082,11747.462168470634
000d7d20_2083,11747.121781421818
000d7d20_2084,11747.365008722367
000d7d20_2085,11747.32854432675
000d7d20_2086,11747.667549138896
000d7d20_2087,11747.41509467675
000d7d20_2088,11747.431789994876
000d7d20_2089,11747.395325599258
000d7d20_2090,11747.107291455715
000d7d20_2091,11747.504289203041
000d7d20_2092,11747.163095345755
000d7d20_2093,11747.307104277774
000d7d20_2094,11747.376959309646
000d7d20_2095,11747.393654627773
000d7d20_2096,11747.4103499459
000d7d20_2097,11747.427045264027
000d7d20_2098,11747.368167614624
000d7d20_2099,11747.707172426772
000d7d20_2100,11747.454717964625
000d7d20_2101,11747.471413282752
000d7d20_2102,11747.488108600879
000d7d20_2103,11747.504803919006
000d7d20_2104,11747.468339523388
000d7d20_2105,11747.336498159388
000d7d20_2106,11747.353193477515
000d7d20_2107,11747.639038575915
000d7d20_2108,11746.91040403717
000d7d20_2109,11746.927099355296
000d7d20_2110,11747.301683848838
000d7d20_2111,11746.96048999155
000d7d20_2112,11747.604224265368
000d7d20_2113,11747.210677502806
000d7d20_2114,11747.368465121348
000d7d20_2115,11747.02727126406
000d7d20_2116,11747.401855757602
000d7d20_2117,11747.418551075729
000d7d20_2118,11747.435246393856
000d7d20_2119,11747.451941711985
000d7d20_2120,11747.308827917563
000d7d20_2121,11747.507745602023
000d7d20_2122,11747.3646318076
000d7d20_2123,11747.541136238277
000d7d20_2124,11747.826981336677
000d7d20_2125,11747.167098133075
000d7d20_2126,11747.59122219266
000d7d20_2127,11747.82752772502
000d7d20_2128,11747.575073262873
000d7d20_2129,11747.582802135077
000d7d20_2130,11747.294767991534
000d7d20_2131,11747.296106292144
000d7d20_2132,11747.522150288862
000d7d20_2133,11747.538845606989
000d7d20_2134,11747.555540925116
000d7d20_2135,11747.572236243243
000d7d20_2136,11747.231042385954
000d7d20_2137,11747.198198138041
000d7d20_2138,11747.412973519034
000d7d20_2139,11747.589477949712
000d7d20_2140,11747.655712833879
000d7d20_2141,11747.94155793228
000d7d20_2142,11747.689103470133
000d7d20_2143,11747.70579878826
000d7d20_2144,11747.428615551089
000d7d20_2145,11747.176161088943
000d7d20_2146,11747.192856407071
000d7d20_2147,11747.187138471414
000d7d20_2148,11747.203833789541
000d7d20_2149,11747.220529107668
000d7d20_2150,11747.123443450453
000d7d20_2151,11747.409288548854
000d7d20_2152,11747.42598386698
000d7d20_2153,11747.44267918511
000d7d20_2154,11747.459374503236
000d7d20_2155,11747.20692004109
000d7d20_2156,11747.207423876673
000d7d20_2157,11747.106784828955
000d7d20_2158,11746.749399489123
000d7d20_2159,11746.766094807252
000d7d20_2160,11746.782790125379
000d7d20_2161,11747.426524399194
000d7d20_2162,11747.443219717321
000d7d20_2163,11747.459915035448
000d7d20_2164,11747.499023607359
000d7d20_2165,11747.524340141306
000d7d20_2166,11747.532414243615
000d7d20_2167,11747.288580997289
000d7d20_2168,11747.296655099595
000d7d20_2169,11747.591121413816
000d7d20_2170,11746.826572453989
000d7d20_2171,11746.57331118337
000d7d20_2172,11747.217045457186
000d7d20_2173,11746.964590995041
000d7d20_2174,11747.250436093442
000d7d20_2175,11747.267131411569
000d7d20_2176,11747.064216515462
000d7d20_2177,11747.08091183359
000d7d20_2178,11747.36675693199
000d7d20_2179,11747.091889216059
000d7d20_2180,11747.377734314461
000d7d20_2181,11747.125279852315
000d7d20_2182,11747.088815456696
000d7d20_2183,11747.17252165434
000d7d20_2184,11746.920067192194
000d7d20_2185,11746.93676251032
000d7d20_2186,11747.222607608723
000d7d20_2187,11746.970153146576
000d7d20_2188,11746.986848464703
000d7d20_2189,11747.00354378283
000d7d20_2190,11747.020239100957
000d7d20_2191,11747.306084199357
000d7d20_2192,11747.147160392118
000d7d20_2193,11746.894705929973
000d7d20_2194,11747.127391314629
000d7d20_2195,11747.1972463465
000d7d20_2196,11747.213941664628
000d7d20_2197,11747.230636982755
000d7d20_2198,11747.247332300882
000d7d20_2199,11746.967270874624
000d7d20_2200,11747.280722937137
000d7d20_2201,11747.02826847499
000d7d20_2202,11746.964197115261
000d7d20_2203,11747.400371803506
000d7d20_2204,11747.417067121632
000d7d20_2205,11747.556240924867
000d7d20_2206,11747.264678186353
000d7d20_2207,11747.32048178085
000d7d20_2208,11747.553167165504
000d7d20_2209,11747.278535960804
000d7d20_2210,11747.256123002564
000d7d20_2211,11747.036583655774
000d7d20_2212,11747.160686543786
000d7d20_2213,11746.822155345191
000d7d20_2214,11747.233995125904
000d7d20_2215,11747.25069044403
000d7d20_2216,11747.267385762158
000d7d20_2217,11747.23092136654
000d7d20_2218,11747.031626618138
000d7d20_2219,11747.317471716538
000d7d20_2220,11747.373275311034
000d7d20_2221,11747.336810915416
000d7d20_2222,11746.579059746116
000d7d20_2223,11746.498585188145
000d7d20_2224,11746.515280506272
000d7d20_2225,11746.478816110653
000d7d20_2226,11746.548671142526
000d7d20_2227,11746.29621668038
000d7d20_2228,11746.626071941135
000d7d20_2229,11746.695926973007
000d7d20_2230,11746.712622291134
000d7d20_2231,11746.407006207894
000d7d20_2232,11746.476861239766
000d7d20_2233,11746.70954853177
000d7d20_2234,11746.862773772384
000d7d20_2235,11746.779840642024
000d7d20_2236,11746.50714158149
000d7d20_2237,11746.846148300983
000d7d20_2238,11746.809683905365
000d7d20_2239,11746.879538937237
000d7d20_2240,11746.84307454162
000d7d20_2241,11746.912929573493
000d7d20_2242,11746.92962489162
000d7d20_2243,11746.893160496002
000d7d20_2244,11746.963015527874
000d7d20_2245,11746.926551132256
000d7d20_2246,11746.996406164128
000d7d20_2247,11746.69079008089
000d7d20_2248,11746.081299028167
000d7d20_2249,11746.151154060039
000d7d20_2250,11746.423121289787
000d7d20_2251,11746.492976321659
000d7d20_2252,11746.45651192604
000d7d20_2253,11746.451745757351
000d7d20_2254,11746.415281361735
000d7d20_2255,11746.431976679862
000d7d20_2256,11746.501831711734
000d7d20_2257,11746.465367316116
000d7d20_2258,11746.535222347988
000d7d20_2259,11746.229611986793
000d7d20_2260,11746.568612984242
000d7d20_2261,11746.532148588625
000d7d20_2262,11746.045026348464
000d7d20_2263,11746.114881380336
000d7d20_2264,11746.308286827247
000d7d20_2265,11746.378141859119
000d7d20_2266,11746.072521961181
000d7d20_2267,11746.35837278163
000d7d20_2268,11746.428227813502
000d7d20_2269,11746.122607915564
000d7d20_2270,11746.192462947436
000d7d20_2271,11746.155998551818
000d7d20_2272,11746.49500908601
000d7d20_2273,11746.189389188072
000d7d20_2274,11746.47524000852
000d7d20_2275,11746.58466298778
000d7d20_2276,11746.548198592161
000d7d20_2277,11746.618053624034
000d7d20_2278,11746.581589228415
000d7d20_2279,11746.382291618991
000d7d20_2280,11745.592494131637
000d7d20_2281,11745.609189449766
000d7d20_2282,11745.679044481638
000d7d20_2283,11745.64258008602
000d7d20_2284,11745.712435117892
000d7d20_2285,11745.675970722274
000d7d20_2286,11745.6926660404
000d7d20_2287,11745.729605956918
000d7d20_2288,11745.374297719747
000d7d20_2289,11745.229906001741
000d7d20_2290,11744.85392210539
000d7d20_2291,11745.121859107478
000d7d20_2292,11745.249035687812
000d7d20_2293,11745.261895327838
000d7d20_2294,11745.600900139985
000d7d20_2295,11744.941234374128
000d7d20_2296,11745.0072537279
000d7d20_2297,11745.332512278448
000d7d20_2298,11744.87513418654
000d7d20_2299,11744.941153540312
000d7d20_2300,11745.17848141154
000d7d20_2301,11744.978379854669
000d7d20_2302,11745.139997429265
000d7d20_2303,11744.95839715413
000d7d20_2304,11744.925768436613
000d7d20_2305,11745.569498895731
000d7d20_2306,11745.630604919425
000d7d20_2307,11745.594140523806
000d7d20_2308,11745.036960414689
000d7d20_2309,11745.627531160062
000d7d20_2310,11745.813433097452
000d7d20_2311,11745.714081510061
000d7d20_2312,11745.677617114443
000d7d20_2313,11745.747472146315
000d7d20_2314,11745.880214369961
000d7d20_2315,11745.114559147927
000d7d20_2316,11745.1844141798
000d7d20_2317,11745.347063630006
000d7d20_2318,11744.789883520887
000d7d20_2319,11744.554305279444
000d7d20_2320,11745.450309298132
000d7d20_2321,11745.21473105669
000d7d20_2322,11745.430540220643
000d7d20_2323,11744.873360111524
000d7d20_2324,11745.463930856897
000d7d20_2325,11745.533785888769
000d7d20_2326,11744.671172506334
000d7d20_2327,11745.514016811278
000d7d20_2328,11744.95683670216
000d7d20_2329,11744.883146583275
000d7d20_2330,11745.168989774327
000d7d20_2331,11744.733176166063
000d7d20_2332,11744.933232537656
000d7d20_2333,11744.992850829416
000d7d20_2334,11745.374370442587
000d7d20_2335,11745.149284525975
000d7d20_2336,11745.166038971909
000d7d20_2337,11745.408959189328
000d7d20_2338,11745.242293453988
000d7d20_2339,11745.45109883376
000d7d20_2340,11745.510657997713
000d7d20_2341,11744.9891166978
000d7d20_2342,11745.244259205258
000d7d20_2343,11745.53010239631
000d7d20_2344,11744.73332878133
000d7d20_2345,11745.287429113496
000d7d20_2346,11745.078731136335
000d7d20_2347,11745.32081974975
000d7d20_2348,11745.606662940803
000d7d20_2349,11744.832062253681
000d7d20_2350,11745.44046861612
000d7d20_2351,11745.726311807171
000d7d20_2352,11745.328082503716
000d7d20_2353,11745.57392668659
000d7d20_2354,11745.096080836503
000d7d20_2355,11745.815731400604
000d7d20_2356,11745.97557704832
000d7d20_2357,11745.497731198235
000d7d20_2358,11745.980014132329
000d7d20_2359,11745.179860695573
000d7d20_2360,11745.744256895658
000d7d20_2361,11745.760952213785
000d7d20_2362,11745.49909452288
000d7d20_2363,11746.063490722965
000d7d20_2364,11745.532485159134
000d7d20_2365,11745.866841762661
000d7d20_2366,11744.78590562632
000d7d20_2367,11745.977336967397
000d7d20_2368,11745.810100934817
000d7d20_2369,11745.006933887222
000d7d20_2370,11745.840481774929
000d7d20_2371,11744.68243725541
000d7d20_2372,11745.73527301543
000d7d20_2373,11745.204263636902
000d7d20_2374,11745.126131303052
000d7d20_2375,11744.633032385951
000d7d20_2376,11745.774929883033
000d7d20_2377,11744.790032565052
000d7d20_2378,11744.73833989795
000d7d20_2379,11744.20733051942
000d7d20_2380,11744.762981526024
000d7d20_2381,11744.231972147496
000d7d20_2382,11744.969519363818
000d7d20_2383,11744.596221014343
000d7d20_2384,11744.065207821117
000d7d20_2385,11744.629611650596
000d7d20_2386,11744.09859845737
000d7d20_2387,11744.836149488388
000d7d20_2388,11744.131989093625
000d7d20_2389,11744.696392923106
000d7d20_2390,11744.338526931419
000d7d20_2391,11744.539962316074
000d7d20_2392,11744.746478877487
000d7d20_2393,11744.215465684261
000d7d20_2394,11744.953016715279
000d7d20_2395,11744.248856320517
000d7d20_2396,11744.65182979111
000d7d20_2397,11744.651851067489
000d7d20_2398,11744.945611662715
000d7d20_2399,11744.056711201423
000d7d20_2400,11745.421297373432
000d7d20_2401,11744.717136978668
000d7d20_2402,11745.185540136763
000d7d20_2403,11744.619979137751
000d7d20_2404,11745.453530840156
000d7d20_2405,11744.826516975543
000d7d20_2406,11744.939212965057
000d7d20_2407,11745.247810825298
000d7d20_2408,11744.34556846032
000d7d20_2409,11745.71015463233
000d7d20_2410,11744.95817891469
000d7d20_2411,11745.426582072783
000d7d20_2412,11744.991569550944
000d7d20_2413,11745.459972709037
000d7d20_2414,11744.755812314273
000d7d20_2415,11745.264340365555
000d7d20_2416,11745.655596993498
000d7d20_2417,11745.275317748026
000d7d20_2418,11745.397426503043
000d7d20_2419,11745.30870838428
000d7d20_2420,11745.152256500869
000d7d20_2421,11745.889807531887
000d7d20_2422,11745.185647137125
000d7d20_2423,11745.923198168142
000d7d20_2424,11745.123037101992
000d7d20_2425,11744.608697950514
000d7d20_2426,11745.973284122523
000d7d20_2427,11744.775171930274
000d7d20_2428,11745.512722961292
000d7d20_2429,11745.250857640993
000d7d20_2430,11745.094405757582
000d7d20_2431,11745.8319567886
000d7d20_2432,11745.300943595374
000d7d20_2433,11745.692200223315
000d7d20_2434,11745.334334231628
000d7d20_2435,11745.351029549754
000d7d20_2436,11745.473138304773
000d7d20_2437,11745.38442018601
000d7d20_2438,11745.14682969176
000d7d20_2439,11745.442085648314
000d7d20_2440,11745.007073126475
000d7d20_2441,11745.744624157493
000d7d20_2442,11745.213610964267
000d7d20_2443,11745.230306282396
000d7d20_2444,11745.621562910337
000d7d20_2445,11744.994549045725
000d7d20_2446,11745.260180063315
000d7d20_2447,11745.997731094332
000d7d20_2448,11745.499633016463
000d7d20_2449,11745.074033260129
000d7d20_2450,11746.080732164071
000d7d20_2451,11745.376571769308
000d7d20_2452,11745.413402966951
000d7d20_2453,11745.53550981462
000d7d20_2454,11745.273646401667
000d7d20_2455,11745.463488921332
000d7d20_2456,11745.307037037923
000d7d20_2457,11745.871438960054
000d7d20_2458,11745.071279801252
000d7d20_2459,11745.261122320917
000d7d20_2460,11745.65237704151
000d7d20_2461,11745.121365755633
000d7d20_2462,11745.105145958403
000d7d20_2463,11745.121841276532
000d7d20_2464,11745.686243198663
000d7d20_2465,11745.155231912786
000d7d20_2466,11744.455574768144
000d7d20_2467,11744.252619817717
000d7d20_2468,11744.844622981913
000d7d20_2469,11744.313617418084
000d7d20_2470,11744.33031273621
000d7d20_2471,11744.347008054337
000d7d20_2472,11744.868540408597
000d7d20_2473,11744.380398690591
000d7d20_2474,11744.666241881643
000d7d20_2475,11744.413789326845
000d7d20_2476,11744.387620799149
000d7d20_2477,11744.994880845059
000d7d20_2478,11744.304069983376
000d7d20_2479,11744.079819485463
000d7d20_2480,11743.923682314577
000d7d20_2481,11744.255401054945
000d7d20_2482,11744.504777647486
000d7d20_2483,11744.2887916912
000d7d20_2484,11744.348350855153
000d7d20_2485,11744.322182327454
000d7d20_2486,11744.338877645581
000d7d20_2487,11745.215289379114
000d7d20_2488,11744.372268281835
000d7d20_2489,11744.388963599962
000d7d20_2490,11744.405658918091
000d7d20_2491,11744.465218082043
000d7d20_2492,11744.439049554345
000d7d20_2493,11745.272597442052
000d7d20_2494,11744.472440190599
000d7d20_2495,11744.67081237335
000d7d20_2496,11744.21109587202
000d7d20_2497,11744.227791190147
000d7d20_2498,11744.5136343812
000d7d20_2499,11744.190331454087
000d7d20_2500,11744.754731468869
000d7d20_2501,11744.56372033558
000d7d20_2502,11744.580415653707
000d7d20_2503,11744.058002695469
000d7d20_2504,11744.613806289963
000d7d20_2505,11744.63050160809
000d7d20_2506,11744.647196926217
000d7d20_2507,11744.464782213216
000d7d20_2508,11744.68058756247
000d7d20_2509,11744.312275022321
000d7d20_2510,11743.922151950557
000d7d20_2511,11743.797959054573
000d7d20_2512,11743.615544341572
000d7d20_2513,11744.171347936066
000d7d20_2514,11743.648934977826
000d7d20_2515,11743.506853059014
000d7d20_2516,11744.022323859319
000d7d20_2517,11744.238129208576
000d7d20_2518,11743.715716250335
000d7d20_2519,11744.280120079815
000d7d20_2520,11744.288215162956
000d7d20_2521,11743.430328190434
000d7d20_2522,11744.144909021867
000d7d20_2523,11743.558800156035
000d7d20_2524,11743.235497228923
000d7d20_2525,11743.59219079229
000d7d20_2526,11743.807994234196
000d7d20_2527,11743.26316992952
000d7d20_2528,11743.619863492886
000d7d20_2529,11743.296560565774
000d7d20_2530,11743.313255883902
000d7d20_2531,11743.717890655154
000d7d20_2532,11743.682809087295
000d7d20_2533,11743.703340083523
000d7d20_2534,11743.9756849683
000d7d20_2535,11743.736730719776
000d7d20_2536,11743.753426037903
000d7d20_2537,11743.818062563918
000d7d20_2538,11743.752177315639
000d7d20_2539,11743.480651274513
000d7d20_2540,11743.421798420643
000d7d20_2541,11743.826433191894
000d7d20_2542,11743.631895370983
000d7d20_2543,11744.040365820336
000d7d20_2544,11744.009119930579
000d7d20_2545,11744.102835893847
000d7d20_2546,11744.07542568219
000d7d20_2547,11744.140062208202
000d7d20_2548,11744.104980640343
000d7d20_2549,11744.173452844456
000d7d20_2550,11744.138371276598
000d7d20_2551,11744.206843480712
000d7d20_2552,11744.123752040416
000d7d20_2553,11744.184552888328
000d7d20_2554,11744.15714267667
000d7d20_2555,11744.765650128586
000d7d20_2556,11744.23847452081
000d7d20_2557,11744.203392952952
000d7d20_2558,11744.271865157065
000d7d20_2559,11744.236783589206
000d7d20_2560,11744.305255793319
000d7d20_2561,11744.331712921748
000d7d20_2562,11743.964304464851
000d7d20_2563,11744.404389217792
000d7d20_2564,11744.033145082796
000d7d20_2565,11744.06233162712
000d7d20_2566,11744.415189512385
000d7d20_2567,11743.946394031562
000d7d20_2568,11743.667196634235
000d7d20_2569,11744.06317585739
000d7d20_2570,11744.035765645733
000d7d20_2571,11744.096566493647
000d7d20_2572,11744.113261811774
000d7d20_2573,11744.133792808001
000d7d20_2574,11744.098711240142
000d7d20_2575,11744.163347766154
000d7d20_2576,11744.183878762382
000d7d20_2577,11744.19673840241
000d7d20_2578,11743.825494267412
000d7d20_2579,11744.230129038664
000d7d20_2580,11744.246824356791
000d7d20_2581,11743.63293686547
000d7d20_2582,11743.93785354285
000d7d20_2583,11744.550196672866
000d7d20_2584,11744.019185386991
000d7d20_2585,11743.695882459879
000d7d20_2586,11744.00463481536
000d7d20_2587,11743.733108774233
000d7d20_2588,11743.74596841426
000d7d20_2589,11743.762663732386
000d7d20_2590,11743.779359050513
000d7d20_2591,11743.796054368642
000d7d20_2592,11743.764808478883
000d7d20_2593,11743.79652988954
000d7d20_2594,11743.813225207667
000d7d20_2595,11743.829920525794
000d7d20_2596,11743.885724120288
000d7d20_2597,11742.855004658752
000d7d20_2598,11742.87169997688
000d7d20_2599,11742.765914902551
000d7d20_2600,11743.245088858373
000d7d20_2601,11742.873844723375
000d7d20_2602,11742.899372973021
000d7d20_2603,11742.955176567515
000d7d20_2604,11742.971871885644
000d7d20_2605,11742.98856720377
000d7d20_2606,11743.005262521898
000d7d20_2607,11743.021957840025
000d7d20_2608,11742.916172765696
000d7d20_2609,11742.835698207724
000d7d20_2610,11742.85239352585
000d7d20_2611,11742.430921271958
000d7d20_2612,11742.475223554196
000d7d20_2613,11742.491918872323
000d7d20_2614,11742.50861419045
000d7d20_2615,11742.525309508577
000d7d20_2616,11742.882003071943
000d7d20_2617,11742.558700144831
000d7d20_2618,11742.57539546296
000d7d20_2619,11742.932089026326
000d7d20_2620,11742.608786099214
000d7d20_2621,11742.96547966258
000d7d20_2622,11742.642176735468
000d7d20_2623,11742.658872053595
000d7d20_2624,11743.579463703509
000d7d20_2625,11743.03226093509
000d7d20_2626,11742.158037521527
000d7d20_2627,11742.174732839654
000d7d20_2628,11742.53142640302
000d7d20_2629,11742.208123475908
000d7d20_2630,11742.224818794035
000d7d20_2631,11742.597703839947
000d7d20_2632,11742.59820767553
000d7d20_2633,11742.614902993657
000d7d20_2634,11742.647789794328
000d7d20_2635,11742.324486867215
000d7d20_2636,11742.681180430582
000d7d20_2637,11742.697875748709
000d7d20_2638,11742.374572821598
000d7d20_2639,11742.731266384964
000d7d20_2640,11742.747961703091
000d7d20_2641,11742.623705864602
000d7d20_2642,11742.640401182729
000d7d20_2643,11742.657096500856
000d7d20_2644,11742.673791818983
000d7d20_2645,11742.690487137112
000d7d20_2646,11742.36718421
000d7d20_2647,11742.723877773366
000d7d20_2648,11742.240769548402
000d7d20_2649,11742.081796150098
000d7d20_2650,11741.839404859338
000d7d20_2651,11742.55398569077
000d7d20_2652,11742.5706810089
000d7d20_2653,11742.587376327027
000d7d20_2654,11742.604071645153
000d7d20_2655,11741.922881449975
000d7d20_2656,11742.507012986363
000d7d20_2657,11742.350791892137
000d7d20_2658,11742.367487210266
000d7d20_2659,11742.384182528393
000d7d20_2660,11742.042990578453
000d7d20_2661,11742.417573164646
000d7d20_2662,11742.434268482773
000d7d20_2663,11742.4509638009
000d7d20_2664,11743.015365723031
000d7d20_2665,11742.12646716909
000d7d20_2666,11742.501049755283
000d7d20_2667,11742.159857805344
000d7d20_2668,11742.17655312347
000d7d20_2669,11742.551135709664
000d7d20_2670,11742.56783102779
000d7d20_2671,11741.85388593454
000d7d20_2672,11742.210579497909
000d7d20_2673,11741.887276570797
000d7d20_2674,11741.903971888923
000d7d20_2675,11741.92066720705
000d7d20_2676,11742.534606787873
000d7d20_2677,11741.954057843304
000d7d20_2678,11742.020290820125
000d7d20_2679,11741.98744847956
000d7d20_2680,11742.053681456378
000d7d20_2681,11742.070376774505
000d7d20_2682,11741.639814097027
000d7d20_2683,11742.01439668322
000d7d20_2684,11742.578798605351
000d7d20_2685,11742.387785564715
000d7d20_2686,11742.064482637603
000d7d20_2687,11741.862487083537
000d7d20_2688,11742.219180646904
000d7d20_2689,11741.873464466007
000d7d20_2690,11742.437866388138
000d7d20_2691,11742.2468533475
000d7d20_2692,11741.92355042039
000d7d20_2693,11742.280243983756
000d7d20_2694,11742.296939301883
000d7d20_2695,11742.861341224014
000d7d20_2696,11741.632444424831
000d7d20_2697,11741.671552996742
000d7d20_2698,11742.386133828175
000d7d20_2699,11742.610537505068
000d7d20_2700,11742.057112965407
000d7d20_2701,11742.417642206874
000d7d20_2702,11742.04078474485
000d7d20_2703,11742.60518666698
000d7d20_2704,11742.414173626343
000d7d20_2705,11742.430868944472
000d7d20_2706,11742.995270866602
000d7d20_2707,11742.464259580725
000d7d20_2708,11742.480954898852
000d7d20_2709,11742.50148589508
000d7d20_2710,11743.06205213911
000d7d20_2711,11742.531040853233
000d7d20_2712,11743.26929378855
000d7d20_2713,11742.313052476427
000d7d20_2714,11742.673581717894
000d7d20_2715,11743.016630109141
000d7d20_2716,11742.819423907493
000d7d20_2717,11742.83611922562
000d7d20_2718,11742.767516005539
000d7d20_2719,11741.900342152525
000d7d20_2720,11742.840192301584
000d7d20_2721,11742.309181015708
000d7d20_2722,11742.5335846926
000d7d20_2723,11742.346407330062
000d7d20_2724,11742.906973574092
000d7d20_2725,11742.035964042976
000d7d20_2726,11742.056495039205
000d7d20_2727,11742.957059528475
000d7d20_2728,11742.426048242598
000d7d20_2729,11742.99428584283
000d7d20_2730,11742.459438878852
000d7d20_2731,11743.172837154132
000d7d20_2732,11742.496665193208
000d7d20_2733,11743.057231437238
000d7d20_2734,11742.142232724604
000d7d20_2735,11743.050468570074
000d7d20_2736,11742.515621606097
000d7d20_2737,11742.536152602324
000d7d20_2738,11743.096718846355
000d7d20_2739,11742.56954323858
000d7d20_2740,11742.790111237371
000d7d20_2741,11742.602933874834
000d7d20_2742,11743.163500118864
000d7d20_2743,11742.636324511088
000d7d20_2744,11742.693100853385
000d7d20_2745,11743.261338453616
000d7d20_2746,11742.786572971574
000d7d20_2747,11743.447366571561
000d7d20_2748,11742.912519607584
000d7d20_2749,11743.516996831839
000d7d20_2750,11742.985985545962
000d7d20_2751,11742.998845185988
000d7d20_2752,11743.39804019894
000d7d20_2753,11742.867028913064
000d7d20_2754,11743.427595157094
000d7d20_2755,11743.069462136598
000d7d20_2756,11743.086157454725
000d7d20_2757,11743.646723698756
000d7d20_2758,11743.11954809098
000d7d20_2759,11743.683950013112
000d7d20_2760,11743.149103049134
000d7d20_2761,11743.169634045362
000d7d20_2762,11743.734035967493
000d7d20_2763,11743.203024681616
000d7d20_2764,11743.42619621129
000d7d20_2765,11742.891349247313
000d7d20_2766,11742.911880243542
000d7d20_2767,11743.476282165673
000d7d20_2768,11742.945270879796
000d7d20_2769,11743.509672801927
000d7d20_2770,11742.46962068353
000d7d20_2771,11742.502721107248
000d7d20_2772,11743.403285596518
000d7d20_2773,11742.536111743504
000d7d20_2774,11742.552807061631
000d7d20_2775,11743.457207229001
000d7d20_2776,11742.586197697885
000d7d20_2777,11743.150599620016
000d7d20_2778,11742.959586579378
000d7d20_2779,11742.976281897505
000d7d20_2780,11743.232444836483
000d7d20_2781,11743.041431795846
000d7d20_2782,11743.058127113973
000d7d20_2783,11743.243245131074
000d7d20_2784,11742.712233845197
000d7d20_2785,11743.068927408563
000d7d20_2786,11743.633329330696
000d7d20_2787,11743.10231804482
000d7d20_2788,11742.972771221223
000d7d20_2789,11743.683415285077
000d7d20_2790,11743.1524039992
000d7d20_2791,11742.829101072088
000d7d20_2792,11743.733501239458
000d7d20_2793,11743.202489953583
000d7d20_2794,11743.21918527171
000d7d20_2795,11743.297346806878
000d7d20_2796,11743.086653743047
000d7d20_2797,11743.103349061174
000d7d20_2798,11743.667750983304
000d7d20_2799,11742.990497555704
000d7d20_2800,11742.813436770317
000d7d20_2801,11743.717836937687
000d7d20_2802,11743.18682565181
000d7d20_2803,11743.057278828213
000d7d20_2804,11743.767922892068
000d7d20_2805,11743.276197265981
000d7d20_2806,11743.146650442384
000d7d20_2807,11743.85729450624
000d7d20_2808,11742.946999315334
000d7d20_2809,11742.817452491738
000d7d20_2810,11743.868094800831
000d7d20_2811,11742.609790500428
000d7d20_2812,11742.772727960279
000d7d20_2813,11743.644213012294
000d7d20_2814,11742.185701955299
000d7d20_2815,11743.046524928455
000d7d20_2816,11743.367514832764
000d7d20_2817,11742.73991731947
000d7d20_2818,11742.950368741112
000d7d20_2819,11743.113306200963
000d7d20_2820,11743.531465981372
000d7d20_2821,11743.077133925231
000d7d20_2822,11742.607588856396
000d7d20_2823,11743.65823116549
000d7d20_2824,11742.64097949265
000d7d20_2825,11743.116308233628
000d7d20_2826,11743.534468014035
000d7d20_2827,11743.029350893199
000d7d20_2828,11742.844340278709
000d7d20_2829,11742.968169462192
000d7d20_2830,11743.419244357956
000d7d20_2831,11743.228231317318
000d7d20_2832,11743.391168777169
000d7d20_2833,11743.261621953574
000d7d20_2834,11743.972266017428
000d7d20_2835,11743.295012589828
000d7d20_2836,11743.457950049678
000d7d20_2837,11743.536111584846
000d7d20_2838,11743.151342440693
000d7d20_2839,11743.361793862336
000d7d20_2840,11743.038490935225
000d7d20_2841,11743.74913499908
000d7d20_2842,11743.071881571479
000d7d20_2843,11742.847922897907
000d7d20_2844,11742.71837607431
000d7d20_2845,11743.089021892925
000d7d20_2846,11742.751766710564
000d7d20_2847,11742.428463783453
000d7d20_2848,11742.931399488543
000d7d20_2849,11742.801852664947
000d7d20_2850,11743.366254587077
000d7d20_2851,11742.641487197685
000d7d20_2852,11742.511940374088
000d7d20_2853,11743.014876079178
000d7d20_2854,11743.433035859587
000d7d20_2855,11742.972606009867
000d7d20_2856,11743.135543469718
000d7d20_2857,11743.005996646121
000d7d20_2858,11743.570398568252
000d7d20_2859,11742.84563117886
000d7d20_2860,11742.716084355265
000d7d20_2861,11743.219020060355
000d7d20_2862,11742.749474991519
000d7d20_2863,11743.31387691365
000d7d20_2864,11743.269106014735
000d7d20_2865,11742.7995609459
000d7d20_2866,11742.884451607044
000d7d20_2867,11743.387387312136
000d7d20_2868,11743.465548847304
000d7d20_2869,11742.934537561427
000d7d20_2870,11743.437473266516
000d7d20_2871,11743.30792644292
000d7d20_2872,11743.324621761047
000d7d20_2873,11743.889023683178
000d7d20_2874,11743.504254539026
000d7d20_2875,11742.683919446386
000d7d20_2876,11742.700614764513
000d7d20_2877,11742.863552224364
000d7d20_2878,11743.281712004771
000d7d20_2879,11742.410702473655
000d7d20_2880,11742.427397791782
000d7d20_2881,11742.930333496874
000d7d20_2882,11742.460788428038
000d7d20_2883,11743.365188595408
000d7d20_2884,11742.980419451254
000d7d20_2885,11742.510874382418
000d7d20_2886,11742.867567945785
000d7d20_2887,11742.884263263913
000d7d20_2888,11743.047200723764
000d7d20_2889,11743.465360504171
000d7d20_2890,11742.934349218294
000d7d20_2891,11742.951044536421
000d7d20_2892,11742.773983751033
000d7d20_2893,11742.644436927436
000d7d20_2894,11743.001130490804
000d7d20_2895,11743.565532412935
000d7d20_2896,11742.694522881819
000d7d20_2897,11743.197458586908
000d7d20_2898,11743.067911763312
000d7d20_2899,11742.7446088362
000d7d20_2900,11743.101302399566
000d7d20_2901,11743.811946463422
000d7d20_2902,11743.134693035821
000d7d20_2903,11743.151388353948
000d7d20_2904,11743.168083672075
000d7d20_2905,11743.184778990202
000d7d20_2906,11743.20147430833
000d7d20_2907,11743.228591379386
000d7d20_2908,11743.646751159795
000d7d20_2909,11743.115739873918
000d7d20_2910,11743.132435192045
000d7d20_2911,11743.149130510172
000d7d20_2912,11743.312067970022
000d7d20_2913,11743.182521146426
000d7d20_2914,11743.199216464554
000d7d20_2915,11743.763618386685
000d7d20_2916,11743.232607100808
000d7d20_2917,11743.022631200063
000d7d20_2918,11742.925999491823
000d7d20_2919,11743.28269305519
000d7d20_2920,11742.92647501272
000d7d20_2921,11743.676227352944
000d7d20_2922,11743.338972170583
000d7d20_2923,11743.35566748871
000d7d20_2924,11743.51860494856
000d7d20_2925,11743.009951603357
000d7d20_2926,11743.366645166723
000d7d20_2927,11744.077289230578
000d7d20_2928,11743.099145834107
000d7d20_2929,11743.139602901501
000d7d20_2930,11743.13253647036
000d7d20_2931,11743.295473930211
000d7d20_2932,11743.165927106615
000d7d20_2933,11743.87657117047
000d7d20_2934,11743.199317742869
000d7d20_2935,11743.362255202721
000d7d20_2936,11743.232708379124
000d7d20_2937,11743.820872050523
000d7d20_2938,11743.143618622922
000d7d20_2939,11743.549384451913
000d7d20_2940,11743.344625149679
000d7d20_2941,11743.215078326084
000d7d20_2942,11743.925722389939
000d7d20_2943,11743.394711104062
000d7d20_2944,11743.265164280465
000d7d20_2945,11743.428101740315
000d7d20_2946,11743.992503662446
000d7d20_2947,11743.315250234846
000d7d20_2948,11743.478187694698
000d7d20_2949,11743.494883012825
000d7d20_2950,11744.059284934956
000d7d20_2951,11743.382031507355
000d7d20_2952,11743.884967212445
000d7d20_2953,11744.109370889337
000d7d20_2954,11743.57835960346
000d7d20_2955,11743.595054921589
000d7d20_2956,11743.951748484955
000d7d20_2957,11744.176152161846
000d7d20_2958,11743.64514087597
000d7d20_2959,11743.487987088261
000d7d20_2960,11744.198631152116
000d7d20_2961,11743.667619866239
000d7d20_2962,11743.781485060466
000d7d20_2963,11744.345886982597
000d7d20_2964,11743.81487569672
000d7d20_2965,11743.831571014847
000d7d20_2966,11744.236167639127
000d7d20_2967,11743.861125973
000d7d20_2968,11744.429363573234
000d7d20_2969,11743.470902107303
000d7d20_2970,11744.185482938736
000d7d20_2971,11744.722277896755
000d7d20_2972,11743.87887532975
000d7d20_2973,11744.235568893117
000d7d20_2974,11744.796135137147
000d7d20_2975,11743.928961284133
000d7d20_2976,11744.833361451503
000d7d20_2977,11744.302350165626
000d7d20_2978,11744.866752087757
000d7d20_2979,11743.99190687854
000d7d20_2980,11744.012437874768
000d7d20_2981,11744.916838042138
000d7d20_2982,11744.381991078162
000d7d20_2983,11744.610230433154
000d7d20_2984,11744.419217392517
000d7d20_2985,11744.979783636547
000d7d20_2986,11744.45260802877
000d7d20_2987,11745.017009950901
000d7d20_2988,11744.482162986924
000d7d20_2989,11744.352515073851
000d7d20_2990,11743.80527225111
000d7d20_2991,11744.37350985134
000d7d20_2992,11743.396613860874
000d7d20_2993,11744.304849706345
000d7d20_2994,11743.770002742367
000d7d20_2995,11744.3382403426
000d7d20_2996,11744.351099982627
000d7d20_2997,11742.952027631076
000d7d20_2998,11744.210479388412
000d7d20_2999,11743.679468102535
000d7d20_3000,11744.198168044075
000d7d20_3001,11744.211027684101
000d7d20_3002,11743.680016398226
000d7d20_3003,11744.248253998458
000d7d20_3004,11743.724212164485
000d7d20_3005,11744.288614086616
000d7d20_3006,11744.169530977619
000d7d20_3007,11743.634684013641
000d7d20_3008,11744.395510420025
000d7d20_3009,11744.416041416254
000d7d20_3010,11743.881194452277
000d7d20_3011,11744.445596374408
000d7d20_3012,11744.462291692535
000d7d20_3013,11743.935116084758
000d7d20_3014,11744.495682328788
000d7d20_3015,11743.624672797672
000d7d20_3016,11744.1821052679
000d7d20_3017,11743.83707763986
000d7d20_3018,11744.00395186729
000d7d20_3019,11744.57218946752
000d7d20_3020,11743.697344258304
000d7d20_3021,11744.605580103775
000d7d20_3022,11744.618439743803
000d7d20_3023,11743.747430212687
000d7d20_3024,11744.36520547161
000d7d20_3025,11743.830358507632
000d7d20_3026,11744.398596107863
000d7d20_3027,11744.389042494106
000d7d20_3028,11744.198029453468
000d7d20_3029,11744.766267053701
000d7d20_3030,11744.231420089724
000d7d20_3031,11744.799657689955
000d7d20_3032,11744.472519084742
000d7d20_3033,11743.945343476966
000d7d20_3034,11744.505909720996
000d7d20_3035,11744.318732358459
000d7d20_3036,11744.539300357252
000d7d20_3037,11744.352122994715
000d7d20_3038,11744.572690993506
000d7d20_3039,11744.593221989733
000d7d20_3040,11744.398373270995
000d7d20_3041,11744.966610871226
000d7d20_3042,11744.091765662011
000d7d20_3043,11744.660003262243
000d7d20_3044,11744.097549334154
000d7d20_3045,11744.762956810484
000d7d20_3046,11744.568108091746
000d7d20_3047,11744.341290302573
000d7d20_3048,11744.6053344061
000d7d20_3049,11745.165900650132
000d7d20_3050,11744.298726797117
000d7d20_3051,11745.199291286386
000d7d20_3052,11744.879824037374
000d7d20_3053,11744.688810996737
000d7d20_3054,11744.909378995528
000d7d20_3055,11744.504683780207
000d7d20_3056,11745.405248269479
000d7d20_3057,11744.498966140096
000d7d20_3058,11745.403366307466
000d7d20_3059,11744.52852109825
000d7d20_3060,11745.43675694372
000d7d20_3061,11744.905745657843
000d7d20_3062,11745.466311901873
000d7d20_3063,11744.59913804886
000d7d20_3064,11745.202648247358
000d7d20_3065,11744.66780128338
000d7d20_3066,11745.453556736395
000d7d20_3067,11744.922545450518
000d7d20_3068,11745.570319488737
000d7d20_3069,11744.695474279522
000d7d20_3070,11745.263711879754
000d7d20_3071,11745.072698839116
000d7d20_3072,11745.089394157243
000d7d20_3073,11745.152865293241
000d7d20_3074,11744.625689685465
000d7d20_3075,11745.190091607596
000d7d20_3076,11744.626165206364
000d7d20_3077,11745.186731450394
000d7d20_3078,11744.659555842618
000d7d20_3079,11744.916874634866
000d7d20_3080,11744.725861594228
000d7d20_3081,11744.95026527112
000d7d20_3082,11744.419253985243
000d7d20_3083,11745.319818474514
000d7d20_3084,11744.452644621499
000d7d20_3085,11744.469339939626
000d7d20_3086,11745.373740106996
000d7d20_3087,11744.842728821119
000d7d20_3088,11745.44641640304
000d7d20_3089,11744.915405117163
000d7d20_3090,11745.135973115955
000d7d20_3091,11744.510939079224
000d7d20_3092,11744.187636152112
000d7d20_3093,11744.752038074243
000d7d20_3094,11744.561025033605
000d7d20_3095,11745.125426955736
000d7d20_3096,11744.59441566986
000d7d20_3097,11744.779533686962
000d7d20_3098,11744.588520646324
000d7d20_3099,11744.605215964451
000d7d20_3100,11745.169617886582
000d7d20_3101,11744.298608355466
000d7d20_3102,11744.863010277597
000d7d20_3103,11744.671997236961
000d7d20_3104,11744.688692555088
000d7d20_3105,11745.292380137009
000d7d20_3106,11744.761368851132
000d7d20_3107,11745.321935095162
000d7d20_3108,11744.794759487386
000d7d20_3109,11744.811454805513
000d7d20_3110,11745.524853080795
000d7d20_3111,11744.844845441768
000d7d20_3112,11745.4092473639
000d7d20_3113,11744.878236078022
000d7d20_3114,11744.524259170197
000d7d20_3115,11744.748662847089
000d7d20_3116,11744.557649806451
000d7d20_3117,11744.23434687934
000d7d20_3118,11745.13874704671
000d7d20_3119,11744.607735760834
000d7d20_3120,11745.172137682965
000d7d20_3121,11744.641126397088
000d7d20_3122,11744.657821715215
000d7d20_3123,11745.201982853656
000d7d20_3124,11744.924650843292
000d7d20_3125,11744.416975967937
000d7d20_3126,11744.981377890068
000d7d20_3127,11744.450366604191
000d7d20_3128,11744.467061922318
000d7d20_3129,11745.031463844449
000d7d20_3130,11744.500452558574
000d7d20_3131,11744.416300632438
000d7d20_3132,11744.65710941492
000d7d20_3133,11744.466096374283
000d7d20_3134,11744.48279169241
000d7d20_3135,11745.04335793644
000d7d20_3136,11744.516182328663
000d7d20_3137,11744.532877646792
000d7d20_3138,11744.757281323684
000d7d20_3139,11744.566268283046
000d7d20_3140,11744.242965355934
000d7d20_3141,11745.147365523304
000d7d20_3142,11744.616354237427
000d7d20_3143,11744.633049555554
000d7d20_3144,11745.197451477687
000d7d20_3145,11744.662604513709
000d7d20_3146,11744.343137264697
000d7d20_3147,11745.247537432067
000d7d20_3148,11744.71652614619
000d7d20_3149,11744.733221464317
000d7d20_3150,11744.749916782446
000d7d20_3151,11745.314318704577
000d7d20_3152,11744.93230377185
000d7d20_3153,11744.796167058726
000d7d20_3154,11745.364404658958
000d7d20_3155,11744.833393373081
000d7d20_3156,11744.850088691208
000d7d20_3157,11744.866784009337
000d7d20_3158,11745.431185931468
000d7d20_3159,11744.839211968589
000d7d20_3160,11744.852071608615
000d7d20_3161,11745.420309208846
000d7d20_3162,11744.88929792297
000d7d20_3163,11744.905993241096
000d7d20_3164,11744.582690313986
000d7d20_3165,11745.487090481356
000d7d20_3166,11744.61608095024
000d7d20_3167,11744.628940590266
000d7d20_3168,11744.989469831733
000d7d20_3169,11745.213873508625
000d7d20_3170,11745.022860467987
000d7d20_3171,11744.699557540876
000d7d20_3172,11745.263959463007
000d7d20_3173,11745.069110744269
000d7d20_3174,11744.749643495257
000d7d20_3175,11744.766338813384
000d7d20_3176,11745.631453320964
000d7d20_3177,11745.10044203509
000d7d20_3178,11745.117137353216
000d7d20_3179,11744.789994933306
000d7d20_3180,11745.698234593474
000d7d20_3181,11744.827223155009
000d7d20_3182,11745.183918625724
000d7d20_3183,11744.860613791263
000d7d20_3184,11744.515595699968
000d7d20_3185,11745.78171118411
000d7d20_3186,11744.910699745646
000d7d20_3187,11744.894483763113
000d7d20_3188,11745.251175419131
000d7d20_3189,11745.51468737239
000d7d20_3190,11745.197358261195
000d7d20_3191,11745.217889257425
000d7d20_3192,11745.234584575552
000d7d20_3193,11745.15411001758
000d7d20_3194,11745.71851193971
000d7d20_3195,11744.871298490138
000d7d20_3196,11744.89182376432
000d7d20_3197,11745.2484982542
000d7d20_3198,11745.472901931093
000d7d20_3199,11745.278053212354
000d7d20_3200,11744.958605036829
000d7d20_3201,11744.975300354956
000d7d20_3202,11745.328139166735
000d7d20_3203,11745.556378521727
000d7d20_3204,11745.04103801222
000d7d20_3205,11745.463441643335
000d7d20_3206,11745.483972639562
000d7d20_3207,11745.283150104906
000d7d20_3208,11745.72123595648
000d7d20_3209,11745.534058593943
000d7d20_3210,11744.755709966757
000d7d20_3211,11745.466443676
000d7d20_3212,11745.293357805162
000d7d20_3213,11745.853922141843
000d7d20_3214,11745.666744779306
000d7d20_3215,11745.679604419332
000d7d20_3216,11745.797305291659
000d7d20_3217,11745.810164931685
000d7d20_3218,11746.378402531918
000d7d20_3219,11745.406387446603
000d7d20_3220,11745.450689728841
000d7d20_3221,11745.811218970308
000d7d20_3222,11745.484080365095
000d7d20_3223,11746.052317965326
000d7d20_3224,11745.85746924659
000d7d20_3225,11745.534166319478
000d7d20_3226,11745.894695560944
000d7d20_3227,11745.567556955732
000d7d20_3228,11746.131958877862
000d7d20_3229,11745.944781515325
000d7d20_3230,11745.581643612017
000d7d20_3231,11745.598338930145
000d7d20_3232,11745.955026771466
000d7d20_3233,11746.254946195428
000d7d20_3234,11745.71797825977
000d7d20_3235,11745.734673577897
000d7d20_3236,11746.09137095596
000d7d20_3237,11746.108066274088
000d7d20_3238,11746.407985698052
000d7d20_3239,11746.141456910344
000d7d20_3240,11745.818150168534
000d7d20_3241,11746.297327939054
000d7d20_3242,11746.31402325718
000d7d20_3243,11745.951612053701
000d7d20_3244,11746.620609160158
000d7d20_3245,11746.357916050552
000d7d20_3246,11746.37461136868
000d7d20_3247,11746.391306686806
000d7d20_3248,11746.408002004933
000d7d20_3249,11746.704085750795
000d7d20_3250,11746.101394395948
000d7d20_3251,11746.458087959316
000d7d20_3252,11746.474783277443
000d7d20_3253,11746.15148035033
000d7d20_3254,11746.508173913697
000d7d20_3255,11746.804257659558
000d7d20_3256,11746.54156454995
000d7d20_3257,11746.535938167028
000d7d20_3258,11746.552633485157
000d7d20_3259,11746.229330558044
000d7d20_3260,11746.58602412141
000d7d20_3261,11746.542109622033
000d7d20_3262,11746.619414757664
000d7d20_3263,11746.636110075791
000d7d20_3264,11746.652805393918
000d7d20_3265,11746.329502466808
000d7d20_3266,11746.686196030174
000d7d20_3267,11746.949364660679
000d7d20_3268,11746.346673305832
000d7d20_3269,11746.703366869198
000d7d20_3270,11746.380063942086
000d7d20_3271,11746.769672620809
000d7d20_3272,11746.786367938937
000d7d20_3273,11747.082451684799
000d7d20_3274,11746.819758575191
000d7d20_3275,11746.836453893318
000d7d20_3276,11746.519344127217
000d7d20_3277,11746.876037690583
000d7d20_3278,11746.892733008712
000d7d20_3279,11747.188816754573
000d7d20_3280,11746.586125399726
000d7d20_3281,11746.942818963093
000d7d20_3282,11746.937850615448
000d7d20_3283,11746.781637150616
000d7d20_3284,11747.138330713982
000d7d20_3285,11746.815027786872
000d7d20_3286,11747.171721350238
000d7d20_3287,11747.188416668365
000d7d20_3288,11747.205111986492
000d7d20_3289,11746.842700783012
000d7d20_3290,11746.85939610114
000d7d20_3291,11747.216089664505
000d7d20_3292,11747.232784982634
000d7d20_3293,11747.282395416118
000d7d20_3294,11747.299090734245
000d7d20_3295,11746.975787807132
000d7d20_3296,11747.332481370498
000d7d20_3297,11747.349176688625
000d7d20_3298,11747.365872006752
000d7d20_3299,11747.042569079642
000d7d20_3300,11747.059264397769
000d7d20_3301,11747.24520638948
000d7d20_3302,11747.261901707607
000d7d20_3303,11747.278597025734
000d7d20_3304,11747.29529234386
000d7d20_3305,11746.97198941675
000d7d20_3306,11747.328682980116
000d7d20_3307,11747.005380053004
000d7d20_3308,11747.022075371131
000d7d20_3309,11747.038770689258
000d7d20_3310,11747.055466007385
000d7d20_3311,11747.072161325512
000d7d20_3312,11747.42885488888
000d7d20_3313,11747.445550207007
000d7d20_3314,11747.462245525134
000d7d20_3315,11747.51822650305
000d7d20_3316,11747.534921821178
000d7d20_3317,11747.551617139305
000d7d20_3318,11747.228314212192
000d7d20_3319,11747.58500777556
000d7d20_3320,11747.195828841368
000d7d20_3321,11747.552522404734
000d7d20_3322,11747.71821407601
000d7d20_3323,11747.585913040988
000d7d20_3324,11747.602608359115
000d7d20_3325,11747.619303677242
000d7d20_3326,11747.645633013315
000d7d20_3327,11747.568610756369
000d7d20_3328,11747.585306074496
000d7d20_3329,11747.602001392623
000d7d20_3330,11747.61869671075
000d7d20_3331,11747.618986923286
000d7d20_3332,11747.643973485921
000d7d20_3333,11747.664504482149
000d7d20_3334,11747.769920121931
000d7d20_3335,11747.786615440058
000d7d20_3336,11747.71075475843
000d7d20_3337,11747.731285754657
000d7d20_3338,11747.625439645171
000d7d20_3339,11747.734690963056
000d7d20_3340,11747.755221959284
000d7d20_3341,11747.76808159931
000d7d20_3342,11747.784776917437
000d7d20_3343,11747.704460669402
000d7d20_3344,11747.732264385966
000d7d20_3345,11747.752795382194
000d7d20_3346,11748.015498619634
000d7d20_3347,11747.883197584611
000d7d20_3348,11747.909526920683
000d7d20_3349,11747.916588220865
000d7d20_3350,11747.937119217093
000d7d20_3351,11747.94997885712
000d7d20_3352,11747.970509853347
000d7d20_3353,11747.554668092618
000d7d20_3354,11747.89921756724
000d7d20_3355,11747.928039807974
000d7d20_3356,11747.940899448
000d7d20_3357,11747.537377252089
000d7d20_3358,11747.537879180323
000d7d20_3359,11747.21861220292
000d7d20_3360,11747.562976664723
000d7d20_3361,11747.595865372743
000d7d20_3362,11747.596367300977
000d7d20_3363,11747.625422238245
000d7d20_3364,11747.638051089087
000d7d20_3365,11747.654746407214
000d7d20_3366,11747.663148573487
000d7d20_3367,11747.696247089856
000d7d20_3368,11747.709108637231
000d7d20_3369,11747.341669662756
000d7d20_3370,11747.746333044237
000d7d20_3371,11747.763028362364
000d7d20_3372,11747.391755617136
000d7d20_3373,11747.4563940505
000d7d20_3374,11747.765163572118
000d7d20_3375,11747.441841571519
000d7d20_3376,11747.734631326291
000d7d20_3377,11747.79927357435
000d7d20_3378,11747.728738210104
000d7d20_3379,11747.4054238389
000d7d20_3380,11747.76212884636
000d7d20_3381,11747.778824164487
000d7d20_3382,11747.455509793283
000d7d20_3383,11748.175770708944
000d7d20_3384,11747.488900429536
000d7d20_3385,11747.505595747663
000d7d20_3386,11747.862300755123
000d7d20_3387,11747.53898638392
000d7d20_3388,11747.555681702046
000d7d20_3389,11747.912386709504
000d7d20_3390,11747.5890723383
000d7d20_3391,11748.309333253961
000d7d20_3392,11747.962472663885
000d7d20_3393,11747.979167982014
000d7d20_3394,11747.65585361081
000d7d20_3395,11747.47027079173
000d7d20_3396,11747.826966262444
000d7d20_3397,11747.503661427983
000d7d20_3398,11747.860356898698
000d7d20_3399,11747.90062323123
000d7d20_3400,11747.553747382366
000d7d20_3401,11747.91044285308
000d7d20_3402,11747.58713801862
000d7d20_3403,11747.603833336747
000d7d20_3404,11747.960528807462
000d7d20_3405,11747.977224125589
000d7d20_3406,11747.961002421012
000d7d20_3407,11747.637697586551
000d7d20_3408,11747.994393057266
000d7d20_3409,11748.407570843045
000d7d20_3410,11748.060700716225
000d7d20_3411,11748.077396034352
000d7d20_3412,11748.09409135248
000d7d20_3413,11747.840000385208
000d7d20_3414,11747.904638818569
000d7d20_3415,11747.873391021461
000d7d20_3416,11747.890086339588
000d7d20_3417,11747.906781657715
000d7d20_3418,11747.923476975842
000d7d20_3419,11748.081068137475
000d7d20_3420,11748.145706570838
000d7d20_3421,11748.517307971118
000d7d20_3422,11748.1704378443
000d7d20_3423,11748.187133162426
000d7d20_3424,11748.400766041588
000d7d20_3425,11748.353115046239
000d7d20_3426,11748.470663330674
000d7d20_3427,11748.541094381835
000d7d20_3428,11748.582199947765
000d7d20_3429,11748.3775531791
000d7d20_3430,11748.436393272617
000d7d20_3431,11748.170453855637
000d7d20_3432,11748.086097843197
000d7d20_3433,11748.054850046092
000d7d20_3434,11747.779488326865
000d7d20_3435,11748.47192674802
000d7d20_3436,11748.53656518138
000d7d20_3437,11748.505317384273
000d7d20_3438,11748.933521262581
000d7d20_3439,11748.538708020527
000d7d20_3440,11748.60334645389
000d7d20_3441,11748.28004161943
000d7d20_3442,11748.58879397491
000d7d20_3443,11748.653432408271
000d7d20_3444,11748.670127726398
000d7d20_3445,11748.63887992929
000d7d20_3446,11748.703518362652
000d7d20_3447,11748.72625616125
000d7d20_3448,11748.270558443488
000d7d20_3449,11748.675197029437
000d7d20_3450,11748.691892347564
000d7d20_3451,11748.192123432293
000d7d20_3452,11748.20881875042
000d7d20_3453,11748.177570953312
000d7d20_3454,11748.242209386675
000d7d20_3455,11748.258904704802
000d7d20_3456,11747.935599870341
000d7d20_3457,11747.952295188468
000d7d20_3458,11748.308990659183
000d7d20_3459,11748.286402224869
000d7d20_3460,11748.303097542997
000d7d20_3461,11747.979792708536
000d7d20_3462,11748.375771931693
000d7d20_3463,11748.39246724982
000d7d20_3464,11748.029878662917
000d7d20_3465,11748.386574133632
000d7d20_3466,11748.40326945176
000d7d20_3467,11748.0799646173
000d7d20_3468,11748.096659935427
000d7d20_3469,11748.453355406142
000d7d20_3470,11748.35397711587
000d7d20_3471,11748.046865671302
000d7d20_3472,11748.387367752124
000d7d20_3473,11748.404063070251
000d7d20_3474,11748.080758235792
000d7d20_3475,11748.437453706507
000d7d20_3476,11748.470342414526
000d7d20_3477,11748.47084434276
000d7d20_3478,11748.1475395083
000d7d20_3479,11748.520428368907
000d7d20_3480,11748.520930297142
000d7d20_3481,11748.53762561527
000d7d20_3482,11748.21432078081
000d7d20_3483,11748.214292466124
000d7d20_3484,11748.554794546946
000d7d20_3485,11748.571489865073
000d7d20_3486,11748.5881851832
000d7d20_3487,11748.604880501329
000d7d20_3488,11748.314492689573
000d7d20_3489,11748.671188160288
000d7d20_3490,11748.687883478415
000d7d20_3491,11748.704578796542
000d7d20_3492,11748.38127396208
000d7d20_3493,11748.737969432796
000d7d20_3494,11749.118235917917
000d7d20_3495,11748.771360069051
000d7d20_3496,11748.788055387178
000d7d20_3497,11748.804750705305
000d7d20_3498,11748.821446023432
000d7d20_3499,11748.877425094
000d7d20_3500,11748.917691426532
000d7d20_3501,11748.531531825227
000d7d20_3502,11748.888227295942
000d7d20_3503,11748.856979498834
000d7d20_3504,11749.32447285163
000d7d20_3505,11748.598313097735
000d7d20_3506,11748.615008415862
000d7d20_3507,11748.923760771342
000d7d20_3508,11749.351970371697
000d7d20_3509,11749.005094522832
000d7d20_3510,11748.973846725725
000d7d20_3511,11749.06205617349
000d7d20_3512,11748.715180324625
000d7d20_3513,11749.023932680106
000d7d20_3514,11749.452142280461
000d7d20_3515,11749.057323316361
000d7d20_3516,11748.781961597135
000d7d20_3517,11749.502228234842
000d7d20_3518,11749.074492248037
000d7d20_3519,11749.040082066897
000d7d20_3520,11749.081149485854
000d7d20_3521,11749.29099818533
000d7d20_3522,11749.20647432621
000d7d20_3523,11749.175226529103
000d7d20_3524,11749.603436129457
000d7d20_3525,11749.241534188062
000d7d20_3526,11749.621800673181
000d7d20_3527,11749.28469807871
000d7d20_3528,11749.617021448597
000d7d20_3529,11748.969429199586
000d7d20_3530,11749.689695837293
000d7d20_3531,11749.754334270654
000d7d20_3532,11749.359515306554
000d7d20_3533,11749.399781639086
000d7d20_3534,11749.392905942808
000d7d20_3535,11749.77317242793
000d7d20_3536,11749.426296579064
000d7d20_3537,11749.854506179418
000d7d20_3538,11749.82325838231
000d7d20_3539,11749.136382380857
000d7d20_3540,11749.856649018564
000d7d20_3541,11749.873344336693
000d7d20_3542,11749.526468487828
000d7d20_3543,11749.906734972947
000d7d20_3544,11749.923430291074
000d7d20_3545,11749.576554442208
000d7d20_3546,11749.956820927327
000d7d20_3547,11749.218614359468
000d7d20_3548,11749.235309677597
000d7d20_3549,11748.888433828732
000d7d20_3550,11749.26870031385
000d7d20_3551,11749.285395631978
000d7d20_3552,11749.302090950105
000d7d20_3553,11748.95521510124
000d7d20_3554,11748.99548143377
000d7d20_3555,11749.352176904487
000d7d20_3556,11749.368872222614
000d7d20_3557,11749.385567540741
000d7d20_3558,11749.402262858868
000d7d20_3559,11749.02478169384
000d7d20_3560,11749.40504817896
000d7d20_3561,11749.421743497087
000d7d20_3562,11749.438438815216
000d7d20_3563,11749.455134133343
000d7d20_3564,11749.47182945147
000d7d20_3565,11749.488524769597
000d7d20_3566,11749.505220087724
000d7d20_3567,11749.181915253263
000d7d20_3568,11749.198610571391
000d7d20_3569,11749.555306042106
000d7d20_3570,11749.572001360233
000d7d20_3571,11749.248696525772
000d7d20_3572,11749.605391996487
000d7d20_3573,11749.622087314614
000d7d20_3574,11749.298782480153
000d7d20_3575,11749.65547795087
000d7d20_3576,11749.672173268997
000d7d20_3577,11749.348868434536
000d7d20_3578,11749.70556390525
000d7d20_3579,11749.722259223377
000d7d20_3580,11749.344175336182
000d7d20_3581,11749.71636610719
000d7d20_3582,11749.733061425319
000d7d20_3583,11749.749756743446
000d7d20_3584,11749.436400639453
000d7d20_3585,11749.750230356995
000d7d20_3586,11749.314117294995
000d7d20_3587,11748.916135946862
000d7d20_3588,11749.150356747168
000d7d20_3589,11749.069884096545
000d7d20_3590,11749.086579414672
000d7d20_3591,11749.146140485973
000d7d20_3592,11749.147577015037
000d7d20_3593,11749.269767786045
000d7d20_3594,11749.286463104172
000d7d20_3595,11749.3031584223
000d7d20_3596,11749.362719493602
000d7d20_3597,11749.336549058555
000d7d20_3598,11749.353244376682
000d7d20_3599,11749.02993954222
000d7d20_3600,11749.089500613522
000d7d20_3601,11749.403330331063
000d7d20_3602,11749.420025649191
000d7d20_3603,11749.139586567904
000d7d20_3604,11748.75552886479
000d7d20_3605,11748.742862458064
000d7d20_3606,11748.802423529365
000d7d20_3607,11749.116253246906
000d7d20_3608,11749.180891680267
000d7d20_3609,11749.192509636336
000d7d20_3610,11749.166339201289
000d7d20_3611,11749.183034519416
000d7d20_3612,11749.242595590717
000d7d20_3613,11749.155157302886
000d7d20_3614,11749.219795736248
000d7d20_3615,11749.231413692316
000d7d20_3616,11748.507355836615
000d7d20_3617,11749.068377936968
000d7d20_3618,11749.090150617156
000d7d20_3619,11748.958194812236
000d7d20_3620,11748.932024377189
000d7d20_3621,11748.704052642093
000d7d20_3622,11748.98782635988
000d7d20_3623,11749.052464793242
000d7d20_3624,11749.064082749308
000d7d20_3625,11749.085855429495
000d7d20_3626,11749.097473385562
000d7d20_3627,11749.11924606575
000d7d20_3628,11748.971054909267
000d7d20_3629,11748.788077528421
000d7d20_3630,11748.71396397814
000d7d20_3631,11749.179355432741
000d7d20_3632,11749.10524188246
000d7d20_3633,11748.854858800929
000d7d20_3634,11749.186575633948
000d7d20_3635,11748.840306321948
000d7d20_3636,11749.10302291083
000d7d20_3637,11749.236661588331
000d7d20_3638,11748.890392276331
000d7d20_3639,11749.270052224585
000d7d20_3640,11749.329613295886
000d7d20_3641,11749.6863087666
000d7d20_3642,11749.184262477063
000d7d20_3643,11749.021811982202
000d7d20_3644,11749.077527838659
000d7d20_3645,11749.051357403612
000d7d20_3646,11749.110918474913
000d7d20_3647,11749.12761379304
000d7d20_3648,11749.144309111167
000d7d20_3649,11748.67342889829
000d7d20_3650,11749.072990122178
000d7d20_3651,11748.749685287718
000d7d20_3652,11748.72351485267
000d7d20_3653,11749.12307607656
000d7d20_3654,11748.84930890079
000d7d20_3655,11749.206004371505
000d7d20_3656,11749.222699689633
000d7d20_3657,11749.196529254586
000d7d20_3658,11749.256090325887
000d7d20_3659,11748.57489822336
000d7d20_3660,11749.289480962141
000d7d20_3661,11748.977021312006
000d7d20_3662,11748.940005692633
000d7d20_3663,11749.339566916524
000d7d20_3664,11749.077423123323
000d7d20_3665,11748.568537081586
000d7d20_3666,11748.5869261253
000d7d20_3667,11748.603621443426
000d7d20_3668,11748.284840839922
000d7d20_3669,11748.670268610444
000d7d20_3670,11748.676118744244
000d7d20_3671,11748.660793493524
000d7d20_3672,11749.067564495244
000d7d20_3673,11748.68751222426
000d7d20_3674,11749.033362510649
000d7d20_3675,11748.02301543986
000d7d20_3676,11749.066753146904
000d7d20_3677,11748.056406076115
000d7d20_3678,11747.87667500264
000d7d20_3679,11748.22252528903
000d7d20_3680,11748.585984217996
000d7d20_3681,11748.55981378295
000d7d20_3682,11748.61937485425
000d7d20_3683,11748.636070172379
000d7d20_3684,11748.981920458767
000d7d20_3685,11748.18508962333
000d7d20_3686,11748.05821118047
000d7d20_3687,11748.414906651185
000d7d20_3688,11748.442409006666
000d7d20_3689,11748.459104324793
000d7d20_3690,11748.475799642922
000d7d20_3691,11748.141687771107
000d7d20_3692,11748.158383089234
000d7d20_3693,11748.515078559949
000d7d20_3694,11748.216500593164
000d7d20_3695,11748.616061817052
000d7d20_3696,11748.632757135181
000d7d20_3697,11748.287040954285
000d7d20_3698,11748.643736425
000d7d20_3699,11748.660431743127
000d7d20_3700,11748.337126908666
000d7d20_3701,11748.545857901841
000d7d20_3702,11748.902553372556
000d7d20_3703,11748.919248690685
000d7d20_3704,11748.595943856224
000d7d20_3705,11748.952639326939
000d7d20_3706,11748.969334645066
000d7d20_3707,11749.060706476865
000d7d20_3708,11749.077401794992
000d7d20_3709,11748.75409696053
000d7d20_3710,11748.803709301365
000d7d20_3711,11749.023663133896
000d7d20_3712,11749.040358452023
000d7d20_3713,11748.717053617562
000d7d20_3714,11749.073749088277
000d7d20_3715,11749.090444406404
000d7d20_3716,11749.10713972453
000d7d20_3717,11749.12383504266
000d7d20_3718,11749.097664607612
000d7d20_3719,11749.157225678913
000d7d20_3720,11749.362199195282
000d7d20_3721,11749.233295148175
000d7d20_3722,11749.106794360345
000d7d20_3723,11749.123489678474
000d7d20_3724,11749.1401849966
000d7d20_3725,11748.58076184549
000d7d20_3726,11748.591658823772
000d7d20_3727,11748.218625595757
000d7d20_3728,11748.218917715642
000d7d20_3729,11748.235613033768
000d7d20_3730,11748.548489076995
000d7d20_3731,11748.565184395122
000d7d20_3732,11748.921879865837
000d7d20_3733,11748.368525898075
000d7d20_3734,11748.72522136879
000d7d20_3735,11748.741916686917
000d7d20_3736,11748.758612005044
000d7d20_3737,11748.75890412493
000d7d20_3738,11748.640891038516
000d7d20_3739,11748.453202506545
000d7d20_3740,11748.80989797726
000d7d20_3741,11748.826593295387
000d7d20_3742,11748.464004708485
000d7d20_3743,11748.8207001792
000d7d20_3744,11747.885674305922
000d7d20_3745,11747.90236962405
000d7d20_3746,11747.579064789588
000d7d20_3747,11747.935760260303
000d7d20_3748,11747.024499950989
000d7d20_3749,11746.951748247631
000d7d20_3750,11746.990854912196
000d7d20_3751,11747.637845030127
000d7d20_3752,11746.967459964953
000d7d20_3753,11747.682042703735
000d7d20_3754,11747.698738021862
000d7d20_3755,11747.017545919334
000d7d20_3756,11747.034241237461
000d7d20_3757,11747.748823976244
000d7d20_3758,11747.067631873717
000d7d20_3759,11747.054606885447
000d7d20_3760,11747.071302203574
000d7d20_3761,11747.770946587863
000d7d20_3762,11747.104692839828
000d7d20_3763,11747.951737126461
000d7d20_3764,11747.764048594492
000d7d20_3765,11745.845452622336
000d7d20_3766,11745.862147940463
000d7d20_3767,11746.670526455611
000d7d20_3768,11746.687221773738
000d7d20_3769,11745.973742073555
000d7d20_3770,11746.688324812338
000d7d20_3771,11746.705020130465
000d7d20_3772,11746.023828027937
000d7d20_3773,11746.040523346064
000d7d20_3774,11746.755106084845
000d7d20_3775,11746.058975627826
000d7d20_3776,11746.773558366607
000d7d20_3777,11746.790253684736
000d7d20_3778,11746.109061582209
000d7d20_3779,11746.140695254828
000d7d20_3780,11746.855277993609
000d7d20_3781,11746.871973311736
000d7d20_3782,11746.888668629863
000d7d20_3783,11746.90536394799
000d7d20_3784,11746.286179749517
000d7d20_3785,11745.278289343767
000d7d20_3786,11745.992872082548
000d7d20_3787,11745.383602282267
000d7d20_3788,11746.098185021048
000d7d20_3789,11745.416992918521
000d7d20_3790,11745.433688236648
000d7d20_3791,11746.148270975431
000d7d20_3792,11745.82496614097
000d7d20_3793,11745.48377419103
000d7d20_3794,11746.198356929812
000d7d20_3795,11746.215052247939
000d7d20_3796,11746.231747566066
000d7d20_3797,11746.248442884194
000d7d20_3798,11745.925138049734
000d7d20_3799,11746.297328820741
000d7d20_3800,11745.616136718214
000d7d20_3801,11745.632832036341
000d7d20_3802,11746.347414775122
000d7d20_3803,11745.666222672595
000d7d20_3804,11746.237231650392
000d7d20_3805,11746.243119931165
000d7d20_3806,11745.088142428247
000d7d20_3807,11745.104837746374
000d7d20_3808,11745.529125837938
000d7d20_3809,11745.545821156065
000d7d20_3810,11745.222516321604
000d7d20_3811,11745.556800445886
000d7d20_3812,11745.55800046372
000d7d20_3813,11745.574695781846
000d7d20_3814,11745.251390947386
000d7d20_3815,11745.6080864181
000d7d20_3816,11745.28478158364
000d7d20_3817,11745.301476901766
000d7d20_3818,11745.551193002366
000d7d20_3819,11745.690362990903
000d7d20_3820,11745.70705830903
000d7d20_3821,11745.980341609335
000d7d20_3822,11746.03795718503
000d7d20_3823,11745.594279578352
000d7d20_3824,11745.532624829342
000d7d20_3825,11745.835803912118
000d7d20_3826,11745.796064598897
000d7d20_3827,11745.961754362825
000d7d20_3828,11745.96448788896
000d7d20_3829,11745.981183207086
000d7d20_3830,11745.997878525213
000d7d20_3831,11745.865579397541
000d7d20_3832,11745.882274715668
000d7d20_3833,11746.047964479596
000d7d20_3834,11746.064659797723
000d7d20_3835,11745.93236067005
000d7d20_3836,11746.098050433977
000d7d20_3837,11746.044101373442
000d7d20_3838,11746.146936370526
000d7d20_3839,11746.163631688652
000d7d20_3840,11746.031332560979
000d7d20_3841,11746.048027879106
000d7d20_3842,11746.064723197233
000d7d20_3843,11746.08141851536
000d7d20_3844,11746.09647732836
000d7d20_3845,11746.113172646488
000d7d20_3846,11744.765026503434
000d7d20_3847,11744.932352772488
000d7d20_3848,11744.878403711953
000d7d20_3849,11744.816748962941
000d7d20_3850,11744.833444281068
000d7d20_3851,11744.850139599197
000d7d20_3852,11744.866834917324
000d7d20_3853,11745.032524681252
000d7d20_3854,11744.900225553578
000d7d20_3855,11745.065915317506
000d7d20_3856,11745.082610635633
000d7d20_3857,11744.879667129297
000d7d20_3858,11745.116001271888
000d7d20_3859,11745.132696590015
000d7d20_3860,11745.000397462341
000d7d20_3861,11745.017092780468
000d7d20_3862,11745.033788098595
000d7d20_3863,11744.97983903806
000d7d20_3864,11745.065542229722
000d7d20_3865,11745.066742247558
000d7d20_3866,11745.083437565685
000d7d20_3867,11745.225594462181
000d7d20_3868,11745.31293415897
000d7d20_3869,11745.180635031296
000d7d20_3870,11745.126685970761
000d7d20_3871,11745.21402566755
000d7d20_3872,11745.230720985679
000d7d20_3873,11745.175135420017
000d7d20_3874,11745.262475116806
000d7d20_3875,11745.20852605627
000d7d20_3876,11745.311361053353
000d7d20_3877,11745.312561071187
000d7d20_3878,11745.57520518082
000d7d20_3879,11746.052273423751
000d7d20_3880,11746.013819663509
000d7d20_3881,11745.862061765083
000d7d20_3882,11745.705676638874
000d7d20_3883,11746.133016488251
000d7d20_3884,11746.094562728009
000d7d20_3885,11746.1819024248
000d7d20_3886,11745.772457911384
000d7d20_3887,11745.55910409621
000d7d20_3888,11745.793935248077
000d7d20_3889,11745.415481335247
000d7d20_3890,11745.502821032036
000d7d20_3891,11745.40958821906
000d7d20_3892,11743.722246824542
000d7d20_3893,11743.80958652133
000d7d20_3894,11743.415637308208
000d7d20_3895,11743.058950057975
000d7d20_3896,11743.844177175419
000d7d20_3897,11743.790228114884
000d7d20_3898,11743.80692343301
000d7d20_3899,11743.09281430778
000d7d20_3900,11742.983002820487
000d7d20_3901,11742.839606738467
000d7d20_3902,11742.856302056594
000d7d20_3903,11743.570884795376
000d7d20_3904,11743.587580113503
000d7d20_3905,11742.861206736563
000d7d20_3906,11742.959353470706
000d7d20_3907,11742.90540441017
000d7d20_3908,11742.762321133327
000d7d20_3909,11741.572839693641
000d7d20_3910,11742.287422432422
000d7d20_3911,11741.964117597961
000d7d20_3912,11742.320813068678
000d7d20_3913,11741.63962096615
000d7d20_3914,11742.354203704932
000d7d20_3915,11742.370899023059
000d7d20_3916,11742.387594341186
000d7d20_3917,11741.706402238658
000d7d20_3918,11742.42098497744
000d7d20_3919,11742.437680295568
000d7d20_3920,11742.31080185271
000d7d20_3921,11742.667497323424
000d7d20_3922,11742.344192488963
000d7d20_3923,11742.36088780709
000d7d20_3924,11742.760220149143
000d7d20_3925,11742.734278595932
000d7d20_3926,11742.577084753904
000d7d20_3927,11742.345283062754
000d7d20_3928,11742.701978533469
000d7d20_3929,11742.718673851596
000d7d20_3930,11742.671026670943
000d7d20_3931,11742.645085117732
000d7d20_3932,11742.379023630441
000d7d20_3933,11742.395718948568
000d7d20_3934,11742.56264467441
000d7d20_3935,11742.536703121199
000d7d20_3936,11742.553398439326
000d7d20_3937,11742.272730476203
000d7d20_3938,11742.641568128314
000d7d20_3939,11742.658263446443
000d7d20_3940,11742.702100335615
000d7d20_3941,11742.691654082697
000d7d20_3942,11742.368349248236
000d7d20_3943,11742.412186137408
000d7d20_3944,11742.741740037078
000d7d20_3945,11742.445576773662
000d7d20_3946,11742.775130673333
000d7d20_3947,11742.818967562505
000d7d20_3948,11742.793026009294
000d7d20_3949,11742.85235819876
000d7d20_3950,11742.131516132853
000d7d20_3951,11742.175353022025
000d7d20_3952,11742.164906769107
000d7d20_3953,11741.868743505693
000d7d20_3954,11742.198297405363
000d7d20_3955,11741.902134141947
000d7d20_3956,11742.231688041617
000d7d20_3957,11742.275524930788
000d7d20_3958,11742.292220248915
000d7d20_3959,11742.281773996
000d7d20_3960,11742.325610885171
000d7d20_3961,11742.315164632253
000d7d20_3962,11742.359001521425
000d7d20_3963,11742.375696839552
000d7d20_3964,11742.365250586634
000d7d20_3965,11742.409087475806
000d7d20_3966,11742.425782793935
000d7d20_3967,11742.075336388429
000d7d20_3968,11742.1191732776
000d7d20_3969,11742.135868595728
000d7d20_3970,11742.12542234281
000d7d20_3971,11742.169259231981
000d7d20_3972,11741.326442221007
000d7d20_3973,11741.343137539136
000d7d20_3974,11741.332691286218
000d7d20_3975,11741.37652817539
000d7d20_3976,11741.393223493516
000d7d20_3977,11741.370635059202
000d7d20_3978,11741.360188806284
000d7d20_3979,11741.744025848046
000d7d20_3980,11741.420721013585
000d7d20_3981,11741.7774164843
000d7d20_3982,11741.454111649839
000d7d20_3983,11741.44366539692
000d7d20_3984,11741.487502286092
000d7d20_3985,11741.844197756807
000d7d20_3986,11741.520892922348
000d7d20_3987,11741.537588240475
000d7d20_3988,11741.521366535897
000d7d20_3989,11741.850920435567
000d7d20_3990,11741.894757324739
000d7d20_3991,11741.571452490278
000d7d20_3992,11741.928147960993
000d7d20_3993,11741.22517393708
000d7d20_3994,11741.581869407795
000d7d20_3995,11741.881321531342
000d7d20_3996,11741.898016849469
000d7d20_3997,11741.855626321649
000d7d20_3998,11741.757880721807
000d7d20_3999,11741.774576039934
000d7d20_4000,11741.791271358063
000d7d20_4001,11741.80796667619
000d7d20_4002,11741.483025336602
000d7d20_4003,11741.839720807317
000d7d20_4004,11741.856416125444
000d7d20_4005,11741.87311144357
000d7d20_4006,11741.8898067617
000d7d20_4007,11741.945785832268
000d7d20_4008,11741.962481150395
000d7d20_4009,11741.979176468521
000d7d20_4010,11741.995871786648
000d7d20_4011,11742.012567104775
000d7d20_4012,11742.16675174175
000d7d20_4013,11742.276006874332
000d7d20_4014,11742.136383527908
000d7d20_4015,11742.004084400234
000d7d20_4016,11741.974671472512
000d7d20_4017,11741.846209930287
000d7d20_4018,11741.844465001832
000d7d20_4019,11741.729229015027
000d7d20_4020,11741.745924333156
000d7d20_4021,11742.10261980387
000d7d20_4022,11742.115477536548
000d7d20_4023,11742.136010440125
000d7d20_4024,11741.812705605664
000d7d20_4025,11741.582948592248
000d7d20_4026,11741.616047108617
000d7d20_4027,11741.628904841296
000d7d20_4028,11741.98943789746
000d7d20_4029,11741.666133063
000d7d20_4030,11742.022828533714
000d7d20_4031,11742.035686266392
000d7d20_4032,11741.71621901738
000d7d20_4033,11742.072914488097
000d7d20_4034,11741.749609653636
000d7d20_4035,11741.406212808677
000d7d20_4036,11741.086745559665
000d7d20_4037,11741.103440877792
000d7d20_4038,11741.456298763058
000d7d20_4039,11741.103914491341
000d7d20_4040,11741.328690101218
000d7d20_4041,11741.448527204013
000d7d20_4042,11741.469060107589
000d7d20_4043,11741.821917992855
000d7d20_4044,11741.298303404976
000d7d20_4045,11741.314998723103
000d7d20_4046,11741.872003947235
000d7d20_4047,11741.892536850813
000d7d20_4048,11741.90923216894
000d7d20_4049,11741.922089901618
000d7d20_4050,11741.602622652606
000d7d20_4051,11741.959318123321
000d7d20_4052,11741.632175703411
000d7d20_4053,11741.992708759575
000d7d20_4054,11742.009404077704
000d7d20_4055,11741.682261657794
000d7d20_4056,11742.042794713958
000d7d20_4057,11741.54039747227
000d7d20_4058,11741.557092790397
000d7d20_4059,11741.909950675663
000d7d20_4060,11741.590483426653
000d7d20_4061,11741.60717874478
000d7d20_4062,11741.623874062907
000d7d20_4063,11741.636731795585
000d7d20_4064,11741.299377431094
000d7d20_4065,11741.673960017288
000d7d20_4066,11741.690655335415
000d7d20_4067,11741.703513068094
000d7d20_4068,11741.72404597167
000d7d20_4069,11741.973762072268
000d7d20_4070,11741.650457237807
000d7d20_4071,11741.667152555934
000d7d20_4072,11741.426870792762
000d7d20_4073,11741.803684976856
000d7d20_4074,11741.824217880434
000d7d20_4075,11741.84091319856
000d7d20_4076,11741.65346117782
000d7d20_4077,11741.670156495948
000d7d20_4078,11741.478042915149
000d7d20_4079,11741.551981580444
000d7d20_4080,11741.224839160534
000d7d20_4081,11741.528128869531
000d7d20_4082,11741.544824187658
000d7d20_4083,11741.901519658373
000d7d20_4084,11741.578214823912
000d7d20_4085,11741.237022873973
000d7d20_4086,11741.514437491416
000d7d20_4087,11741.735280148412
000d7d20_4088,11741.751975466539
000d7d20_4089,11741.768670784666
000d7d20_4090,11741.785366102793
000d7d20_4091,11741.80206142092
000d7d20_4092,11742.158756891635
000d7d20_4093,11741.835452057174
000d7d20_4094,11741.852147375303
000d7d20_4095,11741.86884269343
000d7d20_4096,11741.885538011556
000d7d20_4097,11742.242233482271
000d7d20_4098,11741.91892864781
000d7d20_4099,11741.935623965937
000d7d20_4100,11741.759394784553
000d7d20_4101,11741.776090102681
000d7d20_4102,11742.132785573396
000d7d20_4103,11741.809480738935
000d7d20_4104,11741.826176057062
000d7d20_4105,11741.484984107123
000d7d20_4106,11741.50167942525
000d7d20_4107,11741.876262011443
000d7d20_4108,11741.56328737718
000d7d20_4109,11741.947124418939
000d7d20_4110,11741.963819737066
000d7d20_4111,11741.980515055193
000d7d20_4112,11741.99721037332
000d7d20_4113,11742.013905691447
000d7d20_4114,11741.674407467095
000d7d20_4115,11741.707296175115
000d7d20_4116,11742.366005043046
000d7d20_4117,11741.724493421476
000d7d20_4118,11741.757382129495
000d7d20_4119,11742.097884210318
000d7d20_4120,11742.06663641321
000d7d20_4121,11741.599929479142
000d7d20_4122,11740.958417857571
000d7d20_4123,11741.267170213052
000d7d20_4124,11740.991808493825
000d7d20_4125,11740.960560696718
000d7d20_4126,11741.635462954542
000d7d20_4127,11740.993951332972
000d7d20_4128,11741.0106466511
000d7d20_4129,11741.367342121815
000d7d20_4130,11741.004356806397
000d7d20_4131,11741.40073275807
000d7d20_4132,11741.417428076196
000d7d20_4133,11741.094123241735
000d7d20_4134,11741.12688225005
000d7d20_4135,11741.165370933655
000d7d20_4136,11741.182066251782
000d7d20_4137,11741.516968357018
000d7d20_4138,11741.215456888036
000d7d20_4139,11741.232152206163
000d7d20_4140,11741.20314363635
000d7d20_4141,11741.241632319958
000d7d20_4142,11741.258327638085
000d7d20_4143,11741.10370871671
000d7d20_4144,11741.438610821946
000d7d20_4145,11741.137099352964
000d7d20_4146,11741.15379467109
000d7d20_4147,11741.170489989217
000d7d20_4148,11741.505392094456
000d7d20_4149,11740.863880472885
000d7d20_4150,11740.904486313473
000d7d20_4151,11741.261181784188
000d7d20_4152,11741.277877102315
000d7d20_4153,11740.954572267854
000d7d20_4154,11740.931587105024
000d7d20_4155,11740.538572492733
000d7d20_4156,11741.253155231514
000d7d20_4157,11741.269850549641
000d7d20_4158,11741.286545867768
000d7d20_4159,11741.303241185895
000d7d20_4160,11741.319936504022
000d7d20_4161,11741.458412217658
000d7d20_4162,11741.156900748676
000d7d20_4163,11741.173596066803
000d7d20_4164,11741.19029138493
000d7d20_4165,11740.533829964776
000d7d20_4166,11740.746951674504
000d7d20_4167,11740.763646992631
000d7d20_4168,11739.896835535857
000d7d20_4169,11739.913530853984
000d7d20_4170,11739.930226172111
000d7d20_4171,11739.946921490238
000d7d20_4172,11740.66150422902
000d7d20_4173,11740.329906242703
000d7d20_4174,11739.61899383378
000d7d20_4175,11740.261654270316
000d7d20_4176,11740.37214536481
000d7d20_4177,11739.643170364334
000d7d20_4178,11739.65986568246
000d7d20_4179,11740.35951006675
000d7d20_4180,11740.376205384877
000d7d20_4181,11740.364832160523
000d7d20_4182,11739.679802472549
000d7d20_4183,11740.398222796779
000d7d20_4184,11739.717030694252
000d7d20_4185,11740.431613433033
000d7d20_4186,11739.750421330506
000d7d20_4187,11739.767116648633
000d7d20_4188,11740.233713547572
000d7d20_4189,11740.165043570289
000d7d20_4190,11740.87578872362
000d7d20_4191,11740.896321627197
000d7d20_4192,11740.913016945324
000d7d20_4193,11740.246763197289
000d7d20_4194,11740.263458515416
000d7d20_4195,11740.97420366875
000d7d20_4196,11740.382214447081
000d7d20_4197,11740.398909765208
000d7d20_4198,11741.11349250399
000d7d20_4199,11741.126350236667
000d7d20_4200,11740.44899571959
000d7d20_4201,11741.16357845837
000d7d20_4202,11741.1802737765
000d7d20_4203,11740.495244088523
000d7d20_4204,11741.213664412753
000d7d20_4205,11741.23035973088
000d7d20_4206,11741.243217463558
000d7d20_4207,11740.56586294648
000d7d20_4208,11741.280445685261
000d7d20_4209,11741.29330341794
000d7d20_4210,11740.123540148421
000d7d20_4211,11740.838122887202
000d7d20_4212,11740.153093199226
000d7d20_4213,11740.15868774831
000d7d20_4214,11740.87327048709
000d7d20_4215,11740.188240799116
000d7d20_4216,11740.223712057184
000d7d20_4217,11740.934457210516
000d7d20_4218,11740.954990114093
000d7d20_4219,11740.269960426116
000d7d20_4220,11740.988380750347
000d7d20_4221,11741.001238483024
000d7d20_4222,11740.323883965948
000d7d20_4223,11740.340579284075
000d7d20_4224,11741.051324437407
000d7d20_4225,11740.373969920329
000d7d20_4226,11740.386827653007
000d7d20_4227,11741.105247977237
000d7d20_4228,11740.42021828926
000d7d20_4229,11740.43691360739
000d7d20_4230,11741.15533393162
000d7d20_4231,11740.34133314379
000d7d20_4232,11739.531742145999
000d7d20_4233,11740.24248729933
000d7d20_4234,11739.565132782252
000d7d20_4235,11739.57799051493
000d7d20_4236,11740.307511608205
000d7d20_4237,11740.328044511782
000d7d20_4238,11740.34090224446
000d7d20_4239,11739.659710141932
000d7d20_4240,11739.680243045508
000d7d20_4241,11740.373650399768
000d7d20_4242,11740.390345717897
000d7d20_4243,11739.70915361537
000d7d20_4244,11740.42373635415
000d7d20_4245,11739.746381837072
000d7d20_4246,11739.75923956975
000d7d20_4247,11740.473822308531
000d7d20_4248,11739.723095904246
000d7d20_4249,11739.739791222375
000d7d20_4250,11740.454373961156
000d7d20_4251,11739.773181858629
000d7d20_4252,11739.789877176756
000d7d20_4253,11740.504459915537
000d7d20_4254,11739.708399648947
000d7d20_4255,11739.725094967074
000d7d20_4256,11739.741790285203
000d7d20_4257,11739.75848560333
000d7d20_4258,11739.775180921457
000d7d20_4259,11739.079050464437
000d7d20_4260,11739.80857155771
000d7d20_4261,11739.801215209578
000d7d20_4262,11739.105084752558
000d7d20_4263,11739.121780070687
000d7d20_4264,11739.836362809468
000d7d20_4265,11739.155170706941
000d7d20_4266,11739.086500729658
000d7d20_4267,11739.103196047785
000d7d20_4268,11739.119891365912
000d7d20_4269,11739.13658668404
000d7d20_4270,11739.153282002168
000d7d20_4271,11739.169977320294
000d7d20_4272,11739.186672638421
000d7d20_4273,11739.203367956548
000d7d20_4274,11739.220063274675
000d7d20_4275,11739.236758592802
000d7d20_4276,11738.582025230511
000d7d20_4277,11738.598720548638
000d7d20_4278,11738.615415866765
000d7d20_4279,11738.632111184892
000d7d20_4280,11738.648806503019
000d7d20_4281,11738.689690816507
000d7d20_4282,11738.706386134634
000d7d20_4283,11739.420968873417
000d7d20_4284,11738.73977677089
000d7d20_4285,11738.756472089017
000d7d20_4286,11738.422058856118
000d7d20_4287,11738.438754174245
000d7d20_4288,11739.153336913027
000d7d20_4289,11738.4721448105
000d7d20_4290,11738.488840128628
000d7d20_4291,11738.505535446755
000d7d20_4292,11738.522230764882
000d7d20_4293,11738.538926083009
000d7d20_4294,11738.555621401136
000d7d20_4295,11738.572316719263
000d7d20_4296,11738.589012037392
000d7d20_4297,11738.605707355518
000d7d20_4298,11738.622402673645
000d7d20_4299,11738.58396798689
000d7d20_4300,11738.600663305016
000d7d20_4301,11738.617358623143
000d7d20_4302,11738.642156358263
000d7d20_4303,11739.356739097046
000d7d20_4304,11738.675546994518
000d7d20_4305,11738.692242312645
000d7d20_4306,11739.406825051426
000d7d20_4307,11739.423520369553
000d7d20_4308,11738.742328267026
000d7d20_4309,11739.456911005807
000d7d20_4310,11739.473606323936
000d7d20_4311,11739.490301642063
000d7d20_4312,11738.809109539536
000d7d20_4313,11738.825804857663
000d7d20_4314,11739.540387596444
000d7d20_4315,11739.55708291457
000d7d20_4316,11738.875890812044
000d7d20_4317,11739.590473550827
000d7d20_4318,11738.9092814483
000d7d20_4319,11739.026280416329
000d7d20_4320,11739.042975734455
000d7d20_4321,11737.90985644687
000d7d20_4322,11738.709804481061
000d7d20_4323,11738.64113450378
000d7d20_4324,11737.959942401252
000d7d20_4325,11738.699061272846
000d7d20_4326,11738.715756590973
000d7d20_4327,11738.7324519091
000d7d20_4328,11738.051259806572
000d7d20_4329,11738.0679551247
000d7d20_4330,11738.782537863483
000d7d20_4331,11738.101345760955
000d7d20_4332,11738.118041079082
000d7d20_4333,11738.832623817863
000d7d20_4334,11738.84931913599
000d7d20_4335,11738.866014454117
000d7d20_4336,11738.882709772244
000d7d20_4337,11738.201517669719
000d7d20_4338,11738.9161004085
000d7d20_4339,11738.932795726627
000d7d20_4340,11738.2516036241
000d7d20_4341,11738.268298942226
000d7d20_4342,11738.982881681008
000d7d20_4343,11738.30954785485
000d7d20_4344,11738.326243172976
000d7d20_4345,11738.895428725478
000d7d20_4346,11738.214236622951
000d7d20_4347,11738.230931941078
000d7d20_4348,11738.247627259205
000d7d20_4349,11738.962209997986
000d7d20_4350,11738.28101789546
000d7d20_4351,11738.995600634242
000d7d20_4352,11738.314408531714
000d7d20_4353,11739.028991270496
000d7d20_4354,11738.347799167968
000d7d20_4355,11738.364494486095
000d7d20_4356,11738.381189804222
000d7d20_4357,11738.397885122351
000d7d20_4358,11738.414580440478
000d7d20_4359,11738.431275758605
000d7d20_4360,11738.447971076732
000d7d20_4361,11738.464666394859
000d7d20_4362,11738.481361712986
000d7d20_4363,11738.498057031113
000d7d20_4364,11738.514752349241
000d7d20_4365,11738.531447667368
000d7d20_4366,11738.548142985495
000d7d20_4367,11738.475223435458
000d7d20_4368,11738.491918753585
000d7d20_4369,11739.206501492366
000d7d20_4370,11738.525309389841
000d7d20_4371,11738.542004707968
000d7d20_4372,11738.558700026095
000d7d20_4373,11738.575395344222
000d7d20_4374,11738.592090662349
000d7d20_4375,11738.608785980476
000d7d20_4376,11738.625481298603
000d7d20_4377,11738.642176616731
000d7d20_4378,11738.67381028935
000d7d20_4379,11738.690505607477
000d7d20_4380,11738.792566221015
000d7d20_4381,11738.809261539142
000d7d20_4382,11738.825956857268
000d7d20_4383,11738.872372481792
000d7d20_4384,11738.88906779992
000d7d20_4385,11738.953546015997
000d7d20_4386,11738.970241334124
000d7d20_4387,11738.893140875884
000d7d20_4388,11738.90983619401
000d7d20_4389,11738.926531512137
000d7d20_4390,11739.038556114932
000d7d20_4391,11738.452353789018
000d7d20_4392,11738.469049107145
000d7d20_4393,11738.533687540506
000d7d20_4394,11739.200327164053
000d7d20_4395,11739.264965597415
000d7d20_4396,11739.281660915542
000d7d20_4397,11739.29835623367
000d7d20_4398,11739.267108436563
000d7d20_4399,11739.331746869924
000d7d20_4400,11739.348442188051
000d7d20_4401,11738.667250085524
000d7d20_4402,11738.700138793543
000d7d20_4403,11739.398528142432
000d7d20_4404,11739.41522346056
000d7d20_4405,11738.734031358033
000d7d20_4406,11739.12480733412
000d7d20_4407,11739.125309262354
000d7d20_4408,11739.158197970373
000d7d20_4409,11739.514893441088
000d7d20_4410,11739.175395216735
000d7d20_4411,11739.404710316358
000d7d20_4412,11739.063518366418
000d7d20_4413,11738.033407349096
000d7d20_4414,11738.050102667223
000d7d20_4415,11738.764685406004
000d7d20_4416,11738.441380571543
000d7d20_4417,11738.45807588967
000d7d20_4418,11738.474771207799
000d7d20_4419,11738.491466525926
000d7d20_4420,11738.84816199664
000d7d20_4421,11738.864857314768
000d7d20_4422,11738.174509938803
000d7d20_4423,11738.189553493014
000d7d20_4424,11738.904136231797
000d7d20_4425,11738.22294412927
000d7d20_4426,11738.93752686805
000d7d20_4427,11738.256334765523
000d7d20_4428,11738.087410729402
000d7d20_4429,11738.801993468183
000d7d20_4430,11738.120801365656
000d7d20_4431,11738.835384104439
000d7d20_4432,11738.852079422566
000d7d20_4433,11738.868774740693
000d7d20_4434,11738.88547005882
000d7d20_4435,11738.902165376947
000d7d20_4436,11738.22097327442
000d7d20_4437,11737.290772993181
000d7d20_4438,11738.005355731964
000d7d20_4439,11738.022051050091
000d7d20_4440,11738.038746368218
000d7d20_4441,11738.055441686345
000d7d20_4442,11737.374249583818
000d7d20_4443,11737.346286241056
000d7d20_4444,11737.361608268167
000d7d20_4445,11737.766128598503
000d7d20_4446,11738.075041171269
000d7d20_4447,11737.679489785294
000d7d20_4448,11737.722418776517
000d7d20_4449,11738.052880574136
000d7d20_4450,11738.069575892263
000d7d20_4451,11738.206300659855
000d7d20_4452,11738.222995977982
000d7d20_4453,11737.805895367153
000d7d20_4454,11737.914635515603
000d7d20_4455,11738.467757377919
000d7d20_4456,11737.786565275392
000d7d20_4457,11738.501148014173
000d7d20_4458,11738.517843332302
000d7d20_4459,11738.19453849784
000d7d20_4460,11738.551233968556
000d7d20_4461,11737.76233770343
000d7d20_4462,11737.718322114575
000d7d20_4463,11737.735017432702
000d7d20_4464,11738.091712903417
000d7d20_4465,11738.189104327503
000d7d20_4466,11738.20579964563
000d7d20_4467,11737.524607543102
000d7d20_4468,11738.239190281884
000d7d20_4469,11737.557998179356
000d7d20_4470,11737.550782975022
000d7d20_4471,11737.56747829315
000d7d20_4472,11737.942060879344
000d7d20_4473,11738.29875635006
000d7d20_4474,11737.779025123997
000d7d20_4475,11738.068127973862
000d7d20_4476,11738.084823291989
000d7d20_4477,11737.471223810311
000d7d20_4478,11737.42032650759
000d7d20_4479,11737.437021825717
000d7d20_4480,11737.453717143844
000d7d20_4481,11738.168299882625
000d7d20_4482,11737.487107780098
000d7d20_4483,11737.514610135579
000d7d20_4484,11738.099397799897
000d7d20_4485,11738.116093118026
000d7d20_4486,11738.132788436153
000d7d20_4487,11737.451596333625
000d7d20_4488,11737.468291651752
000d7d20_4489,11738.182874390533
000d7d20_4490,11738.19956970866
000d7d20_4491,11737.518377606133
000d7d20_4492,11737.892960192328
000d7d20_4493,11738.249655663043
000d7d20_4494,11738.462777372772
000d7d20_4495,11737.585158878643
000d7d20_4496,11738.299741617424
000d7d20_4497,11737.618549514897
000d7d20_4498,11738.33313225368
000d7d20_4499,11738.349827571807
000d7d20_4500,11738.366522889934
000d7d20_4501,11737.685330787406
000d7d20_4502,11737.702026105533
000d7d20_4503,11738.416608844314
000d7d20_4504,11737.735416741787
000d7d20_4505,11738.44999948057
000d7d20_4506,11737.768807378043
000d7d20_4507,11738.483390116824
000d7d20_4508,11737.802198014297
000d7d20_4509,11738.516780753078
000d7d20_4510,11738.533476071205
000d7d20_4511,11738.550171389332
000d7d20_4512,11738.56686670746
000d7d20_4513,11737.885674604933
000d7d20_4514,11738.600257343714
000d7d20_4515,11738.616952661841
000d7d20_4516,11738.633647979968
000d7d20_4517,11737.952455877441
000d7d20_4518,11738.667038616222
000d7d20_4519,11737.985846513697
000d7d20_4520,11738.700429252478
000d7d20_4521,11738.717124570605
000d7d20_4522,11738.733819888732
000d7d20_4523,11738.322582467601
000d7d20_4524,11738.427210372398
000d7d20_4525,11738.783905843115
000d7d20_4526,11738.102713740587
000d7d20_4527,11738.817296479368
000d7d20_4528,11738.136104376841
000d7d20_4529,11738.850687115622
000d7d20_4530,11738.169495013095
000d7d20_4531,11738.186190331222
000d7d20_4532,11738.338219664243
000d7d20_4533,11737.657027561716
000d7d20_4534,11738.03161014791
000d7d20_4535,11737.888496353487
000d7d20_4536,11737.707113516097
000d7d20_4537,11738.421696254878
000d7d20_4538,11738.438391573005
000d7d20_4539,11738.455086891134
000d7d20_4540,11738.47178220926
000d7d20_4541,11738.488477527388
000d7d20_4542,11738.361599084528
000d7d20_4543,11738.718294555243
000d7d20_4544,11738.73498987337
000d7d20_4545,11738.312308360442
000d7d20_4546,11739.026891099225
000d7d20_4547,11738.692779227411
000d7d20_4548,11739.049474698126
000d7d20_4549,11738.726169863665
000d7d20_4550,11739.08286533438
000d7d20_4551,11738.568642531169
000d7d20_4552,11738.609248371758
000d7d20_4553,11738.965943842473
000d7d20_4554,11738.9826391606
000d7d20_4555,11738.999334478727
000d7d20_4556,11738.830826244608
000d7d20_4557,11738.670649309317
000d7d20_4558,11738.687344627444
000d7d20_4559,11738.704039945573
000d7d20_4560,11738.7207352637
000d7d20_4561,11738.290451059122
000d7d20_4562,11738.307146377249
000d7d20_4563,11737.813412313051
000d7d20_4564,11737.830107631178
000d7d20_4565,11737.58147931039
000d7d20_4566,11738.088862952492
000d7d20_4567,11738.10555827062
000d7d20_4568,11738.122253588746
000d7d20_4569,11737.798948754285
000d7d20_4570,11738.155644225
000d7d20_4571,11737.83233939054
000d7d20_4572,11737.849034708666
000d7d20_4573,11738.205730179383
000d7d20_4574,11738.22242549751
000d7d20_4575,11738.239120815637
000d7d20_4576,11737.915815981176
000d7d20_4577,11737.932511299303
000d7d20_4578,11738.289206770018
000d7d20_4579,11737.815213764172
000d7d20_4580,11737.831909082299
000d7d20_4581,11737.417997558385
000d7d20_4582,11737.020016210252
000d7d20_4583,11737.376711680967
000d7d20_4584,11737.053406846506
000d7d20_4585,11737.920531699545
000d7d20_4586,11737.840059048924
000d7d20_4587,11738.060901705918
000d7d20_4588,11738.077597024045
000d7d20_4589,11738.094292342172
000d7d20_4590,11738.24684047402
000d7d20_4591,11738.020703608308
000d7d20_4592,11737.186969391523
000d7d20_4593,11737.203664709652
000d7d20_4594,11737.220360027779
000d7d20_4595,11737.577055498494
000d7d20_4596,11737.253750664033
000d7d20_4597,11737.610446134748
000d7d20_4598,11738.137570835199
000d7d20_4599,11738.494266305914
000d7d20_4600,11738.170961471455
000d7d20_4601,11738.52765694217
000d7d20_4602,11738.544352260296
000d7d20_4603,11737.765992189019
000d7d20_4604,11738.4805749278
000d7d20_4605,11738.361417432207
000d7d20_4606,11738.378112750335
000d7d20_4607,11738.036920800396
000d7d20_4608,11738.751503539177
000d7d20_4609,11738.768198857304
000d7d20_4610,11738.444894022843
000d7d20_4611,11738.801589493558
000d7d20_4612,11738.478284659097
000d7d20_4613,11738.494979977226
000d7d20_4614,11738.511675295353
000d7d20_4615,11738.844460243607
000d7d20_4616,11738.545065931607
000d7d20_4617,11738.561761249734
000d7d20_4618,11738.57845656786
000d7d20_4619,11738.595151885987
000d7d20_4620,11738.611847204116
000d7d20_4621,11738.628542522243
000d7d20_4622,11738.985237992958
000d7d20_4623,11738.661933158497
000d7d20_4624,11738.678628476624
000d7d20_4625,11738.695323794751
000d7d20_4626,11739.052019265466
000d7d20_4627,11739.068714583595
000d7d20_4628,11739.085409901722
000d7d20_4629,11738.76210506726
000d7d20_4630,11738.778800385388
000d7d20_4631,11738.795495703514
000d7d20_4632,11738.812191021641
000d7d20_4633,11739.168886492358
000d7d20_4634,11738.845581657897
000d7d20_4635,11739.202277128612
000d7d20_4636,11739.218972446739
000d7d20_4637,11739.235667764866
000d7d20_4638,11738.912362930405
000d7d20_4639,11738.724910909665
000d7d20_4640,11738.332182399668
000d7d20_4641,11738.07971649343
000d7d20_4642,11738.247099982944
000d7d20_4643,11738.113107129684
000d7d20_4644,11738.264297229305
000d7d20_4645,11738.301023522774
000d7d20_4646,11738.313881255452
000d7d20_4647,11738.33057657358
000d7d20_4648,11738.347271891707
000d7d20_4649,11738.367804795284
000d7d20_4650,11738.364469138069
000d7d20_4651,11738.397357846088
000d7d20_4652,11738.417890749664
000d7d20_4653,11738.430748482342
000d7d20_4654,11738.435087996028
000d7d20_4655,11738.28436388056
000d7d20_4656,11738.644896936725
000d7d20_4657,11738.64156127951
000d7d20_4658,11738.334449834942
000d7d20_4659,11738.338789348625
000d7d20_4660,11738.371678056646
000d7d20_4661,11738.384535789324
000d7d20_4662,11738.388875303008
000d7d20_4663,11738.417926425578
000d7d20_4664,11738.422265939262
000d7d20_4665,11738.43512367194
000d7d20_4666,11738.811850117996
000d7d20_4667,11738.812352046232
000d7d20_4668,11738.841403168803
000d7d20_4669,11738.505742529898
000d7d20_4670,11738.862438000613
000d7d20_4671,11738.555326556045
000d7d20_4672,11738.891991051418
000d7d20_4673,11738.912523954994
000d7d20_4674,11738.929219273123
000d7d20_4675,11738.923079813418
000d7d20_4676,11738.919744156203
000d7d20_4677,11738.600276907191
000d7d20_4678,11738.956972377906
000d7d20_4679,11738.973667696033
000d7d20_4680,11738.883158576904
000d7d20_4681,11738.899853895033
000d7d20_4682,11738.955832965601
000d7d20_4683,11738.98872167362
000d7d20_4684,11738.649223449267
000d7d20_4685,11738.665918767394
000d7d20_4686,11738.974671122874
000d7d20_4687,11739.039309556238
000d7d20_4688,11738.716004721777
000d7d20_4689,11739.072700192492
000d7d20_4690,11738.74939535803
000d7d20_4691,11739.106090828745
000d7d20_4692,11739.122786146872
000d7d20_4693,11738.76019755997
000d7d20_4694,11739.068949915452
000d7d20_4695,11739.141244446226
000d7d20_4696,11738.810283514353
000d7d20_4697,11739.166978985068
000d7d20_4698,11738.795731035372
000d7d20_4699,11739.548025871321
000d7d20_4700,11738.87706478686
000d7d20_4701,11739.185817142343
000d7d20_4702,11738.910455423116
000d7d20_4703,11739.274806991243
000d7d20_4704,11739.235903096724
000d7d20_4705,11739.300541530085
000d7d20_4706,11738.81631750617
000d7d20_4707,11739.618996863606
000d7d20_4708,11739.635692181733
000d7d20_4709,11739.992387652448
000d7d20_4710,11739.418174920038
000d7d20_4711,11740.48041390882
000d7d20_4712,11738.7413147018
000d7d20_4713,11738.77420340982
000d7d20_4714,11738.774705338055
000d7d20_4715,11739.165481314141
000d7d20_4716,11739.505983394964
000d7d20_4717,11739.532608370073
000d7d20_4718,11739.10517755905
000d7d20_4719,11739.369572614725
000d7d20_4720,11739.386267932852
000d7d20_4721,11739.593881219731
000d7d20_4722,11739.594383147965
000d7d20_4723,11739.627271855985
000d7d20_4724,11739.840393565713
000d7d20_4725,11739.85708888384
000d7d20_4726,11739.873784201967
000d7d20_4727,11739.890479520094
000d7d20_4728,11739.903337252774
000d7d20_4729,11739.934677193703
000d7d20_4730,11739.057058699575
000d7d20_4731,11739.073754017702
000d7d20_4732,11738.362460139051
000d7d20_4733,11738.375317871729
000d7d20_4734,11738.395850775307
000d7d20_4735,11738.412546093434
000d7d20_4736,11738.425403826112
000d7d20_4737,11738.445936729688
000d7d20_4738,11738.462632047815
000d7d20_4739,11738.475489780492
000d7d20_4740,11738.496022684069
000d7d20_4741,11738.512718002197
000d7d20_4742,11738.525575734875
000d7d20_4743,11738.546108638451
000d7d20_4744,11738.558966371129
000d7d20_4745,11738.579499274705
000d7d20_4746,11738.592357007383
000d7d20_4747,11738.612889910959
000d7d20_4748,11738.625747643639
000d7d20_4749,11738.646280547215
000d7d20_4750,11738.659138279892
000d7d20_4751,11738.679671183469
000d7d20_4752,11738.692528916146
000d7d20_4753,11738.709224234273
000d7d20_4754,11738.72975713785
000d7d20_4755,11738.742614870529
000d7d20_4756,11738.759310188656
000d7d20_4757,11738.779843092232
000d7d20_4758,11738.79270082491
000d7d20_4759,11737.752644891816
000d7d20_4760,11737.773177795392
000d7d20_4761,11737.786035528072
000d7d20_4762,11738.500583934578
000d7d20_4763,11738.517279252705
000d7d20_4764,11738.533974570832
000d7d20_4765,11737.856654386029
000d7d20_4766,11737.869512118707
000d7d20_4767,11738.584060525212
000d7d20_4768,11737.902902754962
000d7d20_4769,11738.617451161468
000d7d20_4770,11738.634146479595
000d7d20_4771,11738.650841797722
000d7d20_4772,11738.667537115849
000d7d20_4773,11738.684232433976
000d7d20_4774,11738.003074663724
000d7d20_4775,11738.717623070232
000d7d20_4776,11738.03646529998
000d7d20_4777,11738.020491550724
000d7d20_4778,11738.740014322464
000d7d20_4779,11738.756709640591
000d7d20_4780,11738.07553661155
000d7d20_4781,11738.790100276845
000d7d20_4782,11738.806795594974
000d7d20_4783,11738.125622565933
000d7d20_4784,11738.659361951442
000d7d20_4785,11737.978166034218
000d7d20_4786,11738.692752587696
000d7d20_4787,11738.709447905823
000d7d20_4788,11738.0282519886
000d7d20_4789,11738.742838542079
000d7d20_4790,11738.061642624854
000d7d20_4791,11738.078337942981
000d7d20_4792,11738.79292449646
000d7d20_4793,11738.809619814587
000d7d20_4794,11738.826315132714
000d7d20_4795,11738.145119215491
000d7d20_4796,11738.85970576897
000d7d20_4797,11738.876401087096
000d7d20_4798,11738.195205169872
000d7d20_4799,11738.90979172335
000d7d20_4800,11738.228595806126
000d7d20_4801,11738.245291124253
000d7d20_4802,11738.959877677733
000d7d20_4803,11738.278681760508
000d7d20_4804,11738.295377078635
000d7d20_4805,11739.009963632114
000d7d20_4806,11739.02665895024
000d7d20_4807,11739.043354268368
000d7d20_4808,11739.060049586495
000d7d20_4809,11739.076744904623
000d7d20_4810,11738.395548987399
000d7d20_4811,11738.770139202987
000d7d20_4812,11739.126830859004
000d7d20_4813,11738.999956230842
000d7d20_4814,11739.01665154897
000d7d20_4815,11739.033346867098
000d7d20_4816,11739.390038523115
000d7d20_4817,11739.406733841242
000d7d20_4818,11739.083432821479
000d7d20_4819,11739.42932125484
000d7d20_4820,11739.45142581369
000d7d20_4821,11739.468121131817
000d7d20_4822,11739.484816449945
000d7d20_4823,11738.989846423834
000d7d20_4824,11739.346538079852
000d7d20_4825,11739.047147582549
000d7d20_4826,11738.682037480754
000d7d20_4827,11739.396624034232
000d7d20_4828,11739.586216691227
000d7d20_4829,11739.45392519295
000d7d20_4830,11739.470620511076
000d7d20_4831,11739.48320358555
000d7d20_4832,11739.499898903678
000d7d20_4833,11739.51495390198
000d7d20_4834,11738.833757984756
000d7d20_4835,11739.548344538234
000d7d20_4836,11738.867148621011
000d7d20_4837,11739.241731207205
000d7d20_4838,11739.091014721133
000d7d20_4839,11738.409818803908
000d7d20_4840,11738.230087730433
000d7d20_4841,11738.944674283912
000d7d20_4842,11738.621365634755
000d7d20_4843,11738.978064920168
000d7d20_4844,11738.970849715834
000d7d20_4845,11738.480571767359
000d7d20_4846,11739.195158320837
000d7d20_4847,11739.211853638964
000d7d20_4848,11738.53065772174
000d7d20_4849,11738.558156262525
000d7d20_4850,11739.272742816003
000d7d20_4851,11738.591546898779
000d7d20_4852,11738.608242216906
000d7d20_4853,11738.624937535033
000d7d20_4854,11738.686074076304
000d7d20_4855,11739.400660629783
000d7d20_4856,11738.71946471256
000d7d20_4857,11738.736160030687
000d7d20_4858,11739.450746584165
000d7d20_4859,11739.467441902292
000d7d20_4860,11738.786245985068
000d7d20_4861,11739.500832538546
000d7d20_4862,11738.819636621321
000d7d20_4863,11738.83633193945
000d7d20_4864,11739.550918492929
000d7d20_4865,11738.869722575704
000d7d20_4866,11739.107464341585
000d7d20_4867,11738.42626842436
000d7d20_4868,11739.140854977839
000d7d20_4869,11738.459659060616
000d7d20_4870,11738.480191964192
000d7d20_4871,11738.49304969687
000d7d20_4872,11739.207636250349
000d7d20_4873,11738.334149073358
000d7d20_4874,11738.350844391485
000d7d20_4875,11738.305650061175
000d7d20_4876,11738.322345379303
000d7d20_4877,11738.33904069743
000d7d20_4878,11737.661682365655
000d7d20_4879,11738.372431333684
000d7d20_4880,11738.389126651811
000d7d20_4881,11738.405821969938
000d7d20_4882,11738.422517288065
000d7d20_4883,11737.745158956292
000d7d20_4884,11737.75801668897
000d7d20_4885,11738.472603242448
000d7d20_4886,11738.114176490262
000d7d20_4887,11737.772984540323
000d7d20_4888,11737.817618701223
000d7d20_4889,11737.834314019352
000d7d20_4890,11738.54890057283
000d7d20_4891,11738.565595890957
000d7d20_4892,11738.392113291604
000d7d20_4893,11738.40880860973
000d7d20_4894,11738.425503927858
000d7d20_4895,11738.372573391493
000d7d20_4896,11737.69137747427
000d7d20_4897,11737.708072792397
000d7d20_4898,11738.422659345875
000d7d20_4899,11738.439354664002
000d7d20_4900,11738.45604998213
000d7d20_4901,11737.774854064905
000d7d20_4902,11738.489440618383
000d7d20_4903,11737.80824470116
000d7d20_4904,11738.522831254639
000d7d20_4905,11738.539526572766
000d7d20_4906,11737.858330655541
000d7d20_4907,11737.875025973668
000d7d20_4908,11737.861997170701
000d7d20_4909,11738.571159224668
000d7d20_4910,11737.842584767406
000d7d20_4911,11738.557171320885
000d7d20_4912,11738.573866639012
000d7d20_4913,11738.590561957139
000d7d20_4914,11738.63698139636
000d7d20_4915,11738.003164019174
000d7d20_4916,11738.717750572654
000d7d20_4917,11738.03655465543
000d7d20_4918,11738.751141208908
000d7d20_4919,11738.767836527035
000d7d20_4920,11737.980752243111
000d7d20_4921,11737.997447561238
000d7d20_4922,11738.014142879365
000d7d20_4923,11738.728729432845
000d7d20_4924,11738.745424750972
000d7d20_4925,11738.7621200691
000d7d20_4926,11738.080924151875
000d7d20_4927,11738.04410689676
000d7d20_4928,11738.758693450238
000d7d20_4929,11738.077497533013
000d7d20_4930,11738.792084086494
000d7d20_4931,11738.80877940462
000d7d20_4932,11738.127583487396
000d7d20_4933,11738.144278805523
000d7d20_4934,11738.858865359001
000d7d20_4935,11738.177669441777
000d7d20_4936,11738.892255995255
000d7d20_4937,11738.211060078032
000d7d20_4938,11738.925646631511
000d7d20_4939,11738.244450714286
000d7d20_4940,11738.959037267765
000d7d20_4941,11738.975732585892
000d7d20_4942,11738.992427904019
000d7d20_4943,11738.311231986796
000d7d20_4944,11739.025818540274
000d7d20_4945,11738.34462262305
000d7d20_4946,11739.059209176528
000d7d20_4947,11738.378013259304
000d7d20_4948,11739.092599812782
000d7d20_4949,11739.10929513091
000d7d20_4950,11739.125990449038
000d7d20_4951,11738.444794531813
000d7d20_4952,11739.159381085292
000d7d20_4953,11738.485105028907
000d7d20_4954,11738.501800347034
000d7d20_4955,11738.518495665161
000d7d20_4956,11738.535190983288
000d7d20_4957,11738.551886301417
000d7d20_4958,11738.568581619544
000d7d20_4959,11738.58527693767
000d7d20_4960,11739.29986349115
000d7d20_4961,11738.618667573925
000d7d20_4962,11738.635362892051
000d7d20_4963,11738.652058210178
000d7d20_4964,11739.366644763659
000d7d20_4965,11738.685448846434
000d7d20_4966,11738.702144164561
000d7d20_4967,11738.718839482688
000d7d20_4968,11739.433426036167
000d7d20_4969,11738.752230118942
000d7d20_4970,11739.466816672422
000d7d20_4971,11738.785620755198
000d7d20_4972,11738.802316073325
000d7d20_4973,11738.819011391452
000d7d20_4974,11739.53359794493
000d7d20_4975,11738.852402027705
000d7d20_4976,11739.226984613899
000d7d20_4977,11738.536953857809
000d7d20_4978,11739.251540411287
000d7d20_4979,11738.570344494063
000d7d20_4980,11738.58703981219
000d7d20_4981,11738.961622398383
000d7d20_4982,11739.318321683795
000d7d20_4983,11738.63712576657
000d7d20_4984,11738.6538210847
000d7d20_4985,11738.670516402826
000d7d20_4986,11739.04509898902
000d7d20_4987,11738.70390703908
000d7d20_4988,11738.720602357207
000d7d20_4989,11738.737297675334
000d7d20_4990,11739.111880261527
000d7d20_4991,11738.77068831159
000d7d20_4992,11738.787383629717
000d7d20_4993,11738.804078947844
000d7d20_4994,11738.82077426597
000d7d20_4995,11738.837469584098
000d7d20_4996,11739.552056137576
000d7d20_4997,11739.22874748842
000d7d20_4998,11738.88755553848
000d7d20_4999,11739.262138124674
000d7d20_5000,11739.618837410086
000d7d20_5001,11738.937641492861
000d7d20_5002,11739.65222804634
000d7d20_5003,11739.328919397181
000d7d20_5004,11739.542041106912
000d7d20_5005,11739.30422745287
000d7d20_5006,11739.055869975587
000d7d20_5007,11739.67762205641
000d7d20_5008,11739.354313407252
000d7d20_5009,11739.711012692664
000d7d20_5010,11739.387704043505
000d7d20_5011,11739.156047310853
000d7d20_5012,11739.230176711011
000d7d20_5013,11739.270782551599
000d7d20_5014,11739.57004775498
000d7d20_5015,11739.586743073107
000d7d20_5016,11739.496459021117
000d7d20_5017,11738.662720989634
000d7d20_5018,11738.471515306786
000d7d20_5019,11738.978902763585
000d7d20_5020,11738.938163999681
000d7d20_5021,11738.954859317808
000d7d20_5022,11739.028988717966
000d7d20_5023,11738.988249954062
000d7d20_5024,11739.062379354222
000d7d20_5025,11738.720920375474
000d7d20_5026,11738.7376156936
000d7d20_5027,11739.094314979013
000d7d20_5028,11738.771006329855
000d7d20_5029,11738.845135730013
000d7d20_5030,11739.144400933394
000d7d20_5031,11739.218530333554
000d7d20_5032,11739.23522565168
000d7d20_5033,11738.854482920491
000d7d20_5034,11738.744629471528
000d7d20_5035,11739.158762838972
000d7d20_5036,11738.835454189813
000d7d20_5037,11738.85214950794
000d7d20_5038,11738.86884482607
000d7d20_5039,11738.885540144196
000d7d20_5040,11739.242239429608
000d7d20_5041,11739.258934747735
000d7d20_5042,11738.896342346135
000d7d20_5043,11738.855603582231
000d7d20_5044,11739.212302867643
000d7d20_5045,11738.946428300518
000d7d20_5046,11739.30312758593
000d7d20_5047,11739.319822904057
000d7d20_5048,11738.996514254899
000d7d20_5049,11739.013209573026
000d7d20_5050,11739.029904891153
000d7d20_5051,11739.046600209282
000d7d20_5052,11739.005861445377
000d7d20_5053,11739.079990845536
000d7d20_5054,11738.96481207919
000d7d20_5055,11738.981507397317
000d7d20_5056,11738.847514544057
000d7d20_5057,11738.789540977907
000d7d20_5058,11739.496864347793
000d7d20_5059,11739.515291538479
000d7d20_5060,11739.797039652016
000d7d20_5061,11739.609587631276
000d7d20_5062,11739.578385610535
000d7d20_5063,11739.935084895948
000d7d20_5064,11739.951780214074
000d7d20_5065,11738.245529365211
000d7d20_5066,11737.922220716053
000d7d20_5067,11737.67386323877
000d7d20_5068,11738.295615319592
000d7d20_5069,11738.312310637719
000d7d20_5070,11737.98900198856
000d7d20_5071,11738.345701273975
000d7d20_5072,11738.022392624816
000d7d20_5073,11738.039087942943
000d7d20_5074,11738.05578326107
000d7d20_5075,11738.412482546482
000d7d20_5076,11738.089173897324
000d7d20_5077,11738.105869215451
000d7d20_5078,11738.12256453358
000d7d20_5079,11738.217682398094
000d7d20_5080,11737.555781219638
000d7d20_5081,11737.723164709152
000d7d20_5082,11737.399856059994
000d7d20_5083,11737.813989427437
000d7d20_5084,11737.830684745564
000d7d20_5085,11737.847380063693
000d7d20_5086,11737.763245303695
000d7d20_5087,11737.837374703853
000d7d20_5088,11737.540196730964
000d7d20_5089,11737.813331258076
000d7d20_5090,11738.071817347687
000d7d20_5091,11737.943439728802
000d7d20_5092,11737.9027009649
000d7d20_5093,11737.919396283027
000d7d20_5094,11738.140238940021
000d7d20_5095,11738.011861321136
000d7d20_5096,11737.969482237408
000d7d20_5097,11738.621240726921
000d7d20_5098,11738.55437128675
000d7d20_5099,11738.175657974505
000d7d20_5100,11737.835541769195
000d7d20_5101,11738.117740017009
000d7d20_5102,11738.134435335136
000d7d20_5103,11737.803779579044
000d7d20_5104,11738.2039435251
000d7d20_5105,11738.27807292526
000d7d20_5106,11738.378333001689
000d7d20_5107,11738.311463561515
000d7d20_5108,11738.27072479761
000d7d20_5109,11738.498746714858
000d7d20_5110,11737.96411146658
000d7d20_5111,11738.219912009316
000d7d20_5112,11738.294041409476
000d7d20_5113,11738.054297518618
000d7d20_5114,11738.32743204573
000d7d20_5115,11738.004123396571
000d7d20_5116,11737.963384632667
000d7d20_5117,11738.320083918079
000d7d20_5118,11738.539286255249
000d7d20_5119,11738.410908636366
000d7d20_5120,11738.453734630762
000d7d20_5121,11738.104295305335
000d7d20_5122,11737.595050682055
000d7d20_5123,11737.572462247741
000d7d20_5124,11737.589157565868
000d7d20_5125,11737.605852883997
000d7d20_5126,11738.04611692771
000d7d20_5127,11737.63924352025
000d7d20_5128,11737.655938838378
000d7d20_5129,11737.407581361094
000d7d20_5130,11738.029333441917
000d7d20_5131,11737.290283825962
000d7d20_5132,11738.166308367723
000d7d20_5133,11738.0022709588
000d7d20_5134,11738.488166411204
000d7d20_5135,11738.50486172933
000d7d20_5136,11738.861561014743
000d7d20_5137,11738.621817123885
000d7d20_5138,11738.554947683711
000d7d20_5139,11738.555453426645
000d7d20_5140,11738.588338319967
000d7d20_5141,11738.921127082918
000d7d20_5142,11738.665193616866
000d7d20_5143,11737.626987811946
000d7d20_5144,11737.303679162787
000d7d20_5145,11737.304184905719
000d7d20_5146,11737.867991735078
000d7d20_5147,11737.95206223631
000d7d20_5148,11737.885192796137
000d7d20_5149,11737.91807768946
000d7d20_5150,11737.553410092547
000d7d20_5151,11736.73017010794
000d7d20_5152,11737.154244576459
000d7d20_5153,11736.55645320025
000d7d20_5154,11736.597059040838
000d7d20_5155,11736.613754358965
000d7d20_5156,11736.630449677092
000d7d20_5157,11736.746899328715
000d7d20_5158,11736.663840313346
000d7d20_5159,11736.680535631474
000d7d20_5160,11736.697230949601
000d7d20_5161,11737.100347471342
000d7d20_5162,11736.476364383707
000d7d20_5163,11736.758112497244
000d7d20_5164,11736.77480781537
000d7d20_5165,11736.875067891799
000d7d20_5166,11737.100259303677
000d7d20_5167,11736.824893769754
000d7d20_5168,11736.84158908788
000d7d20_5169,11736.810341290773
000d7d20_5170,11736.693491687025
000d7d20_5171,11737.183735894312
000d7d20_5172,11737.248374327673
000d7d20_5173,11736.695634526173
000d7d20_5174,11736.676708201234
000d7d20_5175,11736.621549881665
000d7d20_5176,11736.903297995203
000d7d20_5177,11737.39150515415
000d7d20_5178,11737.08026620714
000d7d20_5179,11737.096961525269
000d7d20_5180,11736.970079267712
000d7d20_5181,11736.98677458584
000d7d20_5182,11737.059278924962
000d7d20_5183,11737.332413452074
000d7d20_5184,11737.3491087702
000d7d20_5185,11737.025800121042
000d7d20_5186,11737.126060197472
000d7d20_5187,11737.059190757298
000d7d20_5188,11737.075886075425
000d7d20_5189,11737.092581393552
000d7d20_5190,11737.19284146998
000d7d20_5191,11737.149882552267
000d7d20_5192,11737.166577870394
000d7d20_5193,11737.183273188522
000d7d20_5194,11737.539972473935
000d7d20_5195,11737.300228583077
000d7d20_5196,11736.968306347493
000d7d20_5197,11737.590058428315
000d7d20_5198,11737.001696983747
000d7d20_5199,11737.018392301874
000d7d20_5200,11737.723709140999
000d7d20_5201,11737.656839700825
000d7d20_5202,11737.673535018952
000d7d20_5203,11737.326315847333
000d7d20_5204,11737.486588741143
000d7d20_5205,11736.981792054876
000d7d20_5206,11737.519979377399
000d7d20_5207,11737.393097119842
000d7d20_5208,11737.749796405255
000d7d20_5209,11737.352352929436
000d7d20_5210,11738.05766976856
000d7d20_5211,11737.990800328385
000d7d20_5212,11737.186008219755
000d7d20_5213,11736.937650742473
000d7d20_5214,11737.512710928764
000d7d20_5215,11737.17859905695
000d7d20_5216,11737.618863100663
000d7d20_5217,11737.211989693204
000d7d20_5218,11737.22868501133
000d7d20_5219,11737.054462360707
000d7d20_5220,11737.411161646121
000d7d20_5221,11737.111763519424
000d7d20_5222,11737.212023595852
000d7d20_5223,11737.145154155678
000d7d20_5224,11737.161849473805
000d7d20_5225,11737.147416862244
000d7d20_5226,11737.504116147657
000d7d20_5227,11737.520811465785
000d7d20_5228,11737.197502816627
000d7d20_5229,11737.63776686034
000d7d20_5230,11737.230893452881
000d7d20_5231,11737.247588771008
000d7d20_5232,11737.264284089135
000d7d20_5233,11737.280979407264
000d7d20_5234,11737.29767472539
000d7d20_5235,11737.362442858459
000d7d20_5236,11737.462702934887
000d7d20_5237,11737.130780699303
000d7d20_5238,11737.41252881284
000d7d20_5239,11737.769228098252
000d7d20_5240,11737.78592341638
000d7d20_5241,11737.462614767222
000d7d20_5242,11737.819314052635
000d7d20_5243,11737.584681856113
000d7d20_5244,11737.68494193254
000d7d20_5245,11737.618072492367
000d7d20_5246,11737.634767810494
000d7d20_5247,11737.651463128623
000d7d20_5248,11737.724989806613
000d7d20_5249,11737.401681157455
000d7d20_5250,11737.758380442867
000d7d20_5251,11737.4166696941
000d7d20_5252,11737.168312216816
000d7d20_5253,11737.79006429764
000d7d20_5254,11737.550320406783
000d7d20_5255,11737.483450966609
000d7d20_5256,11737.500146284736
000d7d20_5257,11737.516841602863
000d7d20_5258,11737.53353692099
000d7d20_5259,11737.550232239117
000d7d20_5260,11737.566927557245
000d7d20_5261,11737.923626842658
000d7d20_5262,11737.6003181935
000d7d20_5263,11737.617013511626
000d7d20_5264,11737.633708829753
000d7d20_5265,11737.65040414788
000d7d20_5266,11738.090668191593
000d7d20_5267,11738.023798751421
000d7d20_5268,11738.040494069548
000d7d20_5269,11737.62205449998
000d7d20_5270,11737.978753785392
000d7d20_5271,11737.655445136234
000d7d20_5272,11737.67214045436
000d7d20_5273,11737.688835772487
000d7d20_5274,11737.4877805413
000d7d20_5275,11737.239423064017
000d7d20_5276,11737.861175144839
000d7d20_5277,11737.53786649568
00bbac68_1545,12226.542937541753
00bbac68_1546,12226.556005488932
00bbac68_1547,12226.569073436112
00bbac68_1548,12226.648557170034
00bbac68_1549,12226.611056536585
00bbac68_1550,12226.624124483764
00bbac68_1551,12226.793143454044
00bbac68_1552,12226.806211401225
00bbac68_1553,12226.756686365157
00bbac68_1554,12226.775766275226
00bbac68_1555,12226.756710179894
00bbac68_1556,12226.763766164182
00bbac68_1557,12226.777465443758
00bbac68_1558,12226.790533390938
00bbac68_1559,12226.79758889839
00bbac68_1560,12226.810656845568
00bbac68_1561,12226.829737232474
00bbac68_1562,12226.836792739925
00bbac68_1563,12226.849860687105
00bbac68_1564,12226.868941074012
00bbac68_1565,12226.875996581462
00bbac68_1566,12226.764347769913
00bbac68_1567,12226.90213247582
00bbac68_1568,12226.915200423
00bbac68_1569,12226.934280809906
00bbac68_1570,12226.947348757085
00bbac68_1571,12226.960416704263
00bbac68_1572,12226.973484651442
00bbac68_1573,12226.980540158893
00bbac68_1574,12226.993608106073
00bbac68_1575,12227.01268849298
00bbac68_1576,12227.025756440158
00bbac68_1577,12226.873977967049
00bbac68_1578,12227.051892334515
00bbac68_1579,12227.064960281696
00bbac68_1580,12227.078028228874
00bbac68_1581,12227.091096176053
00bbac68_1582,12227.104164123231
00bbac68_1583,12227.111219630682
00bbac68_1584,12227.124287577863
00bbac68_1585,12227.137355525041
00bbac68_1586,12227.156435911947
00bbac68_1587,12227.169503859126
00bbac68_1588,12227.182571806305
00bbac68_1589,12227.195639753485
00bbac68_1590,12227.043861280375
00bbac68_1591,12227.056929227554
00bbac68_1592,12227.075378282063
00bbac68_1593,12227.088446229242
00bbac68_1594,12227.190219716123
00bbac68_1595,12227.203287663304
00bbac68_1596,12227.381201077096
00bbac68_1597,12227.156994377516
00bbac68_1598,12227.170062324694
00bbac68_1599,12227.347976692161
00bbac68_1600,12227.196198219053
00bbac68_1601,12227.209266166232
00bbac68_1602,12227.387180533698
00bbac68_1603,12227.400248480877
00bbac68_1604,12227.413316428056
00bbac68_1605,12227.426384375236
00bbac68_1606,12227.274605902126
00bbac68_1607,12227.287673849305
00bbac68_1608,12227.465588216772
00bbac68_1609,12227.51890837266
00bbac68_1610,12227.32687769084
00bbac68_1611,12227.339945638021
00bbac68_1612,12227.3530135852
00bbac68_1613,12227.366081532378
00bbac68_1614,12227.379149479557
00bbac68_1615,12227.553530006844
00bbac68_1616,12227.405285373916
00bbac68_1617,12227.418353321094
00bbac68_1618,12227.592733848382
00bbac68_1619,12227.60580179556
00bbac68_1620,12227.45755716263
00bbac68_1621,12227.63193768992
00bbac68_1622,12227.645005637098
00bbac68_1623,12227.658073584276
00bbac68_1624,12227.671141531455
00bbac68_1625,12227.684209478633
00bbac68_1626,12227.697277425812
00bbac68_1627,12227.710345372992
00bbac68_1628,12227.888258309948
00bbac68_1629,12227.901326257126
00bbac68_1630,12227.914394204305
00bbac68_1631,12227.762617161707
00bbac68_1632,12227.940530098664
00bbac68_1633,12227.947586082952
00bbac68_1634,12227.96666599302
00bbac68_1635,12227.814888950423
00bbac68_1636,12227.827956897601
00bbac68_1637,12228.005869834558
00bbac68_1638,12228.018937781737
00bbac68_1639,12228.032005728915
00bbac68_1640,12228.045073676094
00bbac68_1641,12228.058141623273
00bbac68_1642,12228.065197607562
00bbac68_1643,12228.150693781212
00bbac68_1644,12228.107180231198
00bbac68_1645,12228.126260618104
00bbac68_1646,12228.10720499961
00bbac68_1647,12228.108879876567
00bbac68_1648,12228.121947823747
00bbac68_1649,12228.135015770926
00bbac68_1650,12228.154095680995
00bbac68_1651,12228.00231816156
00bbac68_1652,12228.05289125858
00bbac68_1653,12228.224791755809
00bbac68_1654,12228.237859702987
00bbac68_1655,12228.218804084492
00bbac68_1656,12228.10177464245
00bbac68_1657,12228.239559348356
00bbac68_1658,12228.258639258427
00bbac68_1659,12228.271707205606
00bbac68_1660,12228.284775152784
00bbac68_1661,12228.132997633349
00bbac68_1662,12228.351162779014
00bbac68_1663,12228.32397899432
00bbac68_1664,12228.3370469415
00bbac68_1665,12228.350114888679
00bbac68_1666,12228.357170872967
00bbac68_1667,12228.416502514909
00bbac68_1668,12228.394699837545
00bbac68_1669,12228.407767784725
00bbac68_1670,12228.452959297578
00bbac68_1671,12228.460014805029
00bbac68_1672,12228.44159051893
00bbac68_1673,12228.448646503219
00bbac68_1674,12228.46772641329
00bbac68_1675,12228.315948893855
00bbac68_1676,12228.493862307647
00bbac68_1677,12228.500918291935
00bbac68_1678,12228.513986239113
00bbac68_1679,12228.527054186294
00bbac68_1680,12228.546134096363
00bbac68_1681,12228.394356576928
00bbac68_1682,12228.612521722593
00bbac68_1683,12228.585337937899
00bbac68_1684,12228.385630177832
00bbac68_1685,12228.398698125013
00bbac68_1686,12228.417147179522
00bbac68_1687,12228.4302151267
00bbac68_1688,12228.443283073879
00bbac68_1689,12228.693572262055
00bbac68_1690,12228.666388000525
00bbac68_1691,12228.679455947704
00bbac68_1692,12228.584259925461
00bbac68_1693,12228.524899646169
00bbac68_1694,12228.537967593347
00bbac68_1695,12228.756132739014
00bbac68_1696,12228.728948477483
00bbac68_1697,12228.782268633371
00bbac68_1698,12228.590239382063
00bbac68_1699,12228.603307329242
00bbac68_1700,12228.61637527642
00bbac68_1701,12228.6294432236
00bbac68_1702,12228.64251117078
00bbac68_1703,12228.655579117958
00bbac68_1704,12228.668647065137
00bbac68_1705,12228.681715012315
00bbac68_1706,12228.694782959496
00bbac68_1707,12228.707850906674
00bbac68_1708,12228.720918853853
00bbac68_1709,12228.733986801031
00bbac68_1710,12228.83685653654
00bbac68_1711,12228.84992448372
00bbac68_1712,12228.698146487448
00bbac68_1713,12228.711214434627
00bbac68_1714,12228.724282381805
00bbac68_1715,12228.737350328984
00bbac68_1716,12228.915264219615
00bbac68_1717,12228.763486223343
00bbac68_1718,12228.776554170521
00bbac68_1719,12228.95446806115
00bbac68_1720,12228.96753600833
00bbac68_1721,12228.980603955508
00bbac68_1722,12228.894855507882
00bbac68_1723,12228.90792345506
00bbac68_1724,12228.92099140224
00bbac68_1725,12228.769213405967
00bbac68_1726,12228.782281353146
00bbac68_1727,12228.960195243777
00bbac68_1728,12228.973263190956
00bbac68_1729,12228.986331138134
00bbac68_1730,12228.999399085313
00bbac68_1731,12229.012467032491
00bbac68_1732,12229.025534979672
00bbac68_1733,12228.8737569834
00bbac68_1734,12229.051670874029
00bbac68_1735,12228.977321218668
00bbac68_1736,12228.990389165847
00bbac68_1737,12228.838611169575
00bbac68_1738,12228.851679116755
00bbac68_1739,12229.029593007384
00bbac68_1740,12229.042660954563
00bbac68_1741,12228.940846909401
00bbac68_1742,12228.916410183576
00bbac68_1743,12229.060206375538
00bbac68_1744,12229.078655906884
00bbac68_1745,12228.959001953122
00bbac68_1746,12229.136916320589
00bbac68_1747,12229.11785974842
00bbac68_1748,12229.045910014478
00bbac68_1749,12228.926256060717
00bbac68_1750,12229.104169951346
00bbac68_1751,12229.008972975429
00bbac68_1752,12229.186886866059
00bbac68_1753,12229.199954813237
00bbac68_1754,12229.048176816967
00bbac68_1755,12229.061244764145
00bbac68_1756,12228.923258805837
00bbac68_1757,12229.014952432031
00bbac68_1758,12229.265294549132
00bbac68_1759,12229.056935532506
00bbac68_1760,12229.12658450004
00bbac68_1761,12228.8738796277
00bbac68_1762,12228.965572777057
00bbac68_1763,12229.143486667686
00bbac68_1764,12228.913083469237
00bbac68_1765,12229.004776618594
00bbac68_1766,12229.176678546333
00bbac68_1767,12229.111120814496
00bbac68_1768,12229.208826403581
00bbac68_1769,12229.143268671745
00bbac68_1770,12229.070116354489
00bbac68_1771,12229.004559099489
00bbac68_1772,12229.096252248846
00bbac68_1773,12229.030694993846
00bbac68_1774,12229.030386228225
00bbac68_1775,12228.916982655935
00bbac68_1776,12228.851424924098
00bbac68_1777,12228.864492871277
00bbac68_1778,12228.956186497471
00bbac68_1779,12228.890628765634
00bbac68_1780,12228.903696712814
00bbac68_1781,12228.916764659993
00bbac68_1782,12228.929832607171
00bbac68_1783,12228.94290055435
00bbac68_1784,12229.034594180544
00bbac68_1785,12228.969036448709
00bbac68_1786,12228.982104395887
00bbac68_1787,12228.995172343066
00bbac68_1788,12229.008240290244
00bbac68_1789,12228.405350381245
00bbac68_1790,12229.199221174378
00bbac68_1791,12229.212289121559
00bbac68_1792,12229.225357068737
00bbac68_1793,12229.07358002614
00bbac68_1794,12229.086647973318
00bbac68_1795,12229.264560910273
00bbac68_1796,12229.112783867677
00bbac68_1797,12228.509893958677
00bbac68_1798,12229.30376475181
00bbac68_1799,12229.275861896682
00bbac68_1800,12229.28892984386
00bbac68_1801,12229.30199779104
00bbac68_1802,12229.150220748443
00bbac68_1803,12229.163288695621
00bbac68_1804,12229.1763566428
00bbac68_1805,12228.647815779554
00bbac68_1806,12229.202492537159
00bbac68_1807,12229.215560484337
00bbac68_1808,12229.393473421293
00bbac68_1809,12229.406541368471
00bbac68_1810,12229.41960931565
00bbac68_1811,12229.267832273052
00bbac68_1812,12229.445745210009
00bbac68_1813,12229.458813157187
00bbac68_1814,12228.765427304164
00bbac68_1815,12229.320104061768
00bbac68_1816,12229.333172008946
00bbac68_1817,12229.346239956127
00bbac68_1818,12229.359307903305
00bbac68_1819,12229.372375850484
00bbac68_1820,12229.385443797662
00bbac68_1821,12229.563356734618
00bbac68_1822,12229.576424681798
00bbac68_1823,12229.589492628977
00bbac68_1824,12229.101204570487
00bbac68_1825,12229.587289614185
00bbac68_1826,12229.43551209475
00bbac68_1827,12229.448580041928
00bbac68_1828,12229.461647989108
00bbac68_1829,12229.474715936287
00bbac68_1830,12229.692881081952
00bbac68_1831,12229.665697297258
00bbac68_1832,12229.513919777823
00bbac68_1833,12229.526987725003
00bbac68_1834,12229.540055672182
00bbac68_1835,12229.55312361936
00bbac68_1836,12229.566191566539
00bbac68_1837,12229.124322651725
00bbac68_1838,12229.67298732723
00bbac68_1839,12229.68605527441
00bbac68_1840,12229.54028876419
00bbac68_1841,12229.553356711369
00bbac68_1842,12229.566424658547
00bbac68_1843,12229.579492605726
00bbac68_1844,12229.592560552906
00bbac68_1845,12229.605628500085
00bbac68_1846,12229.618696447264
00bbac68_1847,12229.796611053149
00bbac68_1848,12229.64483234162
00bbac68_1849,12229.657900288801
00bbac68_1850,12229.507732213984
00bbac68_1851,12229.685646223823
00bbac68_1852,12229.698714171001
00bbac68_1853,12229.54693605552
00bbac68_1854,12229.5600040027
00bbac68_1855,12229.573071949879
00bbac68_1856,12229.586139897057
00bbac68_1857,12229.222445692518
00bbac68_1858,12229.777121854075
00bbac68_1859,12229.625343738595
00bbac68_1860,12229.638411685773
00bbac68_1861,12229.651479632952
00bbac68_1862,12229.82939364279
00bbac68_1863,12229.72983789841
00bbac68_1864,12229.578059782929
00bbac68_1865,12229.75597379277
00bbac68_1866,12229.604195677288
00bbac68_1867,12229.617263624466
00bbac68_1868,12229.795177634305
00bbac68_1869,12229.643399518824
00bbac68_1870,12229.656467466004
00bbac68_1871,12229.834381475843
00bbac68_1872,12229.682603360361
00bbac68_1873,12229.69567130754
00bbac68_1874,12229.873585317378
00bbac68_1875,12229.721807201899
00bbac68_1876,12229.688996738738
00bbac68_1877,12229.702064685916
00bbac68_1878,12229.715132633095
00bbac68_1879,12229.893046046887
00bbac68_1880,12229.906113994066
00bbac68_1881,12229.919181941246
00bbac68_1882,12229.767404421811
00bbac68_1883,12229.552311391626
00bbac68_1884,12229.696607904974
00bbac68_1885,12229.874521437976
00bbac68_1886,12229.80984144414
00bbac68_1887,12229.658064043913
00bbac68_1888,12229.674835108463
00bbac68_1889,12229.846949824783
00bbac68_1890,12229.695172186139
00bbac68_1891,12229.70824013332
00bbac68_1892,12229.963901607338
00bbac68_1893,12229.812123849484
00bbac68_1894,12229.825191796663
00bbac68_1895,12229.838259743841
00bbac68_1896,12229.851327691022
00bbac68_1897,12229.8643956382
00bbac68_1898,12230.042309290411
00bbac68_1899,12229.92598258713
00bbac68_1900,12229.939050534309
00bbac68_1901,12229.73091825375
00bbac68_1902,12229.74398620093
00bbac68_1903,12229.921899495514
00bbac68_1904,12230.057728453816
00bbac68_1905,12230.070796400994
00bbac68_1906,12230.083864348173
00bbac68_1907,12229.932086947949
00bbac68_1908,12229.950953711808
00bbac68_1909,12229.958222842306
00bbac68_1910,12230.136136136889
00bbac68_1911,12230.018475362449
00bbac68_1912,12230.03154330963
00bbac68_1913,12230.117470782488
00bbac68_1914,12230.046676544189
00bbac68_1915,12230.053732528477
00bbac68_1916,12230.072812438546
00bbac68_1917,12230.085880385725
00bbac68_1918,12230.171376440167
00bbac68_1919,12230.01959915915
00bbac68_1920,12229.96023852223
00bbac68_1921,12229.973306469408
00bbac68_1922,12230.058803000686
00bbac68_1923,12230.236716176061
00bbac68_1924,12230.24978412324
00bbac68_1925,12230.262852070418
00bbac68_1926,12230.275920017597
00bbac68_1927,12230.12414273658
00bbac68_1928,12230.245474772391
00bbac68_1929,12230.221038046566
00bbac68_1930,12230.234105993744
00bbac68_1931,12230.247173940923
00bbac68_1932,12230.259611032541
00bbac68_1933,12230.36739564785
00bbac68_1934,12230.143189782735
00bbac68_1935,12230.156257729914
00bbac68_1936,12230.169325677092
00bbac68_1937,12230.18239362427
00bbac68_1938,12230.360307276482
00bbac68_1939,12230.373375223662
00bbac68_1940,12230.16330054694
00bbac68_1941,12230.176368494118
00bbac68_1942,12230.189436441296
00bbac68_1943,12230.202504388475
00bbac68_1944,12230.215572335655
00bbac68_1945,12230.228640282834
00bbac68_1946,12230.406554411882
00bbac68_1947,12230.41962235906
00bbac68_1948,12230.43269030624
00bbac68_1949,12230.44575825342
00bbac68_1950,12230.458826200598
00bbac68_1951,12230.471894147777
00bbac68_1952,12230.511800397568
00bbac68_1953,12230.319770431004
00bbac68_1954,12230.332838378183
00bbac68_1955,12230.510752268814
00bbac68_1956,12230.523820215993
00bbac68_1957,12230.536888163171
00bbac68_1958,12230.54995611035
00bbac68_1959,12230.563024057528
00bbac68_1960,12230.411246061258
00bbac68_1961,12230.424314008436
00bbac68_1962,12230.437381955615
00bbac68_1963,12230.450449902793
00bbac68_1964,12230.628363793423
00bbac68_1965,12230.576094082675
00bbac68_1966,12230.424316920868
00bbac68_1967,12230.437384868046
00bbac68_1968,12230.61529792421
00bbac68_1969,12230.463520762403
00bbac68_1970,12230.641433818568
00bbac68_1971,12230.654501765748
00bbac68_1972,12230.667569712927
00bbac68_1973,12230.680637660105
00bbac68_1974,12230.693705607284
00bbac68_1975,12230.706773554462
00bbac68_1976,12230.554996392657
00bbac68_1977,12230.568064339835
00bbac68_1978,12230.487616414059
00bbac68_1979,12230.494885544556
00bbac68_1980,12230.507953491735
00bbac68_1981,12230.521021438915
00bbac68_1982,12230.698934256661
00bbac68_1983,12230.71200220384
00bbac68_1984,12230.725070151018
00bbac68_1985,12230.738138098197
00bbac68_1986,12230.58636117481
00bbac68_1987,12230.599429121989
00bbac68_1988,12230.612497069167
00bbac68_1989,12230.790409886913
00bbac68_1990,12230.803477834092
00bbac68_1991,12230.725201067105
00bbac68_1992,12230.738269014286
00bbac68_1993,12230.586491971688
00bbac68_1994,12230.599559918866
00bbac68_1995,12230.612627866045
00bbac68_1996,12230.625695813224
00bbac68_1997,12230.638763760404
00bbac68_1998,12230.651831707582
00bbac68_1999,12230.664899654761
00bbac68_2000,12230.67796760194
00bbac68_2001,12230.691035549118
00bbac68_2002,12230.868948486075
00bbac68_2003,12230.717171443477
00bbac68_2004,12230.677330374047
00bbac68_2005,12230.690398321225
00bbac68_2006,12230.703466268404
00bbac68_2007,12230.881379324568
00bbac68_2008,12230.729602162763
00bbac68_2009,12230.742670109941
00bbac68_2010,12230.75573805712
00bbac68_2011,12230.768806004298
00bbac68_2012,12230.781873951477
00bbac68_2013,12231.075585004164
00bbac68_2014,12231.077155572993
00bbac68_2015,12231.255068629158
00bbac68_2016,12230.967673138302
00bbac68_2017,12230.980741085481
00bbac68_2018,12230.993809032661
00bbac68_2019,12231.00687697984
00bbac68_2020,12230.96357085399
00bbac68_2021,12231.15298176534
00bbac68_2022,12230.754677289347
00bbac68_2023,12230.767745236528
00bbac68_2024,12230.911542143744
00bbac68_2025,12230.759765101146
00bbac68_2026,12230.772833048324
00bbac68_2027,12230.95074598528
00bbac68_2028,12230.798968942681
00bbac68_2029,12230.639333742927
00bbac68_2030,12230.716896538357
00bbac68_2031,12230.565119495759
00bbac68_2032,12230.578187442938
00bbac68_2033,12230.756100379893
00bbac68_2034,12230.769168327073
00bbac68_2035,12230.617391284475
00bbac68_2036,12230.730809373179
00bbac68_2037,12230.743877320358
00bbac68_2038,12230.756945267536
00bbac68_2039,12230.770013214717
00bbac68_2040,12230.783081161895
00bbac68_2041,12230.796149109074
00bbac68_2042,12230.646425446488
00bbac68_2043,12230.659493393667
00bbac68_2044,12230.672561340845
00bbac68_2045,12230.685629288026
00bbac68_2046,12230.698697235204
00bbac68_2047,12230.711765182383
00bbac68_2048,12230.889678238547
00bbac68_2049,12230.902746185726
00bbac68_2050,12230.915814132906
00bbac68_2051,12230.969134527213
00bbac68_2052,12230.777104918277
00bbac68_2053,12230.790172865456
00bbac68_2054,12230.803240812635
00bbac68_2055,12230.648710482485
00bbac68_2056,12230.661778429663
00bbac68_2057,12230.674846376842
00bbac68_2058,12230.852759582018
00bbac68_2059,12230.865827529196
00bbac68_2060,12230.878895476377
00bbac68_2061,12230.727118165558
00bbac68_2062,12230.905031370734
00bbac68_2063,12230.753254059915
00bbac68_2064,12230.766322007094
00bbac68_2065,12230.94423521227
00bbac68_2066,12230.792457901453
00bbac68_2067,12230.805525848631
00bbac68_2068,12230.823681111846
00bbac68_2069,12230.877001506153
00bbac68_2070,12230.849817006203
00bbac68_2071,12230.862884953383
00bbac68_2072,12230.869940520439
00bbac68_2073,12230.883008467617
00bbac68_2074,12230.896076414796
00bbac68_2075,12230.915156742098
00bbac68_2076,12230.763379908118
00bbac68_2077,12230.941292636457
00bbac68_2078,12230.954360583635
00bbac68_2079,12230.967428530814
00bbac68_2080,12230.941766869933
00bbac68_2081,12230.78999000615
00bbac68_2082,12230.80305795333
00bbac68_2083,12230.816125900508
00bbac68_2084,12230.99403865865
00bbac68_2085,12231.079534772694
00bbac68_2086,12230.855329742044
00bbac68_2087,12231.105670667053
00bbac68_2088,12231.118738614232
00bbac68_2089,12230.894533583582
00bbac68_2090,12230.90760153076
00bbac68_2091,12230.920669477939
00bbac68_2092,12230.933737425119
00bbac68_2093,12230.856679170787
00bbac68_2094,12231.034591794818
00bbac68_2095,12231.041647779106
00bbac68_2096,12231.060727689175
00bbac68_2097,12231.073795636354
00bbac68_2098,12231.086863583534
00bbac68_2099,12231.099931530713
00bbac68_2100,12231.112999477891
00bbac68_2101,12230.961222748218
00bbac68_2102,12230.974290695396
00bbac68_2103,12231.152203319429
00bbac68_2104,12231.000426589755
00bbac68_2105,12231.013494536934
00bbac68_2106,12230.762949379292
00bbac68_2107,12230.77601732647
00bbac68_2108,12230.789085273651
00bbac68_2109,12230.80215322083
00bbac68_2110,12230.980066418555
00bbac68_2111,12230.993134365734
00bbac68_2112,12231.006202312912
00bbac68_2113,12231.019270260093
00bbac68_2114,12231.032338207271
00bbac68_2115,12231.04540615445
00bbac68_2116,12231.058474101628
00bbac68_2117,12231.071542048807
00bbac68_2118,12231.084609995985
00bbac68_2119,12231.037410105448
00bbac68_2120,12231.050478052626
00bbac68_2121,12231.063545999805
00bbac68_2122,12231.076613946983
00bbac68_2123,12230.92483655607
00bbac68_2124,12230.937904503251
00bbac68_2125,12230.95097245043
00bbac68_2126,12230.964040397608
00bbac68_2127,12230.977108344787
00bbac68_2128,12230.990176291965
00bbac68_2129,12231.003244239146
00bbac68_2130,12231.016312186324
00bbac68_2131,12231.340330323332
00bbac68_2132,12231.227005151637
00bbac68_2133,12231.280325279586
00bbac68_2134,12231.088295231066
00bbac68_2135,12231.266208993175
00bbac68_2136,12231.081568819784
00bbac68_2137,12231.259482803545
00bbac68_2138,12231.272550750724
00bbac68_2139,12231.12077266132
00bbac68_2140,12231.1338406085
00bbac68_2141,12231.146908555678
00bbac68_2142,12231.32482253944
00bbac68_2143,12231.337890486619
00bbac68_2144,12231.20018767645
00bbac68_2145,12231.378101378954
00bbac68_2146,12231.391169326133
00bbac68_2147,12231.404237273311
00bbac68_2148,12231.41730522049
00bbac68_2149,12231.265527412344
00bbac68_2150,12231.443441114849
00bbac68_2151,12231.291663306703
00bbac68_2152,12231.304731253882
00bbac68_2153,12231.31779920106
00bbac68_2154,12231.33086714824
00bbac68_2155,12231.343935095418
00bbac68_2156,12231.521848797922
00bbac68_2157,12231.23794443493
00bbac68_2158,12231.251012382108
00bbac68_2159,12231.428925363767
00bbac68_2160,12231.277148276466
00bbac68_2161,12231.290216223646
00bbac68_2162,12231.303284170825
00bbac68_2163,12231.481197152483
00bbac68_2164,12231.494265099662
00bbac68_2165,12231.34248801236
00bbac68_2166,12231.35555595954
00bbac68_2167,12231.36862390672
00bbac68_2168,12231.552335705059
00bbac68_2169,12231.565403652237
00bbac68_2170,12231.088316215471
00bbac68_2171,12231.382028221831
00bbac68_2172,12231.395096169012
00bbac68_2173,12231.40816411619
00bbac68_2174,12231.140588004188
00bbac68_2175,12231.358753686294
00bbac68_2176,12231.331568947926
00bbac68_2177,12231.344636895106
00bbac68_2178,12231.357704842285
00bbac68_2179,12231.41102547501
00bbac68_2180,12231.21899568726
00bbac68_2181,12231.39690868382
00bbac68_2182,12231.24513158162
00bbac68_2183,12231.39312841092
00bbac68_2184,12231.406196358099
00bbac68_2185,12231.344940531893
00bbac68_2186,12231.432332252456
00bbac68_2187,12231.280554554207
00bbac68_2188,12231.293622501387
00bbac68_2189,12231.471536093994
00bbac68_2190,12231.410280267788
00bbac68_2191,12231.343480315549
00bbac68_2192,12231.428977502477
00bbac68_2193,12231.539655088825
00bbac68_2194,12231.387877390576
00bbac68_2195,12231.45752647732
00bbac68_2196,12231.220749158156
00bbac68_2197,12231.13926566128
00bbac68_2198,12231.31717979033
00bbac68_2199,12231.33024773751
00bbac68_2200,12231.178469502818
00bbac68_2201,12231.191537449997
00bbac68_2202,12231.158681448887
00bbac68_2203,12231.246072454196
00bbac68_2204,12231.094294219505
00bbac68_2205,12231.107362166684
00bbac68_2206,12231.285276295732
00bbac68_2207,12231.274802434782
00bbac68_2208,12231.2696716534
00bbac68_2209,12231.436930140893
00bbac68_2210,12231.285152621458
00bbac68_2211,12231.298220568637
00bbac68_2212,12231.476133982429
00bbac68_2213,12231.489201929608
00bbac68_2214,12231.502269876788
00bbac68_2215,12231.515337823967
00bbac68_2216,12231.528405771145
00bbac68_2217,12231.38728317801
00bbac68_2218,12231.524975377508
00bbac68_2219,12231.481456939915
00bbac68_2220,12231.659370711335
00bbac68_2221,12231.672438658514
00bbac68_2222,12231.685506605692
00bbac68_2223,12231.53372872863
00bbac68_2224,12231.546796675808
00bbac68_2225,12231.559864622988
00bbac68_2226,12231.572932570167
00bbac68_2227,12231.74340911243
00bbac68_2228,12231.75647705961
00bbac68_2229,12231.698784995115
00bbac68_2230,12231.711852942295
00bbac68_2231,12231.724920889474
00bbac68_2232,12231.665560014135
00bbac68_2233,12231.843474262392
00bbac68_2234,12231.550401071494
00bbac68_2235,12231.326196517683
00bbac68_2236,12231.339264464861
00bbac68_2237,12231.517177401816
00bbac68_2238,12231.530245348995
00bbac68_2239,12231.543313296173
00bbac68_2240,12231.556381243354
00bbac68_2241,12231.404604200756
00bbac68_2242,12231.417672147934
00bbac68_2243,12231.436538911794
00bbac68_2244,12231.614451848749
00bbac68_2245,12231.45687598947
00bbac68_2246,12231.46994393665
00bbac68_2247,12231.616089743708
00bbac68_2248,12231.90980139244
00bbac68_2249,12231.86605061594
00bbac68_2250,12231.879118563118
00bbac68_2251,12231.892186510298
00bbac68_2252,12231.931475971225
00bbac68_2253,12232.020016869339
00bbac68_2254,12231.868239707532
00bbac68_2255,12231.566442780824
00bbac68_2256,12231.65937809098
00bbac68_2257,12231.65805938426
00bbac68_2258,12231.671127331438
00bbac68_2259,12231.51935016963
00bbac68_2260,12231.645526870967
00bbac68_2261,12231.658594818146
00bbac68_2262,12231.671662765326
00bbac68_2263,12231.684730712504
00bbac68_2264,12231.596104314209
00bbac68_2265,12231.550407446057
00bbac68_2266,12231.563475393235
00bbac68_2267,12231.576543340416
00bbac68_2268,12231.639779325009
00bbac68_2269,12231.652847272188
00bbac68_2270,12231.665915219366
00bbac68_2271,12231.843828037112
00bbac68_2272,12231.692051113725
00bbac68_2273,12231.632487224966
00bbac68_2274,12231.846375022113
00bbac68_2275,12231.859442969291
00bbac68_2276,12231.963033205746
00bbac68_2277,12232.044625036746
00bbac68_2278,12231.892847994148
00bbac68_2279,12231.905915941326
00bbac68_2280,12231.450918507455
00bbac68_2281,12231.805496512083
00bbac68_2282,12231.98341076034
00bbac68_2283,12231.99647870752
00bbac68_2284,12232.009546654699
00bbac68_2285,12231.758642438677
00bbac68_2286,12231.293169607696
00bbac68_2287,12231.705101347294
00bbac68_2288,12231.718169294474
00bbac68_2289,12231.731237241653
00bbac68_2290,12231.579459841427
00bbac68_2291,12231.256815594163
00bbac68_2292,12231.605595735784
00bbac68_2293,12231.653077020672
00bbac68_2294,12231.66614496785
00bbac68_2295,12231.343500482168
00bbac68_2296,12231.85712644803
00bbac68_2297,12231.705348809386
00bbac68_2298,12231.398200458461
00bbac68_2299,12231.896330289568
00bbac68_2300,12231.909398236747
00bbac68_2301,12231.602249528194
00bbac68_2302,12231.77068854528
00bbac68_2303,12231.984576819264
00bbac68_2304,12231.763109191532
00bbac68_2305,12232.09639403286
00bbac68_2306,12232.274306850606
00bbac68_2307,12231.633458677255
00bbac68_2308,12231.966744710677
00bbac68_2309,12231.659594571614
00bbac68_2310,12231.786261938387
00bbac68_2311,12231.799329885565
00bbac68_2312,12231.325476760738
00bbac68_2313,12231.5762983376
00bbac68_2314,12231.138696757725
00bbac68_2315,12231.487477614604
00bbac68_2316,12231.164832652084
00bbac68_2317,12231.513613508961
00bbac68_2318,12231.190968546442
00bbac68_2319,12231.539749403319
00bbac68_2320,12231.2171044408
00bbac68_2321,12231.406838647745
00bbac68_2322,12231.084193685225
00bbac68_2323,12231.432974542102
00bbac68_2324,12231.008635472526
00bbac68_2325,12230.980868039152
00bbac68_2326,12231.192303105167
00bbac68_2327,12231.00700393351
00bbac68_2328,12231.393202679028
00bbac68_2329,12230.95318711104
00bbac68_2330,12230.96625505822
00bbac68_2331,12231.31503543826
00bbac68_2332,12231.072258315553
00bbac68_2333,12231.19316966178
00bbac68_2334,12231.172715956736
00bbac68_2335,12231.115025084335
00bbac68_2336,12231.391377714743
00bbac68_2337,12231.096234335322
00bbac68_2338,12231.147017240692
00bbac68_2339,12231.022740827519
00bbac68_2340,12231.508864614236
00bbac68_2341,12231.048876721878
00bbac68_2342,12231.215136235523
00bbac68_2343,12231.224220685082
00bbac68_2344,12231.20376698004
00bbac68_2345,12230.914646053927
00bbac68_2346,12231.065057407784
00bbac68_2347,12231.105626938062
00bbac68_2348,12231.389910324084
00bbac68_2349,12231.209992736594
00bbac68_2350,12231.101993636654
00bbac68_2351,12231.070630374268
00bbac68_2352,12231.264039565192
00bbac68_2353,12231.734667097942
00bbac68_2354,12231.29017545955
00bbac68_2355,12231.138398416952
00bbac68_2356,12231.15146636413
00bbac68_2357,12231.362412672059
00bbac68_2358,12231.375480619237
00bbac68_2359,12231.388548566416
00bbac68_2360,12231.401616513594
00bbac68_2361,12231.474211857929
00bbac68_2362,12231.807495030329
00bbac68_2363,12231.500347752288
00bbac68_2364,12231.513415699466
00bbac68_2365,12231.410180202736
00bbac68_2366,12231.258402206464
00bbac68_2367,12231.436316097095
00bbac68_2368,12231.284538100823
00bbac68_2369,12231.43495088519
00bbac68_2370,12231.47551993863
00bbac68_2371,12231.549654513312
00bbac68_2372,12232.047783152324
00bbac68_2373,12231.57579040767
00bbac68_2374,12231.58885835485
00bbac68_2375,12231.601926302028
00bbac68_2376,12231.895637712341
00bbac68_2377,12231.628062196385
00bbac68_2378,12231.59539859907
00bbac68_2379,12231.60846654625
00bbac68_2380,12231.941748764973
00bbac68_2381,12231.634602440607
00bbac68_2382,12231.647670387785
00bbac68_2383,12231.82558380158
00bbac68_2384,12231.335405679803
00bbac68_2385,12231.211128789793
00bbac68_2386,12231.389042680423
00bbac68_2387,12231.23726468415
00bbac68_2388,12231.735393323162
00bbac68_2389,12231.26340057851
00bbac68_2390,12231.276468525688
00bbac68_2391,12231.13637160928
00bbac68_2392,12231.149439556459
00bbac68_2393,12231.443152397283
00bbac68_2394,12231.913778499524
00bbac68_2395,12231.35348886461
00bbac68_2396,12231.201711345175
00bbac68_2397,12231.214779292353
00bbac68_2398,12231.392692706146
00bbac68_2399,12231.240915186712
00bbac68_2400,12231.418828600505
00bbac68_2401,12231.724610189804
00bbac68_2402,12231.280119028248
00bbac68_2403,12231.45803244204
00bbac68_2404,12231.47110038922
00bbac68_2405,12231.507906243809
00bbac68_2406,12231.520974190988
00bbac68_2407,12231.854256886549
00bbac68_2408,12231.519608979082
00bbac68_2409,12231.560178032523
00bbac68_2410,12231.573245979704
00bbac68_2411,12231.41662903995
00bbac68_2412,12231.509562919593
00bbac68_2413,12231.90516346336
00bbac68_2414,12231.61002151445
00bbac68_2415,12231.458244471854
00bbac68_2416,12231.471312419033
00bbac68_2417,12231.490179182892
00bbac68_2418,12232.015488493596
00bbac68_2419,12231.665343378489
00bbac68_2420,12231.738051256394
00bbac68_2421,12231.458643980031
00bbac68_2422,12231.6258996065
00bbac68_2423,12232.112024346892
00bbac68_2424,12231.487191464756
00bbac68_2425,12231.665103448036
00bbac68_2426,12231.678171395217
00bbac68_2427,12231.526395306293
00bbac68_2428,12232.012518139336
00bbac68_2429,12231.723174053433
00bbac68_2430,12231.57139796451
00bbac68_2431,12231.58446591169
00bbac68_2432,12231.793385661695
00bbac68_2433,12232.004820727709
00bbac68_2434,12231.682177672537
00bbac68_2435,12231.784617777766
00bbac68_2436,12231.743963343355
00bbac68_2437,12231.625488131049
00bbac68_2438,12231.974265173229
00bbac68_2439,12231.816467107834
00bbac68_2440,12231.80203394875
00bbac68_2441,12231.648637090326
00bbac68_2442,12232.04229023114
00bbac68_2443,12231.735144860448
00bbac68_2444,12231.961028092355
00bbac68_2445,12231.845944622755
00bbac68_2446,12232.179227318316
00bbac68_2447,12232.084897232355
00bbac68_2448,12231.79093736276
00bbac68_2449,12231.478485748172
00bbac68_2450,12232.058071525245
00bbac68_2451,12231.507561820446
00bbac68_2452,12231.520629767627
00bbac68_2453,12231.533697714805
00bbac68_2454,12231.684109783917
00bbac68_2455,12231.895543657838
00bbac68_2456,12231.737746784536
00bbac68_2457,12231.723313625454
00bbac68_2458,12231.604836267381
00bbac68_2459,12231.957946805655
00bbac68_2460,12231.77264882609
00bbac68_2461,12231.648372651336
00bbac68_2462,12231.661440598515
00bbac68_2463,12231.565735791026
00bbac68_2464,12231.75094958171
00bbac68_2465,12231.43410367429
00bbac68_2466,12231.584516458657
00bbac68_2467,12231.460239568647
00bbac68_2468,12231.473307515827
00bbac68_2469,12232.28495110273
00bbac68_2470,12231.766200660017
00bbac68_2471,12231.794764861163
00bbac68_2472,12231.807546706046
00bbac68_2473,12231.683270292875
00bbac68_2474,12231.827883783724
00bbac68_2475,12232.023820926841
00bbac68_2476,12231.71490172192
00bbac68_2477,12231.865314744706
00bbac68_2478,12231.746837148214
00bbac68_2479,12231.759905095394
00bbac68_2480,12231.910317402924
00bbac68_2481,12231.786040989751
00bbac68_2482,12231.936453297281
00bbac68_2483,12231.812176884108
00bbac68_2484,12232.300855087484
00bbac68_2485,12231.975657138819
00bbac68_2486,12231.85105456903
00bbac68_2487,12231.864122516208
00bbac68_2488,12232.014534823738
00bbac68_2489,12231.890258410567
00bbac68_2490,12232.040670718097
00bbac68_2491,12231.916394304924
00bbac68_2492,12231.929462252103
00bbac68_2493,12232.079874559633
00bbac68_2494,12231.955598146462
00bbac68_2495,12232.100211637311
00bbac68_2496,12231.975934508882
00bbac68_2497,12231.989002456061
00bbac68_2498,12232.241109347484
00bbac68_2499,12232.012819968155
00bbac68_2500,12232.163232990943
00bbac68_2501,12232.097721035472
00bbac68_2502,12232.24813381984
00bbac68_2503,12232.12385692983
00bbac68_2504,12232.136924877008
00bbac68_2505,12232.287337661377
00bbac68_2506,12232.327905999562
00bbac68_2507,12232.313473555734
00bbac68_2508,12232.309166510542
00bbac68_2509,12232.294732874621
00bbac68_2510,12232.17045646145
00bbac68_2511,12232.32086876898
00bbac68_2512,12231.915946746905
00bbac68_2513,12231.929014694084
00bbac68_2514,12232.079427001614
00bbac68_2515,12231.955150588441
00bbac68_2516,12232.105562895973
00bbac68_2517,12231.9812864828
00bbac68_2518,12232.13169879033
00bbac68_2519,12232.17226784377
00bbac68_2520,12232.43848029359
00bbac68_2521,12232.314203880418
00bbac68_2522,12232.183970579046
00bbac68_2523,12232.511166686701
00bbac68_2524,12232.6555973105
00bbac68_2525,12232.354977456318
00bbac68_2526,12232.505390479106
00bbac68_2527,12232.186992466735
00bbac68_2528,12232.411728666859
00bbac68_2529,12232.138101848946
00bbac68_2530,12232.288514156477
00bbac68_2531,12232.164237743305
00bbac68_2532,12232.32063101931
00bbac68_2533,12232.355219104276
00bbac68_2534,12232.5056326039
00bbac68_2535,12232.21650953202
00bbac68_2536,12232.36692183955
00bbac68_2537,12232.242645426379
00bbac68_2538,12232.56388536109
00bbac68_2539,12232.43362678735
00bbac68_2540,12232.584040286973
00bbac68_2541,12232.09873591779
00bbac68_2542,12232.413993691936
00bbac68_2543,12232.289717278763
00bbac68_2544,12232.446110554769
00bbac68_2545,12232.151007706507
00bbac68_2546,12232.301420014037
00bbac68_2547,12232.177143600866
00bbac68_2548,12232.333536876871
00bbac68_2549,12232.203279495223
00bbac68_2550,12232.518537269367
00bbac68_2551,12232.319938155693
00bbac68_2552,12232.544673163724
00bbac68_2553,12232.261532252414
00bbac68_2554,12232.40596359147
00bbac68_2555,12232.0854982516
00bbac68_2556,12232.156395101976
00bbac68_2557,12231.900243173819
00bbac68_2558,12232.198864576352
00bbac68_2559,12231.909742696565
00bbac68_2560,12232.060155004096
00bbac68_2561,12232.106705026012
00bbac68_2562,12232.039469304214
00bbac68_2563,12232.264204312247
00bbac68_2564,12232.139927899074
00bbac68_2565,12232.131475708466
00bbac68_2566,12232.001218326817
00bbac68_2567,12232.17913174061
00bbac68_2568,12232.32954404814
00bbac68_2569,12231.942234244923
00bbac68_2570,12231.884826136957
00bbac68_2571,12231.934888064543
00bbac68_2572,12231.975457117984
00bbac68_2573,12231.829660567024
00bbac68_2574,12231.836747545729
00bbac68_2575,12232.152005319873
00bbac68_2576,12231.862883440086
00bbac68_2577,12232.00394067941
00bbac68_2578,12232.163868272432
00bbac68_2579,12232.03959185926
00bbac68_2580,12232.217505273053
00bbac68_2581,12232.071708722093
00bbac68_2582,12232.24364116741
00bbac68_2583,12231.940813080348
00bbac68_2584,12231.822517635652
00bbac68_2585,12231.829604614355
00bbac68_2586,12231.842672561534
00bbac68_2587,12232.020585975326
00bbac68_2588,12231.874789424366
00bbac68_2589,12232.01922076342
00bbac68_2590,12231.89494435025
00bbac68_2591,12231.913993265904
00bbac68_2592,12231.921080244607
00bbac68_2593,12231.934148191785
00bbac68_2594,12231.95319710744
00bbac68_2595,12231.960284086144
00bbac68_2596,12231.973352033323
00bbac68_2597,12231.986419980502
00bbac68_2598,12231.862667611365
00bbac68_2599,12231.869754590069
00bbac68_2600,12231.882822537249
00bbac68_2601,12232.085773239707
00bbac68_2602,12232.133112903957
00bbac68_2603,12231.941082698975
00bbac68_2604,12231.960131614629
00bbac68_2605,12231.967218593332
00bbac68_2606,12231.980286540513
00bbac68_2607,12231.999335456167
00bbac68_2608,12232.171267901484
00bbac68_2609,12232.184335848662
00bbac68_2610,12232.038539297702
00bbac68_2611,12232.210471743021
00bbac68_2612,12231.859992365065
00bbac68_2613,12231.953364934894
00bbac68_2614,12231.795606446984
00bbac68_2615,12231.808674394162
00bbac68_2616,12231.827723309818
00bbac68_2617,12231.927553208443
00bbac68_2618,12232.007236260297
00bbac68_2619,12231.861439709337
00bbac68_2620,12231.86852668804
00bbac68_2621,12231.88159463522
00bbac68_2622,12231.849775516512
00bbac68_2623,12231.907730529578
00bbac68_2624,12231.920798476756
00bbac68_2625,12231.877107066482
00bbac68_2626,12231.870916037678
00bbac68_2627,12231.883983984859
00bbac68_2628,12231.903032900513
00bbac68_2629,12231.859251844853
00bbac68_2630,12231.923187826394
00bbac68_2631,12231.942236742048
00bbac68_2632,12231.949323720753
00bbac68_2633,12232.127237134546
00bbac68_2634,12232.095418015837
00bbac68_2635,12232.153373028903
00bbac68_2636,12232.172421944557
00bbac68_2637,12232.014663456648
00bbac68_2638,12231.976863369464
00bbac68_2639,12232.04678031948
00bbac68_2640,12232.053867298184
00bbac68_2641,12232.066935245362
00bbac68_2642,12232.199961593267
00bbac68_2643,12232.3086434969
00bbac68_2644,12232.327692412553
00bbac68_2645,12232.283911356893
00bbac68_2646,12232.347847338435
00bbac68_2647,12232.366896254089
00bbac68_2648,12232.20913776618
00bbac68_2649,12232.228186681834
00bbac68_2650,12232.349251092788
00bbac68_2651,12232.254322576191
00bbac68_2652,12232.261409554894
00bbac68_2653,12232.28045847055
00bbac68_2654,12232.287545449253
00bbac68_2655,12232.374689095284
00bbac68_2656,12232.546621540601
00bbac68_2657,12232.565670456255
00bbac68_2658,12232.578738403434
00bbac68_2659,12232.420979915525
00bbac68_2660,12232.440028831179
00bbac68_2661,12232.447115809882
00bbac68_2662,12232.63101019215
00bbac68_2663,12232.644078139328
00bbac68_2664,12232.64596902352
00bbac68_2665,12232.50017247256
00bbac68_2666,12232.7183385719
00bbac68_2667,12232.822516271734
00bbac68_2668,12232.70422178071
00bbac68_2669,12232.552444261277
00bbac68_2670,12232.529651669973
00bbac68_2671,12232.548700585627
00bbac68_2672,12232.699112893157
00bbac68_2673,12232.40999101337
00bbac68_2674,12232.42305896055
00bbac68_2675,12232.430145939254
00bbac68_2676,12232.586538261585
00bbac68_2677,12232.462262802086
00bbac68_2678,12232.77752057623
00bbac68_2679,12232.578921462557
00bbac68_2680,12232.666312110237
00bbac68_2681,12232.645897029004
00bbac68_2682,12232.52760253798
00bbac68_2683,12232.678013891837
00bbac68_2684,12232.553738432338
00bbac68_2685,12232.887447897157
00bbac68_2686,12232.900515844336
00bbac68_2687,12232.776240384837
00bbac68_2688,12232.76180627208
00bbac68_2689,12232.63753081258
00bbac68_2690,12232.787942166438
00bbac68_2691,12233.077560406586
00bbac68_2692,12232.953283993413
00bbac68_2693,12233.103696300943
00bbac68_2694,12233.116764248121
00bbac68_2695,12233.1298321953
00bbac68_2696,12233.005555782129
00bbac68_2697,12233.155968089659
00bbac68_2698,12233.169036036837
00bbac68_2699,12233.346948496956
00bbac68_2700,12233.201306918072
00bbac68_2701,12233.044397200305
00bbac68_2702,12233.229611467827
00bbac68_2703,12233.077833948391
00bbac68_2704,12233.295999094056
00bbac68_2705,12233.268815309362
00bbac68_2706,12233.207561509716
00bbac68_2707,12233.122804883378
00bbac68_2708,12233.3080191509
00bbac68_2709,12233.156241631465
00bbac68_2710,12233.169309578643
00bbac68_2711,12233.010230251806
00bbac68_2712,12233.195445473002
00bbac68_2713,12233.20851342018
00bbac68_2714,12233.386426833973
00bbac68_2715,12233.06250204052
00bbac68_2716,12233.247717261716
00bbac68_2717,12233.260785208897
00bbac68_2718,12233.101705882058
00bbac68_2719,12233.286921103254
00bbac68_2720,12233.127841776415
00bbac68_2721,12233.313056997611
00bbac68_2722,12233.326124944791
00bbac68_2723,12233.167045617953
00bbac68_2724,12233.517106305762
00bbac68_2725,12233.19318151231
00bbac68_2726,12233.378396733506
00bbac68_2727,12233.5563101473
00bbac68_2728,12233.397231774135
00bbac68_2729,12233.10477394159
00bbac68_2730,12232.945693661077
00bbac68_2731,12233.130909835947
00bbac68_2732,12232.971829555434
00bbac68_2733,12232.984897502614
00bbac68_2734,12233.334959144098
00bbac68_2735,12233.17587981726
00bbac68_2736,12233.361095038455
00bbac68_2737,12233.202015711617
00bbac68_2738,12233.387230932814
00bbac68_2739,12233.228151605976
00bbac68_2740,12233.241219553154
00bbac68_2741,12233.261589307736
00bbac68_2742,12233.102509027223
00bbac68_2743,12233.452570668709
00bbac68_2744,12233.29349134187
00bbac68_2745,12233.14171286876
00bbac68_2746,12233.326929043631
00bbac68_2747,12233.332695183406
00bbac68_2748,12233.348225994509
00bbac68_2749,12233.179096847723
00bbac68_2750,12233.086433784465
00bbac68_2751,12233.419610622177
00bbac68_2752,12233.266759742299
00bbac68_2753,12233.291558360406
00bbac68_2754,12233.184638342957
00bbac68_2755,12233.305963583836
00bbac68_2756,12233.484950358072
00bbac68_2757,12233.332099478193
00bbac68_2758,12233.34623983214
00bbac68_2759,12233.193388952264
00bbac68_2760,12233.096848249235
00bbac68_2761,12233.195968614169
00bbac68_2762,12233.122984143592
00bbac68_2763,12233.211449105389
00bbac68_2764,12233.05859536449
00bbac68_2765,12233.236509731956
00bbac68_2766,12233.250652946926
00bbac68_2767,12233.097799206025
00bbac68_2768,12233.441634307897
00bbac68_2769,12233.123935100382
00bbac68_2770,12233.402199847795
00bbac68_2771,12233.581188529379
00bbac68_2772,12233.428335742152
00bbac68_2773,12233.442478957122
00bbac68_2774,12233.333935785984
00bbac68_2775,12233.43319204951
00bbac68_2776,12233.618409178054
00bbac68_2777,12233.459327943867
00bbac68_2778,12233.644545072411
00bbac68_2779,12233.320619325284
00bbac68_2780,12233.498531785404
00bbac68_2781,12233.518901539986
00bbac68_2782,12233.359823166822
00bbac68_2783,12233.56053368831
00bbac68_2784,12233.401455315146
00bbac68_2785,12233.414523262325
00bbac68_2786,12233.599737529848
00bbac68_2787,12233.440659156684
00bbac68_2788,12233.625873424206
00bbac68_2789,12233.577246749344
00bbac68_2790,12233.371626685353
00bbac68_2791,12233.556839999203
00bbac68_2792,12233.562609
00bbac68_2793,12233.732325106206
00bbac68_2794,12233.57324864039
00bbac68_2795,12233.586316587569
00bbac68_2796,12233.723914850149
00bbac68_2797,12233.56483886117
00bbac68_2798,12233.765546998473
00bbac68_2799,12233.606471009494
00bbac68_2800,12233.76888959983
00bbac68_2801,12233.95410291368
00bbac68_2802,12233.79502549419
00bbac68_2803,12233.980238808037
00bbac68_2804,12233.821161388547
00bbac68_2805,12233.784511432588
00bbac68_2806,12233.969722839087
00bbac68_2807,12233.645801383496
00bbac68_2808,12233.995858733446
00bbac68_2809,12233.76245956713
00bbac68_2810,12233.86534742245
00bbac68_2811,12234.050558828949
00bbac68_2812,12233.89148331681
00bbac68_2813,12234.076694723308
00bbac68_2814,12233.917619211166
00bbac68_2815,12233.654009073018
00bbac68_2816,12233.839225247888
00bbac68_2817,12233.833127202332
00bbac68_2818,12233.955529618352
00bbac68_2819,12233.770557080148
00bbac68_2820,12233.823877712874
00bbac68_2821,12233.649097568927
00bbac68_2822,12233.496247165886
00bbac68_2823,12233.68607387924
00bbac68_2824,12233.533223476199
00bbac68_2825,12233.592029643592
00bbac68_2826,12233.650955020275
00bbac68_2827,12233.460601374742
00bbac68_2828,12233.713909418968
00bbac68_2829,12233.51344014996
00bbac68_2830,12233.49980521628
00bbac68_2831,12233.742272844549
00bbac68_2832,12233.600262857462
00bbac68_2833,12233.779249154863
00bbac68_2834,12233.626398751821
00bbac68_2835,12233.715563233729
00bbac68_2836,12233.637038392211
00bbac68_2837,12233.585110573704
00bbac68_2838,12233.613674774851
00bbac68_2839,12233.535147549148
00bbac68_2840,12233.639810669209
00bbac68_2841,12233.652878616387
00bbac68_2842,12233.740269264066
00bbac68_2843,12233.727000541323
00bbac68_2844,12233.740068488503
00bbac68_2845,12233.753136435682
00bbac68_2846,12233.76620438286
00bbac68_2847,12233.779272330039
00bbac68_2848,12233.792340277218
00bbac68_2849,12233.816248640353
00bbac68_2850,12233.775870771491
00bbac68_2851,12233.889404970043
00bbac68_2852,12234.112849179886
00bbac68_2853,12234.125917127065
00bbac68_2854,12234.154288209163
00bbac68_2855,12233.622952603333
00bbac68_2856,12233.703443417333
00bbac68_2857,12233.699689980082
00bbac68_2858,12233.640330177626
00bbac68_2859,12233.67021855556
00bbac68_2860,12233.67730648794
00bbac68_2861,12233.633973182372
00bbac68_2862,12233.709422397098
00bbac68_2863,12233.705669913521
00bbac68_2864,12233.7187378607
00bbac68_2865,12233.758672720722
00bbac68_2866,12233.828142874321
00bbac68_2867,12233.56053302609
00bbac68_2868,12233.562760557314
00bbac68_2869,12233.503399801184
00bbac68_2870,12233.50097101756
00bbac68_2871,12233.514038964739
00bbac68_2872,12233.537947804709
00bbac68_2873,12233.540174859096
00bbac68_2874,12233.879506710846
00bbac68_2875,12233.577151646246
00bbac68_2876,12233.585177517314
00bbac68_2877,12233.924509369064
00bbac68_2878,12233.509618827778
00bbac68_2879,12233.848951156366
00bbac68_2880,12233.535754722136
00bbac68_2881,12233.981822757054
00bbac68_2882,12233.612226023752
00bbac68_2883,12234.06184601866
00bbac68_2884,12234.131315218585
00bbac68_2885,12233.818120691703
00bbac68_2886,12234.157451112944
00bbac68_2887,12234.170519060122
00bbac68_2888,12234.183587007301
00bbac68_2889,12234.19665495448
00bbac68_2890,12234.209722901658
00bbac68_2891,12234.211950432884
00bbac68_2892,12234.225018380062
00bbac68_2893,12234.248926743196
00bbac68_2894,12234.25115427442
00bbac68_2895,12234.264222221598
00bbac68_2896,12234.277290168777
00bbac68_2897,12234.301198531912
00bbac68_2898,12234.257865226344
00bbac68_2899,12233.999306224212
00bbac68_2900,12234.001534232273
00bbac68_2901,12234.014602179452
00bbac68_2902,12234.027670126632
00bbac68_2903,12234.051578012928
00bbac68_2904,12234.064645960107
00bbac68_2905,12234.066873968168
00bbac68_2906,12234.079941915346
00bbac68_2907,12234.103849801644
00bbac68_2908,12234.116917748823
00bbac68_2909,12234.119145756884
00bbac68_2910,12234.14305364318
00bbac68_2911,12234.156121590358
00bbac68_2912,12234.169189537537
00bbac68_2913,12234.182257484717
00bbac68_2914,12234.082212028576
00bbac68_2915,12234.038878723008
00bbac68_2916,12234.051946670186
00bbac68_2917,12234.065014617365
00bbac68_2918,12234.134483817292
00bbac68_2919,12234.136711348516
00bbac68_2920,12234.149779295694
00bbac68_2921,12234.173687658827
00bbac68_2922,12234.186755606006
00bbac68_2923,12234.199823553186
00bbac68_2924,12234.228917997252
00bbac68_2925,12234.24198594443
00bbac68_2926,12234.254873647164
00bbac68_2927,12234.267941594342
00bbac68_2928,12234.270169125568
00bbac68_2929,12234.294077488701
00bbac68_2930,12234.30714543588
00bbac68_2931,12234.190723961214
00bbac68_2932,12234.203791908392
00bbac68_2933,12234.21685985557
00bbac68_2934,12234.229927802751
00bbac68_2935,12234.264278899649
00bbac68_2936,12234.288187262782
00bbac68_2937,12234.244853957214
00bbac68_2938,12234.31432315714
00bbac68_2939,12234.424225287059
00bbac68_2940,12234.284057798752
00bbac68_2941,12234.259621549763
00bbac68_2942,12234.272689496942
00bbac68_2943,12234.28575744412
00bbac68_2944,12234.355226644047
00bbac68_2945,12234.368294591226
00bbac68_2946,12233.932705502577
00bbac68_2947,12233.945773449756
00bbac68_2948,12234.01524264968
00bbac68_2949,12234.017470180905
00bbac68_2950,12234.04137854404
00bbac68_2951,12234.054446491218
00bbac68_2952,12234.067514438397
00bbac68_2953,12234.080582385575
00bbac68_2954,12234.037249080007
00bbac68_2955,12234.106718279934
00bbac68_2956,12234.119786227113
00bbac68_2957,12234.122013758337
00bbac68_2958,12234.135081705515
00bbac68_2959,12234.158990068649
00bbac68_2960,12234.172058015829
00bbac68_2961,12234.128724710261
00bbac68_2962,12234.14179265744
00bbac68_2963,12234.154860604618
00bbac68_2964,12234.133993004922
00bbac68_2965,12234.101129136001
00bbac68_2966,12234.194064446156
00bbac68_2967,12234.252693230126
00bbac68_2968,12234.27660159326
00bbac68_2969,12234.233268287691
00bbac68_2970,12234.302737487616
00bbac68_2971,12234.315805434797
00bbac68_2972,12234.31803296602
00bbac68_2973,12234.3821940147
00bbac68_2974,12234.355009276333
00bbac68_2975,12234.368077223511
00bbac68_2976,12234.381145170692
00bbac68_2977,12234.39421311787
00bbac68_2978,12233.937113905014
00bbac68_2979,12233.939341436238
00bbac68_2980,12233.952409383417
00bbac68_2981,12233.976317746552
00bbac68_2982,12233.932984440984
00bbac68_2983,12233.946052388163
00bbac68_2984,12234.015521588088
00bbac68_2985,12234.028589535266
00bbac68_2986,12234.079161678612
00bbac68_2987,12234.148811122985
00bbac68_2988,12234.10529757297
00bbac68_2989,12234.11836552015
00bbac68_2990,12234.131433467328
00bbac68_2991,12234.201082911699
00bbac68_2992,12234.21415085888
00bbac68_2993,12234.216378390103
00bbac68_2994,12234.229446337282
00bbac68_2995,12234.253354700415
00bbac68_2996,12234.183154482005
00bbac68_2997,12234.20706284514
00bbac68_2998,12234.236157289206
00bbac68_2999,12234.305626489131
00bbac68_3000,12234.31869443631
00bbac68_3001,12234.320921967534
00bbac68_3002,12234.333989914714
00bbac68_3003,12234.285470528213
00bbac68_3004,12234.298538475392
00bbac68_3005,12234.31160642257
00bbac68_3006,12234.313833953795
00bbac68_3007,12234.326901900973
00bbac68_3008,12234.339969848153
00bbac68_3009,12234.30747695854
00bbac68_3010,12233.611905760821
00bbac68_3011,12233.670534544792
00bbac68_3012,12233.68360249197
00bbac68_3013,12233.707510855105
00bbac68_3014,12233.70973838633
00bbac68_3015,12233.722806333508
00bbac68_3016,12233.690313443894
00bbac68_3017,12233.703381391073
00bbac68_3018,12233.772850591
00bbac68_3019,12233.775078122224
00bbac68_3020,12233.788146069403
00bbac68_3021,12233.801214016581
00bbac68_3022,12233.825122379714
00bbac68_3023,12233.781789074146
00bbac68_3024,12233.927073474879
00bbac68_3025,12233.929301006103
00bbac68_3026,12233.942368953281
00bbac68_3027,12233.966277316415
00bbac68_3028,12233.968504847639
00bbac68_3029,12233.981572794819
00bbac68_3030,12233.994640741998
00bbac68_3031,12234.01854910513
00bbac68_3032,12234.03161705231
00bbac68_3033,12234.044684999488
00bbac68_3034,12234.001351693922
00bbac68_3035,12234.070820893847
00bbac68_3036,12234.07304842507
00bbac68_3037,12234.096956788204
00bbac68_3038,12234.110024735382
00bbac68_3039,12234.112252266606
00bbac68_3040,12234.136160629741
00bbac68_3041,12234.14922857692
00bbac68_3042,12234.151456108144
00bbac68_3043,12233.768704391321
00bbac68_3044,12233.792612754454
00bbac68_3045,12233.805680701635
00bbac68_3046,12233.807908232859
00bbac68_3047,12233.831816595992
00bbac68_3048,12233.84488454317
00bbac68_3049,12233.823170080681
00bbac68_3050,12233.836238027861
00bbac68_3051,12233.860146390994
00bbac68_3052,12233.862373922218
00bbac68_3053,12233.875441869397
00bbac68_3054,12233.888509816576
00bbac68_3055,12233.901577763756
00bbac68_3056,12233.92548612689
00bbac68_3057,12233.938554074068
00bbac68_3058,12233.951622021246
00bbac68_3059,12233.964689968425
00bbac68_3060,12233.966917499649
00bbac68_3061,12233.97998544683
00bbac68_3062,12233.993053394008
00bbac68_3063,12234.006121341186
00bbac68_3064,12234.019189288365
00bbac68_3065,12234.032257235544
00bbac68_3066,12234.045325182724
00bbac68_3067,12234.058393129902
00bbac68_3068,12234.071461077081
00bbac68_3069,12234.08452902426
00bbac68_3070,12234.108437387393
00bbac68_3071,12234.16175802012
00bbac68_3072,12234.123732865797
00bbac68_3073,12234.14764122893
00bbac68_3074,12234.160709176109
00bbac68_3075,12234.037508507565
00bbac68_3076,12233.95736051236
00bbac68_3077,12234.106697075264
00bbac68_3078,12234.119765022442
00bbac68_3079,12234.13283296962
00bbac68_3080,12234.098770332082
00bbac68_3081,12234.111838279261
00bbac68_3082,12234.124906226441
00bbac68_3083,12234.13797417362
00bbac68_3084,12234.151042120799
00bbac68_3085,12234.174950483932
00bbac68_3086,12234.18801843111
00bbac68_3087,12234.273514127924
00bbac68_3088,12234.203313909515
00bbac68_3089,12234.216381856693
00bbac68_3090,12234.240290219826
00bbac68_3091,12234.253358167005
00bbac68_3092,12234.33885386382
00bbac68_3093,12234.010982289208
00bbac68_3094,12234.024050236387
00bbac68_3095,12234.037118183565
00bbac68_3096,12234.050186130744
00bbac68_3097,12234.063254077922
00bbac68_3098,12234.076322025103
00bbac68_3099,12234.100230388236
00bbac68_3100,12234.113298335415
00bbac68_3101,12234.115525866639
00bbac68_3102,12234.139434229772
00bbac68_3103,12234.152502176952
00bbac68_3104,12234.16557012413
00bbac68_3105,12234.167797655355
00bbac68_3106,12234.180865602533
00bbac68_3107,12234.193933549712
00bbac68_3108,12234.217841912847
00bbac68_3109,12234.091296708475
00bbac68_3110,12234.1446173412
00bbac68_3111,12234.117432602832
00bbac68_3112,12234.074099297264
00bbac68_3113,12234.087167244443
00bbac68_3114,12233.824446884433
00bbac68_3115,12233.837514831612
00bbac68_3116,12233.85058277879
00bbac68_3117,12233.863650725969
00bbac68_3118,12233.876718673147
00bbac68_3119,12233.889786620328
00bbac68_3120,12233.902854567506
00bbac68_3121,12233.915922514685
00bbac68_3122,12233.934788801707
00bbac68_3123,12233.87238391716
00bbac68_3124,12233.859229635336
00bbac68_3125,12234.209451970943
00bbac68_3126,12234.222519918121
00bbac68_3127,12234.2355878653
00bbac68_3128,12234.248655812478
00bbac68_3129,12234.261723759657
00bbac68_3130,12234.274791706837
00bbac68_3131,12234.224486088342
00bbac68_3132,12234.23755403552
00bbac68_3133,12234.2506219827
00bbac68_3134,12234.46450894538
00bbac68_3135,12234.477576892561
00bbac68_3136,12234.49064483974
00bbac68_3137,12234.503712786918
00bbac68_3138,12234.516780734097
00bbac68_3139,12234.529848681275
00bbac68_3140,12234.553757998085
00bbac68_3141,12234.555984575634
00bbac68_3142,12234.569052522813
00bbac68_3143,12234.582120469991
00bbac68_3144,12234.59518841717
00bbac68_3145,12234.61909773398
00bbac68_3146,12234.621324311529
00bbac68_3147,12234.645233628336
00bbac68_3148,12234.658301575515
00bbac68_3149,12234.671369522694
00bbac68_3150,12234.673596100243
00bbac68_3151,12234.686664047424
00bbac68_3152,12234.710573364231
00bbac68_3153,12234.71279994178
00bbac68_3154,12234.72586788896
00bbac68_3155,12234.738935836138
00bbac68_3156,12234.752003783318
00bbac68_3157,12234.765071730497
00bbac68_3158,12234.778139677675
00bbac68_3159,12234.791207624854
00bbac68_3160,12234.804275572033
00bbac68_3161,12234.817343519213
00bbac68_3162,12234.830411466392
00bbac68_3163,12234.84347941357
00bbac68_3164,12234.867388730378
00bbac68_3165,12234.869615307927
00bbac68_3166,12234.882683255106
00bbac68_3167,12234.895751202286
00bbac68_3168,12234.903020809621
00bbac68_3169,12234.9160887568
00bbac68_3170,12234.929156703978
00bbac68_3171,12234.942224651157
00bbac68_3172,12235.056988612741
00bbac68_3173,12235.07005655992
00bbac68_3174,12234.933397639423
00bbac68_3175,12234.906212901054
00bbac68_3176,12234.610463938443
00bbac68_3177,12234.623531885623
00bbac68_3178,12234.710814768105
00bbac68_3179,12234.723882715283
00bbac68_3180,12234.736950662462
00bbac68_3181,12234.412863267538
00bbac68_3182,12234.425931214719
00bbac68_3183,12234.38259790915
00bbac68_3184,12234.39566585633
00bbac68_3185,12234.465135056254
00bbac68_3186,12234.478203003433
00bbac68_3187,12234.491270950612
00bbac68_3188,12234.504338897792
00bbac68_3189,12234.655438804504
00bbac68_3190,12234.68453324857
00bbac68_3191,12234.754002448495
00bbac68_3192,12234.710488898481
00bbac68_3193,12234.595753996846
00bbac68_3194,12234.544363096978
00bbac68_3195,12234.506147207792
00bbac68_3196,12234.606272268618
00bbac68_3197,12234.619340215797
00bbac68_3198,12234.601678869154
00bbac68_3199,12234.614746816333
00bbac68_3200,12234.527675145591
00bbac68_3201,12234.352298955197
00bbac68_3202,12234.252032246613
00bbac68_3203,12234.306333256536
00bbac68_3204,12234.278168140972
00bbac68_3205,12234.291236088151
00bbac68_3206,12234.102205188894
00bbac68_3207,12234.115273136073
00bbac68_3208,12234.228691463195
00bbac68_3209,12234.241759410375
00bbac68_3210,12234.254827357554
00bbac68_3211,12234.267895304733
00bbac68_3212,12234.322194407307
00bbac68_3213,12234.29403119909
00bbac68_3214,12234.30709914627
00bbac68_3215,12234.320167093449
00bbac68_3216,12234.333235040627
00bbac68_3217,12234.346302987806
00bbac68_3218,12234.359370934984
00bbac68_3219,12234.472578500085
00bbac68_3220,12234.485646447263
00bbac68_3221,12234.539945549837
00bbac68_3222,12234.51178234162
00bbac68_3223,12234.668227592876
00bbac68_3224,12234.72722830983
00bbac68_3225,12234.73559654998
00bbac68_3226,12234.707431434414
00bbac68_3227,12234.720499381592
00bbac68_3228,12234.615296454747
00bbac68_3229,12234.628364401926
00bbac68_3230,12234.93026596727
00bbac68_3231,12234.974063208272
00bbac68_3232,12235.028362310846
00bbac68_3233,12234.800238394011
00bbac68_3234,12234.81330634119
00bbac68_3235,12234.795644994547
00bbac68_3236,12234.84994600447
00bbac68_3237,12234.92290279137
00bbac68_3238,12234.969906285423
00bbac68_3239,12235.132783116269
00bbac68_3240,12235.150550770479
00bbac68_3241,12235.117685947884
00bbac68_3242,12235.130753895062
00bbac68_3243,12235.185054904985
00bbac68_3244,12235.15688978942
00bbac68_3245,12235.053264239894
00bbac68_3246,12235.10026773395
00bbac68_3247,12235.074700427222
00bbac68_3248,12235.0877683744
00bbac68_3249,12235.100836321579
00bbac68_3250,12235.152539522664
00bbac68_3251,12235.126972215938
00bbac68_3252,12235.140040163116
00bbac68_3253,12235.142268648015
00bbac68_3254,12235.155336595193
00bbac68_3255,12235.171910249159
00bbac68_3256,12235.184978196337
00bbac68_3257,12235.198046143518
00bbac68_3258,12235.211114090696
00bbac68_3259,12235.144313721225
00bbac68_3260,12235.157381668403
00bbac68_3261,12235.250317932232
00bbac68_3262,12235.24839221181
00bbac68_3263,12235.140467498466
00bbac68_3264,12235.10760267587
00bbac68_3265,12235.166603392823
00bbac68_3266,12235.17497163297
00bbac68_3267,12235.192739287182
00bbac68_3268,12235.246931578233
00bbac68_3269,12235.259999525411
00bbac68_3270,12235.319000242365
00bbac68_3271,12235.366003736419
00bbac68_3272,12235.340436429693
00bbac68_3273,12235.353504376872
00bbac68_3274,12235.405207577956
00bbac68_3275,12235.418275525135
00bbac68_3276,12235.431343472314
00bbac68_3277,12235.444411419492
00bbac68_3278,12235.457479366672
00bbac68_3279,12235.424576397103
00bbac68_3280,12235.437644344282
00bbac68_3281,12235.597334949236
00bbac68_3282,12235.315979793082
00bbac68_3283,12235.329047740262
00bbac68_3284,12235.247723864626
00bbac68_3285,12235.268126520972
00bbac68_3286,12235.28119446815
00bbac68_3287,12235.334515100876
00bbac68_3288,12235.30733036251
00bbac68_3289,12235.309557893734
00bbac68_3290,12235.333466256867
00bbac68_3291,12235.346534204045
00bbac68_3292,12235.359602151224
00bbac68_3293,12235.372670098403
00bbac68_3294,12235.374897629628
00bbac68_3295,12235.387965576807
00bbac68_3296,12235.41187393994
00bbac68_3297,12235.424941887119
00bbac68_3298,12235.46467361451
00bbac68_3299,12235.461895309249
00bbac68_3300,12235.474963256427
00bbac68_3301,12235.488031203606
00bbac68_3302,12235.511939566739
00bbac68_3303,12235.514167097963
00bbac68_3304,12235.527235045143
00bbac68_3305,12235.546101332166
00bbac68_3306,12235.559169279344
00bbac68_3307,12235.481382581747
00bbac68_3308,12235.483610112971
00bbac68_3309,12235.833833402254
00bbac68_3310,12235.846901349432
00bbac68_3311,12235.85996929661
00bbac68_3312,12235.809661770767
00bbac68_3313,12235.822729717946
00bbac68_3314,12235.835797665124
00bbac68_3315,12235.54013167218
00bbac68_3316,12235.553199619359
00bbac68_3317,12235.767088489389
00bbac68_3318,12235.780156436567
00bbac68_3319,12235.793224383746
00bbac68_3320,12235.806292330926
00bbac68_3321,12235.819360278105
00bbac68_3322,12235.832428225283
00bbac68_3323,12235.839697832618
00bbac68_3324,12235.852765779797
00bbac68_3325,12235.665012804126
00bbac68_3326,12235.678080751304
00bbac68_3327,12235.691148698483
00bbac68_3328,12235.704216645661
00bbac68_3329,12235.824778947088
00bbac68_3330,12235.837846894266
00bbac68_3331,12235.850914841447
00bbac68_3332,12235.858184448782
00bbac68_3333,12235.657381393763
00bbac68_3334,12235.638428772094
00bbac68_3335,12235.677718948276
00bbac68_3336,12235.682344970408
00bbac68_3337,12235.83426026866
00bbac68_3338,12235.84732821584
00bbac68_3339,12235.871235625298
00bbac68_3340,12235.884303572477
00bbac68_3341,12235.897371519657
00bbac68_3342,12235.562444662453
00bbac68_3343,12235.586353025587
00bbac68_3344,12235.599420972765
00bbac68_3345,12235.556087667197
00bbac68_3346,12235.625556867122
00bbac68_3347,12235.627784398348
00bbac68_3348,12235.640852345527
00bbac68_3349,12235.653920292705
00bbac68_3350,12235.864866123795
00bbac68_3351,12235.832373234181
00bbac68_3352,12235.765573818386
00bbac68_3353,12235.914910381287
00bbac68_3354,12235.871577075719
00bbac68_3355,12235.900491275339
00bbac68_3356,12235.881435656844
00bbac68_3357,12235.88912297353
00bbac68_3358,12235.958592173456
00bbac68_3359,12235.96081970468
00bbac68_3360,12235.984728067813
00bbac68_3361,12235.86152739927
00bbac68_3362,12235.954462709426
00bbac68_3363,12236.013091493396
00bbac68_3364,12236.03699985653
00bbac68_3365,12235.993666550961
00bbac68_3366,12236.00673449814
00bbac68_3367,12236.076203698065
00bbac68_3368,12236.089271645245
00bbac68_3369,12236.09149917647
00bbac68_3370,12236.115407539603
00bbac68_3371,12236.128475486781
00bbac68_3372,12236.130703018005
00bbac68_3373,12236.143770965185
00bbac68_3374,12236.156838912364
00bbac68_3375,12236.175287490036
00bbac68_3376,12236.220479002888
00bbac68_3377,12236.29012844726
00bbac68_3378,12236.230768644806
00bbac68_3379,12236.243836591984
00bbac68_3380,12236.256904539163
00bbac68_3381,12236.269972486341
00bbac68_3382,12236.28304043352
00bbac68_3383,12236.296108380699
00bbac68_3384,12236.309176327879
00bbac68_3385,12236.322244275058
00bbac68_3386,12236.18390593409
00bbac68_3387,12236.196973881268
00bbac68_3388,12236.210041828446
00bbac68_3389,12236.2399573861
00bbac68_3390,12236.48587826907
00bbac68_3391,12236.498946216248
00bbac68_3392,12236.512014163427
00bbac68_3393,12236.525082110606
00bbac68_3394,12236.538150057786
00bbac68_3395,12236.551218004965
00bbac68_3396,12236.50091047912
00bbac68_3397,12236.5139784263
00bbac68_3398,12236.527046373478
00bbac68_3399,12236.540114320658
00bbac68_3400,12236.553182267837
00bbac68_3401,12236.767071137867
00bbac68_3402,12236.780139085045
00bbac68_3403,12236.793207032224
00bbac68_3404,12235.495462982943
00bbac68_3405,12235.508530930123
00bbac68_3406,12235.521598877302
00bbac68_3407,12235.53466682448
00bbac68_3408,12235.547734771659
00bbac68_3409,12235.571642181118
00bbac68_3410,12235.584710128298
00bbac68_3411,12235.586938613196
00bbac68_3412,12235.600006560375
00bbac68_3413,12235.613074507553
00bbac68_3414,12235.626142454732
00bbac68_3415,12235.650049864193
00bbac68_3416,12235.652278349091
00bbac68_3417,12235.66534629627
00bbac68_3418,12235.678414243448
00bbac68_3419,12235.691482190627
00bbac68_3420,12235.704550137805
00bbac68_3421,12235.728457547266
00bbac68_3422,12235.730686032164
00bbac68_3423,12235.467804501193
00bbac68_3424,12235.480872448372
00bbac68_3425,12235.49394039555
00bbac68_3426,12235.51784971236
00bbac68_3427,12235.52007628991
00bbac68_3428,12235.533144237088
00bbac68_3429,12235.546212184267
00bbac68_3430,12235.570121501074
00bbac68_3431,12235.583189448254
00bbac68_3432,12235.596257395433
00bbac68_3433,12235.609325342612
00bbac68_3434,12235.611551920161
00bbac68_3435,12235.635461236969
00bbac68_3436,12235.63768781452
00bbac68_3437,12235.650755761699
00bbac68_3438,12235.663823708877
00bbac68_3439,12235.676891656056
00bbac68_3440,12235.689959603234
00bbac68_3441,12235.448993508055
00bbac68_3442,12235.462061455235
00bbac68_3443,12235.475129402414
00bbac68_3444,12235.488197349592
00bbac68_3445,12235.50126529677
00bbac68_3446,12235.508534904106
00bbac68_3447,12235.521602851286
00bbac68_3448,12235.333849875613
00bbac68_3449,12235.346917822792
00bbac68_3450,12235.453239859326
00bbac68_3451,12235.466307806504
00bbac68_3452,12235.479375753685
00bbac68_3453,12235.492443700863
00bbac68_3454,12235.505511648042
00bbac68_3455,12235.51857959522
00bbac68_3456,12235.605862477702
00bbac68_3457,12235.61893042488
00bbac68_3458,12235.63199837206
00bbac68_3459,12235.25150972439
00bbac68_3460,12235.264577671569
00bbac68_3461,12235.277645618748
00bbac68_3462,12235.347114818673
00bbac68_3463,12235.303781513107
00bbac68_3464,12235.316849460285
00bbac68_3465,12235.329917407464
00bbac68_3466,12235.342985354642
00bbac68_3467,12235.428481051455
00bbac68_3468,12235.384967501443
00bbac68_3469,12235.365911882947
00bbac68_3470,12235.373599199633
00bbac68_3471,12235.352769746909
00bbac68_3472,12235.365837694088
00bbac68_3473,12235.469204293915
00bbac68_3474,12235.471840951423
00bbac68_3475,12235.500039895305
00bbac68_3476,12235.467176026383
00bbac68_3477,12235.567301087209
00bbac68_3478,12235.580369034387
00bbac68_3479,12235.444993759522
00bbac68_3480,12235.4580617067
00bbac68_3481,12235.471129653879
00bbac68_3482,12235.484197601058
00bbac68_3483,12235.497265548236
00bbac68_3484,12235.510333495416
00bbac68_3485,12235.523401442595
00bbac68_3486,12235.536469389774
00bbac68_3487,12235.518808043129
00bbac68_3488,12235.531875990308
00bbac68_3489,12235.544943937488
00bbac68_3490,12235.558011884666
00bbac68_3491,12235.382635694272
00bbac68_3492,12235.39570364145
00bbac68_3493,12235.408771588629
00bbac68_3494,12235.421839535808
00bbac68_3495,12235.434907482988
00bbac68_3496,12235.4235155913
00bbac68_3497,12235.436583538478
00bbac68_3498,12235.175863033508
00bbac68_3499,12235.188930980687
00bbac68_3500,12235.201998927867
00bbac68_3501,12235.215066875046
00bbac68_3502,12235.329255771016
00bbac68_3503,12235.386777339105
00bbac68_3504,12235.309459849272
00bbac68_3505,12235.322527796452
00bbac68_3506,12235.3768278527
00bbac68_3507,12235.588858011488
00bbac68_3508,12235.550175775561
00bbac68_3509,12235.56324372274
00bbac68_3510,12235.576311669918
00bbac68_3511,12235.589379617099
00bbac68_3512,12235.682314927253
00bbac68_3513,12235.656747620525
00bbac68_3514,12235.70845082161
00bbac68_3515,12235.721518768789
00bbac68_3516,12235.446335792813
00bbac68_3517,12235.498038993897
00bbac68_3518,12235.511106941076
00bbac68_3519,12235.37064572108
00bbac68_3520,12235.337783759505
00bbac68_3521,12235.350851706686
00bbac68_3522,12235.409849562617
00bbac68_3523,12235.456850195647
00bbac68_3524,12235.469918142826
00bbac68_3525,12235.444353697121
00bbac68_3526,12235.457421644302
00bbac68_3527,12235.47048959148
00bbac68_3528,12235.522189931542
00bbac68_3529,12235.53525787872
00bbac68_3530,12235.5483258259
00bbac68_3531,12235.561393773078
00bbac68_3532,12235.574461720258
00bbac68_3533,12235.587529667437
00bbac68_3534,12235.579844707816
00bbac68_3535,12235.592912654995
00bbac68_3536,12235.613311496643
00bbac68_3537,12235.539322330176
00bbac68_3538,12235.552390277355
00bbac68_3539,12235.565458224533
00bbac68_3540,12235.578526171712
00bbac68_3541,12235.59159411889
00bbac68_3542,12235.60466206607
00bbac68_3543,12235.61773001325
00bbac68_3544,12235.61996135917
00bbac68_3545,12235.63302930635
00bbac68_3546,12235.49390418407
00bbac68_3547,12235.659165200706
00bbac68_3548,12235.720250649718
00bbac68_3549,12235.779382020053
00bbac68_3550,12235.720023171272
00bbac68_3551,12235.738889458295
00bbac68_3552,12235.751957405473
00bbac68_3553,12235.765025352654
00bbac68_3554,12235.684840164151
00bbac68_3555,12235.69790811133
00bbac68_3556,12235.554127151037
00bbac68_3557,12235.718245665843
00bbac68_3558,12235.655876067247
00bbac68_3559,12236.087334288473
00bbac68_3560,12236.100402235652
00bbac68_3561,12235.94577990573
00bbac68_3562,12236.063162656987
00bbac68_3563,12236.076230604167
00bbac68_3564,12236.089298551346
00bbac68_3565,12235.95017438274
00bbac68_3566,12236.115434445703
00bbac68_3567,12236.128502392881
00bbac68_3568,12235.989378224276
00bbac68_3569,12236.15463828724
00bbac68_3570,12236.167706234419
00bbac68_3571,12236.028582065814
00bbac68_3572,12236.193842128776
00bbac68_3573,12236.134489955715
00bbac68_3574,12236.304729152285
00bbac68_3575,12236.150106822364
00bbac68_3576,12236.341382167004
00bbac68_3577,12236.343932993821
00bbac68_3578,12236.1893106639
00bbac68_3579,12236.37006888818
00bbac68_3580,12236.215446558259
00bbac68_3581,12236.228514505437
00bbac68_3582,12236.409272729716
00bbac68_3583,12236.254650399795
00bbac68_3584,12236.435408624073
00bbac68_3585,12236.280786294154
00bbac68_3586,12236.461544518432
00bbac68_3587,12236.30692218851
00bbac68_3588,12236.31999013569
00bbac68_3589,12236.500748359967
00bbac68_3590,12236.361622284016
00bbac68_3591,12236.526884254326
00bbac68_3592,12236.398593825956
00bbac68_3593,12236.400826125551
00bbac68_3594,12236.566088095862
00bbac68_3595,12236.42696201991
00bbac68_3596,12236.440029967089
00bbac68_3597,12236.6052919374
00bbac68_3598,12236.466165861446
00bbac68_3599,12236.631427831757
00bbac68_3600,12236.492301755803
00bbac68_3601,12236.505369702983
00bbac68_3602,12236.670631673294
00bbac68_3603,12236.53150559734
00bbac68_3604,12236.54457354452
00bbac68_3605,12236.70983551483
00bbac68_3606,12236.570709438878
00bbac68_3607,12236.583777386057
00bbac68_3608,12236.749039356368
00bbac68_3609,12236.609913280414
00bbac68_3610,12236.775175250725
00bbac68_3611,12236.636049174773
00bbac68_3612,12236.649117121951
00bbac68_3613,12236.814379092262
00bbac68_3614,12236.675253016308
00bbac68_3615,12236.688320963487
00bbac68_3616,12236.8535829338
00bbac68_3617,12236.714456857846
00bbac68_3618,12236.210612344697
00bbac68_3619,12236.37587240766
00bbac68_3620,12236.236748239055
00bbac68_3621,12236.249816186233
00bbac68_3622,12236.415076249197
00bbac68_3623,12236.275952080592
00bbac68_3624,12236.28902002777
00bbac68_3625,12236.454280090733
00bbac68_3626,12236.315155922128
00bbac68_3627,12236.328223869308
00bbac68_3628,12236.49348393227
00bbac68_3629,12236.365197318597
00bbac68_3630,12236.136346701933
00bbac68_3631,12236.301608672244
00bbac68_3632,12236.162482596292
00bbac68_3633,12236.17555054347
00bbac68_3634,12236.340812513781
00bbac68_3635,12236.201686437827
00bbac68_3636,12236.214754385006
00bbac68_3637,12236.227822332185
00bbac68_3638,12236.393084302497
00bbac68_3639,12236.264799596172
00bbac68_3640,12236.267026173722
00bbac68_3641,12236.432288144033
00bbac68_3642,12236.29316206808
00bbac68_3643,12236.30623001526
00bbac68_3644,12236.4823333552
00bbac68_3645,12236.332365909617
00bbac68_3646,12236.345433856795
00bbac68_3647,12236.521537196735
00bbac68_3648,12236.371569751154
00bbac68_3649,12236.384637698333
00bbac68_3650,12236.369566531132
00bbac68_3651,12236.534826594094
00bbac68_3652,12236.395702425489
00bbac68_3653,12236.40877037267
00bbac68_3654,12236.574030435631
00bbac68_3655,12236.434906267026
00bbac68_3656,12236.447974214205
00bbac68_3657,12236.471879716315
00bbac68_3658,12236.626302224346
00bbac68_3659,12236.487178055742
00bbac68_3660,12236.50024600292
00bbac68_3661,12236.665506065883
00bbac68_3662,12236.526381897278
00bbac68_3663,12236.539449844457
00bbac68_3664,12236.552517791637
00bbac68_3665,12236.7177778546
00bbac68_3666,12236.578653685994
00bbac68_3667,12236.602559188104
00bbac68_3668,12236.604789580351
00bbac68_3669,12236.770049643315
00bbac68_3670,12236.63092547471
00bbac68_3671,12236.643993421889
00bbac68_3672,12236.657061369067
00bbac68_3673,12236.82232143203
00bbac68_3674,12236.683197263425
00bbac68_3675,12236.696265210605
00bbac68_3676,12236.872362828499
00bbac68_3677,12236.84101530174
00bbac68_3678,12236.854083248918
00bbac68_3679,12236.867151196097
00bbac68_3680,12237.03241316641
00bbac68_3681,12236.893287090455
00bbac68_3682,12236.906355037634
00bbac68_3683,12236.930260539744
00bbac68_3684,12236.932490931991
00bbac68_3685,12237.097752902304
00bbac68_3686,12236.95862682635
00bbac68_3687,12236.971694773529
00bbac68_3688,12236.984762720707
00bbac68_3689,12236.997830667886
00bbac68_3690,12237.010898615066
00bbac68_3691,12237.023966562245
00bbac68_3692,12237.189228532556
00bbac68_3693,12237.050102456602
00bbac68_3694,12237.06317040378
00bbac68_3695,12237.08707590589
00bbac68_3696,12237.08930629814
00bbac68_3697,12237.102374245318
00bbac68_3698,12237.115442192497
00bbac68_3699,12237.128510139675
00bbac68_3700,12237.141578086854
00bbac68_3701,12237.154646034034
00bbac68_3702,12237.167713981213
00bbac68_3703,12237.180781928391
00bbac68_3704,12237.19384987557
00bbac68_3705,12237.206917822748
00bbac68_3706,12237.219985769929
00bbac68_3707,12237.302044424505
00bbac68_3708,12237.191046972514
00bbac68_3709,12237.204114919692
00bbac68_3710,12237.21718286687
00bbac68_3711,12237.23025081405
00bbac68_3712,12237.254160130859
00bbac68_3713,12237.256386708408
00bbac68_3714,12237.338445362984
00bbac68_3715,12237.293363972394
00bbac68_3716,12237.295590549944
00bbac68_3717,12237.293162243157
00bbac68_3718,12237.375220897733
00bbac68_3719,12237.330139507143
00bbac68_3720,12237.358703708289
00bbac68_3721,12237.371771655467
00bbac68_3722,12237.453832217394
00bbac68_3723,12237.392109209983
00bbac68_3724,12237.405177157161
00bbac68_3725,12237.482192781952
00bbac68_3726,12237.426270021733
00bbac68_3727,12237.439337968912
00bbac68_3728,12237.52139662349
00bbac68_3729,12237.46547386327
00bbac68_3730,12237.547532517847
00bbac68_3731,12237.491609757628
00bbac68_3732,12237.504677704806
00bbac68_3733,12237.586736359384
00bbac68_3734,12237.541654968794
00bbac68_3735,12237.612872253741
00bbac68_3736,12237.556949493523
00bbac68_3737,12237.639008148099
00bbac68_3738,12237.583085387882
00bbac68_3739,12237.665144042458
00bbac68_3740,12237.609221282239
00bbac68_3741,12237.691279936815
00bbac68_3742,12237.619860922629
00bbac68_3743,12237.701919577206
00bbac68_3744,12237.720032461519
00bbac68_3745,12237.664107793951
00bbac68_3746,12237.735325078898
00bbac68_3747,12237.207520452224
00bbac68_3748,12237.306216908924
00bbac68_3749,12237.302645146632
00bbac68_3750,12237.264504597717
00bbac68_3751,12237.422035130345
00bbac68_3752,12237.347647328012
00bbac68_3753,12237.291726475141
00bbac68_3754,12237.37378322237
00bbac68_3755,12237.397692539178
00bbac68_3756,12237.193299854032
00bbac68_3757,12237.230631183169
00bbac68_3758,12237.323531207374
00bbac68_3759,12237.352095408522
00bbac68_3760,12237.417693644396
00bbac68_3761,12237.441604868553
00bbac68_3762,12237.385680200985
00bbac68_3763,12237.456897485932
00bbac68_3764,12237.46996543311
00bbac68_3765,12237.493876657269
00bbac68_3766,12237.506944604447
00bbac68_3767,12237.25274246343
00bbac68_3768,12237.265810410609
00bbac68_3769,12237.289719727416
00bbac68_3770,12237.222954643896
00bbac68_3771,12236.907994865855
00bbac68_3772,12236.982878074874
00bbac68_3773,12237.007506462116
00bbac68_3774,12237.14886553936
00bbac68_3775,12237.120699470122
00bbac68_3776,12237.213635733951
00bbac68_3777,12237.188069380898
00bbac68_3778,12237.129174017835
00bbac68_3779,12237.22210932799
00bbac68_3780,12237.227273222436
00bbac68_3781,12237.240018827695
00bbac68_3782,12237.253086774874
00bbac68_3783,12237.266154722052
00bbac68_3784,12237.27954501115
00bbac68_3785,12237.292612958328
00bbac68_3786,12237.229349766898
00bbac68_3787,12237.311413189846
00bbac68_3788,12236.98038781427
00bbac68_3789,12236.993455761449
00bbac68_3790,12237.006523708627
00bbac68_3791,12237.019591655808
00bbac68_3792,12236.963665080892
00bbac68_3793,12237.053065120355
00bbac68_3794,12236.978753611967
00bbac68_3795,12236.991821559146
00bbac68_3796,12236.925378817545
00bbac68_3797,12236.961878542677
00bbac68_3798,12236.974946489856
00bbac68_3799,12236.988014437035
00bbac68_3800,12236.852221452817
00bbac68_3801,12237.070551584138
00bbac68_3802,12237.027218278572
00bbac68_3803,12237.027693910077
00bbac68_3804,12237.109755425676
00bbac68_3805,12237.032524720205
00bbac68_3806,12237.003692032618
00bbac68_3807,12237.019655335023
00bbac68_3808,12237.009556625708
00bbac68_3809,12237.12565954603
00bbac68_3810,12237.13872749321
00bbac68_3811,12237.148901992512
00bbac68_3812,12237.226366797908
00bbac68_3813,12237.095167662872
00bbac68_3814,12237.257200491948
00bbac68_3815,12237.053880690408
00bbac68_3816,12237.200710997206
00bbac68_3817,12237.030877561938
00bbac68_3818,12237.146978574914
00bbac68_3819,12237.09824842639
00bbac68_3820,12237.224866559725
00bbac68_3821,12237.173534787666
00bbac68_3822,12237.279118680279
00bbac68_3823,12237.189153561663
00bbac68_3824,12237.305254574638
00bbac68_3825,12237.21528945602
00bbac68_3826,12237.228357403199
00bbac68_3827,12237.344458416173
00bbac68_3828,12237.116941036205
00bbac68_3829,12237.38735227562
00bbac68_3830,12237.281888042013
00bbac68_3831,12237.091583033869
00bbac68_3832,12237.256748683074
00bbac68_3833,12237.132848017583
00bbac68_3834,12237.187190989176
00bbac68_3835,12237.30329200215
00bbac68_3836,12237.213326883533
00bbac68_3837,12237.362846551903
00bbac68_3838,12237.23946277789
00bbac68_3839,12237.355563790867
00bbac68_3840,12237.26559867225
00bbac68_3841,12237.278666619428
00bbac68_3842,12237.441619744219
00bbac68_3843,12237.421269036002
00bbac68_3844,12237.331303917386
00bbac68_3845,12237.480823585756
00bbac68_3846,12237.531395729102
00bbac68_3847,12237.316665214366
00bbac68_3848,12237.257305411911
00bbac68_3849,12237.235013022788
00bbac68_3850,12237.163013220943
00bbac68_3851,12237.175905692047
00bbac68_3852,12237.24555322907
00bbac68_3853,12237.338142355447
00bbac68_3854,12237.214758581435
00bbac68_3855,12237.227826528615
00bbac68_3856,12237.184490362024
00bbac68_3857,12237.253962422972
00bbac68_3858,12237.403482091342
00bbac68_3859,12237.401052830879
00bbac68_3860,12237.41412077806
00bbac68_3861,12237.427188725238
00bbac68_3862,12237.44605501226
00bbac68_3863,12237.459122959439
00bbac68_3864,12237.466392566774
00bbac68_3865,12237.485258853798
00bbac68_3866,12237.498326800976
00bbac68_3867,12237.4181406588
00bbac68_3868,12237.139376635763
00bbac68_3869,12237.152444582942
00bbac68_3870,12237.225117174898
00bbac68_3871,12237.577700808111
00bbac68_3872,12237.64666932902
00bbac68_3873,12237.3480726949
00bbac68_3874,12237.361140642079
00bbac68_3875,12237.306760926904
00bbac68_3876,12237.319828874084
00bbac68_3877,12237.332896821263
00bbac68_3878,12237.869842865975
00bbac68_3879,12237.74307354814
00bbac68_3880,12237.840642761797
00bbac68_3881,12237.853710708978
00bbac68_3882,12237.866778656156
00bbac68_3883,12237.727897674502
00bbac68_3884,12237.74096562168
00bbac68_3885,12237.754033568859
00bbac68_3886,12237.76710151604
00bbac68_3887,12237.932118392051
00bbac68_3888,12237.36770220837
00bbac68_3889,12237.480223127961
00bbac68_3890,12237.392199690252
00bbac68_3891,12237.40526763743
00bbac68_3892,12237.41833558461
00bbac68_3893,12237.43140353179
00bbac68_3894,12237.444471478968
00bbac68_3895,12237.21524892932
00bbac68_3896,12237.262254330722
00bbac68_3897,12237.468178112864
00bbac68_3898,12237.481246060042
00bbac68_3899,12237.494314007221
00bbac68_3900,12237.234657802788
00bbac68_3901,12237.247725749967
00bbac68_3902,12237.634609233646
00bbac68_3903,12237.546585795937
00bbac68_3904,12237.559653743116
00bbac68_3905,12237.408466548082
00bbac68_3906,12237.557986216452
00bbac68_3907,12237.571054163633
00bbac68_3908,12237.584122110811
00bbac68_3909,12237.56547847962
00bbac68_3910,12237.477455041912
00bbac68_3911,12237.49052298909
00bbac68_3912,12237.410336846913
00bbac68_3913,12237.423404794094
00bbac68_3914,12237.53756412616
00bbac68_3915,12237.44954068845
00bbac68_3916,12237.460970223154
00bbac68_3917,12237.405034111494
00bbac68_3918,12237.729766639974
00bbac68_3919,12237.84392597204
00bbac68_3920,12237.75590253433
00bbac68_3921,12237.862224570865
00bbac68_3922,12237.890789725685
00bbac68_3923,12237.868497336562
00bbac68_3924,12237.916925620044
00bbac68_3925,12237.8610371921
00bbac68_3926,12237.874105139279
00bbac68_3927,12237.988264471345
00bbac68_3928,12237.900241033636
00bbac68_3929,12237.776857259625
00bbac68_3930,12237.687952626848
00bbac68_3931,12237.560332631521
00bbac68_3932,12237.5734005787
00bbac68_3933,12237.687559910766
00bbac68_3934,12237.599536473059
00bbac68_3935,12237.612604420237
00bbac68_3936,12237.863215473495
00bbac68_3937,12237.775192035786
00bbac68_3938,12238.154892444512
00bbac68_3939,12238.132600055389
00bbac68_3940,12238.181028338871
00bbac68_3941,12237.905874926797
00bbac68_3942,12238.035882418653
00bbac68_3943,12237.956323794177
00bbac68_3944,12238.070483126243
00bbac68_3945,12238.209212923399
00bbac68_3946,12238.085829149386
00bbac68_3947,12238.336440202644
00bbac68_3948,12238.111965043743
00bbac68_3949,12237.643440812577
00bbac68_3950,12237.594048814079
00bbac68_3951,12237.678335251858
00bbac68_3952,12237.590311814149
00bbac68_3953,12237.603379761327
00bbac68_3954,12237.717539093393
00bbac68_3955,12237.629515655686
00bbac68_3956,12237.743674987752
00bbac68_3957,12237.655651550043
00bbac68_3958,12237.780328002471
00bbac68_3959,12237.828756285953
00bbac68_3960,12237.942915618021
00bbac68_3961,12237.854892180312
00bbac68_3962,12237.978044661182
00bbac68_3963,12237.87074555819
00bbac68_3964,12237.87011111279
00bbac68_3965,12237.782087675081
00bbac68_3966,12237.89624700715
00bbac68_3967,12237.80822356944
00bbac68_3968,12237.922382901506
00bbac68_3969,12237.834359463797
00bbac68_3970,12237.948518795863
00bbac68_3971,12237.875992565798
00bbac68_3972,12237.990151897864
00bbac68_3973,12237.902128460155
00bbac68_3974,12238.016287792221
00bbac68_3975,12237.871860240743
00bbac68_3976,12237.98601957281
00bbac68_3977,12237.970423884735
00bbac68_3978,12238.140987330571
00bbac68_3979,12238.052963892862
00bbac68_3980,12238.110543635084
00bbac68_3981,12238.141372812732
00bbac68_3982,12238.250151514307
00bbac68_3983,12238.162128076598
00bbac68_3984,12238.175196023776
00bbac68_3985,12238.232951242073
00bbac68_3986,12238.144927804364
00bbac68_3987,12238.259087136432
00bbac68_3988,12238.171063698723
00bbac68_3989,12238.341627144559
00bbac68_3990,12238.25360370685
00bbac68_3991,12237.120152946753
00bbac68_3992,12237.016113502576
00bbac68_3993,12237.029181449754
00bbac68_3994,12237.14334078182
00bbac68_3995,12237.055357398433
00bbac68_3996,12237.203084159088
00bbac68_3997,12237.156297598822
00bbac68_3998,12237.309088370097
00bbac68_3999,12237.182433493179
00bbac68_4000,12237.195501440357
00bbac68_4001,12237.309660772424
00bbac68_4002,12237.260268773924
00bbac68_4003,12237.335796666783
00bbac68_4004,12237.247773229074
00bbac68_4005,12237.260841176252
00bbac68_4006,12237.51145222951
00bbac68_4007,12237.28697707061
00bbac68_4008,12237.30004501779
00bbac68_4009,12237.414204349856
00bbac68_4010,12237.326180912147
00bbac68_4011,12237.440340244213
00bbac68_4012,12236.847422549912
00bbac68_4013,12236.804086383323
00bbac68_4014,12236.91824571539
00bbac68_4015,12236.83022227768
00bbac68_4016,12236.899694338628
00bbac68_4017,12236.972946764567
00bbac68_4018,12236.941327440627
00bbac68_4019,12236.943962190786
00bbac68_4020,12237.024184068629
00bbac68_4021,12236.890229768493
00bbac68_4022,12236.983166032322
00bbac68_4023,12237.097325364388
00bbac68_4024,12237.00930192668
00bbac68_4025,12237.03280307088
00bbac68_4026,12237.146962402947
00bbac68_4027,12237.097570404447
00bbac68_4028,12237.110638351625
00bbac68_4029,12237.224797683693
00bbac68_4030,12237.383562270887
00bbac68_4031,12237.528101851976
00bbac68_4032,12237.531013167685
00bbac68_4033,12237.149935149288
00bbac68_4034,12237.163003096468
00bbac68_4035,12237.232475157416
00bbac68_4036,12237.290230375713
00bbac68_4037,12237.202206938004
00bbac68_4038,12237.271678998952
00bbac68_4039,12237.426091016565
00bbac68_4040,12237.29781489331
00bbac68_4041,12237.31088284049
00bbac68_4042,12237.267546673898
00bbac68_4043,12237.301837689314
00bbac68_4044,12237.213814251605
00bbac68_4045,12237.363154629205
00bbac68_4046,12237.319818462614
00bbac68_4047,12237.43397779468
00bbac68_4048,12237.31205695707
00bbac68_4049,12237.325124904248
00bbac68_4050,12237.412552745227
00bbac68_4051,12237.565343516502
00bbac68_4052,12237.477320078793
00bbac68_4053,12236.450339426729
00bbac68_4054,12236.502038813116
00bbac68_4055,12236.616198145182
00bbac68_4056,12236.749390909257
00bbac68_4057,12236.61626249108
00bbac68_4058,12236.663267892482
00bbac68_4059,12236.738795785339
00bbac68_4060,12236.797741189182
00bbac68_4061,12236.66384029481
00bbac68_4062,12236.66956876445
00bbac68_4063,12236.682636711628
00bbac68_4064,12236.586747368157
00bbac68_4065,12236.565877861112
00bbac68_4066,12236.578945808293
00bbac68_4067,12236.625951209695
00bbac68_4068,12236.639019156873
00bbac68_4069,12236.75317848894
00bbac68_4070,12236.603517172813
00bbac68_4071,12236.616585119991
00bbac68_4072,12236.76573285538
00bbac68_4073,12236.64272101435
00bbac68_4074,12236.655788961529
00bbac68_4075,12236.668856908707
00bbac68_4076,12236.681924855886
00bbac68_4077,12236.694992803066
00bbac68_4078,12236.708060750245
00bbac68_4079,12236.641260380773
00bbac68_4080,12236.78016756135
00bbac68_4081,12236.944442478743
00bbac68_4082,12236.775499775289
00bbac68_4083,12236.788567722468
00bbac68_4084,12236.847566532073
00bbac68_4085,12237.030651721683
00bbac68_4086,12236.869008441445
00bbac68_4087,12236.882076388625
00bbac68_4088,12237.031224124012
00bbac68_4089,12236.908212282982
00bbac68_4090,12236.90578302252
00bbac68_4091,12237.070427965547
00bbac68_4092,12236.931918916876
00bbac68_4093,12236.944986864057
00bbac68_4094,12237.102292329546
00bbac68_4095,12236.971122758414
00bbac68_4096,12235.85682177859
00bbac68_4097,12235.71831272992
00bbac68_4098,12235.746505951758
00bbac68_4099,12235.607996903087
00bbac68_4100,12235.901267715866
00bbac68_4101,12235.770584518636
00bbac68_4102,12235.935229461664
00bbac68_4103,12235.802101043488
00bbac68_4104,12236.055451049382
00bbac68_4105,12236.124717116678
00bbac68_4106,12235.736627684706
00bbac68_4107,12235.885775420093
00bbac68_4108,12236.163920958214
00bbac68_4109,12235.912283247435
00bbac68_4110,12236.190056852573
00bbac68_4111,12236.07449893
00bbac68_4112,12236.080112958722
00bbac68_4113,12236.229260694108
00bbac68_4114,12235.977251050346
00bbac68_4115,12236.118944867276
00bbac68_4116,12236.268464535646
00bbac68_4117,12235.903269009314
00bbac68_4118,12236.0524167447
00bbac68_4119,12236.009080578111
00bbac68_4120,12236.07855263906
00bbac68_4121,12236.22807230743
00bbac68_4122,12236.104688533416
00bbac68_4123,12236.117756480595
00bbac68_4124,12236.130824427775
00bbac68_4125,12235.741973963699
00bbac68_4126,12235.755041910877
00bbac68_4127,12235.768109858056
00bbac68_4128,12235.917629526426
00bbac68_4129,12235.930697473605
00bbac68_4130,12235.789975900521
00bbac68_4131,12235.939495568891
00bbac68_4132,12235.816111794878
00bbac68_4133,12235.772775628287
00bbac68_4134,12235.842247689236
00bbac68_4135,12235.652167748232
00bbac68_4136,12235.665235695411
00bbac68_4137,12235.814755363781
00bbac68_4138,12235.5290791093
00bbac68_4139,12235.67859877767
00bbac68_4140,12235.555215003658
00bbac68_4141,12235.17805849405
00bbac68_4142,12235.180609320867
00bbac68_4143,12235.193677268046
00bbac68_4144,12235.206745215224
00bbac68_4145,12235.219813162403
00bbac68_4146,12235.096429388392
00bbac68_4147,12235.10949733557
00bbac68_4148,12235.122565282749
00bbac68_4149,12235.135633229927
00bbac68_4150,12235.148701177106
00bbac68_4151,12235.161769124286
00bbac68_4152,12235.174837071465
00bbac68_4153,12235.187905018644
00bbac68_4154,12235.337424687013
00bbac68_4155,12235.214040913
00bbac68_4156,12235.227108860181
00bbac68_4157,12235.18377269359
00bbac68_4158,12235.196840640769
00bbac68_4159,12235.266312701717
00bbac68_4160,12234.120042651459
00bbac68_4161,12234.13311059864
00bbac68_4162,12234.146178545818
00bbac68_4163,12234.23167424263
00bbac68_4164,12234.131758486195
00bbac68_4165,12234.169105074121
00bbac68_4166,12234.1821730213
00bbac68_4167,12234.133456224217
00bbac68_4168,12234.146524171396
00bbac68_4169,12234.159592118574
00bbac68_4170,12234.136616898639
00bbac68_4171,12234.149684845817
00bbac68_4172,12234.162752792998
00bbac68_4173,12234.119416626407
00bbac68_4174,12234.132484573585
00bbac68_4175,12234.145552520764
00bbac68_4176,12234.158620467942
00bbac68_4177,12234.171688415123
00bbac68_4178,12234.184756362301
00bbac68_4179,12234.25422842325
00bbac68_4180,12234.210892256659
00bbac68_4181,12233.99373750181
00bbac68_4182,12234.00680544899
00bbac68_4183,12233.985975996267
00bbac68_4184,12234.048108579676
00bbac68_4185,12234.061176526855
00bbac68_4186,12234.154112790684
00bbac68_4187,12234.276138028512
00bbac68_4188,12234.289205975692
00bbac68_4189,12234.30227392287
00bbac68_4190,12234.27671043084
00bbac68_4191,12234.244322445402
00bbac68_4192,12234.25739039258
00bbac68_4193,12234.231826900552
00bbac68_4194,12234.28352628694
00bbac68_4195,12234.296594234118
00bbac68_4196,12234.309662181297
00bbac68_4197,12234.284098689266
00bbac68_4198,12234.297166636445
00bbac68_4199,12234.310234583625
00bbac68_4200,12234.533845209637
00bbac68_4201,12234.29513360054
00bbac68_4202,12234.30820154772
00bbac68_4203,12234.401137811548
00bbac68_4204,12234.414205758729
00bbac68_4205,12234.279684976049
00bbac68_4206,12234.549266518809
00bbac68_4207,12234.264583992965
00bbac68_4208,12234.32358280257
00bbac68_4209,12234.479545494623
00bbac68_4210,12234.453982002593
00bbac68_4211,12234.467049949772
00bbac68_4212,12234.48011789695
00bbac68_4213,12234.66983112306
00bbac68_4214,12234.465016913868
00bbac68_4215,12234.478084861046
00bbac68_4216,12234.709034964597
00bbac68_4217,12234.555974753206
00bbac68_4218,12234.569042700385
00bbac68_4219,12234.828107122783
00bbac68_4220,12234.589355459368
00bbac68_4221,12234.602423406546
00bbac68_4222,12234.86731096432
00bbac68_4223,12234.662496755127
00bbac68_4224,12233.548848088536
00bbac68_4225,12233.344033879344
00bbac68_4226,12233.574983982895
00bbac68_4227,12233.336232319478
00bbac68_4228,12233.601119877252
00bbac68_4229,12233.396305668059
00bbac68_4230,12233.627255771611
00bbac68_4231,12233.383810123209
00bbac68_4232,12233.596249408278
00bbac68_4233,12233.467042498889
00bbac68_4234,12233.652061740013
00bbac68_4235,12233.52711584747
00bbac68_4236,12233.649108660373
00bbac68_4237,12233.662176607551
00bbac68_4238,12233.423424944134
00bbac68_4239,12233.763332338334
00bbac68_4240,12233.810337739736
00bbac68_4241,12233.605523530545
00bbac68_4242,12233.727516343446
00bbac68_4243,12233.740584290625
00bbac68_4244,12233.535770081431
00bbac68_4245,12233.732782730758
00bbac68_4246,12233.60847389266
00bbac68_4247,12233.365028244258
00bbac68_4248,12233.634609787017
00bbac68_4249,12233.391164138615
00bbac68_4250,12233.396892608254
00bbac68_4251,12233.673813628555
00bbac68_4252,12233.435061965138
00bbac68_4253,12233.921165724694
00bbac68_4254,12233.524224287718
00bbac68_4255,12233.617160551546
00bbac68_4256,12233.482639768867
00bbac68_4257,12233.534339155256
00bbac68_4258,12233.508775663226
00bbac68_4259,12233.560475049613
00bbac68_4260,12233.573542996792
00bbac68_4261,12233.58661094397
00bbac68_4262,12233.553707974403
00bbac68_4263,12233.57411539912
00bbac68_4264,12233.53077923253
00bbac68_4265,12233.558974361715
00bbac68_4266,12233.556915126886
00bbac68_4267,12233.626387187836
00bbac68_4268,12233.107518489507
00bbac68_4269,12233.120586436686
00bbac68_4270,12232.997202662673
00bbac68_4271,12233.010270609851
00bbac68_4272,12233.063591242577
00bbac68_4273,12233.172858225402
00bbac68_4274,12233.18592617258
00bbac68_4275,12233.198994119759
00bbac68_4276,12233.212062066938
00bbac68_4277,12233.262636117632
00bbac68_4278,12233.332283654656
00bbac68_4279,12233.345351601834
00bbac68_4280,12233.221967827822
00bbac68_4281,12233.17863166123
00bbac68_4282,12233.19169960841
00bbac68_4283,12233.20476755559
00bbac68_4284,12233.193554954672
00bbac68_4285,12233.206622901851
00bbac68_4286,12233.147263099396
00bbac68_4287,12233.160331046574
00bbac68_4288,12233.173398993753
00bbac68_4289,12233.186466940933
00bbac68_4290,12233.199534888112
00bbac68_4291,12233.228626471155
00bbac68_4292,12233.18511482849
00bbac68_4293,12233.254586889438
00bbac68_4294,12233.036817968332
00bbac68_4295,12233.017760442488
00bbac68_4296,12233.030828389667
00bbac68_4297,12233.038515706352
00bbac68_4298,12233.05158365353
00bbac68_4299,12233.064651600711
00bbac68_4300,12233.07771954789
00bbac68_4301,12233.090787495068
00bbac68_4302,12233.240307163438
00bbac68_4303,12233.253375110617
00bbac68_4304,12233.167497440121
00bbac68_4305,12233.1805653873
00bbac68_4306,12233.019854800543
00bbac68_4307,12233.112791064372
00bbac68_4308,12233.318714846511
00bbac68_4309,12233.342299914051
00bbac68_4310,12233.213779650172
00bbac68_4311,12233.390093752136
00bbac68_4312,12233.40480011179
00bbac68_4313,12231.707636277963
00bbac68_4314,12231.853757051069
00bbac68_4315,12231.730373277058
00bbac68_4316,12231.685398697991
00bbac68_4317,12231.75487075894
00bbac68_4318,12232.050905319888
00bbac68_4319,12231.918179352271
00bbac68_4320,12231.940589493055
00bbac68_4321,12231.953657440234
00bbac68_4322,12231.966725387412
00bbac68_4323,12231.742147231686
00bbac68_4324,12231.60942126407
00bbac68_4325,12231.824687239812
00bbac68_4326,12231.837755186993
00bbac68_4327,12231.648625105607
00bbac68_4328,12231.86389108135
00bbac68_4329,12231.876959028528
00bbac68_4330,12231.687828947142
00bbac68_4331,12231.846690809118
00bbac68_4332,12231.697687528269
00bbac68_4333,12231.907572873519
00bbac68_4334,12231.03737818642
00bbac68_4335,12230.920149426445
00bbac68_4336,12231.063514080779
00bbac68_4337,12230.946285320804
00bbac68_4338,12230.959353267983
00bbac68_4339,12231.102717922315
00bbac68_4340,12230.98548916234
00bbac68_4341,12231.50796033828
00bbac68_4342,12231.310863261655
00bbac68_4343,12231.460203639253
00bbac68_4344,12231.513266779913
00bbac68_4345,12231.48633953361
00bbac68_4346,12231.634398172928
00bbac68_4347,12231.551106867179
00bbac68_4348,12231.69447152151
00bbac68_4349,12231.497374444885
00bbac68_4350,12231.640739099217
00bbac68_4351,12231.762764337045
00bbac68_4352,12231.725403893723
00bbac68_4353,12231.868768548055
00bbac68_4354,12231.67167147143
00bbac68_4355,12231.894904442412
00bbac68_4356,12231.90797238959
00bbac68_4357,12230.984066764993
00bbac68_4358,12231.127431419325
00bbac68_4359,12231.10656191228
00bbac68_4360,12231.119629859459
00bbac68_4361,12231.036338553708
00bbac68_4362,12231.14107176883
00bbac68_4363,12231.19277115522
00bbac68_4364,12231.205839102398
00bbac68_4365,12231.218907049577
00bbac68_4366,12231.063046850393
00bbac68_4367,12231.206411504725
00bbac68_4368,12231.219479451905
00bbac68_4369,12231.271178838293
00bbac68_4370,12231.238275868724
00bbac68_4371,12231.149726002792
00bbac68_4372,12231.16279394997
00bbac68_4373,12231.168522419612
00bbac68_4374,12231.147652912567
00bbac68_4375,12231.160720859745
00bbac68_4376,12231.127857944497
00bbac68_4377,12231.186896808424
00bbac68_4378,12231.199964755604
00bbac68_4379,12230.65056322036
00bbac68_4380,12230.66363116754
00bbac68_4381,12230.71793599216
00bbac68_4382,12230.769635378547
00bbac68_4383,12230.782703325725
00bbac68_4384,12230.648182543047
00bbac68_4385,12230.699881929435
00bbac68_4386,12230.674318437405
00bbac68_4387,12230.687386384583
00bbac68_4388,12230.693114854223
00bbac68_4389,12230.713522278942
00bbac68_4390,12230.777354309983
00bbac68_4391,12230.926873978353
00bbac68_4392,12230.950459045893
00bbac68_4393,12230.816558151519
00bbac68_4394,12230.829626098699
00bbac68_4395,12230.842694045878
00bbac68_4396,12230.855761993056
00bbac68_4397,12231.005281661426
00bbac68_4398,12231.018349608605
00bbac68_4399,12230.894965834592
00bbac68_4400,12230.908033781772
00bbac68_4401,12230.870078245674
00bbac68_4402,12230.822635557477
00bbac68_4403,12230.897488248918
00bbac68_4404,12230.848771451834
00bbac68_4405,12230.861839399015
00bbac68_4406,12230.936692090456
00bbac68_4407,12231.118337231848
00bbac68_4408,12230.994953457835
00bbac68_4409,12231.008021405014
00bbac68_4410,12231.21412066323
00bbac68_4411,12231.090736889217
00bbac68_4412,12231.103804836395
00bbac68_4413,12231.253324504765
00bbac68_4414,12230.864037257852
00bbac68_4415,12230.804677455397
00bbac68_4416,12230.817745402577
00bbac68_4417,12230.830813349756
00bbac68_4418,12230.707429575743
00bbac68_4419,12230.856949244113
00bbac68_4420,12230.870017191291
00bbac68_4421,12230.883085138472
00bbac68_4422,12230.89615308565
00bbac68_4423,12230.909221032829
00bbac68_4424,12230.301504220486
00bbac68_4425,12230.314572167665
00bbac68_4426,12230.327640114845
00bbac68_4427,12230.340708062024
00bbac68_4428,12230.284770043016
00bbac68_4429,12230.30279709664
00bbac68_4430,12230.45997476977
00bbac68_4431,12230.474681129426
00bbac68_4432,12230.487749076605
00bbac68_4433,12230.71313925889
00bbac68_4434,12230.72620720607
00bbac68_4435,12230.739275153248
00bbac68_4436,12230.752343100427
00bbac68_4437,12230.775928167968
00bbac68_4438,12230.778478994785
00bbac68_4439,12230.992367864816
00bbac68_4440,12231.005435811994
00bbac68_4441,12230.882052037981
00bbac68_4442,12230.895119985162
00bbac68_4443,12230.90818793234
00bbac68_4444,12231.05770760071
00bbac68_4445,12231.070775547889
00bbac68_4446,12230.947391773876
00bbac68_4447,12230.960459721056
00bbac68_4448,12230.360387562034
00bbac68_4449,12230.373455509212
00bbac68_4450,12230.384885043915
00bbac68_4451,12230.397952991094
00bbac68_4452,12230.411020938272
00bbac68_4453,12230.425727297928
00bbac68_4454,12230.438795245107
00bbac68_4455,12230.451863192286
00bbac68_4456,12230.464931139464
00bbac68_4457,12230.477999086643
00bbac68_4458,12230.491067033823
00bbac68_4459,12230.30331405815
00bbac68_4460,12230.26544626009
00bbac68_4461,12230.278514207268
00bbac68_4462,12230.291582154447
00bbac68_4463,12230.304650101627
00bbac68_4464,12230.317718048806
00bbac68_4465,12230.330785995984
00bbac68_4466,12230.346552841478
00bbac68_4467,12230.358560302817
00bbac68_4468,12230.371628249997
00bbac68_4469,12230.384696197176
00bbac68_4470,12230.022497115546
00bbac68_4471,12230.035565062724
00bbac68_4472,12230.048633009903
00bbac68_4473,12230.061700957081
00bbac68_4474,12230.074768904262
00bbac68_4475,12230.08783685144
00bbac68_4476,12230.100904798619
00bbac68_4477,12230.113972745798
00bbac68_4478,12229.990590879133
00bbac68_4479,12230.140108640157
00bbac68_4480,12230.022898953668
00bbac68_4481,12230.166244534514
00bbac68_4482,12230.380116238406
00bbac68_4483,12230.393184185585
00bbac68_4484,12230.406252132765
00bbac68_4485,12230.419320079944
00bbac68_4486,12230.100948055198
00bbac68_4487,12230.244293636044
00bbac68_4488,12230.257361583223
00bbac68_4489,12230.140151896734
00bbac68_4490,12230.020727778485
00bbac68_4491,12230.033795725663
00bbac68_4492,12229.916580317129
00bbac68_4493,12230.05993162002
00bbac68_4494,12229.092187494445
00bbac68_4495,12229.099094705542
00bbac68_4496,12229.118323388804
00bbac68_4497,12229.26168232109
00bbac68_4498,12229.144459283161
00bbac68_4499,12229.287818215447
00bbac68_4500,12229.17059517752
00bbac68_4501,12229.183663124699
00bbac68_4502,12229.327022056985
00bbac68_4503,12229.209799019056
00bbac68_4504,12229.222866966235
00bbac68_4505,12229.366225898522
00bbac68_4506,12229.249002860593
00bbac68_4507,12229.262070807772
00bbac68_4508,12229.27513875495
00bbac68_4509,12229.28820670213
00bbac68_4510,12229.164822928116
00bbac68_4511,12229.308181860404
00bbac68_4512,12229.327410543667
00bbac68_4513,12229.340478490845
00bbac68_4514,12229.353546438024
00bbac68_4515,12229.366614385202
00bbac68_4516,12228.886972218857
00bbac68_4517,12228.763588444845
00bbac68_4518,12228.913108113215
00bbac68_4519,12229.042818058684
00bbac68_4520,12228.939244007572
00bbac68_4521,12228.950675449625
00bbac68_4522,12228.76292628865
00bbac68_4523,12228.775994235828
00bbac68_4524,12228.769252460106
00bbac68_4525,12228.804827121152
00bbac68_4526,12228.671082629366
00bbac68_4527,12228.668655276253
00bbac68_4528,12228.798365221723
00bbac68_4529,12228.558339449419
00bbac68_4530,12228.723354418082
00bbac68_4531,12228.640745943141
00bbac68_4532,12228.53717189203
00bbac68_4533,12228.6668818375
00bbac68_4534,12228.426856065196
00bbac68_4535,12228.576375733566
00bbac68_4536,12228.706085679036
00bbac68_4537,12228.602511627925
00bbac68_4538,12228.615579575104
00bbac68_4539,12228.745289520573
00bbac68_4540,12228.144931259256
00bbac68_4541,12228.266603637587
00bbac68_4542,12228.29266825835
00bbac68_4543,12228.189094207239
00bbac68_4544,12228.202162154417
00bbac68_4545,12228.326912993442
00bbac68_4546,12228.331943373481
00bbac68_4547,12228.241365995953
00bbac68_4548,12228.254433943133
00bbac68_4549,12228.384143888603
00bbac68_4550,12228.28056983749
00bbac68_4551,12228.157186063478
00bbac68_4552,12228.423347730139
00bbac68_4553,12228.423419003735
00bbac68_4554,12228.327882519761
00bbac68_4555,12228.076111294577
00bbac68_4556,12228.205821240046
00bbac68_4557,12228.238698910125
00bbac68_4558,12228.251766857305
00bbac68_4559,12228.264834804484
00bbac68_4560,12228.277902751663
00bbac68_4561,12228.407612697132
00bbac68_4562,12228.30403864602
00bbac68_4563,12228.180654872007
00bbac68_4564,12227.868233774998
00bbac68_4565,12227.997943720467
00bbac68_4566,12227.894369669355
00bbac68_4567,12227.907437616534
00bbac68_4568,12227.920505563712
00bbac68_4569,12228.070025232084
00bbac68_4570,12228.083093179263
00bbac68_4571,12228.07635140354
00bbac68_4572,12227.972777352428
00bbac68_4573,12227.985845299607
00bbac68_4574,12228.039165932334
00bbac68_4575,12227.990801994747
00bbac68_4576,12228.003869941926
00bbac68_4577,12228.133579887395
00bbac68_4578,12228.166457557474
00bbac68_4579,12228.179525504653
00bbac68_4580,12228.192593451833
00bbac68_4581,12228.205661399012
00bbac68_4582,12228.082277624999
00bbac68_4583,12228.095345572177
00bbac68_4584,12228.244865240547
00bbac68_4585,12228.121481466536
00bbac68_4586,12228.251191412006
00bbac68_4587,12227.803134939018
00bbac68_4588,12227.816202886197
00bbac68_4589,12227.965722554567
00bbac68_4590,12227.978790501747
00bbac68_4591,12227.855406727735
00bbac68_4592,12227.868474674913
00bbac68_4593,12227.881542622092
00bbac68_4594,12227.7249252055
00bbac68_4595,12227.716340931001
00bbac68_4596,12227.72940887818
00bbac68_4597,12228.033118610027
00bbac68_4598,12227.909734836014
00bbac68_4599,12228.069771624745
00bbac68_4600,12227.93587073037
00bbac68_4601,12227.948938677551
00bbac68_4602,12227.96200662473
00bbac68_4603,12227.975074571908
00bbac68_4604,12227.988142519087
00bbac68_4605,12228.001210466266
00bbac68_4606,12228.150730134637
00bbac68_4607,12228.174315202177
00bbac68_4608,12228.187383149356
00bbac68_4609,12228.329284867286
00bbac68_4610,12228.342352814465
00bbac68_4611,12228.355420761645
00bbac68_4612,12228.357971588463
00bbac68_4613,12228.23458781445
00bbac68_4614,12228.247655761628
00bbac68_4615,12228.260723708807
00bbac68_4616,12228.295443877665
00bbac68_4617,12228.46045884633
00bbac68_4618,12228.473526793508
00bbac68_4619,12228.486594740687
00bbac68_4620,12228.499662687866
00bbac68_4621,12228.512730635044
00bbac68_4622,12228.525798582225
00bbac68_4623,12228.538866529403
00bbac68_4624,12228.551934476582
00bbac68_4625,12228.695293408868
00bbac68_4626,12228.578070370939
00bbac68_4627,12228.59113831812
00bbac68_4628,12228.604206265298
00bbac68_4629,12228.617274212476
00bbac68_4630,12228.630342159655
00bbac68_4631,12228.643410106833
00bbac68_4632,12228.656478054014
00bbac68_4633,12228.7998369863
00bbac68_4634,12228.682613948371
00bbac68_4635,12228.4174302476
00bbac68_4636,12228.430498194779
00bbac68_4637,12228.307114420766
00bbac68_4638,12228.456634089138
00bbac68_4639,12228.599993021424
00bbac68_4640,12228.482769983495
00bbac68_4641,12228.495837930674
00bbac68_4642,12228.439898004317
00bbac68_4643,12228.521973825033
00bbac68_4644,12228.528881036127
00bbac68_4645,12228.54810971939
00bbac68_4646,12228.539418633365
00bbac68_4647,12228.416034859352
00bbac68_4648,12228.751620201552
00bbac68_4649,12228.770848884815
00bbac68_4650,12228.647465110802
00bbac68_4651,12228.796984779172
00bbac68_4652,12228.940343711458
00bbac68_4653,12228.686668952338
00bbac68_4654,12228.530051535748
00bbac68_4655,12228.843095831804
00bbac68_4656,12228.846829214774
00bbac68_4657,12228.859897161952
00bbac68_4658,12229.018751394531
00bbac68_4659,12228.564377782874
00bbac68_4660,12228.577445730052
00bbac68_4661,12228.872751683823
00bbac68_4662,12228.7400333456
00bbac68_4663,12228.75310129278
00bbac68_4664,12228.889635731659
00bbac68_4665,12228.756917393437
00bbac68_4666,12228.673786304971
00bbac68_4667,12228.928839573195
00bbac68_4668,12228.796121234973
00bbac68_4669,12228.809189182151
00bbac68_4670,12228.757266132017
00bbac68_4671,12228.544683291842
00bbac68_4672,12228.703537524421
00bbac68_4673,12228.861460970867
00bbac68_4674,12228.874528918046
00bbac68_4675,12229.033383150627
00bbac68_4676,12228.900664812405
00bbac68_4677,12228.923067323793
00bbac68_4678,12228.79034898557
00bbac68_4679,12229.085654939341
00bbac68_4680,12228.952936601121
00bbac68_4681,12228.975339112509
00bbac68_4682,12228.842620774287
00bbac68_4683,12229.001475006866
00bbac68_4684,12229.005208389835
00bbac68_4685,12229.128131988871
00bbac68_4686,12228.858961929458
00bbac68_4687,12229.058068847584
00bbac68_4688,12229.021549545007
00bbac68_4689,12229.180403777586
00bbac68_4690,12229.047685439364
00bbac68_4691,12229.206539671944
00bbac68_4692,12229.089316634016
00bbac68_4693,12229.232675566302
00bbac68_4694,12229.115452528373
00bbac68_4695,12229.122359739467
00bbac68_4696,12229.141588422732
00bbac68_4697,12229.148495633826
00bbac68_4698,12229.167724317089
00bbac68_4699,12229.311083249375
00bbac68_4700,12229.324151196553
00bbac68_4701,12229.070476437435
00bbac68_4702,12229.213835369721
00bbac68_4703,12229.233064052984
00bbac68_4704,12229.37642298527
00bbac68_4705,12229.389490932448
00bbac68_4706,12229.27226789452
00bbac68_4707,12229.415626826807
00bbac68_4708,12229.428694773986
00bbac68_4709,12229.343675410373
00bbac68_4710,12229.48703434266
00bbac68_4711,12229.403903254193
00bbac68_4712,12228.691873545124
00bbac68_4713,12228.83523247741
00bbac68_4714,12228.848300424588
00bbac68_4715,12228.73107738666
00bbac68_4716,12228.874436318945
00bbac68_4717,12228.751052544934
00bbac68_4718,12228.633829507005
00bbac68_4719,12228.777188439291
00bbac68_4720,12228.79025638647
00bbac68_4721,12228.93977605484
00bbac68_4722,12228.822553016913
00bbac68_4723,12228.960224235576
00bbac68_4724,12228.973292182754
00bbac68_4725,12228.849908408742
00bbac68_4726,12228.732685370813
00bbac68_4727,12229.01249602429
00bbac68_4728,12229.02556397147
00bbac68_4729,12229.03863191865
00bbac68_4730,12229.051699865828
00bbac68_4731,12228.934476827899
00bbac68_4732,12229.077835760185
00bbac68_4733,12229.090903707365
00bbac68_4734,12228.813329869876
00bbac68_4735,12228.804745595375
00bbac68_4736,12229.108455327221
00bbac68_4737,12229.1215232744
00bbac68_4738,12228.998139500389
00bbac68_4739,12229.001872883358
00bbac68_4740,12229.160727115937
00bbac68_4741,12229.037343341924
00bbac68_4742,12229.186863010294
00bbac68_4743,12229.199930957473
00bbac68_4744,12229.212998904653
00bbac68_4745,12229.226066851832
00bbac68_4746,12229.10268307782
00bbac68_4747,12229.257585284031
00bbac68_4748,12229.27065323121
00bbac68_4749,12229.28372117839
00bbac68_4750,12229.296789125568
00bbac68_4751,12229.168022813714
00bbac68_4752,12229.106765199369
00bbac68_4753,12229.119833146548
00bbac68_4754,12229.343678376443
00bbac68_4755,12229.450828202283
00bbac68_4756,12229.39146649248
00bbac68_4757,12229.404534439658
00bbac68_4758,12229.437747803096
00bbac68_4759,12229.450815750275
00bbac68_4760,12229.463883697455
00bbac68_4761,12229.476951644634
00bbac68_4762,12229.353567870621
00bbac68_4763,12229.392419356618
00bbac68_4764,12229.405487303797
00bbac68_4765,12229.298739424561
00bbac68_4766,12229.31180737174
00bbac68_4767,12229.399200880442
00bbac68_4768,12229.41226882762
00bbac68_4769,12229.425336774799
00bbac68_4770,12229.57485644317
00bbac68_4771,12229.58792439035
00bbac68_4772,12229.464540616336
00bbac68_4773,12229.477608563515
00bbac68_4774,12229.490676510693
00bbac68_4775,12229.42941889635
00bbac68_4776,12229.442486843529
00bbac68_4777,12229.666332073422
00bbac68_4778,12229.751829677583
00bbac68_4779,12229.62844590357
00bbac68_4780,12229.64151385075
00bbac68_4781,12229.523676646562
00bbac68_4782,12229.504624842764
00bbac68_4783,12229.410488352687
00bbac68_4784,12229.492499323547
00bbac68_4785,12229.510949808568
00bbac68_4786,12229.756432001353
00bbac68_4787,12229.897818735153
00bbac68_4788,12229.967466272175
00bbac68_4789,12229.918621682733
00bbac68_4790,12229.948268304228
00bbac68_4791,12229.950819131047
00bbac68_4792,12229.963887078226
00bbac68_4793,12229.976955025404
00bbac68_4794,12229.988386467456
00bbac68_4795,12230.001454414634
00bbac68_4796,12230.014522361813
00bbac68_4797,12229.891138587802
00bbac68_4798,12229.950207969307
00bbac68_4799,12229.888950354962
00bbac68_4800,12230.112795584855
00bbac68_4801,12230.136380652395
00bbac68_4802,12230.151085104702
00bbac68_4803,12230.08958716443
00bbac68_4804,12230.102655111608
00bbac68_4805,12230.115723058787
00bbac68_4806,12230.128791005965
00bbac68_4807,12230.041707891134
00bbac68_4808,12229.92669737762
00bbac68_4809,12230.093955388274
00bbac68_4810,12230.243475056644
00bbac68_4811,12230.120091282632
00bbac68_4812,12230.133159229812
00bbac68_4813,12230.282678898182
00bbac68_4814,12230.29574684536
00bbac68_4815,12230.172363071348
00bbac68_4816,12230.185431018526
00bbac68_4817,12230.044308902228
00bbac68_4818,12230.073226916547
00bbac68_4819,12230.240484927202
00bbac68_4820,12230.253552874381
00bbac68_4821,12230.403072542751
00bbac68_4822,12230.24218647992
00bbac68_4823,12230.180928865577
00bbac68_4824,12230.268322374279
00bbac68_4825,12230.143832338059
00bbac68_4826,12230.156900285237
00bbac68_4827,12230.169968232416
00bbac68_4828,12230.183036179596
00bbac68_4829,12230.196104126775
00bbac68_4830,12230.209172073954
00bbac68_4831,12230.222240021132
00bbac68_4832,12230.23530796831
00bbac68_4833,12230.24837591549
00bbac68_4834,12230.26144386267
00bbac68_4835,12230.003153319858
00bbac68_4836,12230.152672988228
00bbac68_4837,12230.165740935407
00bbac68_4838,12230.178808882585
00bbac68_4839,12230.092927397392
00bbac68_4840,12230.105995344571
00bbac68_4841,12230.175642881593
00bbac68_4842,12230.139051099768
00bbac68_4843,12230.152119046947
00bbac68_4844,12230.22176658397
00bbac68_4845,12230.23483453115
00bbac68_4846,12230.38435419952
00bbac68_4847,12230.188540768524
00bbac68_4848,12230.338060436894
00bbac68_4849,12230.351128384074
00bbac68_4850,12230.227744610062
00bbac68_4851,12230.24081255724
00bbac68_4852,12230.253880504419
00bbac68_4853,12230.403400172789
00bbac68_4854,12230.416468119967
00bbac68_4855,12230.429536067148
00bbac68_4856,12230.306152293135
00bbac68_4857,12230.24489467879
00bbac68_4858,12230.316064280021
00bbac68_4859,12230.403457788723
00bbac68_4860,12230.552977457095
00bbac68_4861,12230.566045404274
00bbac68_4862,12229.522327767956
00bbac68_4863,12229.398943993943
00bbac68_4864,12229.412011941122
00bbac68_4865,12229.425079888302
00bbac68_4866,12229.574599556672
00bbac68_4867,12229.58766750385
00bbac68_4868,12229.60073545103
00bbac68_4869,12229.477351677016
00bbac68_4870,12229.490419624195
00bbac68_4871,12229.503487571375
00bbac68_4872,12229.516555518554
00bbac68_4873,12229.45529790421
00bbac68_4874,12229.54079550837
00bbac68_4875,12229.078452994123
00bbac68_4876,12229.120073950337
00bbac68_4877,12229.133141897515
00bbac68_4878,12229.220535406217
00bbac68_4879,12229.233603353396
00bbac68_4880,12229.383123021766
00bbac68_4881,12229.259739247755
00bbac68_4882,12229.272807194933
00bbac68_4883,12229.285875142112
00bbac68_4884,12229.29894308929
00bbac68_4885,12229.312011036469
00bbac68_4886,12229.325078983647
00bbac68_4887,12229.263821369304
00bbac68_4888,12229.351214878006
00bbac68_4889,12229.500734546376
00bbac68_4890,12229.513802493555
00bbac68_4891,12229.526870440734
00bbac68_4892,12229.403486666723
00bbac68_4893,12229.342229052378
00bbac68_4894,12229.42962256108
00bbac68_4895,12229.584524767291
00bbac68_4896,12229.493260744255
00bbac68_4897,12229.56290828128
00bbac68_4898,12229.639998292667
00bbac68_4899,12229.516614518654
00bbac68_4900,12229.56993515138
00bbac68_4901,12229.679202134203
00bbac68_4902,12229.555818360192
00bbac68_4903,12229.56888630737
00bbac68_4904,12229.507628693025
00bbac68_4905,12229.520696640204
00bbac68_4906,12229.608090148906
00bbac68_4907,12229.621158096084
00bbac68_4908,12229.770677764456
00bbac68_4909,12229.647293990443
00bbac68_4910,12229.660361937622
00bbac68_4911,12229.809881605992
00bbac68_4912,12229.82294955317
00bbac68_4913,12229.83601750035
00bbac68_4914,12229.84908544753
00bbac68_4915,12229.651376111993
00bbac68_4916,12229.657009214201
00bbac68_4917,12229.58137782056
00bbac68_4918,12229.748635831216
00bbac68_4919,12229.898155499586
00bbac68_4920,12229.911223446765
00bbac68_4921,12229.924291393943
00bbac68_4922,12229.937359341122
00bbac68_4923,12230.10387348581
00bbac68_4924,12230.253393154182
00bbac68_4925,12230.298580852337
00bbac68_4926,12229.982409907914
00bbac68_4927,12229.99711436022
00bbac68_4928,12229.999665187037
00bbac68_4929,12229.876281413026
00bbac68_4930,12230.025801081396
00bbac68_4931,12229.900780802256
00bbac68_4932,12229.913848749435
00bbac68_4933,12229.926916696613
00bbac68_4934,12229.939984643794
00bbac68_4935,12230.089504312164
00bbac68_4936,12230.102572259342
00bbac68_4937,12230.11564020652
00bbac68_4938,12230.1287081537
00bbac68_4939,12230.005324379688
00bbac68_4940,12230.018392326867
00bbac68_4941,12230.136505592649
00bbac68_4942,12230.286025261019
00bbac68_4943,12230.299093208198
00bbac68_4944,12230.175709434185
00bbac68_4945,12230.188777381365
00bbac68_4946,12230.338297049735
00bbac68_4947,12230.351364996914
00bbac68_4948,12230.364432944092
00bbac68_4949,12230.24104917008
00bbac68_4950,12230.25411711726
00bbac68_4951,12230.40363678563
00bbac68_4952,12230.242910940084
00bbac68_4953,12230.255978887262
00bbac68_4954,12230.13259511325
00bbac68_4955,12230.282114781621
00bbac68_4956,12230.2951827288
00bbac68_4957,12230.308250675978
00bbac68_4958,12230.321318623157
00bbac68_4959,12230.334386570335
00bbac68_4960,12230.347454517514
00bbac68_4961,12230.360522464694
00bbac68_4962,12230.373590411873
00bbac68_4963,12230.386658359052
00bbac68_4964,12230.39972630623
00bbac68_4965,12230.412794253409
00bbac68_4966,12230.289410479398
00bbac68_4967,12230.438930147768
00bbac68_4968,12230.451998094946
00bbac68_4969,12230.102345552623
00bbac68_4970,12230.251865220993
00bbac68_4971,12230.200884401083
00bbac68_4972,12230.213952348262
00bbac68_4973,12230.372772248566
00bbac68_4974,12230.385840195744
00bbac68_4975,12230.398908142923
00bbac68_4976,12230.410339584974
00bbac68_4977,12230.279292084157
00bbac68_4978,12230.292360031335
00bbac68_4979,12230.168976257322
00bbac68_4980,12230.182044204501
00bbac68_4981,12230.19511215168
00bbac68_4982,12230.344631820051
00bbac68_4983,12230.221248046038
00bbac68_4984,12230.234315993217
00bbac68_4985,12230.383835661587
00bbac68_4986,12230.398540113893
00bbac68_4987,12230.411608061073
00bbac68_4988,12230.56879145625
00bbac68_4989,12230.794177823838
00bbac68_4990,12230.807245771017
00bbac68_4991,12230.820313718195
00bbac68_4992,12230.621063244966
00bbac68_4993,12230.632494687017
00bbac68_4994,12230.645562634196
00bbac68_4995,12230.15834447908
00bbac68_4996,12229.893870312
00bbac68_4997,12229.982804958398
00bbac68_4998,12230.133961131896
00bbac68_4999,12230.145392573948
00bbac68_5000,12230.158460521126
00bbac68_5001,12230.035076747114
00bbac68_5002,12230.184596415484
00bbac68_5003,12230.321672541375
00bbac68_5004,12230.334740488554
00bbac68_5005,12230.21135671454
00bbac68_5006,12230.36087638291
00bbac68_5007,12230.372307824962
00bbac68_5008,12229.738300119066
00bbac68_5009,12229.905558129722
00bbac68_5010,12230.23023343774
00bbac68_5011,12230.533943169587
00bbac68_5012,12230.547011116765
00bbac68_5013,12230.560079063944
00bbac68_5014,12230.436695289933
00bbac68_5015,12230.490015922658
00bbac68_5016,12230.599282905481
00bbac68_5017,12230.535679252318
00bbac68_5018,12230.625418799838
00bbac68_5019,12230.638486747019
00bbac68_5020,12230.651554694197
00bbac68_5021,12230.664622641376
00bbac68_5022,12230.601018988213
00bbac68_5023,12230.584870169034
00bbac68_5024,12230.597938116214
00bbac68_5025,12230.611006063393
00bbac68_5026,12230.624074010571
00bbac68_5027,12230.63714195775
00bbac68_5028,12230.513758183737
00bbac68_5029,12230.526826130917
00bbac68_5030,12230.539894078096
00bbac68_5031,12230.689413746466
00bbac68_5032,12230.702481693645
00bbac68_5033,12230.579097919632
00bbac68_5034,12230.59216586681
00bbac68_5035,12230.741685535182
00bbac68_5036,12230.75475348236
00bbac68_5037,12230.76782142954
00bbac68_5038,12230.644437655526
00bbac68_5039,12230.657505602705
00bbac68_5040,12230.670573549885
00bbac68_5041,12230.68527800219
00bbac68_5042,12230.696709444243
00bbac68_5043,12230.552707231509
00bbac68_5044,12230.5392515886
00bbac68_5045,12230.492905625868
00bbac68_5046,12230.446193452197
00bbac68_5047,12230.595713120567
00bbac68_5048,12230.821099488156
00bbac68_5049,12230.834167435334
00bbac68_5050,12230.847235382513
00bbac68_5051,12230.646348404156
00bbac68_5052,12230.522964630143
00bbac68_5053,12230.536032577322
00bbac68_5054,12230.541436797694
00bbac68_5055,12230.554504744872
00bbac68_5056,12230.567572692053
00bbac68_5057,12230.580640639231
00bbac68_5058,12230.59370858641
00bbac68_5059,12230.606776533588
00bbac68_5060,12230.483392759576
00bbac68_5061,12230.632912427947
00bbac68_5062,12230.509528653934
00bbac68_5063,12230.522596601113
00bbac68_5064,12230.535664548292
00bbac68_5065,12230.685184216662
00bbac68_5066,12230.698252163842
00bbac68_5067,12230.71132011102
00bbac68_5068,12230.870140011324
00bbac68_5069,12230.883207958503
00bbac68_5070,12230.896275905681
00bbac68_5071,12230.763591899735
00bbac68_5072,12230.776659846915
00bbac68_5073,12230.933843242092
00bbac68_5074,12230.810459468079
00bbac68_5075,12230.815863688451
00bbac68_5076,12230.975744074594
00bbac68_5077,12230.988812021775
00bbac68_5078,12230.855067529988
00bbac68_5079,12230.868135477167
00bbac68_5080,12229.991375696074
00bbac68_5081,12230.004443643253
00bbac68_5082,12230.017511590433
00bbac68_5083,12230.030579537612
00bbac68_5084,12230.04364748479
00bbac68_5085,12229.920263710777
00bbac68_5086,12229.912350822995
00bbac68_5087,12230.061870491365
00bbac68_5088,12230.074938438545
00bbac68_5089,12230.367249854962
00bbac68_5090,12230.566871757219
00bbac68_5091,12230.443487983206
00bbac68_5092,12230.456555930385
00bbac68_5093,12230.395298316042
00bbac68_5094,12230.619143545935
00bbac68_5095,12230.632211493114
00bbac68_5096,12230.645279440292
00bbac68_5097,12230.769770879902
00bbac68_5098,12230.646387105891
00bbac68_5099,12230.795906774261
00bbac68_5100,12230.80897472144
00bbac68_5101,12230.822042668618
00bbac68_5102,12230.835110615797
00bbac68_5103,12230.848178562977
00bbac68_5104,12230.724794788965
00bbac68_5105,12230.583672672667
00bbac68_5106,12230.596740619845
00bbac68_5107,12230.609808567024
00bbac68_5108,12230.798798908001
00bbac68_5109,12230.849319552935
00bbac68_5110,12230.907919726676
00bbac68_5111,12230.653661318875
00bbac68_5112,12230.666729266053
00bbac68_5113,12230.470023195898
00bbac68_5114,12230.62043550343
00bbac68_5115,12230.633503450608
00bbac68_5116,12230.372775316244
00bbac68_5117,12230.659639344965
00bbac68_5118,12230.672707292144
00bbac68_5119,12230.411979157781
00bbac68_5120,12230.698843186503
00bbac68_5121,12230.724583557998
00bbac68_5122,12230.72497908086
00bbac68_5123,12230.576933289025
00bbac68_5124,12230.687092911008
00bbac68_5125,12230.562816497837
00bbac68_5126,12230.790815933053
00bbac68_5127,12230.652974456403
00bbac68_5128,12230.666042403582
00bbac68_5129,12230.96647149578
00bbac68_5130,12230.55572657675
00bbac68_5131,12230.855263029787
00bbac68_5132,12230.85565855265
00bbac68_5133,12230.731382139476
00bbac68_5134,12230.427864545883
00bbac68_5135,12230.214244108054
00bbac68_5136,12230.591344800594
00bbac68_5137,12230.316639615448
00bbac68_5138,12230.179690777959
00bbac68_5139,12230.342775509806
00bbac68_5140,12230.205826672316
00bbac68_5141,12230.368911404164
00bbac68_5142,12230.381979351343
00bbac68_5143,12230.245030513854
00bbac68_5144,12230.4081152457
00bbac68_5145,12230.2346292378
00bbac68_5146,12229.968453715743
00bbac68_5147,12229.831504878253
00bbac68_5148,12229.9945896101
00bbac68_5149,12230.007657557278
00bbac68_5150,12230.028389231264
00bbac68_5151,12230.177908899635
00bbac68_5152,12230.190976846814
00bbac68_5153,12230.204044793993
00bbac68_5154,12230.217112741171
00bbac68_5155,12230.093728967158
00bbac68_5156,12230.244885140657
00bbac68_5157,12230.257953087836
00bbac68_5158,12230.264974739848
00bbac68_5159,12230.004959953872
00bbac68_5160,12230.25820887029
00bbac68_5161,12230.271276817468
00bbac68_5162,12230.364209266601
00bbac68_5163,12230.588058311192
00bbac68_5164,12230.912954871652
00bbac68_5165,12230.215119651106
00bbac68_5166,12230.228187598284
00bbac68_5167,12230.241255545465
00bbac68_5168,12230.566152105925
00bbac68_5169,12230.267391439822
00bbac68_5170,12230.280459387
00bbac68_5171,12230.392232625927
00bbac68_5172,12230.170143560168
00bbac68_5173,12230.319663228538
00bbac68_5174,12230.580533910092
00bbac68_5175,12230.41822496518
00bbac68_5176,12230.670695683355
00bbac68_5177,12230.37357152238
00bbac68_5178,12230.76925742
00bbac68_5179,12231.049651722158
00bbac68_5180,12230.347112979884
00bbac68_5181,12230.73603541925
00bbac68_5182,12230.237281619602
00bbac68_5183,12230.391539141978
00bbac68_5184,12230.575246127242
00bbac68_5185,12230.360862749958
00bbac68_5186,12230.605894808465
00bbac68_5187,12230.926602831327
00bbac68_5188,12231.069687105412
00bbac68_5189,12231.08275505259
00bbac68_5190,12230.939233491712
00bbac68_5191,12231.264130052172
00bbac68_5192,12231.314700288169
00bbac68_5193,12231.172529130125
00bbac68_5194,12231.153477326327
00bbac68_5195,12231.302996994697
00bbac68_5196,12231.023023712627
00bbac68_5197,12231.342537735245
00bbac68_5198,12231.219153961232
00bbac68_5199,12231.368673629604
00bbac68_5200,12231.381741576783
00bbac68_5201,12231.394809523961
00bbac68_5202,12231.40787747114
00bbac68_5203,12231.420945418318
00bbac68_5204,12231.434013365499
00bbac68_5205,12231.140635237238
00bbac68_5206,12231.614102812102
00bbac68_5207,12231.201736646732
00bbac68_5208,12231.21480459391
00bbac68_5209,12231.22787254109
00bbac68_5210,12231.531586087634
00bbac68_5211,12231.544654034813
00bbac68_5212,12231.557721981992
00bbac68_5213,12231.54470121457
00bbac68_5214,12231.600852352667
00bbac68_5215,12231.936678020795
00bbac68_5216,12231.712372615923
00bbac68_5217,12231.695487560171
00bbac68_5218,12231.631883907008
00bbac68_5219,12231.585171733337
00bbac68_5220,12231.662265559424
00bbac68_5221,12231.675333506602
00bbac68_5222,12231.68840145378
00bbac68_5223,12231.703105906086
00bbac68_5224,12231.746126856195
00bbac68_5225,12231.347409677643
00bbac68_5226,12231.22402590363
00bbac68_5227,12231.373545572
00bbac68_5228,12231.386613519178
00bbac68_5229,12231.32912864043
00bbac68_5230,12231.822951439903
00bbac68_5231,12230.996091713743
00bbac68_5232,12230.979206657992
00bbac68_5233,12230.854186378852
00bbac68_5234,12230.792932579205
00bbac68_5235,12230.736206825211
00bbac68_5236,12230.779227775321
00bbac68_5237,12230.898794440762
00bbac68_5238,12230.91186238794
00bbac68_5239,12231.794811011388
00bbac68_5240,12230.801546561106
00bbac68_5241,12230.981019232408
00bbac68_5242,12230.964134176656
00bbac68_5243,12230.766428655817
00bbac68_5244,12231.024457387908
00bbac68_5245,12231.362636724247
00bbac68_5246,12232.215632344767
00bbac68_5247,12231.495271336868
00bbac68_5248,12231.508339284046
00bbac68_5249,12231.551360234154
00bbac68_5250,12231.398023457212
00bbac68_5251,12232.399021702242
00bbac68_5252,12231.542208973153
00bbac68_5253,12231.583849002851
00bbac68_5254,12231.5669639471
00bbac68_5255,12232.313460849356
00bbac68_5256,12231.409929522853
00bbac68_5257,12231.469716067446
00bbac68_5258,12231.619235735816
00bbac68_5259,12232.395685641002
00bbac68_5260,12231.508919908982
00bbac68_5261,12231.52198785616
00bbac68_5262,12231.701460527462
00bbac68_5263,12232.477784547638
00bbac68_5264,12231.561191697698
00bbac68_5265,12231.740664368997
00bbac68_5266,12232.457208268324
00bbac68_5267,12231.600395539233
00bbac68_5268,12231.492423142176
00bbac68_5269,12232.496412109862
00bbac68_5270,12231.485413131992
00bbac68_5271,12231.600859924385
00bbac68_5272,12232.875375778058
00bbac68_5273,12232.15501477016
00bbac68_5274,12232.024081710259
00bbac68_5275,12232.877077330777
00bbac68_5276,12232.050217604616
00bbac68_5277,12232.033332548865
00bbac68_5278,12232.916281172314
00bbac68_5279,12232.225873167345
00bbac68_5280,12232.942417066672
00bbac68_5281,12232.11555734051
00bbac68_5282,12232.09867228476
00bbac68_5283,12232.937244534918
00bbac68_5284,12232.124808179118
00bbac68_5285,12231.730481717117
00bbac68_5286,12231.054622967518
00bbac68_5287,12231.907618588037
00bbac68_5288,12231.080758861875
00bbac68_5289,12231.200325527318
00bbac68_5290,12232.113227153695
00bbac68_5291,12231.127511989302
00bbac68_5292,12231.70065378902
00bbac68_5293,12230.813888056999
00bbac68_5294,12231.724893778837
00bbac68_5295,12230.912457423037
00bbac68_5296,12230.989543619728
00bbac68_5297,12230.831491876965
00bbac68_5298,12229.904473459397
00bbac68_5299,12230.953826806968
00bbac68_5300,12230.067061074948
00bbac68_5301,12230.843510980134
00bbac68_5302,12229.956745248113
00bbac68_5303,12231.006098595682
00bbac68_5304,12230.119332863662
00bbac68_5305,12230.162353813772
00bbac68_5306,12231.01534943429
00bbac68_5307,12230.1585367052
00bbac68_5308,12230.934986610386
00bbac68_5309,12230.184672599557
00bbac68_5310,12231.097574225936
00bbac68_5311,12230.210808493915
00bbac68_5312,12231.123710120293
00bbac68_5313,12230.236944388273
00bbac68_5314,12231.14984601465
00bbac68_5315,12230.12662856144
00bbac68_5316,12230.169649511548
00bbac68_5317,12231.022645132067
00bbac68_5318,12230.195785405906
00bbac68_5319,12230.974451650203
00bbac68_5320,12230.221921300265
00bbac68_5321,12230.998245320441
00bbac68_5322,12230.384508915813
00bbac68_5323,12231.237504536331
00bbac68_5324,12230.41064481017
00bbac68_5325,12231.127188709497
00bbac68_5326,12230.300328983338
00bbac68_5327,12231.289776325048
00bbac68_5328,12230.462916598886
00bbac68_5329,12231.315912219405
00bbac68_5330,12230.338356692462
00bbac68_5331,12231.191352312982
00bbac68_5332,12230.334539583891
00bbac68_5333,12231.110989489078
00bbac68_5334,12230.360675478249
00bbac68_5335,12230.403696428357
00bbac68_5336,12231.180020448535
00bbac68_5337,12230.429832322716
00bbac68_5338,12231.282827943234
00bbac68_5339,12230.455968217073
00bbac68_5340,12231.338916840521
00bbac68_5341,12230.315699387309
00bbac68_5342,12231.36505273488
00bbac68_5343,12230.47828700286
00bbac68_5344,12231.254736908046
00bbac68_5345,12230.504422897217
00bbac68_5346,12230.33079193082
00bbac68_5347,12229.444026198802
00bbac68_5348,12230.220476103988
00bbac68_5349,12229.47016209316
00bbac68_5350,12230.246611998346
00bbac68_5351,12229.359846266325
00bbac68_5352,12230.272747892705
00bbac68_5353,12229.272071485635
00bbac68_5354,12230.395754209425
00bbac68_5355,12229.508988477404
00bbac68_5356,12230.421890103782
00bbac68_5357,12229.535124371761
00bbac68_5358,12230.3713543978
00bbac68_5359,12229.424808544929
00bbac68_5360,12230.337710171307
00bbac68_5361,12229.450944439286
00bbac68_5362,12230.363846065664
00bbac68_5363,12230.346961009915
00bbac68_5364,12229.520101283753
00bbac68_5365,12230.32637830686
00bbac68_5366,12229.51628417518
00bbac68_5367,12230.56563752275
00bbac68_5368,12229.678871790731
00bbac68_5369,12230.591773417109
00bbac68_5370,12229.705007685088
00bbac68_5371,12230.617909311466
00bbac68_5372,12229.731143579445
00bbac68_5373,12230.507593484634
00bbac68_5374,12229.620827752613
00bbac68_5375,12230.670181100182
00bbac68_5376,12228.45589309033
00bbac68_5377,12228.985234536043
00bbac68_5378,12228.128421806952
00bbac68_5379,12228.844965706281
00bbac68_5380,12228.154557701311
00bbac68_5381,12229.00755332183
00bbac68_5382,12228.014288871547
00bbac68_5383,12228.927190497925
00bbac68_5384,12228.176876487098
00bbac68_5385,12228.143225836864
00bbac68_5386,12229.072893057724
00bbac68_5387,12228.216080328633
00bbac68_5388,12228.12264955755
00bbac68_5389,12228.901323431244
00bbac68_5390,12228.042160848638
00bbac68_5391,12228.161853399088
00bbac68_5392,12228.144968343337
00bbac68_5393,12228.158036290515
00bbac68_5394,12228.307555958885
00bbac68_5395,12229.190504582335
00bbac68_5396,12228.333691853244
00bbac68_5397,12228.240261082161
00bbac68_5398,12228.26153062846
00bbac68_5399,12228.37289569478
00bbac68_5400,12228.38596364196
00bbac68_5401,12228.399031589139
00bbac68_5402,12228.177350695985
00bbac68_5403,12228.425167483496
00bbac68_5404,12228.339938311534
00bbac68_5405,12228.003023043382
00bbac68_5406,12228.269875170248
00bbac68_5407,12228.34098755102
00bbac68_5408,12228.255758379059
00bbac68_5409,12228.290451845036
00bbac68_5410,12227.970065660136
00bbac68_5411,12228.094499879287
00bbac68_5412,12228.246117631154
00bbac68_5413,12228.046306397424
00bbac68_5414,12227.821875107542
00bbac68_5415,12228.146771668002
00bbac68_5416,12227.8480110019
00bbac68_5417,12228.271204681501
00bbac68_5418,12228.18597550954
00bbac68_5419,12227.887214843437
00bbac68_5420,12228.284537246182
00bbac68_5421,12227.98577658008
00bbac68_5422,12228.31067314054
00bbac68_5423,12228.152430662914
00bbac68_5424,12228.529813643052
00bbac68_5425,12228.273254972799
00bbac68_5426,12228.28632291998
00bbac68_5427,12228.61121948044
00bbac68_5428,12228.452977002813
00bbac68_5429,12228.245822476847
00bbac68_5430,12228.570719037307
00bbac68_5431,12228.41247655968
00bbac68_5432,12228.35934806521
00bbac68_5433,12228.335997097594
00bbac68_5434,12228.974282482517
00bbac68_5435,12228.398551906746
00bbac68_5436,12228.477816295575
00bbac68_5437,12228.35036605428
00bbac68_5438,12228.503952189934
00bbac68_5439,12228.59134188394
00bbac68_5440,12228.463891642641
00bbac68_5441,12228.753929499488
00bbac68_5442,12228.756884684217
00bbac68_5443,12228.534746027392
00bbac68_5444,12228.40893229122
00bbac68_5445,12228.350108453731
00bbac68_5446,12228.553831155548
00bbac68_5447,12228.611450952092
00bbac68_5448,12228.867412118267
00bbac68_5449,12228.750498070816
00bbac68_5450,12228.417344094167
00bbac68_5451,12228.206065880457
00bbac68_5452,12228.443479988524
00bbac68_5453,12228.592999656896
00bbac68_5454,12228.441539711008
00bbac68_5455,12228.379320792952
00bbac68_5456,12228.605019965717
00bbac68_5457,12228.480743552544
00bbac68_5458,12228.207342993865
00bbac68_5459,12228.718061087528
00bbac68_5460,12228.58062015409
00bbac68_5461,12228.30632695625
00bbac68_5462,12228.894609289415
00bbac68_5463,12228.27268272976
00bbac68_5464,12228.783400823422
00bbac68_5465,12228.436162984468
00bbac68_5466,12228.673084996588
00bbac68_5467,12228.675117024577
00bbac68_5468,12228.770242924636
00bbac68_5469,12228.905148487784
00bbac68_5470,12228.76906940127
00bbac68_5471,12228.579073383606
00bbac68_5472,12228.5766345864
00bbac68_5473,12228.784599231576
00bbac68_5474,12228.935011539108
00bbac68_5475,12228.59955348531
00bbac68_5476,12228.545910006707
00bbac68_5477,12229.112799517607
00bbac68_5478,12229.125867464785
00bbac68_5479,12228.510383928811
00bbac68_5480,12228.732997011488
00bbac68_5481,12228.746064958666
00bbac68_5482,12228.759132905845
00bbac68_5483,12228.635749131832
00bbac68_5484,12228.437635438386
00bbac68_5485,12228.443440201972
00bbac68_5486,12228.200938691143
00bbac68_5487,12228.36402342299
00bbac68_5488,12228.015892944875
00bbac68_5489,12228.312701889368
00bbac68_5490,12228.62092822278
00bbac68_5491,12228.784012954626
00bbac68_5492,12228.570392516795
00bbac68_5493,12228.372278823348
00bbac68_5494,12228.747529387714
00bbac68_5495,12228.914943800959
00bbac68_5496,12229.007819029632
00bbac68_5497,12228.910279829593
00bbac68_5498,12228.816547697426
00bbac68_5499,12229.197039655835
00bbac68_5500,12229.060090818348
00bbac68_5501,12229.08865406582
00bbac68_5502,12229.101722012998
00bbac68_5503,12229.121721265108
00bbac68_5504,12229.12550805384
00bbac68_5505,12229.138576001018
00bbac68_5506,12229.22831554854
00bbac68_5507,12229.281636181266
00bbac68_5508,12229.323512722194
00bbac68_5509,12229.267519390076
00bbac68_5510,12228.160115382909
00bbac68_5511,12228.24751270631
00bbac68_5512,12228.260580653488
00bbac68_5513,12228.423665385335
00bbac68_5514,12228.069309321283
00bbac68_5515,12228.223112894682
00bbac68_5516,12228.312852442205
00bbac68_5517,12228.462372110575
00bbac68_5518,12228.48900512123
00bbac68_5519,12228.52601029375
00bbac68_5520,12228.054344659386
00bbac68_5521,12228.20616077551
00bbac68_5522,12228.082777001498
00bbac68_5523,12228.218437874702
00bbac68_5524,12228.381522606549
00bbac68_5525,12228.24457376906
00bbac68_5526,12228.193272514578
00bbac68_5527,12228.414825111417
00bbac68_5528,12228.427893058595
00bbac68_5529,12228.440961005774
00bbac68_5530,12228.086311210032
00bbac68_5531,12228.249395941879
00bbac68_5532,12228.112447104391
00bbac68_5533,12227.914333410945
00bbac68_5534,12228.394152456756
00bbac68_5535,12227.521314184452
00bbac68_5536,12227.686329153115
00bbac68_5537,12227.699397100296
00bbac68_5538,12228.129834890004
00bbac68_5539,12227.907448277856
00bbac68_5540,12227.70933458441
00bbac68_5541,12227.933584172213
00bbac68_5542,12227.946652119392
00bbac68_5543,12227.348651340986
00bbac68_5544,12227.361719288165
00bbac68_5545,12227.374787235343
00bbac68_5546,12227.387855182522
00bbac68_5547,12227.4009231297
00bbac68_5548,12227.202809436256
00bbac68_5549,12227.42705902406
00bbac68_5550,12227.440126971238
00bbac68_5551,12227.45155841329
00bbac68_5552,12227.047256517939
00bbac68_5553,12226.908377443635
00bbac68_5554,12226.777329942815
00bbac68_5555,12226.790397889994
00bbac68_5556,12226.803465837173
00bbac68_5557,12226.741803864918
00bbac68_5558,12226.966053452721
00bbac68_5559,12226.723551941894
00bbac68_5560,12226.736619889072
00bbac68_5561,12226.74968783625
00bbac68_5562,12226.626304062238
00bbac68_5563,12226.639372009417
00bbac68_5564,12226.94583595269
00bbac68_5565,12226.95890389987
00bbac68_5566,12226.971971847048
00bbac68_5567,12226.587647521277
00bbac68_5568,12226.675037215282
00bbac68_5569,12226.400251921496
00bbac68_5570,12226.70117310964
00bbac68_5571,12226.71424105682
00bbac68_5572,12226.727309003998
00bbac68_5573,12226.876828672368
00bbac68_5574,12226.753444898355
00bbac68_5575,12226.766512845536
00bbac68_5576,12226.779580792714
00bbac68_5577,12226.83290142544
00bbac68_5578,12226.930274182188
00bbac68_5579,12226.715291897433
00bbac68_5580,12226.995686199594
00bbac68_5581,12227.008754146773
00bbac68_5582,12227.021822093951
00bbac68_5583,12226.76756368615
00bbac68_5584,12226.780631633328
00bbac68_5585,12226.715040522891
00bbac68_5586,12226.758511607277
00bbac68_5587,12226.741176417248
00bbac68_5588,12226.754244364427
00bbac68_5589,12226.767312311606
00bbac68_5590,12226.643928537595
00bbac68_5591,12226.53579592325
00bbac68_5592,12226.518460733221
00bbac68_5593,12226.5315286804
00bbac68_5594,12226.408144906387
00bbac68_5595,12226.451615990773
00bbac68_5596,12226.570732521937
00bbac68_5597,12226.583800469116
00bbac68_5598,12226.076917549595
00bbac68_5599,12225.923130638375
00bbac68_5600,12225.936198585554
00bbac68_5601,12225.979669669941
00bbac68_5602,12226.098786201104
00bbac68_5603,12226.111854148283
00bbac68_5604,12226.018873511477
00bbac68_5605,12226.001538321449
00bbac68_5606,12226.045009405836
00bbac68_5607,12226.027674215808
00bbac68_5608,12225.966412786765
00bbac68_5609,12226.009883871151
00bbac68_5610,12226.203329778535
00bbac68_5611,12226.24680086292
00bbac68_5612,12226.07751865141
00bbac68_5613,12226.046660359574
00bbac68_5614,12226.103654545766
00bbac68_5615,12226.283577351343
00bbac68_5616,12225.644354954284
00bbac68_5617,12225.530820728613
00bbac68_5618,12225.534039127451
00bbac68_5619,12225.532199237716
00bbac68_5620,12225.575670322101
00bbac68_5621,12225.514416522454
00bbac68_5622,12225.65006213687
00bbac68_5623,12225.886530200016
00bbac68_5624,12225.831692721169
00bbac68_5625,12225.875163805555
00bbac68_5626,12225.888231752733
00bbac68_5627,12225.901299699914
00bbac68_5628,12225.883964509885
00bbac68_5629,12225.92743559427
00bbac68_5630,12225.94050354145
00bbac68_5631,12225.862137009868
00bbac68_5632,12225.831286347428
00bbac68_5633,12225.67232289202
00bbac68_5634,12225.76206243954
00bbac68_5635,12225.775130386719
00bbac68_5636,12225.75779519669
00bbac68_5637,12225.804459182687
00bbac68_5638,12225.878749206284
00bbac68_5639,12225.81195265151
00bbac68_5640,12225.84051589898
00bbac68_5641,12225.899512801238
00bbac68_5642,12225.052412291385
00bbac68_5643,12225.109406477579
00bbac68_5644,12225.152877561964
00bbac68_5645,12225.165945509143
00bbac68_5646,12225.104684080101
00bbac68_5647,12225.1920814035
00bbac68_5648,12225.205149350679
00bbac68_5649,12225.143887921638
00bbac68_5650,12225.156955868817
00bbac68_5651,12225.244353192216
00bbac68_5652,12224.80371630541
00bbac68_5653,12224.742462505763
00bbac68_5654,12223.580515957094
00bbac68_5655,12223.519254528052
00bbac68_5656,12223.60665185145
00bbac68_5657,12223.635169322555
00bbac68_5658,12223.769193690632
00bbac68_5659,12223.569882182246
00bbac68_5660,12223.582950129425
00bbac68_5661,12223.596018076603
00bbac68_5662,12223.37926195762
00bbac68_5663,12223.315307352308
00bbac68_5664,12223.328375299488
00bbac68_5665,12223.485558694665
00bbac68_5666,12223.498626641844
00bbac68_5667,12223.143976846102
00bbac68_5668,12223.02059307209
00bbac68_5669,12223.17011274046
00bbac68_5670,12223.18318068764
00bbac68_5671,12223.451818092826
00bbac68_5672,12223.464886040005
00bbac68_5673,12223.220748024049
00bbac68_5674,12223.352933708044
00bbac68_5675,12223.502453376415
00bbac68_5676,12223.515521323594
00bbac68_5677,12223.528589270772
00bbac68_5678,12223.406842001887
00bbac68_5679,12223.55472516513
00bbac68_5680,12223.423677664312
00bbac68_5681,12223.43674561149
00bbac68_5682,12223.313361837478
00bbac68_5683,12223.249758184314
00bbac68_5684,12223.083928273827
00bbac68_5685,12223.096996221006
00bbac68_5686,12221.676607747288
00bbac68_5687,12221.872464543343
00bbac68_5688,12221.916275135785
00bbac68_5689,12221.929343082964
00bbac68_5690,12222.096597278922
00bbac68_5691,12222.034130405546
00bbac68_5692,12222.362269458681
00bbac68_5693,12222.336019321143
00bbac68_5694,12222.303158313243
00bbac68_5695,12222.316226260422
00bbac68_5696,12222.37522316268
00bbac68_5697,12222.388291109859
00bbac68_5698,12222.35543010196
00bbac68_5699,12222.353048525212
00bbac68_5700,12222.520310350565
00bbac68_5701,12222.37918441957
00bbac68_5702,12222.39225236675
00bbac68_5703,12222.405320313928
00bbac68_5704,12222.418388261107
00bbac68_5705,12222.446951508578
00bbac68_5706,12222.505948410835
00bbac68_5707,12222.55295190489
00bbac68_5708,12222.566019852069
00bbac68_5709,12222.576745575127
00bbac68_5710,12222.576660446133
00bbac68_5711,12222.589728393312
00bbac68_5712,12222.522931838539
00bbac68_5713,12222.690193663891
00bbac68_5714,12222.552260634508
00bbac68_5715,12222.642000182028
00bbac68_5716,12222.655068129206
00bbac68_5717,12222.742465452608
00bbac68_5718,12222.755533399786
00bbac68_5719,12222.768601346965
00bbac68_5720,12222.781669294143
00bbac68_5721,12222.794737241322
00bbac68_5722,12221.619057782495
00bbac68_5723,12221.632125729675
00bbac68_5724,12221.645193676854
00bbac68_5725,12221.68920644825
00bbac68_5726,12220.745914532148
00bbac68_5727,12220.833304226153
00bbac68_5728,12220.846372173333
00bbac68_5729,12220.98039654141
00bbac68_5730,12220.993464488589
00bbac68_5731,12220.870080714576
00bbac68_5732,12220.808826914928
00bbac68_5733,12220.837390162402
00bbac68_5734,12220.924779856407
00bbac68_5735,12220.863526056759
00bbac68_5736,12220.876594003937
00bbac68_5737,12220.889661951116
00bbac68_5738,12220.822865396342
00bbac68_5739,12220.990119592301
00bbac68_5740,12219.766725900075
00bbac68_5741,12219.779793847254
00bbac68_5742,12219.792861794433
00bbac68_5743,12219.805929741611
00bbac68_5744,12219.818997688792
00bbac68_5745,12219.736705833724
00bbac68_5746,12219.903960029682
00bbac68_5747,12219.68617012774
00bbac68_5748,12219.77590967526
00bbac68_5749,12219.78897762244
00bbac68_5750,12219.956231818398
00bbac68_5751,12219.89497801875
00bbac68_5752,12219.81273194005
00bbac68_5753,12219.825799887229
00bbac68_5754,12219.838867834409
00bbac68_5755,12219.897864736666
00bbac68_5756,12219.910932683844
00bbac68_5757,12220.032257924724
00bbac68_5758,12219.81488763948
00bbac68_5759,12219.82795558666
00bbac68_5760,12219.766701787014
00bbac68_5761,12219.745834187317
00bbac68_5762,12219.826197208959
00bbac68_5763,12219.839265156137
00bbac68_5764,12219.775661502974
00bbac68_5765,12219.865401050496
00bbac68_5766,12219.298699863153
00bbac68_5767,12219.311767810332
00bbac68_5768,12219.290900210635
00bbac68_5769,12219.303968157814
00bbac68_5770,12219.317036104994
00bbac68_5771,12219.364039599048
00bbac68_5772,12219.451436922447
00bbac68_5773,12217.413345964596
00bbac68_5774,12217.352084535554
00bbac68_5775,12217.457319383368
00bbac68_5776,12217.544716706769
00bbac68_5777,12217.483455277727
00bbac68_5778,12217.496523224905
00bbac68_5779,12217.583920548304
00bbac68_5780,12217.717944916381
00bbac68_5781,12217.731012863562
00bbac68_5782,12217.74408081074
00bbac68_5783,12217.758785263046
00bbac68_5784,12217.771853210224
00bbac68_5785,12217.790303695245
00bbac68_5786,12217.666919921234
00bbac68_5787,12217.5812329856
00bbac68_5788,12217.515641875161
00bbac68_5789,12217.672825270338
00bbac68_5790,12217.685893217516
00bbac68_5791,12217.562509443505
00bbac68_5792,12217.712029111875
00bbac68_5793,12217.293486951632
00bbac68_5794,12217.233995542121
00bbac68_5795,12217.48249897514
00bbac68_5796,12217.493930417191
00bbac68_5797,12217.506998364372
00bbac68_5798,12217.775635769558
00bbac68_5799,12217.667747295838
00bbac68_5800,12217.818903469335
00bbac68_5801,12217.831971416514
00bbac68_5802,12217.708587642503
00bbac68_5803,12217.721655589681
00bbac68_5804,12216.72177645434
00bbac68_5805,12216.598392680327
00bbac68_5806,12216.747912348697
00bbac68_5807,12216.624528574686
00bbac68_5808,12216.637596521865
00bbac68_5809,12216.649027963917
00bbac68_5810,12216.246915704796
00bbac68_5811,12216.259983651975
00bbac68_5812,12216.36794982303
00bbac68_5813,12216.5612774748
00bbac68_5814,12216.493592095563
00bbac68_5815,12216.580989418962
00bbac68_5816,12216.443056389578
00bbac68_5817,12216.532795937099
00bbac68_5818,12216.54586388428
00bbac68_5819,12216.633261207679
00bbac68_5820,12216.571999778636
00bbac68_5821,12216.85438153807
00bbac68_5822,12216.906618796773
00bbac68_5823,12216.196683356502
00bbac68_5824,12216.133079703339
00bbac68_5825,12216.22281925086
00bbac68_5826,12216.235887198038
00bbac68_5827,12216.338772192335
00bbac68_5828,12216.351840139514
00bbac68_5829,12216.364908086694
00bbac68_5830,12216.377976033873
00bbac68_5831,12216.391043981052
00bbac68_5832,12216.40411192823
00bbac68_5833,12216.342858128583
00bbac68_5834,12216.27606157381
00bbac68_5835,12216.289129520988
00bbac68_5836,12216.38206197012
00bbac68_5837,12216.605903385316
00bbac68_5838,12216.603476032202
00bbac68_5839,12215.480241031384
00bbac68_5840,12215.493308978563
00bbac68_5841,12215.506376925741
00bbac68_5842,12215.51944487292
00bbac68_5843,12215.532512820098
00bbac68_5844,12215.468874834662
00bbac68_5845,12214.905976900493
00bbac68_5846,12214.919044847671
00bbac68_5847,12214.855445009205
00bbac68_5848,12215.035016862634
00bbac68_5849,12215.048084809812
00bbac68_5850,12214.312991441075
00bbac68_5851,12214.326059388253
00bbac68_5852,12214.264801773908
00bbac68_5853,12214.35219528261
00bbac68_5854,12214.365263229789
00bbac68_5855,12214.304005615446
00bbac68_5856,12214.391399124148
00bbac68_5857,12214.37406393412
00bbac68_5858,12214.457780074657
00bbac68_5859,12214.430602965684
00bbac68_5860,12214.443670912864
00bbac68_5861,12214.38241329852
00bbac68_5862,12214.395481245698
00bbac68_5863,12214.452471617193
00bbac68_5864,12214.421617140055
00bbac68_5865,12214.434685087233
00bbac68_5866,12214.447753034414
00bbac68_5867,12214.430417844385
00bbac68_5868,12214.684658582091
00bbac68_5869,12214.69772652927
00bbac68_5870,12214.4672794618
00bbac68_5871,12214.587418331832
00bbac68_5872,12213.125266552448
00bbac68_5873,12213.10793136242
00bbac68_5874,12213.287846538602
00bbac68_5875,12213.30091448578
00bbac68_5876,12213.072817271828
00bbac68_5877,12213.116288356214
00bbac68_5878,12213.173271098314
00bbac68_5879,12213.2167421827
00bbac68_5880,12213.091153513667
00bbac68_5881,12213.16856014493
00bbac68_5882,12212.325625284491
00bbac68_5883,12212.413003534404
00bbac68_5884,12212.351761178848
00bbac68_5885,12212.34932619634
00bbac68_5886,12212.436704446252
00bbac68_5887,12212.295597588745
00bbac68_5888,12212.354594491002
00bbac68_5889,12212.47590828779
00bbac68_5890,12212.414665932234
00bbac68_5891,12212.427733879413
00bbac68_5892,12212.406866279718
00bbac68_5893,12212.374005271819
00bbac68_5894,12212.46693772095
00bbac68_5895,12212.56981890055
00bbac68_5896,12211.627816352124
00bbac68_5897,12211.67481984618
00bbac68_5898,12211.22170126992
00bbac68_5899,12211.234769217099
00bbac68_5900,12211.247837164277
00bbac68_5901,12211.316599691534
00bbac68_5902,12211.28942258256
00bbac68_5903,12211.286987600053
00bbac68_5904,12210.99629120397
00bbac68_5905,12211.009359151149
00bbac68_5906,12210.966030613952
00bbac68_5907,12210.961169483982
00bbac68_5908,12211.064065922374
00bbac68_5909,12211.077133869552
00bbac68_5910,12211.09020181673
00bbac68_5911,12211.10326976391
00bbac68_5912,12211.116337711088
00bbac68_5913,12211.129405658268
00bbac68_5914,12211.142473605447
00bbac68_5915,12211.291985644422
00bbac68_5916,12211.289550661913
00bbac68_5917,12211.219183550498
00bbac68_5918,12210.782758089474
00bbac68_5919,12210.795826036654
00bbac68_5920,12210.808893983833
00bbac68_5921,12210.722123674175
00bbac68_5922,12210.735191621354
00bbac68_5923,12210.748259568532
00bbac68_5924,12210.761327515713
00bbac68_5925,12210.876812455079
00bbac68_5926,12210.695292694738
00bbac68_5927,12210.751451462229
00bbac68_5928,12210.303627685775
00bbac68_5929,12210.316695632955
00bbac68_5930,12210.329763580134
00bbac68_5931,12210.223072921355
00bbac68_5932,12210.219455382694
00bbac68_5933,12210.367327101845
00bbac68_5934,12210.303727263381
00bbac68_5935,12210.273704390247
00bbac68_5936,12210.703314390648
00bbac68_5937,12210.244855238217
00bbac68_5938,12209.976093351412
00bbac68_5939,12210.108919904547
00bbac68_5940,12210.258431943525
00bbac68_5941,12210.151741284746
00bbac68_5942,12210.284567837882
00bbac68_5943,12210.161191693263
00bbac68_5944,12209.97783324884
00bbac68_5945,12210.336123669165
00bbac68_5946,12210.229433010387
00bbac68_5947,12210.362259563522
00bbac68_5948,12210.375327510701
00bbac68_5949,12210.40508094372
00bbac68_5950,12210.537907496857
00bbac68_5951,12210.550975444035
00bbac68_5952,12210.444284785257
00bbac68_5953,12210.577111338393
00bbac68_5954,12210.590179285571
00bbac68_5955,12210.270376749351
00bbac68_5956,12210.346806818114
00bbac68_5957,12210.492939035312
00bbac68_5958,12210.52269246833
00bbac68_5959,12210.655519021466
00bbac68_5960,12210.668586968644
00bbac68_5961,12210.42545221807
00bbac68_5962,12210.542775841519
00bbac68_5963,12210.692287880494
00bbac68_5964,12210.387988273962
00bbac68_5965,12210.597482612742
00bbac68_5966,12210.610550559923
00bbac68_5967,12210.431960487082
00bbac68_5968,12210.484922538264
00bbac68_5969,12210.002911444915
00bbac68_5970,12209.93931160645
00bbac68_5971,12209.909288733317
00bbac68_5972,12210.042115286453
00bbac68_5973,12210.189803900135
00bbac68_5974,12210.39353041665
00bbac68_5975,12210.765240941953
00bbac68_5976,12210.488491079073
00bbac68_5977,12210.561335332406
00bbac68_5978,12210.514626973432
00bbac68_5979,12210.538154820513
00bbac68_5980,12210.677206959586
00bbac68_5981,12210.695661259304
00bbac68_5982,12210.708729206484
00bbac68_5983,12210.25204770298
00bbac68_5984,12210.002687366466
00bbac68_5985,12210.14173950554
00bbac68_5986,12210.19505250887
00bbac68_5987,12210.390089145016
00bbac68_5988,12210.135830737214
00bbac68_5989,12209.950915896306
00bbac68_5990,12209.962801287333
00bbac68_5991,12209.975869234511
00bbac68_5992,12209.98893718169
00bbac68_5993,12210.00200512887
00bbac68_5994,12209.978650346557
00bbac68_5995,12210.028141023227
00bbac68_5996,12210.057894456246
00bbac68_5997,12210.190721009381
00bbac68_5998,12210.203788956562
00bbac68_5999,12210.21685690374
00bbac68_6000,12210.229924850919
00bbac68_6001,12210.166325012453
00bbac68_6002,12210.256060745276
00bbac68_6003,12210.269128692456
00bbac68_6004,12210.162438033678
00bbac68_6005,12210.295264586814
00bbac68_6006,12210.308332533992
00bbac68_6007,12210.32140048117
00bbac68_6008,12210.334468428351
00bbac68_6009,12210.34753637553
00bbac68_6010,12210.360604322708
00bbac68_6011,12210.238868497914
00bbac68_6012,12210.386740217065
00bbac68_6013,12210.399808164244
00bbac68_6014,12210.235897046483
00bbac68_6015,12209.511805264658
00bbac68_6016,12209.209931805586
00bbac68_6017,12209.359443844562
00bbac68_6018,12209.252753185783
00bbac68_6019,12209.38557973892
00bbac68_6020,12209.3986476861
00bbac68_6021,12209.424067623024
00bbac68_6022,12209.380739085827
00bbac68_6023,12209.450203517381
00bbac68_6024,12209.463271464561
00bbac68_6025,12209.612783503537
00bbac68_6026,12209.625851450715
00bbac68_6027,12208.733241602484
00bbac68_6028,12208.609865457865
00bbac68_6029,12208.551033990982
00bbac68_6030,12208.592063669119
00bbac68_6031,12208.605131616298
00bbac68_6032,12208.658444619628
00bbac68_6033,12208.631267510655
00bbac68_6034,12208.644335457833
00bbac68_6035,12208.657403405014
00bbac68_6036,12208.806915443989
00bbac68_6037,12208.819983391168
00bbac68_6038,12208.69660724655
00bbac68_6039,12208.846119285525
00bbac68_6040,12208.859187232705
00bbac68_6041,12208.79558739424
00bbac68_6042,12208.869820197375
00bbac68_6043,12208.89839107424
00bbac68_6044,12208.895956091732
00bbac68_6045,12208.910664358735
00bbac68_6046,12208.92209198609
00bbac68_6047,12208.798715841473
00bbac68_6048,12208.811783788651
00bbac68_6049,12208.82485173583
00bbac68_6050,12208.853422612696
00bbac68_6051,12209.002934651673
00bbac68_6052,12209.016002598852
00bbac68_6053,12209.02907054603
00bbac68_6054,12208.965470707564
00bbac68_6055,12208.906410358844
00bbac68_6056,12208.783034214228
00bbac68_6057,12208.767919178008
00bbac68_6058,12208.957966190128
00bbac68_6059,12209.030810443459
00bbac68_6060,12208.94356711134
00bbac68_6061,12209.1343999511
00bbac68_6062,12209.01102380648
00bbac68_6063,12209.008588823972
00bbac68_6064,12209.02165677115
00bbac68_6065,12208.978328233954
00bbac68_6066,12207.857446901347
00bbac68_6067,12207.91075990468
00bbac68_6068,12207.827186311331
00bbac68_6069,12207.896650742885
00bbac68_6070,12207.969494996216
00bbac68_6071,12207.922786637242
00bbac68_6072,12207.95135751411
00bbac68_6073,12207.964425461289
00bbac68_6074,12207.977493408467
00bbac68_6075,12207.990561355646
00bbac68_6076,12208.003629302824
00bbac68_6077,12208.016697250005
00bbac68_6078,12208.029765197183
00bbac68_6079,12208.064660842116
00bbac68_6080,12208.077728789294
00bbac68_6081,12208.414519575828
00bbac68_6082,12208.897344603085
00bbac68_6083,12208.722645521457
00bbac68_6084,12208.750468717659
00bbac68_6085,12208.763536664837
00bbac68_6086,12208.720208127641
00bbac68_6087,12208.72788972228
00bbac68_6088,12208.797354153836
00bbac68_6089,12208.739140667909
00bbac68_6090,12208.49556341245
00bbac68_6091,12208.50863135963
00bbac68_6092,12208.521699306808
00bbac68_6093,12208.267440899008
00bbac68_6094,12208.280508846186
00bbac68_6095,12208.157132701568
00bbac68_6096,12207.773578944645
00bbac68_6097,12207.786646891824
00bbac68_6098,12207.856111323379
00bbac68_6099,12207.869179270558
00bbac68_6100,12207.882247217736
00bbac68_6101,12207.953535074583
00bbac68_6102,12207.966603021761
00bbac68_6103,12207.843226877143
00bbac68_6104,12207.856294824323
00bbac68_6105,12207.869362771502
00bbac68_6106,12207.88243071868
00bbac68_6107,12208.031942757656
00bbac68_6108,12207.63419069751
00bbac68_6109,12207.64725864469
00bbac68_6110,12207.66032659187
00bbac68_6111,12207.417191841294
00bbac68_6112,12207.686462486226
00bbac68_6113,12207.563086341608
00bbac68_6114,12207.576154288789
00bbac68_6115,12207.589222235967
00bbac68_6116,12207.738734274943
00bbac68_6117,12207.675134436477
00bbac68_6118,12207.7648701693
00bbac68_6119,12207.777938116478
00bbac68_6120,12207.654561971862
00bbac68_6121,12207.66762991904
00bbac68_6122,12207.680697866219
00bbac68_6123,12207.693765813397
00bbac68_6124,12207.706833760576
00bbac68_6125,12207.856345799553
00bbac68_6126,12207.613211048978
00bbac68_6127,12207.746037602114
00bbac68_6128,12207.759105549292
00bbac68_6129,12207.77217349647
00bbac68_6130,12207.785241443651
00bbac68_6131,12207.79830939083
00bbac68_6132,12207.947821429805
00bbac68_6133,12207.960889376984
00bbac68_6134,12207.837513232365
00bbac68_6135,12207.850581179546
00bbac68_6136,12207.743890520767
00bbac68_6137,12207.876717073903
00bbac68_6138,12207.889785021081
00bbac68_6139,12207.90285296826
00bbac68_6140,12208.052365007235
00bbac68_6141,12207.945674348459
00bbac68_6142,12207.942056809798
00bbac68_6143,12207.955124756976
00bbac68_6144,12207.984878189995
00bbac68_6145,12208.015844696743
00bbac68_6146,12208.028912643924
00bbac68_6147,12207.922221985145
00bbac68_6148,12208.055048538281
00bbac68_6149,12207.931672393663
00bbac68_6150,12207.824981734884
00bbac68_6151,12208.094252379818
00bbac68_6152,12207.98756172104
00bbac68_6153,12208.120388274176
00bbac68_6154,12208.013697615397
00bbac68_6155,12208.010080076736
00bbac68_6156,12208.039833509754
00bbac68_6157,12207.345915983302
00bbac68_6158,12207.239225324523
00bbac68_6159,12207.223255796116
00bbac68_6160,12207.116565137338
00bbac68_6161,12206.99318899272
00bbac68_6162,12207.363236310017
00bbac68_6163,12207.155768978875
00bbac68_6164,12207.032392834257
00bbac68_6165,12207.479107937197
00bbac68_6166,12207.371356792579
00bbac68_6167,12207.246340328138
00bbac68_6168,12207.519952098559
00bbac68_6169,12207.408920314292
00bbac68_6170,12207.449255717525
00bbac68_6171,12207.756406306306
00bbac68_6172,12207.769474253484
00bbac68_6173,12207.902300806621
00bbac68_6174,12207.659166056046
00bbac68_6175,12207.672234003225
00bbac68_6176,12207.884841134974
00bbac68_6177,12207.897909082152
00bbac68_6178,12208.045780801305
00bbac68_6179,12208.058848748484
00bbac68_6180,12208.073557015487
00bbac68_6181,12207.950180870868
00bbac68_6182,12207.963248818047
00bbac68_6183,12207.976316765227
00bbac68_6184,12208.125828804203
00bbac68_6185,12207.826068687416
00bbac68_6186,12207.960077796704
00bbac68_6187,12207.973145743883
00bbac68_6188,12207.692131049462
00bbac68_6189,12207.70519899664
00bbac68_6190,12208.01234958542
00bbac68_6191,12207.600300039923
00bbac68_6192,12207.718775701946
00bbac68_6193,12207.747346578812
00bbac68_6194,12207.772766515738
00bbac68_6195,12207.922278554714
00bbac68_6196,12207.804311650818
00bbac68_6197,12207.94841444907
00bbac68_6198,12207.825038304452
00bbac68_6199,12207.838106251633
00bbac68_6200,12207.720139347737
00bbac68_6201,12207.86424214599
00bbac68_6202,12207.877310093168
00bbac68_6203,12207.89578728107
00bbac68_6204,12208.026027469461
00bbac68_6205,12207.908060565565
00bbac68_6206,12208.052163363818
00bbac68_6207,12207.397102343712
00bbac68_6208,12207.142691348019
00bbac68_6209,12207.286794146272
00bbac68_6210,12207.168827242378
00bbac68_6211,12207.31293004063
00bbac68_6212,12207.331407228532
00bbac68_6213,12207.34447517571
00bbac68_6214,12207.488577973963
00bbac68_6215,12207.386113999757
00bbac68_6216,12207.514713868322
00bbac68_6217,12207.26030287263
00bbac68_6218,12207.439516144515
00bbac68_6219,12207.405121628315
00bbac68_6220,12207.304297973933
00bbac68_6221,12207.315725601287
00bbac68_6222,12207.45982839954
00bbac68_6223,12207.341861495644
00bbac68_6224,12207.533426757276
00bbac68_6225,12207.516793471546
00bbac68_6226,12207.6608962698
00bbac68_6227,12207.542929365904
00bbac68_6228,12207.37901824814
00bbac68_6229,12207.59876649317
00bbac68_6230,12207.433337125896
00bbac68_6231,12207.446405073077
00bbac68_6232,12207.431290036857
00bbac68_6233,12207.444357984035
00bbac68_6234,12207.457425931214
00bbac68_6235,12207.511028851537
00bbac68_6236,12207.660540890514
00bbac68_6237,12207.496629772751
00bbac68_6238,12207.537880703328
00bbac68_6239,12207.593001873163
00bbac68_6240,12207.744154231963
00bbac68_6241,12207.358632091253
00bbac68_6242,12207.591792811869
00bbac68_6243,12207.603220439223
00bbac68_6244,12207.60182305437
00bbac68_6245,12207.804099985924
00bbac68_6246,12207.818808252927
00bbac68_6247,12207.503522318271
00bbac68_6248,12207.843303827462
00bbac68_6249,12207.530718698468
00bbac68_6250,12207.735696435686
00bbac68_6251,12207.556854592825
00bbac68_6252,12207.898276421842
00bbac68_6253,12207.744001229372
00bbac68_6254,12208.094074791785
00bbac68_6255,12208.345759682323
00bbac68_6256,12208.358827629501
00bbac68_6257,12208.56380536672
00bbac68_6258,12207.319198143
00bbac68_6259,12207.195821998383
00bbac68_6260,12207.345334037358
00bbac68_6261,12207.550311774576
00bbac68_6262,12207.371469931717
00bbac68_6263,12207.384537878896
00bbac68_6264,12207.397605826074
00bbac68_6265,12207.119291937315
00bbac68_6266,12207.132359884494
00bbac68_6267,12206.942356237434
00bbac68_6268,12206.955424184614
00bbac68_6269,12206.832048039996
00bbac68_6270,12206.845115987175
00bbac68_6271,12206.99462802615
00bbac68_6272,12207.007695973329
00bbac68_6273,12207.02076392051
00bbac68_6274,12207.033831867688
00bbac68_6275,12207.321596164964
00bbac68_6276,12207.061608081869
00bbac68_6277,12207.074676029048
00bbac68_6278,12207.087743976228
00bbac68_6279,12207.550251925848
00bbac68_6280,12207.31425065916
00bbac68_6281,12207.62220996376
00bbac68_6282,12207.224137469044
00bbac68_6283,12207.66773214962
00bbac68_6284,12207.955496446899
00bbac68_6285,12207.69386804398
00bbac68_6286,12207.981632341256
00bbac68_6287,12207.720003938337
00bbac68_6288,12208.007768235613
00bbac68_6289,12208.020836182794
00bbac68_6290,12207.622763688078
00bbac68_6291,12208.04697207715
00bbac68_6292,12208.058399704505
00bbac68_6293,12207.796771301586
00bbac68_6294,12208.084535598864
00bbac68_6295,12207.961159454246
00bbac68_6296,12208.110671493221
00bbac68_6297,12207.948995788056
00bbac68_6298,12207.962063735235
00bbac68_6299,12207.563991240519
00bbac68_6300,12207.851755537797
00bbac68_6301,12207.70718493517
00bbac68_6302,12207.694625746119
00bbac68_6303,12207.707693693297
00bbac68_6304,12207.720761640476
00bbac68_6305,12207.657161802012
00bbac68_6306,12207.748537854659
00bbac68_6307,12207.761605801838
00bbac68_6308,12207.94941740136
00bbac68_6309,12207.962485348538
00bbac68_6310,12207.973912975895
00bbac68_6311,12207.989681728737
00bbac68_6312,12207.898616069959
00bbac68_6313,12207.911684017137
00bbac68_6314,12207.924751964316
00bbac68_6315,12207.93946023132
00bbac68_6316,12207.952528178499
00bbac68_6317,12207.968296931342
00bbac68_6318,12207.829547556743
00bbac68_6319,12207.7045310923
00bbac68_6320,12208.031487589284
00bbac68_6321,12208.044555536464
00bbac68_6322,12208.057623483643
00bbac68_6323,12206.744496667638
00bbac68_6324,12206.757564614816
00bbac68_6325,12206.770632561995
00bbac68_6326,12207.076722664937
00bbac68_6327,12207.089790612115
00bbac68_6328,12207.102858559294
00bbac68_6329,12207.115926506473
00bbac68_6330,12207.128994453651
00bbac68_6331,12207.142062400831
00bbac68_6332,12207.15513034801
00bbac68_6333,12207.168198295189
00bbac68_6334,12207.181266242367
00bbac68_6335,12207.194334189546
00bbac68_6336,12207.070958044927
00bbac68_6337,12207.082385672284
00bbac68_6338,12207.231897711259
00bbac68_6339,12207.244965658438
00bbac68_6340,12207.083289953272
00bbac68_6341,12207.096357900451
00bbac68_6342,12207.109425847631
00bbac68_6343,12207.12249379481
00bbac68_6344,12207.135561741989
00bbac68_6345,12207.150270008991
00bbac68_6346,12207.16333795617
00bbac68_6347,12207.17640590335
00bbac68_6348,12207.053029758732
00bbac68_6349,12206.906818836282
00bbac68_6350,12206.89425964723
00bbac68_6351,12206.907327594408
00bbac68_6352,12206.920395541589
00bbac68_6353,12206.933463488767
00bbac68_6354,12206.946531435946
00bbac68_6355,12206.823155291328
00bbac68_6356,12206.972667330303
00bbac68_6357,12206.985735277482
00bbac68_6358,12207.000443544486
00bbac68_6359,12207.013511491665
00bbac68_6360,12207.226950227418
00bbac68_6361,12207.534100816198
00bbac68_6362,12207.547168763376
00bbac68_6363,12207.560236710557
00bbac68_6364,12207.573304657735
00bbac68_6365,12207.58473228509
00bbac68_6366,12207.303717590667
00bbac68_6367,12207.291158401615
00bbac68_6368,12207.304226348795
00bbac68_6369,12207.319995101638
00bbac68_6370,12207.155618590808
00bbac68_6371,12207.168686537987
00bbac68_6372,12207.854964629209
00bbac68_6373,12207.65305912668
00bbac68_6374,12207.294789183235
00bbac68_6375,12207.651485060102
00bbac68_6376,12207.800813993608
00bbac68_6377,12208.069100446646
00bbac68_6378,12208.082168393825
00bbac68_6379,12207.820539990907
00bbac68_6380,12208.108304288184
00bbac68_6381,12208.123012555187
00bbac68_6382,12208.136080502365
00bbac68_6383,12207.874452099446
00bbac68_6384,12208.162216396724
00bbac68_6385,12208.175284343903
00bbac68_6386,12208.226651851628
00bbac68_6387,12208.101467540506
00bbac68_6388,12208.389231837782
00bbac68_6389,12208.40229978496
00bbac68_6390,12208.13903106222
00bbac68_6391,12208.249816294554
00bbac68_6392,12208.016370875033
00bbac68_6393,12208.305775492134
00bbac68_6394,12208.182399347515
00bbac68_6395,12208.057215036395
00bbac68_6396,12208.664689111503
00bbac68_6397,12208.403060708584
00bbac68_6398,12208.259222527833
00bbac68_6399,12208.13403821671
00bbac68_6400,12208.540576928051
00bbac68_6401,12208.278948525132
00bbac68_6402,12208.272630180807
00bbac68_6403,12208.011001777888
00bbac68_6404,12208.298766075164
00bbac68_6405,12208.037137672247
00bbac68_6406,12208.299274833293
00bbac68_6407,12208.039286750198
00bbac68_6408,12208.077981833607
00bbac68_6409,12208.834572424828
00bbac68_6410,12208.57294402191
00bbac68_6411,12208.860708319187
00bbac68_6412,12206.73578340748
00bbac68_6413,12206.454768713056
00bbac68_6414,12206.740892690508
00bbac68_6415,12206.480904607413
00bbac68_6416,12206.357528462797
00bbac68_6417,12206.645292760073
00bbac68_6418,12206.181226002662
00bbac68_6419,12206.019550297497
00bbac68_6420,12206.307314594773
00bbac68_6421,12206.220857090293
00bbac68_6422,12206.251594715206
00bbac68_6423,12206.539359012482
00bbac68_6424,12206.575002338079
00bbac68_6425,12206.211788546976
00bbac68_6426,12206.499552844252
00bbac68_6427,12206.356698855398
00bbac68_6428,12206.369766802576
00bbac68_6429,12205.593589144286
00bbac68_6430,12205.468404833164
00bbac68_6431,12205.345028688545
00bbac68_6432,12205.76923707762
00bbac68_6433,12205.507608674701
00bbac68_6434,12205.676598557915
00bbac68_6435,12205.533744569058
00bbac68_6436,12205.546812516237
00bbac68_6437,12205.579358307656
00bbac68_6438,12205.317729904737
00bbac68_6439,12205.467241943712
00bbac68_6440,12205.87378065505
00bbac68_6441,12205.475708160335
00bbac68_6442,12205.64469804355
00bbac68_6443,12205.383069640631
00bbac68_6444,12205.514912001872
00bbac68_6445,12205.802676299149
00bbac68_6446,12205.677491988026
00bbac68_6447,12205.965256285303
00bbac68_6448,12205.703627882385
00bbac68_6449,12205.776418729954
00bbac68_6450,12205.418148786508
00bbac68_6451,12205.606387632124
00bbac68_6452,12206.030596021197
00bbac68_6453,12205.76896761828
00bbac68_6454,12205.745116925322
00bbac68_6455,12205.65865942084
00bbac68_6456,12206.082867809913
00bbac68_6457,12205.50962441676
00bbac68_6458,12205.834307354175
00bbac68_6459,12206.12207165145
00bbac68_6460,12205.860443248532
00bbac68_6461,12206.148207545808
00bbac68_6462,12205.886579142889
00bbac68_6463,12206.174343440165
00bbac68_6464,12205.912715037248
00bbac68_6465,12206.200479334524
00bbac68_6466,12205.938850931605
00bbac68_6467,12206.226615228881
00bbac68_6468,12205.964986825962
00bbac68_6469,12206.133976709178
00bbac68_6470,12205.991122720321
00bbac68_6471,12206.278887017597
00bbac68_6472,12206.017258614678
00bbac68_6473,12206.305022911954
00bbac68_6474,12205.788176003178
00bbac68_6475,12206.075940300454
00bbac68_6476,12206.069530403394
00bbac68_6477,12206.35729470067
00bbac68_6478,12206.095666297751
00bbac68_6479,12206.38343059503
00bbac68_6480,12206.12180219211
00bbac68_6481,12206.409566489387
00bbac68_6482,12206.147938086468
00bbac68_6483,12206.257090628373
00bbac68_6484,12205.995462225454
00bbac68_6485,12206.283226522732
00bbac68_6486,12205.766379613953
00bbac68_6487,12206.190588003026
00bbac68_6488,12206.203655950205
00bbac68_6489,12205.805583455489
00bbac68_6490,12206.348566258626
00bbac68_6491,12206.086937855707
00bbac68_6492,12206.374702152983
00bbac68_6493,12206.113073750064
00bbac68_6494,12206.40083804734
00bbac68_6495,12206.413905994521
00bbac68_6496,12206.152277591602
00bbac68_6497,12206.440041888878
00bbac68_6498,12205.9231949801
00bbac68_6499,12206.466177783235
00bbac68_6500,12206.085774966254
00bbac68_6501,12206.237095171735
00bbac68_6502,12206.38660721071
00bbac68_6503,12206.243753221854
00bbac68_6504,12206.53151751913
00bbac68_6505,12206.151114702148
00bbac68_6506,12206.557653413489
00bbac68_6507,12206.43427726887
00bbac68_6508,12206.309092957748
00bbac68_6509,12206.596857255025
00bbac68_6510,12206.609925202203
00bbac68_6511,12206.348296799286
00bbac68_6512,12206.636061096562
00bbac68_6513,12206.374432693643
00bbac68_6514,12206.713024017286
00bbac68_6515,12206.726091964465
00bbac68_6516,12206.413636535179
00bbac68_6517,12206.701400832457
00bbac68_6518,12206.714468779635
00bbac68_6519,12206.503667403083
00bbac68_6520,12206.819614683758
00bbac68_6521,12206.832682630937
00bbac68_6522,12206.57105422802
00bbac68_6523,12206.858818525296
00bbac68_6524,12206.871886472474
00bbac68_6525,12206.884954419653
00bbac68_6526,12206.624966336558
00bbac68_6527,12206.912730633836
00bbac68_6528,12206.925798581015
00bbac68_6529,12206.662529858271
00bbac68_6530,12206.81385006375
00bbac68_6531,12206.963362102726
00bbac68_6532,12206.976430049906
00bbac68_6533,12206.714801646987
00bbac68_6534,12207.180010402271
00bbac68_6535,12207.015633891442
00bbac68_6536,12206.754005488523
00bbac68_6537,12206.905325694002
00bbac68_6538,12207.05483773298
00bbac68_6539,12207.067905680158
00bbac68_6540,12207.080973627337
00bbac68_6541,12206.819345224418
00bbac68_6542,12207.107109521694
00bbac68_6543,12207.120177468874
00bbac68_6544,12207.133245416053
00bbac68_6545,12206.871617013134
00bbac68_6546,12207.15938131041
00bbac68_6547,12207.172449257589
00bbac68_6548,12207.362961662777
00bbac68_6549,12207.374969124116
00bbac68_6550,12207.114401207036
00bbac68_6551,12207.224721046305
00bbac68_6552,12207.11901457942
00bbac68_6553,12206.995638434802
00bbac68_6554,12207.263924887842
00bbac68_6555,12207.27699283502
00bbac68_6556,12206.89659001804
00bbac68_6557,12207.047910223519
00bbac68_6558,12207.032795187299
00bbac68_6559,12206.269259435749
00bbac68_6560,12206.027108877068
00bbac68_6561,12206.295395330106
00bbac68_6562,12206.308463277284
00bbac68_6563,12206.321531224463
00bbac68_6564,12206.477162037854
00bbac68_6565,12206.793109318529
00bbac68_6566,12206.806177265707
00bbac68_6567,12206.819245212886
00bbac68_6568,12207.007056812408
00bbac68_6569,12207.020124759589
00bbac68_6570,12207.033192706767
00bbac68_6571,12207.046260653946
00bbac68_6572,12207.0576882813
00bbac68_6573,12206.81553772262
00bbac68_6574,12206.653862017454
00bbac68_6575,12206.392233614537
00bbac68_6576,12206.858495226266
00bbac68_6577,12206.948284364851
00bbac68_6578,12206.96135231203
00bbac68_6579,12206.974420259208
00bbac68_6580,12206.987488206389
00bbac68_6581,12207.000556153567
00bbac68_6582,12207.013624100746
00bbac68_6583,12207.028332367749
00bbac68_6584,12207.041400314927
00bbac68_6585,12207.054468262108
00bbac68_6586,12207.065895889462
00bbac68_6587,12207.07896383664
00bbac68_6588,12206.83681327796
00bbac68_6589,12206.90731530717
00bbac68_6590,12207.03915766841
00bbac68_6591,12206.797007109732
00bbac68_6592,12207.06529356277
00bbac68_6593,12207.078361509948
00bbac68_6594,12206.95498536533
00bbac68_6595,12206.968053312508
00bbac68_6596,12207.168392377853
00bbac68_6597,12207.20964330843
00bbac68_6598,12207.224351575433
00bbac68_6599,12207.235779202787
00bbac68_6600,12207.112403058169
00bbac68_6601,12207.261915097146
00bbac68_6602,12207.453480358778
00bbac68_6603,12207.259868008105
00bbac68_6604,12207.222108928916
00bbac68_6605,12207.235176876095
00bbac68_6606,12207.12947040921
00bbac68_6607,12207.261312770454
00bbac68_6608,12207.274380717632
00bbac68_6609,12207.28744866481
00bbac68_6610,12207.04529810613
00bbac68_6611,12207.058366053308
00bbac68_6612,12207.207878092286
00bbac68_6613,12207.339720453527
00bbac68_6614,12207.352788400705
00bbac68_6615,12207.247081933821
00bbac68_6616,12207.163950845355
00bbac68_6617,12207.136773736383
00bbac68_6618,12207.149841683562
00bbac68_6619,12207.299353722537
00bbac68_6620,12207.312421669716
00bbac68_6621,12207.132649040723
00bbac68_6622,12207.582148872669
00bbac68_6623,12207.595216819847
00bbac68_6624,12207.608284767026
00bbac68_6625,12207.621352714204
00bbac68_6626,12207.51564624732
00bbac68_6627,12207.647488608562
00bbac68_6628,12207.660556555742
00bbac68_6629,12207.458651053214
00bbac68_6630,12207.43147394424
00bbac68_6631,12207.444541891418
00bbac68_6632,12206.53787869846
00bbac68_6633,12206.375775747203
00bbac68_6634,12206.445240178757
00bbac68_6635,12206.594752217732
00bbac68_6636,12206.471376073114
00bbac68_6637,12206.428047535917
00bbac68_6638,12206.441115483098
00bbac68_6639,12206.510579914651
00bbac68_6640,12206.77886636769
00bbac68_6641,12206.791934314868
00bbac68_6642,12206.549783756187
00bbac68_6643,12206.562851703366
00bbac68_6644,12206.575919650546
00bbac68_6645,12206.604589709541
00bbac68_6646,12206.674054141095
00bbac68_6647,12206.954448443254
00bbac68_6648,12207.380876986135
00bbac68_6649,12207.490586473843
00bbac68_6650,12207.599853456666
00bbac68_6651,12207.612921403845
00bbac68_6652,12207.275006685008
00bbac68_6653,12207.288074632186
00bbac68_6654,12206.89737213259
00bbac68_6655,12206.791665665705
00bbac68_6656,12206.804733612884
00bbac68_6657,12206.858046616215
00bbac68_6658,12206.830869507241
00bbac68_6659,12206.787540970046
00bbac68_6660,12206.975779815662
00bbac68_6661,12206.870073348779
00bbac68_6662,12207.150467650938
00bbac68_6663,12207.032653334933
00bbac68_6664,12207.12020706092
00bbac68_6665,12207.629734969038
00bbac68_6666,12207.63940783565
00bbac68_6667,12207.708872267203
00bbac68_6668,12207.252183134304
00bbac68_6669,12207.265251081482
00bbac68_6670,12207.221922544288
00bbac68_6671,12207.704747571544
00bbac68_6672,12207.774212003098
00bbac68_6673,12207.725497113363
00bbac68_6674,12207.794961544916
00bbac68_6675,12208.063247997956
00bbac68_6676,12207.957541531072
00bbac68_6677,12207.834165386454
00bbac68_6678,12207.847233333632
00bbac68_6679,12207.86030128081
00bbac68_6680,12207.87336922799
00bbac68_6681,12207.830040690795
00bbac68_6682,12207.843108637973
00bbac68_6683,12208.03134748359
00bbac68_6684,12207.965886072858
00bbac68_6685,12208.07515305568
00bbac68_6686,12208.070551325127
00bbac68_6687,12207.755692636563
00bbac68_6688,12207.501434228761
00bbac68_6689,12207.51450217594
00bbac68_6690,12207.455571526927
00bbac68_6691,12207.468639474107
00bbac68_6692,12207.34526332949
00bbac68_6693,12207.494775368465
00bbac68_6694,12207.507843315643
00bbac68_6695,12207.520911262822
00bbac68_6696,12207.533979210002
00bbac68_6697,12207.54704715718
00bbac68_6698,12207.345141654652
00bbac68_6699,12207.317964545678
00bbac68_6700,12207.331032492857
00bbac68_6701,12207.344100440036
00bbac68_6702,12207.475942801279
00bbac68_6703,12207.370236334395
00bbac68_6704,12207.565211935382
00bbac68_6705,12207.697054296623
00bbac68_6706,12207.710122243801
00bbac68_6707,12207.60441577692
00bbac68_6708,12207.617483724098
00bbac68_6709,12207.630551671276
00bbac68_6710,12207.507175526658
00bbac68_6711,12207.520243473837
00bbac68_6712,12207.788529926876
00bbac68_6713,12207.682823459993
00bbac68_6714,12207.559447315374
00bbac68_6715,12207.516118778178
00bbac68_6716,12207.529186725356
00bbac68_6717,12207.717425570972
00bbac68_6718,12207.86693760995
00bbac68_6719,12207.624787051269
00bbac68_6720,12207.893073504307
00bbac68_6721,12207.906141451485
00bbac68_6722,12207.663990892805
00bbac68_6723,12207.677058839985
00bbac68_6724,12207.690126787164
00bbac68_6725,12207.703194734342
00bbac68_6726,12207.71626268152
00bbac68_6727,12207.848105042762
00bbac68_6728,12207.686002091505
00bbac68_6729,12207.82746511925
00bbac68_6730,12207.840533066428
00bbac68_6731,12207.853601013607
00bbac68_6732,12207.985443374848
00bbac68_6733,12208.090666778571
00bbac68_6734,12208.573491805828
00bbac68_6735,12208.642956237381
00bbac68_6736,12208.226512160634
00bbac68_6737,12207.93200869668
00bbac68_6738,12207.945076643859
00bbac68_6739,12208.094588682836
00bbac68_6740,12207.971212538218
00bbac68_6741,12208.370381254439
00bbac68_6742,12208.678035383258
00bbac68_6743,12208.685716977898
00bbac68_6744,12208.698784925078
00bbac68_6745,12208.768249356632
00bbac68_6746,12208.724920819435
00bbac68_6747,12208.737988766614
00bbac68_6748,12208.751056713792
00bbac68_6749,12208.764124660973
00bbac68_6750,12208.643228069577
00bbac68_6751,12208.524917842928
00bbac68_6752,12208.759695995184
00bbac68_6753,12208.551053737285
00bbac68_6754,12208.48425718251
00bbac68_6755,12208.543254084769
00bbac68_6756,12208.590257578822
00bbac68_6757,12208.603325526
00bbac68_6758,12208.425940897496
00bbac68_6759,12208.439008844674
00bbac68_6760,12208.41814124498
00bbac68_6761,12208.877307519795
00bbac68_6762,12208.890375466974
00bbac68_6763,12208.49128063339
00bbac68_6764,12208.504348580569
00bbac68_6765,12208.51741652775
00bbac68_6766,12208.695798195631
00bbac68_6767,12208.70886614281
00bbac68_6768,12208.541537056297
00bbac68_6769,12208.554605003475
00bbac68_6770,12208.567672950654
00bbac68_6771,12208.827589957893
00bbac68_6772,12208.840657905072
00bbac68_6773,12208.85372585225
00bbac68_6774,12208.985568213491
00bbac68_6775,12208.99863616067
00bbac68_6776,12208.836533209413
00bbac68_6777,12208.849601156591
00bbac68_6778,12208.919065588145
00bbac68_6779,12208.932133535323
00bbac68_6780,12209.063975896564
00bbac68_6781,12208.901872945307
00bbac68_6782,12208.914940892486
00bbac68_6783,12208.98440532404
00bbac68_6784,12208.997473271218
00bbac68_6785,12209.110570210096
00bbac68_6786,12209.378856663136
00bbac68_6787,12209.391924610314
00bbac68_6788,12209.149774051633
00bbac68_6789,12209.42344685721
00bbac68_6790,12208.69943136933
00bbac68_6791,12208.521726306255
00bbac68_6792,12209.357464236346
00bbac68_6793,12209.506976275321
00bbac68_6794,12209.383600130703
00bbac68_6795,12209.396668077881
00bbac68_6796,12209.40973602506
00bbac68_6797,12209.42280397224
00bbac68_6798,12209.691090425278
00bbac68_6799,12209.585383958394
00bbac68_6800,12209.462007813776
00bbac68_6801,12209.730294266814
00bbac68_6802,12209.743362213994
00bbac68_6803,12209.501211655313
00bbac68_6804,12209.514279602492
00bbac68_6805,12209.52734754967
00bbac68_6806,12209.54041549685
00bbac68_6807,12209.553483444028
00bbac68_6808,12209.702995483005
00bbac68_6809,12209.579619338387
00bbac68_6810,12209.53629080119
00bbac68_6811,12209.549358748369
00bbac68_6812,12209.562426695547
00bbac68_6813,12209.631891127103
00bbac68_6814,12209.644959074281
00bbac68_6815,12209.65802702146
00bbac68_6816,12209.671094968638
00bbac68_6817,12209.684162915817
00bbac68_6818,12209.697230862997
00bbac68_6819,12209.918741498164
00bbac68_6820,12210.050583859405
00bbac68_6821,12210.001525646916
00bbac68_6822,12210.014593594095
00bbac68_6823,12209.980885723404
00bbac68_6824,12209.857509578786
00bbac68_6825,12210.053797435632
00bbac68_6826,12210.06686538281
00bbac68_6827,12210.07993332999
00bbac68_6828,12210.093001277168
00bbac68_6829,12210.106069224348
00bbac68_6830,12210.119137171527
00bbac68_6831,12210.132205118705
00bbac68_6832,12210.146913385708
00bbac68_6833,12210.158341013062
00bbac68_6834,12210.171408960243
00bbac68_6835,12210.184476907421
00bbac68_6836,12210.1975448546
00bbac68_6837,12210.210612801779
00bbac68_6838,12210.223680748957
00bbac68_6839,12210.287575722505
00bbac68_6840,12210.328826653082
00bbac68_6841,12210.011862251627
00bbac68_6842,12210.024930198806
00bbac68_6843,12210.215442603992
00bbac68_6844,12209.795847587304
00bbac68_6845,12209.927689948547
00bbac68_6846,12210.250305320042
00bbac68_6847,12210.126929175423
00bbac68_6848,12210.139997122602
00bbac68_6849,12209.803150519
00bbac68_6850,12209.81621846618
00bbac68_6851,12209.857499914335
00bbac68_6852,12210.074959341006
00bbac68_6853,12210.088027288184
00bbac68_6854,12209.789480245128
00bbac68_6855,12209.768612645434
00bbac68_6856,12209.781680592612
00bbac68_6857,12209.88508057104
00bbac68_6858,12210.016922932282
00bbac68_6859,12209.911216465398
00bbac68_6860,12210.060728504373
00bbac68_6861,12209.937352359757
00bbac68_6862,12209.950420306935
00bbac68_6863,12210.035486850305
00bbac68_6864,12210.315881152464
00bbac68_6865,12210.46539319144
00bbac68_6866,12210.342017046823
00bbac68_6867,12210.763059237166
00bbac68_6868,12210.83252366872
00bbac68_6869,12210.789195131523
00bbac68_6870,12210.858659563077
00bbac68_6871,12211.132332368656
00bbac68_6872,12211.070678025795
00bbac68_6873,12211.22019006477
00bbac68_6874,12211.22787165941
00bbac68_6875,12210.894122589987
00bbac68_6876,12210.43743345709
00bbac68_6877,12210.183175049287
00bbac68_6878,12210.315017410529
00bbac68_6879,12210.15291445927
00bbac68_6880,12210.165982406448
00bbac68_6881,12210.502773192982
00bbac68_6882,12210.515841140163
00bbac68_6883,12210.528909087341
00bbac68_6884,12210.12426005454
00bbac68_6885,12210.097082945565
00bbac68_6886,12210.110150892744
00bbac68_6887,12210.123218839924
00bbac68_6888,12210.513674787591
00bbac68_6889,12210.378190793852
00bbac68_6890,12210.272484326968
00bbac68_6891,12210.540770780006
00bbac68_6892,12210.553838727186
00bbac68_6893,12210.448132260302
00bbac68_6894,12210.507976025352
00bbac68_6895,12210.52104397253
00bbac68_6896,12210.53411191971
00bbac68_6897,12210.547179866888
00bbac68_6898,12210.560247814068
00bbac68_6899,12210.573315761247
00bbac68_6900,12210.586383708425
00bbac68_6901,12210.599451655604
00bbac68_6902,12210.612519602782
00bbac68_6903,12210.630996790685
00bbac68_6904,12210.644064737864
00bbac68_6905,12210.657132685043
00bbac68_6906,12210.670200632221
00bbac68_6907,12211.015543970025
00bbac68_6908,12210.773393411346
00bbac68_6909,12210.786461358524
00bbac68_6910,12210.799529305703
00bbac68_6911,12211.06781575874
00bbac68_6912,12211.08088370592
00bbac68_6913,12210.957507561303
00bbac68_6914,12211.107019600278
00bbac68_6915,12211.001313133394
00bbac68_6916,12210.821540504401
00bbac68_6917,12210.891004935955
00bbac68_6918,12210.973271491532
00bbac68_6919,12210.986339438712
00bbac68_6920,12210.99940738589
00bbac68_6921,12211.01247533307
00bbac68_6922,12211.025543280248
00bbac68_6923,12211.038611227426
00bbac68_6924,12210.979344885056
00bbac68_6925,12210.992412832235
00bbac68_6926,12211.14192487121
00bbac68_6927,12211.018548726592
00bbac68_6928,12211.03161667377
00bbac68_6929,12211.181128712748
00bbac68_6930,12211.312971073989
00bbac68_6931,12211.326039021167
00bbac68_6932,12211.339106968346
00bbac68_6933,12211.352174915524
00bbac68_6934,12211.365242862703
00bbac68_6935,12211.378310809883
00bbac68_6936,12211.391378757062
00bbac68_6937,12211.40444670424
00bbac68_6938,12211.417514651419
00bbac68_6939,12211.430582598598
00bbac68_6940,12211.443650545778
00bbac68_6941,12211.456718492956
00bbac68_6942,12211.469786440135
00bbac68_6943,12211.482854387314
00bbac68_6944,12211.495922334492
00bbac68_6945,12211.508990281673
00bbac68_6946,12211.522058228851
00bbac68_6947,12211.27990767017
00bbac68_6948,12211.292975617349
00bbac68_6949,12211.306043564527
00bbac68_6950,12211.574330017567
00bbac68_6951,12211.587397964746
00bbac68_6952,12211.600465911924
00bbac68_6953,12211.613533859103
00bbac68_6954,12211.677428832649
00bbac68_6955,12211.72032008305
00bbac68_6956,12211.73338803023
00bbac68_6957,12211.746455977409
00bbac68_6958,12211.610926207302
00bbac68_6959,12211.742768568543
00bbac68_6960,12211.755836515722
00bbac68_6961,12211.581633344738
00bbac68_6962,12211.731145383714
00bbac68_6963,12211.744213330892
00bbac68_6964,12211.75728127807
00bbac68_6965,12211.77034922525
00bbac68_6966,12211.568443722723
00bbac68_6967,12211.541266613749
00bbac68_6968,12211.497938076553
00bbac68_6969,12211.686176922169
00bbac68_6970,12211.835688961144
00bbac68_6971,12211.50628101721
00bbac68_6972,12212.007347926792
00bbac68_6973,12211.901641459908
00bbac68_6974,12211.77826531529
00bbac68_6975,12212.046551768328
00bbac68_6976,12212.059619715506
00bbac68_6977,12211.953913248624
00bbac68_6978,12211.830537104006
00bbac68_6979,12211.843605051185
00bbac68_6980,12211.856672998363
00bbac68_6981,12211.813344461167
00bbac68_6982,12211.826412408347
00bbac68_6983,12211.8958768399
00bbac68_6984,12212.433068932587
00bbac68_6985,12212.564911293828
00bbac68_6986,12212.577979241007
00bbac68_6987,12212.544271370314
00bbac68_6988,12212.50094283312
00bbac68_6989,12212.514010780298
00bbac68_6990,12212.794405082457
00bbac68_6991,12213.277230109714
00bbac68_6992,12213.250976157478
00bbac68_6993,12213.297979651534
00bbac68_6994,12213.14573387801
00bbac68_6995,12213.158801825188
00bbac68_6996,12213.412325399808
00bbac68_6997,12213.425393346986
00bbac68_6998,12213.097976675026
00bbac68_6999,12213.07710907533
00bbac68_7000,12212.9336599937
00bbac68_7001,12212.946727940878
00bbac68_7002,12212.959795888057
00bbac68_7003,12212.972863835237
00bbac68_7004,12212.985931782416
00bbac68_7005,12212.998999729594
00bbac68_7006,12212.978132129898
00bbac68_7007,12212.929821598073
00bbac68_7008,12212.98881850033
00bbac68_7009,12213.062524875244
00bbac68_7010,12212.899399585118
00bbac68_7011,12213.523269229074
00bbac68_7012,12212.971464434553
00bbac68_7013,12213.018467928607
00bbac68_7014,12213.031535875787
00bbac68_7015,12213.044603822966
00bbac68_7016,12213.057671770144
00bbac68_7017,12213.601676912147
00bbac68_7018,12213.083807664501
00bbac68_7019,12213.64548248424
00bbac68_7020,12213.640880753685
00bbac68_7021,12213.5351742868
00bbac68_7022,12213.30139317392
00bbac68_7023,12213.576759705084
00bbac68_7024,12213.708602066325
00bbac68_7025,12213.602895599442
00bbac68_7026,12213.369114486562
00bbac68_7027,12213.6290314938
00bbac68_7028,12213.897317946838
00bbac68_7029,12213.69541244431
00bbac68_7030,12213.923453841197
00bbac68_7031,12214.036550780074
00bbac68_7032,12213.913174635456
00bbac68_7033,12214.062686674431
00bbac68_7034,12213.611383894071
00bbac68_7035,12213.28512689008
00bbac68_7036,12213.298194837258
00bbac68_7037,12213.192488370374
00bbac68_7038,12213.01271574138
00bbac68_7039,12213.02578368856
00bbac68_7040,12213.160532849119
00bbac68_7041,12213.173600796297
00bbac68_7042,12213.323112835273
00bbac68_7043,12213.199736690654
00bbac68_7044,12213.212804637833
00bbac68_7045,12213.107098170949
00bbac68_7046,12213.12016611813
00bbac68_7047,12213.25200847937
00bbac68_7048,12213.146302012487
00bbac68_7049,12213.10297347529
00bbac68_7050,12213.291212320906
00bbac68_7051,12213.185505854024
00bbac68_7052,12213.198573801203
00bbac68_7053,12213.211641748381
00bbac68_7054,12213.343484109622
00bbac68_7055,12213.30977623893
00bbac68_7056,12213.459288277907
00bbac68_7057,12214.209439660144
00bbac68_7058,12214.341282021385
00bbac68_7059,12213.617266533505
00bbac68_7060,12213.558335884492
00bbac68_7061,12213.531166404913
00bbac68_7062,12213.544234352094
00bbac68_7063,12213.557302299272
00bbac68_7064,12213.281788398306
00bbac68_7065,12213.464663779567
00bbac68_7066,12213.307924292663
00bbac68_7067,12213.264595755469
00bbac68_7068,12213.334060187022
00bbac68_7069,12213.3471281342
00bbac68_7070,12213.648777929524
00bbac68_7071,12213.661845876703
00bbac68_7072,12213.386331975738
00bbac68_7073,12213.473008321354
00bbac68_7074,12213.70104971824
00bbac68_7075,12213.714117665419
00bbac68_7076,12213.059804325976
00bbac68_7077,12213.072872273155
00bbac68_7078,12213.085940220335
00bbac68_7079,12213.099008167514
00bbac68_7080,12212.837379764595
00bbac68_7081,12213.12514406187
00bbac68_7082,12213.13821200905
00bbac68_7083,12213.032505542167
00bbac68_7084,12212.875766055264
00bbac68_7085,12212.888834002442
00bbac68_7086,12212.90190194962
00bbac68_7087,12212.9149698968
00bbac68_7088,12212.92803784398
00bbac68_7089,12212.941105791158
00bbac68_7090,12212.954173738337
00bbac68_7091,12212.967241685516
00bbac68_7092,12212.980309632694
00bbac68_7093,12212.993377579875
00bbac68_7094,12213.125219941116
00bbac68_7095,12212.963116989857
00bbac68_7096,12212.976184937035
00bbac68_7097,12213.045649368589
00bbac68_7098,12213.058717315767
00bbac68_7099,12213.14378385914
00bbac68_7100,12213.156851806318
00bbac68_7101,12213.437246108477
00bbac68_7102,12213.914684783194
00bbac68_7103,12213.927752730373
00bbac68_7104,12213.884424193178
00bbac68_7105,12213.897492140357
00bbac68_7106,12213.910560087535
00bbac68_7107,12214.098798933152
00bbac68_7108,12213.936695981893
00bbac68_7109,12213.849734937374
00bbac68_7110,12213.862802884552
00bbac68_7111,12213.710557111028
00bbac68_7112,12216.848548764261
00bbac68_7113,12216.86161671144
00bbac68_7114,12216.874684658618
00bbac68_7115,12217.109462810877
00bbac68_7116,12216.900820552977
00bbac68_7117,12217.254373119296
00bbac68_7118,12216.847091945381
00bbac68_7119,12216.669707316876
00bbac68_7120,12217.293576960834
00bbac68_7121,12216.695843211235
00bbac68_7122,12216.773326136441
00bbac68_7123,12216.78639408362
00bbac68_7124,12216.799462030798
00bbac68_7125,12216.812529977979
00bbac68_7126,12216.825597925157
00bbac68_7127,12216.838665872336
00bbac68_7128,12216.851733819514
00bbac68_7129,12216.864801766693
00bbac68_7130,12217.408806908697
00bbac68_7131,12217.421874855876
00bbac68_7132,12217.434942803055
00bbac68_7133,12216.917073555409
00bbac68_7134,12216.930141502588
00bbac68_7135,12216.943209449766
00bbac68_7136,12217.12159111765
00bbac68_7137,12217.50028253895
00bbac68_7138,12216.982413291304
00bbac68_7139,12216.995481238482
00bbac68_7140,12217.023998709587
00bbac68_7141,12217.037066656767
00bbac68_7142,12217.050134603945
00bbac68_7143,12217.063202551124
00bbac68_7144,12217.076270498303
00bbac68_7145,12217.089338445481
00bbac68_7146,12217.102406392662
00bbac68_7147,12217.11547433984
00bbac68_7148,12217.128542287019
00bbac68_7149,12217.141610234197
00bbac68_7150,12217.154678181376
00bbac68_7151,12217.167746128554
00bbac68_7152,12217.346127796438
00bbac68_7153,12217.359195743617
00bbac68_7154,12217.372263690795
00bbac68_7155,12217.385331637974
00bbac68_7156,12217.398399585152
00bbac68_7157,12217.24615381163
00bbac68_7158,12217.259221758808
00bbac68_7159,12217.684452486748
00bbac68_7160,12217.986102282071
00bbac68_7161,12217.99917022925
00bbac68_7162,12218.01223817643
00bbac68_7163,12218.025306123609
00bbac68_7164,12218.138403062487
00bbac68_7165,12218.032696595603
00bbac68_7166,12218.045764542781
00bbac68_7167,12218.177606904024
00bbac68_7168,12218.196061203742
00bbac68_7169,12217.739372070842
00bbac68_7170,12217.48511366304
00bbac68_7171,12217.137601165883
00bbac68_7172,12217.320476547144
00bbac68_7173,12217.452318908387
00bbac68_7174,12217.465386855565
00bbac68_7175,12217.478454802744
00bbac68_7176,12217.491522749922
00bbac68_7177,12217.5045906971
00bbac68_7178,12217.511784010492
00bbac68_7179,12217.52485195767
00bbac68_7180,12217.588746931217
00bbac68_7181,12217.808495176247
00bbac68_7182,12217.644706128796
00bbac68_7183,12217.83251772832
00bbac68_7184,12217.845585675499
00bbac68_7185,12217.858653622678
00bbac68_7186,12217.871721569856
00bbac68_7187,12217.910416653265
00bbac68_7188,12218.194259441752
00bbac68_7189,12218.207327388933
00bbac68_7190,12218.220395336111
00bbac68_7191,12218.23346328329
00bbac68_7192,12218.246531230468
00bbac68_7193,12218.442269770909
00bbac68_7194,12218.512245371898
00bbac68_7195,12218.468405665268
00bbac68_7196,12218.538381266255
00bbac68_7197,12218.551449213433
00bbac68_7198,12218.564517160612
00bbac68_7199,12218.577585107792
00bbac68_7200,12218.590653054971
00bbac68_7201,12218.60372100215
00bbac68_7202,12218.616788949328
00bbac68_7203,12218.460049462425
00bbac68_7204,12218.642924843687
00bbac68_7205,12218.655992790866
00bbac68_7206,12218.714356453376
00bbac68_7207,12218.727424400555
00bbac68_7208,12218.740492347733
00bbac68_7209,12218.753560294912
00bbac68_7210,12218.766628242092
00bbac68_7211,12218.778055869447
00bbac68_7212,12218.791123816625
00bbac68_7213,12218.804191763804
00bbac68_7214,12218.760352057174
00bbac68_7215,12218.831967977987
00bbac68_7216,12218.845035925166
00bbac68_7217,12218.801196218536
00bbac68_7218,12218.814264165714
00bbac68_7219,12218.825691793068
00bbac68_7220,12218.668952306167
00bbac68_7221,12218.851827687427
00bbac68_7222,12218.695088200524
00bbac68_7223,12218.877963581785
00bbac68_7224,12218.893732334627
00bbac68_7225,12218.169999134345
00bbac68_7226,12218.157439945295
00bbac68_7227,12218.170507892473
00bbac68_7228,12218.183575839652
00bbac68_7229,12218.117633777065
00bbac68_7230,12218.074305239868
00bbac68_7231,12218.087373187049
00bbac68_7232,12218.156837618602
00bbac68_7233,12218.169905565781
00bbac68_7234,12218.18297351296
00bbac68_7235,12218.3148158742
00bbac68_7236,12218.327883821381
00bbac68_7237,12218.165780870122
00bbac68_7238,12218.26203973527
00bbac68_7239,12218.34710627864
00bbac68_7240,12218.802671479236
00bbac68_7241,12219.110325608055
00bbac68_7242,12219.254283447814
00bbac68_7243,12219.267351394992
00bbac68_7244,12219.319313995491
00bbac68_7245,12218.89186833183
00bbac68_7246,12218.904936279008
00bbac68_7247,12218.321500014763
00bbac68_7248,12218.453342376004
00bbac68_7249,12218.125925704042
00bbac68_7250,12218.13899365122
00bbac68_7251,12218.152061598399
00bbac68_7252,12218.16512954558
00bbac68_7253,12218.343511213461
00bbac68_7254,12218.322643613765
00bbac68_7255,12218.14525898526
00bbac68_7256,12218.158326932438
00bbac68_7257,12218.176292950908
00bbac68_7258,12218.584021847793
00bbac68_7259,12218.066152600148
00bbac68_7260,12218.491383328088
00bbac68_7261,12218.504451275267
00bbac68_7262,12218.556551204867
00bbac68_7263,12218.535683605172
00bbac68_7264,12218.582687099226
00bbac68_7265,12218.595755046405
00bbac68_7266,12218.7450992387
00bbac68_7267,12218.742717661953
00bbac68_7268,12218.755785609133
00bbac68_7269,12219.163514506019
00bbac68_7270,12219.176582453198
00bbac68_7271,12218.79498945067
00bbac68_7272,12218.637845605856
00bbac68_7273,12218.684849099911
00bbac68_7274,12218.69791704709
00bbac68_7275,12218.847261239385
00bbac68_7276,12218.690117394572
00bbac68_7277,12218.737120888625
00bbac68_7278,12218.750188835804
00bbac68_7279,12218.763256782984
00bbac68_7280,12218.803027611022
00bbac68_7281,12218.925668922458
00bbac68_7282,12218.938736869637
00bbac68_7283,12218.951804816816
00bbac68_7284,12218.909162925129
00bbac68_7285,12219.36960330883
00bbac68_7286,12218.901363272611
00bbac68_7287,12219.084643011782
00bbac68_7288,12218.877869955542
00bbac68_7289,12219.386665441785
00bbac68_7290,12219.399733388964
00bbac68_7291,12219.531575750205
00bbac68_7292,12218.930141744258
00bbac68_7293,12219.557711644562
00bbac68_7294,12219.570779591742
00bbac68_7295,12218.969345585796
00bbac68_7296,12219.202254536393
00bbac68_7297,12219.215322483571
00bbac68_7298,12219.008549427332
00bbac68_7299,12219.105182132811
00bbac68_7300,12219.530412860753
00bbac68_7301,12219.748497897775
00bbac68_7302,12219.86058012718
00bbac68_7303,12219.585066226215
00bbac68_7304,12219.541737689018
00bbac68_7305,12219.471240877898
00bbac68_7306,12219.743044481815
00bbac68_7307,12219.63733801493
00bbac68_7308,12219.566841203809
00bbac68_7309,12219.607077424913
00bbac68_7310,12219.620145372093
00bbac68_7311,12219.606045045346
00bbac68_7312,12219.99125959897
00bbac68_7313,12220.104356537848
00bbac68_7314,12219.915085312663
00bbac68_7315,12219.785514099685
00bbac68_7316,12219.76464649999
00bbac68_7317,12219.811649994044
00bbac68_7318,12219.741153182922
00bbac68_7319,12219.86448876926
00bbac68_7320,12219.987130080697
00bbac68_7321,12219.646392485885
00bbac68_7322,12219.833357222615
00bbac68_7323,12220.016232603875
00bbac68_7324,12219.945735792753
00bbac68_7325,12219.87256106415
00bbac68_7326,12219.929261518655
00bbac68_7327,12219.858764707533
00bbac68_7328,12219.855368421313
00bbac68_7329,12220.043607266929
00bbac68_7330,12219.959980267819
00bbac68_7331,12219.889483456696
00bbac68_7332,12219.986116162177
00bbac68_7333,12219.63851974168
00bbac68_7334,12219.967581951554
00bbac68_7335,12220.064214657034
00bbac68_7336,12220.128315624232
00bbac68_7337,12219.88801137903
00bbac68_7338,12219.572481303747
00bbac68_7339,12219.997712031687
00bbac68_7340,12219.927215220565
00bbac68_7341,12220.193655360126
00bbac68_7342,12220.425526713068
00bbac68_7343,12220.355029901946
00bbac68_7344,12220.281855173344
00bbac68_7345,12220.194894128823
00bbac68_7346,12220.262825052076
00bbac68_7347,12220.118719842518
00bbac68_7348,12220.215352547997
00bbac68_7349,12220.228420495176
00bbac68_7350,12220.101527199678
00bbac68_7351,12220.164224358283
00bbac68_7352,12220.386398750774
00bbac68_7353,12220.277007286333
00bbac68_7354,12218.528097084098
00bbac68_7355,12218.541165031276
00bbac68_7356,12218.606944465271
00bbac68_7357,12218.438234458348
00bbac68_7358,12218.315026160411
00bbac68_7359,12218.32809410759
00bbac68_7360,12218.257597296468
00bbac68_7361,12218.940335348627
00bbac68_7362,12218.953403295805
00bbac68_7363,12218.658518362126
00bbac68_7364,12218.78908661448
00bbac68_7365,12218.80215456166
00bbac68_7366,12218.731657750537
00bbac68_7367,12218.81284093209
00bbac68_7368,12219.356846074093
00bbac68_7369,12219.251139607211
00bbac68_7370,12219.18064279609
00bbac68_7371,12218.865112720807
00bbac68_7372,12218.84424512111
00bbac68_7373,12218.807683856863
00bbac68_7374,12219.069630283047
00bbac68_7375,12219.082698230226
00bbac68_7376,12219.642847171057
00bbac68_7377,12219.819199419993
00bbac68_7378,12220.085639559555
00bbac68_7379,12220.098707506735
00bbac68_7380,12220.111775453914
00bbac68_7381,12219.815074724334
00bbac68_7382,12219.877771882939
00bbac68_7383,12220.06105162211
00bbac68_7384,12220.07411956929
00bbac68_7385,12219.86734651305
00bbac68_7386,12219.96397921853
00bbac68_7387,12219.977047165708
00bbac68_7388,12219.990115112887
00bbac68_7389,12219.803933792487
00bbac68_7390,12219.713196197676
00bbac68_7391,12220.204489852862
00bbac68_7392,12220.329236877189
00bbac68_7393,12220.342304824368
00bbac68_7394,12220.355372771546
00bbac68_7395,12220.25094041355
00bbac68_7396,12220.34757311903
00bbac68_7397,12220.360641066209
00bbac68_7398,12220.54392080538
00bbac68_7399,12220.541539228632
00bbac68_7400,12220.30083062552
00bbac68_7401,12220.962336072698
00bbac68_7402,12220.444466825053
00bbac68_7403,12220.457534772231
00bbac68_7404,12220.47060271941
00bbac68_7405,12220.619946911705
00bbac68_7406,12220.549450100585
00bbac68_7407,12220.646082806064
00bbac68_7408,12220.659150753243
00bbac68_7409,12220.672218700422
00bbac68_7410,12221.079947597307
00bbac68_7411,12220.69835459478
00bbac68_7412,12220.71142254196
00bbac68_7413,12220.640925730837
00bbac68_7414,12220.737558436316
00bbac68_7415,12220.750626383495
00bbac68_7416,12220.763694330675
00bbac68_7417,12220.776762277854
00bbac68_7418,12220.789830225032
00bbac68_7419,12220.802898172211
00bbac68_7420,12220.81596611939
00bbac68_7421,12220.74546930827
00bbac68_7422,12221.306030236405
00bbac68_7423,12220.924437233876
00bbac68_7424,12220.937505181055
00bbac68_7425,12220.950573128233
00bbac68_7426,12220.963641075412
00bbac68_7427,12220.976709022592
00bbac68_7428,12220.98977696977
00bbac68_7429,12221.397505866657
00bbac68_7430,12220.87963661901
00bbac68_7431,12220.809139807889
00bbac68_7432,12220.90577251337
00bbac68_7433,12220.884904913673
00bbac68_7434,12221.068184652844
00bbac68_7435,12221.081252600023
00bbac68_7436,12221.094320547201
00bbac68_7437,12221.107388494382
00bbac68_7438,12221.12045644156
00bbac68_7439,12221.133524388739
00bbac68_7440,12221.146592335917
00bbac68_7441,12221.159660283096
00bbac68_7442,12221.172728230275
00bbac68_7443,12221.185796177455
00bbac68_7444,12221.028652332641
00bbac68_7445,12221.487818607457
00bbac68_7446,12221.054788226998
00bbac68_7447,12221.101791721052
00bbac68_7448,12221.114859668232
00bbac68_7449,12221.127927615411
00bbac68_7450,12221.14099556259
00bbac68_7451,12221.154063509768
00bbac68_7452,12221.133195910072
00bbac68_7453,12221.180199404127
00bbac68_7454,12221.193267351306
00bbac68_7455,12221.342611543601
00bbac68_7456,12221.35567949078
00bbac68_7457,12221.232471192841
00bbac68_7458,12221.657701920782
00bbac68_7459,12221.840577302044
00bbac68_7460,12221.972419663285
00bbac68_7461,12221.69690576232
00bbac68_7462,12221.709973709498
00bbac68_7463,12221.738491180602
00bbac68_7464,12221.751559127782
00bbac68_7465,12221.764627074961
00bbac68_7466,12221.77769502214
00bbac68_7467,12221.790762969318
00bbac68_7468,12221.704755599114
00bbac68_7469,12221.77422003067
00bbac68_7470,12221.787287977848
00bbac68_7471,12221.970163359108
00bbac68_7472,12221.932198286268
00bbac68_7473,12222.390258298876
00bbac68_7474,12222.228170606408
00bbac68_7475,12222.122464139524
00bbac68_7476,12221.671161359163
00bbac68_7477,12221.457453183295
00bbac68_7478,12221.645676770122
00bbac68_7479,12221.36481466359
00bbac68_7480,12221.32684959075
00bbac68_7481,12221.566106197597
00bbac68_7482,12221.404018505127
00bbac68_7483,12221.439196437657
00bbac68_7484,12221.627420024484
00bbac68_7485,12221.465332332016
00bbac68_7486,12221.308592845113
00bbac68_7487,12221.498571192682
00bbac68_7488,12221.506290934294
00bbac68_7489,12221.749888666629
00bbac68_7490,12221.938112253458
00bbac68_7491,12221.801651697218
00bbac68_7492,12222.178718057483
00bbac68_7493,12222.016630365013
00bbac68_7494,12222.029698312192
00bbac68_7495,12222.217921899019
00bbac68_7496,12222.05583420655
00bbac68_7497,12222.244057793378
00bbac68_7498,12222.186950569658
00bbac68_7499,12222.375174156485
00bbac68_7500,12222.213086464015
00bbac68_7501,12222.401310050844
00bbac68_7502,12222.239222358374
00bbac68_7503,12222.4274459452
00bbac68_7504,12222.265358252731
00bbac68_7505,12222.453581839558
00bbac68_7506,12222.29149414709
00bbac68_7507,12222.479717733917
00bbac68_7508,12222.492785681095
00bbac68_7509,12222.330697988626
00bbac68_7510,12222.518921575453
00bbac68_7511,12222.362182088551
00bbac68_7512,12222.369901830163
00bbac68_7513,12222.55812541699
00bbac68_7514,12222.39603772452
00bbac68_7515,12222.463732136543
00bbac68_7516,12222.368859409893
00bbac68_7517,12222.204055652972
00bbac68_7518,12221.864523502494
00bbac68_7519,12222.276097614224
00bbac68_7520,12222.219097202027
00bbac68_7521,12221.912607959264
00bbac68_7522,12221.87748102119
00bbac68_7523,12222.232673907334
00bbac68_7524,12222.245741854513
00bbac68_7525,12222.083654162043
00bbac68_7526,12222.097317201995
00bbac68_7527,12221.887034624273
00bbac68_7528,12221.900102571451
00bbac68_7529,12222.255295457595
00bbac68_7530,12222.268363404773
00bbac68_7531,12221.987501298241
00bbac68_7532,12221.952374360166
00bbac68_7533,12222.084216721409
00bbac68_7534,12221.978510254525
00bbac68_7535,12221.991578201703
00bbac68_7536,12222.004646148882
00bbac68_7537,12222.01771409606
00bbac68_7538,12222.149556457303
00bbac68_7539,12221.987453506044
00bbac68_7540,12222.000521453223
00bbac68_7541,12222.013589400402
00bbac68_7542,12222.02665734758
00bbac68_7543,12222.174345961264
00bbac68_7544,12221.336683012447
00bbac68_7545,12221.617077314606
00bbac68_7546,12222.099902341863
00bbac68_7547,12221.932413038065
00bbac68_7548,12221.945480985243
00bbac68_7549,12222.014945416799
00bbac68_7550,12222.028013363977
00bbac68_7551,12221.850720288207
00bbac68_7552,12221.868686306674
00bbac68_7553,12222.085962627876
00bbac68_7554,12221.894822201033
00bbac68_7555,12221.717437572528
00bbac68_7556,12221.71505599578
00bbac68_7557,12221.72812394296
00bbac68_7558,12221.741191890138
00e12e8b_2083,11601.738177306714
00e12e8b_2084,11601.78801006806
00e12e8b_2085,11602.115906841935
00e12e8b_2086,11601.578824587106
00e12e8b_2087,11601.935520656407
00e12e8b_2088,11602.263417191862
00e12e8b_2089,11601.70523227018
00e12e8b_2090,11602.347688980577
00e12e8b_2091,11602.104064233838
00e12e8b_2092,11601.842149444221
00e12e8b_2093,11602.474096663651
00e12e8b_2094,11602.230471916911
00e12e8b_2095,11602.243808039006
00e12e8b_2096,11602.314743705627
00e12e8b_2097,11602.052828916008
00e12e8b_2098,11602.68477613544
00e12e8b_2099,11602.441151388699
00e12e8b_2100,11602.454487510795
00e12e8b_2101,11602.525423177416
00e12e8b_2102,11602.25299889683
00e12e8b_2103,11602.89545560723
00e12e8b_2104,11602.651830860488
00e12e8b_2105,11602.665166982584
00e12e8b_2106,11602.736102649204
00e12e8b_2107,11602.46367836862
00e12e8b_2108,11603.106135079019
00e12e8b_2109,11602.526847252062
00e12e8b_2110,11603.16930420088
00e12e8b_2111,11602.92567921572
00e12e8b_2112,11602.426289507737
00e12e8b_2113,11602.870367893625
00e12e8b_2114,11602.340058156957
00e12e8b_2115,11603.005866536665
00e12e8b_2116,11602.772752949822
00e12e8b_2117,11602.890369305302
00e12e8b_2118,11603.218266079175
00e12e8b_2119,11603.118437061119
00e12e8b_2120,11603.160572955476
00e12e8b_2121,11603.488468775677
00e12e8b_2122,11603.244844744191
00e12e8b_2123,11603.572740564392
00e12e8b_2124,11603.329116532906
00e12e8b_2125,11603.371252427265
00e12e8b_2126,11603.699148247466
00e12e8b_2127,11603.45552421598
00e12e8b_2128,11603.783420036181
00e12e8b_2129,11603.539796004696
00e12e8b_2130,11603.581931899054
00e12e8b_2131,11603.909827719253
00e12e8b_2132,11603.66620368777
00e12e8b_2133,11603.994099507969
00e12e8b_2134,11603.750475476485
00e12e8b_2135,11603.792611370844
00e12e8b_2136,11604.141609857897
00e12e8b_2137,11603.897985826414
00e12e8b_2138,11604.225881646613
00e12e8b_2139,11603.98225761513
00e12e8b_2140,11604.024393509486
00e12e8b_2141,11604.352289329687
00e12e8b_2142,11604.108665298203
00e12e8b_2143,11604.436561118402
00e12e8b_2144,11604.192937086918
00e12e8b_2145,11604.235072981275
00e12e8b_2146,11604.562968801476
00e12e8b_2147,11604.31934476999
00e12e8b_2148,11604.845620106793
00e12e8b_2149,11604.601993214284
00e12e8b_2150,11604.871097873902
00e12e8b_2151,11605.177891980922
00e12e8b_2152,11604.811572265004
00e12e8b_2153,11605.380284201538
00e12e8b_2154,11605.136659216378
00e12e8b_2155,11605.178795110736
00e12e8b_2156,11605.50669188461
00e12e8b_2157,11605.263066899452
00e12e8b_2158,11605.540016960831
00e12e8b_2159,11604.958477985652
00e12e8b_2160,11605.00061388001
00e12e8b_2161,11605.328510653884
00e12e8b_2162,11605.084885668726
00e12e8b_2163,11605.720270168811
00e12e8b_2164,11605.487155151457
00e12e8b_2165,11605.51878107801
00e12e8b_2166,11605.846122098177
00e12e8b_2167,11605.603052866725
00e12e8b_2168,11605.9309496406
00e12e8b_2169,11605.687324655442
00e12e8b_2170,11606.025731873957
00e12e8b_2171,11605.716820729283
00e12e8b_2172,11605.75895662364
00e12e8b_2173,11606.097362888482
00e12e8b_2174,11605.842672658648
00e12e8b_2175,11606.171124709394
00e12e8b_2176,11605.927500201073
00e12e8b_2177,11606.255396498109
00e12e8b_2178,11606.011771989788
00e12e8b_2179,11606.053907884145
00e12e8b_2180,11606.381804181183
00e12e8b_2181,11606.13817967286
00e12e8b_2182,11606.466075969898
00e12e8b_2183,11606.222451461575
00e12e8b_2184,11606.380290938698
00e12e8b_2185,11606.136667384051
00e12e8b_2186,11606.464562727413
00e12e8b_2187,11606.220939172767
00e12e8b_2188,11606.263075067123
00e12e8b_2189,11606.590970410487
00e12e8b_2190,11606.33302529021
00e12e8b_2191,11606.660920871993
00e12e8b_2192,11606.417297078926
00e12e8b_2193,11606.575517787356
00e12e8b_2194,11606.331893994291
00e12e8b_2195,11606.659789576071
00e12e8b_2196,11606.322794868547
00e12e8b_2197,11606.830876245158
00e12e8b_2198,11606.407066657262
00e12e8b_2199,11606.734961285369
00e12e8b_2200,11606.491338445978
00e12e8b_2201,11606.819233074084
00e12e8b_2202,11606.575610234693
00e12e8b_2203,11606.617746129052
00e12e8b_2204,11606.945640757158
00e12e8b_2205,11606.702017917767
00e12e8b_2206,11607.029912545873
00e12e8b_2207,11606.786289706482
00e12e8b_2208,11607.114184334589
00e12e8b_2209,11606.870561495198
00e12e8b_2210,11607.198456123306
00e12e8b_2211,11606.954833283913
00e12e8b_2212,11607.282727912021
00e12e8b_2213,11607.039105072628
00e12e8b_2214,11607.366999700736
00e12e8b_2215,11607.123376861344
00e12e8b_2216,11607.451271489452
00e12e8b_2217,11607.144908324131
00e12e8b_2218,11607.47280271382
00e12e8b_2219,11607.229180112849
00e12e8b_2220,11607.557074502536
00e12e8b_2221,11607.313451901564
00e12e8b_2222,11607.485644177146
00e12e8b_2223,11607.242021099337
00e12e8b_2224,11607.569915965862
00e12e8b_2225,11607.326292888052
00e12e8b_2226,11607.654187754577
00e12e8b_2227,11607.59074999476
00e12e8b_2228,11607.738459543294
00e12e8b_2229,11607.494836465483
00e12e8b_2230,11607.82273133201
00e12e8b_2231,11607.864867226366
00e12e8b_2232,11607.600141004865
00e12e8b_2233,11607.701070920828
00e12e8b_2234,11606.951580361787
00e12e8b_2235,11607.21623231602
00e12e8b_2236,11606.972608284535
00e12e8b_2237,11607.638419763687
00e12e8b_2238,11607.394795016946
00e12e8b_2239,11607.722691552402
00e12e8b_2240,11607.479066805661
00e12e8b_2241,11607.828066007973
00e12e8b_2242,11607.764628724992
00e12e8b_2243,11607.671525018215
00e12e8b_2244,11607.427900509894
00e12e8b_2245,11607.75579680693
00e12e8b_2246,11607.996311025798
00e12e8b_2247,11607.752686755894
00e12e8b_2248,11608.028253751098
00e12e8b_2249,11607.964814799187
00e12e8b_2250,11608.292711096225
00e12e8b_2251,11607.86889936256
00e12e8b_2252,11608.437607961234
00e12e8b_2253,11608.659928696748
00e12e8b_2254,11608.236120300944
00e12e8b_2255,11608.564015644308
00e12e8b_2256,11608.606151538665
00e12e8b_2257,11608.362527984018
00e12e8b_2258,11608.69042332738
00e12e8b_2259,11608.108884352201
00e12e8b_2260,11608.458792882971
00e12e8b_2261,11608.320741551988
00e12e8b_2262,11608.077118474179
00e12e8b_2263,11608.405013340704
00e12e8b_2264,11608.754638391785
00e12e8b_2265,11608.511014598718
00e12e8b_2266,11609.01909597533
00e12e8b_2267,11608.881046074857
00e12e8b_2268,11608.637422281792
00e12e8b_2269,11609.145503658403
00e12e8b_2270,11609.007453757931
00e12e8b_2271,11609.04958965229
00e12e8b_2272,11608.805965859223
00e12e8b_2273,11608.97809709965
00e12e8b_2274,11609.020232994008
00e12e8b_2275,11608.77660800885
00e12e8b_2276,11609.104504782723
00e12e8b_2277,11609.146640677081
00e12e8b_2278,11609.368962127852
00e12e8b_2279,11609.230912465797
00e12e8b_2280,11608.987287480639
00e12e8b_2281,11609.315184254512
00e12e8b_2282,11609.35732014887
00e12e8b_2283,11609.399456043227
00e12e8b_2284,11609.15583105807
00e12e8b_2285,11609.483727831943
00e12e8b_2286,11609.357522089644
00e12e8b_2287,11609.399657984002
00e12e8b_2288,11609.441793878359
00e12e8b_2289,11609.198169846875
00e12e8b_2290,11609.706252892416
00e12e8b_2291,11609.568201561433
00e12e8b_2292,11609.790524681132
00e12e8b_2293,11609.652473350148
00e12e8b_2294,11609.694609244505
00e12e8b_2295,11609.736745138864
00e12e8b_2296,11609.49312110738
00e12e8b_2297,11609.821016927579
00e12e8b_2298,11609.863152821938
00e12e8b_2299,11609.424640675523
00e12e8b_2300,11609.646962841549
00e12e8b_2301,11609.508912464238
00e12e8b_2302,11609.551048358597
00e12e8b_2303,11609.593184252954
00e12e8b_2304,11609.635320147312
00e12e8b_2305,11609.391695162154
00e12e8b_2306,11609.899778207695
00e12e8b_2307,11609.941914102053
00e12e8b_2308,11609.98404999641
00e12e8b_2309,11609.845999619101
00e12e8b_2310,11609.888135513458
00e12e8b_2311,11610.110457679484
00e12e8b_2312,11609.488377532278
00e12e8b_2313,11609.530513426635
00e12e8b_2314,11609.572649320993
00e12e8b_2315,11609.61478521535
00e12e8b_2316,11609.656921109708
00e12e8b_2317,11609.879243275733
00e12e8b_2318,11609.741192898424
00e12e8b_2319,11609.78332879278
00e12e8b_2320,11609.82546468714
00e12e8b_2321,11609.867600581498
00e12e8b_2322,11609.909736475855
00e12e8b_2323,11609.951872370213
00e12e8b_2324,11609.854992113142
00e12e8b_2325,11609.8971280075
00e12e8b_2326,11609.939263901857
00e12e8b_2327,11609.834307930676
00e12e8b_2328,11610.023535690572
00e12e8b_2329,11610.06567158493
00e12e8b_2330,11610.10780747929
00e12e8b_2331,11610.149943373646
00e12e8b_2332,11610.192079268005
00e12e8b_2333,11610.234215162362
00e12e8b_2334,11610.27635105672
00e12e8b_2335,11610.171395085537
00e12e8b_2336,11610.360622845436
00e12e8b_2337,11609.7783414348
00e12e8b_2338,11609.820477329158
00e12e8b_2339,11609.862613223517
00e12e8b_2340,11609.904749117874
00e12e8b_2341,11609.799792193018
00e12e8b_2342,11609.989020906589
00e12e8b_2343,11610.211343072615
00e12e8b_2344,11610.073292695304
00e12e8b_2345,11610.115428589663
00e12e8b_2346,11610.010471664807
00e12e8b_2347,11610.199700378378
00e12e8b_2348,11610.241836272737
00e12e8b_2349,11610.13687934788
00e12e8b_2350,11610.326108061452
00e12e8b_2351,11610.368243955809
00e12e8b_2352,11610.410379850167
00e12e8b_2353,11610.485608243303
00e12e8b_2354,11610.494651638883
00e12e8b_2355,11610.389694714027
00e12e8b_2356,11610.578923427598
00e12e8b_2357,11610.621059321957
00e12e8b_2358,11610.5161023971
00e12e8b_2359,11610.705331110672
00e12e8b_2360,11610.927653276696
00e12e8b_2361,11610.642510080173
00e12e8b_2362,11610.831738793744
00e12e8b_2363,11610.398714089348
00e12e8b_2364,11610.587941849246
00e12e8b_2365,11610.482985878063
00e12e8b_2366,11610.672213637961
00e12e8b_2367,11610.567257666778
00e12e8b_2368,11610.756485426677
00e12e8b_2369,11610.651529455494
00e12e8b_2370,11610.840757215392
00e12e8b_2371,11610.73580124421
00e12e8b_2372,11610.925029004107
00e12e8b_2373,11610.820073032926
00e12e8b_2374,11611.009300792823
00e12e8b_2375,11610.501978183458
00e12e8b_2376,11610.544114077815
00e12e8b_2377,11610.733341837713
00e12e8b_2378,11610.62838586653
00e12e8b_2379,11610.670521760889
00e12e8b_2380,11610.859749520787
00e12e8b_2381,11610.754793549604
00e12e8b_2382,11610.944021309502
00e12e8b_2383,11611.019249702638
00e12e8b_2384,11610.881201232678
00e12e8b_2385,11610.923337127035
00e12e8b_2386,11611.112564886933
00e12e8b_2387,11611.00760891575
00e12e8b_2388,11610.357947553639
00e12e8b_2389,11610.366987611358
00e12e8b_2390,11610.262031640175
00e12e8b_2391,11610.304167534534
00e12e8b_2392,11610.34630342889
00e12e8b_2393,11610.38843932325
00e12e8b_2394,11610.577667083146
00e12e8b_2395,11610.472711111965
00e12e8b_2396,11610.514847006321
00e12e8b_2397,11610.55698290068
00e12e8b_2398,11610.599118795039
00e12e8b_2399,11610.641254689395
00e12e8b_2400,11610.830482449293
00e12e8b_2401,11610.72552647811
00e12e8b_2402,11610.76766237247
00e12e8b_2403,11610.809798266826
00e12e8b_2404,11610.851934161185
00e12e8b_2405,11610.894070055541
00e12e8b_2406,11610.9362059499
00e12e8b_2407,11611.158529546437
00e12e8b_2408,11610.936110940214
00e12e8b_2409,11610.978246834573
00e12e8b_2410,11611.02038272893
00e12e8b_2411,11611.062518623288
00e12e8b_2412,11611.104654517645
00e12e8b_2413,11611.146790412004
00e12e8b_2414,11610.83447321951
00e12e8b_2415,11610.876609113866
00e12e8b_2416,11610.918745008225
00e12e8b_2417,11610.960880902581
00e12e8b_2418,11611.00301679694
00e12e8b_2419,11611.045152691297
00e12e8b_2420,11611.087288585655
00e12e8b_2421,11611.129424480012
00e12e8b_2422,11611.17156037437
00e12e8b_2423,11610.987832812003
00e12e8b_2424,11611.255832163086
00e12e8b_2425,11611.297968057444
00e12e8b_2426,11611.209081498493
00e12e8b_2427,11611.43140366452
00e12e8b_2428,11611.293353287208
00e12e8b_2429,11611.109626678515
00e12e8b_2430,11611.377625075924
00e12e8b_2431,11611.419760970282
00e12e8b_2432,11611.461896864641
00e12e8b_2433,11611.504032758998
00e12e8b_2434,11611.320306150305
00e12e8b_2435,11611.588304547713
00e12e8b_2436,11611.630440442072
00e12e8b_2437,11611.446713833377
00e12e8b_2438,11611.714712230787
00e12e8b_2439,11611.901393680258
00e12e8b_2440,11611.943529574617
00e12e8b_2441,11611.75980201225
00e12e8b_2442,11612.027801363332
00e12e8b_2443,11611.844073800965
00e12e8b_2444,11612.112073152048
00e12e8b_2445,11612.154209046406
00e12e8b_2446,11611.970481484037
00e12e8b_2447,11612.238480835122
00e12e8b_2448,11612.28061672948
00e12e8b_2449,11612.096889167111
00e12e8b_2450,11612.545076220375
00e12e8b_2451,11612.181160955826
00e12e8b_2452,11611.709052770595
00e12e8b_2453,11611.5253261619
00e12e8b_2454,11611.79332455931
00e12e8b_2455,11611.609597950615
00e12e8b_2456,11611.877596348026
00e12e8b_2457,11611.116303592482
00e12e8b_2458,11611.384303897239
00e12e8b_2459,11611.200575381197
00e12e8b_2460,11611.468575685954
00e12e8b_2461,11611.284847169913
00e12e8b_2462,11611.55284747467
00e12e8b_2463,11611.369118958628
00e12e8b_2464,11611.637119263385
00e12e8b_2465,11610.558073669707
00e12e8b_2466,11610.600209564065
00e12e8b_2467,11610.917987853441
00e12e8b_2468,11610.68448135278
00e12e8b_2469,11610.822074324164
00e12e8b_2470,11610.768753141496
00e12e8b_2471,11610.810889035853
00e12e8b_2472,11610.948482007238
00e12e8b_2473,11610.895160824568
00e12e8b_2474,11610.937296718927
00e12e8b_2475,11610.979432613285
00e12e8b_2476,11611.117025584668
00e12e8b_2477,11611.063704402
00e12e8b_2478,11611.105840296357
00e12e8b_2479,11611.243433267742
00e12e8b_2480,11611.190112085073
00e12e8b_2481,11611.232247979431
00e12e8b_2482,11611.27438387379
00e12e8b_2483,11611.316519768146
00e12e8b_2484,11611.454112739531
00e12e8b_2485,11611.400791556862
00e12e8b_2486,11611.44292745122
00e12e8b_2487,11611.485063345577
00e12e8b_2488,11611.527199239936
00e12e8b_2489,11611.664792211319
00e12e8b_2490,11611.419467778529
00e12e8b_2491,11611.281418354894
00e12e8b_2492,11611.323554249251
00e12e8b_2493,11611.36569014361
00e12e8b_2494,11611.407826037967
00e12e8b_2495,11611.449961932325
00e12e8b_2496,11611.492097826682
00e12e8b_2497,11611.53423372104
00e12e8b_2498,11611.75655493339
00e12e8b_2499,11611.618505509756
00e12e8b_2500,11611.353153916321
00e12e8b_2501,11611.395289810678
00e12e8b_2502,11611.532882782063
00e12e8b_2503,11610.685427459379
00e12e8b_2504,11610.613002272805
00e12e8b_2505,11610.769699248094
00e12e8b_2506,11610.811835142453
00e12e8b_2507,11611.034156354803
00e12e8b_2508,11610.896106931168
00e12e8b_2509,11610.938242825527
00e12e8b_2510,11611.318294140416
00e12e8b_2511,11611.133464130538
00e12e8b_2512,11611.175600024895
00e12e8b_2513,11611.217735919254
00e12e8b_2514,11611.061492297009
00e12e8b_2515,11611.103628191368
00e12e8b_2516,11610.611317369418
00e12e8b_2517,11610.768014344707
00e12e8b_2518,11610.810150239065
00e12e8b_2519,11610.852286133422
00e12e8b_2520,11610.89442202778
00e12e8b_2521,11610.88049903847
00e12e8b_2522,11610.98825916989
00e12e8b_2523,11610.964770827186
00e12e8b_2524,11611.006906721545
00e12e8b_2525,11611.229227933896
00e12e8b_2526,11610.976617429327
00e12e8b_2527,11611.277109418046
00e12e8b_2528,11611.319245312403
00e12e8b_2529,11611.007934246312
00e12e8b_2530,11610.791714046309
00e12e8b_2531,11610.9484110216
00e12e8b_2532,11610.990546915957
00e12e8b_2533,11611.032682810315
00e12e8b_2534,11611.074818704674
00e12e8b_2535,11611.002393518098
00e12e8b_2536,11611.15909049339
00e12e8b_2537,11611.399603996999
00e12e8b_2538,11611.441739891357
00e12e8b_2539,11611.483875785714
00e12e8b_2540,11611.467509482807
00e12e8b_2541,11611.624206458097
00e12e8b_2542,11611.436774824684
00e12e8b_2543,11611.525691305285
00e12e8b_2544,11611.748012517635
00e12e8b_2545,11611.609963094
00e12e8b_2546,11611.652098988357
00e12e8b_2547,11611.579673801783
00e12e8b_2548,11611.736370777073
00e12e8b_2549,11611.778506671431
00e12e8b_2550,11612.000827883783
00e12e8b_2551,11611.705050264956
00e12e8b_2552,11611.567000841322
00e12e8b_2553,11611.609136735678
00e12e8b_2554,11610.545658921541
00e12e8b_2555,11610.587794815898
00e12e8b_2556,11610.662362312734
00e12e8b_2557,11610.589942848204
00e12e8b_2558,11610.74663410145
00e12e8b_2559,11610.788769995808
00e12e8b_2560,11610.830905890165
00e12e8b_2561,11611.36071459031
00e12e8b_2562,11611.222665166673
00e12e8b_2563,11611.264801061032
00e12e8b_2564,11611.306936955389
00e12e8b_2565,11611.349072849747
00e12e8b_2566,11611.391208744104
00e12e8b_2567,11610.662256991978
00e12e8b_2568,11610.704392886337
00e12e8b_2569,11610.746528780694
00e12e8b_2570,11610.788664675052
00e12e8b_2571,11610.830800569409
00e12e8b_2572,11610.763598657066
00e12e8b_2573,11610.915072358124
00e12e8b_2574,11610.957208252483
00e12e8b_2575,11610.927101410023
00e12e8b_2576,11610.969237304382
00e12e8b_2577,11611.01137319874
00e12e8b_2578,11610.944171286395
00e12e8b_2579,11611.19110397183
00e12e8b_2580,11610.60301277726
00e12e8b_2581,11610.645148671618
00e12e8b_2582,11610.577946759273
00e12e8b_2583,11610.909609593024
00e12e8b_2584,11610.771556354692
00e12e8b_2585,11610.704354442347
00e12e8b_2586,11611.036017276097
00e12e8b_2587,11610.897964037764
00e12e8b_2588,11610.940099932122
00e12e8b_2589,11611.148544229494
00e12e8b_2590,11611.024371720838
00e12e8b_2591,11610.957169808493
00e12e8b_2592,11611.108643509553
00e12e8b_2593,11610.608262695538
00e12e8b_2594,11610.541063644216
00e12e8b_2595,11610.78799156128
00e12e8b_2596,11610.625335432931
00e12e8b_2597,11610.776806272968
00e12e8b_2598,11610.709607221646
00e12e8b_2599,11610.861078061684
00e12e8b_2600,11610.793879010362
00e12e8b_2601,11611.040806927425
00e12e8b_2602,11610.878150799079
00e12e8b_2603,11611.029621639114
00e12e8b_2604,11610.962422587794
00e12e8b_2605,11611.209350504856
00e12e8b_2606,11611.012512781661
00e12e8b_2607,11611.163981714348
00e12e8b_2608,11611.096784570376
00e12e8b_2609,11611.34371058009
00e12e8b_2610,11611.181056359092
00e12e8b_2611,11611.22319225345
00e12e8b_2612,11611.374661186137
00e12e8b_2613,11611.40291635082
00e12e8b_2614,11611.038160422362
00e12e8b_2615,11611.189633169748
00e12e8b_2616,11611.217887380755
00e12e8b_2617,11611.164568105436
00e12e8b_2618,11610.981217244424
00e12e8b_2619,11610.914016285753
00e12e8b_2620,11610.94263480035
00e12e8b_2621,11611.178473392461
00e12e8b_2622,11611.149760821854
00e12e8b_2623,11611.069042483423
00e12e8b_2624,11611.124695757542
00e12e8b_2625,11611.276168504926
00e12e8b_2626,11611.195450166497
00e12e8b_2627,11611.05295280585
00e12e8b_2628,11611.095088700207
00e12e8b_2629,11611.137224594566
00e12e8b_2630,11611.165843109162
00e12e8b_2631,11611.221496383281
00e12e8b_2632,11611.263632277638
00e12e8b_2633,11611.305768171997
00e12e8b_2634,11611.334386686593
00e12e8b_2635,11611.390039960712
00e12e8b_2636,11611.43217585507
00e12e8b_2637,11611.474311749427
00e12e8b_2638,11611.516447643786
00e12e8b_2639,11611.558583538143
00e12e8b_2640,11611.600719432501
00e12e8b_2641,11611.629337947097
00e12e8b_2642,11611.684991221216
00e12e8b_2643,11611.565738718356
00e12e8b_2644,11610.889511804487
00e12e8b_2645,11610.95884649035
00e12e8b_2646,11610.774017434145
00e12e8b_2647,11610.816153328504
00e12e8b_2648,11610.85828922286
00e12e8b_2649,11610.702047507966
00e12e8b_2650,11610.744183402323
00e12e8b_2651,11610.786319296682
00e12e8b_2652,11610.82845519104
00e12e8b_2653,11610.870591085397
00e12e8b_2654,11610.912726979755
00e12e8b_2655,11610.954862874112
00e12e8b_2656,11610.940941792152
00e12e8b_2657,11610.75718466588
00e12e8b_2658,11610.619135242245
00e12e8b_2659,11610.799143832524
00e12e8b_2660,11610.70340703096
00e12e8b_2661,11610.745542925319
00e12e8b_2662,11610.931473833103
00e12e8b_2663,11610.973609727462
00e12e8b_2664,11611.015745621818
00e12e8b_2665,11611.057881516177
00e12e8b_2666,11611.237890106457
00e12e8b_2667,11610.998358291465
00e12e8b_2668,11611.040494185821
00e12e8b_2669,11611.08263008018
00e12e8b_2670,11610.863777739065
00e12e8b_2671,11611.146603864745
00e12e8b_2672,11611.00855444111
00e12e8b_2673,11611.333712262347
00e12e8b_2674,11611.513720852628
00e12e8b_2675,11611.417984051062
00e12e8b_2676,11611.640305263414
00e12e8b_2677,11611.502255839778
00e12e8b_2678,11611.68226443006
00e12e8b_2679,11611.586527628495
00e12e8b_2680,11611.766536218774
00e12e8b_2681,11611.67079941721
00e12e8b_2682,11610.415243966352
00e12e8b_2683,11610.775437874627
00e12e8b_2684,11610.499515755067
00e12e8b_2685,11610.541651649426
00e12e8b_2686,11610.721660239707
00e12e8b_2687,11610.933410925934
00e12e8b_2688,11611.113419516216
00e12e8b_2689,11611.01768271465
00e12e8b_2690,11611.197691304931
00e12e8b_2691,11611.101954503365
00e12e8b_2692,11611.281963093646
00e12e8b_2693,11611.087145252652
00e12e8b_2694,11611.08696852494
00e12e8b_2695,11611.171417041369
00e12e8b_2696,11611.171240313655
00e12e8b_2697,11611.075503512091
00e12e8b_2698,11611.25551210237
00e12e8b_2699,11611.159775300806
00e12e8b_2700,11611.339783891086
00e12e8b_2701,11611.381919785445
00e12e8b_2702,11611.286182983878
00e12e8b_2703,11611.46619157416
00e12e8b_2704,11611.370454772596
00e12e8b_2705,11611.730648680868
00e12e8b_2706,11611.592599257234
00e12e8b_2707,11611.496862455668
00e12e8b_2708,11611.257670148732
00e12e8b_2709,11611.29980604309
00e12e8b_2710,11611.341941937448
00e12e8b_2711,11611.246205135882
00e12e8b_2712,11611.426213726163
00e12e8b_2713,11611.468349620522
00e12e8b_2714,11611.372612818956
00e12e8b_2715,11611.552621409237
00e12e8b_2716,11611.594757303594
00e12e8b_2717,11611.636893197952
00e12e8b_2718,11611.393270120141
00e12e8b_2719,11611.583292290745
00e12e8b_2720,11612.04256342375
00e12e8b_2721,11611.668862983879
00e12e8b_2722,11611.42523990607
00e12e8b_2723,11611.47387222987
00e12e8b_2724,11611.837583289023
00e12e8b_2725,11611.83740656131
00e12e8b_2726,11611.314520940776
00e12e8b_2727,11611.6424158073
00e12e8b_2728,11611.864737019652
00e12e8b_2729,11611.44092862385
00e12e8b_2730,11611.768823490374
00e12e8b_2731,11611.387327716642
00e12e8b_2732,11612.02851413285
00e12e8b_2733,11612.349912569933
00e12e8b_2734,11612.48295270013
00e12e8b_2735,11612.991032884649
00e12e8b_2736,11612.567224488845
00e12e8b_2737,11612.895119355371
00e12e8b_2738,11612.651496277562
00e12e8b_2739,11612.979391144087
00e12e8b_2740,11612.735768066277
00e12e8b_2741,11612.925790236879
00e12e8b_2742,11612.820039854993
00e12e8b_2743,11612.86217574935
00e12e8b_2744,11613.190070615876
00e12e8b_2745,11612.946447538065
00e12e8b_2746,11611.599936352955
00e12e8b_2747,11611.356313275146
00e12e8b_2748,11611.398449169503
00e12e8b_2749,11611.72634403603
00e12e8b_2750,11611.482720958218
00e12e8b_2751,11611.524856852577
00e12e8b_2752,11611.441908823594
00e12e8b_2753,11611.198285745784
00e12e8b_2754,11611.420606958134
00e12e8b_2755,11611.2825575345
00e12e8b_2756,11611.610452401026
00e12e8b_2757,11611.366829323215
00e12e8b_2758,11611.408965217573
00e12e8b_2759,11609.989721107047
00e12e8b_2760,11610.031857001406
00e12e8b_2761,11610.073992895763
00e12e8b_2762,11610.439517843466
00e12e8b_2763,11610.15826468448
00e12e8b_2764,11609.921136128763
00e12e8b_2765,11609.963272023122
00e12e8b_2766,11610.284672367552
00e12e8b_2767,11610.32680826191
00e12e8b_2768,11610.368944156267
00e12e8b_2769,11610.411080050626
00e12e8b_2770,11610.453215944983
00e12e8b_2771,11610.495351839341
00e12e8b_2772,11610.202543962338
00e12e8b_2773,11610.102124619878
00e12e8b_2774,11610.10663043306
00e12e8b_2775,11610.148766327417
00e12e8b_2776,11610.190902221775
00e12e8b_2777,11610.233038116132
00e12e8b_2778,11610.27517401049
00e12e8b_2779,11610.345355559144
00e12e8b_2780,11610.539631117199
00e12e8b_2781,11610.228691984092
00e12e8b_2782,11610.090642560455
00e12e8b_2783,11610.132778454814
00e12e8b_2784,11610.212544430347
00e12e8b_2785,11609.647510219726
00e12e8b_2786,11609.699230540962
00e12e8b_2787,11609.74136643532
00e12e8b_2788,11610.129123438686
00e12e8b_2789,11610.199304987342
00e12e8b_2790,11610.393580545397
00e12e8b_2791,11610.25553112176
00e12e8b_2792,11610.288082589239
00e12e8b_2793,11610.377432991652
00e12e8b_2794,11610.381938804834
00e12e8b_2795,11610.414490272311
00e12e8b_2796,11610.46621059355
00e12e8b_2797,11610.545976569085
00e12e8b_2798,11609.95958577582
00e12e8b_2799,11610.011306097058
00e12e8b_2800,11610.081487645712
00e12e8b_2801,11610.095577885773
00e12e8b_2802,11610.028918614114
00e12e8b_2803,11610.11826901653
00e12e8b_2804,11610.11319040283
00e12e8b_2805,11610.164910724068
00e12e8b_2806,11610.235092272724
00e12e8b_2807,11610.249182512784
00e12e8b_2808,11610.281733980262
00e12e8b_2809,11610.371084382676
00e12e8b_2810,11610.366005768978
00e12e8b_2811,11610.014821579716
00e12e8b_2812,11610.104171982131
00e12e8b_2813,11610.099093368432
00e12e8b_2814,11610.14122926279
00e12e8b_2815,11610.220995238325
00e12e8b_2816,11610.229914656242
00e12e8b_2817,11610.267636945864
00e12e8b_2818,11610.347402921398
00e12e8b_2819,11610.35190873458
00e12e8b_2820,11610.398458233672
00e12e8b_2821,11610.436180523295
00e12e8b_2822,11610.515946498828
00e12e8b_2823,11610.70505123474
00e12e8b_2824,11610.562588206369
00e12e8b_2825,11610.609137705462
00e12e8b_2826,11610.688903680997
00e12e8b_2827,11610.68899588944
00e12e8b_2828,11610.735545388536
00e12e8b_2829,11610.777681282892
00e12e8b_2830,11610.819817177251
00e12e8b_2831,11610.86195307161
00e12e8b_2832,11611.121904365136
00e12e8b_2833,11610.946224860325
00e12e8b_2834,11611.126607290937
00e12e8b_2835,11611.03049664904
00e12e8b_2836,11611.25281786139
00e12e8b_2837,11610.654261998547
00e12e8b_2838,11610.592018238973
00e12e8b_2839,11610.772400669586
00e12e8b_2840,11610.822608463359
00e12e8b_2841,11611.036857776295
00e12e8b_2842,11610.85967718811
00e12e8b_2843,11610.93567996479
00e12e8b_2844,11610.943948976825
00e12e8b_2845,11610.674330644497
00e12e8b_2846,11610.682599656531
00e12e8b_2847,11610.904920868881
00e12e8b_2848,11610.94705676324
00e12e8b_2849,11610.809007339605
00e12e8b_2850,11611.34613835115
00e12e8b_2851,11610.87406831289
00e12e8b_2852,11610.916204207248
00e12e8b_2853,11611.472546034223
00e12e8b_2854,11611.51468192858
00e12e8b_2855,11610.904739194399
00e12e8b_2856,11611.598953717295
00e12e8b_2857,11610.166838818197
00e12e8b_2858,11610.208974712556
00e12e8b_2859,11610.251110606912
00e12e8b_2860,11610.293246501271
00e12e8b_2861,11610.212196284177
00e12e8b_2862,11610.55770360798
00e12e8b_2863,11609.391158395769
00e12e8b_2864,11609.433294290127
00e12e8b_2865,11610.532112771156
00e12e8b_2866,11609.517566078843
00e12e8b_2867,11610.739570671321
00e12e8b_2868,11609.601837867558
00e12e8b_2869,11610.700656348587
00e12e8b_2870,11610.865978354394
00e12e8b_2871,11609.728245550632
00e12e8b_2872,11610.827064031659
00e12e8b_2873,11610.992386037467
00e12e8b_2874,11611.034521931826
00e12e8b_2875,11611.291387135265
00e12e8b_2876,11611.049560779868
00e12e8b_2877,11610.864731723663
00e12e8b_2878,11610.83493768638
00e12e8b_2879,11610.919931704517
00e12e8b_2880,11610.640503878172
00e12e8b_2881,11610.857082063789
00e12e8b_2882,11610.90496098488
00e12e8b_2883,11610.941353852506
00e12e8b_2884,11610.860303635412
00e12e8b_2885,11611.154554779405
00e12e8b_2886,11611.14295303338
00e12e8b_2887,11611.30827503919
00e12e8b_2888,11611.227224822096
00e12e8b_2889,11610.898085768335
00e12e8b_2890,11610.86381518381
00e12e8b_2891,11611.029137189618
00e12e8b_2892,11610.948086972527
00e12e8b_2893,11611.113408978334
00e12e8b_2894,11611.13020002406
00e12e8b_2895,11611.074494655599
00e12e8b_2896,11611.36025237613
00e12e8b_2897,11611.158766444314
00e12e8b_2898,11611.444524164845
00e12e8b_2899,11611.220443781127
00e12e8b_2900,11611.40560984211
00e12e8b_2901,11611.233016427386
00e12e8b_2902,11611.129371758389
00e12e8b_2903,11611.171507652747
00e12e8b_2904,11611.393828865097
00e12e8b_2905,11611.401560004817
00e12e8b_2906,11611.29791533582
00e12e8b_2907,11611.340051230178
00e12e8b_2908,11611.52796768789
00e12e8b_2909,11611.424323018893
00e12e8b_2910,11611.466458913252
00e12e8b_2911,11611.654375370963
00e12e8b_2912,11611.550730701967
00e12e8b_2913,11611.592866596324
00e12e8b_2914,11611.660347339315
00e12e8b_2915,11612.086545047026
00e12e8b_2916,11611.069444414896
00e12e8b_2917,11610.845364031178
00e12e8b_2918,11611.153716203611
00e12e8b_2919,11611.109821137887
00e12e8b_2920,11611.237987992326
00e12e8b_2921,11611.013907608609
00e12e8b_2922,11611.20182406632
00e12e8b_2923,11611.243959960679
00e12e8b_2924,11611.260751006403
00e12e8b_2925,11611.328231749394
00e12e8b_2926,11611.370367643753
00e12e8b_2927,11611.28931742666
00e12e8b_2928,11611.454639432468
00e12e8b_2929,11611.112982449627
00e12e8b_2930,11610.980676052726
00e12e8b_2931,11611.197254238343
00e12e8b_2932,11611.239390132701
00e12e8b_2933,11611.23026984725
00e12e8b_2934,11611.323661921417
00e12e8b_2935,11611.365797815775
00e12e8b_2936,11611.356677530322
00e12e8b_2937,11611.27562731323
00e12e8b_2938,11611.67239081684
00e12e8b_2939,11611.203822670672
00e12e8b_2940,11611.245958565029
00e12e8b_2941,11611.339350639197
00e12e8b_2942,11611.330230353746
00e12e8b_2943,11611.040842352839
00e12e8b_2944,11611.120608328374
00e12e8b_2945,11611.125114141554
00e12e8b_2946,11611.167250035913
00e12e8b_2947,11610.029534398287
00e12e8b_2948,11611.251521824628
00e12e8b_2949,11611.293657718985
00e12e8b_2950,11610.155942081361
00e12e8b_2951,11611.415559588879
00e12e8b_2952,11611.21169328597
00e12e8b_2953,11610.073977648346
00e12e8b_2954,11610.116113542703
00e12e8b_2955,11611.37573105022
00e12e8b_2956,11610.155341386106
00e12e8b_2957,11610.017303406563
00e12e8b_2958,11611.276926636125
00e12e8b_2959,11610.101575195278
00e12e8b_2960,11610.181350707557
00e12e8b_2961,11610.185846983994
00e12e8b_2962,11610.265622496272
00e12e8b_2963,11610.270118772709
00e12e8b_2964,11609.83568835237
00e12e8b_2965,11610.354390561424
00e12e8b_2966,11610.434166073703
00e12e8b_2967,11610.438662350141
00e12e8b_2968,11610.0042319298
00e12e8b_2969,11610.522934138857
00e12e8b_2970,11609.699225306651
00e12e8b_2971,11610.255570948324
00e12e8b_2972,11609.745857477446
00e12e8b_2973,11610.405329644998
00e12e8b_2974,11610.26728212871
00e12e8b_2975,11610.823623955686
00e12e8b_2976,11610.627045631905
00e12e8b_2977,11610.672954261858
00e12e8b_2978,11610.715090156216
00e12e8b_2979,11610.757226050573
00e12e8b_2980,11610.833228827256
00e12e8b_2981,11610.883428991632
00e12e8b_2982,11610.879860998051
00e12e8b_2983,11610.236940206007
00e12e8b_2984,11610.31294298269
00e12e8b_2985,11610.18296355112
00e12e8b_2986,11610.397214771405
00e12e8b_2987,11610.267235339836
00e12e8b_2988,11610.343238116517
00e12e8b_2989,11610.523622454479
00e12e8b_2990,11609.625897051228
00e12e8b_2991,11609.634166063262
00e12e8b_2992,11609.624273301613
00e12e8b_2993,11609.890553177906
00e12e8b_2994,11609.79444062866
00e12e8b_2995,11610.016759933662
00e12e8b_2996,11609.878712417376
00e12e8b_2997,11609.828616561244
00e12e8b_2998,11609.784856917273
00e12e8b_2999,11609.91288834996
00e12e8b_3000,11609.955024244318
00e12e8b_3001,11609.911264600347
00e12e8b_3002,11610.034886242995
00e12e8b_3003,11610.081431927392
00e12e8b_3004,11610.123567821749
00e12e8b_3005,11610.079808177778
00e12e8b_3006,11610.203429820425
00e12e8b_3007,11610.249975504823
00e12e8b_3008,11610.20621586085
00e12e8b_3009,11610.510020914144
00e12e8b_3010,11610.073419931061
00e12e8b_3011,11610.291329446023
00e12e8b_3012,11610.071796181446
00e12e8b_3013,11610.199827614133
00e12e8b_3014,11610.237553718453
00e12e8b_3015,11610.198203864518
00e12e8b_3016,11610.321825507168
00e12e8b_3017,11610.368371191564
00e12e8b_3018,11610.410507085922
00e12e8b_3019,11610.36674744195
00e12e8b_3020,11610.494778874638
00e12e8b_3021,11610.532504978957
00e12e8b_3022,11610.579050663353
00e12e8b_3023,11610.535291019381
00e12e8b_3024,11609.134250644207
00e12e8b_3025,11609.171976748527
00e12e8b_3026,11608.831712130188
00e12e8b_3027,11608.968135896861
00e12e8b_3028,11608.915983918905
00e12e8b_3029,11608.928147736846
00e12e8b_3030,11608.970283631204
00e12e8b_3031,11608.93093377727
00e12e8b_3032,11609.05455541992
00e12e8b_3033,11609.212051574286
00e12e8b_3034,11609.249777678606
00e12e8b_3035,11609.210427824673
00e12e8b_3036,11609.94169640946
00e12e8b_3037,11609.644816343125
00e12e8b_3038,11609.871545438165
00e12e8b_3039,11609.64760238355
00e12e8b_3040,11609.771224026197
00e12e8b_3041,11609.813359920556
00e12e8b_3042,11609.859905604952
00e12e8b_3043,11609.897631709271
00e12e8b_3044,11609.255040888542
00e12e8b_3045,11609.383072321229
00e12e8b_3046,11609.420798425548
00e12e8b_3047,11609.689901177815
00e12e8b_3048,11609.650551323883
00e12e8b_3049,11609.77858275657
00e12e8b_3050,11609.816308860889
00e12e8b_3051,11609.127277915646
00e12e8b_3052,11609.169413810005
00e12e8b_3053,11609.130063956072
00e12e8b_3054,11609.25809538876
00e12e8b_3055,11609.476004903723
00e12e8b_3056,11609.009622579086
00e12e8b_3057,11609.042175953913
00e12e8b_3058,11609.002826099979
00e12e8b_3059,11609.126447742628
00e12e8b_3060,11609.559803729759
00e12e8b_3061,11609.597529834078
00e12e8b_3062,11609.639665728437
00e12e8b_3063,11609.609898394034
00e12e8b_3064,11609.723937517152
00e12e8b_3065,11609.816541856333
00e12e8b_3066,11609.858677750692
00e12e8b_3067,11609.631129807158
00e12e8b_3068,11609.762380844339
00e12e8b_3069,11609.705819076344
00e12e8b_3070,11609.7479549707
00e12e8b_3071,11609.79967338459
00e12e8b_3072,11610.01241017006
00e12e8b_3073,11609.973060316128
00e12e8b_3074,11609.926081067662
00e12e8b_3075,11609.95863444249
00e12e8b_3076,11610.010352856378
00e12e8b_3077,11610.042906231205
00e12e8b_3078,11610.085042125564
00e12e8b_3079,11608.882575816551
00e12e8b_3080,11608.99661493967
00e12e8b_3081,11609.048333353558
00e12e8b_3082,11609.080886728385
00e12e8b_3083,11609.128027505554
00e12e8b_3084,11609.160580880382
00e12e8b_3085,11609.130813545979
00e12e8b_3086,11609.244852669097
00e12e8b_3087,11609.296571082987
00e12e8b_3088,11609.329124457812
00e12e8b_3089,11609.380842871702
00e12e8b_3090,11609.413396246528
00e12e8b_3091,11609.465114660417
00e12e8b_3092,11609.416182286952
00e12e8b_3093,11608.65767807511
00e12e8b_3094,11608.699813969466
00e12e8b_3095,11608.732367344293
00e12e8b_3096,11608.784085758183
00e12e8b_3097,11608.82622165254
00e12e8b_3098,11608.858775027367
00e12e8b_3099,11608.947293825777
00e12e8b_3100,11609.006897218915
00e12e8b_3101,11609.03945059374
00e12e8b_3102,11609.09116900763
00e12e8b_3103,11609.123722382457
00e12e8b_3104,11609.093955048054
00e12e8b_3105,11609.217576690704
00e12e8b_3106,11609.25013006553
00e12e8b_3107,11608.519030638843
00e12e8b_3108,11608.479680784909
00e12e8b_3109,11608.593719908027
00e12e8b_3110,11608.645438321915
00e12e8b_3111,11608.606088467983
00e12e8b_3112,11608.720127591101
00e12e8b_3113,11608.77184600499
00e12e8b_3114,11608.732496151057
00e12e8b_3115,11608.846535274173
00e12e8b_3116,11609.078437098708
00e12e8b_3117,11609.039087244773
00e12e8b_3118,11608.982525476778
00e12e8b_3119,11609.015078851604
00e12e8b_3120,11608.985311517203
00e12e8b_3121,11608.273297020936
00e12e8b_3122,11608.22436464747
00e12e8b_3123,11608.357568809652
00e12e8b_3124,11608.318218955717
00e12e8b_3125,11608.432258078836
00e12e8b_3126,11608.483976492724
00e12e8b_3127,11608.444626638791
00e12e8b_3128,11608.35172987934
00e12e8b_3129,11608.321962544938
00e12e8b_3130,11608.445584187588
00e12e8b_3131,11608.396651814122
00e12e8b_3132,11608.529855976303
00e12e8b_3133,11608.490506122369
00e12e8b_3134,11608.532642016728
00e12e8b_3135,11608.646681139844
00e12e8b_3136,11608.436150560814
00e12e8b_3137,11608.559772203464
00e12e8b_3138,11608.510839829998
00e12e8b_3139,11608.644043992179
00e12e8b_3140,11608.604694138245
00e12e8b_3141,11608.646830032603
00e12e8b_3142,11608.662907729939
00e12e8b_3143,11608.633140395537
00e12e8b_3144,11608.675276289894
00e12e8b_3145,11608.789315413012
00e12e8b_3146,11608.759548078611
00e12e8b_3147,11608.801683972968
00e12e8b_3148,11608.925305615618
00e12e8b_3149,11608.876373242152
00e12e8b_3150,11608.059099804235
00e12e8b_3151,11608.449822734725
00e12e8b_3152,11608.230289470148
00e12e8b_3153,11608.443026255618
00e12e8b_3154,11608.314561258863
00e12e8b_3155,11608.356697153222
00e12e8b_3156,11608.660502206514
00e12e8b_3157,11608.431386422406
00e12e8b_3158,11608.483104836294
00e12e8b_3159,11608.525240730653
00e12e8b_3160,11608.557794105478
00e12e8b_3161,11608.690998267659
00e12e8b_3162,11608.651648413725
00e12e8b_3163,11608.693784308083
00e12e8b_3164,11608.029842626758
00e12e8b_3165,11608.081561040646
00e12e8b_3166,11608.123696935005
00e12e8b_3167,11608.165832829362
00e12e8b_3168,11608.20796872372
00e12e8b_3169,11608.322007846837
00e12e8b_3170,11608.292240512435
00e12e8b_3171,11608.334376406794
00e12e8b_3172,11608.179841768924
00e12e8b_3173,11608.212395143752
00e12e8b_3174,11608.26411355764
00e12e8b_3175,11608.306249451998
00e12e8b_3176,11608.528568757
00e12e8b_3177,11608.561122131827
00e12e8b_3178,11608.43265713507
00e12e8b_3179,11608.474793029429
00e12e8b_3180,11608.516928923787
00e12e8b_3181,11608.559064818144
00e12e8b_3182,11608.591618192972
00e12e8b_3183,11608.823520017504
00e12e8b_3184,11608.685472501218
00e12e8b_3185,11608.727608395575
00e12e8b_3186,11608.760161770402
00e12e8b_3187,11608.81188018429
00e12e8b_3188,11609.034199489293
00e12e8b_3189,11608.896151973007
00e12e8b_3190,11608.938287867364
00e12e8b_3191,11609.151024652836
00e12e8b_3192,11609.02255965608
00e12e8b_3193,11608.679044915672
00e12e8b_3194,11608.737568749482
00e12e8b_3195,11608.861190392132
00e12e8b_3196,11608.795870079213
00e12e8b_3197,11608.863976432556
00e12e8b_3198,11608.906112326915
00e12e8b_3199,11608.948248221272
00e12e8b_3200,11608.99038411563
00e12e8b_3201,11609.114005758278
00e12e8b_3202,11609.048685445361
00e12e8b_3203,11609.116791798702
00e12e8b_3204,11609.240413441352
00e12e8b_3205,11609.20106358742
00e12e8b_3206,11609.324685230067
00e12e8b_3207,11609.285335376135
00e12e8b_3208,11608.552355303695
00e12e8b_3209,11608.487034990778
00e12e8b_3210,11608.63662709241
00e12e8b_3211,11608.678762986769
00e12e8b_3212,11608.639413132834
00e12e8b_3213,11608.763034775484
00e12e8b_3214,11608.805170669842
00e12e8b_3215,11608.8473065642
00e12e8b_3216,11608.889442458558
00e12e8b_3217,11608.931578352915
00e12e8b_3218,11608.787316694783
00e12e8b_3219,11608.855423048124
00e12e8b_3220,11608.897558942483
00e12e8b_3221,11608.821412518724
00e12e8b_3222,11608.650722637936
00e12e8b_3223,11608.87304194294
00e12e8b_3224,11608.734994426652
00e12e8b_3225,11608.733486369594
00e12e8b_3226,11609.098528758092
00e12e8b_3227,11609.14066465245
00e12e8b_3228,11609.13915659539
00e12e8b_3229,11609.224936441165
00e12e8b_3230,11609.223428384106
00e12e8b_3231,11609.30920822988
00e12e8b_3232,11609.594000832003
00e12e8b_3233,11609.679780677776
00e12e8b_3234,11609.678272620718
00e12e8b_3235,11609.90059192572
00e12e8b_3236,11609.96040131251
00e12e8b_3237,11609.80468030379
00e12e8b_3238,11609.302306310454
00e12e8b_3239,11609.344442204812
00e12e8b_3240,11609.38657809917
00e12e8b_3241,11610.031954960325
00e12e8b_3242,11610.074090854681
00e12e8b_3243,11610.11622674904
00e12e8b_3244,11610.158362643397
00e12e8b_3245,11610.200498537755
00e12e8b_3246,11609.639393465315
00e12e8b_3247,11609.681529359674
00e12e8b_3248,11609.950632111942
00e12e8b_3249,11609.854893403028
00e12e8b_3250,11610.034903900658
00e12e8b_3251,11609.739122467134
00e12e8b_3252,11609.473259704266
00e12e8b_3253,11609.653270201894
00e12e8b_3254,11609.557531492981
00e12e8b_3255,11609.435746031137
00e12e8b_3256,11609.340007322224
00e12e8b_3257,11609.520017819854
00e12e8b_3258,11609.42427911094
00e12e8b_3259,11609.202647762866
00e12e8b_3260,11609.562841671139
00e12e8b_3261,11609.286919551581
00e12e8b_3262,11609.447337764053
00e12e8b_3263,11609.645403223842
00e12e8b_3264,11609.531609552769
00e12e8b_3265,11609.573745447127
00e12e8b_3266,11609.615881341486
00e12e8b_3267,11609.715779381839
00e12e8b_3268,11609.601985710768
00e12e8b_3269,11609.644121605124
00e12e8b_3270,11609.686257499483
00e12e8b_3271,11609.72839339384
00e12e8b_3272,11609.770529288198
00e12e8b_3273,11609.812665182557
00e12e8b_3274,11609.859134573007
00e12e8b_3275,11609.896936971272
00e12e8b_3276,11609.939072865629
00e12e8b_3277,11609.985542256081
00e12e8b_3278,11610.023344654344
00e12e8b_3279,11610.069814044797
00e12e8b_3280,11610.26354600849
00e12e8b_3281,11610.154085833512
00e12e8b_3282,11609.846337694667
00e12e8b_3283,11608.974582750401
00e12e8b_3284,11609.021052140853
00e12e8b_3285,11609.06318803521
00e12e8b_3286,11609.100990433475
00e12e8b_3287,11609.147459823926
00e12e8b_3288,11609.189595718284
00e12e8b_3289,11609.231731612641
00e12e8b_3290,11609.273867507
00e12e8b_3291,11609.311669905264
00e12e8b_3292,11609.358139295715
00e12e8b_3293,11609.400275190073
00e12e8b_3294,11609.44241108443
00e12e8b_3295,11609.480213482695
00e12e8b_3296,11609.526682873146
00e12e8b_3297,11609.568818767504
00e12e8b_3298,11608.575401683345
00e12e8b_3299,11608.61320408161
00e12e8b_3300,11608.659673472062
00e12e8b_3301,11608.70180936642
00e12e8b_3302,11608.743945260778
00e12e8b_3303,11608.78174765904
00e12e8b_3304,11608.984146614923
00e12e8b_3305,11608.87035294385
00e12e8b_3306,11608.908155342115
00e12e8b_3307,11608.954624732567
00e12e8b_3308,11608.996760626924
00e12e8b_3309,11609.038896521282
00e12e8b_3310,11609.076698919545
00e12e8b_3311,11609.123168309998
00e12e8b_3312,11609.165304204354
00e12e8b_3313,11609.20310660262
00e12e8b_3314,11609.05662097598
00e12e8b_3315,11609.098756870339
00e12e8b_3316,11609.140892764697
00e12e8b_3317,11609.17869516296
00e12e8b_3318,11609.225164553412
00e12e8b_3319,11609.26730044777
00e12e8b_3320,11609.305102846034
00e12e8b_3321,11609.351572236485
00e12e8b_3322,11609.393708130843
00e12e8b_3323,11609.431510529106
00e12e8b_3324,11609.477979919558
00e12e8b_3325,11609.676045379347
00e12e8b_3326,11609.562251708274
00e12e8b_3327,11609.600054106539
00e12e8b_3328,11608.888131163005
00e12e8b_3329,11608.930267057363
00e12e8b_3330,11608.968069455626
00e12e8b_3331,11609.014538846079
00e12e8b_3332,11608.860187313678
00e12e8b_3333,11608.897989711943
00e12e8b_3334,11608.944459102395
00e12e8b_3335,11608.986594996752
00e12e8b_3336,11608.572538874509
00e12e8b_3337,11608.61900826496
00e12e8b_3338,11608.661144159318
00e12e8b_3339,11608.69894655758
00e12e8b_3340,11608.901345513463
00e12e8b_3341,11608.783218346296
00e12e8b_3342,11608.829687736748
00e12e8b_3343,11609.05979283887
00e12e8b_3344,11609.097595237134
00e12e8b_3345,11609.144064627586
00e12e8b_3346,11609.186200521943
00e12e8b_3347,11609.224002920208
00e12e8b_3348,11609.270472310658
00e12e8b_3349,11609.312608205017
00e12e8b_3350,11609.350410603281
00e12e8b_3351,11609.396879993732
00e12e8b_3352,11609.434682391997
00e12e8b_3353,11609.481151782447
00e12e8b_3354,11609.523287676806
00e12e8b_3355,11609.561090075069
00e12e8b_3356,11609.607559465521
00e12e8b_3357,11609.649695359878
00e12e8b_3358,11609.687497758143
00e12e8b_3359,11609.889896714025
00e12e8b_3360,11609.771769546858
00e12e8b_3361,11609.97416850274
00e12e8b_3362,11609.860374831667
00e12e8b_3363,11609.898177229932
00e12e8b_3364,11609.944646620383
00e12e8b_3365,11609.982449018647
00e12e8b_3366,11610.028918409098
00e12e8b_3367,11610.071054303457
00e12e8b_3368,11610.108856701721
00e12e8b_3369,11610.155326092172
00e12e8b_3370,11610.193128490437
00e12e8b_3371,11610.239597880887
00e12e8b_3372,11610.437663340675
00e12e8b_3373,11610.319536173509
00e12e8b_3374,11610.335861826168
00e12e8b_3375,11610.162650430488
00e12e8b_3376,11610.209119820938
00e12e8b_3377,11610.246922219203
00e12e8b_3378,11610.293391609654
00e12e8b_3379,11610.335527504012
00e12e8b_3380,11610.373329902275
00e12e8b_3381,11610.419799292727
00e12e8b_3382,11610.45760169099
00e12e8b_3383,11610.504071081443
00e12e8b_3384,11610.518050695284
00e12e8b_3385,11610.720449651164
00e12e8b_3386,11610.602322484
00e12e8b_3387,11610.64879187445
00e12e8b_3388,11610.36469867335
00e12e8b_3389,11610.4111680638
00e12e8b_3390,11609.800277377348
00e12e8b_3391,11609.846746767798
00e12e8b_3392,11609.884549166063
00e12e8b_3393,11609.926685060422
00e12e8b_3394,11609.973154450872
00e12e8b_3395,11609.9630175486
00e12e8b_3396,11610.161083008386
00e12e8b_3397,11610.051622833409
00e12e8b_3398,11610.089425231672
00e12e8b_3399,11610.135894622124
00e12e8b_3400,11610.173697020387
00e12e8b_3401,11610.215832914746
00e12e8b_3402,11610.257968809105
00e12e8b_3403,11610.304438199555
00e12e8b_3404,11610.34224059782
00e12e8b_3405,11608.617420162831
00e12e8b_3406,11608.65955605719
00e12e8b_3407,11608.70602544764
00e12e8b_3408,11608.743827845905
00e12e8b_3409,11608.785963740262
00e12e8b_3410,11608.82809963462
00e12e8b_3411,11609.030498590502
00e12e8b_3412,11608.912371423336
00e12e8b_3413,11608.954507317694
00e12e8b_3414,11608.996643212051
00e12e8b_3415,11609.03877910641
00e12e8b_3416,11609.080915000766
00e12e8b_3417,11609.123050895125
00e12e8b_3418,11609.321116354913
00e12e8b_3419,11609.211656179934
00e12e8b_3420,11609.249458578199
00e12e8b_3421,11609.235693898825
00e12e8b_3422,11609.277829793184
00e12e8b_3423,11609.47589525297
00e12e8b_3424,11609.362101581899
00e12e8b_3425,11609.404237476256
00e12e8b_3426,11609.446373370614
00e12e8b_3427,11609.488509264973
00e12e8b_3428,11609.53064515933
00e12e8b_3429,11609.572781053688
00e12e8b_3430,11609.614916948045
00e12e8b_3431,11609.657052842404
00e12e8b_3432,11609.837063340032
00e12e8b_3433,11609.741324631119
00e12e8b_3434,11609.783460525476
00e12e8b_3435,11609.63945445206
00e12e8b_3436,11609.68159034642
00e12e8b_3437,11608.86384388604
00e12e8b_3438,11609.061909345828
00e12e8b_3439,11608.948115674755
00e12e8b_3440,11609.128126172385
00e12e8b_3441,11609.03238746347
00e12e8b_3442,11609.07452335783
00e12e8b_3443,11609.116659252186
00e12e8b_3444,11609.314724711974
00e12e8b_3445,11609.338805644174
00e12e8b_3446,11609.24306693526
00e12e8b_3447,11609.285202829618
00e12e8b_3448,11609.465213327247
00e12e8b_3449,11609.369474618334
00e12e8b_3450,11609.41161051269
00e12e8b_3451,11609.453746407049
00e12e8b_3452,11609.358274726945
00e12e8b_3453,11609.41846558346
00e12e8b_3454,11609.304671912389
00e12e8b_3455,11609.484682410017
00e12e8b_3456,11609.388943701104
00e12e8b_3457,11609.568954198732
00e12e8b_3458,11609.47321548982
00e12e8b_3459,11609.515351384176
00e12e8b_3460,11609.695361881806
00e12e8b_3461,11609.599623172893
00e12e8b_3462,11609.779633670521
00e12e8b_3463,11609.683894961609
00e12e8b_3464,11610.019835024666
00e12e8b_3465,11609.768166750324
00e12e8b_3466,11609.948177247952
00e12e8b_3467,11609.85243853904
00e12e8b_3468,11610.032449036667
00e12e8b_3469,11607.537616699825
00e12e8b_3470,11607.717627197455
00e12e8b_3471,11607.62188848854
00e12e8b_3472,11607.80189898617
00e12e8b_3473,11607.844034880527
00e12e8b_3474,11607.748296171614
00e12e8b_3475,11607.197288602836
00e12e8b_3476,11607.101549893923
00e12e8b_3477,11607.281560391551
00e12e8b_3478,11607.32369628591
00e12e8b_3479,11607.227957576997
00e12e8b_3480,11607.407968074625
00e12e8b_3481,11607.450103968984
00e12e8b_3482,11607.510294825499
00e12e8b_3483,11607.5343757577
00e12e8b_3484,11607.23868587691
00e12e8b_3485,11607.436751336698
00e12e8b_3486,11607.185083062355
00e12e8b_3487,11607.365093559984
00e12e8b_3488,11607.407229454342
00e12e8b_3489,11607.449365348699
00e12e8b_3490,11607.353626639786
00e12e8b_3491,11607.533637137414
00e12e8b_3492,11607.575773031773
00e12e8b_3493,11607.61790892613
00e12e8b_3494,11607.660044820488
00e12e8b_3495,11607.564306111575
00e12e8b_3496,11607.744316609203
00e12e8b_3497,11607.942382068992
00e12e8b_3498,11607.984517963348
00e12e8b_3499,11608.026653857707
00e12e8b_3500,11607.874980242786
00e12e8b_3501,11608.073045702575
00e12e8b_3502,11607.959252031502
00e12e8b_3503,11608.00138792586
00e12e8b_3504,11607.905649216947
00e12e8b_3505,11608.085659714576
00e12e8b_3506,11608.127795608934
00e12e8b_3507,11608.32586106872
00e12e8b_3508,11608.21206739765
00e12e8b_3509,11608.254203292006
00e12e8b_3510,11608.296339186365
00e12e8b_3511,11608.338475080722
00e12e8b_3512,11608.38061097508
00e12e8b_3513,11608.422746869439
00e12e8b_3514,11608.464882763796
00e12e8b_3515,11608.55066260957
00e12e8b_3516,11607.917024883322
00e12e8b_3517,11607.95916077768
00e12e8b_3518,11607.845367106607
00e12e8b_3519,11607.887503000966
00e12e8b_3520,11607.929638895324
00e12e8b_3521,11607.971774789681
00e12e8b_3522,11608.01391068404
00e12e8b_3523,11608.056046578396
00e12e8b_3524,11608.141826424171
00e12e8b_3525,11608.140318367112
00e12e8b_3526,11608.18245426147
00e12e8b_3527,11608.224590155827
00e12e8b_3528,11608.266726050186
00e12e8b_3529,11608.308861944544
00e12e8b_3530,11608.394641790317
00e12e8b_3531,11608.39313373326
00e12e8b_3532,11608.435269627616
00e12e8b_3533,11608.477405521975
00e12e8b_3534,11608.563185367748
00e12e8b_3535,11608.56167731069
00e12e8b_3536,11608.759742770477
00e12e8b_3537,11608.689593050822
00e12e8b_3538,11608.688084993764
00e12e8b_3539,11608.730220888121
00e12e8b_3540,11608.77235678248
00e12e8b_3541,11608.858136628252
00e12e8b_3542,11608.856628571195
00e12e8b_3543,11609.098337982397
00e12e8b_3544,11608.94090035991
00e12e8b_3545,11608.983036254267
00e12e8b_3546,11609.224745665471
00e12e8b_3547,11609.067308042984
00e12e8b_3548,11608.25562313656
00e12e8b_3549,11608.341402982334
00e12e8b_3550,11608.339894925275
00e12e8b_3551,11608.42567477105
00e12e8b_3552,11608.42416671399
00e12e8b_3553,11608.509946559765
00e12e8b_3554,11608.508438502708
00e12e8b_3555,11608.59421834848
00e12e8b_3556,11608.592710291423
00e12e8b_3557,11608.834419702625
00e12e8b_3558,11608.676982080138
00e12e8b_3559,11608.762761925911
00e12e8b_3560,11608.917183434283
00e12e8b_3561,11608.847033714626
00e12e8b_3562,11608.845525657569
00e12e8b_3563,11608.931305503344
00e12e8b_3564,11608.9734413977
00e12e8b_3565,11608.8020725008
00e12e8b_3566,11608.887852346572
00e12e8b_3567,11608.886344289514
00e12e8b_3568,11608.972124135287
00e12e8b_3569,11609.014260029646
00e12e8b_3570,11609.012751972587
00e12e8b_3571,11609.098531818361
00e12e8b_3572,11609.011982715161
00e12e8b_3573,11609.010474658102
00e12e8b_3574,11609.171785509736
00e12e8b_3575,11609.213921404093
00e12e8b_3576,11609.212413347035
00e12e8b_3577,11609.298193192808
00e12e8b_3578,11609.340329087167
00e12e8b_3579,11609.338821030107
00e12e8b_3580,11609.424600875882
00e12e8b_3581,11608.261647201149
00e12e8b_3582,11608.26013914409
00e12e8b_3583,11608.345918989864
00e12e8b_3584,11608.38805488422
00e12e8b_3585,11608.386546827163
00e12e8b_3586,11608.472326672936
00e12e8b_3587,11608.670392132724
00e12e8b_3588,11608.556598461653
00e12e8b_3589,11608.555090404594
00e12e8b_3590,11608.640870250369
00e12e8b_3591,11608.683006144725
00e12e8b_3592,11608.681498087668
00e12e8b_3593,11608.76727793344
00e12e8b_3594,11608.8094138278
00e12e8b_3595,11608.96383533617
00e12e8b_3596,11608.893685616515
00e12e8b_3597,11607.543560005746
00e12e8b_3598,11607.585695900103
00e12e8b_3599,11607.584187843046
00e12e8b_3600,11607.956268347998
00e12e8b_3601,11607.998404242357
00e12e8b_3602,11607.769929327387
00e12e8b_3603,11608.614879705388
00e12e8b_3604,11608.839003362196
00e12e8b_3605,11609.282273747522
00e12e8b_3606,11610.16448990311
00e12e8b_3607,11610.394064762311
00e12e8b_3608,11610.5921302221
00e12e8b_3609,11610.478336551027
00e12e8b_3610,11610.47682849397
00e12e8b_3611,11611.10230026479
00e12e8b_3612,11610.98850659372
00e12e8b_3613,11611.030642488076
00e12e8b_3614,11609.943284669056
00e12e8b_3615,11610.02906451483
00e12e8b_3616,11610.071200409187
00e12e8b_3617,11610.113336303546
00e12e8b_3618,11610.12732354678
00e12e8b_3619,11610.213103392554
00e12e8b_3620,11609.547834196579
00e12e8b_3621,11609.589970090938
00e12e8b_3622,11609.58846203388
00e12e8b_3623,11609.183423855971
00e12e8b_3624,11609.22555975033
00e12e8b_3625,11609.267695644687
00e12e8b_3626,11609.26618758763
00e12e8b_3627,11609.507896998832
00e12e8b_3628,11609.39410332776
00e12e8b_3629,11609.436239222117
00e12e8b_3630,11609.451409021505
00e12e8b_3631,11608.814536431977
00e12e8b_3632,11608.90031627775
00e12e8b_3633,11608.924378136464
00e12e8b_3634,11608.96651403082
00e12e8b_3635,11609.00864992518
00e12e8b_3636,11609.00714186812
00e12e8b_3637,11609.092921713895
00e12e8b_3638,11609.121420065527
00e12e8b_3639,11609.163555959885
00e12e8b_3640,11609.205691854244
00e12e8b_3641,11609.401758412663
00e12e8b_3642,11609.487538258438
00e12e8b_3643,11609.529674152795
00e12e8b_3644,11609.571810047153
00e12e8b_3645,11609.629441241803
00e12e8b_3646,11609.627933184745
00e12e8b_3647,11608.947355608643
00e12e8b_3648,11608.989491503002
00e12e8b_3649,11609.03162739736
00e12e8b_3650,11609.073763291717
00e12e8b_3651,11609.115899186076
00e12e8b_3652,11609.098895828723
00e12e8b_3653,11609.211641769469
00e12e8b_3654,11609.253777663826
00e12e8b_3655,11609.259281020342
00e12e8b_3656,11609.45734648013
00e12e8b_3657,11609.14597819358
00e12e8b_3658,11609.144470136522
00e12e8b_3659,11609.243887525019
00e12e8b_3660,11609.286023419378
00e12e8b_3661,11609.328159313734
00e12e8b_3662,11609.526224773523
00e12e8b_3663,11608.809190135653
00e12e8b_3664,11608.503799479719
00e12e8b_3665,11608.502291422661
00e12e8b_3666,11608.588071268434
00e12e8b_3667,11609.23344812959
00e12e8b_3668,11609.275584023946
00e12e8b_3669,11609.317719918305
00e12e8b_3670,11608.976093453042
00e12e8b_3671,11609.033724647694
00e12e8b_3672,11608.932065528623
00e12e8b_3673,11608.974201422981
00e12e8b_3674,11608.1171178044
00e12e8b_3675,11608.159253698757
00e12e8b_3676,11607.598125738135
00e12e8b_3677,11607.422488194992
00e12e8b_3678,11607.508256596675
00e12e8b_3679,11607.534889561344
00e12e8b_3680,11607.577025455703
00e12e8b_3681,11607.307004672813
00e12e8b_3682,11607.309925479281
00e12e8b_3683,11607.35206137364
00e12e8b_3684,11606.714509767997
00e12e8b_3685,11606.756645662355
00e12e8b_3686,11606.74112622224
00e12e8b_3687,11606.84091745107
00e12e8b_3688,11606.883053345427
00e12e8b_3689,11606.939349396036
00e12e8b_3690,11606.981485290395
00e12e8b_3691,11607.023621184751
00e12e8b_3692,11607.06575707911
00e12e8b_3693,11607.107892973467
00e12e8b_3694,11607.150028867825
00e12e8b_3695,11607.192164762182
00e12e8b_3696,11607.23430065654
00e12e8b_3697,11607.276436550897
00e12e8b_3698,11607.260917110783
00e12e8b_3699,11607.360708339615
00e12e8b_3700,11607.402844233971
00e12e8b_3701,11607.19391964249
00e12e8b_3702,11607.236055536847
00e12e8b_3703,11607.278191431205
00e12e8b_3704,11607.26267199109
00e12e8b_3705,11607.36246321992
00e12e8b_3706,11607.404599114278
00e12e8b_3707,11607.446735008636
00e12e8b_3708,11607.488870902995
00e12e8b_3709,11607.473351462879
00e12e8b_3710,11607.427711173155
00e12e8b_3711,11607.469847067512
00e12e8b_3712,11607.51198296187
00e12e8b_3713,11607.554118856227
00e12e8b_3714,11606.987062856055
00e12e8b_3715,11607.086854084884
00e12e8b_3716,11607.128989979243
00e12e8b_3717,11607.113470539129
00e12e8b_3718,11607.369183703993
00e12e8b_3719,11607.541690692102
00e12e8b_3720,11608.171549364779
00e12e8b_3721,11608.156029924665
00e12e8b_3722,11608.255821153494
00e12e8b_3723,11608.297957047853
00e12e8b_3724,11608.683568284008
00e12e8b_3725,11609.68255995229
00e12e8b_3726,11609.810846969696
00e12e8b_3727,11609.91064582792
00e12e8b_3728,11609.952781722279
00e12e8b_3729,11609.937254652768
00e12e8b_3730,11610.420812055916
00e12e8b_3731,11610.462947950273
00e12e8b_3732,11609.442652509182
00e12e8b_3733,11609.542443738013
00e12e8b_3734,11609.526924297897
00e12e8b_3735,11609.626715526729
00e12e8b_3736,11609.611196086613
00e12e8b_3737,11609.710987315444
00e12e8b_3738,11609.7531232098
00e12e8b_3739,11609.893525705722
00e12e8b_3740,11609.837394998516
00e12e8b_3741,11609.821875558402
00e12e8b_3742,11609.921666787233
00e12e8b_3743,11609.906147347117
00e12e8b_3744,11610.005938575949
00e12e8b_3745,11610.146341071868
00e12e8b_3746,11610.090210364664
00e12e8b_3747,11610.074690924548
00e12e8b_3748,11610.17448215338
00e12e8b_3749,11609.082821355842
00e12e8b_3750,11609.1249572502
00e12e8b_3751,11609.224748479031
00e12e8b_3752,11609.23796133872
00e12e8b_3753,11608.56198810222
00e12e8b_3754,11608.546468662104
00e12e8b_3755,11607.74699078693
00e12e8b_3756,11607.731471346815
00e12e8b_3757,11607.356958376427
00e12e8b_3758,11607.469528841099
00e12e8b_3759,11607.540389405865
00e12e8b_3760,11607.553800629814
00e12e8b_3761,11607.595928894776
00e12e8b_3762,11607.35177175935
00e12e8b_3763,11607.3939152831
00e12e8b_3764,11607.436043548065
00e12e8b_3765,11607.478179442422
00e12e8b_3766,11607.520322966175
00e12e8b_3767,11607.577954160826
00e12e8b_3768,11607.620097684578
00e12e8b_3769,11607.662225949542
00e12e8b_3770,11607.704369473293
00e12e8b_3771,11607.746497738257
00e12e8b_3772,11607.944555568649
00e12e8b_3773,11607.830777156367
00e12e8b_3774,11608.028827357364
00e12e8b_3775,11607.915048945082
00e12e8b_3776,11607.957177210046
00e12e8b_3777,11608.155242669833
00e12e8b_3778,11608.041448998762
00e12e8b_3779,11608.083584893118
00e12e8b_3780,11608.085193443727
00e12e8b_3781,11608.12732170869
00e12e8b_3782,11608.169465232442
00e12e8b_3783,11607.135879386076
00e12e8b_3784,11607.17802290983
00e12e8b_3785,11607.220151174794
00e12e8b_3786,11607.262294698545
00e12e8b_3787,11607.304422963509
00e12e8b_3788,11607.34656648726
00e12e8b_3789,11607.388694752224
00e12e8b_3790,11607.430838275975
00e12e8b_3791,11607.628888476975
00e12e8b_3792,11607.515110064693
00e12e8b_3793,11607.557238329655
00e12e8b_3794,11607.599381853408
00e12e8b_3795,11607.64151011837
00e12e8b_3796,11607.613997270053
00e12e8b_3797,11607.50020359898
00e12e8b_3798,11607.542347122733
00e12e8b_3799,11607.584475387695
00e12e8b_3800,11607.565660049144
00e12e8b_3801,11607.607795943502
00e12e8b_3802,11607.649924208465
00e12e8b_3803,11607.692067732218
00e12e8b_3804,11607.73419599718
00e12e8b_3805,11607.932261456968
00e12e8b_3806,11607.818467785895
00e12e8b_3807,11607.87906681502
00e12e8b_3808,11607.921195079982
00e12e8b_3809,11607.963338603735
00e12e8b_3810,11608.005474498093
00e12e8b_3811,11608.20352469909
00e12e8b_3812,11608.089746286809
00e12e8b_3813,11608.131874551771
00e12e8b_3814,11608.174018075524
00e12e8b_3815,11608.21615396988
00e12e8b_3816,11608.258282234845
00e12e8b_3817,11608.300425758596
00e12e8b_3818,11608.34255402356
00e12e8b_3819,11607.038307776806
00e12e8b_3820,11607.080443671162
00e12e8b_3821,11607.122571936126
00e12e8b_3822,11607.164715459878
00e12e8b_3823,11607.206851354236
00e12e8b_3824,11607.248979619199
00e12e8b_3825,11607.291123142952
00e12e8b_3826,11607.33325903731
00e12e8b_3827,11607.375387302272
00e12e8b_3828,11607.57345276206
00e12e8b_3829,11607.615588656417
00e12e8b_3830,11607.501794985346
00e12e8b_3831,11607.699860445133
00e12e8b_3832,11607.586074403456
00e12e8b_3833,11607.628202668418
00e12e8b_3834,11607.670346192172
00e12e8b_3835,11606.4842868961
00e12e8b_3836,11606.370493225028
00e12e8b_3837,11606.41263674878
00e12e8b_3838,11606.610694579173
00e12e8b_3839,11606.496900908101
00e12e8b_3840,11606.539044431853
00e12e8b_3841,11606.581180326211
00e12e8b_3842,11606.623316220568
00e12e8b_3843,11606.665444485532
00e12e8b_3844,11606.746223263191
00e12e8b_3845,11606.788359157548
00e12e8b_3846,11606.830487422512
00e12e8b_3847,11606.872630946264
00e12e8b_3848,11606.914766840622
00e12e8b_3849,11606.956902734979
00e12e8b_3850,11606.999030999943
00e12e8b_3851,11607.041174523694
00e12e8b_3852,11607.083310418053
00e12e8b_3853,11606.726406090243
00e12e8b_3854,11606.7685419846
00e12e8b_3855,11606.810670249564
00e12e8b_3856,11606.852813773316
00e12e8b_3857,11606.894949667674
00e12e8b_3858,11606.937085562031
00e12e8b_3859,11606.979213826995
00e12e8b_3860,11607.177279286783
00e12e8b_3861,11607.063493245105
00e12e8b_3862,11607.105629139463
00e12e8b_3863,11607.147757404426
00e12e8b_3864,11607.189900928179
00e12e8b_3865,11607.232036822536
00e12e8b_3866,11607.274172716894
00e12e8b_3867,11607.316300981856
00e12e8b_3868,11607.35844450561
00e12e8b_3869,11607.400580399968
00e12e8b_3870,11607.442716294325
00e12e8b_3871,11606.370350235558
00e12e8b_3872,11606.41249375931
00e12e8b_3873,11606.454629653668
00e12e8b_3874,11606.496765548025
00e12e8b_3875,11606.372000807618
00e12e8b_3876,11606.41414433137
00e12e8b_3877,11606.456280225728
00e12e8b_3878,11606.498408490692
00e12e8b_3879,11606.540552014443
00e12e8b_3880,11606.738609844837
00e12e8b_3881,11606.624823803159
00e12e8b_3882,11606.666952068123
00e12e8b_3883,11606.709095591874
00e12e8b_3884,11606.751231486232
00e12e8b_3885,11606.793359751195
00e12e8b_3886,11606.835503274948
00e12e8b_3887,11606.877639169306
00e12e8b_3888,11606.52384000507
00e12e8b_3889,11606.410061592787
00e12e8b_3890,11606.60811942318
00e12e8b_3891,11606.494333381503
00e12e8b_3892,11606.6923835825
00e12e8b_3893,11606.578605170218
00e12e8b_3894,11606.620741064577
00e12e8b_3895,11606.662869329539
00e12e8b_3896,11606.705012853292
00e12e8b_3897,11606.747148747649
00e12e8b_3898,11606.537957127359
00e12e8b_3899,11606.58010065111
00e12e8b_3900,11606.622236545469
00e12e8b_3901,11606.664364810431
00e12e8b_3902,11606.706508334184
00e12e8b_3903,11606.904566164578
00e12e8b_3904,11606.790772493505
00e12e8b_3905,11606.832916017258
00e12e8b_3906,11606.875051911615
00e12e8b_3907,11606.917180176579
00e12e8b_3908,11606.95932370033
00e12e8b_3909,11607.001451965294
00e12e8b_3910,11607.043595489045
00e12e8b_3911,11607.24165331944
00e12e8b_3912,11607.127859648368
00e12e8b_3913,11607.17000317212
00e12e8b_3914,11607.212139066478
00e12e8b_3915,11607.25426733144
00e12e8b_3916,11607.296410855193
00e12e8b_3917,11607.33854674955
00e12e8b_3918,11607.380675014514
00e12e8b_3919,11607.422818538265
00e12e8b_3920,11607.46494680323
00e12e8b_3921,11607.507090326983
00e12e8b_3922,11607.54922622134
00e12e8b_3923,11607.591354486303
00e12e8b_3924,11605.3294437498
00e12e8b_3925,11605.371572014765
00e12e8b_3926,11605.413715538516
00e12e8b_3927,11605.455851432875
00e12e8b_3928,11605.497979697837
00e12e8b_3929,11605.54012322159
00e12e8b_3930,11605.582251486554
00e12e8b_3931,11605.624395010305
00e12e8b_3932,11605.393207845582
00e12e8b_3933,11605.435336110544
00e12e8b_3934,11605.477479634297
00e12e8b_3935,11605.51960789926
00e12e8b_3936,11605.561751423013
00e12e8b_3937,11605.603887317371
00e12e8b_3938,11605.646015582333
00e12e8b_3939,11605.657954333137
00e12e8b_3940,11605.7000825981
00e12e8b_3941,11605.742226121853
00e12e8b_3942,11601.935683427342
00e12e8b_3943,11601.977826951095
00e12e8b_3944,11602.019955216057
00e12e8b_3945,11602.06209873981
00e12e8b_3946,11602.10423463417
00e12e8b_3947,11602.146362899131
00e12e8b_3948,11602.188506422885
00e12e8b_3949,11602.230634687847
00e12e8b_3950,11602.2727782116
00e12e8b_3951,11602.470828412597
00e12e8b_3952,11602.357050000315
00e12e8b_3953,11602.399178265277
00e12e8b_3954,11602.727614818816
00e12e8b_3955,11602.76974308378
00e12e8b_3956,11602.811886607531
00e12e8b_3957,11602.854014872495
00e12e8b_3958,11602.896158396246
00e12e8b_3959,11602.93828666121
00e12e8b_3960,11602.980430184962
00e12e8b_3961,11601.288076638402
00e12e8b_3962,11601.04392713237
00e12e8b_3963,11601.086055397333
00e12e8b_3964,11601.128191291691
00e12e8b_3965,11601.170334815442
00e12e8b_3966,11601.212463080406
00e12e8b_3967,11601.254598974763
00e12e8b_3968,11600.879071294903
00e12e8b_3969,11600.921199559865
00e12e8b_3970,11600.978846013306
00e12e8b_3971,11601.02097427827
00e12e8b_3972,11601.063110172627
00e12e8b_3973,11601.26116800302
00e12e8b_3974,11601.147389590737
00e12e8b_3975,11601.1895178557
00e12e8b_3976,11601.231653750057
00e12e8b_3977,11601.276948213752
00e12e8b_3978,11599.732986390823
00e12e8b_3979,11598.236761689479
00e12e8b_3980,11598.278897583838
00e12e8b_3981,11598.321041107589
00e12e8b_3982,11598.363169372553
00e12e8b_3983,11598.40530526691
00e12e8b_3984,11598.447441161268
00e12e8b_3985,11598.489577055625
00e12e8b_3986,11598.531720579378
00e12e8b_3987,11598.57384884434
00e12e8b_3988,11598.615984738699
00e12e8b_3989,11598.658120633057
00e12e8b_3990,11598.700256527414
00e12e8b_3991,11598.742392421773
00e12e8b_3992,11598.78452831613
00e12e8b_3993,11598.826671839883
00e12e8b_3994,11599.02472204088
00e12e8b_3995,11598.910935999204
00e12e8b_3996,11598.95307189356
00e12e8b_3997,11598.995207787919
00e12e8b_3998,11597.78827446841
00e12e8b_3999,11597.830410362767
00e12e8b_4000,11597.872546257126
00e12e8b_4001,11597.914682151482
00e12e8b_4002,11597.956818045841
00e12e8b_4003,11597.998953940198
00e12e8b_4004,11598.041089834556
00e12e8b_4005,11598.083225728915
00e12e8b_4006,11598.125361623272
00e12e8b_4007,11598.16749751763
00e12e8b_4008,11598.209633411987
00e12e8b_4009,11598.251769306346
00e12e8b_4010,11598.580198230487
00e12e8b_4011,11598.622334124846
00e12e8b_4012,11598.664470019203
00e12e8b_4013,11598.706605913561
00e12e8b_4014,11599.351982774717
00e12e8b_4015,11599.394118669074
00e12e8b_4016,11599.837385239702
00e12e8b_4017,11599.477818253199
00e12e8b_4018,11599.519954147558
00e12e8b_4019,11600.617235305586
00e12e8b_4020,11600.411293807367
00e12e8b_4021,11600.453429701724
00e12e8b_4022,11600.495565596082
00e12e8b_4023,11600.681500318566
00e12e8b_4024,11600.723636212922
00e12e8b_4025,11600.765772107281
00e12e8b_4026,11600.807908001638
00e12e8b_4027,11600.103004101074
00e12e8b_4028,11600.129637065744
00e12e8b_4029,11600.327694896137
00e12e8b_4030,11600.369830790496
00e12e8b_4031,11599.356821421181
00e12e8b_4032,11599.39895731554
00e12e8b_4033,11599.315467599545
00e12e8b_4034,11599.357603493903
00e12e8b_4035,11599.39973938826
00e12e8b_4036,11598.095889870021
00e12e8b_4037,11598.293947700413
00e12e8b_4038,11598.336083594771
00e12e8b_4039,11598.222297553095
00e12e8b_4040,11598.264433447452
00e12e8b_4041,11598.322072271498
00e12e8b_4042,11598.364208165855
00e12e8b_4043,11598.406344060213
00e12e8b_4044,11598.44847995457
00e12e8b_4045,11598.505561832815
00e12e8b_4046,11598.547697727172
00e12e8b_4047,11598.58983362153
00e12e8b_4048,11598.631969515889
00e12e8b_4049,11598.674105410246
00e12e8b_4050,11598.716241304604
00e12e8b_4051,11598.758377198961
00e12e8b_4052,11598.80051309332
00e12e8b_4053,11598.842648987677
00e12e8b_4054,11597.56104678389
00e12e8b_4055,11597.603182678247
00e12e8b_4056,11597.62165219077
00e12e8b_4057,11597.663788085129
00e12e8b_4058,11597.705923979485
00e12e8b_4059,11597.748059873844
00e12e8b_4060,11597.7901957682
00e12e8b_4061,11597.988253598594
00e12e8b_4062,11597.874467556916
00e12e8b_4063,11597.916603451275
00e12e8b_4064,11597.958739345631
00e12e8b_4065,11598.00087523999
00e12e8b_4066,11598.043018763743
00e12e8b_4067,11598.215350275776
00e12e8b_4068,11598.257486170134
00e12e8b_4069,11598.29962206449
00e12e8b_4070,11598.341765588244
00e12e8b_4071,11598.383893853206
00e12e8b_4072,11597.309788292487
00e12e8b_4073,11597.35193181624
00e12e8b_4074,11597.549982017237
00e12e8b_4075,11597.436203604955
00e12e8b_4076,11597.478331869917
00e12e8b_4077,11597.52047539367
00e12e8b_4078,11597.562603658633
00e12e8b_4079,11597.604747182386
00e12e8b_4080,11597.646883076743
00e12e8b_4081,11597.689011341707
00e12e8b_4082,11597.73115486546
00e12e8b_4083,11597.773290759817
00e12e8b_4084,11597.81541902478
00e12e8b_4085,11597.857562548532
00e12e8b_4086,11597.89969844289
00e12e8b_4087,11597.941834337247
00e12e8b_4088,11598.139884538246
00e12e8b_4089,11598.026106125963
00e12e8b_4090,11598.138073868466
00e12e8b_4091,11598.180209762824
00e12e8b_4092,11596.430063552689
00e12e8b_4093,11596.472199447047
00e12e8b_4094,11596.514335341404
00e12e8b_4095,11596.556471235763
00e12e8b_4096,11596.59860713012
00e12e8b_4097,11596.640743024478
00e12e8b_4098,11596.682878918835
00e12e8b_4099,11597.08835709835
00e12e8b_4100,11596.767150707552
00e12e8b_4101,11596.809286601909
00e12e8b_4102,11596.851422496267
00e12e8b_4103,11597.100978739745
00e12e8b_4104,11596.935694284983
00e12e8b_4105,11596.97783017934
00e12e8b_4106,11597.22738642282
00e12e8b_4107,11597.218023904092
00e12e8b_4108,11597.104237862413
00e12e8b_4109,11597.353794105893
00e12e8b_4110,11597.188509651129
00e12e8b_4111,11596.674287208085
00e12e8b_4112,11596.353080817285
00e12e8b_4113,11596.602637060765
00e12e8b_4114,11596.437352606
00e12e8b_4115,11596.68690884948
00e12e8b_4116,11596.729044743839
00e12e8b_4117,11596.563760289075
00e12e8b_4118,11596.813316532554
00e12e8b_4119,11596.855452426911
00e12e8b_4120,11596.89758832127
00e12e8b_4121,11596.88822580254
00e12e8b_4122,11596.981860109985
00e12e8b_4123,11597.023996004342
00e12e8b_4124,11597.0661318987
00e12e8b_4125,11597.108267793059
00e12e8b_4126,11597.163640686927
00e12e8b_4127,11597.205776581286
00e12e8b_4128,11597.247912475643
00e12e8b_4129,11597.290048370001
00e12e8b_4130,11597.618477294143
00e12e8b_4131,11597.374320158717
00e12e8b_4132,11597.416456053073
00e12e8b_4133,11597.458591947432
00e12e8b_4134,11597.50072784179
00e12e8b_4135,11597.542863736147
00e12e8b_4136,11597.51821191078
00e12e8b_4137,11597.627135524863
00e12e8b_4138,11597.669271419221
00e12e8b_4139,11597.644619593852
00e12e8b_4140,11597.753543207937
00e12e8b_4141,11597.795679102295
00e12e8b_4142,11597.771027276925
00e12e8b_4143,11597.87995089101
00e12e8b_4144,11597.85529906564
00e12e8b_4145,11597.964222679726
00e12e8b_4146,11597.939570854356
00e12e8b_4147,11597.981706748715
00e12e8b_4148,11598.023842643071
00e12e8b_4149,11596.946410666336
00e12e8b_4150,11597.055334280421
00e12e8b_4151,11597.030682455052
00e12e8b_4152,11597.07281834941
00e12e8b_4153,11597.114954243767
00e12e8b_4154,11597.185090016055
00e12e8b_4155,11597.199226032482
00e12e8b_4156,11597.24136192684
00e12e8b_4157,11597.725712787018
00e12e8b_4158,11597.639926623271
00e12e8b_4159,11597.6540626397
00e12e8b_4160,11597.696198534057
00e12e8b_4161,11597.92225624238
00e12e8b_4162,11597.808470200702
00e12e8b_4163,11597.82260621713
00e12e8b_4164,11597.892741989417
00e12e8b_4165,11597.64858485399
00e12e8b_4166,11597.949013900203
00e12e8b_4167,11597.732856642706
00e12e8b_4168,11597.324522566361
00e12e8b_4169,11597.522580396753
00e12e8b_4170,11597.408794355077
00e12e8b_4171,11597.450930249433
00e12e8b_4172,11597.493066143792
00e12e8b_4173,11597.535202038149
00e12e8b_4174,11597.863630962293
00e12e8b_4175,11597.905766856651
00e12e8b_4176,11597.947902751008
00e12e8b_4177,11597.990038645366
00e12e8b_4178,11598.032174539723
00e12e8b_4179,11598.074310434082
00e12e8b_4180,11597.986075234689
00e12e8b_4181,11597.872289193012
00e12e8b_4182,11598.200718117154
00e12e8b_4183,11598.242854011512
00e12e8b_4184,11598.284989905871
00e12e8b_4185,11598.327125800228
00e12e8b_4186,11598.369261694586
00e12e8b_4187,11598.411397588943
00e12e8b_4188,11597.076793981349
00e12e8b_4189,11597.118929875705
00e12e8b_4190,11597.161065770064
00e12e8b_4191,11597.20320166442
00e12e8b_4192,11597.24533755878
00e12e8b_4193,11597.287473453138
00e12e8b_4194,11597.329609347495
00e12e8b_4195,11597.085452212068
00e12e8b_4196,11597.127588106425
00e12e8b_4197,11597.325645936819
00e12e8b_4198,11597.21185989514
00e12e8b_4199,11597.409917725534
00e12e8b_4200,11597.45205361989
00e12e8b_4201,11597.338267578214
00e12e8b_4202,11597.380403472573
00e12e8b_4203,11597.42253936693
00e12e8b_4204,11597.464675261288
00e12e8b_4205,11597.506811155645
00e12e8b_4206,11597.548947050003
00e12e8b_4207,11596.252673520532
00e12e8b_4208,11596.29480941489
00e12e8b_4209,11596.33694530925
00e12e8b_4210,11596.379081203606
00e12e8b_4211,11596.421217097964
00e12e8b_4212,11596.463352992321
00e12e8b_4213,11596.50548888668
00e12e8b_4214,11596.547624781037
00e12e8b_4215,11596.589760675395
00e12e8b_4216,11596.631896569752
00e12e8b_4217,11596.67403246411
00e12e8b_4218,11596.716168358469
00e12e8b_4219,11596.758304252826
00e12e8b_4220,11596.800440147184
00e12e8b_4221,11596.842576041541
00e12e8b_4222,11596.8847119359
00e12e8b_4223,11596.926847830257
00e12e8b_4224,11596.968983724615
00e12e8b_4225,11597.011119618972
00e12e8b_4226,11597.209177449366
00e12e8b_4227,11596.477288380345
00e12e8b_4228,11596.519424274702
00e12e8b_4229,11596.56156016906
00e12e8b_4230,11596.603696063417
00e12e8b_4231,11596.645831957776
00e12e8b_4232,11596.687967852133
00e12e8b_4233,11596.730103746491
00e12e8b_4234,11596.772239640848
00e12e8b_4235,11596.814375535207
00e12e8b_4236,11596.856511429565
00e12e8b_4237,11596.898647323922
00e12e8b_4238,11596.94078321828
00e12e8b_4239,11596.982919112637
00e12e8b_4240,11597.025055006996
00e12e8b_4241,11597.067190901353
00e12e8b_4242,11597.109326795711
00e12e8b_4243,11597.15146269007
00e12e8b_4244,11597.193598584427
00e12e8b_4245,11597.235734478785
00e12e8b_4246,11596.198524670017
00e12e8b_4247,11596.240660564376
00e12e8b_4248,11596.282796458732
00e12e8b_4249,11596.32493235309
00e12e8b_4250,11596.367068247448
00e12e8b_4251,11596.409204141806
00e12e8b_4252,11596.451340036165
00e12e8b_4253,11596.493475930522
00e12e8b_4254,11596.53561182488
00e12e8b_4255,11596.577747719237
00e12e8b_4256,11596.619883613595
00e12e8b_4257,11596.662019507952
00e12e8b_4258,11596.70415540231
00e12e8b_4259,11596.746291296668
00e12e8b_4260,11596.791791754014
00e12e8b_4261,11596.833927648373
00e12e8b_4262,11596.87606354273
00e12e8b_4263,11596.918199437088
00e12e8b_4264,11596.960335331445
00e12e8b_4265,11597.002471225804
00e12e8b_4266,11596.504293399457
00e12e8b_4267,11596.546429293816
00e12e8b_4268,11596.588565188173
00e12e8b_4269,11596.630701082531
00e12e8b_4270,11596.67283697689
00e12e8b_4271,11596.714972871247
00e12e8b_4272,11596.757108765605
00e12e8b_4273,11596.799244659962
00e12e8b_4274,11596.84138055432
00e12e8b_4275,11596.883516448677
00e12e8b_4276,11596.925652343036
00e12e8b_4277,11596.967788237394
00e12e8b_4278,11597.009924131751
00e12e8b_4279,11597.05206002611
00e12e8b_4280,11597.094195920467
00e12e8b_4281,11597.136331814825
00e12e8b_4282,11597.178467709182
00e12e8b_4283,11597.22060360354
00e12e8b_4284,11597.262739497897
00e12e8b_4285,11595.58343984538
00e12e8b_4286,11595.62557573974
00e12e8b_4287,11595.667711634096
00e12e8b_4288,11595.86576946449
00e12e8b_4289,11595.751983422811
00e12e8b_4290,11595.79411931717
00e12e8b_4291,11595.836255211527
00e12e8b_4292,11595.878391105885
00e12e8b_4293,11595.920527000242
00e12e8b_4294,11595.9626628946
00e12e8b_4295,11596.00479878896
00e12e8b_4296,11596.046934683316
00e12e8b_4297,11596.089070577675
00e12e8b_4298,11596.131206472031
00e12e8b_4299,11596.17334236639
00e12e8b_4300,11596.017907459965
00e12e8b_4301,11596.060043354324
00e12e8b_4302,11596.10217924868
00e12e8b_4303,11596.14431514304
00e12e8b_4304,11596.186451037398
00e12e8b_4305,11595.746149797966
00e12e8b_4306,11595.788285692324
00e12e8b_4307,11595.830421586681
00e12e8b_4308,11595.87255748104
00e12e8b_4309,11596.070615311432
00e12e8b_4310,11595.956829269755
00e12e8b_4311,11596.154887100149
00e12e8b_4312,11596.04110105847
00e12e8b_4313,11596.083236952829
00e12e8b_4314,11596.125372847186
00e12e8b_4315,11596.220250745939
00e12e8b_4316,11596.262386640296
00e12e8b_4317,11596.304522534654
00e12e8b_4318,11596.34665842901
00e12e8b_4319,11596.38879432337
00e12e8b_4320,11596.430930217728
00e12e8b_4321,11596.473066112085
00e12e8b_4322,11596.515202006443
00e12e8b_4323,11596.5573379008
00e12e8b_4324,11596.599473795159
00e12e8b_4325,11596.641609689515
00e12e8b_4326,11595.483550271374
00e12e8b_4327,11595.681608101766
00e12e8b_4328,11595.56782206009
00e12e8b_4329,11595.609957954448
00e12e8b_4330,11595.652093848805
00e12e8b_4331,11595.694229743163
00e12e8b_4332,11595.73636563752
00e12e8b_4333,11595.778501531879
00e12e8b_4334,11596.141575536587
00e12e8b_4335,11596.183711430946
00e12e8b_4336,11596.225847325302
00e12e8b_4337,11596.26798321966
00e12e8b_4338,11596.466041050055
00e12e8b_4339,11596.508176944411
00e12e8b_4340,11596.394390902735
00e12e8b_4341,11596.436526797092
00e12e8b_4342,11596.499361238813
00e12e8b_4343,11596.54149713317
00e12e8b_4344,11596.583633027529
00e12e8b_4345,11596.51294543556
00e12e8b_4346,11596.555081329916
00e12e8b_4347,11597.200458191071
00e12e8b_4348,11597.242594085428
00e12e8b_4349,11597.571023009572
00e12e8b_4350,11597.94045992932
00e12e8b_4351,11597.982595823678
00e12e8b_4352,11598.18065365407
00e12e8b_4353,11598.706722043546
00e12e8b_4354,11598.748857937904
00e12e8b_4355,11598.770295284898
00e12e8b_4356,11599.711654506893
00e12e8b_4357,11599.909712337285
00e12e8b_4358,11599.795926295608
00e12e8b_4359,11599.838062189965
00e12e8b_4360,11599.276957117527
00e12e8b_4361,11599.319093011884
00e12e8b_4362,11598.462005578605
00e12e8b_4363,11598.504141472964
00e12e8b_4364,11598.54627736732
00e12e8b_4365,11598.58841326168
00e12e8b_4366,11596.84247084793
00e12e8b_4367,11596.88460674229
00e12e8b_4368,11596.924865805591
00e12e8b_4369,11596.96700169995
00e12e8b_4370,11597.009137594307
00e12e8b_4371,11597.051273488665
00e12e8b_4372,11597.093409383024
00e12e8b_4373,11596.849252247595
00e12e8b_4374,11596.891388141954
00e12e8b_4375,11596.93352403631
00e12e8b_4376,11596.97565993067
00e12e8b_4377,11597.173717761061
00e12e8b_4378,11597.059931719385
00e12e8b_4379,11597.102067613743
00e12e8b_4380,11597.1442035081
00e12e8b_4381,11597.186339402459
00e12e8b_4382,11597.228475296815
00e12e8b_4383,11597.270611191174
00e12e8b_4384,11597.702426040609
00e12e8b_4385,11596.754007125397
00e12e8b_4386,11596.796143019754
00e12e8b_4387,11596.838278914112
00e12e8b_4388,11596.880414808471
00e12e8b_4389,11596.922550702828
00e12e8b_4390,11597.172442639667
00e12e8b_4391,11597.058656597988
00e12e8b_4392,11597.100792492347
00e12e8b_4393,11597.142928386704
00e12e8b_4394,11597.185064281062
00e12e8b_4395,11597.227200175419
00e12e8b_4396,11597.425258005813
00e12e8b_4397,11597.311471964136
00e12e8b_4398,11597.353607858493
00e12e8b_4399,11597.395743752852
00e12e8b_4400,11597.437879647208
00e12e8b_4401,11597.480015541567
00e12e8b_4402,11597.522151435924
00e12e8b_4403,11598.394724036825
00e12e8b_4404,11598.436859931182
00e12e8b_4405,11598.47899582554
00e12e8b_4406,11597.790456976247
00e12e8b_4407,11597.832592870604
00e12e8b_4408,11597.718806828927
00e12e8b_4409,11597.760942723284
00e12e8b_4410,11597.803078617642
00e12e8b_4411,11597.845214511999
00e12e8b_4412,11597.887350406358
00e12e8b_4413,11597.95018484808
00e12e8b_4414,11597.992320742436
00e12e8b_4415,11598.034456636795
00e12e8b_4416,11598.076592531152
00e12e8b_4417,11598.11872842551
00e12e8b_4418,11598.160864319867
00e12e8b_4419,11598.203000214226
00e12e8b_4420,11598.245136108582
00e12e8b_4421,11598.28727200294
00e12e8b_4422,11598.485329833335
00e12e8b_4423,11598.371543791656
00e12e8b_4424,11598.413679686015
00e12e8b_4425,11598.435117033008
00e12e8b_4426,11596.995601621215
00e12e8b_4427,11597.037737515571
00e12e8b_4428,11597.07987340993
00e12e8b_4429,11597.122009304287
00e12e8b_4430,11597.164145198645
00e12e8b_4431,11597.206281093004
00e12e8b_4432,11597.24841698736
00e12e8b_4433,11597.29055288172
00e12e8b_4434,11597.332688776076
00e12e8b_4435,11597.53074660647
00e12e8b_4436,11597.416960564791
00e12e8b_4437,11597.45909645915
00e12e8b_4438,11597.501232353507
00e12e8b_4439,11597.543368247865
00e12e8b_4440,11597.821565238415
00e12e8b_4441,11597.707779196737
00e12e8b_4442,11597.90583702713
00e12e8b_4443,11597.792050985452
00e12e8b_4444,11597.83418687981
00e12e8b_4445,11598.032244710203
00e12e8b_4446,11597.918458668526
00e12e8b_4447,11597.904091266986
00e12e8b_4448,11597.946227161343
00e12e8b_4449,11597.988363055701
00e12e8b_4450,11598.030498950058
00e12e8b_4451,11598.072634844417
00e12e8b_4452,11598.114770738774
00e12e8b_4453,11598.156906633132
00e12e8b_4454,11598.354964463524
00e12e8b_4455,11598.397100357883
00e12e8b_4456,11598.439236252241
00e12e8b_4457,11598.325450210563
00e12e8b_4458,11598.367586104921
00e12e8b_4459,11598.409721999278
00e12e8b_4460,11598.451857893637
00e12e8b_4461,11598.493993787994
00e12e8b_4462,11598.536129682352
00e12e8b_4463,11598.578265576709
00e12e8b_4464,11598.620401471067
00e12e8b_4465,11598.662537365426
00e12e8b_4466,11598.704673259783
00e12e8b_4467,11597.972936778653
00e12e8b_4468,11598.01507267301
00e12e8b_4469,11598.057208567368
00e12e8b_4470,11598.099344461725
00e12e8b_4471,11598.141480356084
00e12e8b_4472,11598.18361625044
00e12e8b_4473,11598.2257521448
00e12e8b_4474,11598.267888039158
00e12e8b_4475,11598.310023933514
00e12e8b_4476,11598.352159827873
00e12e8b_4477,11598.437546759827
00e12e8b_4478,11598.479682654186
00e12e8b_4479,11598.521818548543
00e12e8b_4480,11598.563954442901
00e12e8b_4481,11598.60609033726
00e12e8b_4482,11598.648226231617
00e12e8b_4483,11598.84628406201
00e12e8b_4484,11598.732498020332
00e12e8b_4485,11598.77463391469
00e12e8b_4486,11598.816769809047
00e12e8b_4487,11597.707202822547
00e12e8b_4488,11597.749338716903
00e12e8b_4489,11597.791474611262
00e12e8b_4490,11597.83361050562
00e12e8b_4491,11597.875746399977
00e12e8b_4492,11597.917882294336
00e12e8b_4493,11597.960018188693
00e12e8b_4494,11598.002154083051
00e12e8b_4495,11598.55451336608
00e12e8b_4496,11598.596649260438
00e12e8b_4497,11598.638785154795
00e12e8b_4498,11598.680921049154
00e12e8b_4499,11598.878978879548
00e12e8b_4500,11598.76519283787
00e12e8b_4501,11598.807328732228
00e12e8b_4502,11598.849464626584
00e12e8b_4503,11598.891600520943
00e12e8b_4504,11598.9337364153
00e12e8b_4505,11598.975872309658
00e12e8b_4506,11599.018008204015
00e12e8b_4507,11599.060144098374
00e12e8b_4508,11598.800628991756
00e12e8b_4509,11598.842764886112
00e12e8b_4510,11598.884900780471
00e12e8b_4511,11598.927036674828
00e12e8b_4512,11598.969172569186
00e12e8b_4513,11599.011308463543
00e12e8b_4514,11599.053444357902
00e12e8b_4515,11599.251502188295
00e12e8b_4516,11599.137716146617
00e12e8b_4517,11599.179852040976
00e12e8b_4518,11599.221987935332
00e12e8b_4519,11599.264123829691
00e12e8b_4520,11599.306259724048
00e12e8b_4521,11599.348395618406
00e12e8b_4522,11599.390531512763
00e12e8b_4523,11599.432667407122
00e12e8b_4524,11599.47480330148
00e12e8b_4525,11599.516939195837
00e12e8b_4526,11599.559075090196
00e12e8b_4527,11599.601210984552
00e12e8b_4528,11599.643346878911
00e12e8b_4529,11598.315434250319
00e12e8b_4530,11598.357570144677
00e12e8b_4531,11598.399706039034
00e12e8b_4532,11598.441841933392
00e12e8b_4533,11598.483977827751
00e12e8b_4534,11598.526113722108
00e12e8b_4535,11598.568249616466
00e12e8b_4536,11598.610385510823
00e12e8b_4537,11598.652521405182
00e12e8b_4538,11598.694657299538
00e12e8b_4539,11598.736793193897
00e12e8b_4540,11598.778929088254
00e12e8b_4541,11598.821064982612
00e12e8b_4542,11598.863200876971
00e12e8b_4543,11598.905336771328
00e12e8b_4544,11599.186799142737
00e12e8b_4545,11599.228935037094
00e12e8b_4546,11599.271070931452
00e12e8b_4547,11599.31320682581
00e12e8b_4548,11599.355342720168
00e12e8b_4549,11599.397478614526
00e12e8b_4550,11598.76525995566
00e12e8b_4551,11598.70352927287
00e12e8b_4552,11598.745665167227
00e12e8b_4553,11598.787801061586
00e12e8b_4554,11598.829936955943
00e12e8b_4555,11599.027994786336
00e12e8b_4556,11598.914208744658
00e12e8b_4557,11598.956344639017
00e12e8b_4558,11599.15440246941
00e12e8b_4559,11599.040616427732
00e12e8b_4560,11599.08275232209
00e12e8b_4561,11599.124888216447
00e12e8b_4562,11599.167024110806
00e12e8b_4563,11599.209160005163
00e12e8b_4564,11599.251295899521
00e12e8b_4565,11599.293431793878
00e12e8b_4566,11599.335567688237
00e12e8b_4567,11599.377703582595
00e12e8b_4568,11599.419839476952
00e12e8b_4569,11599.68405941672
00e12e8b_4570,11599.726195311077
00e12e8b_4571,11599.768331205436
00e12e8b_4572,11599.810467099793
00e12e8b_4573,11599.852602994151
00e12e8b_4574,11599.894738888508
00e12e8b_4575,11599.936874782867
00e12e8b_4576,11599.979010677225
00e12e8b_4577,11600.021146571582
00e12e8b_4578,11600.06328246594
00e12e8b_4579,11600.105418360297
00e12e8b_4580,11600.147554254656
00e12e8b_4581,11600.189690149013
00e12e8b_4582,11600.231826043371
00e12e8b_4583,11600.273961937728
00e12e8b_4584,11600.316097832087
00e12e8b_4585,11600.358233726445
00e12e8b_4586,11600.400369620802
00e12e8b_4587,11600.44250551516
00e12e8b_4588,11600.484641409517
00e12e8b_4589,11600.526777303876
00e12e8b_4590,11600.568913198233
00e12e8b_4591,11599.056048787415
00e12e8b_4592,11599.098184681774
00e12e8b_4593,11599.296242512166
00e12e8b_4594,11599.18245647049
00e12e8b_4595,11599.224592364846
00e12e8b_4596,11599.266728259205
00e12e8b_4597,11599.308864153561
00e12e8b_4598,11599.35100004792
00e12e8b_4599,11599.393135942277
00e12e8b_4600,11599.435271836635
00e12e8b_4601,11599.477407730994
00e12e8b_4602,11599.51954362535
00e12e8b_4603,11599.56167951971
00e12e8b_4604,11599.603815414066
00e12e8b_4605,11599.667634047682
00e12e8b_4606,11599.70976994204
00e12e8b_4607,11599.751905836398
00e12e8b_4608,11599.794041730755
00e12e8b_4609,11599.836177625113
00e12e8b_4610,11599.878313519472
00e12e8b_4611,11599.920449413828
00e12e8b_4612,11599.962585308187
00e12e8b_4613,11599.751692332915
00e12e8b_4614,11599.637906291238
00e12e8b_4615,11599.680042185595
00e12e8b_4616,11599.722178079954
00e12e8b_4617,11599.764313974312
00e12e8b_4618,11599.806449868669
00e12e8b_4619,11599.848585763028
00e12e8b_4620,11599.890721657384
00e12e8b_4621,11599.932857551743
00e12e8b_4622,11599.9749934461
00e12e8b_4623,11600.173051276493
00e12e8b_4624,11600.059265234815
00e12e8b_4625,11600.101401129174
00e12e8b_4626,11600.143537023532
00e12e8b_4627,11600.139446416424
00e12e8b_4628,11600.181582310783
00e12e8b_4629,11600.22371820514
00e12e8b_4630,11600.265854099498
00e12e8b_4631,11600.307989993855
00e12e8b_4632,11600.350125888213
00e12e8b_4633,11600.39226178257
00e12e8b_4634,11599.792315462573
00e12e8b_4635,11599.834451356932
00e12e8b_4636,11599.876587251289
00e12e8b_4637,11599.918723145647
00e12e8b_4638,11599.960859040004
00e12e8b_4639,11600.002994934363
00e12e8b_4640,11600.201052764754
00e12e8b_4641,11600.087266723078
00e12e8b_4642,11600.129402617435
00e12e8b_4643,11600.171538511793
00e12e8b_4644,11600.213674406152
00e12e8b_4645,11600.411732236544
00e12e8b_4646,11600.297946194867
00e12e8b_4647,11600.340082089224
00e12e8b_4648,11600.382217983582
00e12e8b_4649,11600.42435387794
00e12e8b_4650,11600.622411708333
00e12e8b_4651,11600.508625666655
00e12e8b_4652,11600.550761561013
00e12e8b_4653,11600.592897455372
00e12e8b_4654,11600.635033349728
00e12e8b_4655,11599.531501214302
00e12e8b_4656,11599.573637108659
00e12e8b_4657,11599.615773003017
00e12e8b_4658,11599.657908897374
00e12e8b_4659,11599.764513175522
00e12e8b_4660,11599.80664906988
00e12e8b_4661,11599.848784964237
00e12e8b_4662,11599.890920858596
00e12e8b_4663,11599.933056752952
00e12e8b_4664,11599.97519264731
00e12e8b_4665,11600.017328541668
00e12e8b_4666,11600.215386372061
00e12e8b_4667,11600.101600330383
00e12e8b_4668,11600.143736224742
00e12e8b_4669,11600.1858721191
00e12e8b_4670,11600.228008013457
00e12e8b_4671,11600.270143907816
00e12e8b_4672,11600.312279802172
00e12e8b_4673,11600.35441569653
00e12e8b_4674,11600.41725013825
00e12e8b_4675,11600.45938603261
00e12e8b_4676,11600.751300674525
00e12e8b_4677,11600.793436568883
00e12e8b_4678,11600.835572463242
00e12e8b_4679,11600.837661665704
00e12e8b_4680,11600.879797560063
00e12e8b_4681,11600.92193345442
00e12e8b_4682,11600.964069348778
00e12e8b_4683,11601.407335919404
00e12e8b_4684,11601.449471813763
00e12e8b_4685,11601.647529644157
00e12e8b_4686,11601.677542430603
00e12e8b_4687,11601.719678324962
00e12e8b_4688,11601.8007622784
00e12e8b_4689,11601.84289817276
00e12e8b_4690,11601.885034067116
00e12e8b_4691,11601.927169961475
00e12e8b_4692,11601.969305855831
00e12e8b_4693,11602.01144175019
00e12e8b_4694,11602.053577644549
00e12e8b_4695,11602.095713538905
00e12e8b_4696,11602.137849433264
00e12e8b_4697,11602.17998532762
00e12e8b_4698,11601.603423101862
00e12e8b_4699,11601.645558996219
00e12e8b_4700,11601.66038928755
00e12e8b_4701,11601.702525181907
00e12e8b_4702,11601.744661076265
00e12e8b_4703,11601.642998142499
00e12e8b_4704,11601.685134036856
00e12e8b_4705,11601.727269931214
00e12e8b_4706,11601.769405825571
00e12e8b_4707,11601.790843172566
00e12e8b_4708,11601.431848390654
00e12e8b_4709,11601.473984285012
00e12e8b_4710,11601.516120179369
00e12e8b_4711,11601.558256073728
00e12e8b_4712,11601.600391968086
00e12e8b_4713,11601.642527862443
00e12e8b_4714,11601.684663756801
00e12e8b_4715,11601.726799651158
00e12e8b_4716,11601.768935545517
00e12e8b_4717,11601.811071439874
00e12e8b_4718,11601.853207334232
00e12e8b_4719,11600.772021695386
00e12e8b_4720,11600.814157589744
00e12e8b_4721,11600.856293484103
00e12e8b_4722,11601.054351314495
00e12e8b_4723,11600.940565272818
00e12e8b_4724,11600.982701167175
00e12e8b_4725,11601.024837061534
00e12e8b_4726,11601.06697295589
00e12e8b_4727,11601.109108850249
00e12e8b_4728,11601.151244744608
00e12e8b_4729,11601.193380638964
00e12e8b_4730,11601.235516533323
00e12e8b_4731,11601.27765242768
00e12e8b_4732,11601.319788322038
00e12e8b_4733,11601.361924216395
00e12e8b_4734,11601.404060110754
00e12e8b_4735,11601.44619600511
00e12e8b_4736,11601.488331899469
00e12e8b_4737,11601.686389729863
00e12e8b_4738,11601.612650380079
00e12e8b_4739,11601.654786274437
00e12e8b_4740,11601.696922168794
00e12e8b_4741,11601.493956134442
00e12e8b_4742,11601.536092028799
00e12e8b_4743,11601.578227923157
00e12e8b_4744,11601.620363817514
00e12e8b_4745,11601.662499711872
00e12e8b_4746,11601.704635606231
00e12e8b_4747,11601.746771500588
00e12e8b_4748,11601.788907394946
00e12e8b_4749,11601.831043289303
00e12e8b_4750,11601.873179183662
00e12e8b_4751,11601.915315078018
00e12e8b_4752,11601.957450972377
00e12e8b_4753,11601.999586866734
00e12e8b_4754,11602.041722761092
00e12e8b_4755,11602.083858655451
00e12e8b_4756,11602.299853192386
00e12e8b_4757,11602.341989086744
00e12e8b_4758,11602.384124981101
00e12e8b_4759,11602.42626087546
00e12e8b_4760,11602.468396769817
00e12e8b_4761,11602.510532664175
00e12e8b_4762,11600.486117350038
00e12e8b_4763,11600.528253244394
00e12e8b_4764,11600.610435830647
00e12e8b_4765,11600.652571725004
00e12e8b_4766,11600.694707619363
00e12e8b_4767,11600.73684351372
00e12e8b_4768,11600.778979408078
00e12e8b_4769,11600.97703723847
00e12e8b_4770,11600.863251196793
00e12e8b_4771,11600.905387091152
00e12e8b_4772,11600.947522985509
00e12e8b_4773,11600.989658879867
00e12e8b_4774,11601.18771671026
00e12e8b_4775,11601.073930668583
00e12e8b_4776,11601.11606656294
00e12e8b_4777,11601.158202457298
00e12e8b_4778,11601.200338351655
00e12e8b_4779,11601.242474246013
00e12e8b_4780,11601.284610140372
00e12e8b_4781,11601.326746034729
00e12e8b_4782,11601.368881929087
00e12e8b_4783,11601.411017823444
00e12e8b_4784,11601.281835663603
00e12e8b_4785,11601.479893493995
00e12e8b_4786,11601.366107452319
00e12e8b_4787,11601.408243346676
00e12e8b_4788,11601.450379241034
00e12e8b_4789,11601.492515135393
00e12e8b_4790,11601.53465102975
00e12e8b_4791,11601.576786924108
00e12e8b_4792,11601.618922818465
00e12e8b_4793,11601.661058712823
00e12e8b_4794,11601.70319460718
00e12e8b_4795,11601.745330501539
00e12e8b_4796,11601.787466395897
00e12e8b_4797,11601.829602290254
00e12e8b_4798,11601.871738184613
00e12e8b_4799,11601.885614801626
00e12e8b_4800,11601.927750695984
00e12e8b_4801,11602.125808526376
00e12e8b_4802,11602.0120224847
00e12e8b_4803,11602.054158379056
00e12e8b_4804,11602.119350303688
00e12e8b_4805,11602.138430167774
00e12e8b_4806,11600.426430930294
00e12e8b_4807,11600.468566824653
00e12e8b_4808,11600.51070271901
00e12e8b_4809,11600.552838613368
00e12e8b_4810,11600.594974507725
00e12e8b_4811,11600.793032338119
00e12e8b_4812,11600.67924629644
00e12e8b_4813,11600.721382190799
00e12e8b_4814,11600.763518085158
00e12e8b_4815,11600.96157591555
00e12e8b_4816,11600.847789873873
00e12e8b_4817,11600.88992576823
00e12e8b_4818,11600.932061662588
00e12e8b_4819,11600.974197556945
00e12e8b_4820,11601.016333451304
00e12e8b_4821,11601.05846934566
00e12e8b_4822,11601.100605240019
00e12e8b_4823,11601.142741134378
00e12e8b_4824,11601.184877028734
00e12e8b_4825,11601.227012923093
00e12e8b_4826,11601.26914881745
00e12e8b_4827,11601.311284711808
00e12e8b_4828,11601.353420606165
00e12e8b_4829,11601.395556500524
00e12e8b_4830,11601.437692394882
00e12e8b_4831,11601.479828289239
00e12e8b_4832,11601.521964183597
00e12e8b_4833,11601.52405338606
00e12e8b_4834,11601.722111216453
00e12e8b_4835,11601.608325174775
00e12e8b_4836,11601.752618661907
00e12e8b_4837,11601.794754556264
00e12e8b_4838,11601.836890450622
00e12e8b_4839,11601.879026344981
00e12e8b_4840,11601.921162239338
00e12e8b_4841,11601.963298133696
00e12e8b_4842,11602.005434028053
00e12e8b_4843,11602.047569922412
00e12e8b_4844,11602.089705816768
00e12e8b_4845,11602.131841711127
00e12e8b_4846,11602.173977605484
00e12e8b_4847,11602.216113499842
00e12e8b_4848,11602.2582493942
00e12e8b_4849,11602.300385288558
00e12e8b_4850,11602.498443118951
00e12e8b_4851,11600.696523837527
00e12e8b_4852,11600.738659731885
00e12e8b_4853,11600.780795626242
00e12e8b_4854,11600.8229315206
00e12e8b_4855,11600.865067414958
00e12e8b_4856,11600.907203309316
00e12e8b_4857,11600.949339203675
00e12e8b_4858,11600.991475098032
00e12e8b_4859,11601.03361099239
00e12e8b_4860,11601.075746886747
00e12e8b_4861,11601.117882781105
00e12e8b_4862,11601.160018675462
00e12e8b_4863,11601.20215456982
00e12e8b_4864,11601.24429046418
00e12e8b_4865,11601.286426358536
00e12e8b_4866,11601.328562252895
00e12e8b_4867,11601.370698147251
00e12e8b_4868,11601.41283404161
00e12e8b_4869,11601.454969935967
00e12e8b_4870,11601.497105830325
00e12e8b_4871,11601.539241724682
00e12e8b_4872,11601.381151788963
00e12e8b_4873,11601.267365747286
00e12e8b_4874,11601.309501641643
00e12e8b_4875,11601.351637536001
00e12e8b_4876,11600.77084862567
00e12e8b_4877,11600.81298452003
00e12e8b_4878,11600.855120414386
00e12e8b_4879,11600.897256308745
00e12e8b_4880,11601.095314139136
00e12e8b_4881,11601.184965902636
00e12e8b_4882,11601.023663991818
00e12e8b_4883,11601.065799886175
00e12e8b_4884,11601.107935780534
00e12e8b_4885,11601.15007167489
00e12e8b_4886,11601.19220756925
00e12e8b_4887,11601.321906024641
00e12e8b_4888,11601.316526049859
00e12e8b_4889,11601.358661944216
00e12e8b_4890,11601.400797838574
00e12e8b_4891,11601.490449602074
00e12e8b_4892,11601.48506962729
00e12e8b_4893,11601.527205521648
00e12e8b_4894,11601.616857285146
00e12e8b_4895,11599.773151809875
00e12e8b_4896,11599.815287704232
00e12e8b_4897,11599.904939467731
00e12e8b_4898,11599.89955949295
00e12e8b_4899,11599.989211256447
00e12e8b_4900,11599.983831281665
00e12e8b_4901,11600.025967176021
00e12e8b_4902,11600.11561893952
00e12e8b_4903,11600.110238964737
00e12e8b_4904,11600.199890728236
00e12e8b_4905,11600.194510753452
00e12e8b_4906,11600.23664664781
00e12e8b_4907,11600.32629841131
00e12e8b_4908,11600.320918436526
00e12e8b_4909,11600.363054330885
00e12e8b_4910,11600.51710581362
00e12e8b_4911,11600.450835641084
00e12e8b_4912,11600.37832462382
00e12e8b_4913,11600.420460518179
00e12e8b_4914,11600.61851834857
00e12e8b_4915,11600.504732306894
00e12e8b_4916,11600.594384070393
00e12e8b_4917,11599.270385321195
00e12e8b_4918,11599.312521215554
00e12e8b_4919,11599.35465710991
00e12e8b_4920,11599.396793004269
00e12e8b_4921,11599.438928898626
00e12e8b_4922,11599.481064792984
00e12e8b_4923,11599.523200687341
00e12e8b_4924,11599.549970981114
00e12e8b_4925,11599.592106875472
00e12e8b_4926,11599.63424276983
00e12e8b_4927,11599.676378664188
00e12e8b_4928,11598.193795320263
00e12e8b_4929,11598.235931214622
00e12e8b_4930,11598.238020417084
00e12e8b_4931,11598.280156311443
00e12e8b_4932,11598.322292205801
00e12e8b_4933,11598.520350036193
00e12e8b_4934,11598.406563994517
00e12e8b_4935,11598.448699888873
00e12e8b_4936,11598.490835783232
00e12e8b_4937,11598.56639605503
00e12e8b_4938,11598.608531949389
00e12e8b_4939,11598.650667843745
00e12e8b_4940,11598.370156643377
00e12e8b_4941,11598.412292537736
00e12e8b_4942,11598.454428432093
00e12e8b_4943,11598.496564326451
00e12e8b_4944,11598.538700220808
00e12e8b_4945,11598.580836115167
00e12e8b_4946,11598.622972009523
00e12e8b_4947,11598.665107903882
00e12e8b_4948,11598.707243798239
00e12e8b_4949,11598.749379692597
00e12e8b_4950,11598.791515586956
00e12e8b_4951,11598.989573417348
00e12e8b_4952,11598.875787375671
00e12e8b_4953,11598.917923270028
00e12e8b_4954,11599.000105856281
00e12e8b_4955,11599.042241750638
00e12e8b_4956,11599.240299581032
00e12e8b_4957,11599.126513539353
00e12e8b_4958,11599.168649433712
00e12e8b_4959,11599.366707264106
00e12e8b_4960,11599.252921222427
00e12e8b_4961,11599.295057116786
00e12e8b_4962,11598.092258929111
00e12e8b_4963,11598.13439482347
00e12e8b_4964,11598.176530717827
00e12e8b_4965,11598.374641953982
00e12e8b_4966,11598.260802506544
00e12e8b_4967,11598.3029384009
00e12e8b_4968,11598.52410566733
00e12e8b_4969,11598.543185531413
00e12e8b_4970,11598.389291762685
00e12e8b_4971,11598.431427657042
00e12e8b_4972,11598.496619581674
00e12e8b_4973,11598.515699445757
00e12e8b_4974,11598.557835340116
00e12e8b_4975,11598.623027264748
00e12e8b_4976,11598.642107128831
00e12e8b_4977,11598.68424302319
00e12e8b_4978,11598.74943494782
00e12e8b_4979,11598.768514811905
00e12e8b_4980,11598.833706736536
00e12e8b_4981,11598.85278660062
00e12e8b_4982,11598.91797852525
00e12e8b_4983,11598.937058389336
00e12e8b_4984,11599.002250313968
00e12e8b_4985,11599.044386208325
00e12e8b_4986,11598.03612232241
00e12e8b_4987,11598.10131424704
00e12e8b_4988,11598.143450141399
00e12e8b_4989,11598.185586035755
00e12e8b_4990,11598.225372076598
00e12e8b_4991,11598.26985782447
00e12e8b_4992,11598.31199371883
00e12e8b_4993,11598.354129613188
00e12e8b_4994,11598.396265507545
00e12e8b_4995,11598.438401401903
00e12e8b_4996,11598.48053729626
00e12e8b_4997,11598.522673190619
00e12e8b_4998,11598.541753054702
00e12e8b_4999,11598.606944979334
00e12e8b_5000,11598.649080873693
00e12e8b_5001,11598.629617036604
00e12e8b_5002,11598.671752930963
00e12e8b_5003,11598.474402130983
00e12e8b_5004,11598.516538025342
00e12e8b_5005,11598.598712982199
00e12e8b_5006,11598.640848876557
00e12e8b_5007,11598.65992874064
00e12e8b_5008,11597.896797301015
00e12e8b_5009,11597.938933195373
00e12e8b_5010,11597.94103002723
00e12e8b_5011,11597.983165921589
00e12e8b_5012,11598.025301815946
00e12e8b_5013,11598.067437710304
00e12e8b_5014,11598.14961266716
00e12e8b_5015,11598.19174856152
00e12e8b_5016,11598.233884455876
00e12e8b_5017,11598.276020350235
00e12e8b_5018,11598.29510021432
00e12e8b_5019,11598.36029213895
00e12e8b_5020,11598.558357598738
00e12e8b_5021,11598.444563927666
00e12e8b_5022,11598.486699822024
00e12e8b_5023,11598.68476528181
00e12e8b_5024,11598.57097161074
00e12e8b_5025,11598.613107505096
00e12e8b_5026,11598.655243399455
00e12e8b_5027,11598.657340231313
00e12e8b_5028,11598.69947612567
00e12e8b_5029,11598.741612020029
00e12e8b_5030,11598.783747914385
00e12e8b_5031,11598.825883808744
00e12e8b_5032,11598.027596119116
00e12e8b_5033,11598.07208186699
00e12e8b_5034,11598.11421776135
00e12e8b_5035,11598.312283221136
00e12e8b_5036,11598.198489550065
00e12e8b_5037,11598.240625444421
00e12e8b_5038,11598.28276133878
00e12e8b_5039,11598.324897233137
00e12e8b_5040,11598.367033127495
00e12e8b_5041,11598.409169021852
00e12e8b_5042,11598.45130491621
00e12e8b_5043,11598.49344081057
00e12e8b_5044,11598.535576704926
00e12e8b_5045,11598.562209669597
00e12e8b_5046,11598.604345563954
00e12e8b_5047,11599.03275770343
00e12e8b_5048,11599.074893597786
00e12e8b_5049,11599.117029492145
00e12e8b_5050,11599.199204449002
00e12e8b_5051,11599.24134034336
00e12e8b_5052,11599.298979167406
00e12e8b_5053,11599.341115061763
00e12e8b_5054,11599.237849955145
00e12e8b_5055,11599.101000253799
00e12e8b_5056,11599.16619217843
00e12e8b_5057,11599.208328072787
00e12e8b_5058,11599.406393532576
00e12e8b_5059,11599.292599861503
00e12e8b_5060,11599.334735755861
00e12e8b_5061,11599.53280121565
00e12e8b_5062,11599.419007544577
00e12e8b_5063,11599.461143438935
00e12e8b_5064,11599.503279333292
00e12e8b_5065,11599.70134479308
00e12e8b_5066,11599.587551122007
00e12e8b_5067,11599.629687016366
00e12e8b_5068,11599.671822910725
00e12e8b_5069,11599.713958805081
00e12e8b_5070,11599.91202426487
00e12e8b_5071,11599.798230593797
00e12e8b_5072,11599.840366488155
00e12e8b_5073,11599.882502382512
00e12e8b_5074,11599.92463827687
00e12e8b_5075,11599.966774171227
00e12e8b_5076,11600.008910065586
00e12e8b_5077,11600.051045959945
00e12e8b_5078,11598.374492889458
00e12e8b_5079,11598.416628783816
00e12e8b_5080,11598.458764678173
00e12e8b_5081,11598.523361510031
00e12e8b_5082,11598.69827938681
00e12e8b_5083,11598.607633298747
00e12e8b_5084,11598.649769193104
00e12e8b_5085,11598.739420956603
00e12e8b_5086,11598.73404098182
00e12e8b_5087,11598.776176876177
00e12e8b_5088,11598.65663064163
00e12e8b_5089,11598.698766535987
00e12e8b_5090,11598.896831995775
00e12e8b_5091,11598.830554193843
00e12e8b_5092,11598.82517421906
00e12e8b_5093,11598.939941949355
00e12e8b_5094,11598.826148278284
00e12e8b_5095,11598.915800041783
00e12e8b_5096,11598.910420066999
00e12e8b_5097,11599.08533794378
00e12e8b_5098,11598.994691855714
00e12e8b_5099,11598.466774649487
00e12e8b_5100,11598.461394674703
00e12e8b_5101,11598.503530569062
00e12e8b_5102,11597.933743245647
00e12e8b_5103,11597.890613026722
00e12e8b_5104,11597.88523305194
00e12e8b_5105,11597.927368946297
00e12e8b_5106,11598.102286823078
00e12e8b_5107,11598.059156604153
00e12e8b_5108,11598.053776629371
00e12e8b_5109,11598.22869450615
00e12e8b_5110,11598.185564287227
00e12e8b_5111,11598.180184312445
00e12e8b_5112,11598.355102189224
00e12e8b_5113,11598.295599289637
00e12e8b_5114,11598.439373977939
00e12e8b_5115,11598.379871078352
00e12e8b_5116,11598.374491103568
00e12e8b_5117,11598.565781661013
00e12e8b_5118,11598.506278761424
00e12e8b_5119,11598.650053449728
00e12e8b_5120,11598.543034681
00e12e8b_5121,11598.937770673014
00e12e8b_5122,11598.627306469716
00e12e8b_5123,11598.8661128963
00e12e8b_5124,11598.711578258431
00e12e8b_5125,11598.230475017046
00e12e8b_5126,11598.320126780545
00e12e8b_5127,11598.165592142675
00e12e8b_5128,11598.40439856926
00e12e8b_5129,11598.249863931393
00e12e8b_5130,11598.644599923406
00e12e8b_5131,11598.483290383194
00e12e8b_5132,11598.814397224816
00e12e8b_5133,11598.95817191312
00e12e8b_5134,11599.047823676618
00e12e8b_5135,11598.89328903875
00e12e8b_5136,11599.132095465335
00e12e8b_5137,11599.12671549055
00e12e8b_5138,11599.21636725405
00e12e8b_5139,11599.32712192282
00e12e8b_5140,11599.565928349406
00e12e8b_5141,11599.560548374622
00e12e8b_5142,11599.650200138121
00e12e8b_5143,11599.644820163337
00e12e8b_5144,11599.58531726375
00e12e8b_5145,11599.729091952055
00e12e8b_5146,11599.818743715552
00e12e8b_5147,11599.86087960991
00e12e8b_5148,11599.855499635127
00e12e8b_5149,11598.466467926946
00e12e8b_5150,11598.461087952162
00e12e8b_5151,11598.550739715662
00e12e8b_5152,11598.443720946932
00e12e8b_5153,11598.587495635236
00e12e8b_5154,11598.677147398736
00e12e8b_5155,11598.671767423952
00e12e8b_5156,11598.76141918745
00e12e8b_5157,11598.803555081808
00e12e8b_5158,11598.798175107026
00e12e8b_5159,11598.887826870523
00e12e8b_5160,11598.744858394764
00e12e8b_5161,11598.924582790098
00e12e8b_5162,11599.014234553597
00e12e8b_5163,11599.212300013385
00e12e8b_5164,11599.050990473172
00e12e8b_5165,11599.14064223667
00e12e8b_5166,11599.182778131028
00e12e8b_5167,11599.177398156246
00e12e8b_5168,11599.267049919743
00e12e8b_5169,11599.124081443984
00e12e8b_5170,11599.351321708458
00e12e8b_5171,11599.345941733676
00e12e8b_5172,11599.435593497175
00e12e8b_5173,11598.409110617118
00e12e8b_5174,11598.588835012453
00e12e8b_5175,11598.67848677595
00e12e8b_5176,11598.72062267031
00e12e8b_5177,11598.733583759979
00e12e8b_5178,11598.804894459025
00e12e8b_5179,11598.799514484243
00e12e8b_5180,11598.704061877623
00e12e8b_5181,11598.931302142099
00e12e8b_5182,11598.973438036455
00e12e8b_5183,11598.782953691556
00e12e8b_5184,11599.05770982517
00e12e8b_5185,11599.09984571953
00e12e8b_5186,11598.956877243769
00e12e8b_5187,11599.184117508245
00e12e8b_5188,11599.178737533462
00e12e8b_5189,11599.26838929696
00e12e8b_5190,11599.310525191318
00e12e8b_5191,11599.352661085675
00e12e8b_5192,11599.475134504448
00e12e8b_5193,11599.408856702516
00e12e8b_5194,11599.450992596874
00e12e8b_5195,11599.49312849123
00e12e8b_5196,11599.487748516449
00e12e8b_5197,11598.248893810221
00e12e8b_5198,11598.291029704578
00e12e8b_5199,11598.441579295226
00e12e8b_5200,11598.375301493294
00e12e8b_5201,11598.268282724566
00e12e8b_5202,11598.412057412868
00e12e8b_5203,11598.501709176368
00e12e8b_5204,11598.39469040764
00e12e8b_5205,11598.538465095942
00e12e8b_5206,11598.478962196355
00e12e8b_5207,11598.670252753798
00e12e8b_5208,11598.664872779016
00e12e8b_5209,11598.605369879428
00e12e8b_5210,11598.803435339216
00e12e8b_5211,11598.791280462088
00e12e8b_5212,11598.731777562502
00e12e8b_5213,11598.875552250805
00e12e8b_5214,11598.816049351217
00e12e8b_5215,11598.858185245575
00e12e8b_5216,11598.852805270792
00e12e8b_5217,11599.091611697377
00e12e8b_5218,11599.093006624937
00e12e8b_5219,11599.026728823006
00e12e8b_5220,11599.021348848222
00e12e8b_5221,11599.111000611721
00e12e8b_5222,11599.10562063694
00e12e8b_5223,11599.195272400437
00e12e8b_5224,11599.189892425655
00e12e8b_5225,11599.435473754582
00e12e8b_5226,11599.32168008351
00e12e8b_5227,11599.316300108727
00e12e8b_5228,11599.358436003085
00e12e8b_5229,11599.42503173631
00e12e8b_5230,11599.4427077918
00e12e8b_5231,11599.5323595553
00e12e8b_5232,11599.526979580516
00e12e8b_5233,11599.593575313742
00e12e8b_5234,11599.611251369231
00e12e8b_5235,11599.677847102457
00e12e8b_5236,11599.695523157947
00e12e8b_5237,11599.762118891173
00e12e8b_5238,11599.779794946662
00e12e8b_5239,11599.798874810747
00e12e8b_5240,11600.06751216995
00e12e8b_5241,11599.883146599463
00e12e8b_5242,11599.995854393235
00e12e8b_5243,11599.414210990717
00e12e8b_5244,11599.456346885076
00e12e8b_5245,11599.545998648573
00e12e8b_5246,11598.439285055627
00e12e8b_5247,11598.505880788853
00e12e8b_5248,11598.344266072858
00e12e8b_5249,11598.542331532646
00e12e8b_5250,11598.476053730714
00e12e8b_5251,11598.452256397533
00e12e8b_5252,11598.632987872945
00e12e8b_5253,11598.566710071014
00e12e8b_5254,11598.56133009623
00e12e8b_5255,11598.759395556019
00e12e8b_5256,11598.849047319518
00e12e8b_5257,11598.843667344734
00e12e8b_5258,11598.729873673663
00e12e8b_5259,11598.77200956802
00e12e8b_5260,11598.861661331519
00e12e8b_5261,11598.856281356735
00e12e8b_5262,11598.898417251094
00e12e8b_5263,11598.94055314545
00e12e8b_5264,11599.03020490895
00e12e8b_5265,11599.024824934168
00e12e8b_5266,11598.727605359774
00e12e8b_5267,11598.769741254133
00e12e8b_5268,11598.85939301763
00e12e8b_5269,11598.854013042848
00e12e8b_5270,11598.896148937205
00e12e8b_5271,11597.90138907961
00e12e8b_5272,11598.067334788422
00e12e8b_5273,11598.00105698649
00e12e8b_5274,11597.995677011708
00e12e8b_5275,11598.037812906065
00e12e8b_5276,11598.079948800423
00e12e8b_5277,11598.12208469478
00e12e8b_5278,11598.164220589138
00e12e8b_5279,11598.206356483495
00e12e8b_5280,11598.296008246994
00e12e8b_5281,11598.290628272212
00e12e8b_5282,11598.33276416657
00e12e8b_5283,11598.374900060928
00e12e8b_5284,11598.572965520714
00e12e8b_5285,11598.615101415073
00e12e8b_5286,11598.501307744
00e12e8b_5287,11598.543443638358
00e12e8b_5288,11598.633095401856
00e12e8b_5289,11598.627715427074
00e12e8b_5290,11598.669851321432
00e12e8b_5291,11598.71198721579
00e12e8b_5292,11598.654178041788
00e12e8b_5293,11598.852243501575
00e12e8b_5294,11598.894379395933
00e12e8b_5295,11598.78058572486
00e12e8b_5296,11598.51800360164
00e12e8b_5297,11598.560139495998
00e12e8b_5298,11598.602275390356
00e12e8b_5299,11598.644411284715
00e12e8b_5300,11598.686547179072
00e12e8b_5301,11598.72868307343
00e12e8b_5302,11598.770818967787
00e12e8b_5303,11599.016400296716
00e12e8b_5304,11598.855090756502
00e12e8b_5305,11598.89722665086
00e12e8b_5306,11598.939362545218
00e12e8b_5307,11598.981498439576
00e12e8b_5308,11599.023634333935
00e12e8b_5309,11599.065770228292
00e12e8b_5310,11598.221462030853
00e12e8b_5311,11598.26359792521
00e12e8b_5312,11598.305733819569
00e12e8b_5313,11598.347869713925
00e12e8b_5314,11598.390005608284
00e12e8b_5315,11598.432141502642
00e12e8b_5316,11598.630206962429
00e12e8b_5317,11598.516413291358
00e12e8b_5318,11598.558549185715
00e12e8b_5319,11598.756614645503
00e12e8b_5320,11598.64282097443
00e12e8b_5321,11596.92662556996
00e12e8b_5322,11596.968761464317
00e12e8b_5323,11597.010897358676
00e12e8b_5324,11597.053033253034
00e12e8b_5325,11597.095169147391
00e12e8b_5326,11597.13730504175
00e12e8b_5327,11597.179440936106
00e12e8b_5328,11597.221576830465
00e12e8b_5329,11597.263712724822
00e12e8b_5330,11597.46177818461
00e12e8b_5331,11597.503914078967
00e12e8b_5332,11597.546049973325
00e12e8b_5333,11597.588185867684
00e12e8b_5334,11597.474392196611
00e12e8b_5335,11597.51652809097
00e12e8b_5336,11597.558663985326
00e12e8b_5337,11597.600799879685
00e12e8b_5338,11597.642935774042
00e12e8b_5339,11597.6850716684
00e12e8b_5340,11597.727207562759
00e12e8b_5341,11597.925273022545
00e12e8b_5342,11597.811479351474
00e12e8b_5343,11597.853615245831
00e12e8b_5344,11597.89575114019
00e12e8b_5345,11597.937887034546
00e12e8b_5346,11598.135952494335
00e12e8b_5347,11598.022158823262
00e12e8b_5348,11598.06429471762
00e12e8b_5349,11598.106430611979
00e12e8b_5350,11598.148566506336
00e12e8b_5351,11598.346631966124
00e12e8b_5352,11598.23283829505
00e12e8b_5353,11598.43090375484
00e12e8b_5354,11598.317110083766
00e12e8b_5355,11598.359245978125
00e12e8b_5356,11598.401381872482
00e12e8b_5357,11598.44351776684
00e12e8b_5358,11598.485653661199
00e12e8b_5359,11598.527789555556
00e12e8b_5360,11598.569925449914
00e12e8b_5361,11598.61206134427
00e12e8b_5362,11598.65419723863
00e12e8b_5363,11598.696333132986
00e12e8b_5364,11598.738469027345
00e12e8b_5365,11598.780604921702
00e12e8b_5366,11598.82274081606
00e12e8b_5367,11598.864876710419
00e12e8b_5368,11599.062942170205
00e12e8b_5369,11598.949148499134
00e12e8b_5370,11598.99128439349
00e12e8b_5371,11599.03342028785
00e12e8b_5372,11599.075556182206
00e12e8b_5373,11598.083527647854
00e12e8b_5374,11598.12566354221
00e12e8b_5375,11598.323729001999
00e12e8b_5376,11598.209935330928
00e12e8b_5377,11598.252071225284
00e12e8b_5378,11598.294207119643
00e12e8b_5379,11598.336343014
00e12e8b_5380,11598.378478908358
00e12e8b_5381,11598.576544368145
00e12e8b_5382,11598.618680262503
00e12e8b_5383,11598.504886591432
00e12e8b_5384,11598.547022485789
00e12e8b_5385,11598.589158380148
00e12e8b_5386,11598.631294274504
00e12e8b_5387,11598.673430168863
00e12e8b_5388,11598.71556606322
00e12e8b_5389,11598.757701957578
00e12e8b_5390,11598.799837851935
00e12e8b_5391,11598.841973746294
00e12e8b_5392,11598.884109640652
00e12e8b_5393,11598.926245535009
00e12e8b_5394,11598.968381429368
00e12e8b_5395,11599.010517323724
00e12e8b_5396,11599.052653218083
00e12e8b_5397,11599.09478911244
00e12e8b_5398,11599.136925006798
00e12e8b_5399,11599.179060901155
00e12e8b_5400,11596.878224993756
00e12e8b_5401,11596.920360888114
00e12e8b_5402,11596.962496782471
00e12e8b_5403,11597.00463267683
00e12e8b_5404,11597.046768571186
00e12e8b_5405,11597.088904465545
00e12e8b_5406,11597.131040359902
00e12e8b_5407,11597.17317625426
00e12e8b_5408,11597.215312148617
00e12e8b_5409,11597.257448042976
00e12e8b_5410,11597.299583937334
00e12e8b_5411,11597.341719831691
00e12e8b_5412,11597.38385572605
00e12e8b_5413,11597.581921185836
00e12e8b_5414,11597.468127514765
00e12e8b_5415,11597.666192974551
00e12e8b_5416,11597.55239930348
00e12e8b_5417,11597.594535197839
00e12e8b_5418,11597.636671092196
00e12e8b_5419,11597.678806986554
00e12e8b_5420,11597.720942880911
00e12e8b_5421,11597.76307877527
00e12e8b_5422,11597.805214669626
00e12e8b_5423,11597.847350563985
00e12e8b_5424,11597.889486458342
00e12e8b_5425,11597.042080726724
00e12e8b_5426,11597.084216621082
00e12e8b_5427,11597.126352515439
00e12e8b_5428,11597.168488409798
00e12e8b_5429,11597.210624304154
00e12e8b_5430,11597.252760198513
00e12e8b_5431,11597.29489609287
00e12e8b_5432,11597.337031987228
00e12e8b_5433,11597.379167881585
00e12e8b_5434,11597.577233341373
00e12e8b_5435,11597.463439670302
00e12e8b_5436,11597.661505130089
00e12e8b_5437,11597.547711459018
00e12e8b_5438,11597.589847353374
00e12e8b_5439,11597.631983247733
00e12e8b_5440,11597.67411914209
00e12e8b_5441,11597.716255036448
00e12e8b_5442,11597.758390930805
00e12e8b_5443,11597.956456390593
00e12e8b_5444,11597.842662719522
00e12e8b_5445,11597.884798613879
00e12e8b_5446,11597.926934508238
00e12e8b_5447,11597.969070402594
00e12e8b_5448,11598.011206296953
00e12e8b_5449,11598.05334219131
00e12e8b_5450,11598.095478085668
00e12e8b_5451,11598.267649380417
00e12e8b_5452,11598.309785274774
00e12e8b_5453,11598.351921169133
00e12e8b_5454,11598.39405706349
00e12e8b_5455,11598.436192957848
00e12e8b_5456,11598.478328852205
00e12e8b_5457,11598.520464746563
00e12e8b_5458,11598.56260064092
00e12e8b_5459,11598.604736535279
00e12e8b_5460,11598.646872429637
00e12e8b_5461,11598.689008323994
00e12e8b_5462,11598.731144218353
00e12e8b_5463,11598.77328011271
00e12e8b_5464,11598.685380606677
00e12e8b_5465,11598.727516501034
00e12e8b_5466,11598.925581960822
00e12e8b_5467,11598.81178828975
00e12e8b_5468,11598.853924184108
00e12e8b_5469,11598.896060078467
00e12e8b_5470,11598.938195972823
00e12e8b_5471,11599.136261432612
00e12e8b_5472,11599.178397326968
00e12e8b_5473,11599.064603655897
00e12e8b_5474,11599.106739550254
00e12e8b_5475,11599.148875444613
00e12e8b_5476,11599.19101133897
00e12e8b_5477,11599.233147233328
00e12e8b_5478,11599.431212693116
00e12e8b_5479,11597.903539627512
00e12e8b_5480,11597.94567552187
00e12e8b_5481,11597.987811416227
00e12e8b_5482,11598.029947310586
00e12e8b_5483,11598.072083204943
00e12e8b_5484,11598.114219099301
00e12e8b_5485,11598.177061170418
00e12e8b_5486,11598.349232465165
00e12e8b_5487,11598.391368359524
00e12e8b_5488,11598.43350425388
00e12e8b_5489,11598.631569713669
00e12e8b_5490,11598.517776042596
00e12e8b_5491,11598.559911936954
00e12e8b_5492,11598.602047831311
00e12e8b_5493,11598.64418372567
00e12e8b_5494,11598.686319620028
00e12e8b_5495,11598.728455514385
00e12e8b_5496,11598.770591408744
00e12e8b_5497,11598.8127273031
00e12e8b_5498,11599.010792762889
00e12e8b_5499,11598.896999091816
00e12e8b_5500,11598.939134986174
00e12e8b_5501,11598.981270880531
00e12e8b_5502,11599.02340677489
00e12e8b_5503,11598.935507268858
00e12e8b_5504,11598.977643163214
00e12e8b_5505,11599.019779057573
00e12e8b_5506,11599.21784451736
00e12e8b_5507,11598.815491886327
00e12e8b_5508,11598.836921603926
00e12e8b_5509,11598.879057498285
00e12e8b_5510,11598.921193392642
00e12e8b_5511,11598.963329287
00e12e8b_5512,11599.161394746789
00e12e8b_5513,11599.047601075716
00e12e8b_5514,11599.089736970074
00e12e8b_5515,11599.131872864431
00e12e8b_5516,11599.17400875879
00e12e8b_5517,11599.194965453928
00e12e8b_5518,11599.237101348286
00e12e8b_5519,11599.482896300262
00e12e8b_5520,11599.369102629189
00e12e8b_5521,11599.411238523548
00e12e8b_5522,11599.453374417904
00e12e8b_5523,11599.495510312263
00e12e8b_5524,11599.69357577205
00e12e8b_5525,11599.735711666408
00e12e8b_5526,11599.777847560765
00e12e8b_5527,11599.819983455123
00e12e8b_5528,11599.859998377802
00e12e8b_5529,11599.902134272159
00e12e8b_5530,11599.944270166518
00e12e8b_5531,11599.986406060874
00e12e8b_5532,11599.874733361483
00e12e8b_5533,11599.6585532158
00e12e8b_5534,11599.70068911016
00e12e8b_5535,11599.742825004516
00e12e8b_5536,11599.784960898874
00e12e8b_5537,11599.827096793233
00e12e8b_5538,11599.86923268759
00e12e8b_5539,11599.911368581948
00e12e8b_5540,11600.109434041735
00e12e8b_5541,11600.151569936093
00e12e8b_5542,11600.03777626502
00e12e8b_5543,11600.07991215938
00e12e8b_5544,11600.122048053736
00e12e8b_5545,11600.164183948094
00e12e8b_5546,11600.206319842453
00e12e8b_5547,11600.24845573681
00e12e8b_5548,11600.290591631168
00e12e8b_5549,11600.332727525525
00e12e8b_5550,11600.374863419884
00e12e8b_5551,11600.41699931424
00e12e8b_5552,11600.459135208599
00e12e8b_5553,11600.501271102958
00e12e8b_5554,11600.543406997314
00e12e8b_5555,11600.585542891673
00e12e8b_5556,11600.62767878603
00e12e8b_5557,11600.669814680388
00e12e8b_5558,11600.711950574745
00e12e8b_5559,11600.754086469104
00e12e8b_5560,11600.79622236346
00e12e8b_5561,11600.348200176764
00e12e8b_5562,11600.390336071123
00e12e8b_5563,11600.43247196548
00e12e8b_5564,11600.474607859838
00e12e8b_5565,11600.516743754195
00e12e8b_5566,11600.558879648554
00e12e8b_5567,11600.60101554291
00e12e8b_5568,11600.643151437269
00e12e8b_5569,11600.685287331626
00e12e8b_5570,11600.727423225984
00e12e8b_5571,11600.304806923077
00e12e8b_5572,11600.346942817434
00e12e8b_5573,11600.389078711793
00e12e8b_5574,11600.43121460615
00e12e8b_5575,11600.473350500508
00e12e8b_5576,11600.515486394865
00e12e8b_5577,11600.557622289223
00e12e8b_5578,11600.59975818358
00e12e8b_5579,11600.797823643368
00e12e8b_5580,11600.193093693
00e12e8b_5581,11600.235229587357
00e12e8b_5582,11600.277365481716
00e12e8b_5583,11600.319501376072
00e12e8b_5584,11600.361637270431
00e12e8b_5585,11600.403773164788
00e12e8b_5586,11600.601838624576
00e12e8b_5587,11600.488044953505
00e12e8b_5588,11600.530180847862
00e12e8b_5589,11598.571309662142
00e12e8b_5590,11598.613445556499
00e12e8b_5591,11598.655581450857
00e12e8b_5592,11598.697717345214
00e12e8b_5593,11598.895782805002
00e12e8b_5594,11598.78198913393
00e12e8b_5595,11598.824125028288
00e12e8b_5596,11599.022190488076
00e12e8b_5597,11598.908396817003
00e12e8b_5598,11599.106462276792
00e12e8b_5599,11598.992668605719
00e12e8b_5600,11599.034804500077
00e12e8b_5601,11599.076940394434
00e12e8b_5602,11599.119076288793
00e12e8b_5603,11599.16121218315
00e12e8b_5604,11599.203348077508
00e12e8b_5605,11599.245483971867
00e12e8b_5606,11599.287619866223
00e12e8b_5607,11599.485685326012
00e12e8b_5608,11599.371891654939
00e12e8b_5609,11599.414027549297
00e12e8b_5610,11599.456163443654
00e12e8b_5611,11599.498299338013
00e12e8b_5612,11599.6963647978
00e12e8b_5613,11599.738500692158
00e12e8b_5614,11599.624707021087
00e12e8b_5615,11599.666842915443
00e12e8b_5616,11599.708978809802
00e12e8b_5617,11599.751114704159
00e12e8b_5618,11598.289008655158
00e12e8b_5619,11598.331144549515
00e12e8b_5620,11598.373280443873
00e12e8b_5621,11598.415416338232
00e12e8b_5622,11598.613481798018
00e12e8b_5623,11598.499688126947
00e12e8b_5624,11598.541824021304
00e12e8b_5625,11598.583959915662
00e12e8b_5626,11598.62609581002
00e12e8b_5627,11598.668231704378
00e12e8b_5628,11598.710367598735
00e12e8b_5629,11598.752503493093
00e12e8b_5630,11598.794639387452
00e12e8b_5631,11598.836775281809
00e12e8b_5632,11598.878911176167
00e12e8b_5633,11598.921047070524
00e12e8b_5634,11598.963182964882
00e12e8b_5635,11599.00531885924
00e12e8b_5636,11599.047454753598
00e12e8b_5637,11599.089590647955
00e12e8b_5638,11599.131726542313
00e12e8b_5639,11599.311847666164
00e12e8b_5640,11599.35398356052
00e12e8b_5641,11599.39611945488
00e12e8b_5642,11599.438255349236
00e12e8b_5643,11599.480391243595
00e12e8b_5644,11599.522527137951
00e12e8b_5645,11599.72059259774
00e12e8b_5646,11598.342547217682
00e12e8b_5647,11598.38468311204
00e12e8b_5648,11598.4268190064
00e12e8b_5649,11598.468954900756
00e12e8b_5650,11598.511090795115
00e12e8b_5651,11598.553226689472
00e12e8b_5652,11598.59536258383
00e12e8b_5653,11598.637498478187
00e12e8b_5654,11598.809669772936
00e12e8b_5655,11598.851805667295
00e12e8b_5656,11599.049871127081
00e12e8b_5657,11599.09200702144
00e12e8b_5658,11599.555209199976
00e12e8b_5659,11599.176278810155
00e12e8b_5660,11599.062485139082
00e12e8b_5661,11599.10462103344
00e12e8b_5662,11599.146756927797
00e12e8b_5663,11599.188892822156
00e12e8b_5664,11599.231028716515
00e12e8b_5665,11599.273164610871
00e12e8b_5666,11599.89229635484
00e12e8b_5667,11599.357436399587
00e12e8b_5668,11599.399572293945
00e12e8b_5669,11599.441708188302
00e12e8b_5670,11599.48384408266
00e12e8b_5671,11599.681909542447
00e12e8b_5672,11600.301041286415
00e12e8b_5673,11599.766181331164
00e12e8b_5674,11599.808317225521
00e12e8b_5675,11599.497181635505
00e12e8b_5676,11599.539317529861
00e12e8b_5677,11600.15844927383
00e12e8b_5678,11599.623589318577
00e12e8b_5679,11599.535689812545
00e12e8b_5680,11599.577825706901
00e12e8b_5681,11599.816952568057
00e12e8b_5682,11600.436084312025
00e12e8b_5683,11600.057153922202
00e12e8b_5684,11599.94336025113
00e12e8b_5685,11599.985496145488
00e12e8b_5686,11600.604627889456
00e12e8b_5687,11600.069767934203
00e12e8b_5688,11600.111903828561
00e12e8b_5689,11600.15403972292
00e12e8b_5690,11600.773171466886
00e12e8b_5691,11600.238311511635
00e12e8b_5692,11600.280447405992
00e12e8b_5693,11600.32258330035
00e12e8b_5694,11600.941715044317
00e12e8b_5695,11600.562784654496
00e12e8b_5696,11600.448990983423
00e12e8b_5697,11600.491126877781
00e12e8b_5698,11601.266188187179
00e12e8b_5699,11600.575398666497
00e12e8b_5700,11600.617534560855
00e12e8b_5701,11601.236666304821
00e12e8b_5702,11600.70180634957
00e12e8b_5703,11600.398239118927
00e12e8b_5704,11600.861441297466
00e12e8b_5705,11600.326581342213
00e12e8b_5706,11600.368717236572
00e12e8b_5707,11600.98784898054
00e12e8b_5708,11600.452989025287
00e12e8b_5709,11600.495124919646
00e12e8b_5710,11601.114256663612
00e12e8b_5711,11600.579396708361
00e12e8b_5712,11600.621532602718
00e12e8b_5713,11601.240664346686
00e12e8b_5714,11600.705804391433
00e12e8b_5715,11600.747940285792
00e12e8b_5716,11601.36707202976
00e12e8b_5717,11600.832212074507
00e12e8b_5718,11601.451343818475
00e12e8b_5719,11601.160914405214
00e12e8b_5720,11601.203050299573
00e12e8b_5721,11601.577751501547
00e12e8b_5722,11601.287322088288
00e12e8b_5723,11601.329457982647
00e12e8b_5724,11601.86008875005
00e12e8b_5725,11601.569659336792
00e12e8b_5726,11601.944360538766
00e12e8b_5727,11601.498001560078
00e12e8b_5728,11601.872702762052
00e12e8b_5729,11601.582273348793
00e12e8b_5730,11601.62440924315
00e12e8b_5731,11601.999110445126
00e12e8b_5732,11600.82061950843
00e12e8b_5733,11601.195320710403
00e12e8b_5734,11600.904891297145
00e12e8b_5735,11601.279592499119
00e12e8b_5736,11600.98916308586
00e12e8b_5737,11601.363864287834
00e12e8b_5738,11601.073434874575
00e12e8b_5739,11601.44813607655
00e12e8b_5740,11601.15770666329
00e12e8b_5741,11601.532407865267
00e12e8b_5742,11601.241978452006
00e12e8b_5743,11601.616679653982
00e12e8b_5744,11601.482179806151
00e12e8b_5745,11601.856881008127
00e12e8b_5746,11601.566451594867
00e12e8b_5747,11601.785223231413
00e12e8b_5748,11601.494793818152
00e12e8b_5749,11601.869495020128
00e12e8b_5750,11601.734995172299
00e12e8b_5751,11601.953766808843
00e12e8b_5752,11601.663337395585
00e12e8b_5753,11602.038038597559
00e12e8b_5754,11601.7476091843
00e12e8b_5755,11602.122310386274
00e12e8b_5756,11601.831880973015
00e12e8b_5757,11602.20658217499
00e12e8b_5758,11601.91615276173
00e12e8b_5759,11602.290853963706
00e12e8b_5760,11602.000424550446
00e12e8b_5761,11602.375125752422
00e12e8b_5762,11602.084696339161
00e12e8b_5763,11600.83677791223
00e12e8b_5764,11601.211479114205
00e12e8b_5765,11600.921049700946
00e12e8b_5766,11601.451680468352
00e12e8b_5767,11601.005321489662
00e12e8b_5768,11601.04745738402
00e12e8b_5769,11601.422158585994
00e12e8b_5770,11601.131729172736
00e12e8b_5771,11601.50643037471
00e12e8b_5772,11601.21600096145
00e12e8b_5773,11601.258136855808
00e12e8b_5774,11601.632838057783
00e12e8b_5775,11601.342408644525
00e12e8b_5776,11601.384544538882
00e12e8b_5777,11601.759245740857
00e12e8b_5778,11601.338155316855
00e12e8b_5779,11601.380291211213
00e12e8b_5780,11601.42242710557
00e12e8b_5781,11601.797128307546
00e12e8b_5782,11601.506698894285
00e12e8b_5783,11601.548834788644
00e12e8b_5784,11601.590970683003
00e12e8b_5785,11601.965671884976
00e12e8b_5786,11601.831172037148
00e12e8b_5787,11601.717378366075
00e12e8b_5788,11601.759514260433
00e12e8b_5789,11602.290145027837
00e12e8b_5790,11601.999715614578
00e12e8b_5791,11602.041851508937
00e12e8b_5792,11598.78734128513
00e12e8b_5793,11598.829477179488
00e12e8b_5794,11598.871613073845
00e12e8b_5795,11599.24631427582
00e12e8b_5796,11598.95588486256
00e12e8b_5797,11599.153950322348
00e12e8b_5798,11599.196086216705
00e12e8b_5799,11599.238222111064
00e12e8b_5800,11599.124428439993
00e12e8b_5801,11599.16656433435
00e12e8b_5802,11599.208700228708
00e12e8b_5803,11599.250836123065
00e12e8b_5804,11599.343203951017
00e12e8b_5805,11599.717905152991
00e12e8b_5806,11599.427475739732
00e12e8b_5807,11599.46961163409
00e12e8b_5808,11599.511747528448
00e12e8b_5809,11599.553883422806
00e12e8b_5810,11599.596019317163
00e12e8b_5811,11599.638155211522
00e12e8b_5812,11599.680291105878
00e12e8b_5813,11599.722427000237
00e12e8b_5814,11599.764562894594
00e12e8b_5815,11599.806698788952
00e12e8b_5816,11599.84883468331
00e12e8b_5817,11599.890970577668
00e12e8b_5818,11599.933106472026
00e12e8b_5819,11600.19794439275
00e12e8b_5820,11600.396009852539
00e12e8b_5821,11600.282216181466
00e12e8b_5822,11600.324352075824
00e12e8b_5823,11600.09680413229
00e12e8b_5824,11599.98301046122
00e12e8b_5825,11600.025146355576
00e12e8b_5826,11600.067282249935
00e12e8b_5827,11600.109418144293
00e12e8b_5828,11600.15155403865
00e12e8b_5829,11600.193689933008
00e12e8b_5830,11600.241242697482
00e12e8b_5831,11600.283378591841
00e12e8b_5832,11600.325514486198
00e12e8b_5833,11600.367650380556
00e12e8b_5834,11600.429027607923
00e12e8b_5835,11600.47116350228
00e12e8b_5836,11600.513299396638
00e12e8b_5837,11600.555435290995
00e12e8b_5838,11600.597571185353
00e12e8b_5839,11600.63970707971
00e12e8b_5840,11600.681842974069
00e12e8b_5841,11600.723978868426
00e12e8b_5842,11600.922044328214
00e12e8b_5843,11601.010994187416
00e12e8b_5844,11601.209059647203
00e12e8b_5845,11601.095265976131
00e12e8b_5846,11601.137401870488
00e12e8b_5847,11601.179537764847
00e12e8b_5848,11601.221673659204
00e12e8b_5849,11601.263809553562
00e12e8b_5850,11601.305945447919
00e12e8b_5851,11601.348081342278
00e12e8b_5852,11601.390217236636
00e12e8b_5853,11601.220301739391
00e12e8b_5854,11601.10650806832
00e12e8b_5855,11601.148643962677
00e12e8b_5856,11601.190779857036
00e12e8b_5857,11601.388845316822
00e12e8b_5858,11601.27505164575
00e12e8b_5859,11601.31718754011
00e12e8b_5860,11601.359323434466
00e12e8b_5861,11601.401459328825
00e12e8b_5862,11601.599524788611
00e12e8b_5863,11601.48573111754
00e12e8b_5864,11601.527867011897
00e12e8b_5865,11601.570002906255
00e12e8b_5866,11601.612138800612
00e12e8b_5867,11601.65427469497
00e12e8b_5868,11601.69641058933
00e12e8b_5869,11601.738546483686
00e12e8b_5870,11601.780682378045
00e12e8b_5871,11601.978747837831
00e12e8b_5872,11601.86495416676
00e12e8b_5873,11601.907090061117
00e12e8b_5874,11602.105155520905
00e12e8b_5875,11601.991361849832
00e12e8b_5876,11602.03349774419
00e12e8b_5877,11602.07563363855
00e12e8b_5878,11602.117769532906
00e12e8b_5879,11602.159905427265
00e12e8b_5880,11602.202041321621
00e12e8b_5881,11602.267477386878
00e12e8b_5882,11602.309613281235
00e12e8b_5883,11602.351749175594
00e12e8b_5884,11600.572855406865
00e12e8b_5885,11600.614991301223
00e12e8b_5886,11600.657127195582
00e12e8b_5887,11600.699263089939
00e12e8b_5888,11600.897328549727
00e12e8b_5889,11600.939464444084
00e12e8b_5890,11600.973558956606
00e12e8b_5891,11601.03640102772
00e12e8b_5892,11600.563415462118
00e12e8b_5893,11600.761480921905
00e12e8b_5894,11600.647687250834
00e12e8b_5895,11600.689823145192
00e12e8b_5896,11600.73195903955
00e12e8b_5897,11600.774094933908
00e12e8b_5898,11600.816230828264
00e12e8b_5899,11600.854384178678
00e12e8b_5900,11600.896520073034
00e12e8b_5901,11600.938655967393
00e12e8b_5902,11600.980791861752
00e12e8b_5903,11601.022927756108
00e12e8b_5904,11601.065063650467
00e12e8b_5905,11601.107199544824
00e12e8b_5906,11601.128629262425
00e12e8b_5907,11601.29463600639
00e12e8b_5908,11601.206736500359
00e12e8b_5909,11601.248872394715
00e12e8b_5910,11601.291008289074
00e12e8b_5911,11601.333144183433
00e12e8b_5912,11601.531209643219
00e12e8b_5913,11601.573345537578
00e12e8b_5914,11601.459551866505
00e12e8b_5915,11600.516656632934
00e12e8b_5916,11600.55879252729
00e12e8b_5917,11600.600928421649
00e12e8b_5918,11600.643064316006
00e12e8b_5919,11600.841129775794
00e12e8b_5920,11600.652262862535
00e12e8b_5921,11600.694398756892
00e12e8b_5922,11600.73653465125
00e12e8b_5923,11600.778670545607
00e12e8b_5924,11600.820806439966
00e12e8b_5925,11600.862942334323
00e12e8b_5926,11601.081713970869
00e12e8b_5927,11600.967920299798
00e12e8b_5928,11601.010056194154
00e12e8b_5929,11601.052192088513
00e12e8b_5930,11601.09432798287
00e12e8b_5931,11601.292393442658
00e12e8b_5932,11601.398509439554
00e12e8b_5933,11601.440645333912
00e12e8b_5934,11601.48278122827
00e12e8b_5935,11601.524917122628
00e12e8b_5936,11601.567053016986
00e12e8b_5937,11601.609188911343
00e12e8b_5938,11601.651324805702
00e12e8b_5939,11601.693460700058
00e12e8b_5940,11601.891526159847
00e12e8b_5941,11601.933662054204
00e12e8b_5942,11601.975797948562
00e12e8b_5943,11601.86200427749
00e12e8b_5944,11601.904140171848
00e12e8b_5945,11601.946276066206
00e12e8b_5946,11601.967705783805
00e12e8b_5947,11602.009841678164
00e12e8b_5948,11602.05197757252
00e12e8b_5949,11600.877270815512
00e12e8b_5950,11600.919406709869
00e12e8b_5951,11600.961542604227
00e12e8b_5952,11601.003678498584
00e12e8b_5953,11601.045814392943
00e12e8b_5954,11601.087950287301
00e12e8b_5955,11601.130086181658
00e12e8b_5956,11601.172222076017
00e12e8b_5957,11601.214357970373
00e12e8b_5958,11601.256493864732
00e12e8b_5959,11601.298629759089
00e12e8b_5960,11601.340765653447
00e12e8b_5961,11601.382901547804
00e12e8b_5962,11601.425037442163
00e12e8b_5963,11601.467173336521
00e12e8b_5964,11601.509309230878
00e12e8b_5965,11601.551445125237
00e12e8b_5966,11601.716154872132
00e12e8b_5967,11601.635716913952
00e12e8b_5968,11601.677852808309
00e12e8b_5969,11601.719988702667
00e12e8b_5970,11601.762124597026
00e12e8b_5971,11601.82496666814
00e12e8b_5972,11601.867102562499
00e12e8b_5973,11601.909238456856
00e12e8b_5974,11601.949253379535
00e12e8b_5975,11601.991389273891
00e12e8b_5976,11602.156099020789
00e12e8b_5977,11602.075661062607
00e12e8b_5978,11602.117796956965
00e12e8b_5979,11602.162053823004
00e12e8b_5980,11602.20418971736
00e12e8b_5981,11601.430041432031
00e12e8b_5982,11601.472177326388
00e12e8b_5983,11601.493607043989
00e12e8b_5984,11601.535742938346
00e12e8b_5985,11601.577878832704
00e12e8b_5986,11601.620014727061
00e12e8b_5987,11601.66215062142
00e12e8b_5988,11601.704286515778
00e12e8b_5989,11601.746422410135
00e12e8b_5990,11601.911132157033
00e12e8b_5991,11601.83069419885
00e12e8b_5992,11601.872830093209
00e12e8b_5993,11601.914965987566
00e12e8b_5994,11601.957101881924
00e12e8b_5995,11601.999237776283
00e12e8b_5996,11602.04137367064
00e12e8b_5997,11602.083509564998
00e12e8b_5998,11602.248219311894
00e12e8b_5999,11602.167781353714
00e12e8b_6000,11602.33249110061
00e12e8b_6001,11602.374626994968
00e12e8b_6002,11602.414641917645
00e12e8b_6003,11602.456777812004
00e12e8b_6004,11602.498913706362
00e12e8b_6005,11602.541049600719
00e12e8b_6006,11602.583185495077
00e12e8b_6007,11602.504868508575
00e12e8b_6008,11602.547004402933
00e12e8b_6009,11602.58914029729
00e12e8b_6010,11602.651982368407
00e12e8b_6011,11602.694118262763
00e12e8b_6012,11602.736254157122
00e12e8b_6013,11602.77839005148
00e12e8b_6014,11602.55339032572
00e12e8b_6015,11602.595526220079
00e12e8b_6016,11602.637662114435
00e12e8b_6017,11602.679798008794
00e12e8b_6018,11602.84450775569
00e12e8b_6019,11602.76406979751
00e12e8b_6020,11602.785499515108
00e12e8b_6021,11602.950209262006
00e12e8b_6022,11602.869771303825
00e12e8b_6023,11602.987667085878
00e12e8b_6024,11603.029802980236
00e12e8b_6025,11603.071938874593
00e12e8b_6026,11603.114074768951
00e12e8b_6027,11603.156210663308
00e12e8b_6028,11603.198346557667
00e12e8b_6029,11603.240482452024
00e12e8b_6030,11603.405192198921
00e12e8b_6031,11603.32475424074
00e12e8b_6032,11603.366890135097
00e12e8b_6033,11603.409026029456
00e12e8b_6034,11603.451161923813
00e12e8b_6035,11603.493297818171
00e12e8b_6036,11603.348635616825
00e12e8b_6037,11603.390771511184
00e12e8b_6038,11603.432907405542
00e12e8b_6039,11603.38516903232
00e12e8b_6040,11603.42730492668
00e12e8b_6041,11603.469440821036
00e12e8b_6042,11603.511576715395
00e12e8b_6043,11603.553712609752
00e12e8b_6044,11603.59584850411
00e12e8b_6045,11603.637984398467
00e12e8b_6046,11603.680120292825
00e12e8b_6047,11603.722256187184
00e12e8b_6048,11602.93611449365
00e12e8b_6049,11603.007440451485
00e12e8b_6050,11603.049576345842
00e12e8b_6051,11603.0917122402
00e12e8b_6052,11603.133848134557
00e12e8b_6053,11603.175984028916
00e12e8b_6054,11603.218119923273
00e12e8b_6055,11603.260255817631
00e12e8b_6056,11603.30239171199
00e12e8b_6057,11603.344527606347
00e12e8b_6058,11603.386663500705
00e12e8b_6059,11603.428799395062
00e12e8b_6060,11603.47093528942
00e12e8b_6061,11603.513071183777
00e12e8b_6062,11603.549332444347
00e12e8b_6063,11603.591468338704
00e12e8b_6064,11603.633604233062
00e12e8b_6065,11603.698796157694
00e12e8b_6066,11603.717876021778
00e12e8b_6067,11603.760011916136
00e12e8b_6068,11603.802147810493
00e12e8b_6069,11603.844283704851
00e12e8b_6070,11603.907125775966
00e12e8b_6071,11603.928555493567
00e12e8b_6072,11603.510150616441
00e12e8b_6073,11603.552286510798
00e12e8b_6074,11603.594422405156
00e12e8b_6075,11603.685310130568
00e12e8b_6076,11603.704389994653
00e12e8b_6077,11601.501973276705
00e12e8b_6078,11601.544109171064
00e12e8b_6079,11601.58624506542
00e12e8b_6080,11601.628380959779
00e12e8b_6081,11597.249465828747
00e12e8b_6082,11597.775198524861
00e12e8b_6083,11597.794278388947
00e12e8b_6084,11597.836414283303
00e12e8b_6085,11597.878550177662
00e12e8b_6086,11598.043259924558
00e12e8b_6087,11597.98587799665
00e12e8b_6088,11598.004957860734
00e12e8b_6089,11598.047093755093
00e12e8b_6090,11598.21180350199
00e12e8b_6091,11598.154421574081
00e12e8b_6092,11598.173501438167
00e12e8b_6093,11598.338211185062
00e12e8b_6094,11598.257773226882
00e12e8b_6095,11598.170758730614
00e12e8b_6096,11598.189838594699
00e12e8b_6097,11598.231974489056
00e12e8b_6098,11598.297166413688
00e12e8b_6099,11598.438820130312
00e12e8b_6100,11598.020415253184
00e12e8b_6101,11598.085607177816
00e12e8b_6102,11597.98211318936
00e12e8b_6103,11598.024249083719
00e12e8b_6104,11598.08944100835
00e12e8b_6105,11598.231094724973
00e12e8b_6106,11598.150656766793
00e12e8b_6107,11598.215848691423
00e12e8b_6108,11598.234928555508
00e12e8b_6109,11598.277064449865
00e12e8b_6110,11598.342256374497
00e12e8b_6111,11598.36133623858
00e12e8b_6112,11598.426528163212
00e12e8b_6113,11598.445608027296
00e12e8b_6114,11598.510799951928
00e12e8b_6115,11598.529879816013
00e12e8b_6116,11598.57201571037
00e12e8b_6117,11598.478745110588
00e12e8b_6118,11598.497824974671
00e12e8b_6119,11598.563016899303
00e12e8b_6120,11598.582096763386
00e12e8b_6121,11598.647288688018
00e12e8b_6122,11598.666368552102
00e12e8b_6123,11598.731560476734
00e12e8b_6124,11598.750640340819
00e12e8b_6125,11598.815832265449
00e12e8b_6126,11598.834912129534
00e12e8b_6127,11598.900104054164
00e12e8b_6128,11598.91918391825
00e12e8b_6129,11598.98437584288
00e12e8b_6130,11599.003455706965
00e12e8b_6131,11599.068647631595
00e12e8b_6132,11599.21030134822
00e12e8b_6133,11599.152919420312
00e12e8b_6134,11599.171999284395
00e12e8b_6135,11599.359765061567
00e12e8b_6136,11599.279327103384
00e12e8b_6137,11599.29840696747
00e12e8b_6138,11599.3635988921
00e12e8b_6139,11599.382678756185
00e12e8b_6140,11599.447870680817
00e12e8b_6141,11599.612580427713
00e12e8b_6142,11599.509086439259
00e12e8b_6143,11599.574278363889
00e12e8b_6144,11599.593358227974
00e12e8b_6145,11599.781124005143
00e12e8b_6146,11599.700686046963
00e12e8b_6147,11599.719765911046
00e12e8b_6148,11599.784957835678
00e12e8b_6149,11599.827093730037
00e12e8b_6150,11599.84617359412
00e12e8b_6151,11599.911365518752
00e12e8b_6152,11599.958918283226
00e12e8b_6153,11599.977998147311
00e12e8b_6154,11598.597465584637
00e12e8b_6155,11598.639601478995
00e12e8b_6156,11598.681737373352
00e12e8b_6157,11598.700817237437
00e12e8b_6158,11598.76600916207
00e12e8b_6159,11598.808145056426
00e12e8b_6160,11598.827224920511
00e12e8b_6161,11599.01499069768
00e12e8b_6162,11598.9345527395
00e12e8b_6163,11598.976688633857
00e12e8b_6164,11598.995768497942
00e12e8b_6165,11599.060960422572
00e12e8b_6166,11599.22567016947
00e12e8b_6167,11599.14523221129
00e12e8b_6168,11599.164312075372
00e12e8b_6169,11599.229504000004
00e12e8b_6170,11599.271639894361
00e12e8b_6171,11599.436349641259
00e12e8b_6172,11599.355911683077
00e12e8b_6173,11599.398047577435
00e12e8b_6174,11599.41712744152
00e12e8b_6175,11599.48231936615
00e12e8b_6176,11599.524455260509
00e12e8b_6177,11599.566591154866
00e12e8b_6178,11599.608727049224
00e12e8b_6179,11599.650862943581
00e12e8b_6180,11599.669942807666
00e12e8b_6181,11599.735134732297
00e12e8b_6182,11599.777270626655
00e12e8b_6183,11599.819406521014
00e12e8b_6184,11599.86154241537
00e12e8b_6185,11599.903678309729
00e12e8b_6186,11599.945814204086
00e12e8b_6187,11599.987950098444
00e12e8b_6188,11600.030085992801
00e12e8b_6189,11600.049165856886
00e12e8b_6190,11600.172661614524
00e12e8b_6191,11600.188338768648
00e12e8b_6192,11600.230474663007
00e12e8b_6193,11600.272610557364
00e12e8b_6194,11600.314746451722
00e12e8b_6195,11600.35688234608
00e12e8b_6196,11600.399018240438
00e12e8b_6197,11600.441154134794
00e12e8b_6198,11600.483290029153
00e12e8b_6199,11600.52542592351
00e12e8b_6200,11600.567561817868
00e12e8b_6201,11600.461809528633
00e12e8b_6202,11600.50394542299
00e12e8b_6203,11600.546081317349
00e12e8b_6204,11600.588217211705
00e12e8b_6205,11600.630353106064
00e12e8b_6206,11600.67248900042
00e12e8b_6207,11600.71462489478
00e12e8b_6208,11600.756760789138
00e12e8b_6209,11600.798896683495
00e12e8b_6210,11600.841032577853
00e12e8b_6211,11600.88316847221
00e12e8b_6212,11600.925304366569
00e12e8b_6213,11600.967440260925
00e12e8b_6214,11601.009576155284
00e12e8b_6215,11600.996490492023
00e12e8b_6216,11601.093847944
00e12e8b_6217,11601.215680493631
00e12e8b_6218,11601.257816387988
00e12e8b_6219,11601.299952282347
00e12e8b_6220,11601.342088176703
00e12e8b_6221,11601.384224071062
00e12e8b_6222,11601.548933817958
00e12e8b_6223,11601.580831064855
00e12e8b_6224,11601.389522745345
00e12e8b_6225,11601.66510285357
00e12e8b_6226,11599.649560525273
00e12e8b_6227,11599.69169641963
00e12e8b_6228,11599.733832313988
00e12e8b_6229,11599.165631904634
00e12e8b_6230,11598.974323585126
00e12e8b_6231,11599.24990369335
00e12e8b_6232,11599.292039587708
00e12e8b_6233,11599.717430486948
00e12e8b_6234,11599.52612216744
00e12e8b_6235,11599.801702275665
00e12e8b_6236,11599.843838170022
00e12e8b_6237,11599.88597406438
00e12e8b_6238,11599.69466574487
00e12e8b_6239,11600.017761722236
00e12e8b_6240,11600.012381747452
00e12e8b_6241,11599.868589297084
00e12e8b_6242,11600.26674325785
00e12e8b_6243,11600.254832521347
00e12e8b_6244,11599.952791169611
00e12e8b_6245,11600.386620179203
00e12e8b_6246,11600.302184418288
00e12e8b_6247,11600.201772705223
00e12e8b_6248,11600.517437652315
00e12e8b_6249,11600.032489196086
00e12e8b_6250,11600.470727995718
00e12e8b_6251,11600.512863890077
00e12e8b_6252,11600.15889687916
00e12e8b_6253,11600.597135678792
00e12e8b_6254,11600.247578457915
00e12e8b_6255,11600.681407467508
00e12e8b_6256,11600.249544338427
00e12e8b_6257,11600.765679256223
00e12e8b_6258,11600.456389979681
00e12e8b_6259,11600.767645136735
00e12e8b_6260,11600.540661768398
00e12e8b_6261,11600.85191692545
00e12e8b_6262,11600.146295861801
00e12e8b_6263,11600.188431756158
00e12e8b_6264,11599.182441429813
00e12e8b_6265,11598.343199150342
00e12e8b_6266,11599.266713218529
00e12e8b_6267,11598.917155997651
00e12e8b_6268,11598.834993796307
00e12e8b_6269,11599.463189260978
00e12e8b_6270,11598.796691732483
00e12e8b_6271,11599.424887197154
00e12e8b_6272,11599.003537373737
00e12e8b_6273,11599.710681813018
00e12e8b_6274,11600.338877277687
00e12e8b_6275,11599.129945056811
00e12e8b_6276,11599.95966334863
00e12e8b_6277,11599.879225390448
00e12e8b_6278,11600.50742085512
00e12e8b_6279,11599.987941759242
00e12e8b_6280,11599.567278581335
00e12e8b_6281,11599.415734666121
00e12e8b_6282,11600.267013626886
00e12e8b_6283,11599.401877182376
00e12e8b_6284,11599.444013076734
00e12e8b_6285,11599.486148971093
00e12e8b_6286,11600.44837458713
00e12e8b_6287,11599.570420759808
00e12e8b_6288,11599.612556654165
00e12e8b_6289,11599.654692548524
00e12e8b_6290,11600.012288647958
00e12e8b_6291,11600.054424542317
00e12e8b_6292,11599.781100231596
00e12e8b_6293,11600.936212200173
00e12e8b_6294,11600.058258372852
00e12e8b_6295,11600.100394267209
00e12e8b_6296,11600.096524912544
00e12e8b_6297,11600.184666055924
00e12e8b_6298,11600.18079670126
00e12e8b_6299,11600.26893784464
00e12e8b_6300,11599.72364087767
00e12e8b_6301,11599.765776772027
00e12e8b_6302,11599.807912666385
00e12e8b_6303,11599.850048560744
00e12e8b_6304,11599.743731696311
00e12e8b_6305,11599.78586759067
00e12e8b_6306,11599.828003485027
00e12e8b_6307,11599.604392309073
00e12e8b_6308,11599.64652820343
00e12e8b_6309,11599.688664097788
00e12e8b_6310,11599.730799992147
00e12e8b_6311,11599.772935886504
00e12e8b_6312,11599.815071780862
00e12e8b_6313,11599.857207675219
00e12e8b_6314,11599.899343569577
00e12e8b_6315,11599.941479463934
00e12e8b_6316,11599.551959474504
00e12e8b_6317,11600.02575125265
00e12e8b_6318,11600.067887147008
00e12e8b_6319,11600.110023041367
00e12e8b_6320,11599.872358520684
00e12e8b_6321,11599.914494415043
00e12e8b_6322,11599.9566303094
00e12e8b_6323,11599.16345431411
00e12e8b_6324,11599.637246092256
00e12e8b_6325,11599.679381986614
00e12e8b_6326,11599.721517880971
00e12e8b_6327,11599.886227627869
00e12e8b_6328,11599.660983761485
00e12e8b_6329,11599.271463772053
00e12e8b_6330,11599.86782940274
00e12e8b_6331,11599.787391444557
00e12e8b_6332,11599.829527338916
00e12e8b_6333,11599.821599146358
00e12e8b_6334,11599.863735040717
00e12e8b_6335,11599.171633264175
00e12e8b_6336,11599.948006829432
00e12e8b_6337,11599.990142723791
00e12e8b_6338,11600.032278618148
00e12e8b_6339,11600.074414512506
00e12e8b_6340,11600.116550406863
00e12e8b_6341,11599.424448630323
00e12e8b_6342,11599.981736502219
00e12e8b_6343,11600.023872396578
00e12e8b_6344,11600.066008290934
00e12e8b_6345,11600.108144185293
00e12e8b_6346,11600.150280079652
00e12e8b_6347,11599.580752155649
00e12e8b_6348,11600.234551868367
00e12e8b_6349,11600.276687762724
00e12e8b_6350,11600.318823657082
00e12e8b_6351,11600.367078325853
00e12e8b_6352,11599.674976549313
00e12e8b_6353,11600.45135011457
00e12e8b_6354,11600.493486008927
00e12e8b_6355,11600.535621903286
00e12e8b_6356,11600.577757797642
00e12e8b_6357,11600.619893692001
00e12e8b_6358,11599.92779191546
00e12e8b_6359,11600.704165480716
00e12e8b_6360,11600.746301375073
00e12e8b_6361,11600.788437269432
00e12e8b_6362,11600.83057316379
00e12e8b_6363,11600.872709058147
00e12e8b_6364,11600.180607281607
00e12e8b_6365,11600.956980846862
00e12e8b_6366,11600.99911674122
00e12e8b_6367,11601.041252635578
00e12e8b_6368,11601.083388529936
00e12e8b_6369,11600.391286753395
00e12e8b_6370,11601.167660318652
00e12e8b_6371,11601.20979621301
00e12e8b_6372,11601.374505959906
00e12e8b_6373,11601.294068001725
00e12e8b_6374,11601.336203896082
00e12e8b_6375,11600.651838325597
00e12e8b_6376,11601.428211890852
00e12e8b_6377,11601.47034778521
00e12e8b_6378,11601.51248367957
00e12e8b_6379,11601.554619573926
00e12e8b_6380,11600.862517797386
00e12e8b_6381,11601.638891362642
00e12e8b_6382,11601.80360110954
00e12e8b_6383,11600.076587223622
